,categorical_accuracy,loss,learning_rate
0,0.22097378969192505,2.9021332263946533,0.0010000000474974513
1,0.24719101190567017,2.606504440307617,0.0010000000474974513
2,0.2808988690376282,2.5148940086364746,0.0010000000474974513
3,0.2846441864967346,2.446974754333496,0.0010000000474974513
4,0.3071160912513733,2.4067201614379883,0.0010000000474974513
5,0.31086140871047974,2.374650001525879,0.0010000000474974513
6,0.318352073431015,2.321321487426758,0.0010000000474974513
7,0.31460675597190857,2.2783384323120117,0.0010000000474974513
8,0.31086140871047974,2.255479335784912,0.0010000000474974513
9,0.33707866072654724,2.2429466247558594,0.0010000000474974513
10,0.3333333432674408,2.23991060256958,0.0010000000474974513
11,0.3820224702358246,2.1900951862335205,0.0010000000474974513
12,0.3670412003993988,2.144153356552124,0.0010000000474974513
13,0.352059930562973,2.170128345489502,0.0010000000474974513
14,0.38576778769493103,2.11960506439209,0.0010000000474974513
15,0.39700374007225037,2.10506272315979,0.0010000000474974513
16,0.3895131051540375,2.078578233718872,0.0010000000474974513
17,0.3895131051540375,2.0676560401916504,0.0010000000474974513
18,0.40449437499046326,2.0469090938568115,0.0010000000474974513
19,0.40449437499046326,2.027951240539551,0.0010000000474974513
20,0.449438214302063,1.9906424283981323,0.0010000000474974513
21,0.3895131051540375,2.0239944458007812,0.0010000000474974513
22,0.40449437499046326,2.0000836849212646,0.0010000000474974513
23,0.3932584226131439,1.9895014762878418,0.0010000000474974513
24,0.42696627974510193,1.9609370231628418,0.0010000000474974513
25,0.449438214302063,1.9511467218399048,0.0010000000474974513
26,0.41947564482688904,1.9322834014892578,0.0010000000474974513
27,0.43820226192474365,1.9077740907669067,0.0010000000474974513
28,0.4681648015975952,1.891405701637268,0.0010000000474974513
29,0.43820226192474365,1.8930797576904297,0.0010000000474974513
30,0.449438214302063,1.877241611480713,0.0010000000474974513
31,0.48689138889312744,1.852070689201355,0.0010000000474974513
32,0.449438214302063,1.8519799709320068,0.0010000000474974513
33,0.483146071434021,1.7862918376922607,0.0010000000474974513
34,0.47191011905670166,1.7690118551254272,0.0010000000474974513
35,0.483146071434021,1.7389945983886719,0.0010000000474974513
36,0.483146071434021,1.7789853811264038,0.0010000000474974513
37,0.48689138889312744,1.7498584985733032,0.0010000000474974513
38,0.47940075397491455,1.760615587234497,0.0010000000474974513
39,0.48689138889312744,1.7450908422470093,0.0010000000474974513
40,0.5056179761886597,1.7581844329833984,0.0010000000474974513
41,0.48689138889312744,1.7170522212982178,0.0010000000474974513
42,0.4906367063522339,1.6956385374069214,0.0010000000474974513
43,0.5131086111068726,1.705228567123413,0.0010000000474974513
44,0.49438202381134033,1.7153966426849365,0.0010000000474974513
45,0.5131086111068726,1.6370242834091187,0.0010000000474974513
46,0.4756554365158081,1.6514288187026978,0.0010000000474974513
47,0.5692883729934692,1.608215570449829,0.0010000000474974513
48,0.5205992460250854,1.6079882383346558,0.0010000000474974513
49,0.5543071031570435,1.5742418766021729,0.0010000000474974513
50,0.5393258333206177,1.57288658618927,0.0010000000474974513
51,0.5393258333206177,1.6139857769012451,0.0010000000474974513
52,0.5468164682388306,1.5523067712783813,0.0010000000474974513
53,0.5692883729934692,1.537359356880188,0.0010000000474974513
54,0.5543071031570435,1.532116413116455,0.0010000000474974513
55,0.550561785697937,1.5449179410934448,0.0010000000474974513
56,0.584269642829895,1.5192313194274902,0.0010000000474974513
57,0.584269642829895,1.4666489362716675,0.0010000000474974513
58,0.5318351984024048,1.492864727973938,0.0010000000474974513
59,0.5430711507797241,1.497915267944336,0.0010000000474974513
60,0.516853928565979,1.5681753158569336,0.0010000000474974513
61,0.5617977380752563,1.4713551998138428,0.0010000000474974513
62,0.5917602777481079,1.4646821022033691,0.0010000000474974513
63,0.5992509126663208,1.4199345111846924,0.0010000000474974513
64,0.5880149602890015,1.4233695268630981,0.0010000000474974513
65,0.5617977380752563,1.4421168565750122,0.0010000000474974513
66,0.617977499961853,1.4421076774597168,0.0010000000474974513
67,0.5880149602890015,1.4178338050842285,0.0010000000474974513
68,0.5955055952072144,1.4032871723175049,0.0010000000474974513
69,0.584269642829895,1.3824950456619263,0.0010000000474974513
70,0.6142321825027466,1.3313997983932495,0.0010000000474974513
71,0.6104868650436401,1.3325730562210083,0.0010000000474974513
72,0.6104868650436401,1.3443546295166016,0.0010000000474974513
73,0.5880149602890015,1.356980800628662,0.0010000000474974513
74,0.584269642829895,1.3611592054367065,0.0010000000474974513
75,0.5767790079116821,1.3555777072906494,0.0010000000474974513
76,0.5992509126663208,1.3474136590957642,0.0010000000474974513
77,0.5992509126663208,1.32209050655365,0.0010000000474974513
78,0.617977499961853,1.2752175331115723,0.0010000000474974513
79,0.63670414686203,1.3130260705947876,0.0010000000474974513
80,0.6104868650436401,1.3006689548492432,0.0010000000474974513
81,0.6629213690757751,1.2907310724258423,0.0010000000474974513
82,0.6217228174209595,1.2496798038482666,0.0010000000474974513
83,0.6404494643211365,1.2364875078201294,0.0010000000474974513
84,0.6591760516166687,1.2131599187850952,0.0010000000474974513
85,0.6479400992393494,1.2448538541793823,0.0010000000474974513
86,0.6292135119438171,1.2617135047912598,0.0010000000474974513
87,0.5955055952072144,1.3545626401901245,0.0010000000474974513
88,0.6292135119438171,1.2495192289352417,0.0010000000474974513
89,0.6292135119438171,1.2398804426193237,0.0010000000474974513
90,0.6516854166984558,1.1779407262802124,0.0010000000474974513
91,0.6741573214530945,1.1682758331298828,0.0010000000474974513
92,0.6741573214530945,1.152982234954834,0.0010000000474974513
93,0.6404494643211365,1.1315116882324219,0.0010000000474974513
94,0.670412003993988,1.1529167890548706,0.0010000000474974513
95,0.6554307341575623,1.1059762239456177,0.0010000000474974513
96,0.6479400992393494,1.1340879201889038,0.0010000000474974513
97,0.6554307341575623,1.1478022336959839,0.0010000000474974513
98,0.6928839087486267,1.1067034006118774,0.0010000000474974513
99,0.6629213690757751,1.153022289276123,0.0010000000474974513
100,0.6853932738304138,1.102694034576416,0.0010000000474974513
101,0.670412003993988,1.1006126403808594,0.0010000000474974513
102,0.6891385912895203,1.1071957349777222,0.0010000000474974513
103,0.6779026389122009,1.0687901973724365,0.0010000000474974513
104,0.7078651785850525,1.0643614530563354,0.0010000000474974513
105,0.6666666865348816,1.0679224729537964,0.0010000000474974513
106,0.6816479563713074,1.0161747932434082,0.0010000000474974513
107,0.7078651785850525,1.0048569440841675,0.0010000000474974513
108,0.7078651785850525,1.0178078413009644,0.0010000000474974513
109,0.7078651785850525,1.0040398836135864,0.0010000000474974513
110,0.7528089880943298,0.9538927674293518,0.0010000000474974513
111,0.7415730357170105,0.9226465225219727,0.0010000000474974513
112,0.7191011309623718,0.9845730662345886,0.0010000000474974513
113,0.737827718257904,0.9445749521255493,0.0010000000474974513
114,0.7340824007987976,0.9558126330375671,0.0010000000474974513
115,0.7153558135032654,0.9680327773094177,0.0010000000474974513
116,0.737827718257904,0.9077611565589905,0.0010000000474974513
117,0.7453183531761169,0.96198570728302,0.0010000000474974513
118,0.7116104960441589,0.9796468615531921,0.0010000000474974513
119,0.704119861125946,0.9734931588172913,0.0010000000474974513
120,0.7265917658805847,0.9519528746604919,0.0010000000474974513
121,0.7528089880943298,0.9018544554710388,0.0010000000474974513
122,0.7715355753898621,0.8744848370552063,0.0010000000474974513
123,0.7528089880943298,0.8442400693893433,0.0010000000474974513
124,0.7902621626853943,0.8494619131088257,0.0010000000474974513
125,0.7602996230125427,0.8682935237884521,0.0010000000474974513
126,0.779026210308075,0.8194767832756042,0.0010000000474974513
127,0.7940074801445007,0.7789739370346069,0.0010000000474974513
128,0.8052434325218201,0.8096731305122375,0.0010000000474974513
129,0.7940074801445007,0.8062232732772827,0.0010000000474974513
130,0.7565543055534363,0.8861962556838989,0.0010000000474974513
131,0.8202247023582458,0.8199996948242188,0.0010000000474974513
132,0.8014981150627136,0.7914069294929504,0.0010000000474974513
133,0.7677902579307556,0.7981756925582886,0.0010000000474974513
134,0.7865168452262878,0.8073233366012573,0.0010000000474974513
135,0.7752808928489685,0.8584438562393188,0.0010000000474974513
136,0.7752808928489685,0.8127925992012024,0.0010000000474974513
137,0.779026210308075,0.7883318066596985,0.0010000000474974513
138,0.8164793848991394,0.7797613739967346,0.0010000000474974513
139,0.8202247023582458,0.74795001745224,0.0010000000474974513
140,0.8052434325218201,0.7382914423942566,0.0010000000474974513
141,0.8314606547355652,0.7458884119987488,0.0010000000474974513
142,0.8539325594902039,0.6780629754066467,0.0010000000474974513
143,0.8164793848991394,0.7306874990463257,0.0010000000474974513
144,0.7677902579307556,0.7760351896286011,0.0010000000474974513
145,0.7752808928489685,0.762505829334259,0.0010000000474974513
146,0.7640449404716492,0.7560519576072693,0.0010000000474974513
147,0.7940074801445007,0.7281745076179504,0.0010000000474974513
148,0.8239700198173523,0.7452836632728577,0.0010000000474974513
149,0.8202247023582458,0.7055321335792542,0.0010000000474974513
150,0.8164793848991394,0.688398540019989,0.0010000000474974513
151,0.8426966071128845,0.6799388527870178,0.0010000000474974513
152,0.8501872420310974,0.6076304912567139,0.0010000000474974513
153,0.8164793848991394,0.6622881889343262,0.0010000000474974513
154,0.8239700198173523,0.6410304307937622,0.0010000000474974513
155,0.8277153372764587,0.6668636798858643,0.0010000000474974513
156,0.8539325594902039,0.6328262090682983,0.0010000000474974513
157,0.8576778769493103,0.6289735436439514,0.0010000000474974513
158,0.8614231944084167,0.6016902923583984,0.0010000000474974513
159,0.8389512896537781,0.6458522081375122,0.0010000000474974513
160,0.8277153372764587,0.6784416437149048,0.0010000000474974513
161,0.8576778769493103,0.6506851315498352,0.0010000000474974513
162,0.8202247023582458,0.6532106995582581,0.0010000000474974513
163,0.8426966071128845,0.6435372233390808,0.0010000000474974513
164,0.8576778769493103,0.5823856592178345,0.0010000000474974513
165,0.8576778769493103,0.6017382144927979,0.0010000000474974513
166,0.846441924571991,0.5951659083366394,0.0010000000474974513
167,0.8389512896537781,0.6245374083518982,0.0010000000474974513
168,0.8277153372764587,0.6485505700111389,0.0010000000474974513
169,0.846441924571991,0.6180408596992493,0.0010000000474974513
170,0.8314606547355652,0.6157963275909424,0.0010000000474974513
171,0.8352059721946716,0.5964248776435852,0.0010000000474974513
172,0.8501872420310974,0.5902131199836731,0.0010000000474974513
173,0.8576778769493103,0.5792748332023621,0.0010000000474974513
174,0.8838951587677002,0.5312176942825317,0.0010000000474974513
175,0.8689138293266296,0.531614363193512,0.0010000000474974513
176,0.8876404762268066,0.5360950231552124,0.0010000000474974513
177,0.8426966071128845,0.5750736594200134,0.0010000000474974513
178,0.8576778769493103,0.5639219880104065,0.0010000000474974513
179,0.8801498413085938,0.5376344919204712,0.0010000000474974513
180,0.8838951587677002,0.49644356966018677,0.0010000000474974513
181,0.8801498413085938,0.5191454887390137,0.0010000000474974513
182,0.9138576984405518,0.45739710330963135,0.0010000000474974513
183,0.8838951587677002,0.505768358707428,0.0010000000474974513
184,0.898876428604126,0.4517967998981476,0.0010000000474974513
185,0.8838951587677002,0.520124077796936,0.0010000000474974513
186,0.8426966071128845,0.5617178678512573,0.0010000000474974513
187,0.8876404762268066,0.4912743866443634,0.0010000000474974513
188,0.8913857936859131,0.4559130370616913,0.0010000000474974513
189,0.9063670635223389,0.474526047706604,0.0010000000474974513
190,0.898876428604126,0.4427294433116913,0.0010000000474974513
191,0.8913857936859131,0.4780198335647583,0.0010000000474974513
192,0.8764045238494873,0.507825493812561,0.0010000000474974513
193,0.8913857936859131,0.4983004331588745,0.0010000000474974513
194,0.8726591467857361,0.47809937596321106,0.0010000000474974513
195,0.9026217460632324,0.4469328820705414,0.0010000000474974513
196,0.9063670635223389,0.453235000371933,0.0010000000474974513
197,0.9101123809814453,0.44216349720954895,0.0010000000474974513
198,0.8726591467857361,0.47166597843170166,0.0010000000474974513
199,0.9063670635223389,0.42140358686447144,0.0010000000474974513
200,0.9288389682769775,0.39633336663246155,0.0010000000474974513
201,0.9176030158996582,0.408520370721817,0.0010000000474974513
202,0.9176030158996582,0.3894074559211731,0.0010000000474974513
203,0.8539325594902039,0.5401377081871033,0.0010000000474974513
204,0.9176030158996582,0.4333067536354065,0.0010000000474974513
205,0.9101123809814453,0.44122329354286194,0.0010000000474974513
206,0.8876404762268066,0.4193757474422455,0.0010000000474974513
207,0.9176030158996582,0.3858324885368347,0.0010000000474974513
208,0.9063670635223389,0.45683130621910095,0.0010000000474974513
209,0.9063670635223389,0.4288504421710968,0.0010000000474974513
210,0.8913857936859131,0.45060425996780396,0.0010000000474974513
211,0.8651685118675232,0.5142067670822144,0.0010000000474974513
212,0.9026217460632324,0.43694090843200684,0.0010000000474974513
213,0.932584285736084,0.4066867232322693,0.0010000000474974513
214,0.8951311111450195,0.4287134110927582,0.0010000000474974513
215,0.9250936508178711,0.3607219457626343,0.0010000000474974513
216,0.9063670635223389,0.3857599198818207,0.0010000000474974513
217,0.9213483333587646,0.4004969596862793,0.0010000000474974513
218,0.898876428604126,0.4044089913368225,0.0010000000474974513
219,0.9288389682769775,0.3620264232158661,0.0010000000474974513
220,0.932584285736084,0.36289528012275696,0.0010000000474974513
221,0.898876428604126,0.38168343901634216,0.0010000000474974513
222,0.898876428604126,0.3950120508670807,0.0010000000474974513
223,0.9176030158996582,0.3456381857395172,0.0010000000474974513
224,0.9363296031951904,0.35372090339660645,0.0010000000474974513
225,0.9288389682769775,0.3347982168197632,0.0010000000474974513
226,0.9213483333587646,0.3411863148212433,0.0010000000474974513
227,0.932584285736084,0.35374730825424194,0.0010000000474974513
228,0.9363296031951904,0.3233141303062439,0.0010000000474974513
229,0.932584285736084,0.3521870970726013,0.0010000000474974513
230,0.9475655555725098,0.30033424496650696,0.0010000000474974513
231,0.9475655555725098,0.3144840896129608,0.0010000000474974513
232,0.9400749206542969,0.31571054458618164,0.0010000000474974513
233,0.9288389682769775,0.3420613706111908,0.0010000000474974513
234,0.9138576984405518,0.33894267678260803,0.0010000000474974513
235,0.9213483333587646,0.3427293598651886,0.0010000000474974513
236,0.9213483333587646,0.3315705955028534,0.0010000000474974513
237,0.9475655555725098,0.2968142032623291,0.0010000000474974513
238,0.966292142868042,0.272062748670578,0.0010000000474974513
239,0.9625468254089355,0.26354849338531494,0.0010000000474974513
240,0.9475655555725098,0.28054913878440857,0.0010000000474974513
241,0.9438202381134033,0.2748345136642456,0.0010000000474974513
242,0.9550561904907227,0.26111268997192383,0.0010000000474974513
243,0.9101123809814453,0.3694905638694763,0.0010000000474974513
244,0.9475655555725098,0.3079536259174347,0.0010000000474974513
245,0.9363296031951904,0.32126525044441223,0.0010000000474974513
246,0.932584285736084,0.3502098023891449,0.0010000000474974513
247,0.9363296031951904,0.3088271915912628,0.0010000000474974513
248,0.9363296031951904,0.2814981937408447,0.0010000000474974513
249,0.9588015079498291,0.25178033113479614,0.0010000000474974513
250,0.9475655555725098,0.23617510497570038,0.0010000000474974513
251,0.9438202381134033,0.27839145064353943,0.0010000000474974513
252,0.932584285736084,0.27747929096221924,0.0010000000474974513
253,0.9288389682769775,0.29507023096084595,0.0010000000474974513
254,0.932584285736084,0.3099052906036377,0.0010000000474974513
255,0.9438202381134033,0.29167672991752625,0.0010000000474974513
256,0.9475655555725098,0.2549724578857422,0.0010000000474974513
257,0.966292142868042,0.23372843861579895,0.0010000000474974513
258,0.9475655555725098,0.2692919075489044,0.0010000000474974513
259,0.9625468254089355,0.2507970929145813,0.0010000000474974513
260,0.932584285736084,0.25651368498802185,0.0010000000474974513
261,0.9400749206542969,0.336221307516098,0.0010000000474974513
262,0.9400749206542969,0.3006749153137207,0.0010000000474974513
263,0.9550561904907227,0.26457467675209045,0.0010000000474974513
264,0.9588015079498291,0.2519775927066803,0.0010000000474974513
265,0.932584285736084,0.31535008549690247,0.0010000000474974513
266,0.932584285736084,0.3080367147922516,0.0010000000474974513
267,0.9550561904907227,0.2774941921234131,0.0010000000474974513
268,0.932584285736084,0.3080703020095825,0.0010000000474974513
269,0.9588015079498291,0.2373691201210022,0.0010000000474974513
270,0.9700374603271484,0.1965419501066208,0.0010000000474974513
271,0.9775280952453613,0.2055368274450302,0.0010000000474974513
272,0.966292142868042,0.23225350677967072,0.0010000000474974513
273,0.9513108730316162,0.23369944095611572,0.0010000000474974513
274,0.9625468254089355,0.2672896683216095,0.0010000000474974513
275,0.9363296031951904,0.30173277854919434,0.0010000000474974513
276,0.932584285736084,0.279325395822525,0.0010000000474974513
277,0.9288389682769775,0.2997407913208008,0.0010000000474974513
278,0.9625468254089355,0.24035868048667908,0.0010000000474974513
279,0.9625468254089355,0.22876057028770447,0.0010000000474974513
280,0.966292142868042,0.22859548032283783,0.0010000000474974513
281,0.9400749206542969,0.2516636848449707,0.0010000000474974513
282,0.9400749206542969,0.29812565445899963,0.0010000000474974513
283,0.9400749206542969,0.28381970524787903,0.0010000000474974513
284,0.9475655555725098,0.2589569091796875,0.0010000000474974513
285,0.9550561904907227,0.2650981545448303,0.0010000000474974513
286,0.9026217460632324,0.32383936643600464,0.0010000000474974513
287,0.9438202381134033,0.2601187229156494,0.0010000000474974513
288,0.9400749206542969,0.24072331190109253,0.0010000000474974513
289,0.966292142868042,0.22535686194896698,0.0010000000474974513
290,0.9588015079498291,0.2120855301618576,0.0010000000474974513
291,0.9550561904907227,0.21543939411640167,0.0010000000474974513
292,0.9288389682769775,0.2736838757991791,0.0010000000474974513
293,0.9812734127044678,0.19825094938278198,0.0010000000474974513
294,0.9887640476226807,0.18791697919368744,0.0010000000474974513
295,0.966292142868042,0.19208812713623047,0.0010000000474974513
296,0.9850187301635742,0.1744212955236435,0.0010000000474974513
297,0.9700374603271484,0.18656112253665924,0.0010000000474974513
298,0.9775280952453613,0.18431895971298218,0.0010000000474974513
299,0.9550561904907227,0.1910153478384018,0.0010000000474974513
300,0.9550561904907227,0.2179660052061081,0.0010000000474974513
301,0.9812734127044678,0.19761088490486145,0.0010000000474974513
302,0.9625468254089355,0.18400907516479492,0.0010000000474974513
303,0.9588015079498291,0.22150598466396332,0.0010000000474974513
304,0.9475655555725098,0.26119235157966614,0.0010000000474974513
305,0.9550561904907227,0.2305728644132614,0.0010000000474974513
306,0.9400749206542969,0.22790290415287018,0.0010000000474974513
307,0.9737827777862549,0.20795190334320068,0.0010000000474974513
308,0.9812734127044678,0.16027623414993286,0.0010000000474974513
309,0.9850187301635742,0.1688980609178543,0.0010000000474974513
310,0.9775280952453613,0.14923690259456635,0.0010000000474974513
311,0.9850187301635742,0.13045468926429749,0.0010000000474974513
312,0.9737827777862549,0.16459688544273376,0.0010000000474974513
313,0.966292142868042,0.16678732633590698,0.0010000000474974513
314,0.9812734127044678,0.1444835662841797,0.0010000000474974513
315,0.9737827777862549,0.17685267329216003,0.0010000000474974513
316,0.9775280952453613,0.1650000810623169,0.0010000000474974513
317,0.9887640476226807,0.1267421841621399,0.0010000000474974513
318,0.9775280952453613,0.12989987432956696,0.0010000000474974513
319,0.9887640476226807,0.13069698214530945,0.0010000000474974513
320,0.9737827777862549,0.14948877692222595,0.0010000000474974513
321,0.9887640476226807,0.12089094519615173,0.0010000000474974513
322,0.9775280952453613,0.14977075159549713,0.0010000000474974513
323,0.9588015079498291,0.18190011382102966,0.0010000000474974513
324,0.9775280952453613,0.15402278304100037,0.0010000000474974513
325,0.9775280952453613,0.16908015310764313,0.0010000000474974513
326,0.9625468254089355,0.14564251899719238,0.0010000000474974513
327,0.9850187301635742,0.1334862858057022,0.0010000000474974513
328,0.966292142868042,0.17882633209228516,0.0010000000474974513
329,0.9962546825408936,0.12504830956459045,0.0010000000474974513
330,0.9737827777862549,0.14808720350265503,0.0010000000474974513
331,0.9812734127044678,0.15427277982234955,0.0010000000474974513
332,0.9887640476226807,0.12458116561174393,0.0010000000474974513
333,0.9887640476226807,0.107540063560009,0.0010000000474974513
334,0.9625468254089355,0.16337798535823822,0.0010000000474974513
335,0.9962546825408936,0.11874761432409286,0.0010000000474974513
336,0.9887640476226807,0.11615997552871704,0.0010000000474974513
337,0.9700374603271484,0.1480673998594284,0.0010000000474974513
338,0.9812734127044678,0.16682635247707367,0.0010000000474974513
339,0.9737827777862549,0.14488819241523743,0.0010000000474974513
340,0.966292142868042,0.19998586177825928,0.0010000000474974513
341,0.9700374603271484,0.16181625425815582,0.0010000000474974513
342,0.9475655555725098,0.217237189412117,0.0010000000474974513
343,0.9400749206542969,0.21396012604236603,0.0010000000474974513
344,0.9737827777862549,0.1818624585866928,0.0010000000474974513
345,0.9588015079498291,0.18232522904872894,0.0010000000474974513
346,0.9588015079498291,0.21228525042533875,0.0010000000474974513
347,0.9588015079498291,0.1771906465291977,0.0010000000474974513
348,0.9887640476226807,0.15972769260406494,0.0010000000474974513
349,0.9850187301635742,0.13657040894031525,0.0010000000474974513
350,0.9812734127044678,0.12667302787303925,0.0010000000474974513
351,0.9887640476226807,0.11059243977069855,0.0010000000474974513
352,0.9737827777862549,0.12673324346542358,0.0010000000474974513
353,0.9850187301635742,0.10882848501205444,0.0010000000474974513
354,0.9962546825408936,0.07731179147958755,0.0010000000474974513
355,0.9925093650817871,0.10796694457530975,0.0010000000474974513
356,0.9812734127044678,0.12514103949069977,0.0010000000474974513
357,0.966292142868042,0.1776130348443985,0.0010000000474974513
358,0.9588015079498291,0.18231132626533508,0.0010000000474974513
359,0.9850187301635742,0.1358686238527298,0.0010000000474974513
360,0.9775280952453613,0.1389281004667282,0.0010000000474974513
361,0.9737827777862549,0.1447182595729828,0.0010000000474974513
362,0.9850187301635742,0.13693884015083313,0.0010000000474974513
363,0.966292142868042,0.15966057777404785,0.0010000000474974513
364,0.966292142868042,0.16092714667320251,0.0010000000474974513
365,0.9737827777862549,0.1416795700788498,0.0010000000474974513
366,0.9775280952453613,0.12787501513957977,0.0010000000474974513
367,1.0,0.07330133765935898,0.0010000000474974513
368,0.9962546825408936,0.07690514624118805,0.0010000000474974513
369,0.9962546825408936,0.06973588466644287,0.0010000000474974513
370,1.0,0.07519951462745667,0.0010000000474974513
371,1.0,0.07354230433702469,0.0010000000474974513
372,0.9887640476226807,0.08429015427827835,0.0010000000474974513
373,0.9887640476226807,0.09334202855825424,0.0010000000474974513
374,0.9737827777862549,0.11323928833007812,0.0010000000474974513
375,0.9812734127044678,0.1337934136390686,0.0010000000474974513
376,0.9700374603271484,0.20035320520401,0.0010000000474974513
377,0.9438202381134033,0.2298184335231781,0.0010000000474974513
378,0.932584285736084,0.3399912714958191,0.0010000000474974513
379,0.932584285736084,0.2883068323135376,0.0010000000474974513
380,0.9475655555725098,0.22256240248680115,0.0010000000474974513
381,0.9550561904907227,0.18922191858291626,0.0010000000474974513
382,0.9887640476226807,0.12993113696575165,0.0010000000474974513
383,0.9887640476226807,0.09362531453371048,0.0010000000474974513
384,0.9737827777862549,0.1328553408384323,0.0010000000474974513
385,0.9775280952453613,0.1317257583141327,0.0010000000474974513
386,0.9700374603271484,0.1322876214981079,0.0010000000474974513
387,0.9775280952453613,0.11339771002531052,0.0010000000474974513
388,1.0,0.08787851780653,0.0010000000474974513
389,0.9925093650817871,0.07356631010770798,0.0010000000474974513
390,0.9962546825408936,0.07260644435882568,0.0010000000474974513
391,0.9925093650817871,0.07493574172258377,0.0010000000474974513
392,0.9925093650817871,0.08039427548646927,0.0010000000474974513
393,0.9887640476226807,0.08782472461462021,0.0010000000474974513
394,0.9850187301635742,0.09478042274713516,0.0010000000474974513
395,0.9850187301635742,0.10072948038578033,0.0010000000474974513
396,0.9775280952453613,0.11691120266914368,0.0010000000474974513
397,0.9887640476226807,0.10167356580495834,0.0010000000474974513
398,1.0,0.08758436143398285,0.0010000000474974513
399,0.9925093650817871,0.06314053386449814,0.0010000000474974513
400,0.9962546825408936,0.079067662358284,0.0010000000474974513
401,0.9925093650817871,0.07001537084579468,0.0010000000474974513
402,0.9962546825408936,0.0805436223745346,0.0010000000474974513
403,0.9850187301635742,0.08615589141845703,0.0010000000474974513
404,0.9850187301635742,0.09174364060163498,0.0010000000474974513
405,0.966292142868042,0.1420084685087204,0.0010000000474974513
406,0.9475655555725098,0.20998314023017883,0.0010000000474974513
407,0.9138576984405518,0.25510379672050476,0.0010000000474974513
408,0.9475655555725098,0.2098175436258316,0.0010000000474974513
409,0.9550561904907227,0.18482600152492523,0.0010000000474974513
410,0.966292142868042,0.15197016298770905,0.0010000000474974513
411,0.9775280952453613,0.11990082263946533,0.0010000000474974513
412,0.9775280952453613,0.10975147038698196,0.0010000000474974513
413,0.9850187301635742,0.09753438830375671,0.0010000000474974513
414,0.9925093650817871,0.07992718368768692,0.0010000000474974513
415,0.9925093650817871,0.07617127150297165,0.0010000000474974513
416,0.9850187301635742,0.11118174344301224,0.0010000000474974513
417,0.9850187301635742,0.09209289401769638,0.0010000000474974513
418,0.9887640476226807,0.0924605131149292,0.0010000000474974513
419,0.9775280952453613,0.10771618783473969,0.0010000000474974513
420,0.9737827777862549,0.10654319077730179,0.0010000000474974513
421,0.9925093650817871,0.10333094745874405,0.0010000000474974513
422,0.9775280952453613,0.11946255713701248,0.0010000000474974513
423,0.9737827777862549,0.1169295683503151,0.0010000000474974513
424,0.9737827777862549,0.13573312759399414,0.0010000000474974513
425,0.9812734127044678,0.11107014864683151,0.0010000000474974513
426,0.9700374603271484,0.12078200280666351,0.0010000000474974513
427,0.9887640476226807,0.12046916782855988,0.0010000000474974513
428,0.9700374603271484,0.13717730343341827,0.0010000000474974513
429,0.9850187301635742,0.11752863228321075,0.0010000000474974513
430,0.9925093650817871,0.08512421697378159,0.0010000000474974513
431,0.9925093650817871,0.06731691211462021,0.0010000000474974513
432,0.9962546825408936,0.06086833029985428,0.0010000000474974513
433,0.9887640476226807,0.08533556759357452,0.0010000000474974513
434,0.9812734127044678,0.08596521615982056,0.0010000000474974513
435,0.9925093650817871,0.07844706624746323,0.0010000000474974513
436,0.9925093650817871,0.09582830220460892,0.0010000000474974513
437,0.9850187301635742,0.07340773940086365,0.0010000000474974513
438,0.9925093650817871,0.05861865356564522,0.0010000000474974513
439,1.0,0.04732220247387886,0.0010000000474974513
440,0.9962546825408936,0.06906899809837341,0.0010000000474974513
441,0.9925093650817871,0.05235118046402931,0.0010000000474974513
442,1.0,0.03969522938132286,0.0010000000474974513
443,0.9962546825408936,0.03732943534851074,0.0010000000474974513
444,1.0,0.03499412536621094,0.0010000000474974513
445,1.0,0.04264378920197487,0.0010000000474974513
446,0.9962546825408936,0.0433102622628212,0.0010000000474974513
447,1.0,0.043265532702207565,0.0010000000474974513
448,0.9925093650817871,0.05063046142458916,0.0010000000474974513
449,0.9925093650817871,0.05900261551141739,0.0010000000474974513
450,0.932584285736084,0.22588825225830078,0.0010000000474974513
451,0.9250936508178711,0.2702687382698059,0.0010000000474974513
452,0.9550561904907227,0.24006052315235138,0.0010000000474974513
453,0.9288389682769775,0.23392915725708008,0.0010000000474974513
454,0.966292142868042,0.21864481270313263,0.0010000000474974513
455,0.966292142868042,0.15415620803833008,0.0010000000474974513
456,0.9850187301635742,0.10994033515453339,0.0010000000474974513
457,0.9887640476226807,0.09794548898935318,0.0010000000474974513
458,0.9887640476226807,0.09842460602521896,0.0010000000474974513
459,0.966292142868042,0.10799355804920197,0.0010000000474974513
460,0.9887640476226807,0.08811062574386597,0.0010000000474974513
461,0.9775280952453613,0.09920995682477951,0.0010000000474974513
462,0.9737827777862549,0.09088952839374542,0.0010000000474974513
463,0.9850187301635742,0.09450861811637878,0.0010000000474974513
464,1.0,0.051657408475875854,0.0010000000474974513
465,0.9887640476226807,0.07490210235118866,0.0010000000474974513
466,1.0,0.05127428099513054,0.0010000000474974513
467,0.9925093650817871,0.05089220032095909,0.0010000000474974513
468,0.9962546825408936,0.055454008281230927,0.0010000000474974513
469,0.9925093650817871,0.048329927027225494,0.0010000000474974513
470,0.9925093650817871,0.04521794989705086,0.0010000000474974513
471,0.9925093650817871,0.052651599049568176,0.0010000000474974513
472,0.9925093650817871,0.047458015382289886,0.0010000000474974513
473,0.9962546825408936,0.04873612895607948,0.0010000000474974513
474,1.0,0.0443309061229229,0.0010000000474974513
475,1.0,0.03171733394265175,0.0010000000474974513
476,1.0,0.035371068865060806,0.0010000000474974513
477,0.9887640476226807,0.053700514137744904,0.0010000000474974513
478,0.9887640476226807,0.05623088777065277,0.0010000000474974513
479,0.9850187301635742,0.0736716091632843,0.0010000000474974513
480,0.9550561904907227,0.17162767052650452,0.0010000000474974513
481,0.9625468254089355,0.15360784530639648,0.0010000000474974513
482,0.9700374603271484,0.13743743300437927,0.0010000000474974513
483,0.9588015079498291,0.15948109328746796,0.0010000000474974513
484,0.9775280952453613,0.14390845596790314,0.0010000000474974513
485,0.9588015079498291,0.1308208405971527,0.0010000000474974513
486,0.9775280952453613,0.11426595598459244,0.0010000000474974513
487,0.9887640476226807,0.09399911761283875,0.0010000000474974513
488,0.9737827777862549,0.11567670851945877,0.0010000000474974513
489,0.9700374603271484,0.11438189446926117,0.0010000000474974513
490,0.9887640476226807,0.09120221436023712,0.0010000000474974513
491,0.9887640476226807,0.07250262796878815,0.0010000000474974513
492,0.9887640476226807,0.08630533516407013,0.0010000000474974513
493,0.9812734127044678,0.08025413006544113,0.0010000000474974513
494,0.9962546825408936,0.05931496620178223,0.0010000000474974513
495,0.9925093650817871,0.06837355345487595,0.0010000000474974513
496,0.9737827777862549,0.10717083513736725,0.0010000000474974513
497,0.9812734127044678,0.08438822627067566,0.0010000000474974513
498,0.9812734127044678,0.0872892439365387,0.0010000000474974513
499,0.9887640476226807,0.0638648271560669,0.0010000000474974513
500,1.0,0.0419057197868824,0.0010000000474974513
501,1.0,0.03357859328389168,0.0010000000474974513
502,1.0,0.036050498485565186,0.0010000000474974513
503,1.0,0.03976213559508324,0.0010000000474974513
504,1.0,0.037631336599588394,0.0010000000474974513
505,0.9887640476226807,0.04936951771378517,0.0010000000474974513
506,0.9962546825408936,0.03954388573765755,0.0010000000474974513
507,0.9850187301635742,0.061305392533540726,0.0010000000474974513
508,0.9250936508178711,0.1989821195602417,0.0010000000474974513
509,0.9438202381134033,0.25163453817367554,0.0010000000474974513
510,0.9775280952453613,0.1612275093793869,0.0010000000474974513
511,0.9513108730316162,0.17455928027629852,0.0010000000474974513
512,0.9812734127044678,0.1313348114490509,0.0010000000474974513
513,0.9962546825408936,0.10201497375965118,0.0010000000474974513
514,0.9925093650817871,0.07604870200157166,0.0010000000474974513
515,1.0,0.04856090992689133,0.0010000000474974513
516,1.0,0.04071742668747902,0.0010000000474974513
517,1.0,0.033407267183065414,0.0010000000474974513
518,0.9962546825408936,0.03318065032362938,0.0010000000474974513
519,0.9925093650817871,0.04523872584104538,0.0010000000474974513
520,1.0,0.026655202731490135,0.0010000000474974513
521,0.9962546825408936,0.03417199105024338,0.0010000000474974513
522,0.9925093650817871,0.051027748733758926,0.0010000000474974513
523,1.0,0.05212673917412758,0.0010000000474974513
524,0.9962546825408936,0.04758722335100174,0.0010000000474974513
525,1.0,0.042722467333078384,0.0010000000474974513
526,0.9925093650817871,0.0542440228164196,0.0010000000474974513
527,1.0,0.043068092316389084,0.0010000000474974513
528,0.9962546825408936,0.042985476553440094,0.0010000000474974513
529,1.0,0.038296375423669815,0.0010000000474974513
530,0.9962546825408936,0.03633495792746544,0.0010000000474974513
531,0.9925093650817871,0.05124971270561218,0.0010000000474974513
532,0.9812734127044678,0.06906506419181824,0.0010000000474974513
533,0.9850187301635742,0.07150407880544662,0.0010000000474974513
534,0.9887640476226807,0.08096649497747421,0.0010000000474974513
535,0.9850187301635742,0.09702783823013306,0.0010000000474974513
536,0.9812734127044678,0.09608010202646255,0.0010000000474974513
537,0.9737827777862549,0.12814173102378845,0.0010000000474974513
538,0.9625468254089355,0.14861448109149933,0.0010000000474974513
539,0.9588015079498291,0.17118200659751892,0.0010000000474974513
540,0.9700374603271484,0.13904628157615662,0.0010000000474974513
541,0.9700374603271484,0.1225559338927269,0.0010000000474974513
542,0.9438202381134033,0.18352365493774414,0.0010000000474974513
543,0.9737827777862549,0.119277223944664,0.0010000000474974513
544,0.9887640476226807,0.08857849985361099,0.0010000000474974513
545,0.9812734127044678,0.06837347149848938,0.0010000000474974513
546,0.9850187301635742,0.07173091918230057,0.0010000000474974513
547,0.9962546825408936,0.05421534180641174,0.0010000000474974513
548,0.9925093650817871,0.047044336795806885,0.0010000000474974513
549,0.9962546825408936,0.03784845769405365,0.0010000000474974513
550,0.9962546825408936,0.04042894393205643,0.0010000000474974513
551,1.0,0.026627302169799805,0.0010000000474974513
552,1.0,0.023198634386062622,0.0010000000474974513
553,1.0,0.023902257904410362,0.0010000000474974513
554,1.0,0.024855580180883408,0.0010000000474974513
555,1.0,0.028303299099206924,0.0010000000474974513
556,1.0,0.027574893087148666,0.0010000000474974513
557,1.0,0.02378850057721138,0.0010000000474974513
558,1.0,0.02517755702137947,0.0010000000474974513
559,1.0,0.02975679561495781,0.0010000000474974513
560,1.0,0.025304000824689865,0.0010000000474974513
561,1.0,0.024573395028710365,0.0010000000474974513
562,1.0,0.020777203142642975,0.0010000000474974513
563,0.9962546825408936,0.031234998255968094,0.0010000000474974513
564,0.9887640476226807,0.06486883014440536,0.0010000000474974513
565,0.9962546825408936,0.04381352663040161,0.0010000000474974513
566,1.0,0.039993517100811005,0.0010000000474974513
567,0.9962546825408936,0.03895295783877373,0.0010000000474974513
568,1.0,0.023204360157251358,0.0010000000474974513
569,1.0,0.019203534349799156,0.0010000000474974513
570,1.0,0.01685078628361225,0.0010000000474974513
571,1.0,0.01586971804499626,0.0010000000474974513
572,1.0,0.020004017278552055,0.0010000000474974513
573,1.0,0.019598349928855896,0.0010000000474974513
574,1.0,0.012784364633262157,0.0010000000474974513
575,1.0,0.011463584378361702,0.0010000000474974513
576,1.0,0.014945950359106064,0.0010000000474974513
577,1.0,0.01515180617570877,0.0010000000474974513
578,1.0,0.018143275752663612,0.0010000000474974513
579,1.0,0.016036981716752052,0.0010000000474974513
580,1.0,0.01429261825978756,0.0010000000474974513
581,1.0,0.012306587770581245,0.0010000000474974513
582,1.0,0.011090822517871857,0.0010000000474974513
583,1.0,0.013525348156690598,0.0010000000474974513
584,1.0,0.01623821258544922,0.0010000000474974513
585,0.9962546825408936,0.03258560970425606,0.0010000000474974513
586,0.9887640476226807,0.048934999853372574,0.0010000000474974513
587,0.9775280952453613,0.07082049548625946,0.0010000000474974513
588,0.932584285736084,0.24377870559692383,0.0010000000474974513
589,0.9026217460632324,0.3484209477901459,0.0010000000474974513
590,0.898876428604126,0.352561891078949,0.0010000000474974513
591,0.898876428604126,0.3306138813495636,0.0010000000474974513
592,0.9288389682769775,0.2807363271713257,0.0010000000474974513
593,0.9588015079498291,0.18355858325958252,0.0010000000474974513
594,0.966292142868042,0.14934642612934113,0.0010000000474974513
595,0.9887640476226807,0.08744948357343674,0.0010000000474974513
596,0.9812734127044678,0.10309173166751862,0.0010000000474974513
597,0.9737827777862549,0.13890856504440308,0.0010000000474974513
598,0.9925093650817871,0.0959148108959198,0.0010000000474974513
599,0.9925093650817871,0.06391610950231552,0.0010000000474974513
600,0.9962546825408936,0.06016336381435394,0.0010000000474974513
601,0.9887640476226807,0.06260430067777634,0.0010000000474974513
602,0.9962546825408936,0.046748969703912735,0.0010000000474974513
603,0.9962546825408936,0.03434109315276146,0.0010000000474974513
604,1.0,0.03090580180287361,0.0010000000474974513
605,0.9925093650817871,0.03843852877616882,0.0010000000474974513
606,1.0,0.027986623346805573,0.0010000000474974513
607,1.0,0.03019798919558525,0.0010000000474974513
608,1.0,0.023164771497249603,0.0010000000474974513
609,0.9962546825408936,0.026578601449728012,0.0010000000474974513
610,1.0,0.028522275388240814,0.0010000000474974513
611,1.0,0.020047767087817192,0.0010000000474974513
612,1.0,0.017377225682139397,0.0010000000474974513
613,1.0,0.017888927832245827,0.0010000000474974513
614,1.0,0.02694639377295971,0.0010000000474974513
615,0.9925093650817871,0.03989064320921898,0.0010000000474974513
616,0.9737827777862549,0.0636618509888649,0.0010000000474974513
617,0.9962546825408936,0.045218922197818756,0.0010000000474974513
618,1.0,0.03349537402391434,0.0010000000474974513
619,1.0,0.021481463685631752,0.0010000000474974513
620,0.9962546825408936,0.03470386564731598,0.0010000000474974513
621,1.0,0.03378598019480705,0.0010000000474974513
622,1.0,0.022994443774223328,0.0010000000474974513
623,0.9962546825408936,0.020114008337259293,0.0010000000474974513
624,1.0,0.014860249124467373,0.0010000000474974513
625,1.0,0.01748640276491642,0.0010000000474974513
626,1.0,0.016266092658042908,0.0010000000474974513
627,1.0,0.0163044985383749,0.0010000000474974513
628,0.9962546825408936,0.01821879856288433,0.0010000000474974513
629,1.0,0.024918895214796066,0.0010000000474974513
630,0.9887640476226807,0.08459029346704483,0.0010000000474974513
631,0.9812734127044678,0.07008101791143417,0.0010000000474974513
632,0.9850187301635742,0.05838456004858017,0.0010000000474974513
633,0.9925093650817871,0.06717026233673096,0.0005000000237487257
634,0.9925093650817871,0.04228046536445618,0.0005000000237487257
635,0.9962546825408936,0.029716981574892998,0.0005000000237487257
636,0.9962546825408936,0.033714089542627335,0.0005000000237487257
637,1.0,0.029279835522174835,0.0005000000237487257
638,1.0,0.016794508323073387,0.0005000000237487257
639,1.0,0.0177634097635746,0.0005000000237487257
640,1.0,0.018917875364422798,0.0005000000237487257
641,1.0,0.01785321533679962,0.0005000000237487257
642,1.0,0.016556434333324432,0.0005000000237487257
643,1.0,0.014947381801903248,0.0005000000237487257
644,1.0,0.010804884135723114,0.0005000000237487257
645,1.0,0.011428496800363064,0.0005000000237487257
646,1.0,0.01329797226935625,0.0005000000237487257
647,1.0,0.01161639578640461,0.0005000000237487257
648,1.0,0.012791545130312443,0.0005000000237487257
649,1.0,0.009140914306044579,0.0005000000237487257
650,1.0,0.012289881706237793,0.0005000000237487257
651,1.0,0.009645448066294193,0.0005000000237487257
652,1.0,0.00950135849416256,0.0005000000237487257
653,1.0,0.008101250045001507,0.0005000000237487257
654,1.0,0.010555442422628403,0.0005000000237487257
655,1.0,0.008705588057637215,0.0005000000237487257
656,1.0,0.008505136705935001,0.0005000000237487257
657,1.0,0.009680715389549732,0.0005000000237487257
658,1.0,0.007824200205504894,0.0005000000237487257
659,1.0,0.009664018638432026,0.0005000000237487257
660,1.0,0.008173423819243908,0.0005000000237487257
661,1.0,0.008427899330854416,0.0005000000237487257
662,0.9962546825408936,0.020479759201407433,0.0005000000237487257
663,1.0,0.011138278990983963,0.0005000000237487257
664,1.0,0.012116898782551289,0.0005000000237487257
665,1.0,0.015407249331474304,0.0005000000237487257
666,1.0,0.017441699281334877,0.0005000000237487257
667,1.0,0.01067318394780159,0.0005000000237487257
668,1.0,0.010767363011837006,0.0005000000237487257
669,1.0,0.010365164838731289,0.0005000000237487257
670,1.0,0.011840209364891052,0.0005000000237487257
671,1.0,0.010567229241132736,0.0005000000237487257
672,1.0,0.01078366581350565,0.0005000000237487257
673,1.0,0.01062117237597704,0.0005000000237487257
674,1.0,0.01102402526885271,0.0005000000237487257
675,1.0,0.009881866164505482,0.0005000000237487257
676,1.0,0.008003606460988522,0.0005000000237487257
677,1.0,0.011689508333802223,0.0005000000237487257
678,1.0,0.009152551181614399,0.0005000000237487257
679,1.0,0.008866583928465843,0.0005000000237487257
680,1.0,0.009925302118062973,0.0005000000237487257
681,1.0,0.010190267115831375,0.0005000000237487257
682,0.9962546825408936,0.024694984778761864,0.0005000000237487257
683,1.0,0.012723756954073906,0.0005000000237487257
684,1.0,0.016385307535529137,0.0005000000237487257
685,1.0,0.011186523362994194,0.0005000000237487257
686,1.0,0.00849222857505083,0.0005000000237487257
687,1.0,0.007775755133479834,0.0005000000237487257
688,1.0,0.009257746860384941,0.0005000000237487257
689,1.0,0.009594249539077282,0.0005000000237487257
690,1.0,0.009000791236758232,0.0005000000237487257
691,1.0,0.010359946638345718,0.0005000000237487257
692,1.0,0.0070917061530053616,0.0005000000237487257
693,1.0,0.01015483308583498,0.0005000000237487257
694,1.0,0.011033483780920506,0.0005000000237487257
695,1.0,0.007156815845519304,0.0005000000237487257
696,1.0,0.008600112982094288,0.0005000000237487257
697,1.0,0.006569335237145424,0.0005000000237487257
698,1.0,0.006610933691263199,0.0005000000237487257
699,1.0,0.008661107160151005,0.0005000000237487257
700,1.0,0.017697691917419434,0.0005000000237487257
701,0.9962546825408936,0.023426732048392296,0.0005000000237487257
702,1.0,0.014666333794593811,0.0005000000237487257
703,1.0,0.009187480434775352,0.0005000000237487257
704,1.0,0.014331493526697159,0.0005000000237487257
705,1.0,0.014245407655835152,0.0005000000237487257
706,1.0,0.00967665109783411,0.0005000000237487257
707,1.0,0.009491797536611557,0.0005000000237487257
708,1.0,0.006902567110955715,0.0005000000237487257
709,0.9962546825408936,0.0184561125934124,0.0005000000237487257
710,0.9962546825408936,0.036304350942373276,0.0005000000237487257
711,0.9850187301635742,0.0388207770884037,0.0005000000237487257
712,0.9962546825408936,0.05224822089076042,0.0005000000237487257
713,0.9812734127044678,0.06352129578590393,0.0005000000237487257
714,0.9775280952453613,0.06529105454683304,0.0005000000237487257
715,0.9775280952453613,0.07357987761497498,0.0005000000237487257
716,0.9887640476226807,0.05854557454586029,0.0005000000237487257
717,1.0,0.0319216363132,0.0005000000237487257
718,0.9962546825408936,0.030718239024281502,0.0005000000237487257
719,0.9962546825408936,0.03195428475737572,0.0005000000237487257
720,0.9962546825408936,0.031991589814424515,0.0005000000237487257
721,1.0,0.019138144329190254,0.0005000000237487257
722,0.9962546825408936,0.015752501785755157,0.0005000000237487257
723,1.0,0.010074521414935589,0.0005000000237487257
724,1.0,0.01130075566470623,0.0005000000237487257
725,1.0,0.008984562009572983,0.0005000000237487257
726,1.0,0.010787180624902248,0.0005000000237487257
727,0.9962546825408936,0.033517949283123016,0.0005000000237487257
728,0.9812734127044678,0.0707920491695404,0.0005000000237487257
729,0.9925093650817871,0.04478438198566437,0.0005000000237487257
730,0.9962546825408936,0.03218900412321091,0.0005000000237487257
731,1.0,0.024968404322862625,0.0005000000237487257
732,1.0,0.015978926792740822,0.0005000000237487257
733,1.0,0.014272870495915413,0.0005000000237487257
734,1.0,0.01218766625970602,0.0005000000237487257
735,1.0,0.00936037302017212,0.0005000000237487257
736,1.0,0.008400572463870049,0.0005000000237487257
737,1.0,0.010344864800572395,0.0005000000237487257
738,1.0,0.008340333588421345,0.0005000000237487257
739,1.0,0.009046347811818123,0.0005000000237487257
740,1.0,0.009133131243288517,0.0005000000237487257
741,1.0,0.008768977597355843,0.0005000000237487257
742,1.0,0.010442902334034443,0.0005000000237487257
743,1.0,0.009544326923787594,0.0005000000237487257
744,1.0,0.009453167207539082,0.0005000000237487257
745,0.9962546825408936,0.016238633543252945,0.0005000000237487257
746,1.0,0.012596271000802517,0.0005000000237487257
747,1.0,0.015706388279795647,0.0005000000237487257
748,1.0,0.012074112892150879,0.0002500000118743628
749,1.0,0.008176013827323914,0.0002500000118743628
750,1.0,0.009255962446331978,0.0002500000118743628
751,1.0,0.007964884862303734,0.0002500000118743628
752,1.0,0.00768795982003212,0.0002500000118743628
753,1.0,0.006617112550884485,0.0002500000118743628
754,1.0,0.005609174724668264,0.0002500000118743628
755,1.0,0.005910799838602543,0.0002500000118743628
756,1.0,0.006575628183782101,0.0002500000118743628
757,1.0,0.008219745941460133,0.0002500000118743628
758,0.9925093650817871,0.019931938499212265,0.0002500000118743628
759,1.0,0.014943696558475494,0.0002500000118743628
760,1.0,0.014025861397385597,0.0002500000118743628
761,1.0,0.0099783418700099,0.0002500000118743628
762,1.0,0.006852966267615557,0.0002500000118743628
763,1.0,0.005584627855569124,0.0002500000118743628
764,1.0,0.007511381059885025,0.0002500000118743628
765,1.0,0.006238520611077547,0.0002500000118743628
766,1.0,0.006722773425281048,0.0002500000118743628
767,1.0,0.006628252100199461,0.0002500000118743628
768,1.0,0.006697222124785185,0.0002500000118743628
769,1.0,0.009782712906599045,0.0002500000118743628
770,1.0,0.006395237520337105,0.0002500000118743628
771,1.0,0.006374496500939131,0.0002500000118743628
772,1.0,0.0069855572655797005,0.0002500000118743628
773,1.0,0.006010743789374828,0.0002500000118743628
774,1.0,0.0055193970911204815,0.0002500000118743628
775,1.0,0.004605315160006285,0.0002500000118743628
776,1.0,0.006157166790217161,0.0002500000118743628
777,1.0,0.0076013654470443726,0.0002500000118743628
778,1.0,0.006514040753245354,0.0002500000118743628
779,1.0,0.006086701061576605,0.0002500000118743628
780,1.0,0.006474496331065893,0.0002500000118743628
781,1.0,0.00541809992864728,0.0002500000118743628
782,1.0,0.00961508508771658,0.0002500000118743628
783,1.0,0.006147101987153292,0.0002500000118743628
784,1.0,0.004883734509348869,0.0002500000118743628
785,1.0,0.005778603721410036,0.0002500000118743628
786,1.0,0.005230755545198917,0.0002500000118743628
787,1.0,0.005330866668373346,0.0002500000118743628
788,1.0,0.005576388444751501,0.0002500000118743628
789,1.0,0.004425212275236845,0.0002500000118743628
790,1.0,0.004671276081353426,0.0002500000118743628
791,1.0,0.004769362509250641,0.0002500000118743628
792,1.0,0.008231430314481258,0.0002500000118743628
793,1.0,0.008806395344436169,0.0002500000118743628
794,1.0,0.005123884417116642,0.0002500000118743628
795,1.0,0.006849939934909344,0.0002500000118743628
796,1.0,0.006073031574487686,0.0002500000118743628
797,1.0,0.0060578640550374985,0.0002500000118743628
798,1.0,0.004811999388039112,0.0002500000118743628
799,1.0,0.006835673935711384,0.0002500000118743628
800,1.0,0.006229972001165152,0.0002500000118743628
801,1.0,0.005693528801202774,0.0002500000118743628
802,1.0,0.005993075203150511,0.0002500000118743628
803,1.0,0.006845552008599043,0.0002500000118743628
804,1.0,0.005836687982082367,0.0002500000118743628
805,1.0,0.005198957864195108,0.0002500000118743628
806,1.0,0.00521495146676898,0.0002500000118743628
807,1.0,0.006363364867866039,0.0002500000118743628
808,1.0,0.004471933469176292,0.0002500000118743628
809,1.0,0.006162781734019518,0.0002500000118743628
810,1.0,0.006093277595937252,0.0002500000118743628
811,1.0,0.004341465421020985,0.0002500000118743628
812,1.0,0.005872235633432865,0.0002500000118743628
813,1.0,0.004943646490573883,0.0002500000118743628
814,1.0,0.005069072358310223,0.0002500000118743628
815,1.0,0.0054190210066735744,0.0002500000118743628
816,1.0,0.00603907136246562,0.0002500000118743628
817,1.0,0.005387958604842424,0.0002500000118743628
818,1.0,0.006859311833977699,0.0002500000118743628
819,1.0,0.00895807333290577,0.0002500000118743628
820,1.0,0.008583144284784794,0.0002500000118743628
821,1.0,0.005297837778925896,0.0002500000118743628
822,1.0,0.0064918058924376965,0.0002500000118743628
823,1.0,0.0054959869012236595,0.0002500000118743628
824,1.0,0.00502772955223918,0.0002500000118743628
825,1.0,0.007623229641467333,0.0002500000118743628
826,1.0,0.006813967600464821,0.0002500000118743628
827,1.0,0.009529371745884418,0.0002500000118743628
828,1.0,0.00901455245912075,0.0002500000118743628
829,1.0,0.01192380953580141,0.0002500000118743628
830,1.0,0.005373535677790642,0.0002500000118743628
831,1.0,0.009404166601598263,0.0002500000118743628
832,1.0,0.010439141653478146,0.0002500000118743628
833,1.0,0.006055859848856926,0.0002500000118743628
834,1.0,0.008485243655741215,0.0002500000118743628
835,1.0,0.005765270441770554,0.0002500000118743628
836,1.0,0.005676460452377796,0.0002500000118743628
837,1.0,0.005290671717375517,0.0002500000118743628
838,1.0,0.006761831697076559,0.0002500000118743628
839,1.0,0.007505286484956741,0.0002500000118743628
840,1.0,0.005269031971693039,0.0001250000059371814
841,1.0,0.0064590792171657085,0.0001250000059371814
842,1.0,0.006976089905947447,0.0001250000059371814
843,1.0,0.004940074868500233,0.0001250000059371814
844,1.0,0.005743072368204594,0.0001250000059371814
845,1.0,0.005179807543754578,0.0001250000059371814
846,1.0,0.005378501024097204,0.0001250000059371814
847,1.0,0.005246462766081095,0.0001250000059371814
848,1.0,0.0049891057424247265,0.0001250000059371814
849,1.0,0.005122784059494734,0.0001250000059371814
850,1.0,0.004077402409166098,0.0001250000059371814
851,1.0,0.0037612677551805973,0.0001250000059371814
852,1.0,0.004833389073610306,0.0001250000059371814
853,1.0,0.005198677070438862,0.0001250000059371814
854,1.0,0.00565415620803833,0.0001250000059371814
855,1.0,0.004726280923932791,0.0001250000059371814
856,1.0,0.004576828330755234,0.0001250000059371814
857,1.0,0.005672215484082699,0.0001250000059371814
858,1.0,0.0038067414425313473,0.0001250000059371814
859,1.0,0.0055947029031813145,0.0001250000059371814
860,1.0,0.004494917578995228,0.0001250000059371814
861,1.0,0.004405373707413673,0.0001250000059371814
862,1.0,0.003719842527061701,0.0001250000059371814
863,1.0,0.004968319088220596,0.0001250000059371814
864,1.0,0.004873586818575859,0.0001250000059371814
865,1.0,0.004920391831547022,0.0001250000059371814
866,1.0,0.004124137572944164,0.0001250000059371814
867,1.0,0.0050783767364919186,0.0001250000059371814
868,1.0,0.004964340012520552,0.0001250000059371814
869,1.0,0.0049802265129983425,0.0001250000059371814
870,1.0,0.006208880338817835,0.0001250000059371814
871,1.0,0.005517106037586927,0.0001250000059371814
872,1.0,0.003577955299988389,0.0001250000059371814
873,1.0,0.004470930900424719,0.0001250000059371814
874,1.0,0.004646353889256716,0.0001250000059371814
875,1.0,0.004311800934374332,0.0001250000059371814
876,1.0,0.004093671217560768,0.0001250000059371814
877,1.0,0.004923785105347633,0.0001250000059371814
878,1.0,0.0041142720729112625,0.0001250000059371814
879,1.0,0.004891802556812763,0.0001250000059371814
880,1.0,0.0036929368507117033,0.0001250000059371814
881,1.0,0.00462596258148551,0.0001250000059371814
882,1.0,0.00347727257758379,0.0001250000059371814
883,1.0,0.004478441085666418,0.0001250000059371814
884,1.0,0.005725082475692034,0.0001250000059371814
885,1.0,0.003941351547837257,0.0001250000059371814
886,1.0,0.0037029534578323364,0.0001250000059371814
887,1.0,0.005599146243184805,0.0001250000059371814
888,1.0,0.004233965650200844,0.0001250000059371814
889,1.0,0.005174169782549143,0.0001250000059371814
890,1.0,0.00406587403267622,0.0001250000059371814
891,1.0,0.004504723474383354,0.0001250000059371814
892,1.0,0.004471632186323404,0.0001250000059371814
893,1.0,0.00469234399497509,0.0001250000059371814
894,1.0,0.003828587708994746,0.0001250000059371814
895,1.0,0.0040390752255916595,0.0001250000059371814
896,1.0,0.003350989194586873,0.0001250000059371814
897,1.0,0.0037048915401101112,0.0001250000059371814
898,1.0,0.0035740486346185207,0.0001250000059371814
899,1.0,0.0032882308587431908,0.0001250000059371814
900,1.0,0.005376316606998444,0.0001250000059371814
901,1.0,0.003713575191795826,0.0001250000059371814
902,1.0,0.003467300208285451,0.0001250000059371814
903,1.0,0.005033001769334078,0.0001250000059371814
904,1.0,0.004655033349990845,0.0001250000059371814
905,1.0,0.004042384680360556,0.0001250000059371814
906,1.0,0.004693091847002506,0.0001250000059371814
907,1.0,0.0055337827652692795,0.0001250000059371814
908,1.0,0.005408067721873522,0.0001250000059371814
909,1.0,0.003752191783860326,0.0001250000059371814
910,1.0,0.0038329397793859243,0.0001250000059371814
911,1.0,0.004291631747037172,0.0001250000059371814
912,1.0,0.004493492655456066,0.0001250000059371814
913,1.0,0.0037392282392829657,0.0001250000059371814
914,1.0,0.003772161900997162,0.0001250000059371814
915,0.9925093650817871,0.023626763373613358,0.0001250000059371814
916,0.9925093650817871,0.027427755296230316,0.0001250000059371814
917,1.0,0.010278059169650078,0.0001250000059371814
918,1.0,0.008642619475722313,0.0001250000059371814
919,1.0,0.005204545333981514,0.0001250000059371814
920,1.0,0.005383915733546019,0.0001250000059371814
921,1.0,0.005049433093518019,0.0001250000059371814
922,1.0,0.004472607746720314,0.0001250000059371814
923,1.0,0.006112930830568075,0.0001250000059371814
924,1.0,0.003821528749540448,0.0001250000059371814
925,1.0,0.011009526439011097,0.0001250000059371814
926,1.0,0.007822124287486076,0.0001250000059371814
927,1.0,0.008949525654315948,0.0001250000059371814
928,1.0,0.006123377941548824,0.0001250000059371814
929,1.0,0.006599487271159887,0.0001250000059371814
930,1.0,0.004567617550492287,0.0001250000059371814
931,1.0,0.003835647366940975,0.0001250000059371814
932,1.0,0.005414973944425583,0.0001250000059371814
933,1.0,0.0037213650066405535,0.0001250000059371814
934,1.0,0.0052956100553274155,0.0001250000059371814
935,1.0,0.00495690293610096,0.0001250000059371814
936,1.0,0.004869775380939245,0.0001250000059371814
937,1.0,0.0038787841331213713,0.0001250000059371814
938,1.0,0.005434670951217413,0.0001250000059371814
939,1.0,0.0038812579587101936,0.0001250000059371814
940,1.0,0.003858753712847829,0.0001250000059371814
941,1.0,0.00377712887711823,0.0001250000059371814
942,1.0,0.0037105726078152657,0.0001250000059371814
943,1.0,0.004039590712636709,0.0001250000059371814
944,1.0,0.003250853857025504,0.0001250000059371814
945,1.0,0.005861267913132906,0.0001250000059371814
946,1.0,0.0040471432730555534,0.0001250000059371814
947,1.0,0.0050999498926103115,0.0001250000059371814
948,1.0,0.004337557591497898,0.0001250000059371814
949,1.0,0.004145204089581966,0.0001250000059371814
950,1.0,0.0051347361877560616,0.0001250000059371814
951,1.0,0.004292856901884079,0.0001250000059371814
952,1.0,0.006084302440285683,0.0001250000059371814
953,1.0,0.004180941730737686,0.0001250000059371814
954,1.0,0.004143171478062868,0.0001250000059371814
955,1.0,0.004393061622977257,0.0001250000059371814
956,1.0,0.004033006727695465,0.0001250000059371814
957,1.0,0.005006986670196056,0.0001250000059371814
958,1.0,0.003576284507289529,0.0001250000059371814
959,1.0,0.0027273325249552727,0.0001250000059371814
960,1.0,0.004885972011834383,0.0001250000059371814
961,1.0,0.004289906471967697,0.0001250000059371814
962,1.0,0.00495125399902463,0.0001250000059371814
963,1.0,0.0032671261578798294,0.0001250000059371814
964,1.0,0.004656367469578981,0.0001250000059371814
965,1.0,0.003974562976509333,0.0001250000059371814
966,1.0,0.003988031763583422,0.0001250000059371814
967,1.0,0.003471764037385583,0.0001250000059371814
968,1.0,0.002864447422325611,0.0001250000059371814
969,1.0,0.004425623454153538,0.0001250000059371814
970,1.0,0.0036035957746207714,0.0001250000059371814
971,1.0,0.005068466067314148,0.0001250000059371814
972,1.0,0.0037642261013388634,0.0001250000059371814
973,1.0,0.003875124268233776,0.0001250000059371814
974,1.0,0.003472624346613884,0.0001250000059371814
975,1.0,0.0038012489676475525,0.0001250000059371814
976,1.0,0.0026235664263367653,0.0001250000059371814
977,1.0,0.0031133585143834352,0.0001250000059371814
978,1.0,0.0031537979375571012,0.0001250000059371814
979,1.0,0.003197861835360527,0.0001250000059371814
980,1.0,0.0035826186649501324,0.0001250000059371814
981,1.0,0.0028226326685398817,0.0001250000059371814
982,1.0,0.003672410501167178,0.0001250000059371814
983,1.0,0.003933329600840807,0.0001250000059371814
984,1.0,0.003217729739844799,0.0001250000059371814
985,1.0,0.003621264360845089,0.0001250000059371814
986,1.0,0.004277405329048634,0.0001250000059371814
987,1.0,0.004066953435540199,0.0001250000059371814
988,1.0,0.0027189557440578938,0.0001250000059371814
989,1.0,0.0037059965543448925,0.0001250000059371814
990,1.0,0.0037673935294151306,0.0001250000059371814
991,1.0,0.0032694684341549873,0.0001250000059371814
992,1.0,0.0048370640724897385,0.0001250000059371814
993,1.0,0.0032615528907626867,0.0001250000059371814
994,1.0,0.0033814285416156054,0.0001250000059371814
995,1.0,0.0027411775663495064,0.0001250000059371814
996,1.0,0.005502397660166025,0.0001250000059371814
997,1.0,0.0044817547313869,0.0001250000059371814
998,1.0,0.004569872748106718,0.0001250000059371814
999,1.0,0.005268349777907133,0.0001250000059371814
1000,1.0,0.005738220643252134,0.0001250000059371814
1001,1.0,0.00613291235640645,0.0001250000059371814
1002,1.0,0.005127213429659605,0.0001250000059371814
1003,1.0,0.0032303982879966497,0.0001250000059371814
1004,1.0,0.0033874036744236946,0.0001250000059371814
1005,1.0,0.0034171256702393293,0.0001250000059371814
1006,1.0,0.0028820843435823917,0.0001250000059371814
1007,1.0,0.004982480779290199,0.0001250000059371814
1008,1.0,0.00392424501478672,0.0001250000059371814
1009,1.0,0.0045065018348395824,0.0001250000059371814
1010,1.0,0.0045874714851379395,0.0001250000059371814
1011,1.0,0.004095965530723333,0.0001250000059371814
1012,1.0,0.0036182322073727846,0.0001250000059371814
1013,1.0,0.003664331743493676,0.0001250000059371814
1014,1.0,0.0037060356698930264,0.0001250000059371814
1015,1.0,0.003815149888396263,0.0001250000059371814
1016,1.0,0.0037772066425532103,0.0001250000059371814
1017,1.0,0.0032759627792984247,0.0001250000059371814
1018,1.0,0.004576744046062231,0.0001250000059371814
1019,1.0,0.0035444735549390316,0.0001250000059371814
1020,1.0,0.003452494041994214,0.0001250000059371814
1021,1.0,0.003728072391822934,0.0001250000059371814
1022,1.0,0.0043575577437877655,0.0001250000059371814
1023,1.0,0.003543613478541374,0.0001250000059371814
1024,1.0,0.004771478474140167,0.0001250000059371814
1025,1.0,0.003662190632894635,0.0001250000059371814
1026,1.0,0.004450800362974405,0.0001250000059371814
1027,1.0,0.004487220663577318,9.999999747378752e-05
1028,1.0,0.00352203706279397,9.999999747378752e-05
1029,1.0,0.004548287019133568,9.999999747378752e-05
1030,1.0,0.004681907128542662,9.999999747378752e-05
1031,1.0,0.0034676066134124994,9.999999747378752e-05
1032,1.0,0.003432617289945483,9.999999747378752e-05
1033,1.0,0.002822928363457322,9.999999747378752e-05
1034,1.0,0.0028959279879927635,9.999999747378752e-05
1035,1.0,0.004355787765234709,9.999999747378752e-05
1036,1.0,0.003603450721129775,9.999999747378752e-05
1037,0.9962546825408936,0.00747709022834897,9.999999747378752e-05
1038,0.9962546825408936,0.012131119146943092,9.999999747378752e-05
1039,1.0,0.00502422172576189,9.999999747378752e-05
1040,1.0,0.005930543877184391,9.999999747378752e-05
1041,1.0,0.006535660941153765,9.999999747378752e-05
1042,1.0,0.0034987078979611397,9.999999747378752e-05
1043,1.0,0.005486663896590471,9.999999747378752e-05
1044,1.0,0.004119443241506815,9.999999747378752e-05
1045,1.0,0.00388543214648962,9.999999747378752e-05
1046,1.0,0.003249339060857892,9.999999747378752e-05
1047,1.0,0.006276068743318319,9.999999747378752e-05
1048,1.0,0.0029423008672893047,9.999999747378752e-05
1049,1.0,0.0031968276016414165,9.999999747378752e-05
1050,1.0,0.0025709657929837704,9.999999747378752e-05
1051,1.0,0.002626890316605568,9.999999747378752e-05
1052,1.0,0.004379077814519405,9.999999747378752e-05
1053,1.0,0.003767826594412327,9.999999747378752e-05
1054,1.0,0.0033967196941375732,9.999999747378752e-05
1055,1.0,0.0037426790222525597,9.999999747378752e-05
1056,1.0,0.0031292615458369255,9.999999747378752e-05
1057,1.0,0.002636987715959549,9.999999747378752e-05
1058,1.0,0.002372241811826825,9.999999747378752e-05
1059,1.0,0.004298780113458633,9.999999747378752e-05
1060,1.0,0.00336027261801064,9.999999747378752e-05
1061,1.0,0.003394540399312973,9.999999747378752e-05
1062,1.0,0.0034303064458072186,9.999999747378752e-05
1063,1.0,0.0033056794200092554,9.999999747378752e-05
1064,1.0,0.003198429476469755,9.999999747378752e-05
1065,1.0,0.00269482028670609,9.999999747378752e-05
1066,1.0,0.002824879251420498,9.999999747378752e-05
1067,1.0,0.004193942993879318,9.999999747378752e-05
1068,1.0,0.002675876021385193,9.999999747378752e-05
1069,1.0,0.003735719481483102,9.999999747378752e-05
1070,1.0,0.0031757510732859373,9.999999747378752e-05
1071,1.0,0.0025931482668966055,9.999999747378752e-05
1072,1.0,0.004172977991402149,9.999999747378752e-05
1073,1.0,0.003194794524461031,9.999999747378752e-05
1074,1.0,0.0027061004657298326,9.999999747378752e-05
1075,1.0,0.00268685445189476,9.999999747378752e-05
1076,1.0,0.0035513851325958967,9.999999747378752e-05
1077,1.0,0.005353255197405815,9.999999747378752e-05
1078,1.0,0.003218460362404585,9.999999747378752e-05
1079,1.0,0.005131791811436415,9.999999747378752e-05
1080,1.0,0.004312619566917419,9.999999747378752e-05
1081,1.0,0.0035641202703118324,9.999999747378752e-05
1082,1.0,0.004748960491269827,9.999999747378752e-05
1083,1.0,0.004661672282963991,9.999999747378752e-05
1084,1.0,0.003006962826475501,9.999999747378752e-05
1085,1.0,0.0044003380462527275,9.999999747378752e-05
1086,1.0,0.003054301952943206,9.999999747378752e-05
1087,1.0,0.0036065808963030577,9.999999747378752e-05
1088,1.0,0.0027969731017947197,9.999999747378752e-05
1089,1.0,0.0035794912837445736,9.999999747378752e-05
1090,1.0,0.004243411123752594,9.999999747378752e-05
1091,1.0,0.003219530452042818,9.999999747378752e-05
1092,1.0,0.0038766427896916866,9.999999747378752e-05
1093,1.0,0.0035139613319188356,9.999999747378752e-05
1094,1.0,0.0037801319267600775,9.999999747378752e-05
1095,1.0,0.0031857099384069443,9.999999747378752e-05
1096,1.0,0.005044565536081791,9.999999747378752e-05
1097,1.0,0.0032697762362658978,9.999999747378752e-05
1098,1.0,0.0026140217669308186,9.999999747378752e-05
1099,1.0,0.002812782535329461,9.999999747378752e-05
1100,1.0,0.0023473070468753576,9.999999747378752e-05
1101,1.0,0.0029604986775666475,9.999999747378752e-05
1102,1.0,0.0031049647368490696,9.999999747378752e-05
1103,1.0,0.0028722702991217375,9.999999747378752e-05
1104,1.0,0.002647330518811941,9.999999747378752e-05
1105,1.0,0.0021963734179735184,9.999999747378752e-05
1106,1.0,0.004643552005290985,9.999999747378752e-05
1107,1.0,0.005546106491237879,9.999999747378752e-05
1108,0.9962546825408936,0.020252466201782227,9.999999747378752e-05
1109,0.9962546825408936,0.012719588354229927,9.999999747378752e-05
1110,1.0,0.008537080138921738,9.999999747378752e-05
1111,0.9962546825408936,0.014621282927691936,9.999999747378752e-05
1112,1.0,0.00772476801648736,9.999999747378752e-05
1113,1.0,0.0046112267300486565,9.999999747378752e-05
1114,1.0,0.003496931167319417,9.999999747378752e-05
1115,1.0,0.0031349039636552334,9.999999747378752e-05
1116,1.0,0.0040975697338581085,9.999999747378752e-05
1117,1.0,0.003062119008973241,9.999999747378752e-05
1118,1.0,0.0024029368069022894,9.999999747378752e-05
1119,1.0,0.0033040260896086693,9.999999747378752e-05
1120,1.0,0.0029925256967544556,9.999999747378752e-05
1121,1.0,0.0034712713677436113,9.999999747378752e-05
1122,1.0,0.0028570431750267744,9.999999747378752e-05
1123,1.0,0.0037033052649348974,9.999999747378752e-05
1124,1.0,0.0034901697654277086,9.999999747378752e-05
1125,1.0,0.003873306792229414,9.999999747378752e-05
1126,1.0,0.0032789786346256733,9.999999747378752e-05
1127,1.0,0.003383752191439271,9.999999747378752e-05
1128,1.0,0.0036074379459023476,9.999999747378752e-05
1129,1.0,0.0028594036120921373,9.999999747378752e-05
1130,1.0,0.0024030907079577446,9.999999747378752e-05
1131,1.0,0.0030709421262145042,9.999999747378752e-05
1132,1.0,0.003195111872628331,9.999999747378752e-05
1133,1.0,0.002570095704868436,9.999999747378752e-05
1134,1.0,0.0023474395275115967,9.999999747378752e-05
1135,1.0,0.00542680686339736,9.999999747378752e-05
1136,0.9962546825408936,0.009108712896704674,9.999999747378752e-05
1137,1.0,0.0048884060233831406,9.999999747378752e-05
1138,1.0,0.008489259518682957,9.999999747378752e-05
1139,0.9962546825408936,0.009174464270472527,9.999999747378752e-05
1140,1.0,0.0066522229462862015,9.999999747378752e-05
1141,1.0,0.004830656107515097,9.999999747378752e-05
1142,1.0,0.003408070420846343,9.999999747378752e-05
1143,1.0,0.002939573721960187,9.999999747378752e-05
1144,1.0,0.003992885816842318,9.999999747378752e-05
1145,1.0,0.0022962361108511686,9.999999747378752e-05
1146,1.0,0.003602549433708191,9.999999747378752e-05
1147,1.0,0.0028096791356801987,9.999999747378752e-05
1148,1.0,0.00365970260463655,9.999999747378752e-05
1149,1.0,0.0034379661083221436,9.999999747378752e-05
1150,1.0,0.0038539881352335215,9.999999747378752e-05
1151,1.0,0.005956101696938276,9.999999747378752e-05
1152,1.0,0.003948718775063753,9.999999747378752e-05
1153,1.0,0.006178242154419422,9.999999747378752e-05
1154,1.0,0.003606729907914996,9.999999747378752e-05
1155,1.0,0.0031612063758075237,9.999999747378752e-05
1156,1.0,0.004147976171225309,9.999999747378752e-05
1157,1.0,0.0029221444856375456,9.999999747378752e-05
1158,1.0,0.0038668501656502485,9.999999747378752e-05
1159,1.0,0.0044064694084227085,9.999999747378752e-05
1160,1.0,0.0034244738053530455,9.999999747378752e-05
1161,1.0,0.002462392672896385,9.999999747378752e-05
1162,1.0,0.006752551533281803,9.999999747378752e-05
1163,1.0,0.008032359182834625,9.999999747378752e-05
1164,1.0,0.005021398887038231,9.999999747378752e-05
1165,1.0,0.0034109638072550297,9.999999747378752e-05
1166,1.0,0.0036644176580011845,9.999999747378752e-05
1167,1.0,0.005247021093964577,9.999999747378752e-05
1168,1.0,0.003403120208531618,9.999999747378752e-05
1169,1.0,0.0040329028852283955,9.999999747378752e-05
1170,1.0,0.002797830617055297,9.999999747378752e-05
1171,1.0,0.0031311162747442722,9.999999747378752e-05
1172,1.0,0.0028290951158851385,9.999999747378752e-05
1173,1.0,0.003387707518413663,9.999999747378752e-05
1174,1.0,0.0020360322669148445,9.999999747378752e-05
1175,1.0,0.002345624379813671,9.999999747378752e-05
1176,1.0,0.002803716342896223,9.999999747378752e-05
1177,1.0,0.004225758370012045,9.999999747378752e-05
1178,1.0,0.0031461624894291162,9.999999747378752e-05
1179,1.0,0.0034167265985161066,9.999999747378752e-05
1180,1.0,0.003166774520650506,9.999999747378752e-05
1181,1.0,0.0026771165430545807,9.999999747378752e-05
1182,1.0,0.0025759823620319366,9.999999747378752e-05
1183,1.0,0.0028571791481226683,9.999999747378752e-05
1184,1.0,0.0023506046272814274,9.999999747378752e-05
1185,1.0,0.002760109258815646,9.999999747378752e-05
1186,1.0,0.0023468113504350185,9.999999747378752e-05
1187,1.0,0.0027827757876366377,9.999999747378752e-05
1188,1.0,0.0031280014663934708,9.999999747378752e-05
1189,1.0,0.0027140427846461535,9.999999747378752e-05
1190,1.0,0.002300507389008999,9.999999747378752e-05
1191,1.0,0.0021043189335614443,9.999999747378752e-05
1192,1.0,0.002358777914196253,9.999999747378752e-05
1193,1.0,0.0018680664943531156,9.999999747378752e-05
1194,1.0,0.002444484271109104,9.999999747378752e-05
1195,1.0,0.0027519853319972754,9.999999747378752e-05
1196,1.0,0.002199141774326563,9.999999747378752e-05
1197,1.0,0.0022873019333928823,9.999999747378752e-05
1198,1.0,0.003012260654941201,9.999999747378752e-05
1199,1.0,0.003026528051123023,9.999999747378752e-05
1200,1.0,0.0027430804912000895,9.999999747378752e-05
1201,1.0,0.0032185602467507124,9.999999747378752e-05
1202,1.0,0.0025446326471865177,9.999999747378752e-05
1203,1.0,0.002298328559845686,9.999999747378752e-05
1204,1.0,0.0022328689228743315,9.999999747378752e-05
1205,1.0,0.00255102152004838,9.999999747378752e-05
1206,1.0,0.003761983010917902,9.999999747378752e-05
1207,1.0,0.002500062808394432,9.999999747378752e-05
1208,1.0,0.0031482090707868338,9.999999747378752e-05
1209,1.0,0.002982516074553132,9.999999747378752e-05
1210,1.0,0.0030096895061433315,9.999999747378752e-05
1211,1.0,0.0025219449307769537,9.999999747378752e-05
1212,1.0,0.0023244384210556746,9.999999747378752e-05
1213,1.0,0.0019987700507044792,9.999999747378752e-05
1214,1.0,0.0019041569903492928,9.999999747378752e-05
1215,1.0,0.0021922800224274397,9.999999747378752e-05
1216,1.0,0.002923296531662345,9.999999747378752e-05
1217,1.0,0.0028189343865960836,9.999999747378752e-05
1218,1.0,0.002064675325527787,9.999999747378752e-05
1219,1.0,0.0020289584062993526,9.999999747378752e-05
1220,1.0,0.002783453091979027,9.999999747378752e-05
1221,1.0,0.0023584822192788124,9.999999747378752e-05
1222,1.0,0.004746430553495884,9.999999747378752e-05
1223,0.9962546825408936,0.031708478927612305,9.999999747378752e-05
1224,0.9962546825408936,0.014202959835529327,9.999999747378752e-05
1225,1.0,0.005691626574844122,9.999999747378752e-05
1226,1.0,0.005127430893480778,9.999999747378752e-05
1227,1.0,0.0029747008811682463,9.999999747378752e-05
1228,1.0,0.004820879083126783,9.999999747378752e-05
1229,1.0,0.0030360049568116665,9.999999747378752e-05
1230,1.0,0.005758947227150202,9.999999747378752e-05
1231,1.0,0.0035502472892403603,9.999999747378752e-05
1232,1.0,0.004096703138202429,9.999999747378752e-05
1233,1.0,0.0032967820297926664,9.999999747378752e-05
1234,1.0,0.0031333721708506346,9.999999747378752e-05
1235,1.0,0.0026366752572357655,9.999999747378752e-05
1236,1.0,0.003217218443751335,9.999999747378752e-05
1237,1.0,0.003095447551459074,9.999999747378752e-05
1238,1.0,0.002491296734660864,9.999999747378752e-05
1239,1.0,0.0029131060000509024,9.999999747378752e-05
1240,1.0,0.002564452588558197,9.999999747378752e-05
1241,1.0,0.002467720303684473,9.999999747378752e-05
1242,1.0,0.0022717441897839308,9.999999747378752e-05
1243,1.0,0.00260503520257771,9.999999747378752e-05
1244,1.0,0.0030606065411120653,9.999999747378752e-05
1245,1.0,0.0035409333650022745,9.999999747378752e-05
1246,1.0,0.0027686425019055605,9.999999747378752e-05
1247,1.0,0.002300373977050185,9.999999747378752e-05
1248,1.0,0.0034093731082975864,9.999999747378752e-05
1249,1.0,0.0025421848986297846,9.999999747378752e-05
1250,1.0,0.0023648410569876432,9.999999747378752e-05
1251,1.0,0.002029301133006811,9.999999747378752e-05
1252,1.0,0.0026491659227758646,9.999999747378752e-05
1253,1.0,0.002830399665981531,9.999999747378752e-05
1254,1.0,0.002481277333572507,9.999999747378752e-05
1255,1.0,0.0032097450457513332,9.999999747378752e-05
1256,1.0,0.004132798407226801,9.999999747378752e-05
1257,1.0,0.0027591558173298836,9.999999747378752e-05
1258,1.0,0.0021643717773258686,9.999999747378752e-05
1259,1.0,0.002573990263044834,9.999999747378752e-05
1260,1.0,0.0030235659796744585,9.999999747378752e-05
1261,1.0,0.0018496635602787137,9.999999747378752e-05
1262,1.0,0.0020787238609045744,9.999999747378752e-05
1263,1.0,0.002520405687391758,9.999999747378752e-05
1264,1.0,0.0017924527637660503,9.999999747378752e-05
1265,1.0,0.0028789881616830826,9.999999747378752e-05
1266,1.0,0.0023338268510997295,9.999999747378752e-05
1267,1.0,0.0028965475503355265,9.999999747378752e-05
1268,1.0,0.0017969351029023528,9.999999747378752e-05
1269,1.0,0.002751933177933097,9.999999747378752e-05
1270,1.0,0.0026415789034217596,9.999999747378752e-05
1271,1.0,0.003220960032194853,9.999999747378752e-05
1272,1.0,0.001995120430365205,9.999999747378752e-05
1273,1.0,0.002607921836897731,9.999999747378752e-05
1274,1.0,0.0036240150220692158,9.999999747378752e-05
1275,1.0,0.0033138967119157314,9.999999747378752e-05
1276,1.0,0.002662994898855686,9.999999747378752e-05
1277,1.0,0.0030811026226729155,9.999999747378752e-05
1278,1.0,0.002768035512417555,9.999999747378752e-05
1279,1.0,0.0027066583279520273,9.999999747378752e-05
1280,1.0,0.003996687009930611,9.999999747378752e-05
1281,1.0,0.001970522338524461,9.999999747378752e-05
1282,1.0,0.0025057827588170767,9.999999747378752e-05
1283,1.0,0.0020272601395845413,9.999999747378752e-05
1284,1.0,0.0042209322564303875,9.999999747378752e-05
1285,1.0,0.0026760695036500692,9.999999747378752e-05
1286,1.0,0.0023544279392808676,9.999999747378752e-05
1287,1.0,0.003748004324734211,9.999999747378752e-05
1288,1.0,0.00368071673437953,9.999999747378752e-05
1289,1.0,0.0021700968500226736,9.999999747378752e-05
1290,1.0,0.0028816163539886475,9.999999747378752e-05
1291,1.0,0.0032351170666515827,9.999999747378752e-05
1292,1.0,0.0023444152902811766,9.999999747378752e-05
1293,1.0,0.002984560327604413,9.999999747378752e-05
1294,1.0,0.002751832129433751,9.999999747378752e-05
1295,1.0,0.0022307944018393755,9.999999747378752e-05
1296,1.0,0.0028525888919830322,9.999999747378752e-05
1297,1.0,0.0020942785777151585,9.999999747378752e-05
1298,1.0,0.0020748786628246307,9.999999747378752e-05
1299,1.0,0.0018443834269419312,9.999999747378752e-05
1300,1.0,0.002601068699732423,9.999999747378752e-05
1301,1.0,0.0017203626921400428,9.999999747378752e-05
1302,1.0,0.0021086791530251503,9.999999747378752e-05
1303,1.0,0.003092573257163167,9.999999747378752e-05
1304,1.0,0.004558732733130455,9.999999747378752e-05
1305,1.0,0.002561830449849367,9.999999747378752e-05
1306,1.0,0.0024727904237806797,9.999999747378752e-05
1307,1.0,0.003653261112049222,9.999999747378752e-05
1308,1.0,0.003072677180171013,9.999999747378752e-05
1309,1.0,0.004689954686909914,9.999999747378752e-05
1310,1.0,0.0033906246535480022,9.999999747378752e-05
1311,1.0,0.003535961965098977,9.999999747378752e-05
1312,1.0,0.0020762798376381397,9.999999747378752e-05
1313,1.0,0.002482564188539982,9.999999747378752e-05
1314,1.0,0.00297415885142982,9.999999747378752e-05
1315,1.0,0.0029262076131999493,9.999999747378752e-05
1316,1.0,0.0022532441653311253,9.999999747378752e-05
1317,1.0,0.0028583609964698553,9.999999747378752e-05
1318,1.0,0.0015809711767360568,9.999999747378752e-05
1319,1.0,0.0026191584765911102,9.999999747378752e-05
1320,1.0,0.0021211854182183743,9.999999747378752e-05
1321,1.0,0.002576082944869995,9.999999747378752e-05
1322,1.0,0.0021072831004858017,9.999999747378752e-05
1323,1.0,0.002022459637373686,9.999999747378752e-05
1324,1.0,0.0016909688711166382,9.999999747378752e-05
1325,1.0,0.001546815736219287,9.999999747378752e-05
1326,1.0,0.00200141710229218,9.999999747378752e-05
1327,1.0,0.0019464106298983097,9.999999747378752e-05
1328,1.0,0.0018628507386893034,9.999999747378752e-05
1329,1.0,0.0027943430468440056,9.999999747378752e-05
1330,1.0,0.0019887748640030622,9.999999747378752e-05
1331,1.0,0.0029747565276920795,9.999999747378752e-05
1332,1.0,0.002199173206463456,9.999999747378752e-05
1333,1.0,0.00212790141813457,9.999999747378752e-05
1334,1.0,0.0022456548176705837,9.999999747378752e-05
1335,1.0,0.0016819374868646264,9.999999747378752e-05
1336,1.0,0.0017438865033909678,9.999999747378752e-05
1337,1.0,0.0021773194894194603,9.999999747378752e-05
1338,1.0,0.0020263029728084803,9.999999747378752e-05
1339,1.0,0.0018164445646107197,9.999999747378752e-05
1340,1.0,0.0024911463260650635,9.999999747378752e-05
1341,1.0,0.0031872906256467104,9.999999747378752e-05
1342,1.0,0.0025035578291863203,9.999999747378752e-05
1343,1.0,0.0019627597648650408,9.999999747378752e-05
1344,1.0,0.0025542445946484804,9.999999747378752e-05
1345,1.0,0.003084716387093067,9.999999747378752e-05
1346,1.0,0.002287247683852911,9.999999747378752e-05
1347,1.0,0.0016879566246643662,9.999999747378752e-05
1348,1.0,0.0016626780852675438,9.999999747378752e-05
1349,1.0,0.002106358762830496,9.999999747378752e-05
1350,1.0,0.0017036341596394777,9.999999747378752e-05
1351,1.0,0.002216557739302516,9.999999747378752e-05
1352,1.0,0.002515347208827734,9.999999747378752e-05
1353,1.0,0.0018843334401026368,9.999999747378752e-05
1354,1.0,0.0026387330144643784,9.999999747378752e-05
1355,1.0,0.0040481905452907085,9.999999747378752e-05
1356,1.0,0.0028403482865542173,9.999999747378752e-05
1357,1.0,0.003209815826267004,9.999999747378752e-05
1358,1.0,0.0024818761739879847,9.999999747378752e-05
1359,1.0,0.001895759254693985,9.999999747378752e-05
1360,1.0,0.0036477060057222843,9.999999747378752e-05
1361,1.0,0.0036778717767447233,9.999999747378752e-05
1362,1.0,0.004236272536218166,9.999999747378752e-05
1363,1.0,0.002475021407008171,9.999999747378752e-05
1364,1.0,0.002583631779998541,9.999999747378752e-05
1365,1.0,0.002802380593493581,9.999999747378752e-05
1366,1.0,0.0025803896132856607,9.999999747378752e-05
1367,1.0,0.002332190750166774,9.999999747378752e-05
1368,1.0,0.0018785473657771945,9.999999747378752e-05
1369,1.0,0.0027762160170823336,9.999999747378752e-05
1370,1.0,0.0019690804183483124,9.999999747378752e-05
1371,1.0,0.0016807899810373783,9.999999747378752e-05
1372,1.0,0.002263167640194297,9.999999747378752e-05
1373,1.0,0.0028005815111100674,9.999999747378752e-05
1374,1.0,0.00215078704059124,9.999999747378752e-05
1375,1.0,0.002729781437665224,9.999999747378752e-05
1376,1.0,0.0024315123446285725,9.999999747378752e-05
1377,1.0,0.002229909412562847,9.999999747378752e-05
1378,1.0,0.0027445689775049686,9.999999747378752e-05
1379,1.0,0.002298677107319236,9.999999747378752e-05
1380,1.0,0.0023266375064849854,9.999999747378752e-05
1381,1.0,0.0019483016803860664,9.999999747378752e-05
1382,1.0,0.0020002250093966722,9.999999747378752e-05
1383,1.0,0.0023303355555981398,9.999999747378752e-05
1384,1.0,0.0017032013274729252,9.999999747378752e-05
1385,1.0,0.002257257467135787,9.999999747378752e-05
1386,1.0,0.0019012303091585636,9.999999747378752e-05
1387,1.0,0.0018722271779552102,9.999999747378752e-05
1388,1.0,0.0018856717506423593,9.999999747378752e-05
1389,1.0,0.0034855681005865335,9.999999747378752e-05
1390,1.0,0.0029763972852379084,9.999999747378752e-05
1391,1.0,0.0022299494594335556,9.999999747378752e-05
1392,1.0,0.001869318773970008,9.999999747378752e-05
1393,1.0,0.0013691311469301581,9.999999747378752e-05
1394,1.0,0.002650848124176264,9.999999747378752e-05
1395,1.0,0.0021656507160514593,9.999999747378752e-05
1396,1.0,0.002148766303434968,9.999999747378752e-05
1397,1.0,0.001864472753368318,9.999999747378752e-05
1398,1.0,0.0021124493796378374,9.999999747378752e-05
1399,1.0,0.0033971183001995087,9.999999747378752e-05
1400,1.0,0.0025870022363960743,9.999999747378752e-05
1401,1.0,0.0013940987410023808,9.999999747378752e-05
1402,1.0,0.0022375001572072506,9.999999747378752e-05
1403,1.0,0.002592593664303422,9.999999747378752e-05
1404,1.0,0.0024030248168855906,9.999999747378752e-05
1405,1.0,0.0054129622876644135,9.999999747378752e-05
1406,1.0,0.0062984866090118885,9.999999747378752e-05
1407,1.0,0.0073460363782942295,9.999999747378752e-05
1408,1.0,0.004793087486177683,9.999999747378752e-05
1409,1.0,0.003382357070222497,9.999999747378752e-05
1410,1.0,0.0029204851016402245,9.999999747378752e-05
1411,1.0,0.0016821693861857057,9.999999747378752e-05
1412,1.0,0.002440321259200573,9.999999747378752e-05
1413,1.0,0.003196439240127802,9.999999747378752e-05
1414,1.0,0.002384218852967024,9.999999747378752e-05
1415,1.0,0.002083510160446167,9.999999747378752e-05
1416,1.0,0.0025910334661602974,9.999999747378752e-05
1417,1.0,0.002433203160762787,9.999999747378752e-05
1418,1.0,0.0034502067137509584,9.999999747378752e-05
1419,1.0,0.003829509485512972,9.999999747378752e-05
1420,1.0,0.0024408071767538786,9.999999747378752e-05
1421,1.0,0.001876422087661922,9.999999747378752e-05
1422,1.0,0.0031541758216917515,9.999999747378752e-05
1423,1.0,0.002923032036051154,9.999999747378752e-05
1424,1.0,0.0023944287095218897,9.999999747378752e-05
1425,1.0,0.0025445339269936085,9.999999747378752e-05
1426,1.0,0.0031971419230103493,9.999999747378752e-05
1427,0.9962546825408936,0.005597819574177265,9.999999747378752e-05
1428,1.0,0.012347456999123096,9.999999747378752e-05
1429,1.0,0.008292404003441334,9.999999747378752e-05
1430,1.0,0.006682763807475567,9.999999747378752e-05
1431,1.0,0.007500430569052696,9.999999747378752e-05
1432,1.0,0.008244531229138374,9.999999747378752e-05
1433,1.0,0.004439877346158028,9.999999747378752e-05
1434,1.0,0.004083068575710058,9.999999747378752e-05
1435,1.0,0.004977043718099594,9.999999747378752e-05
1436,1.0,0.003111723344773054,9.999999747378752e-05
1437,1.0,0.0023741836193948984,9.999999747378752e-05
1438,1.0,0.002899316605180502,9.999999747378752e-05
1439,1.0,0.002157575683668256,9.999999747378752e-05
1440,1.0,0.0027719661593437195,9.999999747378752e-05
1441,1.0,0.0024993037804961205,9.999999747378752e-05
1442,1.0,0.0018391257617622614,9.999999747378752e-05
1443,1.0,0.0013412012485787272,9.999999747378752e-05
1444,1.0,0.0023865490220487118,9.999999747378752e-05
1445,1.0,0.003292568027973175,9.999999747378752e-05
1446,1.0,0.003000295255333185,9.999999747378752e-05
1447,1.0,0.0020747084636241198,9.999999747378752e-05
1448,1.0,0.0020879318471997976,9.999999747378752e-05
1449,1.0,0.0013919174671173096,9.999999747378752e-05
1450,1.0,0.0020335321314632893,9.999999747378752e-05
1451,1.0,0.0022989532444626093,9.999999747378752e-05
1452,1.0,0.0021597007289528847,9.999999747378752e-05
1453,1.0,0.0021439960692077875,9.999999747378752e-05
1454,1.0,0.002222724724560976,9.999999747378752e-05
1455,1.0,0.0016328917117789388,9.999999747378752e-05
1456,1.0,0.001869447878561914,9.999999747378752e-05
1457,1.0,0.0013902249047532678,9.999999747378752e-05
1458,1.0,0.0016704562585800886,9.999999747378752e-05
1459,1.0,0.0014421790838241577,9.999999747378752e-05
1460,1.0,0.002001989632844925,9.999999747378752e-05
1461,1.0,0.0021671971771866083,9.999999747378752e-05
1462,1.0,0.0015287965070456266,9.999999747378752e-05
1463,1.0,0.001349249854683876,9.999999747378752e-05
1464,1.0,0.0016237632371485233,9.999999747378752e-05
1465,1.0,0.0016447158996015787,9.999999747378752e-05
1466,1.0,0.0027399081736803055,9.999999747378752e-05
1467,1.0,0.0020700169261544943,9.999999747378752e-05
1468,1.0,0.0016144274268299341,9.999999747378752e-05
1469,1.0,0.001743468688800931,9.999999747378752e-05
1470,1.0,0.0018759486265480518,9.999999747378752e-05
1471,1.0,0.001586244790814817,9.999999747378752e-05
1472,1.0,0.0020349633414298296,9.999999747378752e-05
1473,1.0,0.0026052193716168404,9.999999747378752e-05
1474,1.0,0.004853263963013887,9.999999747378752e-05
1475,1.0,0.0018992195837199688,9.999999747378752e-05
1476,1.0,0.0019798604771494865,9.999999747378752e-05
1477,1.0,0.0019865776412189007,9.999999747378752e-05
1478,1.0,0.0019150481093674898,9.999999747378752e-05
1479,1.0,0.001957452157512307,9.999999747378752e-05
1480,1.0,0.0023754092399030924,9.999999747378752e-05
1481,1.0,0.0019760422874242067,9.999999747378752e-05
1482,1.0,0.0019771552179008722,9.999999747378752e-05
1483,1.0,0.0016277921386063099,9.999999747378752e-05
1484,1.0,0.0014203531900420785,9.999999747378752e-05
1485,1.0,0.0014652654062956572,9.999999747378752e-05
1486,1.0,0.0012886238982900977,9.999999747378752e-05
1487,1.0,0.0025604611728340387,9.999999747378752e-05
1488,1.0,0.0016010336112231016,9.999999747378752e-05
1489,1.0,0.0017256615683436394,9.999999747378752e-05
1490,1.0,0.0016066513489931822,9.999999747378752e-05
1491,1.0,0.0024550596717745066,9.999999747378752e-05
1492,1.0,0.0024952234234660864,9.999999747378752e-05
1493,1.0,0.0014041465474292636,9.999999747378752e-05
1494,1.0,0.002324059372767806,9.999999747378752e-05
1495,1.0,0.0015699234791100025,9.999999747378752e-05
1496,1.0,0.0018572869012132287,9.999999747378752e-05
1497,1.0,0.0015097063733264804,9.999999747378752e-05
1498,1.0,0.003439485328271985,9.999999747378752e-05
1499,1.0,0.0016352632082998753,9.999999747378752e-05
1500,1.0,0.0023188649211078882,9.999999747378752e-05
1501,1.0,0.0019041129853576422,9.999999747378752e-05
1502,1.0,0.002074908697977662,9.999999747378752e-05
1503,1.0,0.0017773701110854745,9.999999747378752e-05
1504,1.0,0.0014268123777583241,9.999999747378752e-05
1505,1.0,0.0012732540490105748,9.999999747378752e-05
1506,1.0,0.0018049244536086917,9.999999747378752e-05
1507,1.0,0.0019429638050496578,9.999999747378752e-05
1508,1.0,0.00185865955427289,9.999999747378752e-05
1509,1.0,0.0021485304459929466,9.999999747378752e-05
1510,1.0,0.0015977933071553707,9.999999747378752e-05
1511,1.0,0.0015967042418196797,9.999999747378752e-05
1512,1.0,0.0015275556361302733,9.999999747378752e-05
1513,1.0,0.0015154521679505706,9.999999747378752e-05
1514,1.0,0.001660531503148377,9.999999747378752e-05
1515,1.0,0.0014019031077623367,9.999999747378752e-05
1516,1.0,0.0014474058989435434,9.999999747378752e-05
1517,1.0,0.001501438207924366,9.999999747378752e-05
1518,1.0,0.001576125156134367,9.999999747378752e-05
1519,1.0,0.0022285846062004566,9.999999747378752e-05
1520,1.0,0.0039589074440300465,9.999999747378752e-05
1521,1.0,0.0021544492337852716,9.999999747378752e-05
1522,1.0,0.0016074010636657476,9.999999747378752e-05
1523,1.0,0.001348437275737524,9.999999747378752e-05
1524,1.0,0.002123256679624319,9.999999747378752e-05
1525,1.0,0.0017330494010820985,9.999999747378752e-05
1526,1.0,0.001418225816451013,9.999999747378752e-05
1527,1.0,0.0012626806274056435,9.999999747378752e-05
1528,1.0,0.002123196143656969,9.999999747378752e-05
1529,1.0,0.0014481652760878205,9.999999747378752e-05
1530,1.0,0.0014741630293428898,9.999999747378752e-05
1531,1.0,0.0018336119828745723,9.999999747378752e-05
1532,1.0,0.0014797247713431716,9.999999747378752e-05
1533,1.0,0.00125071220099926,9.999999747378752e-05
1534,1.0,0.0028935561422258615,9.999999747378752e-05
1535,1.0,0.002264200011268258,9.999999747378752e-05
1536,1.0,0.001389191602356732,9.999999747378752e-05
1537,1.0,0.0018567944644019008,9.999999747378752e-05
1538,1.0,0.0014008510624989867,9.999999747378752e-05
1539,1.0,0.0015854069497436285,9.999999747378752e-05
1540,1.0,0.0015499740839004517,9.999999747378752e-05
1541,1.0,0.001702187117189169,9.999999747378752e-05
1542,1.0,0.001625643577426672,9.999999747378752e-05
1543,1.0,0.0015817011008039117,9.999999747378752e-05
1544,1.0,0.0020420949440449476,9.999999747378752e-05
1545,1.0,0.0018752565374597907,9.999999747378752e-05
1546,1.0,0.0014269731473177671,9.999999747378752e-05
1547,1.0,0.0016864566132426262,9.999999747378752e-05
1548,1.0,0.0013596960343420506,9.999999747378752e-05
1549,1.0,0.0020221765153110027,9.999999747378752e-05
1550,1.0,0.0014842534437775612,9.999999747378752e-05
1551,1.0,0.0014458342920988798,9.999999747378752e-05
1552,1.0,0.0015400927513837814,9.999999747378752e-05
1553,1.0,0.0017981326673179865,9.999999747378752e-05
1554,1.0,0.0021364830899983644,9.999999747378752e-05
1555,1.0,0.0013102671364322305,9.999999747378752e-05
1556,1.0,0.0015438260743394494,9.999999747378752e-05
1557,1.0,0.0018452805234119296,9.999999747378752e-05
1558,1.0,0.0014904310228303075,9.999999747378752e-05
1559,1.0,0.001497267046943307,9.999999747378752e-05
1560,1.0,0.0013203058624640107,9.999999747378752e-05
1561,1.0,0.001522320439107716,9.999999747378752e-05
1562,1.0,0.0012919207802042365,9.999999747378752e-05
1563,1.0,0.0011960917618125677,9.999999747378752e-05
1564,1.0,0.0015065633924677968,9.999999747378752e-05
1565,1.0,0.001525308471173048,9.999999747378752e-05
1566,1.0,0.003323571989312768,9.999999747378752e-05
1567,1.0,0.002488780301064253,9.999999747378752e-05
1568,1.0,0.002421609591692686,9.999999747378752e-05
1569,1.0,0.002511624712496996,9.999999747378752e-05
1570,1.0,0.00219015427865088,9.999999747378752e-05
1571,1.0,0.0020431573502719402,9.999999747378752e-05
1572,1.0,0.003051986452192068,9.999999747378752e-05
1573,1.0,0.0052719744853675365,9.999999747378752e-05
1574,1.0,0.004161416087299585,9.999999747378752e-05
1575,0.9925093650817871,0.020519232377409935,9.999999747378752e-05
1576,1.0,0.00988110713660717,9.999999747378752e-05
1577,0.9962546825408936,0.017216501757502556,9.999999747378752e-05
1578,1.0,0.009767675772309303,9.999999747378752e-05
1579,1.0,0.0044998652301728725,9.999999747378752e-05
1580,1.0,0.0029625201132148504,9.999999747378752e-05
1581,1.0,0.00393376499414444,9.999999747378752e-05
1582,1.0,0.0022447335068136454,9.999999747378752e-05
1583,1.0,0.0018622535280883312,9.999999747378752e-05
1584,1.0,0.0026325916405767202,9.999999747378752e-05
1585,1.0,0.0024523050524294376,9.999999747378752e-05
1586,1.0,0.0022549324203282595,9.999999747378752e-05
1587,1.0,0.0021424537990242243,9.999999747378752e-05
1588,1.0,0.001847625127993524,9.999999747378752e-05
1589,1.0,0.0018923465395346284,9.999999747378752e-05
1590,1.0,0.003362826304510236,9.999999747378752e-05
1591,1.0,0.002013380639255047,9.999999747378752e-05
1592,1.0,0.0017136012902483344,9.999999747378752e-05
1593,1.0,0.002765790093690157,9.999999747378752e-05
1594,1.0,0.002769134007394314,9.999999747378752e-05
1595,1.0,0.0017924649873748422,9.999999747378752e-05
1596,1.0,0.0013888890389353037,9.999999747378752e-05
1597,1.0,0.001293420442380011,9.999999747378752e-05
1598,1.0,0.0016727856127545238,9.999999747378752e-05
1599,1.0,0.0022092703729867935,9.999999747378752e-05
1600,1.0,0.001777074416168034,9.999999747378752e-05
1601,1.0,0.001738847466185689,9.999999747378752e-05
1602,1.0,0.0017128227045759559,9.999999747378752e-05
1603,1.0,0.0016736683901399374,9.999999747378752e-05
1604,1.0,0.001280616968870163,9.999999747378752e-05
1605,1.0,0.0014256277354434133,9.999999747378752e-05
1606,1.0,0.0016981768421828747,9.999999747378752e-05
1607,1.0,0.001396046718582511,9.999999747378752e-05
1608,1.0,0.0017401515506207943,9.999999747378752e-05
1609,1.0,0.001310688559897244,9.999999747378752e-05
1610,1.0,0.0013065962120890617,9.999999747378752e-05
1611,1.0,0.001601721509359777,9.999999747378752e-05
1612,1.0,0.0015542729524895549,9.999999747378752e-05
1613,1.0,0.001595347304828465,9.999999747378752e-05
1614,1.0,0.0024381314869970083,9.999999747378752e-05
1615,1.0,0.0024165648501366377,9.999999747378752e-05
1616,1.0,0.001786557724699378,9.999999747378752e-05
1617,1.0,0.001174541306681931,9.999999747378752e-05
1618,1.0,0.0014258470619097352,9.999999747378752e-05
1619,1.0,0.0014953396748751402,9.999999747378752e-05
1620,1.0,0.0016821782337501645,9.999999747378752e-05
1621,1.0,0.0015344092389568686,9.999999747378752e-05
1622,1.0,0.0017623592866584659,9.999999747378752e-05
1623,1.0,0.0012751218164339662,9.999999747378752e-05
1624,1.0,0.0013329663779586554,9.999999747378752e-05
1625,1.0,0.0021010010968893766,9.999999747378752e-05
1626,1.0,0.0011648036306723952,9.999999747378752e-05
1627,1.0,0.0017274818383157253,9.999999747378752e-05
1628,1.0,0.0013969013234600425,9.999999747378752e-05
1629,1.0,0.0014781078789383173,9.999999747378752e-05
1630,1.0,0.0019881969783455133,9.999999747378752e-05
1631,1.0,0.001026060781441629,9.999999747378752e-05
1632,1.0,0.0014879133086651564,9.999999747378752e-05
1633,1.0,0.0014825612306594849,9.999999747378752e-05
1634,1.0,0.0027976487763226032,9.999999747378752e-05
1635,1.0,0.003362364834174514,9.999999747378752e-05
1636,1.0,0.003682610346004367,9.999999747378752e-05
1637,1.0,0.0031561206560581923,9.999999747378752e-05
1638,1.0,0.001971812918782234,9.999999747378752e-05
1639,1.0,0.0016107367118820548,9.999999747378752e-05
1640,1.0,0.002947824075818062,9.999999747378752e-05
1641,1.0,0.0015187682583928108,9.999999747378752e-05
1642,1.0,0.0017477193614467978,9.999999747378752e-05
1643,1.0,0.0015960760647431016,9.999999747378752e-05
1644,1.0,0.001468470087274909,9.999999747378752e-05
1645,1.0,0.001995399361476302,9.999999747378752e-05
1646,1.0,0.0039776093326509,9.999999747378752e-05
1647,1.0,0.007733257487416267,9.999999747378752e-05
1648,1.0,0.003056417452171445,9.999999747378752e-05
1649,1.0,0.004071224946528673,9.999999747378752e-05
1650,1.0,0.002239738591015339,9.999999747378752e-05
1651,1.0,0.002272572834044695,9.999999747378752e-05
1652,1.0,0.00183780281804502,9.999999747378752e-05
1653,1.0,0.0020801664795726538,9.999999747378752e-05
1654,1.0,0.0018563445191830397,9.999999747378752e-05
1655,1.0,0.0015841914573684335,9.999999747378752e-05
1656,1.0,0.001530736917629838,9.999999747378752e-05
1657,1.0,0.0016194134950637817,9.999999747378752e-05
1658,1.0,0.0013603284023702145,9.999999747378752e-05
1659,1.0,0.002228454453870654,9.999999747378752e-05
1660,1.0,0.001417288789525628,9.999999747378752e-05
1661,1.0,0.001346561941318214,9.999999747378752e-05
1662,1.0,0.0013997574569657445,9.999999747378752e-05
1663,1.0,0.0013883603969588876,9.999999747378752e-05
1664,1.0,0.0016673965146765113,9.999999747378752e-05
1665,1.0,0.0018622163916006684,9.999999747378752e-05
1666,1.0,0.0010702915024012327,9.999999747378752e-05
1667,1.0,0.0013388243969529867,9.999999747378752e-05
1668,1.0,0.0032782708294689655,9.999999747378752e-05
1669,1.0,0.002205597935244441,9.999999747378752e-05
1670,1.0,0.0014047377044335008,9.999999747378752e-05
1671,1.0,0.0013169185258448124,9.999999747378752e-05
1672,1.0,0.0011073664063587785,9.999999747378752e-05
1673,1.0,0.0012753488263115287,9.999999747378752e-05
1674,1.0,0.001908499631099403,9.999999747378752e-05
1675,1.0,0.0016029278049245477,9.999999747378752e-05
1676,1.0,0.0012796450173482299,9.999999747378752e-05
1677,1.0,0.0012536427238956094,9.999999747378752e-05
1678,1.0,0.0016969460994005203,9.999999747378752e-05
1679,1.0,0.0010720419231802225,9.999999747378752e-05
1680,1.0,0.0021781285759061575,9.999999747378752e-05
1681,1.0,0.0018494605319574475,9.999999747378752e-05
1682,1.0,0.001192467869259417,9.999999747378752e-05
1683,1.0,0.00144582602661103,9.999999747378752e-05
1684,1.0,0.001557817799039185,9.999999747378752e-05
1685,1.0,0.0014004058903083205,9.999999747378752e-05
1686,1.0,0.0010839469032362103,9.999999747378752e-05
1687,1.0,0.0014335950836539268,9.999999747378752e-05
1688,1.0,0.0014752239221706986,9.999999747378752e-05
1689,1.0,0.0012648458359763026,9.999999747378752e-05
1690,1.0,0.0023564044386148453,9.999999747378752e-05
1691,1.0,0.0013037326280027628,9.999999747378752e-05
1692,1.0,0.0013895821757614613,9.999999747378752e-05
1693,1.0,0.001617524423636496,9.999999747378752e-05
1694,1.0,0.0013148224679753184,9.999999747378752e-05
1695,1.0,0.00164478225633502,9.999999747378752e-05
1696,1.0,0.0014073076890781522,9.999999747378752e-05
1697,1.0,0.0012755678035318851,9.999999747378752e-05
1698,1.0,0.0014636908890679479,9.999999747378752e-05
1699,1.0,0.0012185624800622463,9.999999747378752e-05
1700,1.0,0.0010702308500185609,9.999999747378752e-05
1701,1.0,0.0011559417471289635,9.999999747378752e-05
1702,1.0,0.0012623254442587495,9.999999747378752e-05
1703,1.0,0.001338356756605208,9.999999747378752e-05
1704,1.0,0.0013128609862178564,9.999999747378752e-05
1705,1.0,0.0013297682162374258,9.999999747378752e-05
1706,1.0,0.0015541944885626435,9.999999747378752e-05
1707,1.0,0.0018078486900776625,9.999999747378752e-05
1708,1.0,0.0014146543107926846,9.999999747378752e-05
1709,1.0,0.0013483488000929356,9.999999747378752e-05
1710,1.0,0.0015653871232643723,9.999999747378752e-05
1711,1.0,0.001427968847565353,9.999999747378752e-05
1712,1.0,0.0012458959827199578,9.999999747378752e-05
1713,1.0,0.0015892306109890342,9.999999747378752e-05
1714,1.0,0.0013296869583427906,9.999999747378752e-05
1715,1.0,0.0012878922279924154,9.999999747378752e-05
1716,1.0,0.0012240627547726035,9.999999747378752e-05
1717,1.0,0.001318391878157854,9.999999747378752e-05
1718,1.0,0.0016500692581757903,9.999999747378752e-05
1719,1.0,0.0015805300790816545,9.999999747378752e-05
1720,1.0,0.001440835534594953,9.999999747378752e-05
1721,1.0,0.0012339160311967134,9.999999747378752e-05
1722,1.0,0.0014606709592044353,9.999999747378752e-05
1723,1.0,0.0017431055894121528,9.999999747378752e-05
1724,1.0,0.0021165867801755667,9.999999747378752e-05
1725,1.0,0.002699616365134716,9.999999747378752e-05
1726,0.9962546825408936,0.015036829747259617,9.999999747378752e-05
1727,1.0,0.0082699628546834,9.999999747378752e-05
1728,1.0,0.0036577540449798107,9.999999747378752e-05
1729,1.0,0.0024076332338154316,9.999999747378752e-05
1730,1.0,0.003083950374275446,9.999999747378752e-05
1731,1.0,0.002443227218464017,9.999999747378752e-05
1732,1.0,0.0017925348365679383,9.999999747378752e-05
1733,1.0,0.0014053008053451777,9.999999747378752e-05
1734,1.0,0.0012104830238968134,9.999999747378752e-05
1735,1.0,0.0016772645758464932,9.999999747378752e-05
1736,1.0,0.0019682191777974367,9.999999747378752e-05
1737,1.0,0.001220049220137298,9.999999747378752e-05
1738,1.0,0.0016683018766343594,9.999999747378752e-05
1739,1.0,0.0022868295200169086,9.999999747378752e-05
1740,1.0,0.0012708530994132161,9.999999747378752e-05
1741,1.0,0.0011456039501354098,9.999999747378752e-05
1742,1.0,0.0021783453412353992,9.999999747378752e-05
1743,1.0,0.001400726498104632,9.999999747378752e-05
1744,1.0,0.0020841096993535757,9.999999747378752e-05
1745,1.0,0.001365034026093781,9.999999747378752e-05
1746,1.0,0.0022399234585464,9.999999747378752e-05
1747,1.0,0.0016561852535232902,9.999999747378752e-05
1748,1.0,0.001255852752365172,9.999999747378752e-05
1749,1.0,0.001514739589765668,9.999999747378752e-05
1750,1.0,0.001414781203493476,9.999999747378752e-05
1751,1.0,0.0012423337902873755,9.999999747378752e-05
1752,1.0,0.0017831772565841675,9.999999747378752e-05
1753,1.0,0.0014536746311932802,9.999999747378752e-05
1754,1.0,0.0016095982864499092,9.999999747378752e-05
1755,1.0,0.002304304391145706,9.999999747378752e-05
1756,1.0,0.0015329858288168907,9.999999747378752e-05
1757,1.0,0.0009436276741325855,9.999999747378752e-05
1758,1.0,0.0008695869473740458,9.999999747378752e-05
1759,1.0,0.001617657020688057,9.999999747378752e-05
1760,1.0,0.0009638775372877717,9.999999747378752e-05
1761,1.0,0.0012507516657933593,9.999999747378752e-05
1762,1.0,0.0009674025932326913,9.999999747378752e-05
1763,1.0,0.001193852978758514,9.999999747378752e-05
1764,1.0,0.0009576763259246945,9.999999747378752e-05
1765,1.0,0.0027435822412371635,9.999999747378752e-05
1766,1.0,0.003843162441626191,9.999999747378752e-05
1767,1.0,0.002748238854110241,9.999999747378752e-05
1768,1.0,0.0031444397754967213,9.999999747378752e-05
1769,1.0,0.0012841315474361181,9.999999747378752e-05
1770,1.0,0.0016192024340853095,9.999999747378752e-05
1771,1.0,0.0015924692852422595,9.999999747378752e-05
1772,1.0,0.0012814969522878528,9.999999747378752e-05
1773,1.0,0.0009171469719149172,9.999999747378752e-05
1774,1.0,0.0010621754918247461,9.999999747378752e-05
1775,1.0,0.0011620395816862583,9.999999747378752e-05
1776,1.0,0.0012870971113443375,9.999999747378752e-05
1777,1.0,0.002241262001916766,9.999999747378752e-05
1778,1.0,0.0011810502037405968,9.999999747378752e-05
1779,1.0,0.0009240819490514696,9.999999747378752e-05
1780,1.0,0.0011374070309102535,9.999999747378752e-05
1781,1.0,0.0016177041688933969,9.999999747378752e-05
1782,1.0,0.000826724455691874,9.999999747378752e-05
1783,1.0,0.0013670664047822356,9.999999747378752e-05
1784,1.0,0.0009925527265295386,9.999999747378752e-05
1785,1.0,0.001455441233702004,9.999999747378752e-05
1786,0.9962546825408936,0.00798738468438387,9.999999747378752e-05
1787,0.9887640476226807,0.023027312010526657,9.999999747378752e-05
1788,0.9925093650817871,0.025945285335183144,9.999999747378752e-05
1789,1.0,0.005887296050786972,9.999999747378752e-05
1790,1.0,0.0033726633992046118,9.999999747378752e-05
1791,1.0,0.003936268389225006,9.999999747378752e-05
1792,1.0,0.0033835603389889,9.999999747378752e-05
1793,1.0,0.003618458518758416,9.999999747378752e-05
1794,1.0,0.002263553673401475,9.999999747378752e-05
1795,1.0,0.003783878404647112,9.999999747378752e-05
1796,1.0,0.002110408851876855,9.999999747378752e-05
1797,1.0,0.0017548439791426063,9.999999747378752e-05
1798,1.0,0.0024264734238386154,9.999999747378752e-05
1799,1.0,0.001829968299716711,9.999999747378752e-05
1800,1.0,0.0019777787383645773,9.999999747378752e-05
1801,1.0,0.0014930354664102197,9.999999747378752e-05
1802,1.0,0.002598523162305355,9.999999747378752e-05
1803,1.0,0.0012764593120664358,9.999999747378752e-05
1804,1.0,0.0013033419381827116,9.999999747378752e-05
1805,1.0,0.0021850785706192255,9.999999747378752e-05
1806,1.0,0.002729833824560046,9.999999747378752e-05
1807,1.0,0.00209637638181448,9.999999747378752e-05
1808,1.0,0.0016535887261852622,9.999999747378752e-05
1809,1.0,0.0016932382714003325,9.999999747378752e-05
1810,1.0,0.0014265248319134116,9.999999747378752e-05
1811,1.0,0.0010599045781418681,9.999999747378752e-05
1812,1.0,0.0013969149440526962,9.999999747378752e-05
1813,1.0,0.0013584126718342304,9.999999747378752e-05
1814,1.0,0.001163194072432816,9.999999747378752e-05
1815,1.0,0.0016212700866162777,9.999999747378752e-05
1816,1.0,0.0013115358306095004,9.999999747378752e-05
1817,1.0,0.0012458127457648516,9.999999747378752e-05
1818,1.0,0.0013846009969711304,9.999999747378752e-05
1819,1.0,0.0017311042174696922,9.999999747378752e-05
1820,1.0,0.0012817741371691227,9.999999747378752e-05
1821,1.0,0.0012523895129561424,9.999999747378752e-05
1822,1.0,0.0011086183367297053,9.999999747378752e-05
1823,1.0,0.0011282771592959762,9.999999747378752e-05
1824,1.0,0.0011220341548323631,9.999999747378752e-05
1825,1.0,0.0013690226478502154,9.999999747378752e-05
1826,1.0,0.0011090299813076854,9.999999747378752e-05
1827,1.0,0.00136489886790514,9.999999747378752e-05
1828,1.0,0.0023142127320170403,9.999999747378752e-05
1829,1.0,0.0013660519616678357,9.999999747378752e-05
1830,1.0,0.0017513515194877982,9.999999747378752e-05
1831,1.0,0.0012732204049825668,9.999999747378752e-05
1832,1.0,0.0010250037303194404,9.999999747378752e-05
1833,1.0,0.0012236943002790213,9.999999747378752e-05
1834,1.0,0.0011149202473461628,9.999999747378752e-05
1835,1.0,0.0013103397795930505,9.999999747378752e-05
1836,1.0,0.0010511742439121008,9.999999747378752e-05
1837,1.0,0.001115132705308497,9.999999747378752e-05
1838,1.0,0.0019801838789135218,9.999999747378752e-05
1839,1.0,0.0022752999793738127,9.999999747378752e-05
1840,1.0,0.001902469783090055,9.999999747378752e-05
1841,0.9925093650817871,0.00952841341495514,9.999999747378752e-05
1842,0.9925093650817871,0.030270233750343323,9.999999747378752e-05
1843,0.9962546825408936,0.019236499443650246,9.999999747378752e-05
1844,1.0,0.005827952641993761,9.999999747378752e-05
1845,1.0,0.004138326272368431,9.999999747378752e-05
1846,1.0,0.00558922765776515,9.999999747378752e-05
1847,1.0,0.0023067041765898466,9.999999747378752e-05
1848,1.0,0.001980777131393552,9.999999747378752e-05
1849,1.0,0.0020699745509773493,9.999999747378752e-05
1850,1.0,0.0016916885506361723,9.999999747378752e-05
1851,1.0,0.0017573859076946974,9.999999747378752e-05
1852,1.0,0.002223953604698181,9.999999747378752e-05
1853,1.0,0.0017158820992335677,9.999999747378752e-05
1854,1.0,0.0014062547124922276,9.999999747378752e-05
1855,1.0,0.0016442131018266082,9.999999747378752e-05
1856,1.0,0.0013465270167216659,9.999999747378752e-05
1857,1.0,0.001446921844035387,9.999999747378752e-05
1858,1.0,0.0016323914751410484,9.999999747378752e-05
1859,1.0,0.0018075552070513368,9.999999747378752e-05
1860,1.0,0.001905972370877862,9.999999747378752e-05
1861,1.0,0.001195196877233684,9.999999747378752e-05
1862,1.0,0.001520520425401628,9.999999747378752e-05
1863,1.0,0.0011146365432068706,9.999999747378752e-05
1864,1.0,0.0022564667742699385,9.999999747378752e-05
1865,1.0,0.0012185282539576292,9.999999747378752e-05
1866,1.0,0.002959371078759432,9.999999747378752e-05
1867,1.0,0.0012854705564677715,9.999999747378752e-05
1868,1.0,0.00275621865876019,9.999999747378752e-05
1869,1.0,0.0015864575980231166,9.999999747378752e-05
1870,1.0,0.0011419164948165417,9.999999747378752e-05
1871,1.0,0.0013150438899174333,9.999999747378752e-05
1872,1.0,0.0018039458664134145,9.999999747378752e-05
1873,1.0,0.0016984996618703008,9.999999747378752e-05
1874,1.0,0.0012985863722860813,9.999999747378752e-05
1875,1.0,0.00095656345365569,9.999999747378752e-05
1876,1.0,0.0022660684771835804,9.999999747378752e-05
1877,1.0,0.001128517440520227,9.999999747378752e-05
1878,1.0,0.0012877767439931631,9.999999747378752e-05
1879,1.0,0.0016600998351350427,9.999999747378752e-05
1880,1.0,0.0011663829209282994,9.999999747378752e-05
1881,1.0,0.0009578288882039487,9.999999747378752e-05
1882,1.0,0.0014969737967476249,9.999999747378752e-05
1883,1.0,0.0009046685881912708,9.999999747378752e-05
1884,1.0,0.0011614757822826505,9.999999747378752e-05
1885,1.0,0.00113919738214463,9.999999747378752e-05
1886,1.0,0.0014804905513301492,9.999999747378752e-05
1887,1.0,0.0011363656958565116,9.999999747378752e-05
1888,1.0,0.0011017806828022003,9.999999747378752e-05
1889,1.0,0.001406479743309319,9.999999747378752e-05
1890,1.0,0.001478724880144,9.999999747378752e-05
1891,1.0,0.0019780551083385944,9.999999747378752e-05
1892,1.0,0.0011272997362539172,9.999999747378752e-05
1893,1.0,0.0014121999265626073,9.999999747378752e-05
1894,1.0,0.0012295515043660998,9.999999747378752e-05
1895,1.0,0.0010212691267952323,9.999999747378752e-05
1896,1.0,0.0009194632293656468,9.999999747378752e-05
1897,1.0,0.0015600328333675861,9.999999747378752e-05
1898,1.0,0.0010912339203059673,9.999999747378752e-05
1899,1.0,0.0017086417647078633,9.999999747378752e-05
1900,1.0,0.0019349424401298165,9.999999747378752e-05
1901,1.0,0.0015572188422083855,9.999999747378752e-05
1902,1.0,0.0010903781512752175,9.999999747378752e-05
1903,1.0,0.0012907949276268482,9.999999747378752e-05
1904,1.0,0.0009720416855998337,9.999999747378752e-05
1905,1.0,0.0012901880545541644,9.999999747378752e-05
1906,1.0,0.0011933534406125546,9.999999747378752e-05
1907,1.0,0.0012373029021546245,9.999999747378752e-05
1908,1.0,0.0012968810042366385,9.999999747378752e-05
1909,1.0,0.00204755668528378,9.999999747378752e-05
1910,1.0,0.0011020275996997952,9.999999747378752e-05
1911,1.0,0.0012857395922765136,9.999999747378752e-05
1912,1.0,0.0010668350150808692,9.999999747378752e-05
1913,1.0,0.0008950309711508453,9.999999747378752e-05
1914,1.0,0.001061424845829606,9.999999747378752e-05
1915,1.0,0.001705367467366159,9.999999747378752e-05
1916,1.0,0.0016235836083069444,9.999999747378752e-05
1917,1.0,0.001021003583446145,9.999999747378752e-05
1918,1.0,0.001014192239381373,9.999999747378752e-05
1919,1.0,0.0015016995603218675,9.999999747378752e-05
1920,1.0,0.0017603704473003745,9.999999747378752e-05
1921,1.0,0.0013917546020820737,9.999999747378752e-05
1922,1.0,0.000770809012465179,9.999999747378752e-05
1923,1.0,0.0018270073924213648,9.999999747378752e-05
1924,1.0,0.001501596299931407,9.999999747378752e-05
1925,1.0,0.0012321003014221787,9.999999747378752e-05
1926,1.0,0.0011699618771672249,9.999999747378752e-05
1927,1.0,0.0009242214728146791,9.999999747378752e-05
1928,1.0,0.0010752930538728833,9.999999747378752e-05
1929,1.0,0.00100147002376616,9.999999747378752e-05
1930,1.0,0.001173919765278697,9.999999747378752e-05
1931,1.0,0.0011578536359593272,9.999999747378752e-05
1932,1.0,0.0010562865063548088,9.999999747378752e-05
1933,1.0,0.0010310118086636066,9.999999747378752e-05
1934,1.0,0.0009453235543332994,9.999999747378752e-05
1935,1.0,0.0026532222982496023,9.999999747378752e-05
1936,1.0,0.002168544800952077,9.999999747378752e-05
1937,1.0,0.0038517776411026716,9.999999747378752e-05
1938,1.0,0.0020345316734164953,9.999999747378752e-05
1939,1.0,0.002503045368939638,9.999999747378752e-05
1940,1.0,0.001453100936487317,9.999999747378752e-05
1941,1.0,0.0010953915771096945,9.999999747378752e-05
1942,1.0,0.0012283420655876398,9.999999747378752e-05
1943,1.0,0.0009311660542152822,9.999999747378752e-05
1944,1.0,0.000893821066711098,9.999999747378752e-05
1945,1.0,0.0010851011611521244,9.999999747378752e-05
1946,1.0,0.0008391008595936,9.999999747378752e-05
1947,1.0,0.0017250989330932498,9.999999747378752e-05
1948,1.0,0.0011453336337581277,9.999999747378752e-05
1949,1.0,0.0012165394145995378,9.999999747378752e-05
1950,1.0,0.0010320553556084633,9.999999747378752e-05
1951,1.0,0.0009928151266649365,9.999999747378752e-05
1952,1.0,0.0011221453314647079,9.999999747378752e-05
1953,1.0,0.0010912111029028893,9.999999747378752e-05
1954,1.0,0.0014756013406440616,9.999999747378752e-05
1955,1.0,0.001159536186605692,9.999999747378752e-05
1956,1.0,0.0010670177871361375,9.999999747378752e-05
1957,1.0,0.0007866611122153699,9.999999747378752e-05
1958,1.0,0.0010837460868060589,9.999999747378752e-05
1959,1.0,0.0008149974746629596,9.999999747378752e-05
1960,1.0,0.0018217103788629174,9.999999747378752e-05
1961,1.0,0.0025819516740739346,9.999999747378752e-05
1962,1.0,0.0018607111414894462,9.999999747378752e-05
1963,1.0,0.0012317721266299486,9.999999747378752e-05
1964,1.0,0.0017172571970149875,9.999999747378752e-05
1965,1.0,0.0010432414710521698,9.999999747378752e-05
1966,1.0,0.0017294128192588687,9.999999747378752e-05
1967,1.0,0.0013226813171058893,9.999999747378752e-05
1968,1.0,0.0013615153729915619,9.999999747378752e-05
1969,1.0,0.0011850956361740828,9.999999747378752e-05
1970,1.0,0.0016924572410061955,9.999999747378752e-05
1971,1.0,0.0011541637359187007,9.999999747378752e-05
1972,1.0,0.0017674185801297426,9.999999747378752e-05
1973,1.0,0.000776245491579175,9.999999747378752e-05
1974,1.0,0.0011131881037726998,9.999999747378752e-05
1975,1.0,0.0009893503738567233,9.999999747378752e-05
1976,1.0,0.0010923537192866206,9.999999747378752e-05
1977,1.0,0.0013224462745711207,9.999999747378752e-05
1978,1.0,0.0007588582229800522,9.999999747378752e-05
1979,1.0,0.001683025504462421,9.999999747378752e-05
1980,0.9962546825408936,0.003890370251610875,9.999999747378752e-05
1981,0.9962546825408936,0.006107486318796873,9.999999747378752e-05
1982,1.0,0.002532109385356307,9.999999747378752e-05
1983,1.0,0.0021152333356440067,9.999999747378752e-05
1984,1.0,0.0023805636446923018,9.999999747378752e-05
1985,1.0,0.001497546094469726,9.999999747378752e-05
1986,1.0,0.0009124751086346805,9.999999747378752e-05
1987,1.0,0.0028321791905909777,9.999999747378752e-05
1988,1.0,0.0014687372604385018,9.999999747378752e-05
1989,1.0,0.001332799787633121,9.999999747378752e-05
1990,1.0,0.0016925102099776268,9.999999747378752e-05
1991,1.0,0.0009754397324286401,9.999999747378752e-05
1992,1.0,0.001431431737728417,9.999999747378752e-05
1993,1.0,0.0013321996666491032,9.999999747378752e-05
1994,1.0,0.000951390597037971,9.999999747378752e-05
1995,1.0,0.0012936051934957504,9.999999747378752e-05
1996,1.0,0.0012338581727817655,9.999999747378752e-05
1997,1.0,0.0013544969260692596,9.999999747378752e-05
1998,1.0,0.001330123282968998,9.999999747378752e-05
1999,1.0,0.0011632033856585622,9.999999747378752e-05
