,categorical_accuracy,loss,learning_rate
0,0.35087719559669495,0.7217912077903748,0.0010000000474974513
1,0.5263158082962036,0.7324554324150085,0.0010000000474974513
2,0.45614033937454224,0.7041082382202148,0.0010000000474974513
3,0.4912280738353729,0.6996188163757324,0.0010000000474974513
4,0.5263158082962036,0.6921472549438477,0.0010000000474974513
5,0.5087719559669495,0.6990523934364319,0.0010000000474974513
6,0.45614033937454224,0.6948043704032898,0.0010000000474974513
7,0.5263158082962036,0.6964241862297058,0.0010000000474974513
8,0.38596490025520325,0.6952914595603943,0.0010000000474974513
9,0.5263158082962036,0.6904111504554749,0.0010000000474974513
10,0.5263158082962036,0.6947184801101685,0.0010000000474974513
11,0.5263158082962036,0.6980460286140442,0.0010000000474974513
12,0.5263158082962036,0.6919295787811279,0.0010000000474974513
13,0.35087719559669495,0.7096584439277649,0.0010000000474974513
14,0.5087719559669495,0.6909955143928528,0.0010000000474974513
15,0.5263158082962036,0.6951690316200256,0.0010000000474974513
16,0.5263158082962036,0.6974480152130127,0.0010000000474974513
17,0.5263158082962036,0.6920797228813171,0.0010000000474974513
18,0.3684210479259491,0.7015702128410339,0.0010000000474974513
19,0.5263158082962036,0.6930925846099854,0.0010000000474974513
20,0.5263158082962036,0.698883593082428,0.0010000000474974513
21,0.5438596606254578,0.6951260566711426,0.0010000000474974513
22,0.5438596606254578,0.6925475597381592,0.0010000000474974513
23,0.5263158082962036,0.692979633808136,0.0010000000474974513
24,0.5263158082962036,0.6960006356239319,0.0010000000474974513
25,0.5263158082962036,0.692410945892334,0.0010000000474974513
26,0.4385964870452881,0.6995576620101929,0.0010000000474974513
27,0.5438596606254578,0.6910887360572815,0.0010000000474974513
28,0.5263158082962036,0.694527268409729,0.0010000000474974513
29,0.5263158082962036,0.6927551627159119,0.0010000000474974513
30,0.5263158082962036,0.7049858570098877,0.0010000000474974513
31,0.5438596606254578,0.6942787170410156,0.0010000000474974513
32,0.5438596606254578,0.6938397884368896,0.0010000000474974513
33,0.4736842215061188,0.6979318857192993,0.0010000000474974513
34,0.4385964870452881,0.7179962992668152,0.0010000000474974513
35,0.38596490025520325,0.7082088589668274,0.0010000000474974513
36,0.5087719559669495,0.6969395279884338,0.0010000000474974513
37,0.5087719559669495,0.6939910054206848,0.0010000000474974513
38,0.5438596606254578,0.6934290528297424,0.0010000000474974513
39,0.5263158082962036,0.6930193305015564,0.0010000000474974513
40,0.5263158082962036,0.693496584892273,0.0010000000474974513
41,0.5614035129547119,0.6941077709197998,0.0010000000474974513
42,0.5438596606254578,0.6912345290184021,0.0010000000474974513
43,0.4736842215061188,0.6966623067855835,0.0010000000474974513
44,0.5263158082962036,0.6932225823402405,0.0010000000474974513
45,0.5263158082962036,0.6901271939277649,0.0010000000474974513
46,0.5263158082962036,0.6926487684249878,0.0010000000474974513
47,0.5263158082962036,0.6926329731941223,0.0010000000474974513
48,0.5263158082962036,0.6954968571662903,0.0010000000474974513
49,0.5263158082962036,0.6972950100898743,0.0010000000474974513
50,0.5263158082962036,0.6903753280639648,0.0010000000474974513
51,0.5087719559669495,0.6945968270301819,0.0010000000474974513
52,0.5263158082962036,0.6956296563148499,0.0010000000474974513
53,0.5263158082962036,0.6913973093032837,0.0010000000474974513
54,0.4035087823867798,0.7098692655563354,0.0010000000474974513
55,0.4912280738353729,0.7018634676933289,0.0010000000474974513
56,0.5438596606254578,0.7059255838394165,0.0010000000474974513
57,0.5263158082962036,0.6950214505195618,0.0010000000474974513
58,0.5263158082962036,0.6904760003089905,0.0010000000474974513
59,0.5263158082962036,0.694308876991272,0.0010000000474974513
60,0.5263158082962036,0.688345193862915,0.0010000000474974513
61,0.5614035129547119,0.6900872588157654,0.0010000000474974513
62,0.4912280738353729,0.6933900713920593,0.0010000000474974513
63,0.5263158082962036,0.6904563903808594,0.0010000000474974513
64,0.45614033937454224,0.6941480040550232,0.0010000000474974513
65,0.5263158082962036,0.6880531311035156,0.0010000000474974513
66,0.5263158082962036,0.6901223063468933,0.0010000000474974513
67,0.42105263471603394,0.7038843631744385,0.0010000000474974513
68,0.5438596606254578,0.6924450397491455,0.0010000000474974513
69,0.5263158082962036,0.6937627196311951,0.0010000000474974513
70,0.5263158082962036,0.6913504600524902,0.0010000000474974513
71,0.5263158082962036,0.6923141479492188,0.0010000000474974513
72,0.5263158082962036,0.6981457471847534,0.0010000000474974513
73,0.5263158082962036,0.6915275454521179,0.0010000000474974513
74,0.5263158082962036,0.688805103302002,0.0010000000474974513
75,0.5263158082962036,0.6912663578987122,0.0010000000474974513
76,0.5438596606254578,0.6912093162536621,0.0010000000474974513
77,0.5263158082962036,0.6913965344429016,0.0010000000474974513
78,0.5263158082962036,0.6929531693458557,0.0010000000474974513
79,0.5263158082962036,0.6985062956809998,0.0010000000474974513
80,0.5263158082962036,0.6951799988746643,0.0010000000474974513
81,0.5263158082962036,0.6908671259880066,0.0010000000474974513
82,0.4912280738353729,0.6960052251815796,0.0010000000474974513
83,0.45614033937454224,0.695589542388916,0.0010000000474974513
84,0.5263158082962036,0.6906775832176208,0.0010000000474974513
85,0.5263158082962036,0.6906564831733704,0.0010000000474974513
86,0.5263158082962036,0.7015182375907898,0.0010000000474974513
87,0.6140350699424744,0.68816739320755,0.0010000000474974513
88,0.5789473652839661,0.69215989112854,0.0010000000474974513
89,0.5614035129547119,0.6900925636291504,0.0010000000474974513
90,0.5263158082962036,0.6921696662902832,0.0010000000474974513
91,0.5263158082962036,0.6914820075035095,0.0010000000474974513
92,0.5263158082962036,0.6887549757957458,0.0010000000474974513
93,0.5263158082962036,0.6887444853782654,0.0010000000474974513
94,0.5964912176132202,0.6887211203575134,0.0010000000474974513
95,0.5438596606254578,0.7021648287773132,0.0010000000474974513
96,0.4912280738353729,0.6889470815658569,0.0010000000474974513
97,0.5614035129547119,0.6898371577262878,0.0010000000474974513
98,0.5438596606254578,0.6905872225761414,0.0010000000474974513
99,0.5263158082962036,0.6863235831260681,0.0010000000474974513
100,0.5263158082962036,0.6862441897392273,0.0010000000474974513
101,0.5789473652839661,0.6842881441116333,0.0010000000474974513
102,0.5614035129547119,0.68779057264328,0.0010000000474974513
103,0.6140350699424744,0.6864591240882874,0.0010000000474974513
104,0.5263158082962036,0.7016416788101196,0.0010000000474974513
105,0.5263158082962036,0.6870912313461304,0.0010000000474974513
106,0.5789473652839661,0.6846751570701599,0.0010000000474974513
107,0.5438596606254578,0.6886304616928101,0.0010000000474974513
108,0.5964912176132202,0.6846083998680115,0.0010000000474974513
109,0.5438596606254578,0.6997984051704407,0.0010000000474974513
110,0.5438596606254578,0.6894325017929077,0.0010000000474974513
111,0.5438596606254578,0.6855778694152832,0.0010000000474974513
112,0.5789473652839661,0.6843047738075256,0.0010000000474974513
113,0.5614035129547119,0.6864071488380432,0.0010000000474974513
114,0.6491228342056274,0.6825438141822815,0.0010000000474974513
115,0.5614035129547119,0.6854084134101868,0.0010000000474974513
116,0.5438596606254578,0.6898554563522339,0.0010000000474974513
117,0.5087719559669495,0.7028698921203613,0.0010000000474974513
118,0.4736842215061188,0.6910932064056396,0.0010000000474974513
119,0.5438596606254578,0.6904866695404053,0.0010000000474974513
120,0.5263158082962036,0.6887072920799255,0.0010000000474974513
121,0.5438596606254578,0.6857348084449768,0.0010000000474974513
122,0.5263158082962036,0.6888562440872192,0.0010000000474974513
123,0.5438596606254578,0.6804072260856628,0.0010000000474974513
124,0.5263158082962036,0.6905246376991272,0.0010000000474974513
125,0.5614035129547119,0.6824315190315247,0.0010000000474974513
126,0.5087719559669495,0.6920687556266785,0.0010000000474974513
127,0.4736842215061188,0.6968639492988586,0.0010000000474974513
128,0.5263158082962036,0.6826118230819702,0.0010000000474974513
129,0.5263158082962036,0.6824849843978882,0.0010000000474974513
130,0.5087719559669495,0.7074540853500366,0.0010000000474974513
131,0.5789473652839661,0.6799290776252747,0.0010000000474974513
132,0.5789473652839661,0.6776738166809082,0.0010000000474974513
133,0.5789473652839661,0.6798497438430786,0.0010000000474974513
134,0.5087719559669495,0.6910463571548462,0.0010000000474974513
135,0.5263158082962036,0.6927181482315063,0.0010000000474974513
136,0.5964912176132202,0.6835559606552124,0.0010000000474974513
137,0.6140350699424744,0.6814168691635132,0.0010000000474974513
138,0.5614035129547119,0.6787026524543762,0.0010000000474974513
139,0.4912280738353729,0.6958356499671936,0.0010000000474974513
140,0.6140350699424744,0.6741148233413696,0.0010000000474974513
141,0.5263158082962036,0.6813966631889343,0.0010000000474974513
142,0.4736842215061188,0.6891036033630371,0.0010000000474974513
143,0.6315789222717285,0.6747078895568848,0.0010000000474974513
144,0.5614035129547119,0.6905136704444885,0.0010000000474974513
145,0.45614033937454224,0.6968504786491394,0.0010000000474974513
146,0.5438596606254578,0.697419285774231,0.0010000000474974513
147,0.5263158082962036,0.6872617602348328,0.0010000000474974513
148,0.5087719559669495,0.689470648765564,0.0010000000474974513
149,0.4912280738353729,0.6844918131828308,0.0010000000474974513
150,0.5614035129547119,0.6835039258003235,0.0010000000474974513
151,0.5263158082962036,0.6863713264465332,0.0010000000474974513
152,0.5614035129547119,0.6826455593109131,0.0010000000474974513
153,0.5964912176132202,0.6817618012428284,0.0010000000474974513
154,0.6140350699424744,0.6741132736206055,0.0010000000474974513
155,0.5087719559669495,0.6881020665168762,0.0010000000474974513
156,0.6140350699424744,0.671302080154419,0.0010000000474974513
157,0.4736842215061188,0.6894153356552124,0.0010000000474974513
158,0.6491228342056274,0.6720542311668396,0.0010000000474974513
159,0.5964912176132202,0.6779435873031616,0.0010000000474974513
160,0.5438596606254578,0.6832529902458191,0.0010000000474974513
161,0.5614035129547119,0.6828574538230896,0.0010000000474974513
162,0.6491228342056274,0.6659744381904602,0.0010000000474974513
163,0.6315789222717285,0.6725807189941406,0.0010000000474974513
164,0.4736842215061188,0.6849024295806885,0.0010000000474974513
165,0.6140350699424744,0.666000485420227,0.0010000000474974513
166,0.5614035129547119,0.6687616109848022,0.0010000000474974513
167,0.6140350699424744,0.6623427271842957,0.0010000000474974513
168,0.6140350699424744,0.6613330245018005,0.0010000000474974513
169,0.5087719559669495,0.6874616146087646,0.0010000000474974513
170,0.5614035129547119,0.6774471998214722,0.0010000000474974513
171,0.5263158082962036,0.6856960654258728,0.0010000000474974513
172,0.6491228342056274,0.6724033951759338,0.0010000000474974513
173,0.5964912176132202,0.6719721555709839,0.0010000000474974513
174,0.6491228342056274,0.6631035208702087,0.0010000000474974513
175,0.719298243522644,0.6557609438896179,0.0010000000474974513
176,0.5789473652839661,0.6721259951591492,0.0010000000474974513
177,0.6140350699424744,0.6728989481925964,0.0010000000474974513
178,0.4912280738353729,0.707736611366272,0.0010000000474974513
179,0.5087719559669495,0.690772294998169,0.0010000000474974513
180,0.4385964870452881,0.7114714980125427,0.0010000000474974513
181,0.5789473652839661,0.6809703707695007,0.0010000000474974513
182,0.5614035129547119,0.6867609620094299,0.0010000000474974513
183,0.5789473652839661,0.6740456223487854,0.0010000000474974513
184,0.6666666865348816,0.6657420992851257,0.0010000000474974513
185,0.5789473652839661,0.6725037097930908,0.0010000000474974513
186,0.5614035129547119,0.671718418598175,0.0010000000474974513
187,0.6666666865348816,0.6458294987678528,0.0010000000474974513
188,0.6140350699424744,0.6681391596794128,0.0010000000474974513
189,0.5789473652839661,0.6550657749176025,0.0010000000474974513
190,0.6140350699424744,0.6652776002883911,0.0010000000474974513
191,0.6666666865348816,0.6495721936225891,0.0010000000474974513
192,0.5964912176132202,0.6686830520629883,0.0010000000474974513
193,0.5964912176132202,0.6769171357154846,0.0010000000474974513
194,0.5964912176132202,0.6663274168968201,0.0010000000474974513
195,0.6491228342056274,0.6570855379104614,0.0010000000474974513
196,0.6140350699424744,0.6560354232788086,0.0010000000474974513
197,0.5964912176132202,0.6686471700668335,0.0010000000474974513
198,0.6315789222717285,0.6638872623443604,0.0010000000474974513
199,0.5964912176132202,0.6741802096366882,0.0010000000474974513
200,0.4912280738353729,0.6944987177848816,0.0010000000474974513
201,0.5438596606254578,0.6740392446517944,0.0010000000474974513
202,0.6140350699424744,0.656639039516449,0.0010000000474974513
203,0.6140350699424744,0.6674996018409729,0.0010000000474974513
204,0.6666666865348816,0.6508129239082336,0.0010000000474974513
205,0.6666666865348816,0.6510692834854126,0.0010000000474974513
206,0.6140350699424744,0.6595413088798523,0.0010000000474974513
207,0.6666666865348816,0.6436729431152344,0.0010000000474974513
208,0.6842105388641357,0.631926417350769,0.0010000000474974513
209,0.6315789222717285,0.656791627407074,0.0010000000474974513
210,0.6140350699424744,0.6831537485122681,0.0010000000474974513
211,0.6842105388641357,0.6842097640037537,0.0010000000474974513
212,0.6491228342056274,0.666329562664032,0.0010000000474974513
213,0.5438596606254578,0.6712754964828491,0.0010000000474974513
214,0.5964912176132202,0.6614969968795776,0.0010000000474974513
215,0.5964912176132202,0.673867404460907,0.0010000000474974513
216,0.45614033937454224,0.7289741635322571,0.0010000000474974513
217,0.5263158082962036,0.6876170039176941,0.0010000000474974513
218,0.5263158082962036,0.6943651437759399,0.0010000000474974513
219,0.5438596606254578,0.6816219091415405,0.0010000000474974513
220,0.5789473652839661,0.689385712146759,0.0010000000474974513
221,0.6315789222717285,0.6862109899520874,0.0010000000474974513
222,0.5789473652839661,0.6798806190490723,0.0010000000474974513
223,0.5964912176132202,0.6832399964332581,0.0010000000474974513
224,0.6140350699424744,0.6753943562507629,0.0010000000474974513
225,0.6666666865348816,0.6739863753318787,0.0010000000474974513
226,0.5964912176132202,0.67807537317276,0.0010000000474974513
227,0.6140350699424744,0.670734167098999,0.0010000000474974513
228,0.6491228342056274,0.6736718416213989,0.0010000000474974513
229,0.6140350699424744,0.6701685786247253,0.0010000000474974513
230,0.5614035129547119,0.6796815395355225,0.0010000000474974513
231,0.5087719559669495,0.6814277768135071,0.0010000000474974513
232,0.5263158082962036,0.6792930364608765,0.0010000000474974513
233,0.5087719559669495,0.6862086653709412,0.0010000000474974513
234,0.5087719559669495,0.6748166084289551,0.0010000000474974513
235,0.5789473652839661,0.679511547088623,0.0010000000474974513
236,0.6315789222717285,0.676602303981781,0.0010000000474974513
237,0.6315789222717285,0.6589236855506897,0.0010000000474974513
238,0.6842105388641357,0.646530270576477,0.0010000000474974513
239,0.5438596606254578,0.6795424222946167,0.0010000000474974513
240,0.6491228342056274,0.652259886264801,0.0010000000474974513
241,0.5614035129547119,0.6835629940032959,0.0010000000474974513
242,0.6140350699424744,0.6653213500976562,0.0010000000474974513
243,0.7368420958518982,0.6505656242370605,0.0010000000474974513
244,0.6140350699424744,0.6470131874084473,0.0010000000474974513
245,0.6491228342056274,0.6356542110443115,0.0010000000474974513
246,0.6315789222717285,0.6549307703971863,0.0010000000474974513
247,0.6315789222717285,0.6651322245597839,0.0010000000474974513
248,0.6315789222717285,0.6530424952507019,0.0010000000474974513
249,0.6315789222717285,0.6551336050033569,0.0010000000474974513
250,0.7017543911933899,0.622847318649292,0.0010000000474974513
251,0.5087719559669495,0.6769651174545288,0.0010000000474974513
252,0.5263158082962036,0.6787436604499817,0.0010000000474974513
253,0.6666666865348816,0.6612016558647156,0.0010000000474974513
254,0.5964912176132202,0.6492809057235718,0.0010000000474974513
255,0.6315789222717285,0.6704803705215454,0.0010000000474974513
256,0.6666666865348816,0.6509366035461426,0.0010000000474974513
257,0.5789473652839661,0.6368343234062195,0.0010000000474974513
258,0.4385964870452881,0.6981996297836304,0.0010000000474974513
259,0.6666666865348816,0.6410943269729614,0.0010000000474974513
260,0.6140350699424744,0.6319753527641296,0.0010000000474974513
261,0.5789473652839661,0.6709371209144592,0.0010000000474974513
262,0.6666666865348816,0.6629303097724915,0.0010000000474974513
263,0.6491228342056274,0.6507003903388977,0.0010000000474974513
264,0.4912280738353729,0.6707239747047424,0.0010000000474974513
265,0.6842105388641357,0.6318403482437134,0.0010000000474974513
266,0.5438596606254578,0.6544916033744812,0.0010000000474974513
267,0.6491228342056274,0.6250134110450745,0.0010000000474974513
268,0.6315789222717285,0.6390963196754456,0.0010000000474974513
269,0.6315789222717285,0.6508984565734863,0.0010000000474974513
270,0.6666666865348816,0.6403403282165527,0.0010000000474974513
271,0.5789473652839661,0.6562902927398682,0.0010000000474974513
272,0.6666666865348816,0.6520043611526489,0.0010000000474974513
273,0.6315789222717285,0.6627673506736755,0.0010000000474974513
274,0.6140350699424744,0.638636589050293,0.0010000000474974513
275,0.6140350699424744,0.6870777010917664,0.0010000000474974513
276,0.6315789222717285,0.6711031794548035,0.0010000000474974513
277,0.5789473652839661,0.6863856315612793,0.0010000000474974513
278,0.7017543911933899,0.6361225247383118,0.0010000000474974513
279,0.5789473652839661,0.6560043096542358,0.0010000000474974513
280,0.719298243522644,0.6176437139511108,0.0010000000474974513
281,0.6666666865348816,0.63263338804245,0.0010000000474974513
282,0.6315789222717285,0.6316766142845154,0.0010000000474974513
283,0.6491228342056274,0.6404832005500793,0.0010000000474974513
284,0.6315789222717285,0.6573765277862549,0.0010000000474974513
285,0.6315789222717285,0.6550766825675964,0.0010000000474974513
286,0.5789473652839661,0.6792010068893433,0.0010000000474974513
287,0.6666666865348816,0.6309760808944702,0.0010000000474974513
288,0.6666666865348816,0.6395864486694336,0.0010000000474974513
289,0.6491228342056274,0.6344108581542969,0.0010000000474974513
290,0.6315789222717285,0.6273384094238281,0.0010000000474974513
291,0.7017543911933899,0.61317378282547,0.0010000000474974513
292,0.6491228342056274,0.6241359114646912,0.0010000000474974513
293,0.5263158082962036,0.6919906735420227,0.0010000000474974513
294,0.5789473652839661,0.6710993647575378,0.0010000000474974513
295,0.6315789222717285,0.6548860669136047,0.0010000000474974513
296,0.5964912176132202,0.6419332027435303,0.0010000000474974513
297,0.5964912176132202,0.6699104309082031,0.0010000000474974513
298,0.5438596606254578,0.6697239279747009,0.0010000000474974513
299,0.6315789222717285,0.6921292543411255,0.0010000000474974513
300,0.5614035129547119,0.6741982698440552,0.0010000000474974513
301,0.6842105388641357,0.6645887494087219,0.0010000000474974513
302,0.6140350699424744,0.6507624387741089,0.0010000000474974513
303,0.5438596606254578,0.6782186627388,0.0010000000474974513
304,0.6491228342056274,0.6278385519981384,0.0010000000474974513
305,0.6315789222717285,0.6296505928039551,0.0010000000474974513
306,0.6666666865348816,0.613837480545044,0.0010000000474974513
307,0.5789473652839661,0.6555823087692261,0.0010000000474974513
308,0.6140350699424744,0.6592532396316528,0.0010000000474974513
309,0.5964912176132202,0.6686724424362183,0.0010000000474974513
310,0.6315789222717285,0.648227870464325,0.0010000000474974513
311,0.5964912176132202,0.6681175231933594,0.0010000000474974513
312,0.6315789222717285,0.6419909000396729,0.0010000000474974513
313,0.6140350699424744,0.6315330266952515,0.0010000000474974513
314,0.6666666865348816,0.6271189451217651,0.0010000000474974513
315,0.5964912176132202,0.6346991658210754,0.0010000000474974513
316,0.5964912176132202,0.6428570747375488,0.0010000000474974513
317,0.5964912176132202,0.6286107897758484,0.0010000000474974513
318,0.5789473652839661,0.6283901929855347,0.0010000000474974513
319,0.5964912176132202,0.6625888347625732,0.0010000000474974513
320,0.6140350699424744,0.6496233344078064,0.0010000000474974513
321,0.6140350699424744,0.6309292912483215,0.0010000000474974513
322,0.6666666865348816,0.6244983077049255,0.0010000000474974513
323,0.719298243522644,0.6191684603691101,0.0010000000474974513
324,0.6842105388641357,0.6678286194801331,0.0010000000474974513
325,0.6491228342056274,0.6094316244125366,0.0010000000474974513
326,0.6140350699424744,0.632205069065094,0.0010000000474974513
327,0.6842105388641357,0.6178888082504272,0.0010000000474974513
328,0.6315789222717285,0.6599487066268921,0.0010000000474974513
329,0.6140350699424744,0.6403220891952515,0.0010000000474974513
330,0.7368420958518982,0.6224666237831116,0.0010000000474974513
331,0.7368420958518982,0.6023830771446228,0.0010000000474974513
332,0.5438596606254578,0.6668410897254944,0.0010000000474974513
333,0.6842105388641357,0.6149401068687439,0.0010000000474974513
334,0.6842105388641357,0.6194839477539062,0.0010000000474974513
335,0.5614035129547119,0.6548454165458679,0.0010000000474974513
336,0.6491228342056274,0.6318499445915222,0.0010000000474974513
337,0.6491228342056274,0.6434097290039062,0.0010000000474974513
338,0.6140350699424744,0.6656826734542847,0.0010000000474974513
339,0.5614035129547119,0.6689286231994629,0.0010000000474974513
340,0.6491228342056274,0.6541818976402283,0.0010000000474974513
341,0.5614035129547119,0.6438854336738586,0.0010000000474974513
342,0.719298243522644,0.6278619170188904,0.0010000000474974513
343,0.6315789222717285,0.6646290421485901,0.0010000000474974513
344,0.6140350699424744,0.6532010436058044,0.0010000000474974513
345,0.5614035129547119,0.6723697781562805,0.0010000000474974513
346,0.5964912176132202,0.6420961618423462,0.0010000000474974513
347,0.6315789222717285,0.623684287071228,0.0010000000474974513
348,0.6666666865348816,0.6349588632583618,0.0010000000474974513
349,0.6491228342056274,0.628324031829834,0.0010000000474974513
350,0.6666666865348816,0.6341768503189087,0.0010000000474974513
351,0.5789473652839661,0.6500992178916931,0.0010000000474974513
352,0.6315789222717285,0.6505488753318787,0.0010000000474974513
353,0.6140350699424744,0.6588162183761597,0.0010000000474974513
354,0.5789473652839661,0.6547927856445312,0.0010000000474974513
355,0.5789473652839661,0.6659075021743774,0.0010000000474974513
356,0.6842105388641357,0.6376729607582092,0.0010000000474974513
357,0.6666666865348816,0.6118495464324951,0.0010000000474974513
358,0.6491228342056274,0.6239231824874878,0.0010000000474974513
359,0.5964912176132202,0.6304656863212585,0.0010000000474974513
360,0.5614035129547119,0.6443142294883728,0.0010000000474974513
361,0.6315789222717285,0.6436026692390442,0.0010000000474974513
362,0.6140350699424744,0.6460767388343811,0.0010000000474974513
363,0.6666666865348816,0.6271177530288696,0.0010000000474974513
364,0.6491228342056274,0.6298606395721436,0.0010000000474974513
365,0.6666666865348816,0.6271527409553528,0.0010000000474974513
366,0.6315789222717285,0.6154963970184326,0.0010000000474974513
367,0.5438596606254578,0.6637066602706909,0.0010000000474974513
368,0.6842105388641357,0.6253175139427185,0.0010000000474974513
369,0.6315789222717285,0.6196306943893433,0.0010000000474974513
370,0.6491228342056274,0.6288862228393555,0.0010000000474974513
371,0.6491228342056274,0.6342591643333435,0.0010000000474974513
372,0.5789473652839661,0.65193110704422,0.0010000000474974513
373,0.5789473652839661,0.6549046635627747,0.0010000000474974513
374,0.6140350699424744,0.6368562579154968,0.0010000000474974513
375,0.5789473652839661,0.6746566295623779,0.0010000000474974513
376,0.6842105388641357,0.6332984566688538,0.0010000000474974513
377,0.6842105388641357,0.6537259221076965,0.0010000000474974513
378,0.6315789222717285,0.6179419159889221,0.0010000000474974513
379,0.6666666865348816,0.615155816078186,0.0010000000474974513
380,0.5964912176132202,0.6284811496734619,0.0010000000474974513
381,0.6140350699424744,0.6484082937240601,0.0010000000474974513
382,0.6842105388641357,0.6094247102737427,0.0005000000237487257
383,0.6842105388641357,0.5964156985282898,0.0005000000237487257
384,0.6842105388641357,0.565804660320282,0.0005000000237487257
385,0.5964912176132202,0.6332406401634216,0.0005000000237487257
386,0.6315789222717285,0.6393983364105225,0.0005000000237487257
387,0.6140350699424744,0.6317551136016846,0.0005000000237487257
388,0.6140350699424744,0.6262962222099304,0.0005000000237487257
389,0.6842105388641357,0.6063216924667358,0.0005000000237487257
390,0.6666666865348816,0.5861213207244873,0.0005000000237487257
391,0.6140350699424744,0.6240807771682739,0.0005000000237487257
392,0.6842105388641357,0.6465146541595459,0.0005000000237487257
393,0.5789473652839661,0.6237616539001465,0.0005000000237487257
394,0.6491228342056274,0.6103814840316772,0.0005000000237487257
395,0.6666666865348816,0.6194959282875061,0.0005000000237487257
396,0.5964912176132202,0.6656308174133301,0.0005000000237487257
397,0.5964912176132202,0.6253517270088196,0.0005000000237487257
398,0.6491228342056274,0.634438693523407,0.0005000000237487257
399,0.6315789222717285,0.6166868805885315,0.0005000000237487257
400,0.7017543911933899,0.5987051129341125,0.0005000000237487257
401,0.6315789222717285,0.6248152852058411,0.0005000000237487257
402,0.6666666865348816,0.5945287346839905,0.0005000000237487257
403,0.7017543911933899,0.5714869499206543,0.0005000000237487257
404,0.5789473652839661,0.6306120157241821,0.0005000000237487257
405,0.5964912176132202,0.6581634879112244,0.0005000000237487257
406,0.6666666865348816,0.6344637274742126,0.0005000000237487257
407,0.6315789222717285,0.6713983416557312,0.0005000000237487257
408,0.7017543911933899,0.6000032424926758,0.0005000000237487257
409,0.7017543911933899,0.5856595635414124,0.0005000000237487257
410,0.5438596606254578,0.6610763072967529,0.0005000000237487257
411,0.5438596606254578,0.6587861180305481,0.0005000000237487257
412,0.7543859481811523,0.6012402176856995,0.0005000000237487257
413,0.7017543911933899,0.6056552529335022,0.0005000000237487257
414,0.6315789222717285,0.6195622682571411,0.0005000000237487257
415,0.6666666865348816,0.6092169880867004,0.0005000000237487257
416,0.5789473652839661,0.6233195066452026,0.0005000000237487257
417,0.6666666865348816,0.6059539914131165,0.0005000000237487257
418,0.6666666865348816,0.615546703338623,0.0005000000237487257
419,0.6491228342056274,0.5962719321250916,0.0005000000237487257
420,0.6666666865348816,0.6072608828544617,0.0005000000237487257
421,0.5964912176132202,0.6417476534843445,0.0005000000237487257
422,0.6140350699424744,0.6247251033782959,0.0005000000237487257
423,0.7017543911933899,0.5885892510414124,0.0005000000237487257
424,0.6666666865348816,0.6203166246414185,0.0005000000237487257
425,0.6315789222717285,0.6364741921424866,0.0005000000237487257
426,0.5789473652839661,0.653657853603363,0.0005000000237487257
427,0.7017543911933899,0.5946031808853149,0.0005000000237487257
428,0.6140350699424744,0.631579577922821,0.0005000000237487257
429,0.6315789222717285,0.6127921938896179,0.0005000000237487257
430,0.6315789222717285,0.6162927150726318,0.0005000000237487257
431,0.6491228342056274,0.6220971941947937,0.0005000000237487257
432,0.6315789222717285,0.619860827922821,0.0005000000237487257
433,0.5614035129547119,0.658421516418457,0.0005000000237487257
434,0.6842105388641357,0.6286926865577698,0.0005000000237487257
435,0.7017543911933899,0.6034215688705444,0.0002500000118743628
436,0.6491228342056274,0.6238353252410889,0.0002500000118743628
437,0.719298243522644,0.5970289707183838,0.0002500000118743628
438,0.7017543911933899,0.5907686948776245,0.0002500000118743628
439,0.6491228342056274,0.6064489483833313,0.0002500000118743628
440,0.5964912176132202,0.6014887094497681,0.0002500000118743628
441,0.7017543911933899,0.6213037967681885,0.0002500000118743628
442,0.6140350699424744,0.6294299364089966,0.0002500000118743628
443,0.6315789222717285,0.6159352660179138,0.0002500000118743628
444,0.6666666865348816,0.6230320930480957,0.0002500000118743628
445,0.7017543911933899,0.5789957642555237,0.0002500000118743628
446,0.6491228342056274,0.5973040461540222,0.0002500000118743628
447,0.7368420958518982,0.5758000612258911,0.0002500000118743628
448,0.6140350699424744,0.6160608530044556,0.0002500000118743628
449,0.719298243522644,0.590341329574585,0.0002500000118743628
450,0.5789473652839661,0.611966073513031,0.0002500000118743628
451,0.6140350699424744,0.6208958625793457,0.0002500000118743628
452,0.6842105388641357,0.5975902676582336,0.0002500000118743628
453,0.6315789222717285,0.5935691595077515,0.0002500000118743628
454,0.6842105388641357,0.6196415424346924,0.0002500000118743628
455,0.6491228342056274,0.6127129197120667,0.0002500000118743628
456,0.6842105388641357,0.6004896759986877,0.0002500000118743628
457,0.6666666865348816,0.5929169058799744,0.0002500000118743628
458,0.6842105388641357,0.5823162198066711,0.0002500000118743628
459,0.6842105388641357,0.5907638669013977,0.0002500000118743628
460,0.6140350699424744,0.6149582862854004,0.0002500000118743628
461,0.6666666865348816,0.598181426525116,0.0002500000118743628
462,0.6491228342056274,0.5852388739585876,0.0002500000118743628
463,0.6666666865348816,0.6179025173187256,0.0002500000118743628
464,0.6315789222717285,0.5964758992195129,0.0002500000118743628
465,0.6140350699424744,0.6035016775131226,0.0002500000118743628
466,0.6666666865348816,0.5928165912628174,0.0002500000118743628
467,0.5964912176132202,0.619951069355011,0.0002500000118743628
468,0.6666666865348816,0.6083776354789734,0.0002500000118743628
469,0.6315789222717285,0.6471400856971741,0.0002500000118743628
470,0.6666666865348816,0.6222092509269714,0.0002500000118743628
471,0.7017543911933899,0.5914610028266907,0.0002500000118743628
472,0.6315789222717285,0.6317131519317627,0.0002500000118743628
473,0.6842105388641357,0.5855295062065125,0.0002500000118743628
474,0.7368420958518982,0.6044623255729675,0.0002500000118743628
475,0.7017543911933899,0.5989628434181213,0.0002500000118743628
476,0.6140350699424744,0.6324487924575806,0.0002500000118743628
477,0.6842105388641357,0.6271417737007141,0.0002500000118743628
478,0.5964912176132202,0.6231019496917725,0.0002500000118743628
479,0.7543859481811523,0.5843536257743835,0.0002500000118743628
480,0.6666666865348816,0.6064980626106262,0.0002500000118743628
481,0.6666666865348816,0.6002453565597534,0.0002500000118743628
482,0.6491228342056274,0.6063029170036316,0.0002500000118743628
483,0.5964912176132202,0.622932493686676,0.0002500000118743628
484,0.6315789222717285,0.6291487812995911,0.0002500000118743628
485,0.6842105388641357,0.6122473478317261,0.0001250000059371814
486,0.6842105388641357,0.5914486646652222,0.0001250000059371814
487,0.7543859481811523,0.5615421533584595,0.0001250000059371814
488,0.6140350699424744,0.6082173585891724,0.0001250000059371814
489,0.6315789222717285,0.6023514866828918,0.0001250000059371814
490,0.719298243522644,0.5766839981079102,0.0001250000059371814
491,0.719298243522644,0.5794104337692261,0.0001250000059371814
492,0.7017543911933899,0.5730222463607788,0.0001250000059371814
493,0.6491228342056274,0.6026096940040588,0.0001250000059371814
494,0.6315789222717285,0.5980895757675171,0.0001250000059371814
495,0.6491228342056274,0.6036704182624817,0.0001250000059371814
496,0.6315789222717285,0.5982317328453064,0.0001250000059371814
497,0.6315789222717285,0.6008177399635315,0.0001250000059371814
498,0.6315789222717285,0.6101686954498291,0.0001250000059371814
499,0.6315789222717285,0.5895748734474182,0.0001250000059371814
500,0.6315789222717285,0.625230073928833,0.0001250000059371814
501,0.6491228342056274,0.6029355525970459,0.0001250000059371814
502,0.6491228342056274,0.6034901142120361,0.0001250000059371814
503,0.6491228342056274,0.6009175777435303,0.0001250000059371814
504,0.7368420958518982,0.5777889490127563,0.0001250000059371814
505,0.6491228342056274,0.5907247066497803,0.0001250000059371814
506,0.7543859481811523,0.5861542224884033,0.0001250000059371814
507,0.6842105388641357,0.5703633427619934,0.0001250000059371814
508,0.7017543911933899,0.5673218965530396,0.0001250000059371814
509,0.6842105388641357,0.5942889451980591,0.0001250000059371814
510,0.6140350699424744,0.6027109026908875,0.0001250000059371814
511,0.6315789222717285,0.5963419675827026,0.0001250000059371814
512,0.719298243522644,0.5948073863983154,0.0001250000059371814
513,0.5789473652839661,0.6256054043769836,0.0001250000059371814
514,0.6491228342056274,0.6004400849342346,0.0001250000059371814
515,0.6140350699424744,0.612852931022644,0.0001250000059371814
516,0.6842105388641357,0.5909931063652039,0.0001250000059371814
517,0.7017543911933899,0.5869864821434021,0.0001250000059371814
518,0.6842105388641357,0.5888912081718445,0.0001250000059371814
519,0.6491228342056274,0.5924276113510132,0.0001250000059371814
520,0.6140350699424744,0.5859298706054688,0.0001250000059371814
521,0.6140350699424744,0.6074140667915344,0.0001250000059371814
522,0.6842105388641357,0.583663284778595,0.0001250000059371814
523,0.6842105388641357,0.5795224905014038,0.0001250000059371814
524,0.6666666865348816,0.5913246273994446,0.0001250000059371814
525,0.6315789222717285,0.5880399942398071,0.0001250000059371814
526,0.6666666865348816,0.5836686491966248,0.0001250000059371814
527,0.6140350699424744,0.631964921951294,0.0001250000059371814
528,0.6491228342056274,0.5904796123504639,0.0001250000059371814
529,0.719298243522644,0.5819840431213379,0.0001250000059371814
530,0.6315789222717285,0.5811969637870789,0.0001250000059371814
531,0.6140350699424744,0.5863073468208313,0.0001250000059371814
532,0.6491228342056274,0.5843254327774048,0.0001250000059371814
533,0.6140350699424744,0.601113498210907,0.0001250000059371814
534,0.7017543911933899,0.5833261609077454,0.0001250000059371814
535,0.719298243522644,0.5637944936752319,0.0001250000059371814
536,0.6315789222717285,0.5968747735023499,0.0001250000059371814
537,0.6842105388641357,0.5885258913040161,0.0001250000059371814
538,0.6666666865348816,0.6113016605377197,9.999999747378752e-05
539,0.719298243522644,0.55539470911026,9.999999747378752e-05
540,0.7017543911933899,0.5928251147270203,9.999999747378752e-05
541,0.6315789222717285,0.5775930881500244,9.999999747378752e-05
542,0.5789473652839661,0.6203189492225647,9.999999747378752e-05
543,0.6491228342056274,0.6487782597541809,9.999999747378752e-05
544,0.7017543911933899,0.5813384056091309,9.999999747378752e-05
545,0.6140350699424744,0.6066789627075195,9.999999747378752e-05
546,0.6842105388641357,0.6045123338699341,9.999999747378752e-05
547,0.6666666865348816,0.5815715193748474,9.999999747378752e-05
548,0.7017543911933899,0.5963496565818787,9.999999747378752e-05
549,0.719298243522644,0.5620377659797668,9.999999747378752e-05
550,0.5614035129547119,0.6254177689552307,9.999999747378752e-05
551,0.6491228342056274,0.5677797198295593,9.999999747378752e-05
552,0.6666666865348816,0.5963180065155029,9.999999747378752e-05
553,0.719298243522644,0.5920792818069458,9.999999747378752e-05
554,0.6666666865348816,0.6141122579574585,9.999999747378752e-05
555,0.6842105388641357,0.5810584425926208,9.999999747378752e-05
556,0.7368420958518982,0.5747365951538086,9.999999747378752e-05
557,0.6666666865348816,0.6042717099189758,9.999999747378752e-05
558,0.6842105388641357,0.5913856029510498,9.999999747378752e-05
559,0.7017543911933899,0.5847272276878357,9.999999747378752e-05
560,0.7017543911933899,0.5580160617828369,9.999999747378752e-05
561,0.6842105388641357,0.605808436870575,9.999999747378752e-05
562,0.6842105388641357,0.575044572353363,9.999999747378752e-05
563,0.7719298005104065,0.5699753761291504,9.999999747378752e-05
564,0.7368420958518982,0.5921267867088318,9.999999747378752e-05
565,0.719298243522644,0.5439373254776001,9.999999747378752e-05
566,0.6140350699424744,0.606886088848114,9.999999747378752e-05
567,0.5964912176132202,0.6069871187210083,9.999999747378752e-05
568,0.6140350699424744,0.5778167247772217,9.999999747378752e-05
569,0.6315789222717285,0.6081833243370056,9.999999747378752e-05
570,0.6842105388641357,0.5724116563796997,9.999999747378752e-05
571,0.7017543911933899,0.6037384867668152,9.999999747378752e-05
572,0.5789473652839661,0.6151264905929565,9.999999747378752e-05
573,0.5438596606254578,0.6069744229316711,9.999999747378752e-05
574,0.6315789222717285,0.6005192995071411,9.999999747378752e-05
575,0.6666666865348816,0.5907487273216248,9.999999747378752e-05
576,0.6842105388641357,0.5816714763641357,9.999999747378752e-05
577,0.719298243522644,0.5923624038696289,9.999999747378752e-05
578,0.719298243522644,0.5966436266899109,9.999999747378752e-05
579,0.6315789222717285,0.581125020980835,9.999999747378752e-05
580,0.5964912176132202,0.6088016629219055,9.999999747378752e-05
581,0.7017543911933899,0.582552433013916,9.999999747378752e-05
582,0.6842105388641357,0.5835227370262146,9.999999747378752e-05
583,0.6666666865348816,0.5970773696899414,9.999999747378752e-05
584,0.5789473652839661,0.6029161810874939,9.999999747378752e-05
585,0.6842105388641357,0.5759535431861877,9.999999747378752e-05
586,0.7543859481811523,0.570065438747406,9.999999747378752e-05
587,0.719298243522644,0.606886088848114,9.999999747378752e-05
588,0.6666666865348816,0.5513152480125427,9.999999747378752e-05
589,0.6140350699424744,0.6337104439735413,9.999999747378752e-05
590,0.7543859481811523,0.5676863193511963,9.999999747378752e-05
591,0.6842105388641357,0.6238939762115479,9.999999747378752e-05
592,0.7368420958518982,0.5525022745132446,9.999999747378752e-05
593,0.6140350699424744,0.6255989670753479,9.999999747378752e-05
594,0.6666666865348816,0.5876364707946777,9.999999747378752e-05
595,0.6666666865348816,0.5644482970237732,9.999999747378752e-05
596,0.6842105388641357,0.6146098971366882,9.999999747378752e-05
597,0.5964912176132202,0.6271657347679138,9.999999747378752e-05
598,0.7894737124443054,0.5565794110298157,9.999999747378752e-05
599,0.6842105388641357,0.5955673456192017,9.999999747378752e-05
600,0.6315789222717285,0.6018431186676025,9.999999747378752e-05
601,0.6491228342056274,0.6111942529678345,9.999999747378752e-05
602,0.5438596606254578,0.6015729308128357,9.999999747378752e-05
603,0.6666666865348816,0.5984371900558472,9.999999747378752e-05
604,0.6842105388641357,0.6007785201072693,9.999999747378752e-05
605,0.6666666865348816,0.6237745881080627,9.999999747378752e-05
606,0.6315789222717285,0.580490231513977,9.999999747378752e-05
607,0.7017543911933899,0.5553685426712036,9.999999747378752e-05
608,0.7368420958518982,0.558907687664032,9.999999747378752e-05
609,0.6842105388641357,0.5811053514480591,9.999999747378752e-05
610,0.6666666865348816,0.578238844871521,9.999999747378752e-05
611,0.6666666865348816,0.6216222047805786,9.999999747378752e-05
612,0.7017543911933899,0.5730971693992615,9.999999747378752e-05
613,0.719298243522644,0.5755704045295715,9.999999747378752e-05
614,0.5789473652839661,0.6214370131492615,9.999999747378752e-05
615,0.6491228342056274,0.6022651195526123,9.999999747378752e-05
616,0.6315789222717285,0.5884168148040771,9.999999747378752e-05
617,0.7543859481811523,0.5630596876144409,9.999999747378752e-05
618,0.6491228342056274,0.6167073249816895,9.999999747378752e-05
619,0.6842105388641357,0.5931463837623596,9.999999747378752e-05
620,0.6491228342056274,0.6130827069282532,9.999999747378752e-05
621,0.6842105388641357,0.6029321551322937,9.999999747378752e-05
622,0.5789473652839661,0.6237191557884216,9.999999747378752e-05
623,0.6842105388641357,0.6097052693367004,9.999999747378752e-05
624,0.6491228342056274,0.5886965990066528,9.999999747378752e-05
625,0.6666666865348816,0.5877096652984619,9.999999747378752e-05
626,0.6666666865348816,0.6217902302742004,9.999999747378752e-05
627,0.6666666865348816,0.5889320969581604,9.999999747378752e-05
628,0.6140350699424744,0.5964299440383911,9.999999747378752e-05
629,0.6666666865348816,0.6129889488220215,9.999999747378752e-05
630,0.6140350699424744,0.6042194962501526,9.999999747378752e-05
631,0.7017543911933899,0.5946075320243835,9.999999747378752e-05
632,0.5964912176132202,0.6082803010940552,9.999999747378752e-05
633,0.6315789222717285,0.6279439926147461,9.999999747378752e-05
634,0.6842105388641357,0.5855472087860107,9.999999747378752e-05
635,0.6315789222717285,0.5845233201980591,9.999999747378752e-05
636,0.7543859481811523,0.5811313986778259,9.999999747378752e-05
637,0.7017543911933899,0.5660616159439087,9.999999747378752e-05
638,0.6842105388641357,0.5937313437461853,9.999999747378752e-05
639,0.6842105388641357,0.587904691696167,9.999999747378752e-05
640,0.6140350699424744,0.6076027154922485,9.999999747378752e-05
641,0.6140350699424744,0.6215471029281616,9.999999747378752e-05
642,0.7543859481811523,0.5553936958312988,9.999999747378752e-05
643,0.7543859481811523,0.5669228434562683,9.999999747378752e-05
644,0.719298243522644,0.5874917507171631,9.999999747378752e-05
645,0.7017543911933899,0.6029322147369385,9.999999747378752e-05
646,0.6491228342056274,0.6010394096374512,9.999999747378752e-05
647,0.6842105388641357,0.5768720507621765,9.999999747378752e-05
648,0.6140350699424744,0.5741015672683716,9.999999747378752e-05
649,0.6140350699424744,0.6333990097045898,9.999999747378752e-05
650,0.6666666865348816,0.6177470088005066,9.999999747378752e-05
651,0.5964912176132202,0.6127319931983948,9.999999747378752e-05
652,0.6315789222717285,0.6138256788253784,9.999999747378752e-05
653,0.7017543911933899,0.5750946998596191,9.999999747378752e-05
654,0.7017543911933899,0.5760084390640259,9.999999747378752e-05
655,0.6315789222717285,0.6080390810966492,9.999999747378752e-05
656,0.6842105388641357,0.5763698220252991,9.999999747378752e-05
657,0.6315789222717285,0.5923078060150146,9.999999747378752e-05
658,0.6666666865348816,0.6008743047714233,9.999999747378752e-05
659,0.7368420958518982,0.5652275681495667,9.999999747378752e-05
660,0.5964912176132202,0.6205806136131287,9.999999747378752e-05
661,0.6842105388641357,0.5910956263542175,9.999999747378752e-05
662,0.6315789222717285,0.6203312873840332,9.999999747378752e-05
663,0.719298243522644,0.5694156885147095,9.999999747378752e-05
664,0.6666666865348816,0.586200475692749,9.999999747378752e-05
665,0.6140350699424744,0.6028017401695251,9.999999747378752e-05
666,0.7017543911933899,0.5951260328292847,9.999999747378752e-05
667,0.7543859481811523,0.5697231888771057,9.999999747378752e-05
668,0.6666666865348816,0.6099525094032288,9.999999747378752e-05
669,0.6842105388641357,0.5780777335166931,9.999999747378752e-05
670,0.719298243522644,0.6016002893447876,9.999999747378752e-05
671,0.6842105388641357,0.5853598117828369,9.999999747378752e-05
672,0.7368420958518982,0.5749948620796204,9.999999747378752e-05
673,0.6315789222717285,0.5944797396659851,9.999999747378752e-05
674,0.6315789222717285,0.5989248156547546,9.999999747378752e-05
675,0.719298243522644,0.5938724875450134,9.999999747378752e-05
676,0.7017543911933899,0.5984256267547607,9.999999747378752e-05
677,0.6842105388641357,0.6090373396873474,9.999999747378752e-05
678,0.719298243522644,0.5744913816452026,9.999999747378752e-05
679,0.7017543911933899,0.5932310819625854,9.999999747378752e-05
680,0.6491228342056274,0.6253988742828369,9.999999747378752e-05
681,0.6315789222717285,0.603141188621521,9.999999747378752e-05
682,0.6315789222717285,0.6195160746574402,9.999999747378752e-05
683,0.6842105388641357,0.5640485286712646,9.999999747378752e-05
684,0.5964912176132202,0.6053188443183899,9.999999747378752e-05
685,0.6666666865348816,0.5791879892349243,9.999999747378752e-05
686,0.7368420958518982,0.5728251934051514,9.999999747378752e-05
687,0.7017543911933899,0.599897563457489,9.999999747378752e-05
688,0.6491228342056274,0.6204425692558289,9.999999747378752e-05
689,0.6666666865348816,0.581721305847168,9.999999747378752e-05
690,0.6666666865348816,0.5715475082397461,9.999999747378752e-05
691,0.6842105388641357,0.606932520866394,9.999999747378752e-05
692,0.6315789222717285,0.5983958840370178,9.999999747378752e-05
693,0.7017543911933899,0.5756539702415466,9.999999747378752e-05
694,0.719298243522644,0.572614312171936,9.999999747378752e-05
695,0.6315789222717285,0.6060454249382019,9.999999747378752e-05
696,0.7894737124443054,0.588922917842865,9.999999747378752e-05
697,0.719298243522644,0.5398293733596802,9.999999747378752e-05
698,0.6842105388641357,0.5758737921714783,9.999999747378752e-05
699,0.6491228342056274,0.6037986278533936,9.999999747378752e-05
700,0.719298243522644,0.5721325874328613,9.999999747378752e-05
701,0.6491228342056274,0.6161849498748779,9.999999747378752e-05
702,0.6491228342056274,0.5976552367210388,9.999999747378752e-05
703,0.719298243522644,0.5737386345863342,9.999999747378752e-05
704,0.6842105388641357,0.5782076716423035,9.999999747378752e-05
705,0.6842105388641357,0.5741321444511414,9.999999747378752e-05
706,0.6842105388641357,0.5729186534881592,9.999999747378752e-05
707,0.7543859481811523,0.5556387901306152,9.999999747378752e-05
708,0.6140350699424744,0.616155743598938,9.999999747378752e-05
709,0.5964912176132202,0.6105242371559143,9.999999747378752e-05
710,0.719298243522644,0.5858853459358215,9.999999747378752e-05
711,0.7017543911933899,0.6021706461906433,9.999999747378752e-05
712,0.6666666865348816,0.6089389324188232,9.999999747378752e-05
713,0.6842105388641357,0.6048740148544312,9.999999747378752e-05
714,0.7017543911933899,0.6096906661987305,9.999999747378752e-05
715,0.719298243522644,0.5766700506210327,9.999999747378752e-05
716,0.6842105388641357,0.5739014744758606,9.999999747378752e-05
717,0.6140350699424744,0.6284838914871216,9.999999747378752e-05
718,0.6491228342056274,0.5693406462669373,9.999999747378752e-05
719,0.719298243522644,0.574853241443634,9.999999747378752e-05
720,0.8070175647735596,0.5652257204055786,9.999999747378752e-05
721,0.7368420958518982,0.5717418193817139,9.999999747378752e-05
722,0.6842105388641357,0.5904586911201477,9.999999747378752e-05
723,0.6666666865348816,0.6158653497695923,9.999999747378752e-05
724,0.7543859481811523,0.5729931592941284,9.999999747378752e-05
725,0.7368420958518982,0.5793873071670532,9.999999747378752e-05
726,0.6842105388641357,0.5843216776847839,9.999999747378752e-05
727,0.8245614171028137,0.5527610778808594,9.999999747378752e-05
728,0.7017543911933899,0.6003685593605042,9.999999747378752e-05
729,0.6666666865348816,0.5730494856834412,9.999999747378752e-05
730,0.719298243522644,0.5980654954910278,9.999999747378752e-05
731,0.7017543911933899,0.5983202457427979,9.999999747378752e-05
732,0.6491228342056274,0.6081787347793579,9.999999747378752e-05
733,0.7017543911933899,0.5664705038070679,9.999999747378752e-05
734,0.6666666865348816,0.605613112449646,9.999999747378752e-05
735,0.6315789222717285,0.5962000489234924,9.999999747378752e-05
736,0.7017543911933899,0.5798654556274414,9.999999747378752e-05
737,0.7017543911933899,0.6189029812812805,9.999999747378752e-05
738,0.6315789222717285,0.6128407120704651,9.999999747378752e-05
739,0.7017543911933899,0.5785005688667297,9.999999747378752e-05
740,0.6666666865348816,0.583325207233429,9.999999747378752e-05
741,0.6315789222717285,0.6199977993965149,9.999999747378752e-05
742,0.6666666865348816,0.6041525602340698,9.999999747378752e-05
743,0.6842105388641357,0.6012201309204102,9.999999747378752e-05
744,0.5789473652839661,0.6452818512916565,9.999999747378752e-05
745,0.6666666865348816,0.5947375297546387,9.999999747378752e-05
746,0.7368420958518982,0.5769718289375305,9.999999747378752e-05
747,0.7017543911933899,0.5774990320205688,9.999999747378752e-05
748,0.6842105388641357,0.5964270234107971,9.999999747378752e-05
749,0.6491228342056274,0.5739237070083618,9.999999747378752e-05
750,0.7543859481811523,0.5923262238502502,9.999999747378752e-05
751,0.6842105388641357,0.5875577330589294,9.999999747378752e-05
752,0.7543859481811523,0.5808302164077759,9.999999747378752e-05
753,0.6842105388641357,0.6095669269561768,9.999999747378752e-05
754,0.6666666865348816,0.606742799282074,9.999999747378752e-05
755,0.6491228342056274,0.6336016654968262,9.999999747378752e-05
756,0.6491228342056274,0.5862770080566406,9.999999747378752e-05
757,0.7017543911933899,0.600903332233429,9.999999747378752e-05
758,0.6491228342056274,0.5913440585136414,9.999999747378752e-05
759,0.6842105388641357,0.5718391537666321,9.999999747378752e-05
760,0.6842105388641357,0.5882517099380493,9.999999747378752e-05
761,0.6666666865348816,0.6190935373306274,9.999999747378752e-05
762,0.6315789222717285,0.6011871695518494,9.999999747378752e-05
763,0.6491228342056274,0.5859522223472595,9.999999747378752e-05
764,0.5964912176132202,0.5956151485443115,9.999999747378752e-05
765,0.7017543911933899,0.5746995806694031,9.999999747378752e-05
766,0.7017543911933899,0.5809982419013977,9.999999747378752e-05
767,0.7017543911933899,0.5674152970314026,9.999999747378752e-05
768,0.719298243522644,0.5783697962760925,9.999999747378752e-05
769,0.6842105388641357,0.565931499004364,9.999999747378752e-05
770,0.7368420958518982,0.5533652901649475,9.999999747378752e-05
771,0.7017543911933899,0.5733426809310913,9.999999747378752e-05
772,0.7017543911933899,0.5769805908203125,9.999999747378752e-05
773,0.6666666865348816,0.5747398138046265,9.999999747378752e-05
774,0.719298243522644,0.5745704770088196,9.999999747378752e-05
775,0.7017543911933899,0.5913594961166382,9.999999747378752e-05
776,0.6315789222717285,0.5878130197525024,9.999999747378752e-05
777,0.7719298005104065,0.5715478658676147,9.999999747378752e-05
778,0.6315789222717285,0.6299224495887756,9.999999747378752e-05
779,0.6315789222717285,0.5891627073287964,9.999999747378752e-05
780,0.6491228342056274,0.5878885984420776,9.999999747378752e-05
781,0.6666666865348816,0.5948192477226257,9.999999747378752e-05
782,0.6842105388641357,0.6048092246055603,9.999999747378752e-05
783,0.6842105388641357,0.5826470851898193,9.999999747378752e-05
784,0.6842105388641357,0.5872966051101685,9.999999747378752e-05
785,0.6491228342056274,0.5973607301712036,9.999999747378752e-05
786,0.6140350699424744,0.6109039187431335,9.999999747378752e-05
787,0.6140350699424744,0.6031805276870728,9.999999747378752e-05
788,0.6666666865348816,0.580963671207428,9.999999747378752e-05
789,0.6666666865348816,0.5902699828147888,9.999999747378752e-05
790,0.5964912176132202,0.5916104316711426,9.999999747378752e-05
791,0.719298243522644,0.5679011344909668,9.999999747378752e-05
792,0.6666666865348816,0.580917239189148,9.999999747378752e-05
793,0.6666666865348816,0.5663370490074158,9.999999747378752e-05
794,0.6666666865348816,0.5783109068870544,9.999999747378752e-05
795,0.6666666865348816,0.5836528539657593,9.999999747378752e-05
796,0.7017543911933899,0.5759985446929932,9.999999747378752e-05
797,0.7017543911933899,0.587070643901825,9.999999747378752e-05
798,0.6842105388641357,0.5824661254882812,9.999999747378752e-05
799,0.6666666865348816,0.6165838241577148,9.999999747378752e-05
800,0.6491228342056274,0.6100927591323853,9.999999747378752e-05
801,0.6315789222717285,0.5988885760307312,9.999999747378752e-05
802,0.6140350699424744,0.6223650574684143,9.999999747378752e-05
803,0.7368420958518982,0.5550432801246643,9.999999747378752e-05
804,0.6315789222717285,0.6049188375473022,9.999999747378752e-05
805,0.6491228342056274,0.6190463900566101,9.999999747378752e-05
806,0.5614035129547119,0.639352023601532,9.999999747378752e-05
807,0.7017543911933899,0.5801874995231628,9.999999747378752e-05
808,0.6666666865348816,0.5968465805053711,9.999999747378752e-05
809,0.7017543911933899,0.5693924427032471,9.999999747378752e-05
810,0.7543859481811523,0.5770606994628906,9.999999747378752e-05
811,0.5964912176132202,0.6120635867118835,9.999999747378752e-05
812,0.6666666865348816,0.6006888747215271,9.999999747378752e-05
813,0.7017543911933899,0.5892499089241028,9.999999747378752e-05
814,0.6666666865348816,0.5958059430122375,9.999999747378752e-05
815,0.6315789222717285,0.5898841619491577,9.999999747378752e-05
816,0.7017543911933899,0.5744277834892273,9.999999747378752e-05
817,0.7368420958518982,0.5651153326034546,9.999999747378752e-05
818,0.5789473652839661,0.6250680088996887,9.999999747378752e-05
819,0.7017543911933899,0.5851153135299683,9.999999747378752e-05
820,0.6140350699424744,0.6044822931289673,9.999999747378752e-05
821,0.6842105388641357,0.5823313593864441,9.999999747378752e-05
822,0.6315789222717285,0.6083048582077026,9.999999747378752e-05
823,0.6140350699424744,0.6026291251182556,9.999999747378752e-05
824,0.719298243522644,0.5847509503364563,9.999999747378752e-05
825,0.6315789222717285,0.6270509958267212,9.999999747378752e-05
826,0.6666666865348816,0.5721853375434875,9.999999747378752e-05
827,0.6842105388641357,0.5833687782287598,9.999999747378752e-05
828,0.6491228342056274,0.6083114147186279,9.999999747378752e-05
829,0.6140350699424744,0.5930089354515076,9.999999747378752e-05
830,0.5964912176132202,0.6024816036224365,9.999999747378752e-05
831,0.6666666865348816,0.5971067547798157,9.999999747378752e-05
832,0.6491228342056274,0.622468888759613,9.999999747378752e-05
833,0.6140350699424744,0.5950127243995667,9.999999747378752e-05
834,0.719298243522644,0.6046366095542908,9.999999747378752e-05
835,0.6666666865348816,0.6148428916931152,9.999999747378752e-05
836,0.6666666865348816,0.569856584072113,9.999999747378752e-05
837,0.7017543911933899,0.5787457823753357,9.999999747378752e-05
838,0.6315789222717285,0.6270033717155457,9.999999747378752e-05
839,0.719298243522644,0.5904083847999573,9.999999747378752e-05
840,0.6140350699424744,0.6200692653656006,9.999999747378752e-05
841,0.6842105388641357,0.5851017236709595,9.999999747378752e-05
842,0.5789473652839661,0.627088725566864,9.999999747378752e-05
843,0.7368420958518982,0.551089882850647,9.999999747378752e-05
844,0.6842105388641357,0.60191410779953,9.999999747378752e-05
845,0.6666666865348816,0.5971836447715759,9.999999747378752e-05
846,0.7543859481811523,0.5647581219673157,9.999999747378752e-05
847,0.6491228342056274,0.6158626079559326,9.999999747378752e-05
848,0.6842105388641357,0.5946364998817444,9.999999747378752e-05
849,0.719298243522644,0.559378981590271,9.999999747378752e-05
850,0.6315789222717285,0.6013794541358948,9.999999747378752e-05
851,0.6491228342056274,0.5672069787979126,9.999999747378752e-05
852,0.6315789222717285,0.6054098010063171,9.999999747378752e-05
853,0.6842105388641357,0.6002907156944275,9.999999747378752e-05
854,0.6842105388641357,0.6175486445426941,9.999999747378752e-05
855,0.6491228342056274,0.5954502820968628,9.999999747378752e-05
856,0.7017543911933899,0.5836000442504883,9.999999747378752e-05
857,0.6842105388641357,0.5678346157073975,9.999999747378752e-05
858,0.6842105388641357,0.582382321357727,9.999999747378752e-05
859,0.6666666865348816,0.5806993842124939,9.999999747378752e-05
860,0.7017543911933899,0.567204475402832,9.999999747378752e-05
861,0.6666666865348816,0.5822420120239258,9.999999747378752e-05
862,0.6666666865348816,0.5997358560562134,9.999999747378752e-05
863,0.7017543911933899,0.5727587938308716,9.999999747378752e-05
864,0.6315789222717285,0.595779538154602,9.999999747378752e-05
865,0.6491228342056274,0.591552734375,9.999999747378752e-05
866,0.6315789222717285,0.5892923474311829,9.999999747378752e-05
867,0.7017543911933899,0.6170898079872131,9.999999747378752e-05
868,0.6315789222717285,0.6026557683944702,9.999999747378752e-05
869,0.5789473652839661,0.6377797722816467,9.999999747378752e-05
870,0.6315789222717285,0.6200702786445618,9.999999747378752e-05
871,0.6842105388641357,0.5872880816459656,9.999999747378752e-05
872,0.7017543911933899,0.5992262363433838,9.999999747378752e-05
873,0.719298243522644,0.5706034898757935,9.999999747378752e-05
874,0.7719298005104065,0.5761892199516296,9.999999747378752e-05
875,0.6315789222717285,0.5854730606079102,9.999999747378752e-05
876,0.6666666865348816,0.5963483452796936,9.999999747378752e-05
877,0.6666666865348816,0.5771875977516174,9.999999747378752e-05
878,0.6315789222717285,0.594029426574707,9.999999747378752e-05
879,0.7017543911933899,0.567663311958313,9.999999747378752e-05
880,0.5614035129547119,0.5976660251617432,9.999999747378752e-05
881,0.6491228342056274,0.5843220949172974,9.999999747378752e-05
882,0.719298243522644,0.564434826374054,9.999999747378752e-05
883,0.7017543911933899,0.5934250950813293,9.999999747378752e-05
884,0.6666666865348816,0.5775094032287598,9.999999747378752e-05
885,0.719298243522644,0.5680333971977234,9.999999747378752e-05
886,0.719298243522644,0.5698685646057129,9.999999747378752e-05
887,0.6140350699424744,0.6326038837432861,9.999999747378752e-05
888,0.6491228342056274,0.5651916861534119,9.999999747378752e-05
889,0.719298243522644,0.5769964456558228,9.999999747378752e-05
890,0.6842105388641357,0.6144185066223145,9.999999747378752e-05
891,0.7368420958518982,0.592923104763031,9.999999747378752e-05
892,0.6491228342056274,0.586807370185852,9.999999747378752e-05
893,0.6491228342056274,0.5956684350967407,9.999999747378752e-05
894,0.6666666865348816,0.6037300229072571,9.999999747378752e-05
895,0.719298243522644,0.5861665606498718,9.999999747378752e-05
896,0.7017543911933899,0.5745278596878052,9.999999747378752e-05
897,0.5614035129547119,0.6432129144668579,9.999999747378752e-05
898,0.6315789222717285,0.6113348603248596,9.999999747378752e-05
899,0.7017543911933899,0.564831554889679,9.999999747378752e-05
900,0.6140350699424744,0.6066271662712097,9.999999747378752e-05
901,0.6666666865348816,0.6018801331520081,9.999999747378752e-05
902,0.5964912176132202,0.5832542181015015,9.999999747378752e-05
903,0.719298243522644,0.5598832964897156,9.999999747378752e-05
904,0.6140350699424744,0.6326172351837158,9.999999747378752e-05
905,0.6842105388641357,0.5669714212417603,9.999999747378752e-05
906,0.6842105388641357,0.608228862285614,9.999999747378752e-05
907,0.7368420958518982,0.5763104557991028,9.999999747378752e-05
908,0.5964912176132202,0.5701526999473572,9.999999747378752e-05
909,0.6842105388641357,0.565416157245636,9.999999747378752e-05
910,0.719298243522644,0.5890422463417053,9.999999747378752e-05
911,0.7368420958518982,0.5666311383247375,9.999999747378752e-05
912,0.7017543911933899,0.5619527101516724,9.999999747378752e-05
913,0.719298243522644,0.5809430480003357,9.999999747378752e-05
914,0.7017543911933899,0.5678151845932007,9.999999747378752e-05
915,0.7368420958518982,0.5555658936500549,9.999999747378752e-05
916,0.7017543911933899,0.5539036393165588,9.999999747378752e-05
917,0.6315789222717285,0.579659104347229,9.999999747378752e-05
918,0.6140350699424744,0.6228634119033813,9.999999747378752e-05
919,0.6842105388641357,0.5696107745170593,9.999999747378752e-05
920,0.6666666865348816,0.6115860939025879,9.999999747378752e-05
921,0.5964912176132202,0.6026698350906372,9.999999747378752e-05
922,0.719298243522644,0.5877931118011475,9.999999747378752e-05
923,0.6842105388641357,0.5988500118255615,9.999999747378752e-05
924,0.6666666865348816,0.5839407444000244,9.999999747378752e-05
925,0.6491228342056274,0.6092135906219482,9.999999747378752e-05
926,0.6315789222717285,0.6383882761001587,9.999999747378752e-05
927,0.719298243522644,0.5889304876327515,9.999999747378752e-05
928,0.7368420958518982,0.5369062423706055,9.999999747378752e-05
929,0.6491228342056274,0.5935404300689697,9.999999747378752e-05
930,0.6842105388641357,0.5976787209510803,9.999999747378752e-05
931,0.7017543911933899,0.5747120976448059,9.999999747378752e-05
932,0.6315789222717285,0.6280414462089539,9.999999747378752e-05
933,0.6140350699424744,0.6020703911781311,9.999999747378752e-05
934,0.6315789222717285,0.6038520932197571,9.999999747378752e-05
935,0.7017543911933899,0.5773919224739075,9.999999747378752e-05
936,0.7543859481811523,0.5944166779518127,9.999999747378752e-05
937,0.7543859481811523,0.5453264713287354,9.999999747378752e-05
938,0.7894737124443054,0.5491890907287598,9.999999747378752e-05
939,0.6842105388641357,0.5774068236351013,9.999999747378752e-05
940,0.6315789222717285,0.6087053418159485,9.999999747378752e-05
941,0.6666666865348816,0.5678608417510986,9.999999747378752e-05
942,0.6842105388641357,0.6104437112808228,9.999999747378752e-05
943,0.7017543911933899,0.576173722743988,9.999999747378752e-05
944,0.6491228342056274,0.589238166809082,9.999999747378752e-05
945,0.6842105388641357,0.5889723896980286,9.999999747378752e-05
946,0.7017543911933899,0.5915553569793701,9.999999747378752e-05
947,0.6491228342056274,0.6102786064147949,9.999999747378752e-05
948,0.6842105388641357,0.6190626621246338,9.999999747378752e-05
949,0.6842105388641357,0.5901457667350769,9.999999747378752e-05
950,0.5789473652839661,0.6192024350166321,9.999999747378752e-05
951,0.6140350699424744,0.6196293234825134,9.999999747378752e-05
952,0.7017543911933899,0.5633889436721802,9.999999747378752e-05
953,0.6842105388641357,0.5934510231018066,9.999999747378752e-05
954,0.6315789222717285,0.5895392894744873,9.999999747378752e-05
955,0.6491228342056274,0.5720453262329102,9.999999747378752e-05
956,0.6315789222717285,0.5672573447227478,9.999999747378752e-05
957,0.6315789222717285,0.5648974180221558,9.999999747378752e-05
958,0.719298243522644,0.6164894104003906,9.999999747378752e-05
959,0.7368420958518982,0.5528731942176819,9.999999747378752e-05
960,0.6842105388641357,0.5975832939147949,9.999999747378752e-05
961,0.6315789222717285,0.5936890840530396,9.999999747378752e-05
962,0.5964912176132202,0.5912699699401855,9.999999747378752e-05
963,0.6315789222717285,0.5778056383132935,9.999999747378752e-05
964,0.7368420958518982,0.5614222288131714,9.999999747378752e-05
965,0.6315789222717285,0.5812431573867798,9.999999747378752e-05
966,0.6140350699424744,0.598980188369751,9.999999747378752e-05
967,0.7017543911933899,0.5609381198883057,9.999999747378752e-05
968,0.7543859481811523,0.5583261251449585,9.999999747378752e-05
969,0.719298243522644,0.6109084486961365,9.999999747378752e-05
970,0.5614035129547119,0.590155839920044,9.999999747378752e-05
971,0.719298243522644,0.5437555909156799,9.999999747378752e-05
972,0.5964912176132202,0.5993256568908691,9.999999747378752e-05
973,0.7017543911933899,0.5814858675003052,9.999999747378752e-05
974,0.719298243522644,0.5786383748054504,9.999999747378752e-05
975,0.7017543911933899,0.6231362819671631,9.999999747378752e-05
976,0.6491228342056274,0.606552004814148,9.999999747378752e-05
977,0.6842105388641357,0.5854310393333435,9.999999747378752e-05
978,0.6666666865348816,0.5966542959213257,9.999999747378752e-05
979,0.6666666865348816,0.5744767189025879,9.999999747378752e-05
980,0.7368420958518982,0.5518226027488708,9.999999747378752e-05
981,0.6491228342056274,0.5921683311462402,9.999999747378752e-05
982,0.6666666865348816,0.5966774225234985,9.999999747378752e-05
983,0.7543859481811523,0.549636960029602,9.999999747378752e-05
984,0.719298243522644,0.5627623200416565,9.999999747378752e-05
985,0.719298243522644,0.5967340469360352,9.999999747378752e-05
986,0.6315789222717285,0.5889051556587219,9.999999747378752e-05
987,0.5263158082962036,0.6394826173782349,9.999999747378752e-05
988,0.6315789222717285,0.5726655721664429,9.999999747378752e-05
989,0.6666666865348816,0.6032353043556213,9.999999747378752e-05
990,0.6491228342056274,0.5862033367156982,9.999999747378752e-05
991,0.719298243522644,0.5878223180770874,9.999999747378752e-05
992,0.6842105388641357,0.5680320858955383,9.999999747378752e-05
993,0.5614035129547119,0.6372963786125183,9.999999747378752e-05
994,0.7017543911933899,0.5888044238090515,9.999999747378752e-05
995,0.6666666865348816,0.574795126914978,9.999999747378752e-05
996,0.6140350699424744,0.60884028673172,9.999999747378752e-05
997,0.6666666865348816,0.5806828737258911,9.999999747378752e-05
998,0.5789473652839661,0.6062687635421753,9.999999747378752e-05
999,0.6842105388641357,0.5788754820823669,9.999999747378752e-05
1000,0.6315789222717285,0.5750038623809814,9.999999747378752e-05
1001,0.6315789222717285,0.6055230498313904,9.999999747378752e-05
1002,0.6666666865348816,0.5878199934959412,9.999999747378752e-05
1003,0.6842105388641357,0.5707382559776306,9.999999747378752e-05
1004,0.7017543911933899,0.5618333220481873,9.999999747378752e-05
1005,0.6842105388641357,0.5664680004119873,9.999999747378752e-05
1006,0.5964912176132202,0.5987008810043335,9.999999747378752e-05
1007,0.7543859481811523,0.5341634154319763,9.999999747378752e-05
1008,0.6666666865348816,0.5988901257514954,9.999999747378752e-05
1009,0.6315789222717285,0.6289079785346985,9.999999747378752e-05
1010,0.6666666865348816,0.5974177718162537,9.999999747378752e-05
1011,0.5964912176132202,0.6060882806777954,9.999999747378752e-05
1012,0.6842105388641357,0.6085530519485474,9.999999747378752e-05
1013,0.719298243522644,0.5574524998664856,9.999999747378752e-05
1014,0.719298243522644,0.5613372921943665,9.999999747378752e-05
1015,0.6842105388641357,0.5815738439559937,9.999999747378752e-05
1016,0.6315789222717285,0.6084838509559631,9.999999747378752e-05
1017,0.719298243522644,0.5626984238624573,9.999999747378752e-05
1018,0.7017543911933899,0.608353853225708,9.999999747378752e-05
1019,0.7017543911933899,0.545964777469635,9.999999747378752e-05
1020,0.6666666865348816,0.6075866222381592,9.999999747378752e-05
1021,0.7017543911933899,0.6334888339042664,9.999999747378752e-05
1022,0.6842105388641357,0.571200966835022,9.999999747378752e-05
1023,0.7017543911933899,0.5756685137748718,9.999999747378752e-05
1024,0.6491228342056274,0.582642674446106,9.999999747378752e-05
1025,0.7017543911933899,0.5491172671318054,9.999999747378752e-05
1026,0.7017543911933899,0.590843677520752,9.999999747378752e-05
1027,0.719298243522644,0.5737238526344299,9.999999747378752e-05
1028,0.719298243522644,0.5527025461196899,9.999999747378752e-05
1029,0.6315789222717285,0.5981218218803406,9.999999747378752e-05
1030,0.6491228342056274,0.5745921730995178,9.999999747378752e-05
1031,0.7543859481811523,0.5655842423439026,9.999999747378752e-05
1032,0.719298243522644,0.5633301138877869,9.999999747378752e-05
1033,0.6666666865348816,0.6362587213516235,9.999999747378752e-05
1034,0.6666666865348816,0.5792276859283447,9.999999747378752e-05
1035,0.6491228342056274,0.5884214639663696,9.999999747378752e-05
1036,0.719298243522644,0.5753853917121887,9.999999747378752e-05
1037,0.6666666865348816,0.6080411672592163,9.999999747378752e-05
1038,0.7543859481811523,0.5526010394096375,9.999999747378752e-05
1039,0.6491228342056274,0.6354178190231323,9.999999747378752e-05
1040,0.6666666865348816,0.6028986573219299,9.999999747378752e-05
1041,0.6491228342056274,0.5749017596244812,9.999999747378752e-05
1042,0.6315789222717285,0.6108735799789429,9.999999747378752e-05
1043,0.5964912176132202,0.604391872882843,9.999999747378752e-05
1044,0.6666666865348816,0.5896205306053162,9.999999747378752e-05
1045,0.719298243522644,0.6099465489387512,9.999999747378752e-05
1046,0.6666666865348816,0.6193476915359497,9.999999747378752e-05
1047,0.7017543911933899,0.6262692213058472,9.999999747378752e-05
1048,0.6666666865348816,0.5708521008491516,9.999999747378752e-05
1049,0.6491228342056274,0.6001399755477905,9.999999747378752e-05
1050,0.7017543911933899,0.6028165221214294,9.999999747378752e-05
1051,0.6315789222717285,0.6027916073799133,9.999999747378752e-05
1052,0.7017543911933899,0.573434591293335,9.999999747378752e-05
1053,0.6842105388641357,0.5512003898620605,9.999999747378752e-05
1054,0.6315789222717285,0.569145143032074,9.999999747378752e-05
1055,0.6491228342056274,0.5727739930152893,9.999999747378752e-05
1056,0.6315789222717285,0.5920724272727966,9.999999747378752e-05
1057,0.6315789222717285,0.5970678925514221,9.999999747378752e-05
1058,0.7368420958518982,0.5678437948226929,9.999999747378752e-05
1059,0.7894737124443054,0.5439467430114746,9.999999747378752e-05
1060,0.6491228342056274,0.5799689292907715,9.999999747378752e-05
1061,0.6666666865348816,0.5898696780204773,9.999999747378752e-05
1062,0.6666666865348816,0.5874488353729248,9.999999747378752e-05
1063,0.6666666865348816,0.5881937146186829,9.999999747378752e-05
1064,0.7017543911933899,0.5604515671730042,9.999999747378752e-05
1065,0.6491228342056274,0.593954861164093,9.999999747378752e-05
1066,0.7017543911933899,0.5953925251960754,9.999999747378752e-05
1067,0.6491228342056274,0.5644123554229736,9.999999747378752e-05
1068,0.6842105388641357,0.5779365301132202,9.999999747378752e-05
1069,0.6666666865348816,0.5879175066947937,9.999999747378752e-05
1070,0.719298243522644,0.5973316431045532,9.999999747378752e-05
1071,0.6842105388641357,0.5720927715301514,9.999999747378752e-05
1072,0.7017543911933899,0.5802269577980042,9.999999747378752e-05
1073,0.6666666865348816,0.5990939140319824,9.999999747378752e-05
1074,0.6666666865348816,0.5864799618721008,9.999999747378752e-05
1075,0.6842105388641357,0.5794367790222168,9.999999747378752e-05
1076,0.6491228342056274,0.5961812734603882,9.999999747378752e-05
1077,0.6140350699424744,0.5949971675872803,9.999999747378752e-05
1078,0.5789473652839661,0.6364835500717163,9.999999747378752e-05
1079,0.6666666865348816,0.5808992385864258,9.999999747378752e-05
1080,0.6666666865348816,0.5903031229972839,9.999999747378752e-05
1081,0.6491228342056274,0.5622764825820923,9.999999747378752e-05
1082,0.7017543911933899,0.5581440925598145,9.999999747378752e-05
1083,0.6491228342056274,0.5990288853645325,9.999999747378752e-05
1084,0.7368420958518982,0.5878686904907227,9.999999747378752e-05
1085,0.6666666865348816,0.5752236247062683,9.999999747378752e-05
1086,0.7543859481811523,0.5879727602005005,9.999999747378752e-05
1087,0.719298243522644,0.5603758692741394,9.999999747378752e-05
1088,0.719298243522644,0.5588494539260864,9.999999747378752e-05
1089,0.6666666865348816,0.6040273308753967,9.999999747378752e-05
1090,0.6666666865348816,0.5580540299415588,9.999999747378752e-05
1091,0.6666666865348816,0.5903253555297852,9.999999747378752e-05
1092,0.6842105388641357,0.5623559951782227,9.999999747378752e-05
1093,0.7017543911933899,0.5903904438018799,9.999999747378752e-05
1094,0.6842105388641357,0.6156293153762817,9.999999747378752e-05
1095,0.719298243522644,0.576840877532959,9.999999747378752e-05
1096,0.7719298005104065,0.5543175339698792,9.999999747378752e-05
1097,0.7368420958518982,0.5915651917457581,9.999999747378752e-05
1098,0.7719298005104065,0.5719549655914307,9.999999747378752e-05
1099,0.719298243522644,0.5716279149055481,9.999999747378752e-05
1100,0.6491228342056274,0.5840094089508057,9.999999747378752e-05
1101,0.6491228342056274,0.5788074731826782,9.999999747378752e-05
1102,0.7017543911933899,0.5857943892478943,9.999999747378752e-05
1103,0.6491228342056274,0.5834127068519592,9.999999747378752e-05
1104,0.719298243522644,0.5646416544914246,9.999999747378752e-05
1105,0.6666666865348816,0.5770492553710938,9.999999747378752e-05
1106,0.6666666865348816,0.5972798466682434,9.999999747378752e-05
1107,0.7543859481811523,0.5534436702728271,9.999999747378752e-05
1108,0.5789473652839661,0.6201518774032593,9.999999747378752e-05
1109,0.6666666865348816,0.5769001245498657,9.999999747378752e-05
1110,0.7017543911933899,0.572570264339447,9.999999747378752e-05
1111,0.6491228342056274,0.5759202241897583,9.999999747378752e-05
1112,0.6842105388641357,0.5774044990539551,9.999999747378752e-05
1113,0.7543859481811523,0.5559860467910767,9.999999747378752e-05
1114,0.7719298005104065,0.5735557675361633,9.999999747378752e-05
1115,0.7017543911933899,0.5913494825363159,9.999999747378752e-05
1116,0.6140350699424744,0.59421306848526,9.999999747378752e-05
1117,0.6140350699424744,0.6423356533050537,9.999999747378752e-05
1118,0.7017543911933899,0.5474039316177368,9.999999747378752e-05
1119,0.7017543911933899,0.5544591546058655,9.999999747378752e-05
1120,0.6842105388641357,0.5750033259391785,9.999999747378752e-05
1121,0.6842105388641357,0.588331401348114,9.999999747378752e-05
1122,0.7719298005104065,0.5518898367881775,9.999999747378752e-05
1123,0.6491228342056274,0.5860868096351624,9.999999747378752e-05
1124,0.6491228342056274,0.6047652959823608,9.999999747378752e-05
1125,0.6842105388641357,0.6066956520080566,9.999999747378752e-05
1126,0.7368420958518982,0.5388879179954529,9.999999747378752e-05
1127,0.719298243522644,0.565116822719574,9.999999747378752e-05
1128,0.6491228342056274,0.599908173084259,9.999999747378752e-05
1129,0.719298243522644,0.6126590967178345,9.999999747378752e-05
1130,0.5964912176132202,0.5959239602088928,9.999999747378752e-05
1131,0.6491228342056274,0.5909385681152344,9.999999747378752e-05
1132,0.6842105388641357,0.5898091793060303,9.999999747378752e-05
1133,0.6842105388641357,0.5836437344551086,9.999999747378752e-05
1134,0.7017543911933899,0.5922352075576782,9.999999747378752e-05
1135,0.5789473652839661,0.6294456720352173,9.999999747378752e-05
1136,0.6842105388641357,0.60917729139328,9.999999747378752e-05
1137,0.6315789222717285,0.6028868556022644,9.999999747378752e-05
1138,0.6842105388641357,0.5835705399513245,9.999999747378752e-05
1139,0.6491228342056274,0.6099708080291748,9.999999747378752e-05
1140,0.6315789222717285,0.5811855792999268,9.999999747378752e-05
1141,0.6315789222717285,0.6036067008972168,9.999999747378752e-05
1142,0.6842105388641357,0.5675349235534668,9.999999747378752e-05
1143,0.7017543911933899,0.542902946472168,9.999999747378752e-05
1144,0.6140350699424744,0.6333152651786804,9.999999747378752e-05
1145,0.6842105388641357,0.5907059907913208,9.999999747378752e-05
1146,0.6491228342056274,0.5924379825592041,9.999999747378752e-05
1147,0.7017543911933899,0.566819429397583,9.999999747378752e-05
1148,0.6491228342056274,0.5999122858047485,9.999999747378752e-05
1149,0.6842105388641357,0.5681888461112976,9.999999747378752e-05
1150,0.7368420958518982,0.5732170343399048,9.999999747378752e-05
1151,0.6842105388641357,0.5529274344444275,9.999999747378752e-05
1152,0.5964912176132202,0.6402940154075623,9.999999747378752e-05
1153,0.7719298005104065,0.5473155379295349,9.999999747378752e-05
1154,0.6491228342056274,0.6191117763519287,9.999999747378752e-05
1155,0.6491228342056274,0.6041737198829651,9.999999747378752e-05
1156,0.7368420958518982,0.5646372437477112,9.999999747378752e-05
1157,0.7368420958518982,0.5540899634361267,9.999999747378752e-05
1158,0.7543859481811523,0.5796944499015808,9.999999747378752e-05
1159,0.6315789222717285,0.6098377108573914,9.999999747378752e-05
1160,0.6491228342056274,0.5873689651489258,9.999999747378752e-05
1161,0.6842105388641357,0.5746967196464539,9.999999747378752e-05
1162,0.6842105388641357,0.61998051404953,9.999999747378752e-05
1163,0.7017543911933899,0.615020751953125,9.999999747378752e-05
1164,0.6842105388641357,0.5632641911506653,9.999999747378752e-05
1165,0.7543859481811523,0.5513636469841003,9.999999747378752e-05
1166,0.6842105388641357,0.5822761058807373,9.999999747378752e-05
1167,0.7017543911933899,0.5622390508651733,9.999999747378752e-05
1168,0.719298243522644,0.5763844847679138,9.999999747378752e-05
1169,0.6315789222717285,0.5844920873641968,9.999999747378752e-05
1170,0.7017543911933899,0.5991626381874084,9.999999747378752e-05
1171,0.7719298005104065,0.5554534196853638,9.999999747378752e-05
1172,0.719298243522644,0.5865011811256409,9.999999747378752e-05
1173,0.7017543911933899,0.564157247543335,9.999999747378752e-05
1174,0.719298243522644,0.5712760090827942,9.999999747378752e-05
1175,0.7368420958518982,0.5493675470352173,9.999999747378752e-05
1176,0.6491228342056274,0.5937504768371582,9.999999747378752e-05
1177,0.5789473652839661,0.6312407851219177,9.999999747378752e-05
1178,0.7017543911933899,0.5918572545051575,9.999999747378752e-05
1179,0.7017543911933899,0.5888241529464722,9.999999747378752e-05
1180,0.7543859481811523,0.5758137106895447,9.999999747378752e-05
1181,0.6842105388641357,0.5731844902038574,9.999999747378752e-05
1182,0.5614035129547119,0.6386971473693848,9.999999747378752e-05
1183,0.6315789222717285,0.5793379545211792,9.999999747378752e-05
1184,0.7368420958518982,0.531226396560669,9.999999747378752e-05
1185,0.6491228342056274,0.5924670100212097,9.999999747378752e-05
1186,0.6842105388641357,0.5926404595375061,9.999999747378752e-05
1187,0.6666666865348816,0.5541993975639343,9.999999747378752e-05
1188,0.6842105388641357,0.5908960700035095,9.999999747378752e-05
1189,0.6842105388641357,0.5748022794723511,9.999999747378752e-05
1190,0.6666666865348816,0.6030610203742981,9.999999747378752e-05
1191,0.7017543911933899,0.5551307201385498,9.999999747378752e-05
1192,0.7017543911933899,0.5774475336074829,9.999999747378752e-05
1193,0.6666666865348816,0.5737276077270508,9.999999747378752e-05
1194,0.7543859481811523,0.5826146602630615,9.999999747378752e-05
1195,0.6842105388641357,0.6030784249305725,9.999999747378752e-05
1196,0.6491228342056274,0.6099295616149902,9.999999747378752e-05
1197,0.6315789222717285,0.5820072293281555,9.999999747378752e-05
1198,0.6666666865348816,0.574554979801178,9.999999747378752e-05
1199,0.6842105388641357,0.5894507169723511,9.999999747378752e-05
1200,0.7017543911933899,0.5751452445983887,9.999999747378752e-05
1201,0.6491228342056274,0.5972312092781067,9.999999747378752e-05
1202,0.6842105388641357,0.6002588868141174,9.999999747378752e-05
1203,0.7543859481811523,0.5498675107955933,9.999999747378752e-05
1204,0.7719298005104065,0.5377461910247803,9.999999747378752e-05
1205,0.719298243522644,0.5502432584762573,9.999999747378752e-05
1206,0.5964912176132202,0.6073364615440369,9.999999747378752e-05
1207,0.7368420958518982,0.5544488430023193,9.999999747378752e-05
1208,0.7017543911933899,0.5915358066558838,9.999999747378752e-05
1209,0.719298243522644,0.5684465765953064,9.999999747378752e-05
1210,0.6842105388641357,0.6162850856781006,9.999999747378752e-05
1211,0.6315789222717285,0.6197190284729004,9.999999747378752e-05
1212,0.7017543911933899,0.5786631107330322,9.999999747378752e-05
1213,0.719298243522644,0.5655260682106018,9.999999747378752e-05
1214,0.7017543911933899,0.5876724720001221,9.999999747378752e-05
1215,0.7017543911933899,0.5717103481292725,9.999999747378752e-05
1216,0.7017543911933899,0.6000943779945374,9.999999747378752e-05
1217,0.6842105388641357,0.5987446308135986,9.999999747378752e-05
1218,0.6666666865348816,0.586950421333313,9.999999747378752e-05
1219,0.6315789222717285,0.6190938353538513,9.999999747378752e-05
1220,0.6842105388641357,0.5850496888160706,9.999999747378752e-05
1221,0.6491228342056274,0.6043864488601685,9.999999747378752e-05
1222,0.7368420958518982,0.563844621181488,9.999999747378752e-05
1223,0.6491228342056274,0.5929877161979675,9.999999747378752e-05
1224,0.7017543911933899,0.5896158814430237,9.999999747378752e-05
1225,0.6491228342056274,0.5932918190956116,9.999999747378752e-05
1226,0.6666666865348816,0.5911467671394348,9.999999747378752e-05
1227,0.719298243522644,0.5515995025634766,9.999999747378752e-05
1228,0.719298243522644,0.5529661178588867,9.999999747378752e-05
1229,0.6315789222717285,0.615714967250824,9.999999747378752e-05
1230,0.7017543911933899,0.5811278820037842,9.999999747378752e-05
1231,0.7017543911933899,0.585723876953125,9.999999747378752e-05
1232,0.6491228342056274,0.5803656578063965,9.999999747378752e-05
1233,0.6666666865348816,0.5738480091094971,9.999999747378752e-05
1234,0.6842105388641357,0.5786793231964111,9.999999747378752e-05
1235,0.6315789222717285,0.5758471488952637,9.999999747378752e-05
1236,0.6315789222717285,0.6113455891609192,9.999999747378752e-05
1237,0.6491228342056274,0.6084625720977783,9.999999747378752e-05
1238,0.6491228342056274,0.5870531797409058,9.999999747378752e-05
1239,0.7543859481811523,0.5634266138076782,9.999999747378752e-05
1240,0.7543859481811523,0.5611205697059631,9.999999747378752e-05
1241,0.6315789222717285,0.614059329032898,9.999999747378752e-05
1242,0.7719298005104065,0.5428944826126099,9.999999747378752e-05
1243,0.719298243522644,0.5723245143890381,9.999999747378752e-05
1244,0.5964912176132202,0.59401935338974,9.999999747378752e-05
1245,0.6842105388641357,0.5722536444664001,9.999999747378752e-05
1246,0.719298243522644,0.5789983868598938,9.999999747378752e-05
1247,0.6140350699424744,0.6070476770401001,9.999999747378752e-05
1248,0.6140350699424744,0.6091222167015076,9.999999747378752e-05
1249,0.5964912176132202,0.5829038619995117,9.999999747378752e-05
1250,0.7543859481811523,0.5587432980537415,9.999999747378752e-05
1251,0.7017543911933899,0.5719766020774841,9.999999747378752e-05
1252,0.7017543911933899,0.5775936245918274,9.999999747378752e-05
1253,0.6842105388641357,0.6027138233184814,9.999999747378752e-05
1254,0.7017543911933899,0.5602366328239441,9.999999747378752e-05
1255,0.6491228342056274,0.6237044930458069,9.999999747378752e-05
1256,0.6842105388641357,0.5800819396972656,9.999999747378752e-05
1257,0.6140350699424744,0.6248667240142822,9.999999747378752e-05
1258,0.6315789222717285,0.6106342077255249,9.999999747378752e-05
1259,0.7017543911933899,0.5689570903778076,9.999999747378752e-05
1260,0.7017543911933899,0.578943133354187,9.999999747378752e-05
1261,0.7017543911933899,0.6136895418167114,9.999999747378752e-05
1262,0.6666666865348816,0.577942430973053,9.999999747378752e-05
1263,0.5789473652839661,0.6255342960357666,9.999999747378752e-05
1264,0.6491228342056274,0.5911627411842346,9.999999747378752e-05
1265,0.6842105388641357,0.5874857902526855,9.999999747378752e-05
1266,0.8070175647735596,0.5523543953895569,9.999999747378752e-05
1267,0.6315789222717285,0.5828645825386047,9.999999747378752e-05
1268,0.6666666865348816,0.5936533808708191,9.999999747378752e-05
1269,0.7368420958518982,0.5712221264839172,9.999999747378752e-05
1270,0.5789473652839661,0.6057434678077698,9.999999747378752e-05
1271,0.6491228342056274,0.5871217846870422,9.999999747378752e-05
1272,0.6666666865348816,0.5891607999801636,9.999999747378752e-05
1273,0.6842105388641357,0.6036507487297058,9.999999747378752e-05
1274,0.7543859481811523,0.5792016983032227,9.999999747378752e-05
1275,0.6666666865348816,0.5854056477546692,9.999999747378752e-05
1276,0.6842105388641357,0.582147479057312,9.999999747378752e-05
1277,0.6666666865348816,0.5683279633522034,9.999999747378752e-05
1278,0.6842105388641357,0.595127522945404,9.999999747378752e-05
1279,0.6842105388641357,0.6028295159339905,9.999999747378752e-05
1280,0.7017543911933899,0.5715415477752686,9.999999747378752e-05
1281,0.6842105388641357,0.5488766431808472,9.999999747378752e-05
1282,0.7017543911933899,0.5691540241241455,9.999999747378752e-05
1283,0.719298243522644,0.5953710079193115,9.999999747378752e-05
1284,0.6140350699424744,0.605584442615509,9.999999747378752e-05
1285,0.7017543911933899,0.587922990322113,9.999999747378752e-05
1286,0.6491228342056274,0.5852856040000916,9.999999747378752e-05
1287,0.6842105388641357,0.5655906796455383,9.999999747378752e-05
1288,0.7368420958518982,0.5582232475280762,9.999999747378752e-05
1289,0.7017543911933899,0.5767290592193604,9.999999747378752e-05
1290,0.7719298005104065,0.5641278624534607,9.999999747378752e-05
1291,0.7017543911933899,0.5506483912467957,9.999999747378752e-05
1292,0.6666666865348816,0.5832540392875671,9.999999747378752e-05
1293,0.7017543911933899,0.5940874218940735,9.999999747378752e-05
1294,0.7719298005104065,0.5894902348518372,9.999999747378752e-05
1295,0.6315789222717285,0.5826747417449951,9.999999747378752e-05
1296,0.7017543911933899,0.5988956093788147,9.999999747378752e-05
1297,0.7894737124443054,0.5552554726600647,9.999999747378752e-05
1298,0.6842105388641357,0.6044614911079407,9.999999747378752e-05
1299,0.6842105388641357,0.5455994606018066,9.999999747378752e-05
1300,0.6842105388641357,0.5732603669166565,9.999999747378752e-05
1301,0.7368420958518982,0.5959658026695251,9.999999747378752e-05
1302,0.6140350699424744,0.6213295459747314,9.999999747378752e-05
1303,0.719298243522644,0.6014599204063416,9.999999747378752e-05
1304,0.7368420958518982,0.5776907801628113,9.999999747378752e-05
1305,0.6666666865348816,0.5892704725265503,9.999999747378752e-05
1306,0.6491228342056274,0.6016030311584473,9.999999747378752e-05
1307,0.6842105388641357,0.5716298818588257,9.999999747378752e-05
1308,0.6666666865348816,0.5839836001396179,9.999999747378752e-05
1309,0.6666666865348816,0.5789063572883606,9.999999747378752e-05
1310,0.7368420958518982,0.5909281969070435,9.999999747378752e-05
1311,0.6140350699424744,0.5956888198852539,9.999999747378752e-05
1312,0.7017543911933899,0.6021929383277893,9.999999747378752e-05
1313,0.719298243522644,0.5729382038116455,9.999999747378752e-05
1314,0.7017543911933899,0.5885171294212341,9.999999747378752e-05
1315,0.6666666865348816,0.5804716348648071,9.999999747378752e-05
1316,0.6491228342056274,0.6075238585472107,9.999999747378752e-05
1317,0.6666666865348816,0.5678962469100952,9.999999747378752e-05
1318,0.7543859481811523,0.5720096230506897,9.999999747378752e-05
1319,0.6842105388641357,0.5461474061012268,9.999999747378752e-05
1320,0.6491228342056274,0.6289903521537781,9.999999747378752e-05
1321,0.6842105388641357,0.5883358120918274,9.999999747378752e-05
1322,0.6491228342056274,0.5621179342269897,9.999999747378752e-05
1323,0.7368420958518982,0.5430617928504944,9.999999747378752e-05
1324,0.7719298005104065,0.5514154434204102,9.999999747378752e-05
1325,0.7543859481811523,0.5838137865066528,9.999999747378752e-05
1326,0.7543859481811523,0.5582587718963623,9.999999747378752e-05
1327,0.6842105388641357,0.5952028036117554,9.999999747378752e-05
1328,0.6842105388641357,0.5843015909194946,9.999999747378752e-05
1329,0.6315789222717285,0.5981440544128418,9.999999747378752e-05
1330,0.7368420958518982,0.550171971321106,9.999999747378752e-05
1331,0.719298243522644,0.5319997668266296,9.999999747378752e-05
1332,0.7017543911933899,0.6047351360321045,9.999999747378752e-05
1333,0.6842105388641357,0.577423632144928,9.999999747378752e-05
1334,0.6315789222717285,0.5881474614143372,9.999999747378752e-05
1335,0.6666666865348816,0.5974544286727905,9.999999747378752e-05
1336,0.6491228342056274,0.5730765461921692,9.999999747378752e-05
1337,0.6666666865348816,0.59018874168396,9.999999747378752e-05
1338,0.7368420958518982,0.5818115472793579,9.999999747378752e-05
1339,0.6842105388641357,0.5854439735412598,9.999999747378752e-05
1340,0.6666666865348816,0.5855714678764343,9.999999747378752e-05
1341,0.6315789222717285,0.6092886924743652,9.999999747378752e-05
1342,0.6842105388641357,0.5659670829772949,9.999999747378752e-05
1343,0.6315789222717285,0.5746328830718994,9.999999747378752e-05
1344,0.6666666865348816,0.5742018818855286,9.999999747378752e-05
1345,0.7017543911933899,0.5747596621513367,9.999999747378752e-05
1346,0.7894737124443054,0.5613054037094116,9.999999747378752e-05
1347,0.7543859481811523,0.5622554421424866,9.999999747378752e-05
1348,0.6842105388641357,0.5959926843643188,9.999999747378752e-05
1349,0.719298243522644,0.5988046526908875,9.999999747378752e-05
1350,0.6666666865348816,0.5595409870147705,9.999999747378752e-05
1351,0.7543859481811523,0.5500897765159607,9.999999747378752e-05
1352,0.5789473652839661,0.6112465262413025,9.999999747378752e-05
1353,0.719298243522644,0.5964175462722778,9.999999747378752e-05
1354,0.7017543911933899,0.5826866030693054,9.999999747378752e-05
1355,0.6666666865348816,0.5838486552238464,9.999999747378752e-05
1356,0.7368420958518982,0.5631434917449951,9.999999747378752e-05
1357,0.719298243522644,0.5580340623855591,9.999999747378752e-05
1358,0.6842105388641357,0.5731130242347717,9.999999747378752e-05
1359,0.5964912176132202,0.5796011090278625,9.999999747378752e-05
1360,0.7017543911933899,0.581986665725708,9.999999747378752e-05
1361,0.719298243522644,0.5532076954841614,9.999999747378752e-05
1362,0.719298243522644,0.5752602815628052,9.999999747378752e-05
1363,0.6842105388641357,0.541042685508728,9.999999747378752e-05
1364,0.719298243522644,0.5685608983039856,9.999999747378752e-05
1365,0.7543859481811523,0.568740963935852,9.999999747378752e-05
1366,0.6842105388641357,0.5759469270706177,9.999999747378752e-05
1367,0.6491228342056274,0.5941550731658936,9.999999747378752e-05
1368,0.6315789222717285,0.6081408262252808,9.999999747378752e-05
1369,0.6666666865348816,0.5759463310241699,9.999999747378752e-05
1370,0.7543859481811523,0.556504487991333,9.999999747378752e-05
1371,0.6842105388641357,0.5938372611999512,9.999999747378752e-05
1372,0.6666666865348816,0.5814287066459656,9.999999747378752e-05
1373,0.7543859481811523,0.5515408515930176,9.999999747378752e-05
1374,0.6491228342056274,0.5911329984664917,9.999999747378752e-05
1375,0.6315789222717285,0.5939449667930603,9.999999747378752e-05
1376,0.719298243522644,0.5819927453994751,9.999999747378752e-05
1377,0.7368420958518982,0.5893608927726746,9.999999747378752e-05
1378,0.6842105388641357,0.5993430614471436,9.999999747378752e-05
1379,0.719298243522644,0.5871534943580627,9.999999747378752e-05
1380,0.6491228342056274,0.5722101926803589,9.999999747378752e-05
1381,0.6315789222717285,0.5976215600967407,9.999999747378752e-05
1382,0.719298243522644,0.5760578513145447,9.999999747378752e-05
1383,0.6842105388641357,0.5833466649055481,9.999999747378752e-05
1384,0.6842105388641357,0.6141393780708313,9.999999747378752e-05
1385,0.6491228342056274,0.5814594626426697,9.999999747378752e-05
1386,0.7543859481811523,0.5392095446586609,9.999999747378752e-05
1387,0.7017543911933899,0.5974878072738647,9.999999747378752e-05
1388,0.6315789222717285,0.6009988188743591,9.999999747378752e-05
1389,0.6842105388641357,0.5908584594726562,9.999999747378752e-05
1390,0.6666666865348816,0.6049304604530334,9.999999747378752e-05
1391,0.6842105388641357,0.5747220516204834,9.999999747378752e-05
1392,0.7017543911933899,0.5744739174842834,9.999999747378752e-05
1393,0.6842105388641357,0.5793145298957825,9.999999747378752e-05
1394,0.6491228342056274,0.5954059362411499,9.999999747378752e-05
1395,0.6842105388641357,0.5624867081642151,9.999999747378752e-05
1396,0.6842105388641357,0.5598236322402954,9.999999747378752e-05
1397,0.6666666865348816,0.5833115577697754,9.999999747378752e-05
1398,0.6842105388641357,0.5464907288551331,9.999999747378752e-05
1399,0.7017543911933899,0.5653554797172546,9.999999747378752e-05
1400,0.6315789222717285,0.5592942237854004,9.999999747378752e-05
1401,0.6491228342056274,0.5891768932342529,9.999999747378752e-05
1402,0.7017543911933899,0.5857386589050293,9.999999747378752e-05
1403,0.719298243522644,0.5708982348442078,9.999999747378752e-05
1404,0.5789473652839661,0.6006276607513428,9.999999747378752e-05
1405,0.6666666865348816,0.5911351442337036,9.999999747378752e-05
1406,0.6666666865348816,0.5830644369125366,9.999999747378752e-05
1407,0.6842105388641357,0.5589020252227783,9.999999747378752e-05
1408,0.6491228342056274,0.5563634634017944,9.999999747378752e-05
1409,0.6666666865348816,0.5739856362342834,9.999999747378752e-05
1410,0.7719298005104065,0.5501251816749573,9.999999747378752e-05
1411,0.7017543911933899,0.5598302483558655,9.999999747378752e-05
1412,0.6666666865348816,0.539334774017334,9.999999747378752e-05
1413,0.6140350699424744,0.6471707820892334,9.999999747378752e-05
1414,0.6666666865348816,0.589771032333374,9.999999747378752e-05
1415,0.6315789222717285,0.5887654423713684,9.999999747378752e-05
1416,0.7368420958518982,0.5627941489219666,9.999999747378752e-05
1417,0.5964912176132202,0.5903733372688293,9.999999747378752e-05
1418,0.7719298005104065,0.5713908076286316,9.999999747378752e-05
1419,0.6315789222717285,0.6177111268043518,9.999999747378752e-05
1420,0.7894737124443054,0.5537335872650146,9.999999747378752e-05
1421,0.7368420958518982,0.5612918138504028,9.999999747378752e-05
1422,0.6842105388641357,0.5492351651191711,9.999999747378752e-05
1423,0.6666666865348816,0.6133779287338257,9.999999747378752e-05
1424,0.7543859481811523,0.5383211970329285,9.999999747378752e-05
1425,0.7017543911933899,0.5988937020301819,9.999999747378752e-05
1426,0.7543859481811523,0.57563716173172,9.999999747378752e-05
1427,0.6491228342056274,0.582949161529541,9.999999747378752e-05
1428,0.7017543911933899,0.5672224760055542,9.999999747378752e-05
1429,0.6666666865348816,0.5580575466156006,9.999999747378752e-05
1430,0.5964912176132202,0.6059871315956116,9.999999747378752e-05
1431,0.6315789222717285,0.5874481797218323,9.999999747378752e-05
1432,0.6315789222717285,0.6109187006950378,9.999999747378752e-05
1433,0.6491228342056274,0.5992652773857117,9.999999747378752e-05
1434,0.7368420958518982,0.5664840340614319,9.999999747378752e-05
1435,0.719298243522644,0.5538053512573242,9.999999747378752e-05
1436,0.6666666865348816,0.6088588833808899,9.999999747378752e-05
1437,0.719298243522644,0.5570663809776306,9.999999747378752e-05
1438,0.7894737124443054,0.5441237092018127,9.999999747378752e-05
1439,0.7017543911933899,0.5786558985710144,9.999999747378752e-05
1440,0.719298243522644,0.5611185431480408,9.999999747378752e-05
1441,0.7368420958518982,0.5515491366386414,9.999999747378752e-05
1442,0.6315789222717285,0.5788783431053162,9.999999747378752e-05
1443,0.6666666865348816,0.583040177822113,9.999999747378752e-05
1444,0.6666666865348816,0.569640576839447,9.999999747378752e-05
1445,0.6666666865348816,0.5941743850708008,9.999999747378752e-05
1446,0.719298243522644,0.565762996673584,9.999999747378752e-05
1447,0.719298243522644,0.5601605176925659,9.999999747378752e-05
1448,0.6842105388641357,0.5579289197921753,9.999999747378752e-05
1449,0.5964912176132202,0.6224401593208313,9.999999747378752e-05
1450,0.6666666865348816,0.5654972791671753,9.999999747378752e-05
1451,0.6842105388641357,0.5808330774307251,9.999999747378752e-05
1452,0.6842105388641357,0.5672634840011597,9.999999747378752e-05
1453,0.7543859481811523,0.5794872641563416,9.999999747378752e-05
1454,0.719298243522644,0.5687342882156372,9.999999747378752e-05
1455,0.7368420958518982,0.6063351631164551,9.999999747378752e-05
1456,0.7368420958518982,0.5563547611236572,9.999999747378752e-05
1457,0.6666666865348816,0.6142200827598572,9.999999747378752e-05
1458,0.6842105388641357,0.5508627891540527,9.999999747378752e-05
1459,0.6842105388641357,0.5701823830604553,9.999999747378752e-05
1460,0.6842105388641357,0.5616515874862671,9.999999747378752e-05
1461,0.7017543911933899,0.5816057920455933,9.999999747378752e-05
1462,0.7543859481811523,0.589796245098114,9.999999747378752e-05
1463,0.7719298005104065,0.5723153948783875,9.999999747378752e-05
1464,0.7017543911933899,0.5648738145828247,9.999999747378752e-05
1465,0.6315789222717285,0.6320181488990784,9.999999747378752e-05
1466,0.6842105388641357,0.5623669624328613,9.999999747378752e-05
1467,0.6842105388641357,0.6031537055969238,9.999999747378752e-05
1468,0.5964912176132202,0.6168032288551331,9.999999747378752e-05
1469,0.6315789222717285,0.5971925258636475,9.999999747378752e-05
1470,0.6140350699424744,0.591495156288147,9.999999747378752e-05
1471,0.719298243522644,0.566336452960968,9.999999747378752e-05
1472,0.6842105388641357,0.5926216244697571,9.999999747378752e-05
1473,0.6842105388641357,0.6255320906639099,9.999999747378752e-05
1474,0.6666666865348816,0.5733667612075806,9.999999747378752e-05
1475,0.7017543911933899,0.6048317551612854,9.999999747378752e-05
1476,0.6491228342056274,0.601938009262085,9.999999747378752e-05
1477,0.6666666865348816,0.5831220149993896,9.999999747378752e-05
1478,0.7017543911933899,0.5883563756942749,9.999999747378752e-05
1479,0.6842105388641357,0.584869921207428,9.999999747378752e-05
1480,0.7017543911933899,0.5427502989768982,9.999999747378752e-05
1481,0.7543859481811523,0.5655503273010254,9.999999747378752e-05
1482,0.6842105388641357,0.5712334513664246,9.999999747378752e-05
1483,0.7368420958518982,0.5593692660331726,9.999999747378752e-05
1484,0.719298243522644,0.5493263602256775,9.999999747378752e-05
1485,0.6491228342056274,0.5979881286621094,9.999999747378752e-05
1486,0.6140350699424744,0.5873529314994812,9.999999747378752e-05
1487,0.6315789222717285,0.598004937171936,9.999999747378752e-05
1488,0.6491228342056274,0.5535603761672974,9.999999747378752e-05
1489,0.7368420958518982,0.5462186336517334,9.999999747378752e-05
1490,0.6842105388641357,0.5719103217124939,9.999999747378752e-05
1491,0.719298243522644,0.5811553001403809,9.999999747378752e-05
1492,0.7368420958518982,0.5434027314186096,9.999999747378752e-05
1493,0.7017543911933899,0.5686377286911011,9.999999747378752e-05
1494,0.719298243522644,0.5871654748916626,9.999999747378752e-05
1495,0.7368420958518982,0.577365517616272,9.999999747378752e-05
1496,0.6842105388641357,0.5707696676254272,9.999999747378752e-05
1497,0.6842105388641357,0.5877000093460083,9.999999747378752e-05
1498,0.7017543911933899,0.5848740935325623,9.999999747378752e-05
1499,0.8070175647735596,0.5535222291946411,9.999999747378752e-05
1500,0.6315789222717285,0.5945584774017334,9.999999747378752e-05
1501,0.6315789222717285,0.6071745157241821,9.999999747378752e-05
1502,0.6842105388641357,0.5574854016304016,9.999999747378752e-05
1503,0.7017543911933899,0.5469315648078918,9.999999747378752e-05
1504,0.7543859481811523,0.5470719337463379,9.999999747378752e-05
1505,0.6842105388641357,0.5643231868743896,9.999999747378752e-05
1506,0.6842105388641357,0.5820839405059814,9.999999747378752e-05
1507,0.6842105388641357,0.5751978754997253,9.999999747378752e-05
1508,0.6842105388641357,0.5682688355445862,9.999999747378752e-05
1509,0.6315789222717285,0.6118404269218445,9.999999747378752e-05
1510,0.5789473652839661,0.6140686273574829,9.999999747378752e-05
1511,0.7017543911933899,0.5779534578323364,9.999999747378752e-05
1512,0.6491228342056274,0.6127030849456787,9.999999747378752e-05
1513,0.7543859481811523,0.5824938416481018,9.999999747378752e-05
1514,0.7017543911933899,0.5382174849510193,9.999999747378752e-05
1515,0.6666666865348816,0.5654647350311279,9.999999747378752e-05
1516,0.7368420958518982,0.5768074989318848,9.999999747378752e-05
1517,0.6666666865348816,0.5924876928329468,9.999999747378752e-05
1518,0.6491228342056274,0.5925190448760986,9.999999747378752e-05
1519,0.6315789222717285,0.5998503565788269,9.999999747378752e-05
1520,0.7017543911933899,0.5789472460746765,9.999999747378752e-05
1521,0.6315789222717285,0.5852404832839966,9.999999747378752e-05
1522,0.7368420958518982,0.564018189907074,9.999999747378752e-05
1523,0.8245614171028137,0.539498507976532,9.999999747378752e-05
1524,0.719298243522644,0.5646129846572876,9.999999747378752e-05
1525,0.6666666865348816,0.5958338379859924,9.999999747378752e-05
1526,0.7543859481811523,0.5680241584777832,9.999999747378752e-05
1527,0.6842105388641357,0.6125544309616089,9.999999747378752e-05
1528,0.6491228342056274,0.5871702432632446,9.999999747378752e-05
1529,0.5614035129547119,0.619104266166687,9.999999747378752e-05
1530,0.6491228342056274,0.5881298184394836,9.999999747378752e-05
1531,0.6140350699424744,0.6138846278190613,9.999999747378752e-05
1532,0.6842105388641357,0.6117488145828247,9.999999747378752e-05
1533,0.7368420958518982,0.5494028329849243,9.999999747378752e-05
1534,0.7017543911933899,0.5791941285133362,9.999999747378752e-05
1535,0.6666666865348816,0.6042921543121338,9.999999747378752e-05
1536,0.6140350699424744,0.6137025952339172,9.999999747378752e-05
1537,0.7017543911933899,0.5523348450660706,9.999999747378752e-05
1538,0.6666666865348816,0.5836784839630127,9.999999747378752e-05
1539,0.6491228342056274,0.5916786789894104,9.999999747378752e-05
1540,0.6491228342056274,0.6116560101509094,9.999999747378752e-05
1541,0.6666666865348816,0.5858057737350464,9.999999747378752e-05
1542,0.7017543911933899,0.577937662601471,9.999999747378752e-05
1543,0.6491228342056274,0.5753524303436279,9.999999747378752e-05
1544,0.6842105388641357,0.6033371090888977,9.999999747378752e-05
1545,0.6491228342056274,0.6018028855323792,9.999999747378752e-05
1546,0.6666666865348816,0.5394560694694519,9.999999747378752e-05
1547,0.719298243522644,0.5937708616256714,9.999999747378752e-05
1548,0.719298243522644,0.6029068827629089,9.999999747378752e-05
1549,0.7017543911933899,0.5838228464126587,9.999999747378752e-05
1550,0.6666666865348816,0.5740525722503662,9.999999747378752e-05
1551,0.6842105388641357,0.572564423084259,9.999999747378752e-05
1552,0.6315789222717285,0.5891370177268982,9.999999747378752e-05
1553,0.6842105388641357,0.5767303705215454,9.999999747378752e-05
1554,0.6491228342056274,0.5882295966148376,9.999999747378752e-05
1555,0.7017543911933899,0.5932973623275757,9.999999747378752e-05
1556,0.7719298005104065,0.5338205099105835,9.999999747378752e-05
1557,0.6491228342056274,0.5847324132919312,9.999999747378752e-05
1558,0.7017543911933899,0.547690749168396,9.999999747378752e-05
1559,0.6315789222717285,0.5922709107398987,9.999999747378752e-05
1560,0.7368420958518982,0.5693591833114624,9.999999747378752e-05
1561,0.7017543911933899,0.5967645049095154,9.999999747378752e-05
1562,0.7894737124443054,0.5615744590759277,9.999999747378752e-05
1563,0.6666666865348816,0.5718804597854614,9.999999747378752e-05
1564,0.7719298005104065,0.5357814431190491,9.999999747378752e-05
1565,0.5964912176132202,0.6185901165008545,9.999999747378752e-05
1566,0.6315789222717285,0.6021946668624878,9.999999747378752e-05
1567,0.6842105388641357,0.5685985088348389,9.999999747378752e-05
1568,0.6491228342056274,0.6056680083274841,9.999999747378752e-05
1569,0.7719298005104065,0.5443490743637085,9.999999747378752e-05
1570,0.6491228342056274,0.5894831418991089,9.999999747378752e-05
1571,0.7543859481811523,0.5584889054298401,9.999999747378752e-05
1572,0.6842105388641357,0.5837643146514893,9.999999747378752e-05
1573,0.6842105388641357,0.5454009771347046,9.999999747378752e-05
1574,0.6842105388641357,0.5765954256057739,9.999999747378752e-05
1575,0.719298243522644,0.5896288752555847,9.999999747378752e-05
1576,0.7017543911933899,0.5648728609085083,9.999999747378752e-05
1577,0.6842105388641357,0.5804263353347778,9.999999747378752e-05
1578,0.6666666865348816,0.6229015588760376,9.999999747378752e-05
1579,0.6315789222717285,0.6176342368125916,9.999999747378752e-05
1580,0.7017543911933899,0.5540192127227783,9.999999747378752e-05
1581,0.7368420958518982,0.5623388886451721,9.999999747378752e-05
1582,0.6491228342056274,0.5572017431259155,9.999999747378752e-05
1583,0.719298243522644,0.5621239542961121,9.999999747378752e-05
1584,0.5964912176132202,0.5971718430519104,9.999999747378752e-05
1585,0.7017543911933899,0.5718138217926025,9.999999747378752e-05
1586,0.6315789222717285,0.5776748061180115,9.999999747378752e-05
1587,0.7017543911933899,0.5838611125946045,9.999999747378752e-05
1588,0.6491228342056274,0.5692628026008606,9.999999747378752e-05
1589,0.719298243522644,0.5433643460273743,9.999999747378752e-05
1590,0.6491228342056274,0.5610743165016174,9.999999747378752e-05
1591,0.719298243522644,0.5504554510116577,9.999999747378752e-05
1592,0.6842105388641357,0.5732623338699341,9.999999747378752e-05
1593,0.6666666865348816,0.5601853728294373,9.999999747378752e-05
1594,0.5789473652839661,0.5891679525375366,9.999999747378752e-05
1595,0.6842105388641357,0.5695469975471497,9.999999747378752e-05
1596,0.7368420958518982,0.5485051274299622,9.999999747378752e-05
1597,0.6666666865348816,0.6202574372291565,9.999999747378752e-05
1598,0.6491228342056274,0.5539124011993408,9.999999747378752e-05
1599,0.6315789222717285,0.6017557978630066,9.999999747378752e-05
1600,0.719298243522644,0.5739206671714783,9.999999747378752e-05
1601,0.7017543911933899,0.5887758135795593,9.999999747378752e-05
1602,0.6842105388641357,0.5762550234794617,9.999999747378752e-05
1603,0.6491228342056274,0.5938752293586731,9.999999747378752e-05
1604,0.7543859481811523,0.5455329418182373,9.999999747378752e-05
1605,0.6491228342056274,0.5809614062309265,9.999999747378752e-05
1606,0.6666666865348816,0.5688574910163879,9.999999747378752e-05
1607,0.6666666865348816,0.5639315843582153,9.999999747378752e-05
1608,0.6842105388641357,0.5804385542869568,9.999999747378752e-05
1609,0.6140350699424744,0.5849738717079163,9.999999747378752e-05
1610,0.6842105388641357,0.6067692041397095,9.999999747378752e-05
1611,0.6666666865348816,0.5990062355995178,9.999999747378752e-05
1612,0.6842105388641357,0.5724323987960815,9.999999747378752e-05
1613,0.6140350699424744,0.6029415726661682,9.999999747378752e-05
1614,0.5614035129547119,0.5983530282974243,9.999999747378752e-05
1615,0.6842105388641357,0.5738692879676819,9.999999747378752e-05
1616,0.6491228342056274,0.5712580680847168,9.999999747378752e-05
1617,0.6842105388641357,0.6066775918006897,9.999999747378752e-05
1618,0.6842105388641357,0.5602022409439087,9.999999747378752e-05
1619,0.6140350699424744,0.574959933757782,9.999999747378752e-05
1620,0.7368420958518982,0.5403410792350769,9.999999747378752e-05
1621,0.6666666865348816,0.5601308345794678,9.999999747378752e-05
1622,0.6491228342056274,0.5943025350570679,9.999999747378752e-05
1623,0.6842105388641357,0.5900936722755432,9.999999747378752e-05
1624,0.6842105388641357,0.5839511156082153,9.999999747378752e-05
1625,0.6666666865348816,0.5490042567253113,9.999999747378752e-05
1626,0.6666666865348816,0.5704508423805237,9.999999747378752e-05
1627,0.6666666865348816,0.5648132562637329,9.999999747378752e-05
1628,0.7543859481811523,0.5646954774856567,9.999999747378752e-05
1629,0.719298243522644,0.5419971942901611,9.999999747378752e-05
1630,0.6315789222717285,0.6086276769638062,9.999999747378752e-05
1631,0.7017543911933899,0.5811799764633179,9.999999747378752e-05
1632,0.7017543911933899,0.5575839281082153,9.999999747378752e-05
1633,0.6491228342056274,0.568152904510498,9.999999747378752e-05
1634,0.6315789222717285,0.6214655041694641,9.999999747378752e-05
1635,0.7543859481811523,0.5590124130249023,9.999999747378752e-05
1636,0.6842105388641357,0.5711753368377686,9.999999747378752e-05
1637,0.7017543911933899,0.5701361298561096,9.999999747378752e-05
1638,0.7543859481811523,0.5776414275169373,9.999999747378752e-05
1639,0.7894737124443054,0.5470336675643921,9.999999747378752e-05
1640,0.7017543911933899,0.5864293575286865,9.999999747378752e-05
1641,0.7017543911933899,0.572607696056366,9.999999747378752e-05
1642,0.7017543911933899,0.5511208176612854,9.999999747378752e-05
1643,0.7719298005104065,0.5475025773048401,9.999999747378752e-05
1644,0.6315789222717285,0.6020262837409973,9.999999747378752e-05
1645,0.6666666865348816,0.5852246284484863,9.999999747378752e-05
1646,0.6315789222717285,0.6040765047073364,9.999999747378752e-05
1647,0.6666666865348816,0.5920348763465881,9.999999747378752e-05
1648,0.6666666865348816,0.5623801350593567,9.999999747378752e-05
1649,0.6842105388641357,0.5473028421401978,9.999999747378752e-05
1650,0.6842105388641357,0.5662945508956909,9.999999747378752e-05
1651,0.6842105388641357,0.5766302347183228,9.999999747378752e-05
1652,0.6666666865348816,0.5562629699707031,9.999999747378752e-05
1653,0.7719298005104065,0.5658327341079712,9.999999747378752e-05
1654,0.719298243522644,0.5713067054748535,9.999999747378752e-05
1655,0.7017543911933899,0.5901321172714233,9.999999747378752e-05
1656,0.6666666865348816,0.5726456046104431,9.999999747378752e-05
1657,0.7543859481811523,0.557520866394043,9.999999747378752e-05
1658,0.6315789222717285,0.5748039484024048,9.999999747378752e-05
1659,0.7894737124443054,0.5355502367019653,9.999999747378752e-05
1660,0.6491228342056274,0.585939347743988,9.999999747378752e-05
1661,0.6315789222717285,0.5694906711578369,9.999999747378752e-05
1662,0.6491228342056274,0.6105362772941589,9.999999747378752e-05
1663,0.6842105388641357,0.5622187852859497,9.999999747378752e-05
1664,0.6315789222717285,0.5934679508209229,9.999999747378752e-05
1665,0.719298243522644,0.5410975813865662,9.999999747378752e-05
1666,0.6315789222717285,0.5926292538642883,9.999999747378752e-05
1667,0.8070175647735596,0.5376698970794678,9.999999747378752e-05
1668,0.6491228342056274,0.5898821353912354,9.999999747378752e-05
1669,0.7017543911933899,0.572143018245697,9.999999747378752e-05
1670,0.7543859481811523,0.5469953417778015,9.999999747378752e-05
1671,0.6842105388641357,0.5978403091430664,9.999999747378752e-05
1672,0.6666666865348816,0.5988444685935974,9.999999747378752e-05
1673,0.7543859481811523,0.5436322093009949,9.999999747378752e-05
1674,0.719298243522644,0.576094388961792,9.999999747378752e-05
1675,0.6666666865348816,0.5798001289367676,9.999999747378752e-05
1676,0.5964912176132202,0.6124706864356995,9.999999747378752e-05
1677,0.6140350699424744,0.5960254073143005,9.999999747378752e-05
1678,0.6666666865348816,0.5898646712303162,9.999999747378752e-05
1679,0.719298243522644,0.5915919542312622,9.999999747378752e-05
1680,0.7894737124443054,0.5559408068656921,9.999999747378752e-05
1681,0.7894737124443054,0.5226773619651794,9.999999747378752e-05
1682,0.719298243522644,0.5806066989898682,9.999999747378752e-05
1683,0.6666666865348816,0.5872795581817627,9.999999747378752e-05
1684,0.7017543911933899,0.5454153418540955,9.999999747378752e-05
1685,0.7017543911933899,0.5717321038246155,9.999999747378752e-05
1686,0.6491228342056274,0.5672505497932434,9.999999747378752e-05
1687,0.6666666865348816,0.5750438570976257,9.999999747378752e-05
1688,0.7017543911933899,0.5761182904243469,9.999999747378752e-05
1689,0.7368420958518982,0.5773577690124512,9.999999747378752e-05
1690,0.6842105388641357,0.5934357643127441,9.999999747378752e-05
1691,0.6491228342056274,0.5959587693214417,9.999999747378752e-05
1692,0.6842105388641357,0.6066538095474243,9.999999747378752e-05
1693,0.7719298005104065,0.5552662014961243,9.999999747378752e-05
1694,0.7017543911933899,0.5850236415863037,9.999999747378752e-05
1695,0.5789473652839661,0.6024078130722046,9.999999747378752e-05
1696,0.6315789222717285,0.6026886105537415,9.999999747378752e-05
1697,0.7543859481811523,0.5716434121131897,9.999999747378752e-05
1698,0.7543859481811523,0.5732852220535278,9.999999747378752e-05
1699,0.6842105388641357,0.5678179264068604,9.999999747378752e-05
1700,0.7368420958518982,0.5419957041740417,9.999999747378752e-05
1701,0.6666666865348816,0.5735610127449036,9.999999747378752e-05
1702,0.7017543911933899,0.5575758218765259,9.999999747378752e-05
1703,0.7017543911933899,0.6084226369857788,9.999999747378752e-05
1704,0.7894737124443054,0.5369827747344971,9.999999747378752e-05
1705,0.719298243522644,0.5802926421165466,9.999999747378752e-05
1706,0.6666666865348816,0.5744472742080688,9.999999747378752e-05
1707,0.719298243522644,0.5447623133659363,9.999999747378752e-05
1708,0.7368420958518982,0.5830590128898621,9.999999747378752e-05
1709,0.7543859481811523,0.5679805874824524,9.999999747378752e-05
1710,0.8070175647735596,0.5471699833869934,9.999999747378752e-05
1711,0.7719298005104065,0.5528185367584229,9.999999747378752e-05
1712,0.7017543911933899,0.5664204955101013,9.999999747378752e-05
1713,0.7368420958518982,0.5608369708061218,9.999999747378752e-05
1714,0.6666666865348816,0.6197041869163513,9.999999747378752e-05
1715,0.6315789222717285,0.5839765667915344,9.999999747378752e-05
1716,0.7368420958518982,0.5544461607933044,9.999999747378752e-05
1717,0.6842105388641357,0.5679115056991577,9.999999747378752e-05
1718,0.5964912176132202,0.5766640901565552,9.999999747378752e-05
1719,0.7017543911933899,0.5714301466941833,9.999999747378752e-05
1720,0.6491228342056274,0.6148198246955872,9.999999747378752e-05
1721,0.7543859481811523,0.5379304885864258,9.999999747378752e-05
1722,0.7894737124443054,0.5436238050460815,9.999999747378752e-05
1723,0.6842105388641357,0.5717523097991943,9.999999747378752e-05
1724,0.6666666865348816,0.5799095630645752,9.999999747378752e-05
1725,0.719298243522644,0.5606394410133362,9.999999747378752e-05
1726,0.719298243522644,0.5662584900856018,9.999999747378752e-05
1727,0.6666666865348816,0.564102292060852,9.999999747378752e-05
1728,0.7017543911933899,0.5860459208488464,9.999999747378752e-05
1729,0.7368420958518982,0.5629174113273621,9.999999747378752e-05
1730,0.6491228342056274,0.5804443359375,9.999999747378752e-05
1731,0.6666666865348816,0.577993631362915,9.999999747378752e-05
1732,0.7894737124443054,0.5555267930030823,9.999999747378752e-05
1733,0.6491228342056274,0.590510904788971,9.999999747378752e-05
1734,0.7368420958518982,0.5491518974304199,9.999999747378752e-05
1735,0.7017543911933899,0.5540094971656799,9.999999747378752e-05
1736,0.6842105388641357,0.5326697826385498,9.999999747378752e-05
1737,0.6842105388641357,0.5701967477798462,9.999999747378752e-05
1738,0.7543859481811523,0.5606274604797363,9.999999747378752e-05
1739,0.5789473652839661,0.6138256192207336,9.999999747378752e-05
1740,0.719298243522644,0.5474350452423096,9.999999747378752e-05
1741,0.7017543911933899,0.5695000290870667,9.999999747378752e-05
1742,0.7017543911933899,0.5680196285247803,9.999999747378752e-05
1743,0.6842105388641357,0.5540253520011902,9.999999747378752e-05
1744,0.6315789222717285,0.559929609298706,9.999999747378752e-05
1745,0.7017543911933899,0.5641027092933655,9.999999747378752e-05
1746,0.6315789222717285,0.5907334685325623,9.999999747378752e-05
1747,0.719298243522644,0.5781392455101013,9.999999747378752e-05
1748,0.7543859481811523,0.5546931624412537,9.999999747378752e-05
1749,0.6666666865348816,0.5758692026138306,9.999999747378752e-05
1750,0.6842105388641357,0.5823532938957214,9.999999747378752e-05
1751,0.7719298005104065,0.5411567687988281,9.999999747378752e-05
1752,0.6842105388641357,0.6088111996650696,9.999999747378752e-05
1753,0.7017543911933899,0.5913965702056885,9.999999747378752e-05
1754,0.6842105388641357,0.5800400972366333,9.999999747378752e-05
1755,0.6666666865348816,0.5452049374580383,9.999999747378752e-05
1756,0.6140350699424744,0.6124781966209412,9.999999747378752e-05
1757,0.7543859481811523,0.5586891770362854,9.999999747378752e-05
1758,0.6491228342056274,0.5729379653930664,9.999999747378752e-05
1759,0.7017543911933899,0.5697414875030518,9.999999747378752e-05
1760,0.7368420958518982,0.5837796926498413,9.999999747378752e-05
1761,0.719298243522644,0.5464016199111938,9.999999747378752e-05
1762,0.7017543911933899,0.5850693583488464,9.999999747378752e-05
1763,0.6315789222717285,0.5762525796890259,9.999999747378752e-05
1764,0.6491228342056274,0.5785467624664307,9.999999747378752e-05
1765,0.7017543911933899,0.5423562526702881,9.999999747378752e-05
1766,0.719298243522644,0.5590002536773682,9.999999747378752e-05
1767,0.6491228342056274,0.5732011795043945,9.999999747378752e-05
1768,0.6315789222717285,0.574741005897522,9.999999747378752e-05
1769,0.7543859481811523,0.5765112042427063,9.999999747378752e-05
1770,0.7368420958518982,0.5687139630317688,9.999999747378752e-05
1771,0.6315789222717285,0.5835717916488647,9.999999747378752e-05
1772,0.6666666865348816,0.5701068639755249,9.999999747378752e-05
1773,0.6842105388641357,0.5808786153793335,9.999999747378752e-05
1774,0.6666666865348816,0.6290761232376099,9.999999747378752e-05
1775,0.6842105388641357,0.5784032940864563,9.999999747378752e-05
1776,0.7368420958518982,0.5398489236831665,9.999999747378752e-05
1777,0.719298243522644,0.5420458316802979,9.999999747378752e-05
1778,0.6842105388641357,0.5703833699226379,9.999999747378752e-05
1779,0.6140350699424744,0.6456851363182068,9.999999747378752e-05
1780,0.6842105388641357,0.5544173717498779,9.999999747378752e-05
1781,0.6842105388641357,0.5852806568145752,9.999999747378752e-05
1782,0.6315789222717285,0.5771125555038452,9.999999747378752e-05
1783,0.7017543911933899,0.5864725112915039,9.999999747378752e-05
1784,0.7017543911933899,0.6073805093765259,9.999999747378752e-05
1785,0.7017543911933899,0.5484713315963745,9.999999747378752e-05
1786,0.7017543911933899,0.5831229090690613,9.999999747378752e-05
1787,0.719298243522644,0.5440505146980286,9.999999747378752e-05
1788,0.6491228342056274,0.5824289321899414,9.999999747378752e-05
1789,0.6842105388641357,0.5626875162124634,9.999999747378752e-05
1790,0.7894737124443054,0.5396262407302856,9.999999747378752e-05
1791,0.6666666865348816,0.5804203748703003,9.999999747378752e-05
1792,0.6666666865348816,0.5736340880393982,9.999999747378752e-05
1793,0.6842105388641357,0.5921379327774048,9.999999747378752e-05
1794,0.6842105388641357,0.5738344788551331,9.999999747378752e-05
1795,0.6842105388641357,0.5596519112586975,9.999999747378752e-05
1796,0.6666666865348816,0.5791522264480591,9.999999747378752e-05
1797,0.5964912176132202,0.5895951986312866,9.999999747378752e-05
1798,0.6842105388641357,0.5967634916305542,9.999999747378752e-05
1799,0.7368420958518982,0.5690591335296631,9.999999747378752e-05
1800,0.6315789222717285,0.5829623937606812,9.999999747378752e-05
1801,0.6666666865348816,0.5782954096794128,9.999999747378752e-05
1802,0.7894737124443054,0.5508241653442383,9.999999747378752e-05
1803,0.6842105388641357,0.553473711013794,9.999999747378752e-05
1804,0.7543859481811523,0.5573240518569946,9.999999747378752e-05
1805,0.719298243522644,0.568051278591156,9.999999747378752e-05
1806,0.6842105388641357,0.556734025478363,9.999999747378752e-05
1807,0.6842105388641357,0.5730841159820557,9.999999747378752e-05
1808,0.7368420958518982,0.5544299483299255,9.999999747378752e-05
1809,0.6140350699424744,0.5582569241523743,9.999999747378752e-05
1810,0.7543859481811523,0.5387588739395142,9.999999747378752e-05
1811,0.6491228342056274,0.565631628036499,9.999999747378752e-05
1812,0.719298243522644,0.5629748702049255,9.999999747378752e-05
1813,0.6842105388641357,0.5838488340377808,9.999999747378752e-05
1814,0.6666666865348816,0.5761905908584595,9.999999747378752e-05
1815,0.6842105388641357,0.559304416179657,9.999999747378752e-05
1816,0.719298243522644,0.5960558652877808,9.999999747378752e-05
1817,0.6842105388641357,0.5876747965812683,9.999999747378752e-05
1818,0.7017543911933899,0.5795765519142151,9.999999747378752e-05
1819,0.5964912176132202,0.5716245174407959,9.999999747378752e-05
1820,0.7368420958518982,0.5612195134162903,9.999999747378752e-05
1821,0.6140350699424744,0.6132713556289673,9.999999747378752e-05
1822,0.6315789222717285,0.6013622879981995,9.999999747378752e-05
1823,0.7017543911933899,0.5564110279083252,9.999999747378752e-05
1824,0.6842105388641357,0.5756925344467163,9.999999747378752e-05
1825,0.7017543911933899,0.5514150857925415,9.999999747378752e-05
1826,0.6842105388641357,0.5536665916442871,9.999999747378752e-05
1827,0.6315789222717285,0.5422224998474121,9.999999747378752e-05
1828,0.7017543911933899,0.555894136428833,9.999999747378752e-05
1829,0.6666666865348816,0.5532296299934387,9.999999747378752e-05
1830,0.719298243522644,0.5787442326545715,9.999999747378752e-05
1831,0.6140350699424744,0.6223856806755066,9.999999747378752e-05
1832,0.7017543911933899,0.5666987895965576,9.999999747378752e-05
1833,0.719298243522644,0.5656901597976685,9.999999747378752e-05
1834,0.6315789222717285,0.5651365518569946,9.999999747378752e-05
1835,0.7368420958518982,0.5526106953620911,9.999999747378752e-05
1836,0.6666666865348816,0.5802685022354126,9.999999747378752e-05
1837,0.6842105388641357,0.5891554355621338,9.999999747378752e-05
1838,0.6491228342056274,0.5872481465339661,9.999999747378752e-05
1839,0.6491228342056274,0.5938806533813477,9.999999747378752e-05
1840,0.5789473652839661,0.6112972497940063,9.999999747378752e-05
1841,0.7894737124443054,0.5533410310745239,9.999999747378752e-05
1842,0.6666666865348816,0.5539801120758057,9.999999747378752e-05
1843,0.6315789222717285,0.5531682372093201,9.999999747378752e-05
1844,0.7017543911933899,0.5742588639259338,9.999999747378752e-05
1845,0.7719298005104065,0.5573619604110718,9.999999747378752e-05
1846,0.7719298005104065,0.5514435172080994,9.999999747378752e-05
1847,0.6666666865348816,0.6027710437774658,9.999999747378752e-05
1848,0.6842105388641357,0.5572025775909424,9.999999747378752e-05
1849,0.7719298005104065,0.5628748536109924,9.999999747378752e-05
1850,0.7368420958518982,0.5862616896629333,9.999999747378752e-05
1851,0.7017543911933899,0.5703831911087036,9.999999747378752e-05
1852,0.6666666865348816,0.5816487073898315,9.999999747378752e-05
1853,0.6666666865348816,0.5806720852851868,9.999999747378752e-05
1854,0.6842105388641357,0.5810465216636658,9.999999747378752e-05
1855,0.6666666865348816,0.5833235383033752,9.999999747378752e-05
1856,0.6842105388641357,0.5498141050338745,9.999999747378752e-05
1857,0.719298243522644,0.5406119227409363,9.999999747378752e-05
1858,0.6842105388641357,0.6050189733505249,9.999999747378752e-05
1859,0.7543859481811523,0.5532194972038269,9.999999747378752e-05
1860,0.6842105388641357,0.5985466837882996,9.999999747378752e-05
1861,0.6842105388641357,0.5605323314666748,9.999999747378752e-05
1862,0.719298243522644,0.5681589245796204,9.999999747378752e-05
1863,0.7368420958518982,0.5777603983879089,9.999999747378752e-05
1864,0.7017543911933899,0.5507038235664368,9.999999747378752e-05
1865,0.7017543911933899,0.551872730255127,9.999999747378752e-05
1866,0.7368420958518982,0.5651625394821167,9.999999747378752e-05
1867,0.6666666865348816,0.5724803805351257,9.999999747378752e-05
1868,0.7368420958518982,0.5551578998565674,9.999999747378752e-05
1869,0.719298243522644,0.553472638130188,9.999999747378752e-05
1870,0.6140350699424744,0.5971953868865967,9.999999747378752e-05
1871,0.6315789222717285,0.5837327837944031,9.999999747378752e-05
1872,0.6140350699424744,0.6109114289283752,9.999999747378752e-05
1873,0.7543859481811523,0.5640576481819153,9.999999747378752e-05
1874,0.6491228342056274,0.5775881409645081,9.999999747378752e-05
1875,0.6140350699424744,0.6104044914245605,9.999999747378752e-05
1876,0.6666666865348816,0.5626465678215027,9.999999747378752e-05
1877,0.6491228342056274,0.5758649110794067,9.999999747378752e-05
1878,0.6666666865348816,0.5421515107154846,9.999999747378752e-05
1879,0.6666666865348816,0.628218948841095,9.999999747378752e-05
1880,0.719298243522644,0.5366835594177246,9.999999747378752e-05
1881,0.7719298005104065,0.5564204454421997,9.999999747378752e-05
1882,0.719298243522644,0.5448428988456726,9.999999747378752e-05
1883,0.6666666865348816,0.5341349840164185,9.999999747378752e-05
1884,0.7017543911933899,0.563051700592041,9.999999747378752e-05
1885,0.719298243522644,0.5862725973129272,9.999999747378752e-05
1886,0.7017543911933899,0.5538831949234009,9.999999747378752e-05
1887,0.6842105388641357,0.5866032838821411,9.999999747378752e-05
1888,0.6491228342056274,0.5825595259666443,9.999999747378752e-05
1889,0.719298243522644,0.5438957214355469,9.999999747378752e-05
1890,0.7017543911933899,0.6019691824913025,9.999999747378752e-05
1891,0.7017543911933899,0.6015762090682983,9.999999747378752e-05
1892,0.6491228342056274,0.5701314210891724,9.999999747378752e-05
1893,0.5964912176132202,0.5974007248878479,9.999999747378752e-05
1894,0.719298243522644,0.5487918257713318,9.999999747378752e-05
1895,0.6842105388641357,0.5581493973731995,9.999999747378752e-05
1896,0.6666666865348816,0.5732636451721191,9.999999747378752e-05
1897,0.6315789222717285,0.5999593734741211,9.999999747378752e-05
1898,0.6842105388641357,0.576551079750061,9.999999747378752e-05
1899,0.719298243522644,0.5850749611854553,9.999999747378752e-05
1900,0.719298243522644,0.550679624080658,9.999999747378752e-05
1901,0.6842105388641357,0.5778209567070007,9.999999747378752e-05
1902,0.7017543911933899,0.5781364440917969,9.999999747378752e-05
1903,0.6666666865348816,0.6022242307662964,9.999999747378752e-05
1904,0.6491228342056274,0.6013827323913574,9.999999747378752e-05
1905,0.719298243522644,0.5518494844436646,9.999999747378752e-05
1906,0.6842105388641357,0.5715284943580627,9.999999747378752e-05
1907,0.6491228342056274,0.6006600260734558,9.999999747378752e-05
1908,0.719298243522644,0.543566107749939,9.999999747378752e-05
1909,0.6491228342056274,0.5801723599433899,9.999999747378752e-05
1910,0.7543859481811523,0.5437213778495789,9.999999747378752e-05
1911,0.719298243522644,0.5444034934043884,9.999999747378752e-05
1912,0.6842105388641357,0.5888468623161316,9.999999747378752e-05
1913,0.719298243522644,0.564213216304779,9.999999747378752e-05
1914,0.7543859481811523,0.5548784732818604,9.999999747378752e-05
1915,0.6140350699424744,0.574428915977478,9.999999747378752e-05
1916,0.719298243522644,0.5413713455200195,9.999999747378752e-05
1917,0.5789473652839661,0.608795702457428,9.999999747378752e-05
1918,0.719298243522644,0.5585222840309143,9.999999747378752e-05
1919,0.6666666865348816,0.5851305723190308,9.999999747378752e-05
1920,0.6491228342056274,0.5687911510467529,9.999999747378752e-05
1921,0.6491228342056274,0.5715438723564148,9.999999747378752e-05
1922,0.6315789222717285,0.5841652750968933,9.999999747378752e-05
1923,0.6140350699424744,0.584037721157074,9.999999747378752e-05
1924,0.6315789222717285,0.5932153463363647,9.999999747378752e-05
1925,0.6842105388641357,0.5627773404121399,9.999999747378752e-05
1926,0.7543859481811523,0.5144582390785217,9.999999747378752e-05
1927,0.719298243522644,0.5476672053337097,9.999999747378752e-05
1928,0.6842105388641357,0.5459151864051819,9.999999747378752e-05
1929,0.6140350699424744,0.571221649646759,9.999999747378752e-05
1930,0.7017543911933899,0.6068650484085083,9.999999747378752e-05
1931,0.6666666865348816,0.5958731770515442,9.999999747378752e-05
1932,0.719298243522644,0.5612884759902954,9.999999747378752e-05
1933,0.6842105388641357,0.565502941608429,9.999999747378752e-05
1934,0.6140350699424744,0.6053360104560852,9.999999747378752e-05
1935,0.6842105388641357,0.5707200765609741,9.999999747378752e-05
1936,0.6491228342056274,0.5862736701965332,9.999999747378752e-05
1937,0.7719298005104065,0.5395112037658691,9.999999747378752e-05
1938,0.6842105388641357,0.5546658039093018,9.999999747378752e-05
1939,0.7368420958518982,0.5443739891052246,9.999999747378752e-05
1940,0.7719298005104065,0.5429326891899109,9.999999747378752e-05
1941,0.7017543911933899,0.5959439873695374,9.999999747378752e-05
1942,0.6666666865348816,0.6206928491592407,9.999999747378752e-05
1943,0.7894737124443054,0.5336217880249023,9.999999747378752e-05
1944,0.6140350699424744,0.5894841551780701,9.999999747378752e-05
1945,0.719298243522644,0.5696511268615723,9.999999747378752e-05
1946,0.6140350699424744,0.5774659514427185,9.999999747378752e-05
1947,0.6842105388641357,0.5791372060775757,9.999999747378752e-05
1948,0.7543859481811523,0.5727804899215698,9.999999747378752e-05
1949,0.7543859481811523,0.5420253276824951,9.999999747378752e-05
1950,0.6842105388641357,0.5540071725845337,9.999999747378752e-05
1951,0.719298243522644,0.5580903887748718,9.999999747378752e-05
1952,0.6842105388641357,0.5835899114608765,9.999999747378752e-05
1953,0.719298243522644,0.5640990734100342,9.999999747378752e-05
1954,0.6315789222717285,0.5638657212257385,9.999999747378752e-05
1955,0.719298243522644,0.5671764612197876,9.999999747378752e-05
1956,0.6315789222717285,0.5498740077018738,9.999999747378752e-05
1957,0.7017543911933899,0.5650233626365662,9.999999747378752e-05
1958,0.6666666865348816,0.5940935015678406,9.999999747378752e-05
1959,0.7368420958518982,0.5329097509384155,9.999999747378752e-05
1960,0.6842105388641357,0.5504825711250305,9.999999747378752e-05
1961,0.6842105388641357,0.5672134160995483,9.999999747378752e-05
1962,0.7719298005104065,0.5606169700622559,9.999999747378752e-05
1963,0.719298243522644,0.5589084029197693,9.999999747378752e-05
1964,0.7017543911933899,0.5773764252662659,9.999999747378752e-05
1965,0.7719298005104065,0.565197229385376,9.999999747378752e-05
1966,0.6491228342056274,0.5657646656036377,9.999999747378752e-05
1967,0.6315789222717285,0.5708156824111938,9.999999747378752e-05
1968,0.6666666865348816,0.5478948354721069,9.999999747378752e-05
1969,0.6315789222717285,0.6034976840019226,9.999999747378752e-05
1970,0.7543859481811523,0.535798192024231,9.999999747378752e-05
1971,0.719298243522644,0.5512956380844116,9.999999747378752e-05
1972,0.7368420958518982,0.561548113822937,9.999999747378752e-05
1973,0.6666666865348816,0.5623798966407776,9.999999747378752e-05
1974,0.7017543911933899,0.5706025958061218,9.999999747378752e-05
1975,0.6491228342056274,0.5603137016296387,9.999999747378752e-05
1976,0.6140350699424744,0.5899698138237,9.999999747378752e-05
1977,0.7017543911933899,0.5579105615615845,9.999999747378752e-05
1978,0.6842105388641357,0.5822819471359253,9.999999747378752e-05
1979,0.7543859481811523,0.5437963604927063,9.999999747378752e-05
1980,0.6140350699424744,0.5995053648948669,9.999999747378752e-05
1981,0.6666666865348816,0.5785335302352905,9.999999747378752e-05
1982,0.719298243522644,0.5759958028793335,9.999999747378752e-05
1983,0.7017543911933899,0.5613201260566711,9.999999747378752e-05
1984,0.6491228342056274,0.5723856091499329,9.999999747378752e-05
1985,0.719298243522644,0.583813488483429,9.999999747378752e-05
1986,0.6842105388641357,0.5533760786056519,9.999999747378752e-05
1987,0.7017543911933899,0.5481235384941101,9.999999747378752e-05
1988,0.7017543911933899,0.5506124496459961,9.999999747378752e-05
1989,0.6842105388641357,0.5589281916618347,9.999999747378752e-05
1990,0.6491228342056274,0.5744686722755432,9.999999747378752e-05
1991,0.6842105388641357,0.5598170757293701,9.999999747378752e-05
1992,0.719298243522644,0.578557014465332,9.999999747378752e-05
1993,0.6842105388641357,0.5580329895019531,9.999999747378752e-05
1994,0.7017543911933899,0.5921480655670166,9.999999747378752e-05
1995,0.7543859481811523,0.5249295234680176,9.999999747378752e-05
1996,0.6666666865348816,0.5547512769699097,9.999999747378752e-05
1997,0.7368420958518982,0.5606591701507568,9.999999747378752e-05
1998,0.6666666865348816,0.5894683003425598,9.999999747378752e-05
1999,0.6666666865348816,0.5987014174461365,9.999999747378752e-05
