,categorical_accuracy,loss,learning_rate
0,0.7369999885559082,0.763331949710846,0.0010000000474974513
1,0.8450000286102295,0.4595907926559448,0.0010000000474974513
2,0.8629999756813049,0.3667444884777069,0.0010000000474974513
3,0.8640000224113464,0.3410095274448395,0.0010000000474974513
4,0.8539999723434448,0.3141954243183136,0.0010000000474974513
5,0.8840000033378601,0.2892756760120392,0.0010000000474974513
6,0.8679999709129333,0.2792520821094513,0.0010000000474974513
7,0.8939999938011169,0.25253695249557495,0.0010000000474974513
8,0.8899999856948853,0.24803021550178528,0.0010000000474974513
9,0.8840000033378601,0.24677464365959167,0.0010000000474974513
10,0.8960000276565552,0.23771125078201294,0.0010000000474974513
11,0.8949999809265137,0.22503647208213806,0.0010000000474974513
12,0.8949999809265137,0.2170436531305313,0.0010000000474974513
13,0.9210000038146973,0.205919086933136,0.0010000000474974513
14,0.9210000038146973,0.19851870834827423,0.0010000000474974513
15,0.9340000152587891,0.1857067495584488,0.0010000000474974513
16,0.9449999928474426,0.1697062999010086,0.0010000000474974513
17,0.9419999718666077,0.1723768413066864,0.0010000000474974513
18,0.9309999942779541,0.1723480075597763,0.0010000000474974513
19,0.9210000038146973,0.18145820498466492,0.0010000000474974513
20,0.9440000057220459,0.16375398635864258,0.0010000000474974513
21,0.9440000057220459,0.15175962448120117,0.0010000000474974513
22,0.9369999766349792,0.15825773775577545,0.0010000000474974513
23,0.9419999718666077,0.14636081457138062,0.0010000000474974513
24,0.9599999785423279,0.12912048399448395,0.0010000000474974513
25,0.9520000219345093,0.13735747337341309,0.0010000000474974513
26,0.9729999899864197,0.10990939289331436,0.0010000000474974513
27,0.9610000252723694,0.11125075817108154,0.0010000000474974513
28,0.9629999995231628,0.1127631738781929,0.0010000000474974513
29,0.9700000286102295,0.10612670332193375,0.0010000000474974513
30,0.9739999771118164,0.10414846241474152,0.0010000000474974513
31,0.9459999799728394,0.13267704844474792,0.0010000000474974513
32,0.9549999833106995,0.12516595423221588,0.0010000000474974513
33,0.9750000238418579,0.09207287430763245,0.0010000000474974513
34,0.9620000123977661,0.11073734611272812,0.0010000000474974513
35,0.9670000076293945,0.09440822154283524,0.0010000000474974513
36,0.9760000109672546,0.08106134086847305,0.0010000000474974513
37,0.9819999933242798,0.0683644637465477,0.0010000000474974513
38,0.9649999737739563,0.09024553745985031,0.0010000000474974513
39,0.9679999947547913,0.08427301794290543,0.0010000000474974513
40,0.9769999980926514,0.09343800693750381,0.0010000000474974513
41,0.9879999756813049,0.05454493686556816,0.0010000000474974513
42,0.9829999804496765,0.07366189360618591,0.0010000000474974513
43,0.9869999885559082,0.05877986550331116,0.0010000000474974513
44,0.9900000095367432,0.05583840236067772,0.0010000000474974513
45,0.9800000190734863,0.06424542516469955,0.0010000000474974513
46,0.9819999933242798,0.06159070134162903,0.0010000000474974513
47,0.9900000095367432,0.04524907469749451,0.0010000000474974513
48,0.9869999885559082,0.051150355488061905,0.0010000000474974513
49,0.9980000257492065,0.034219153225421906,0.0010000000474974513
50,0.9929999709129333,0.03332417458295822,0.0010000000474974513
51,0.9810000061988831,0.058369506150484085,0.0010000000474974513
52,0.9829999804496765,0.058235350996255875,0.0010000000474974513
53,0.9819999933242798,0.056081462651491165,0.0010000000474974513
54,0.9900000095367432,0.04895013943314552,0.0010000000474974513
55,0.9869999885559082,0.045651163905858994,0.0010000000474974513
56,0.9919999837875366,0.03681781888008118,0.0010000000474974513
57,0.9900000095367432,0.037490248680114746,0.0010000000474974513
58,0.9860000014305115,0.04501553624868393,0.0010000000474974513
59,0.9879999756813049,0.047475799918174744,0.0010000000474974513
60,0.996999979019165,0.03247456252574921,0.0010000000474974513
61,1.0,0.016596322879195213,0.0010000000474974513
62,0.9879999756813049,0.03659433126449585,0.0010000000474974513
63,0.9909999966621399,0.032110534608364105,0.0010000000474974513
64,0.9990000128746033,0.023744182661175728,0.0010000000474974513
65,0.9959999918937683,0.02125481143593788,0.0010000000474974513
66,0.996999979019165,0.021926699206233025,0.0010000000474974513
67,0.9990000128746033,0.0172339528799057,0.0010000000474974513
68,0.9959999918937683,0.02475372701883316,0.0010000000474974513
69,0.9789999723434448,0.057534150779247284,0.0010000000474974513
70,0.9879999756813049,0.04485410079360008,0.0010000000474974513
71,0.9940000176429749,0.03502900153398514,0.0010000000474974513
72,0.9929999709129333,0.024893537163734436,0.0010000000474974513
73,0.996999979019165,0.0202243160456419,0.0010000000474974513
74,0.996999979019165,0.01954762637615204,0.0010000000474974513
75,0.9990000128746033,0.014094038866460323,0.0010000000474974513
76,0.9879999756813049,0.03683045133948326,0.0010000000474974513
77,0.9990000128746033,0.018182599917054176,0.0010000000474974513
78,0.9929999709129333,0.028232907876372337,0.0010000000474974513
79,0.9919999837875366,0.02835605852305889,0.0010000000474974513
80,0.9900000095367432,0.038007888942956924,0.0010000000474974513
81,0.9980000257492065,0.022221924737095833,0.0010000000474974513
82,0.9990000128746033,0.007401871029287577,0.0010000000474974513
83,1.0,0.005104437004774809,0.0010000000474974513
84,0.9990000128746033,0.01020889449864626,0.0010000000474974513
85,1.0,0.007232360076159239,0.0010000000474974513
86,0.9959999918937683,0.01984979398548603,0.0010000000474974513
87,0.9990000128746033,0.016134953126311302,0.0010000000474974513
88,0.996999979019165,0.012938957661390305,0.0010000000474974513
89,0.9929999709129333,0.021622711792588234,0.0010000000474974513
90,0.9959999918937683,0.023130958899855614,0.0010000000474974513
91,0.9990000128746033,0.012760117650032043,0.0010000000474974513
92,0.9929999709129333,0.03047242760658264,0.0010000000474974513
93,0.9980000257492065,0.011317500844597816,0.0010000000474974513
94,1.0,0.0065232692286372185,0.0010000000474974513
95,0.9940000176429749,0.02097027376294136,0.0010000000474974513
96,0.9879999756813049,0.03017406351864338,0.0010000000474974513
97,0.9919999837875366,0.03353973105549812,0.0010000000474974513
98,0.9959999918937683,0.01665656268596649,0.0010000000474974513
99,0.9919999837875366,0.023848101496696472,0.0010000000474974513
100,0.9940000176429749,0.021843604743480682,0.0010000000474974513
101,1.0,0.0038096271455287933,0.0010000000474974513
102,1.0,0.004349709488451481,0.0010000000474974513
103,1.0,0.005795040633529425,0.0010000000474974513
104,0.9990000128746033,0.007810117211192846,0.0010000000474974513
105,1.0,0.003938371315598488,0.0010000000474974513
106,1.0,0.002742304001003504,0.0010000000474974513
107,1.0,0.0022981150541454554,0.0010000000474974513
108,1.0,0.0017013284377753735,0.0010000000474974513
109,1.0,0.001969181699678302,0.0010000000474974513
110,1.0,0.003551730653271079,0.0010000000474974513
111,1.0,0.002066265558823943,0.0010000000474974513
112,1.0,0.002174222841858864,0.0010000000474974513
113,1.0,0.001533157890662551,0.0010000000474974513
114,0.9919999837875366,0.018135953694581985,0.0010000000474974513
115,0.9490000009536743,0.13946478068828583,0.0010000000474974513
116,0.9860000014305115,0.04598751664161682,0.0010000000474974513
117,0.9890000224113464,0.040899842977523804,0.0010000000474974513
118,0.9890000224113464,0.03635328635573387,0.0010000000474974513
119,0.9810000061988831,0.05165979266166687,0.0010000000474974513
120,0.9919999837875366,0.02745843678712845,0.0010000000474974513
121,0.9980000257492065,0.011190567165613174,0.0010000000474974513
122,0.9959999918937683,0.018797552213072777,0.0010000000474974513
123,0.9990000128746033,0.00769911939278245,0.0010000000474974513
124,1.0,0.003402890870347619,0.0010000000474974513
125,1.0,0.0035358404275029898,0.0010000000474974513
126,1.0,0.00612585199996829,0.0010000000474974513
127,0.9860000014305115,0.0304668378084898,0.0010000000474974513
128,0.9829999804496765,0.05216546729207039,0.0010000000474974513
129,0.9959999918937683,0.016836991533637047,0.0010000000474974513
130,0.9990000128746033,0.0066072032786905766,0.0010000000474974513
131,1.0,0.0035582459531724453,0.0010000000474974513
132,1.0,0.005863738711923361,0.0010000000474974513
133,0.9990000128746033,0.008352825418114662,0.0010000000474974513
134,1.0,0.0037383250892162323,0.0010000000474974513
135,1.0,0.0012901687296107411,0.0010000000474974513
136,1.0,0.00215192511677742,0.0010000000474974513
137,1.0,0.003116180654615164,0.0010000000474974513
138,1.0,0.002195424400269985,0.0010000000474974513
139,1.0,0.0024583537597209215,0.0010000000474974513
140,1.0,0.0032440947834402323,0.0010000000474974513
141,0.9990000128746033,0.008447520434856415,0.0010000000474974513
142,0.9990000128746033,0.00792919285595417,0.0010000000474974513
143,0.9980000257492065,0.012556583620607853,0.0010000000474974513
144,0.9879999756813049,0.02978852018713951,0.0010000000474974513
145,0.9919999837875366,0.03285786136984825,0.0010000000474974513
146,0.9769999980926514,0.05976821109652519,0.0010000000474974513
147,0.9890000224113464,0.029019856825470924,0.0010000000474974513
148,0.9990000128746033,0.014402741566300392,0.0010000000474974513
149,0.9940000176429749,0.024400126188993454,0.0010000000474974513
150,0.9929999709129333,0.02397356741130352,0.0010000000474974513
151,1.0,0.005533126648515463,0.0010000000474974513
152,0.9929999709129333,0.019030552357435226,0.0010000000474974513
153,0.9990000128746033,0.008145674131810665,0.0010000000474974513
154,0.9990000128746033,0.007668834645301104,0.0010000000474974513
155,1.0,0.0024437769316136837,0.0010000000474974513
156,1.0,0.0013243114808574319,0.0010000000474974513
157,1.0,0.0011799943167716265,0.0010000000474974513
158,1.0,0.002776095177978277,0.0010000000474974513
159,1.0,0.0014773884322494268,0.0010000000474974513
160,1.0,0.0011081538395956159,0.0010000000474974513
161,1.0,0.0012768019223585725,0.0010000000474974513
162,1.0,0.0008610099321231246,0.0010000000474974513
163,1.0,0.0008611564990133047,0.0010000000474974513
164,1.0,0.0008995032985694706,0.0010000000474974513
165,1.0,0.0007934739696793258,0.0010000000474974513
166,1.0,0.0010298779234290123,0.0010000000474974513
167,0.9940000176429749,0.01811673305928707,0.0010000000474974513
168,0.9819999933242798,0.057176373898983,0.0010000000474974513
169,0.9900000095367432,0.027145035564899445,0.0010000000474974513
170,0.9940000176429749,0.019002575427293777,0.0010000000474974513
171,0.9929999709129333,0.02702239528298378,0.0010000000474974513
172,1.0,0.007767196279019117,0.0010000000474974513
173,0.9980000257492065,0.00631113164126873,0.0010000000474974513
174,0.9990000128746033,0.005293562542647123,0.0010000000474974513
175,1.0,0.0030850775074213743,0.0010000000474974513
176,1.0,0.0028634839691221714,0.0010000000474974513
177,1.0,0.0017563346773386002,0.0010000000474974513
178,1.0,0.001994570717215538,0.0010000000474974513
179,0.9909999966621399,0.01845731772482395,0.0010000000474974513
180,0.9879999756813049,0.03398868441581726,0.0010000000474974513
181,0.9850000143051147,0.047641266137361526,0.0010000000474974513
182,0.9959999918937683,0.018596839159727097,0.0010000000474974513
183,0.9909999966621399,0.03785013034939766,0.0010000000474974513
184,0.9990000128746033,0.011467872187495232,0.0010000000474974513
185,0.9980000257492065,0.009205796755850315,0.0010000000474974513
186,0.9990000128746033,0.008350970223546028,0.0010000000474974513
187,0.9980000257492065,0.0100681371986866,0.0010000000474974513
188,0.9990000128746033,0.005579853896051645,0.0010000000474974513
189,1.0,0.004332359414547682,0.0010000000474974513
190,1.0,0.002928728237748146,0.0010000000474974513
191,1.0,0.0026030398439615965,0.0010000000474974513
192,1.0,0.001455380697734654,0.0010000000474974513
193,1.0,0.0008577356347814202,0.0010000000474974513
194,1.0,0.0007115883636288345,0.0010000000474974513
195,1.0,0.0009572599665261805,0.0010000000474974513
196,0.9990000128746033,0.0015851003117859364,0.0010000000474974513
197,0.9919999837875366,0.02927774377167225,0.0010000000474974513
198,0.9980000257492065,0.011706613935530186,0.0010000000474974513
199,1.0,0.0025963943917304277,0.0010000000474974513
200,1.0,0.0028315046802163124,0.0010000000474974513
201,1.0,0.004983609542250633,0.0010000000474974513
202,1.0,0.0022586185950785875,0.0010000000474974513
203,1.0,0.0008445093990303576,0.0010000000474974513
204,1.0,0.00132423872128129,0.0010000000474974513
205,1.0,0.0010558702051639557,0.0010000000474974513
206,0.9990000128746033,0.0026675171684473753,0.0010000000474974513
207,1.0,0.0008230690727941692,0.0010000000474974513
208,1.0,0.0012482457095757127,0.0010000000474974513
209,0.984000027179718,0.03557027503848076,0.0010000000474974513
210,0.9950000047683716,0.02262280508875847,0.0010000000474974513
211,0.9829999804496765,0.051664553582668304,0.0010000000474974513
212,1.0,0.0053244708105921745,0.0010000000474974513
213,1.0,0.0032572655472904444,0.0010000000474974513
214,1.0,0.001983012305572629,0.0010000000474974513
215,1.0,0.003181654028594494,0.0010000000474974513
216,1.0,0.0024170798715204,0.0010000000474974513
217,1.0,0.001007609418593347,0.0010000000474974513
218,1.0,0.0012831343337893486,0.0010000000474974513
219,1.0,0.00461922213435173,0.0010000000474974513
220,1.0,0.00474421726539731,0.0010000000474974513
221,1.0,0.0021646679379045963,0.0010000000474974513
222,1.0,0.0013086232356727123,0.0010000000474974513
223,1.0,0.0006362131098285317,0.0010000000474974513
224,1.0,0.0006736277719028294,0.0010000000474974513
225,1.0,0.0006076083518564701,0.0010000000474974513
226,1.0,0.000589516363106668,0.0010000000474974513
227,1.0,0.0006152469431981444,0.0010000000474974513
228,1.0,0.0007821035105735064,0.0010000000474974513
229,1.0,0.0005488962633535266,0.0010000000474974513
230,1.0,0.000490496982820332,0.0010000000474974513
231,1.0,0.0003578753676265478,0.0010000000474974513
232,1.0,0.0008021393441595137,0.0010000000474974513
233,1.0,0.0007674014777876437,0.0010000000474974513
234,1.0,0.00046996594755910337,0.0010000000474974513
235,1.0,0.0005555045790970325,0.0010000000474974513
236,1.0,0.0005157281993888319,0.0010000000474974513
237,0.9940000176429749,0.019454149529337883,0.0010000000474974513
238,0.984000027179718,0.045095738023519516,0.0010000000474974513
239,0.9580000042915344,0.11591675877571106,0.0010000000474974513
240,0.996999979019165,0.018475301563739777,0.0010000000474974513
241,0.9980000257492065,0.009336171671748161,0.0010000000474974513
242,0.9990000128746033,0.006989361718297005,0.0010000000474974513
243,1.0,0.00304800970479846,0.0010000000474974513
244,0.996999979019165,0.008384618908166885,0.0010000000474974513
245,0.9929999709129333,0.01739002764225006,0.0010000000474974513
246,0.9890000224113464,0.04019537940621376,0.0010000000474974513
247,0.9990000128746033,0.00603493582457304,0.0010000000474974513
248,0.9929999709129333,0.014826291240751743,0.0010000000474974513
249,0.9980000257492065,0.008721547201275826,0.0010000000474974513
250,0.9950000047683716,0.020177891477942467,0.0010000000474974513
251,0.9959999918937683,0.011354141868650913,0.0010000000474974513
252,0.9980000257492065,0.007921138778328896,0.0010000000474974513
253,1.0,0.002674610586836934,0.0010000000474974513
254,1.0,0.0014503849670290947,0.0010000000474974513
255,1.0,0.0018812919734045863,0.0010000000474974513
256,1.0,0.001531738555058837,0.0010000000474974513
257,0.9990000128746033,0.002878559287637472,0.0010000000474974513
258,1.0,0.0009881819132715464,0.0010000000474974513
259,1.0,0.0009342493722215295,0.0010000000474974513
260,1.0,0.0009479119325987995,0.0010000000474974513
261,1.0,0.0005768510163761675,0.0010000000474974513
262,1.0,0.0007248228066600859,0.0010000000474974513
263,1.0,0.0004305461188778281,0.0010000000474974513
264,1.0,0.0004008389951195568,0.0010000000474974513
265,1.0,0.0008480342221446335,0.0010000000474974513
266,1.0,0.0002936868986580521,0.0010000000474974513
267,1.0,0.0006311518955044448,0.0010000000474974513
268,1.0,0.0003257425269111991,0.0010000000474974513
269,1.0,0.0002733723958954215,0.0010000000474974513
270,1.0,0.0003307678271085024,0.0010000000474974513
271,1.0,0.0003073648258578032,0.0010000000474974513
272,1.0,0.0002737347094807774,0.0010000000474974513
273,1.0,0.00029838556656613946,0.0010000000474974513
274,1.0,0.0002945251180790365,0.0010000000474974513
275,1.0,0.0003176845784764737,0.0010000000474974513
276,1.0,0.00022206871653907,0.0010000000474974513
277,1.0,0.0002029794704867527,0.0010000000474974513
278,1.0,0.00012189526751171798,0.0010000000474974513
279,1.0,0.00015795005310792476,0.0010000000474974513
280,1.0,0.0001435324811609462,0.0010000000474974513
281,1.0,0.00022746995091438293,0.0010000000474974513
282,1.0,0.00024987233337014914,0.0010000000474974513
283,1.0,0.0003148422110825777,0.0010000000474974513
284,1.0,0.0002507652679923922,0.0010000000474974513
285,1.0,0.0001654790248721838,0.0010000000474974513
286,1.0,0.0005926871672272682,0.0010000000474974513
287,1.0,0.0012671372387558222,0.0010000000474974513
288,1.0,0.00033940389403142035,0.0010000000474974513
289,1.0,0.00041008953121490777,0.0010000000474974513
290,1.0,0.00036746097612194717,0.0010000000474974513
291,1.0,0.0002962087164632976,0.0010000000474974513
292,1.0,0.00014247289800550789,0.0010000000474974513
293,1.0,0.00014774898590985686,0.0010000000474974513
294,0.9900000095367432,0.020136835053563118,0.0010000000474974513
295,0.9509999752044678,0.13112802803516388,0.0010000000474974513
296,0.9879999756813049,0.037228163331747055,0.0010000000474974513
297,0.9829999804496765,0.04297320544719696,0.0010000000474974513
298,0.9909999966621399,0.023277539759874344,0.0010000000474974513
299,0.9829999804496765,0.04783078655600548,0.0010000000474974513
300,0.9950000047683716,0.018931934610009193,0.0010000000474974513
301,0.9990000128746033,0.009448185563087463,0.0010000000474974513
302,0.9990000128746033,0.0036942155566066504,0.0010000000474974513
303,1.0,0.002982049249112606,0.0010000000474974513
304,1.0,0.00212000566534698,0.0010000000474974513
305,1.0,0.0008911829208955169,0.0010000000474974513
306,1.0,0.0011042295955121517,0.0010000000474974513
307,1.0,0.0011008329456672072,0.0010000000474974513
308,0.9990000128746033,0.002364902989938855,0.0010000000474974513
309,1.0,0.001035052351653576,0.0010000000474974513
310,1.0,0.003958350047469139,0.0010000000474974513
311,0.9990000128746033,0.0034711004700511694,0.0010000000474974513
312,0.996999979019165,0.005835176911205053,0.0010000000474974513
313,1.0,0.004615760408341885,0.0010000000474974513
314,1.0,0.0042212591506540775,0.0010000000474974513
315,1.0,0.0012780140386894345,0.0010000000474974513
316,1.0,0.002259759930893779,0.0010000000474974513
317,0.996999979019165,0.009936239570379257,0.0010000000474974513
318,0.9679999947547913,0.10607244819402695,0.0010000000474974513
319,0.9879999756813049,0.027370072901248932,0.0010000000474974513
320,0.9980000257492065,0.007178653031587601,0.0010000000474974513
321,1.0,0.0035508344881236553,0.0010000000474974513
322,1.0,0.0015604605432599783,0.0010000000474974513
323,1.0,0.002914677606895566,0.0010000000474974513
324,1.0,0.0013722572475671768,0.0010000000474974513
325,1.0,0.0009510029922239482,0.0010000000474974513
326,1.0,0.0007139901863411069,0.0010000000474974513
327,1.0,0.0016699970001354814,0.0010000000474974513
328,1.0,0.001393851707689464,0.0010000000474974513
329,1.0,0.0010702094295993447,0.0005000000237487257
330,1.0,0.0006214464083313942,0.0005000000237487257
331,1.0,0.00040593137964606285,0.0005000000237487257
332,1.0,0.0004286660114303231,0.0005000000237487257
333,1.0,0.0008000402012839913,0.0005000000237487257
334,1.0,0.0003924428310710937,0.0005000000237487257
335,1.0,0.0007940900977700949,0.0005000000237487257
336,1.0,0.0003484023327473551,0.0005000000237487257
337,1.0,0.0006283574039116502,0.0005000000237487257
338,1.0,0.0007247150060720742,0.0005000000237487257
339,1.0,0.0008318844484165311,0.0005000000237487257
340,1.0,0.0004303904133848846,0.0005000000237487257
341,1.0,0.0007092503365129232,0.0005000000237487257
342,1.0,0.0003432889061514288,0.0005000000237487257
343,1.0,0.000391822075471282,0.0005000000237487257
344,1.0,0.00030364247504621744,0.0005000000237487257
345,1.0,0.0004149316519033164,0.0005000000237487257
346,1.0,0.00022531473950948566,0.0005000000237487257
347,1.0,0.00028048065723851323,0.0005000000237487257
348,1.0,0.00021865269809495658,0.0005000000237487257
349,1.0,0.00018870545318350196,0.0005000000237487257
350,1.0,0.00042884805588983,0.0005000000237487257
351,1.0,0.0007019449258223176,0.0005000000237487257
352,1.0,0.0005481336847878993,0.0005000000237487257
353,1.0,0.0008986176108010113,0.0005000000237487257
354,1.0,0.00029131912742741406,0.0005000000237487257
355,1.0,0.0001773510011844337,0.0005000000237487257
356,1.0,0.00011013760376954451,0.0005000000237487257
357,1.0,0.0002451872860547155,0.0005000000237487257
358,1.0,0.0009451041696593165,0.0005000000237487257
359,1.0,0.0007915336755104363,0.0005000000237487257
360,1.0,0.0010792268440127373,0.0005000000237487257
361,1.0,0.00047126191202551126,0.0005000000237487257
362,1.0,0.0003345384611748159,0.0005000000237487257
363,1.0,0.00044835644075646996,0.0005000000237487257
364,1.0,0.00020719473832286894,0.0005000000237487257
365,1.0,0.0002049741306109354,0.0005000000237487257
366,1.0,0.00015683168021496385,0.0005000000237487257
367,1.0,8.741689816815779e-05,0.0005000000237487257
368,1.0,0.0003455763799138367,0.0005000000237487257
369,1.0,0.0009212594013661146,0.0005000000237487257
370,1.0,0.00033580869785510004,0.0005000000237487257
371,1.0,0.0009142361814156175,0.0005000000237487257
372,1.0,0.0011033229529857635,0.0005000000237487257
373,1.0,0.0006758029339835048,0.0005000000237487257
374,1.0,0.0003643231466412544,0.0005000000237487257
375,1.0,0.00015582807827740908,0.0005000000237487257
376,1.0,0.0001575534843141213,0.0005000000237487257
377,1.0,0.0004382366023492068,0.0005000000237487257
378,1.0,0.00013991486048325896,0.0005000000237487257
379,1.0,0.00014968197501730174,0.0002500000118743628
380,1.0,0.00014820339856669307,0.0002500000118743628
381,1.0,0.00027312961174175143,0.0002500000118743628
382,1.0,0.00017991705681197345,0.0002500000118743628
383,1.0,0.00040599724161438644,0.0002500000118743628
384,1.0,0.0001854596339398995,0.0002500000118743628
385,1.0,0.0002770985593087971,0.0002500000118743628
386,1.0,0.00020031635358463973,0.0002500000118743628
387,1.0,8.11144636827521e-05,0.0002500000118743628
388,1.0,0.00012154130672570318,0.0002500000118743628
389,1.0,0.00041584830614738166,0.0002500000118743628
390,1.0,0.00021248568373266608,0.0002500000118743628
391,1.0,0.00012782453268300742,0.0002500000118743628
392,1.0,7.189632742665708e-05,0.0002500000118743628
393,1.0,9.54408387769945e-05,0.0002500000118743628
394,1.0,0.0001553637848701328,0.0002500000118743628
395,1.0,8.389406866626814e-05,0.0002500000118743628
396,1.0,5.374229294830002e-05,0.0002500000118743628
397,1.0,9.433087689103559e-05,0.0002500000118743628
398,1.0,0.00021701813966501504,0.0002500000118743628
399,1.0,0.00026856327895075083,0.0002500000118743628
400,1.0,0.00017455776105634868,0.0002500000118743628
401,1.0,7.845651998650283e-05,0.0002500000118743628
402,1.0,8.37638508528471e-05,0.0002500000118743628
403,1.0,8.975631499197334e-05,0.0002500000118743628
404,1.0,5.8834291849052534e-05,0.0002500000118743628
405,1.0,0.00021630883566103876,0.0002500000118743628
406,1.0,0.00010938382911263034,0.0002500000118743628
407,1.0,0.0006893262616358697,0.0002500000118743628
408,0.9990000128746033,0.004753681365400553,0.0002500000118743628
409,1.0,0.0011235564015805721,0.0002500000118743628
410,1.0,0.0014779731864109635,0.0002500000118743628
411,1.0,0.0006706399144604802,0.0002500000118743628
412,1.0,0.00034307173336856067,0.0002500000118743628
413,1.0,0.00019082389189861715,0.0002500000118743628
414,1.0,0.00025257907691411674,0.0002500000118743628
415,1.0,0.0001350998500129208,0.0002500000118743628
416,1.0,0.00041493918979540467,0.0002500000118743628
417,1.0,0.00014511118934024125,0.0002500000118743628
418,1.0,0.00021137269504833966,0.0002500000118743628
419,1.0,0.00011487944721011445,0.0002500000118743628
420,1.0,0.00013237942766863853,0.0002500000118743628
421,1.0,0.00015504825569223613,0.0002500000118743628
422,1.0,9.797378879738972e-05,0.0002500000118743628
423,1.0,9.438152483198792e-05,0.0002500000118743628
424,1.0,0.00016484598745591938,0.0002500000118743628
425,1.0,7.740561704849824e-05,0.0002500000118743628
426,1.0,0.0001439629850210622,0.0002500000118743628
427,1.0,8.280377369374037e-05,0.0002500000118743628
428,1.0,0.00010183973790844902,0.0002500000118743628
429,1.0,0.0002206641947850585,0.0001250000059371814
430,1.0,9.75749280769378e-05,0.0001250000059371814
431,1.0,8.091178460745141e-05,0.0001250000059371814
432,1.0,7.077039481373504e-05,0.0001250000059371814
433,1.0,5.53621539438609e-05,0.0001250000059371814
434,1.0,0.00010875413863686845,0.0001250000059371814
435,1.0,0.00010534498142078519,0.0001250000059371814
436,1.0,4.351266034063883e-05,0.0001250000059371814
437,1.0,8.264077041530982e-05,0.0001250000059371814
438,1.0,6.131880218163133e-05,0.0001250000059371814
439,1.0,0.00015961269673425704,0.0001250000059371814
440,1.0,6.584107904927805e-05,0.0001250000059371814
441,1.0,6.855809624539688e-05,0.0001250000059371814
442,1.0,0.00019431221880950034,0.0001250000059371814
443,1.0,0.00010874758299905807,0.0001250000059371814
444,1.0,6.674483302049339e-05,0.0001250000059371814
445,1.0,7.744078175164759e-05,0.0001250000059371814
446,1.0,9.420423884876072e-05,0.0001250000059371814
447,1.0,8.967713074525818e-05,0.0001250000059371814
448,1.0,5.083949872641824e-05,0.0001250000059371814
449,1.0,0.00023445011174771935,0.0001250000059371814
450,1.0,6.103721534600481e-05,0.0001250000059371814
451,1.0,0.00011716793960658833,0.0001250000059371814
452,1.0,0.00011461039684945717,0.0001250000059371814
453,1.0,6.055986159481108e-05,0.0001250000059371814
454,1.0,0.00010600470704957843,0.0001250000059371814
455,1.0,4.198349415673874e-05,0.0001250000059371814
456,1.0,6.322836998151615e-05,0.0001250000059371814
457,1.0,7.357609865721315e-05,0.0001250000059371814
458,1.0,5.099113695905544e-05,0.0001250000059371814
459,1.0,6.210526771610603e-05,0.0001250000059371814
460,1.0,0.0001326420606346801,0.0001250000059371814
461,1.0,0.0008651537937112153,0.0001250000059371814
462,1.0,8.822798554319888e-05,0.0001250000059371814
463,1.0,0.00014693912817165256,0.0001250000059371814
464,1.0,0.0005461172549985349,0.0001250000059371814
465,1.0,0.0001991817553061992,0.0001250000059371814
466,1.0,0.00013882706116419286,0.0001250000059371814
467,1.0,5.810777292936109e-05,0.0001250000059371814
468,1.0,0.00015865130990277976,0.0001250000059371814
469,1.0,8.134296513162553e-05,0.0001250000059371814
470,1.0,0.00012736915959976614,0.0001250000059371814
471,1.0,0.000164442477398552,0.0001250000059371814
472,1.0,0.00010448102693771943,0.0001250000059371814
473,1.0,7.081768853822723e-05,0.0001250000059371814
474,1.0,0.00010233383363811299,0.0001250000059371814
475,1.0,0.0003354512155056,0.0001250000059371814
476,1.0,0.000245146598899737,0.0001250000059371814
477,1.0,4.2870455217780545e-05,0.0001250000059371814
478,1.0,0.00011954018555115908,0.0001250000059371814
479,1.0,7.312663365155458e-05,9.999999747378752e-05
480,1.0,7.037007890176028e-05,9.999999747378752e-05
481,1.0,0.0001044264790834859,9.999999747378752e-05
482,1.0,5.4372114391298965e-05,9.999999747378752e-05
483,1.0,3.598194962251e-05,9.999999747378752e-05
484,1.0,0.00011655044363578781,9.999999747378752e-05
485,1.0,3.900048977811821e-05,9.999999747378752e-05
486,1.0,7.494376768590882e-05,9.999999747378752e-05
487,1.0,5.404361945693381e-05,9.999999747378752e-05
488,1.0,7.518858183175325e-05,9.999999747378752e-05
489,1.0,5.9691308706533164e-05,9.999999747378752e-05
490,1.0,5.8747315051732585e-05,9.999999747378752e-05
491,1.0,9.742368274601176e-05,9.999999747378752e-05
492,1.0,3.7350993807194754e-05,9.999999747378752e-05
493,1.0,0.00023094666539691389,9.999999747378752e-05
494,1.0,0.00020687913638539612,9.999999747378752e-05
495,1.0,0.00010990758892148733,9.999999747378752e-05
496,1.0,4.988417640561238e-05,9.999999747378752e-05
497,1.0,8.03204020485282e-05,9.999999747378752e-05
498,1.0,0.0002494683430995792,9.999999747378752e-05
499,1.0,6.928455695742741e-05,9.999999747378752e-05
500,1.0,5.734535807278007e-05,9.999999747378752e-05
501,1.0,4.8954389058053493e-05,9.999999747378752e-05
502,1.0,0.00010369677329435945,9.999999747378752e-05
503,1.0,8.0258228990715e-05,9.999999747378752e-05
504,1.0,0.00012736499775201082,9.999999747378752e-05
505,1.0,6.848456541774794e-05,9.999999747378752e-05
506,1.0,5.005182538297959e-05,9.999999747378752e-05
507,1.0,0.00015327379514928907,9.999999747378752e-05
508,1.0,4.845929652219638e-05,9.999999747378752e-05
509,1.0,3.1714382203062996e-05,9.999999747378752e-05
510,1.0,6.065883280825801e-05,9.999999747378752e-05
511,1.0,4.516040280577727e-05,9.999999747378752e-05
512,1.0,4.4312830141279846e-05,9.999999747378752e-05
513,1.0,4.509137579589151e-05,9.999999747378752e-05
514,1.0,3.7832563975825906e-05,9.999999747378752e-05
515,1.0,8.1862453953363e-05,9.999999747378752e-05
516,1.0,4.994940172764473e-05,9.999999747378752e-05
517,1.0,0.00037189869908615947,9.999999747378752e-05
518,1.0,8.109648479148746e-05,9.999999747378752e-05
519,1.0,3.126934461761266e-05,9.999999747378752e-05
520,1.0,5.531277565751225e-05,9.999999747378752e-05
521,1.0,3.480990926618688e-05,9.999999747378752e-05
522,1.0,3.477969585219398e-05,9.999999747378752e-05
523,1.0,6.107384979259223e-05,9.999999747378752e-05
524,1.0,0.0001244077575393021,9.999999747378752e-05
525,1.0,7.51086845411919e-05,9.999999747378752e-05
526,1.0,3.5549532185541466e-05,9.999999747378752e-05
527,1.0,4.2141229641856626e-05,9.999999747378752e-05
528,1.0,3.979180837632157e-05,9.999999747378752e-05
529,1.0,3.313490014988929e-05,9.999999747378752e-05
530,1.0,5.535120362765156e-05,9.999999747378752e-05
531,1.0,3.590526102925651e-05,9.999999747378752e-05
532,1.0,3.8820362533442676e-05,9.999999747378752e-05
533,1.0,3.0158615118125454e-05,9.999999747378752e-05
534,1.0,4.351476673036814e-05,9.999999747378752e-05
535,1.0,2.689127722987905e-05,9.999999747378752e-05
536,1.0,8.082271961029619e-05,9.999999747378752e-05
537,1.0,0.00014223648759070784,9.999999747378752e-05
538,1.0,6.883929017931223e-05,9.999999747378752e-05
539,1.0,3.0061934012337588e-05,9.999999747378752e-05
540,1.0,2.6843765226658434e-05,9.999999747378752e-05
541,1.0,2.692083580768667e-05,9.999999747378752e-05
542,1.0,2.2399204681278206e-05,9.999999747378752e-05
543,1.0,2.9851933504687622e-05,9.999999747378752e-05
544,1.0,4.087322304258123e-05,9.999999747378752e-05
545,1.0,4.725814505945891e-05,9.999999747378752e-05
546,1.0,2.7098054488305934e-05,9.999999747378752e-05
547,1.0,2.0033066903124563e-05,9.999999747378752e-05
548,1.0,6.554839637828991e-05,9.999999747378752e-05
549,1.0,7.391532562905923e-05,9.999999747378752e-05
550,1.0,3.6933091905666515e-05,9.999999747378752e-05
551,1.0,5.2175295422784984e-05,9.999999747378752e-05
552,1.0,2.6952098778565414e-05,9.999999747378752e-05
553,1.0,2.1320498490240425e-05,9.999999747378752e-05
554,1.0,2.352595402044244e-05,9.999999747378752e-05
555,1.0,4.9273865442955866e-05,9.999999747378752e-05
556,1.0,2.9944592824904248e-05,9.999999747378752e-05
557,1.0,1.4053355698706582e-05,9.999999747378752e-05
558,1.0,1.9131175577058457e-05,9.999999747378752e-05
559,1.0,4.124423867324367e-05,9.999999747378752e-05
560,1.0,2.024840796366334e-05,9.999999747378752e-05
561,1.0,4.268514385330491e-05,9.999999747378752e-05
562,1.0,2.4518729333067313e-05,9.999999747378752e-05
563,1.0,4.9939048039959744e-05,9.999999747378752e-05
564,1.0,3.9629696402698755e-05,9.999999747378752e-05
565,1.0,1.3499206033884548e-05,9.999999747378752e-05
566,1.0,4.1213388612959534e-05,9.999999747378752e-05
567,1.0,1.7745762306731194e-05,9.999999747378752e-05
568,1.0,4.333347169449553e-05,9.999999747378752e-05
569,1.0,1.6187390428967774e-05,9.999999747378752e-05
570,1.0,3.045215089514386e-05,9.999999747378752e-05
571,1.0,2.09192767215427e-05,9.999999747378752e-05
572,1.0,3.149329495499842e-05,9.999999747378752e-05
573,1.0,3.625374665716663e-05,9.999999747378752e-05
574,1.0,5.465492358780466e-05,9.999999747378752e-05
575,1.0,2.1260431822156534e-05,9.999999747378752e-05
576,1.0,0.0005133013473823667,9.999999747378752e-05
577,0.9990000128746033,0.0011428830912336707,9.999999747378752e-05
578,1.0,0.00027403293643146753,9.999999747378752e-05
579,1.0,8.750995766604319e-05,9.999999747378752e-05
580,1.0,7.421928603434935e-05,9.999999747378752e-05
581,1.0,4.5374472392722964e-05,9.999999747378752e-05
582,1.0,7.250219641719013e-05,9.999999747378752e-05
583,1.0,8.971765782916918e-05,9.999999747378752e-05
584,1.0,3.6753463064087555e-05,9.999999747378752e-05
585,1.0,3.460212974459864e-05,9.999999747378752e-05
586,1.0,6.0533111536642537e-05,9.999999747378752e-05
587,1.0,3.9707214455120265e-05,9.999999747378752e-05
588,1.0,2.933900395873934e-05,9.999999747378752e-05
589,1.0,6.088581358199008e-05,9.999999747378752e-05
590,1.0,4.194460780126974e-05,9.999999747378752e-05
591,1.0,3.456837293924764e-05,9.999999747378752e-05
592,1.0,2.7871801648871042e-05,9.999999747378752e-05
593,1.0,2.456040238030255e-05,9.999999747378752e-05
594,1.0,2.2114745661383495e-05,9.999999747378752e-05
595,1.0,2.6157595129916444e-05,9.999999747378752e-05
596,1.0,3.910419763997197e-05,9.999999747378752e-05
597,1.0,2.9192044166848063e-05,9.999999747378752e-05
598,1.0,1.7975267837755382e-05,9.999999747378752e-05
599,1.0,2.0761015548487194e-05,9.999999747378752e-05
600,1.0,5.301428973325528e-05,9.999999747378752e-05
601,1.0,9.617482282919809e-05,9.999999747378752e-05
602,1.0,6.392856448655948e-05,9.999999747378752e-05
603,1.0,7.79339243308641e-05,9.999999747378752e-05
604,1.0,2.6082587282871827e-05,9.999999747378752e-05
605,1.0,7.875625306041911e-05,9.999999747378752e-05
606,1.0,4.716591502074152e-05,9.999999747378752e-05
607,1.0,2.463079545123037e-05,9.999999747378752e-05
608,1.0,4.393710332806222e-05,9.999999747378752e-05
609,1.0,2.6893614631262608e-05,9.999999747378752e-05
610,1.0,3.8993639464024454e-05,9.999999747378752e-05
611,1.0,1.3742676856054459e-05,9.999999747378752e-05
612,1.0,2.8473355996538885e-05,9.999999747378752e-05
613,1.0,3.112461854470894e-05,9.999999747378752e-05
614,1.0,4.3922726035816595e-05,9.999999747378752e-05
615,1.0,2.579571446403861e-05,9.999999747378752e-05
616,1.0,1.6554880858166143e-05,9.999999747378752e-05
617,1.0,2.888717244786676e-05,9.999999747378752e-05
618,1.0,1.6206073269131593e-05,9.999999747378752e-05
619,1.0,2.175678855564911e-05,9.999999747378752e-05
620,1.0,1.992825127672404e-05,9.999999747378752e-05
621,1.0,1.9251137928222306e-05,9.999999747378752e-05
622,1.0,4.1812545532593504e-05,9.999999747378752e-05
623,1.0,2.5583385649952106e-05,9.999999747378752e-05
624,1.0,3.3745582186384127e-05,9.999999747378752e-05
625,1.0,1.4288974853116088e-05,9.999999747378752e-05
626,1.0,1.1150889804412145e-05,9.999999747378752e-05
627,1.0,3.1981275242287666e-05,9.999999747378752e-05
628,1.0,3.951082908315584e-05,9.999999747378752e-05
629,1.0,1.9050592527491972e-05,9.999999747378752e-05
630,1.0,2.081646744045429e-05,9.999999747378752e-05
631,1.0,4.311098746256903e-05,9.999999747378752e-05
632,1.0,9.93076610029675e-05,9.999999747378752e-05
633,1.0,4.273761442163959e-05,9.999999747378752e-05
634,1.0,2.2821763195679523e-05,9.999999747378752e-05
635,1.0,2.4161192413885146e-05,9.999999747378752e-05
636,1.0,4.202341369818896e-05,9.999999747378752e-05
637,1.0,1.5945177437970415e-05,9.999999747378752e-05
638,1.0,1.6114290701807477e-05,9.999999747378752e-05
639,1.0,4.545511183096096e-05,9.999999747378752e-05
640,1.0,2.7156314899912104e-05,9.999999747378752e-05
641,1.0,1.2047446034557652e-05,9.999999747378752e-05
642,1.0,3.1894640414975584e-05,9.999999747378752e-05
643,1.0,3.810001362580806e-05,9.999999747378752e-05
644,1.0,0.00015866756439208984,9.999999747378752e-05
645,1.0,0.00018358344095759094,9.999999747378752e-05
646,1.0,0.00010625371214700863,9.999999747378752e-05
647,1.0,7.457219180651009e-05,9.999999747378752e-05
648,1.0,0.00015766355500090867,9.999999747378752e-05
649,1.0,0.00013224165013525635,9.999999747378752e-05
650,1.0,4.7494537284364924e-05,9.999999747378752e-05
651,1.0,4.391651600599289e-05,9.999999747378752e-05
652,1.0,2.3101496481103823e-05,9.999999747378752e-05
653,1.0,4.7291636292357e-05,9.999999747378752e-05
654,1.0,2.5675906726974063e-05,9.999999747378752e-05
655,1.0,2.7712032533599995e-05,9.999999747378752e-05
656,1.0,4.9548103561392054e-05,9.999999747378752e-05
657,1.0,3.1989395210985094e-05,9.999999747378752e-05
658,1.0,5.598387724603526e-05,9.999999747378752e-05
659,1.0,4.780124800163321e-05,9.999999747378752e-05
660,1.0,4.580533641274087e-05,9.999999747378752e-05
661,1.0,1.6775846233940683e-05,9.999999747378752e-05
662,1.0,4.083740714122541e-05,9.999999747378752e-05
663,1.0,1.7729689716361463e-05,9.999999747378752e-05
664,1.0,1.3153378858987708e-05,9.999999747378752e-05
665,1.0,1.2981134204892442e-05,9.999999747378752e-05
666,1.0,1.3741341717832256e-05,9.999999747378752e-05
667,1.0,5.087631870992482e-05,9.999999747378752e-05
668,1.0,2.1305930204107426e-05,9.999999747378752e-05
669,1.0,1.4406885384232737e-05,9.999999747378752e-05
670,1.0,7.533077587140724e-05,9.999999747378752e-05
671,1.0,3.640483191702515e-05,9.999999747378752e-05
672,1.0,1.2728746696666349e-05,9.999999747378752e-05
673,1.0,1.7018959624692798e-05,9.999999747378752e-05
674,1.0,2.04393745661946e-05,9.999999747378752e-05
675,1.0,0.00011466872092569247,9.999999747378752e-05
676,1.0,1.6552941815461963e-05,9.999999747378752e-05
677,1.0,3.0376930226339027e-05,9.999999747378752e-05
678,1.0,5.063709613750689e-05,9.999999747378752e-05
679,1.0,2.2647333025815897e-05,9.999999747378752e-05
680,1.0,0.00010398356971563771,9.999999747378752e-05
681,1.0,0.00019383954349905252,9.999999747378752e-05
682,1.0,5.957203029538505e-05,9.999999747378752e-05
683,1.0,0.0001403104979544878,9.999999747378752e-05
684,1.0,6.451428635045886e-05,9.999999747378752e-05
685,1.0,1.917645386129152e-05,9.999999747378752e-05
686,1.0,1.697804509603884e-05,9.999999747378752e-05
687,1.0,2.1067387933726422e-05,9.999999747378752e-05
688,1.0,4.26289661845658e-05,9.999999747378752e-05
689,1.0,6.803854194004089e-05,9.999999747378752e-05
690,1.0,2.0383238734211773e-05,9.999999747378752e-05
691,1.0,2.3802969735697843e-05,9.999999747378752e-05
692,1.0,4.2902327550109476e-05,9.999999747378752e-05
693,1.0,2.0442688764887862e-05,9.999999747378752e-05
694,1.0,4.5808821596438065e-05,9.999999747378752e-05
695,1.0,3.582206045393832e-05,9.999999747378752e-05
696,1.0,3.199993443558924e-05,9.999999747378752e-05
697,1.0,1.6519017663085833e-05,9.999999747378752e-05
698,1.0,1.0637817467795685e-05,9.999999747378752e-05
699,1.0,1.578820592840202e-05,9.999999747378752e-05
700,1.0,2.5540026399539784e-05,9.999999747378752e-05
701,1.0,2.1594611098407768e-05,9.999999747378752e-05
702,1.0,1.0533527529332787e-05,9.999999747378752e-05
703,1.0,2.9127080779289827e-05,9.999999747378752e-05
704,1.0,1.3307941117091104e-05,9.999999747378752e-05
705,1.0,1.9430608517723158e-05,9.999999747378752e-05
706,1.0,2.3020256776362658e-05,9.999999747378752e-05
707,1.0,1.0909296179306693e-05,9.999999747378752e-05
708,1.0,6.999444849498104e-06,9.999999747378752e-05
709,1.0,8.662216714583337e-05,9.999999747378752e-05
710,1.0,0.0007747785421088338,9.999999747378752e-05
711,1.0,8.551095379516482e-05,9.999999747378752e-05
712,1.0,2.9211652872618288e-05,9.999999747378752e-05
713,1.0,0.00012699807120952755,9.999999747378752e-05
714,1.0,4.0589977288618684e-05,9.999999747378752e-05
715,1.0,4.9254176701651886e-05,9.999999747378752e-05
716,1.0,2.736156966420822e-05,9.999999747378752e-05
717,1.0,2.8402520911186002e-05,9.999999747378752e-05
718,1.0,0.0002659415767993778,9.999999747378752e-05
719,1.0,0.00013175050844438374,9.999999747378752e-05
720,1.0,4.554661063593812e-05,9.999999747378752e-05
721,1.0,2.7099466024083085e-05,9.999999747378752e-05
722,1.0,4.507899211603217e-05,9.999999747378752e-05
723,1.0,2.0420564396772534e-05,9.999999747378752e-05
724,1.0,2.368192872381769e-05,9.999999747378752e-05
725,1.0,4.969620204064995e-05,9.999999747378752e-05
726,1.0,1.7873770048026927e-05,9.999999747378752e-05
727,1.0,1.686533505562693e-05,9.999999747378752e-05
728,1.0,3.125532020931132e-05,9.999999747378752e-05
729,1.0,1.3659083379025105e-05,9.999999747378752e-05
730,1.0,3.847750122076832e-05,9.999999747378752e-05
731,1.0,1.569881715113297e-05,9.999999747378752e-05
732,1.0,2.7020572815672494e-05,9.999999747378752e-05
733,1.0,3.440320142544806e-05,9.999999747378752e-05
734,1.0,1.3816220416629221e-05,9.999999747378752e-05
735,1.0,7.466187526006252e-05,9.999999747378752e-05
736,1.0,0.00028882655897177756,9.999999747378752e-05
737,1.0,2.7207941457163543e-05,9.999999747378752e-05
738,1.0,7.260865095304325e-05,9.999999747378752e-05
739,1.0,3.013570312759839e-05,9.999999747378752e-05
740,1.0,9.714970656204969e-05,9.999999747378752e-05
741,1.0,5.899204552406445e-05,9.999999747378752e-05
742,1.0,2.21944155782694e-05,9.999999747378752e-05
743,1.0,1.2747711480187718e-05,9.999999747378752e-05
744,1.0,1.6106185285025276e-05,9.999999747378752e-05
745,1.0,2.206377212132793e-05,9.999999747378752e-05
746,1.0,1.1594427633099258e-05,9.999999747378752e-05
747,1.0,1.161671843874501e-05,9.999999747378752e-05
748,1.0,2.7044934540754184e-05,9.999999747378752e-05
749,1.0,1.0380713320046198e-05,9.999999747378752e-05
750,1.0,2.732411667238921e-05,9.999999747378752e-05
751,1.0,1.2762542610289529e-05,9.999999747378752e-05
752,1.0,8.635331141704228e-06,9.999999747378752e-05
753,1.0,4.5186647184891626e-05,9.999999747378752e-05
754,1.0,1.3496110113919713e-05,9.999999747378752e-05
755,1.0,1.9535360479494557e-05,9.999999747378752e-05
756,1.0,1.292551496590022e-05,9.999999747378752e-05
757,1.0,1.392509693687316e-05,9.999999747378752e-05
758,1.0,1.4344563169288449e-05,9.999999747378752e-05
759,1.0,8.676779543748125e-06,9.999999747378752e-05
760,1.0,1.4487414773611818e-05,9.999999747378752e-05
761,1.0,1.8768914742395282e-05,9.999999747378752e-05
762,1.0,1.924091520777438e-05,9.999999747378752e-05
763,1.0,8.859919944370631e-06,9.999999747378752e-05
764,1.0,3.5324570490047336e-05,9.999999747378752e-05
765,1.0,3.092094630119391e-05,9.999999747378752e-05
766,1.0,1.6650477846269496e-05,9.999999747378752e-05
767,1.0,1.2768210581270978e-05,9.999999747378752e-05
768,1.0,3.9079037378542125e-05,9.999999747378752e-05
769,1.0,9.509545634500682e-06,9.999999747378752e-05
770,1.0,2.7424317522672936e-05,9.999999747378752e-05
771,1.0,3.198187187081203e-05,9.999999747378752e-05
772,1.0,1.5799831089680083e-05,9.999999747378752e-05
773,1.0,1.829169377742801e-05,9.999999747378752e-05
774,1.0,1.6627604054519907e-05,9.999999747378752e-05
775,1.0,1.1077548151661176e-05,9.999999747378752e-05
776,1.0,1.585589961905498e-05,9.999999747378752e-05
777,1.0,1.904110104078427e-05,9.999999747378752e-05
778,1.0,1.271131077373866e-05,9.999999747378752e-05
779,1.0,4.470946441870183e-05,9.999999747378752e-05
780,1.0,2.4795341232675128e-05,9.999999747378752e-05
781,1.0,1.9188622900401242e-05,9.999999747378752e-05
782,1.0,0.00012998435704503208,9.999999747378752e-05
783,1.0,0.00041772480471991,9.999999747378752e-05
784,1.0,0.0007285472238436341,9.999999747378752e-05
785,1.0,0.00019086492829956114,9.999999747378752e-05
786,1.0,2.6081166652147658e-05,9.999999747378752e-05
787,1.0,0.0002529991324990988,9.999999747378752e-05
788,1.0,0.0009609602857381105,9.999999747378752e-05
789,1.0,5.835447154822759e-05,9.999999747378752e-05
790,1.0,0.00010810441744979471,9.999999747378752e-05
791,1.0,6.278003274928778e-05,9.999999747378752e-05
792,1.0,4.8651858378434554e-05,9.999999747378752e-05
793,1.0,4.036658719996922e-05,9.999999747378752e-05
794,1.0,2.0497465811786242e-05,9.999999747378752e-05
795,1.0,7.953858585096896e-05,9.999999747378752e-05
796,1.0,4.598460873239674e-05,9.999999747378752e-05
797,1.0,4.32404012826737e-05,9.999999747378752e-05
798,1.0,2.683471393538639e-05,9.999999747378752e-05
799,1.0,2.9353981517488137e-05,9.999999747378752e-05
800,1.0,4.497717600315809e-05,9.999999747378752e-05
801,1.0,4.639171311282553e-05,9.999999747378752e-05
802,1.0,2.0676206986536272e-05,9.999999747378752e-05
803,1.0,1.613169843039941e-05,9.999999747378752e-05
804,1.0,1.9192062609363347e-05,9.999999747378752e-05
805,1.0,2.0517472876235843e-05,9.999999747378752e-05
806,1.0,2.996502553287428e-05,9.999999747378752e-05
807,1.0,2.87842358375201e-05,9.999999747378752e-05
808,1.0,6.188930274220183e-05,9.999999747378752e-05
809,1.0,9.86341001407709e-06,9.999999747378752e-05
810,1.0,3.943784031434916e-05,9.999999747378752e-05
811,1.0,2.3660360966459848e-05,9.999999747378752e-05
812,1.0,3.402762740734033e-05,9.999999747378752e-05
813,1.0,1.3897809367335867e-05,9.999999747378752e-05
814,1.0,4.0764389268588275e-05,9.999999747378752e-05
815,1.0,8.044396236073226e-05,9.999999747378752e-05
816,1.0,4.90725869894959e-05,9.999999747378752e-05
817,1.0,3.268012005719356e-05,9.999999747378752e-05
818,1.0,2.8361026124912314e-05,9.999999747378752e-05
819,1.0,2.9312690458027646e-05,9.999999747378752e-05
820,1.0,1.6541927834623493e-05,9.999999747378752e-05
821,1.0,9.331154615210835e-06,9.999999747378752e-05
822,1.0,2.4527400455554016e-05,9.999999747378752e-05
823,1.0,2.903344102378469e-05,9.999999747378752e-05
824,1.0,1.0086122529173736e-05,9.999999747378752e-05
825,1.0,2.4734867110964842e-05,9.999999747378752e-05
826,1.0,1.4196199117577635e-05,9.999999747378752e-05
827,1.0,1.4820137039350811e-05,9.999999747378752e-05
828,1.0,1.1633238500508014e-05,9.999999747378752e-05
829,1.0,1.1514982361404691e-05,9.999999747378752e-05
830,1.0,1.3562198546424042e-05,9.999999747378752e-05
831,1.0,1.1514487596286926e-05,9.999999747378752e-05
832,1.0,6.645162648055702e-05,9.999999747378752e-05
833,1.0,4.84509437228553e-05,9.999999747378752e-05
834,1.0,5.07207187183667e-05,9.999999747378752e-05
835,1.0,2.0979980035917833e-05,9.999999747378752e-05
836,1.0,8.360639185411856e-06,9.999999747378752e-05
837,1.0,2.646511529746931e-05,9.999999747378752e-05
838,1.0,9.565032087266445e-06,9.999999747378752e-05
839,1.0,1.672145299380645e-05,9.999999747378752e-05
840,1.0,1.5818419342394918e-05,9.999999747378752e-05
841,1.0,3.6790563171962276e-05,9.999999747378752e-05
842,1.0,2.278338979522232e-05,9.999999747378752e-05
843,1.0,1.3947641491540708e-05,9.999999747378752e-05
844,1.0,1.1941190678044222e-05,9.999999747378752e-05
845,1.0,1.1121473107778002e-05,9.999999747378752e-05
846,1.0,2.0946174117852934e-05,9.999999747378752e-05
847,1.0,6.875543022033526e-06,9.999999747378752e-05
848,1.0,1.948791032191366e-05,9.999999747378752e-05
849,1.0,1.0038118489319459e-05,9.999999747378752e-05
850,1.0,1.5266372429323383e-05,9.999999747378752e-05
851,1.0,7.374110737146111e-06,9.999999747378752e-05
852,1.0,1.0569734513410367e-05,9.999999747378752e-05
853,1.0,1.0579842637525871e-05,9.999999747378752e-05
854,1.0,9.023042366607115e-06,9.999999747378752e-05
855,1.0,6.999387551331893e-06,9.999999747378752e-05
856,1.0,1.2787957530235872e-05,9.999999747378752e-05
857,1.0,1.4817164810665417e-05,9.999999747378752e-05
858,1.0,1.211683775181882e-05,9.999999747378752e-05
859,1.0,6.775988822482759e-06,9.999999747378752e-05
860,1.0,1.4494240531348623e-05,9.999999747378752e-05
861,1.0,9.047018465935253e-06,9.999999747378752e-05
862,1.0,1.3773469618172385e-05,9.999999747378752e-05
863,1.0,7.39244933356531e-06,9.999999747378752e-05
864,1.0,1.3072801266389433e-05,9.999999747378752e-05
865,1.0,1.3525242138712201e-05,9.999999747378752e-05
866,1.0,1.179715764010325e-05,9.999999747378752e-05
867,1.0,1.1650436135823838e-05,9.999999747378752e-05
868,1.0,8.270046237157658e-06,9.999999747378752e-05
869,1.0,1.748631075315643e-05,9.999999747378752e-05
870,1.0,6.375516477419296e-06,9.999999747378752e-05
871,1.0,1.0394503078714479e-05,9.999999747378752e-05
872,1.0,7.628821094840532e-06,9.999999747378752e-05
873,1.0,7.43050304663484e-06,9.999999747378752e-05
874,1.0,3.370179911144078e-05,9.999999747378752e-05
875,1.0,1.5215946405078284e-05,9.999999747378752e-05
876,1.0,1.3120891708240379e-05,9.999999747378752e-05
877,1.0,1.2526452337624505e-05,9.999999747378752e-05
878,1.0,1.8413107682135887e-05,9.999999747378752e-05
879,1.0,9.161009984381963e-06,9.999999747378752e-05
880,1.0,1.6338557543349452e-05,9.999999747378752e-05
881,1.0,8.082512977125589e-06,9.999999747378752e-05
882,1.0,9.331522960565053e-06,9.999999747378752e-05
883,1.0,7.27392807675642e-06,9.999999747378752e-05
884,1.0,1.143385725299595e-05,9.999999747378752e-05
885,1.0,6.594505975954235e-06,9.999999747378752e-05
886,1.0,1.0695848686737008e-05,9.999999747378752e-05
887,1.0,1.193743992189411e-05,9.999999747378752e-05
888,1.0,1.95570828509517e-05,9.999999747378752e-05
889,1.0,2.8349506465019658e-05,9.999999747378752e-05
890,1.0,2.5778612325666472e-05,9.999999747378752e-05
891,1.0,5.0540929805720225e-06,9.999999747378752e-05
892,1.0,4.409213943290524e-06,9.999999747378752e-05
893,1.0,1.3976905393064953e-05,9.999999747378752e-05
894,1.0,1.2799953765352257e-05,9.999999747378752e-05
895,1.0,5.45140756003093e-06,9.999999747378752e-05
896,1.0,7.307085979846306e-06,9.999999747378752e-05
897,1.0,7.0497626438736916e-06,9.999999747378752e-05
898,1.0,3.2290772651322186e-05,9.999999747378752e-05
899,1.0,2.0322297132224776e-05,9.999999747378752e-05
900,1.0,8.677639925736003e-06,9.999999747378752e-05
901,1.0,1.050975242833374e-05,9.999999747378752e-05
902,1.0,6.475027021224378e-06,9.999999747378752e-05
903,1.0,7.512584488722496e-06,9.999999747378752e-05
904,1.0,1.888777296699118e-05,9.999999747378752e-05
905,1.0,1.6526610124856234e-05,9.999999747378752e-05
906,1.0,1.642159440962132e-05,9.999999747378752e-05
907,1.0,1.486772634962108e-05,9.999999747378752e-05
908,1.0,5.9272242651786655e-06,9.999999747378752e-05
909,1.0,6.430126632039901e-06,9.999999747378752e-05
910,1.0,6.594227306777611e-05,9.999999747378752e-05
911,1.0,0.00011163463932462037,9.999999747378752e-05
912,1.0,3.031475171155762e-05,9.999999747378752e-05
913,1.0,1.5416662790812552e-05,9.999999747378752e-05
914,1.0,9.802156455407385e-06,9.999999747378752e-05
915,1.0,4.805622302228585e-05,9.999999747378752e-05
916,1.0,7.459168045897968e-06,9.999999747378752e-05
917,1.0,9.809164112084545e-06,9.999999747378752e-05
918,1.0,5.537473498407053e-06,9.999999747378752e-05
919,1.0,1.137331491918303e-05,9.999999747378752e-05
920,1.0,8.444855484412983e-05,9.999999747378752e-05
921,1.0,0.0004053908633068204,9.999999747378752e-05
922,1.0,7.763911708025262e-05,9.999999747378752e-05
923,1.0,4.393506242195144e-05,9.999999747378752e-05
924,1.0,6.789866165490821e-05,9.999999747378752e-05
925,1.0,6.571314588654786e-05,9.999999747378752e-05
926,1.0,2.2645546778221615e-05,9.999999747378752e-05
927,1.0,1.2783489182766061e-05,9.999999747378752e-05
928,1.0,1.4909403034835123e-05,9.999999747378752e-05
929,1.0,1.6948415577644482e-05,9.999999747378752e-05
930,1.0,1.4690909665660001e-05,9.999999747378752e-05
931,1.0,2.7422496714279987e-05,9.999999747378752e-05
932,1.0,8.82749827724183e-06,9.999999747378752e-05
933,1.0,9.593923095962964e-06,9.999999747378752e-05
934,1.0,8.31574925541645e-06,9.999999747378752e-05
935,1.0,6.234982265596045e-06,9.999999747378752e-05
936,1.0,1.0005591320805252e-05,9.999999747378752e-05
937,1.0,1.163757588074077e-05,9.999999747378752e-05
938,1.0,6.428841061278945e-06,9.999999747378752e-05
939,1.0,1.0270136044709943e-05,9.999999747378752e-05
940,1.0,1.4846399608359206e-05,9.999999747378752e-05
941,1.0,3.96962532249745e-05,9.999999747378752e-05
942,1.0,1.2490028893807903e-05,9.999999747378752e-05
943,1.0,1.7041098544723354e-05,9.999999747378752e-05
944,1.0,3.007724808412604e-05,9.999999747378752e-05
945,1.0,1.665318814048078e-05,9.999999747378752e-05
946,1.0,7.5908610597252846e-06,9.999999747378752e-05
947,1.0,7.354447916441131e-06,9.999999747378752e-05
948,1.0,3.878767984133447e-06,9.999999747378752e-05
949,1.0,6.992145699769026e-06,9.999999747378752e-05
950,1.0,2.3942802727106027e-05,9.999999747378752e-05
951,1.0,2.0741244952660054e-05,9.999999747378752e-05
952,1.0,4.76230798085453e-06,9.999999747378752e-05
953,1.0,7.914336492831353e-06,9.999999747378752e-05
954,1.0,1.5976966096786782e-05,9.999999747378752e-05
955,1.0,6.3774018599360716e-06,9.999999747378752e-05
956,1.0,1.2546818652481306e-05,9.999999747378752e-05
957,1.0,1.4014429325470701e-05,9.999999747378752e-05
958,1.0,3.0948169296607375e-05,9.999999747378752e-05
959,1.0,4.967192126059672e-06,9.999999747378752e-05
960,1.0,1.3060121091257315e-05,9.999999747378752e-05
961,1.0,7.205160272860667e-06,9.999999747378752e-05
962,1.0,3.7197081837803125e-05,9.999999747378752e-05
963,1.0,9.083210898097605e-06,9.999999747378752e-05
964,1.0,1.1200425433344208e-05,9.999999747378752e-05
965,1.0,9.468361895415e-06,9.999999747378752e-05
966,1.0,7.844304491300136e-06,9.999999747378752e-05
967,1.0,4.7864978114375845e-06,9.999999747378752e-05
968,1.0,4.1307307583338115e-06,9.999999747378752e-05
969,1.0,3.7532690839725547e-06,9.999999747378752e-05
970,1.0,8.463971425953787e-06,9.999999747378752e-05
971,1.0,3.906719484803034e-06,9.999999747378752e-05
972,1.0,8.766449354880024e-06,9.999999747378752e-05
973,1.0,6.744916845491389e-06,9.999999747378752e-05
974,1.0,6.599599601031514e-06,9.999999747378752e-05
975,1.0,2.663241048139753e-06,9.999999747378752e-05
976,1.0,2.7644313377095386e-05,9.999999747378752e-05
977,1.0,1.84328637260478e-05,9.999999747378752e-05
978,1.0,1.4898605513735674e-05,9.999999747378752e-05
979,1.0,1.1137441106257029e-05,9.999999747378752e-05
980,1.0,4.517359684541589e-06,9.999999747378752e-05
981,1.0,5.8839857956627384e-05,9.999999747378752e-05
982,1.0,4.93336956424173e-05,9.999999747378752e-05
983,1.0,5.727284133172361e-06,9.999999747378752e-05
984,1.0,1.517458167654695e-05,9.999999747378752e-05
985,1.0,1.4243792975321412e-05,9.999999747378752e-05
986,1.0,1.2771876754413825e-05,9.999999747378752e-05
987,1.0,8.355512545676902e-05,9.999999747378752e-05
988,1.0,2.947742359538097e-05,9.999999747378752e-05
989,1.0,2.161589691240806e-05,9.999999747378752e-05
990,1.0,2.130727079929784e-05,9.999999747378752e-05
991,1.0,6.6654242800723296e-06,9.999999747378752e-05
992,1.0,8.624449037597515e-06,9.999999747378752e-05
993,1.0,1.4862722309771925e-05,9.999999747378752e-05
994,1.0,1.1768806871259585e-05,9.999999747378752e-05
995,1.0,7.297740467038238e-06,9.999999747378752e-05
996,1.0,1.6269546904368326e-05,9.999999747378752e-05
997,1.0,4.515290584095055e-06,9.999999747378752e-05
998,1.0,4.8239353418466635e-06,9.999999747378752e-05
999,1.0,3.920256403944222e-06,9.999999747378752e-05
1000,1.0,3.4414510992064606e-06,9.999999747378752e-05
1001,1.0,2.6569156034383923e-05,9.999999747378752e-05
1002,1.0,9.369260624225717e-06,9.999999747378752e-05
1003,1.0,9.381279596709646e-06,9.999999747378752e-05
1004,1.0,1.4330383237393107e-05,9.999999747378752e-05
1005,1.0,8.798348972050007e-06,9.999999747378752e-05
1006,1.0,9.243498425348662e-06,9.999999747378752e-05
1007,1.0,9.623090591048822e-06,9.999999747378752e-05
1008,1.0,4.0125578379957005e-06,9.999999747378752e-05
1009,1.0,1.3591577044280712e-05,9.999999747378752e-05
1010,1.0,3.380777343409136e-06,9.999999747378752e-05
1011,1.0,3.927346824639244e-06,9.999999747378752e-05
1012,1.0,2.956323214675649e-06,9.999999747378752e-05
1013,1.0,8.124464329739567e-06,9.999999747378752e-05
1014,1.0,9.120089998759795e-06,9.999999747378752e-05
1015,1.0,2.2423140762839466e-05,9.999999747378752e-05
1016,1.0,3.5586097510531545e-05,9.999999747378752e-05
1017,1.0,1.4941806512069888e-05,9.999999747378752e-05
1018,1.0,9.22698927752208e-06,9.999999747378752e-05
1019,1.0,1.327784138993593e-05,9.999999747378752e-05
1020,1.0,8.845602678775322e-06,9.999999747378752e-05
1021,1.0,5.598226834990783e-06,9.999999747378752e-05
1022,1.0,1.864732439571526e-05,9.999999747378752e-05
1023,1.0,5.516777036973508e-06,9.999999747378752e-05
1024,1.0,5.958769179414958e-06,9.999999747378752e-05
1025,1.0,9.206994036503602e-06,9.999999747378752e-05
1026,1.0,5.7077127166849095e-06,9.999999747378752e-05
1027,1.0,5.292654805089114e-06,9.999999747378752e-05
1028,1.0,3.010504087797017e-06,9.999999747378752e-05
1029,1.0,1.0167711479880381e-05,9.999999747378752e-05
1030,1.0,4.05208356824005e-06,9.999999747378752e-05
1031,1.0,1.3233956451585982e-05,9.999999747378752e-05
1032,1.0,3.856281182379462e-06,9.999999747378752e-05
1033,1.0,7.348249710048549e-06,9.999999747378752e-05
1034,1.0,3.2929901863099076e-06,9.999999747378752e-05
1035,1.0,5.990629688312765e-06,9.999999747378752e-05
1036,1.0,3.7012810025771614e-06,9.999999747378752e-05
1037,1.0,2.914897095251945e-06,9.999999747378752e-05
1038,1.0,7.4869194577331655e-06,9.999999747378752e-05
1039,1.0,5.920404873904772e-06,9.999999747378752e-05
1040,1.0,5.0565446144901216e-05,9.999999747378752e-05
1041,1.0,4.494764289120212e-05,9.999999747378752e-05
1042,1.0,1.4485370229522232e-05,9.999999747378752e-05
1043,1.0,5.492757281899685e-06,9.999999747378752e-05
1044,1.0,5.642668384098215e-06,9.999999747378752e-05
1045,1.0,1.0980639672197867e-05,9.999999747378752e-05
1046,1.0,1.5182637980615254e-05,9.999999747378752e-05
1047,1.0,4.72937426820863e-06,9.999999747378752e-05
1048,1.0,4.224736130709061e-06,9.999999747378752e-05
1049,1.0,3.2646637464495143e-06,9.999999747378752e-05
1050,1.0,7.726505828031804e-06,9.999999747378752e-05
1051,1.0,7.70426504459465e-06,9.999999747378752e-05
1052,1.0,8.394735232286621e-06,9.999999747378752e-05
1053,1.0,1.2361798326310236e-05,9.999999747378752e-05
1054,1.0,4.160537628195016e-06,9.999999747378752e-05
1055,1.0,6.974929874559166e-06,9.999999747378752e-05
1056,1.0,5.545306066778721e-06,9.999999747378752e-05
1057,1.0,5.459263320517493e-06,9.999999747378752e-05
1058,1.0,1.6429579773102887e-05,9.999999747378752e-05
1059,1.0,1.4055403880774975e-05,9.999999747378752e-05
1060,1.0,1.6428290109615773e-05,9.999999747378752e-05
1061,1.0,1.1763409929699264e-05,9.999999747378752e-05
1062,1.0,6.041016149538336e-06,9.999999747378752e-05
1063,1.0,4.704578259406844e-06,9.999999747378752e-05
1064,1.0,1.5019723832665477e-05,9.999999747378752e-05
1065,1.0,3.955885404138826e-06,9.999999747378752e-05
1066,1.0,3.738806526598637e-06,9.999999747378752e-05
1067,1.0,3.806388804150629e-06,9.999999747378752e-05
1068,1.0,4.2805495468201116e-06,9.999999747378752e-05
1069,1.0,8.411537237407174e-06,9.999999747378752e-05
1070,1.0,1.0524889148655348e-05,9.999999747378752e-05
1071,1.0,1.815273026295472e-05,9.999999747378752e-05
1072,1.0,2.0724315618281253e-05,9.999999747378752e-05
1073,1.0,2.5871670004562475e-05,9.999999747378752e-05
1074,1.0,3.354994987603277e-05,9.999999747378752e-05
1075,1.0,1.5750509192002937e-05,9.999999747378752e-05
1076,1.0,9.000664249469992e-06,9.999999747378752e-05
1077,1.0,4.265951247361954e-06,9.999999747378752e-05
1078,1.0,3.1055251383804716e-06,9.999999747378752e-05
1079,1.0,7.056294634821825e-06,9.999999747378752e-05
1080,1.0,4.878281288256403e-06,9.999999747378752e-05
1081,1.0,1.0009702236857265e-05,9.999999747378752e-05
1082,1.0,4.263280516170198e-06,9.999999747378752e-05
1083,1.0,4.180979885859415e-06,9.999999747378752e-05
1084,1.0,4.720184733741917e-06,9.999999747378752e-05
1085,1.0,4.862154582951916e-06,9.999999747378752e-05
1086,1.0,4.488618742470862e-06,9.999999747378752e-05
1087,1.0,5.844295628776308e-06,9.999999747378752e-05
1088,1.0,5.192518528929213e-06,9.999999747378752e-05
1089,1.0,2.8837744139309507e-06,9.999999747378752e-05
1090,1.0,4.172909484623233e-06,9.999999747378752e-05
1091,1.0,4.712679128715536e-06,9.999999747378752e-05
1092,1.0,3.7332993088057265e-06,9.999999747378752e-05
1093,1.0,3.599863703129813e-06,9.999999747378752e-05
1094,1.0,2.6268708097632043e-06,9.999999747378752e-05
1095,1.0,2.1182436285016593e-06,9.999999747378752e-05
1096,1.0,4.440917109604925e-06,9.999999747378752e-05
1097,1.0,3.819781341007911e-06,9.999999747378752e-05
1098,1.0,3.74709293282649e-06,9.999999747378752e-05
1099,1.0,2.477344196449849e-06,9.999999747378752e-05
1100,1.0,3.1886115721135866e-06,9.999999747378752e-05
1101,1.0,1.8689368062041467e-06,9.999999747378752e-05
1102,1.0,1.648623879191291e-06,9.999999747378752e-05
1103,1.0,2.033314331129077e-06,9.999999747378752e-05
1104,1.0,2.271830226163729e-06,9.999999747378752e-05
1105,1.0,5.774800229119137e-06,9.999999747378752e-05
1106,1.0,9.219053026754409e-06,9.999999747378752e-05
1107,1.0,5.2971554396208376e-06,9.999999747378752e-05
1108,1.0,1.8742681504591019e-06,9.999999747378752e-05
1109,1.0,2.828682045219466e-05,9.999999747378752e-05
1110,1.0,0.0004396922595333308,9.999999747378752e-05
1111,1.0,0.00042991377995349467,9.999999747378752e-05
1112,1.0,3.89164051739499e-05,9.999999747378752e-05
1113,1.0,8.150711073540151e-05,9.999999747378752e-05
1114,1.0,4.988447835785337e-05,9.999999747378752e-05
1115,1.0,2.681606747501064e-05,9.999999747378752e-05
1116,1.0,3.530551475705579e-05,9.999999747378752e-05
1117,1.0,1.2547920050565153e-05,9.999999747378752e-05
1118,1.0,1.244344275619369e-05,9.999999747378752e-05
1119,1.0,2.803028837661259e-05,9.999999747378752e-05
1120,1.0,5.589896773017244e-06,9.999999747378752e-05
1121,1.0,3.180573185090907e-05,9.999999747378752e-05
1122,1.0,1.959808469109703e-05,9.999999747378752e-05
1123,1.0,2.0373268853290938e-05,9.999999747378752e-05
1124,1.0,1.4595120774174575e-05,9.999999747378752e-05
1125,1.0,1.9378256183699705e-05,9.999999747378752e-05
1126,1.0,7.577921678603161e-06,9.999999747378752e-05
1127,1.0,6.306296563707292e-05,9.999999747378752e-05
1128,1.0,9.929294719768222e-06,9.999999747378752e-05
1129,1.0,3.5000443858734798e-06,9.999999747378752e-05
1130,1.0,8.903042726160493e-06,9.999999747378752e-05
1131,1.0,1.1916695257241372e-05,9.999999747378752e-05
1132,1.0,1.8801292753778398e-05,9.999999747378752e-05
1133,1.0,4.566235020320164e-06,9.999999747378752e-05
1134,1.0,3.0873984542267863e-06,9.999999747378752e-05
1135,1.0,6.333862256724387e-05,9.999999747378752e-05
1136,1.0,1.874962072179187e-05,9.999999747378752e-05
1137,1.0,6.0276174735918175e-06,9.999999747378752e-05
1138,1.0,4.522786184679717e-05,9.999999747378752e-05
1139,1.0,8.602100024290849e-06,9.999999747378752e-05
1140,1.0,5.249666173767764e-06,9.999999747378752e-05
1141,1.0,8.703178536961786e-06,9.999999747378752e-05
1142,1.0,4.7697994887130335e-06,9.999999747378752e-05
1143,1.0,6.89489024807699e-06,9.999999747378752e-05
1144,1.0,3.194026930941618e-06,9.999999747378752e-05
1145,1.0,2.0329140170360915e-05,9.999999747378752e-05
1146,1.0,1.7309801478404552e-05,9.999999747378752e-05
1147,1.0,3.429009211686207e-06,9.999999747378752e-05
1148,1.0,5.326045538822655e-06,9.999999747378752e-05
1149,1.0,5.856732968823053e-06,9.999999747378752e-05
1150,1.0,7.307827672775602e-06,9.999999747378752e-05
1151,1.0,3.559400511221611e-06,9.999999747378752e-05
1152,1.0,3.501746050460497e-06,9.999999747378752e-05
1153,1.0,4.2426677282492165e-06,9.999999747378752e-05
1154,1.0,5.5046270972525235e-06,9.999999747378752e-05
1155,1.0,9.276424862036947e-06,9.999999747378752e-05
1156,1.0,4.230882495903643e-06,9.999999747378752e-05
1157,1.0,9.559224963595625e-06,9.999999747378752e-05
1158,1.0,4.110659574507736e-06,9.999999747378752e-05
1159,1.0,8.089077709882986e-06,9.999999747378752e-05
1160,1.0,4.384180556371575e-06,9.999999747378752e-05
1161,1.0,8.99981205293443e-06,9.999999747378752e-05
1162,1.0,1.2866401448263787e-05,9.999999747378752e-05
1163,1.0,5.235462595010176e-06,9.999999747378752e-05
1164,1.0,3.050276291105547e-06,9.999999747378752e-05
1165,1.0,1.4924823972251033e-06,9.999999747378752e-05
1166,1.0,3.6406809158506803e-06,9.999999747378752e-05
1167,1.0,9.802711247175466e-06,9.999999747378752e-05
1168,1.0,4.128097771172179e-06,9.999999747378752e-05
1169,1.0,4.654214990296168e-06,9.999999747378752e-05
1170,1.0,2.190040049754316e-06,9.999999747378752e-05
1171,1.0,9.334344213129953e-06,9.999999747378752e-05
1172,1.0,7.257254765136167e-06,9.999999747378752e-05
1173,1.0,1.7870410374598578e-05,9.999999747378752e-05
1174,1.0,1.6246647192019736e-06,9.999999747378752e-05
1175,1.0,4.028908278996823e-06,9.999999747378752e-05
1176,1.0,5.545219210034702e-06,9.999999747378752e-05
1177,1.0,2.872686309274286e-06,9.999999747378752e-05
1178,1.0,2.224323679911322e-06,9.999999747378752e-05
1179,1.0,3.7070403777761385e-06,9.999999747378752e-05
1180,1.0,5.58188139621052e-06,9.999999747378752e-05
1181,1.0,2.4705475425434997e-06,9.999999747378752e-05
1182,1.0,3.0069766125961905e-06,9.999999747378752e-05
1183,1.0,1.8672429860089323e-06,9.999999747378752e-05
1184,1.0,4.562855338008376e-06,9.999999747378752e-05
1185,1.0,7.340944193856558e-06,9.999999747378752e-05
1186,1.0,2.2993153834249824e-06,9.999999747378752e-05
1187,1.0,3.239265424781479e-06,9.999999747378752e-05
1188,1.0,1.7275478967349045e-06,9.999999747378752e-05
1189,1.0,5.927235633862438e-06,9.999999747378752e-05
1190,1.0,7.003406153671676e-06,9.999999747378752e-05
1191,1.0,9.56355688686017e-06,9.999999747378752e-05
1192,1.0,4.99989437230397e-06,9.999999747378752e-05
1193,1.0,2.9666005502804182e-05,9.999999747378752e-05
1194,1.0,5.402970145951258e-06,9.999999747378752e-05
1195,1.0,6.591565579583403e-06,9.999999747378752e-05
1196,1.0,1.0360963642597198e-05,9.999999747378752e-05
1197,1.0,1.3338270036911126e-05,9.999999747378752e-05
1198,1.0,0.00013564780238084495,9.999999747378752e-05
1199,1.0,0.00010150871821679175,9.999999747378752e-05
1200,1.0,1.360208261758089e-05,9.999999747378752e-05
1201,1.0,2.157446215278469e-05,9.999999747378752e-05
1202,1.0,1.012174652714748e-05,9.999999747378752e-05
1203,1.0,5.178309038456064e-06,9.999999747378752e-05
1204,1.0,2.9196799005148932e-06,9.999999747378752e-05
1205,1.0,4.426713076099986e-06,9.999999747378752e-05
1206,1.0,8.375150173378643e-06,9.999999747378752e-05
1207,1.0,7.043192454148084e-06,9.999999747378752e-05
1208,1.0,4.981447546015261e-06,9.999999747378752e-05
1209,1.0,3.050128498216509e-06,9.999999747378752e-05
1210,1.0,3.4721915653790347e-06,9.999999747378752e-05
1211,1.0,3.3684157187963137e-06,9.999999747378752e-05
1212,1.0,4.46654848929029e-06,9.999999747378752e-05
1213,1.0,9.412035979039501e-06,9.999999747378752e-05
1214,1.0,4.4398493628250435e-06,9.999999747378752e-05
1215,1.0,2.81408688351803e-06,9.999999747378752e-05
1216,1.0,6.2000667639949825e-06,9.999999747378752e-05
1217,1.0,4.6332979763974436e-06,9.999999747378752e-05
1218,1.0,4.4723246901412494e-06,9.999999747378752e-05
1219,1.0,5.331364263838623e-06,9.999999747378752e-05
1220,1.0,5.061797764938092e-06,9.999999747378752e-05
1221,1.0,2.6441125555720646e-06,9.999999747378752e-05
1222,1.0,7.355326488323044e-06,9.999999747378752e-05
1223,1.0,2.738147031777771e-06,9.999999747378752e-05
1224,1.0,2.8496178856585175e-06,9.999999747378752e-05
1225,1.0,2.014335223066155e-06,9.999999747378752e-05
1226,1.0,2.499580887160846e-06,9.999999747378752e-05
1227,1.0,2.691618647077121e-06,9.999999747378752e-05
1228,1.0,7.826325600035489e-06,9.999999747378752e-05
1229,1.0,2.1195399313000962e-05,9.999999747378752e-05
1230,1.0,1.5654553862987086e-05,9.999999747378752e-05
1231,1.0,6.942530944797909e-06,9.999999747378752e-05
1232,1.0,1.1796898434113245e-05,9.999999747378752e-05
1233,1.0,9.357431736134458e-06,9.999999747378752e-05
1234,1.0,4.492672360356664e-06,9.999999747378752e-05
1235,0.9990000128746033,0.0011233777040615678,9.999999747378752e-05
1236,1.0,6.453938840422779e-05,9.999999747378752e-05
1237,1.0,2.5749328415258788e-05,9.999999747378752e-05
1238,1.0,4.1738614527275786e-05,9.999999747378752e-05
1239,1.0,2.541674257372506e-05,9.999999747378752e-05
1240,1.0,3.6027904570801184e-05,9.999999747378752e-05
1241,1.0,7.003198788879672e-06,9.999999747378752e-05
1242,1.0,5.937446985626593e-05,9.999999747378752e-05
1243,1.0,6.227960057003656e-06,9.999999747378752e-05
1244,1.0,1.9983697711722925e-05,9.999999747378752e-05
1245,1.0,4.4395677832653746e-05,9.999999747378752e-05
1246,1.0,1.86772012966685e-05,9.999999747378752e-05
1247,1.0,5.2742329899047036e-06,9.999999747378752e-05
1248,1.0,1.551624882267788e-05,9.999999747378752e-05
1249,1.0,2.8301772545091808e-05,9.999999747378752e-05
1250,1.0,8.240345778176561e-06,9.999999747378752e-05
1251,1.0,3.8764333112339955e-06,9.999999747378752e-05
1252,1.0,1.2228160812810529e-05,9.999999747378752e-05
1253,1.0,1.152475942944875e-05,9.999999747378752e-05
1254,1.0,3.556027650120086e-06,9.999999747378752e-05
1255,1.0,4.737250037578633e-06,9.999999747378752e-05
1256,1.0,5.396458163886564e-06,9.999999747378752e-05
1257,1.0,3.472072648946778e-06,9.999999747378752e-05
1258,1.0,4.348504080553539e-05,9.999999747378752e-05
1259,1.0,8.63518835103605e-06,9.999999747378752e-05
1260,1.0,2.8487005693023093e-05,9.999999747378752e-05
1261,1.0,3.980648216383997e-06,9.999999747378752e-05
1262,1.0,7.390455721179023e-06,9.999999747378752e-05
1263,1.0,5.483462700794917e-06,9.999999747378752e-05
1264,1.0,6.4638329604349565e-06,9.999999747378752e-05
1265,1.0,6.836797183495946e-06,9.999999747378752e-05
1266,1.0,2.860848553609685e-06,9.999999747378752e-05
1267,1.0,2.7610809411271475e-05,9.999999747378752e-05
1268,1.0,8.465746759611648e-06,9.999999747378752e-05
1269,1.0,5.254239295027219e-05,9.999999747378752e-05
1270,1.0,3.521436610753881e-06,9.999999747378752e-05
1271,1.0,3.3766973501769826e-06,9.999999747378752e-05
1272,1.0,2.9018126497248886e-06,9.999999747378752e-05
1273,1.0,4.326315774960676e-06,9.999999747378752e-05
1274,1.0,4.90946422360139e-06,9.999999747378752e-05
1275,1.0,5.113755833008327e-06,9.999999747378752e-05
1276,1.0,5.5425616665161215e-06,9.999999747378752e-05
1277,1.0,5.090634658699855e-06,9.999999747378752e-05
1278,1.0,4.291469849704299e-06,9.999999747378752e-05
1279,1.0,2.7171331566933077e-06,9.999999747378752e-05
1280,1.0,3.3351939237036277e-06,9.999999747378752e-05
1281,1.0,5.0527510211395565e-06,9.999999747378752e-05
1282,1.0,1.1065836588386446e-05,9.999999747378752e-05
1283,1.0,2.828865717674489e-06,9.999999747378752e-05
1284,1.0,7.1634058258496225e-06,9.999999747378752e-05
1285,1.0,7.749924407107756e-06,9.999999747378752e-05
1286,1.0,6.278633009060286e-06,9.999999747378752e-05
1287,1.0,5.555105417442974e-06,9.999999747378752e-05
1288,1.0,2.954267529275967e-06,9.999999747378752e-05
1289,1.0,6.799261882406427e-06,9.999999747378752e-05
1290,1.0,1.8128922647520085e-06,9.999999747378752e-05
1291,1.0,1.939770663739182e-05,9.999999747378752e-05
1292,1.0,7.449441909557208e-06,9.999999747378752e-05
1293,1.0,4.638874997908715e-06,9.999999747378752e-05
1294,1.0,2.354802745685447e-06,9.999999747378752e-05
1295,1.0,7.338099749176763e-06,9.999999747378752e-05
1296,1.0,7.725158866378479e-06,9.999999747378752e-05
1297,1.0,4.404549599712482e-06,9.999999747378752e-05
1298,1.0,9.106165634875651e-06,9.999999747378752e-05
1299,1.0,2.3201791918836534e-06,9.999999747378752e-05
1300,1.0,6.7686773945752066e-06,9.999999747378752e-05
1301,1.0,4.740089025290217e-06,9.999999747378752e-05
1302,1.0,2.3212862743093865e-06,9.999999747378752e-05
1303,1.0,2.3248546767717926e-06,9.999999747378752e-05
1304,1.0,3.945872595068067e-05,9.999999747378752e-05
1305,1.0,1.1947398888878524e-05,9.999999747378752e-05
1306,1.0,5.276551746646874e-06,9.999999747378752e-05
1307,1.0,5.341466021491215e-06,9.999999747378752e-05
1308,1.0,4.8952138058666606e-06,9.999999747378752e-05
1309,1.0,2.7905998649657704e-06,9.999999747378752e-05
1310,1.0,3.40894507644407e-06,9.999999747378752e-05
1311,1.0,2.4090759325190447e-05,9.999999747378752e-05
1312,1.0,4.052903750562109e-05,9.999999747378752e-05
1313,1.0,1.4031923456059303e-05,9.999999747378752e-05
1314,1.0,1.75838140421547e-05,9.999999747378752e-05
1315,1.0,1.5073050235514529e-05,9.999999747378752e-05
1316,1.0,3.2856034977157833e-06,9.999999747378752e-05
1317,1.0,8.727451131562702e-06,9.999999747378752e-05
1318,1.0,6.9528900894511025e-06,9.999999747378752e-05
1319,1.0,4.267914391675731e-06,9.999999747378752e-05
1320,1.0,3.131133325950941e-06,9.999999747378752e-05
1321,1.0,1.3831515843776288e-06,9.999999747378752e-05
1322,1.0,2.362288341828389e-06,9.999999747378752e-05
1323,1.0,2.289935582666658e-05,9.999999747378752e-05
1324,1.0,4.646440629585413e-06,9.999999747378752e-05
1325,1.0,4.034277935716091e-06,9.999999747378752e-05
1326,1.0,7.48289494367782e-06,9.999999747378752e-05
1327,1.0,6.5435065152996685e-06,9.999999747378752e-05
1328,1.0,7.037161594780628e-06,9.999999747378752e-05
1329,1.0,3.629145567174419e-06,9.999999747378752e-05
1330,1.0,4.369443104224047e-06,9.999999747378752e-05
1331,1.0,3.6834608181379735e-06,9.999999747378752e-05
1332,1.0,2.718719997574226e-06,9.999999747378752e-05
1333,1.0,3.5108657812088495e-06,9.999999747378752e-05
1334,1.0,7.293157523236005e-06,9.999999747378752e-05
1335,1.0,2.7480880362418247e-06,9.999999747378752e-05
1336,1.0,1.489465375925647e-06,9.999999747378752e-05
1337,1.0,5.7802772062132135e-06,9.999999747378752e-05
1338,1.0,3.6900055420119315e-06,9.999999747378752e-05
1339,1.0,5.855867129866965e-06,9.999999747378752e-05
1340,1.0,5.0977550927200355e-06,9.999999747378752e-05
1341,1.0,3.651362249001977e-06,9.999999747378752e-05
1342,1.0,2.366843546042219e-06,9.999999747378752e-05
1343,1.0,2.513903609724366e-06,9.999999747378752e-05
1344,1.0,2.1038615614088485e-06,9.999999747378752e-05
1345,1.0,2.447820634188247e-06,9.999999747378752e-05
1346,1.0,5.770069492427865e-06,9.999999747378752e-05
1347,1.0,6.7913315433543175e-06,9.999999747378752e-05
1348,1.0,2.5858896606223425e-06,9.999999747378752e-05
1349,1.0,2.971274852825445e-06,9.999999747378752e-05
1350,1.0,8.090315532172099e-06,9.999999747378752e-05
1351,1.0,1.3031050912104547e-05,9.999999747378752e-05
1352,1.0,7.910921340226196e-06,9.999999747378752e-05
1353,1.0,1.165817320725182e-05,9.999999747378752e-05
1354,1.0,7.674541848246008e-06,9.999999747378752e-05
1355,1.0,2.2197275484359125e-06,9.999999747378752e-05
1356,1.0,4.736939445137978e-06,9.999999747378752e-05
1357,1.0,3.2999294035107596e-06,9.999999747378752e-05
1358,1.0,1.702494728306192e-06,9.999999747378752e-05
1359,1.0,7.842425475246273e-06,9.999999747378752e-05
1360,1.0,6.285962626861874e-06,9.999999747378752e-05
1361,1.0,1.8711666598392185e-06,9.999999747378752e-05
1362,1.0,2.9323873604880646e-06,9.999999747378752e-05
1363,1.0,4.4603484639083035e-06,9.999999747378752e-05
1364,1.0,2.0124025468248874e-06,9.999999747378752e-05
1365,1.0,1.9641245216917014e-06,9.999999747378752e-05
1366,1.0,1.9523361061146716e-06,9.999999747378752e-05
1367,1.0,2.3280053937924094e-06,9.999999747378752e-05
1368,1.0,3.844128059427021e-06,9.999999747378752e-05
1369,1.0,6.4842238316487055e-06,9.999999747378752e-05
1370,1.0,1.8814378108800156e-06,9.999999747378752e-05
1371,1.0,2.7273313207842875e-06,9.999999747378752e-05
1372,1.0,1.991600129258586e-06,9.999999747378752e-05
1373,1.0,7.139895842556143e-06,9.999999747378752e-05
1374,1.0,2.6365209123468958e-05,9.999999747378752e-05
1375,1.0,1.8354399799136445e-05,9.999999747378752e-05
1376,1.0,9.798049177334178e-06,9.999999747378752e-05
1377,1.0,5.943353244219907e-06,9.999999747378752e-05
1378,1.0,1.4137941661829245e-06,9.999999747378752e-05
1379,1.0,5.485999736265512e-06,9.999999747378752e-05
1380,1.0,3.3215651455975603e-06,9.999999747378752e-05
1381,1.0,5.998637334414525e-06,9.999999747378752e-05
1382,1.0,1.1882590342793264e-06,9.999999747378752e-05
1383,1.0,2.39826226788864e-06,9.999999747378752e-05
1384,1.0,1.4540763686454738e-06,9.999999747378752e-05
1385,1.0,2.5646379526733654e-06,9.999999747378752e-05
1386,1.0,5.996532763674622e-06,9.999999747378752e-05
1387,1.0,2.649652515174239e-06,9.999999747378752e-05
1388,1.0,1.2800398963008774e-06,9.999999747378752e-05
1389,1.0,1.2745560979965376e-06,9.999999747378752e-05
1390,1.0,3.06611127598444e-06,9.999999747378752e-05
1391,1.0,2.2210890620044665e-06,9.999999747378752e-05
1392,1.0,2.4700007088540588e-06,9.999999747378752e-05
1393,1.0,4.895265192317311e-06,9.999999747378752e-05
1394,1.0,2.8239714993105736e-06,9.999999747378752e-05
1395,1.0,4.927625923301093e-06,9.999999747378752e-05
1396,1.0,3.6975402508687694e-06,9.999999747378752e-05
1397,1.0,1.0260620911139995e-05,9.999999747378752e-05
1398,1.0,6.784316155972192e-06,9.999999747378752e-05
1399,1.0,4.19257594330702e-06,9.999999747378752e-05
1400,1.0,5.572582722379593e-06,9.999999747378752e-05
1401,1.0,1.3147235904398258e-06,9.999999747378752e-05
1402,1.0,2.1053153886896325e-06,9.999999747378752e-05
1403,1.0,2.370294623688096e-06,9.999999747378752e-05
1404,1.0,1.2080521401003352e-06,9.999999747378752e-05
1405,1.0,1.079664912140288e-06,9.999999747378752e-05
1406,1.0,4.107665517949499e-06,9.999999747378752e-05
1407,1.0,3.2037924029282294e-06,9.999999747378752e-05
1408,1.0,1.945098119904287e-06,9.999999747378752e-05
1409,1.0,8.645219168101903e-06,9.999999747378752e-05
1410,1.0,1.2742096942019998e-06,9.999999747378752e-05
1411,1.0,1.6978116263999254e-06,9.999999747378752e-05
1412,1.0,1.0884861012527836e-06,9.999999747378752e-05
1413,1.0,2.922933617810486e-06,9.999999747378752e-05
1414,1.0,2.1877651761315065e-06,9.999999747378752e-05
1415,1.0,1.2899901093987864e-06,9.999999747378752e-05
1416,1.0,5.282476649881573e-06,9.999999747378752e-05
1417,1.0,1.3718416767005692e-06,9.999999747378752e-05
1418,1.0,1.6927399428823264e-06,9.999999747378752e-05
1419,1.0,1.732911414364935e-06,9.999999747378752e-05
1420,1.0,9.73333385445585e-07,9.999999747378752e-05
1421,1.0,3.161635277137975e-06,9.999999747378752e-05
1422,1.0,3.8504226722579915e-06,9.999999747378752e-05
1423,1.0,2.546685209381394e-06,9.999999747378752e-05
1424,1.0,2.170806965295924e-06,9.999999747378752e-05
1425,1.0,1.2398550097714178e-06,9.999999747378752e-05
1426,1.0,9.431740863874438e-07,9.999999747378752e-05
1427,1.0,1.446102260160842e-06,9.999999747378752e-05
1428,1.0,2.3062193577061407e-06,9.999999747378752e-05
1429,1.0,2.087291250063572e-05,9.999999747378752e-05
1430,1.0,1.708710624370724e-05,9.999999747378752e-05
1431,1.0,1.4331325473904144e-05,9.999999747378752e-05
1432,1.0,3.8334842429321725e-06,9.999999747378752e-05
1433,1.0,4.165873178862967e-06,9.999999747378752e-05
1434,1.0,3.319799816381419e-06,9.999999747378752e-05
1435,1.0,3.3565254398126854e-06,9.999999747378752e-05
1436,1.0,8.073975550360046e-07,9.999999747378752e-05
1437,1.0,3.1239333111443557e-06,9.999999747378752e-05
1438,1.0,2.0904346911265748e-06,9.999999747378752e-05
1439,1.0,7.2193615778815e-06,9.999999747378752e-05
1440,1.0,7.093707154126605e-06,9.999999747378752e-05
1441,1.0,4.466503469302552e-06,9.999999747378752e-05
1442,1.0,2.982929345307639e-06,9.999999747378752e-05
1443,1.0,1.8026579709840007e-05,9.999999747378752e-05
1444,1.0,5.032432909501949e-06,9.999999747378752e-05
1445,1.0,2.4050641513895243e-06,9.999999747378752e-05
1446,1.0,5.441221674118424e-06,9.999999747378752e-05
1447,1.0,3.2912946608121274e-06,9.999999747378752e-05
1448,1.0,2.3118473109207116e-06,9.999999747378752e-05
1449,1.0,1.0022795322583988e-06,9.999999747378752e-05
1450,1.0,1.307575644204917e-06,9.999999747378752e-05
1451,1.0,6.110624326538527e-07,9.999999747378752e-05
1452,1.0,4.2956139623129275e-06,9.999999747378752e-05
1453,1.0,1.992985744436737e-06,9.999999747378752e-05
1454,1.0,1.918843281600857e-06,9.999999747378752e-05
1455,1.0,2.111702315232833e-06,9.999999747378752e-05
1456,1.0,1.19194930903177e-06,9.999999747378752e-05
1457,1.0,7.979747351782862e-07,9.999999747378752e-05
1458,1.0,1.5281882497220067e-06,9.999999747378752e-05
1459,1.0,4.509374775807373e-06,9.999999747378752e-05
1460,1.0,2.5117651603068225e-06,9.999999747378752e-05
1461,1.0,2.9900672871008283e-06,9.999999747378752e-05
1462,1.0,2.173810116801178e-06,9.999999747378752e-05
1463,1.0,9.841573955782223e-07,9.999999747378752e-05
1464,1.0,2.7059643343818607e-06,9.999999747378752e-05
1465,1.0,4.618143520929152e-07,9.999999747378752e-05
1466,1.0,1.252869196832762e-06,9.999999747378752e-05
1467,1.0,1.4465558706433512e-06,9.999999747378752e-05
1468,1.0,1.1947297480219277e-06,9.999999747378752e-05
1469,1.0,1.3429787486529676e-06,9.999999747378752e-05
1470,1.0,0.00020836381008848548,9.999999747378752e-05
1471,1.0,1.9747543774428777e-05,9.999999747378752e-05
1472,1.0,0.00012143921048846096,9.999999747378752e-05
1473,1.0,2.058785321423784e-05,9.999999747378752e-05
1474,1.0,5.9198346207267605e-06,9.999999747378752e-05
1475,1.0,4.705415904027177e-06,9.999999747378752e-05
1476,1.0,2.2151582015794702e-05,9.999999747378752e-05
1477,1.0,1.1691313375195023e-05,9.999999747378752e-05
1478,1.0,2.1084444597363472e-05,9.999999747378752e-05
1479,1.0,4.599719886755338e-06,9.999999747378752e-05
1480,1.0,2.5176475446642144e-06,9.999999747378752e-05
1481,1.0,1.5066527794260764e-06,9.999999747378752e-05
1482,1.0,1.2591887070811936e-06,9.999999747378752e-05
1483,1.0,1.6861555423020036e-06,9.999999747378752e-05
1484,1.0,1.0679743809305364e-06,9.999999747378752e-05
1485,1.0,3.4999370654986706e-06,9.999999747378752e-05
1486,1.0,1.70532803167589e-06,9.999999747378752e-05
1487,1.0,3.3710971365508158e-06,9.999999747378752e-05
1488,1.0,3.897024271282135e-06,9.999999747378752e-05
1489,1.0,2.193044565501623e-06,9.999999747378752e-05
1490,1.0,2.5623392048146343e-06,9.999999747378752e-05
1491,1.0,2.3984373456187313e-06,9.999999747378752e-05
1492,1.0,9.65583922152291e-07,9.999999747378752e-05
1493,1.0,2.9608768272737507e-06,9.999999747378752e-05
1494,1.0,4.247792730893707e-06,9.999999747378752e-05
1495,1.0,2.3644108750886517e-06,9.999999747378752e-05
1496,1.0,1.6554204194108024e-06,9.999999747378752e-05
1497,1.0,9.9359772320895e-07,9.999999747378752e-05
1498,1.0,1.1570283504624967e-06,9.999999747378752e-05
1499,1.0,3.543005959727452e-06,9.999999747378752e-05
1500,1.0,1.3588338561021374e-06,9.999999747378752e-05
1501,1.0,2.963930910482304e-06,9.999999747378752e-05
1502,1.0,1.509008484390506e-06,9.999999747378752e-05
1503,1.0,2.526315938666812e-06,9.999999747378752e-05
1504,1.0,4.419296601554379e-06,9.999999747378752e-05
1505,1.0,3.4608904115884798e-06,9.999999747378752e-05
1506,1.0,1.0506923899811227e-06,9.999999747378752e-05
1507,1.0,2.6071725187648553e-06,9.999999747378752e-05
1508,1.0,1.783868901839014e-05,9.999999747378752e-05
1509,1.0,2.132567260559881e-06,9.999999747378752e-05
1510,1.0,2.5300814741058275e-06,9.999999747378752e-05
1511,1.0,3.517923323670402e-05,9.999999747378752e-05
1512,1.0,6.455979928432498e-06,9.999999747378752e-05
1513,1.0,1.3346032574190758e-05,9.999999747378752e-05
1514,1.0,1.0510468200664036e-05,9.999999747378752e-05
1515,1.0,3.070746743105701e-06,9.999999747378752e-05
1516,1.0,1.6756913510107552e-06,9.999999747378752e-05
1517,1.0,7.631769221916329e-06,9.999999747378752e-05
1518,1.0,3.67480220120342e-06,9.999999747378752e-05
1519,1.0,1.7959500837605447e-06,9.999999747378752e-05
1520,1.0,2.525840272937785e-06,9.999999747378752e-05
1521,1.0,2.3377629077003803e-06,9.999999747378752e-05
1522,1.0,6.1480855038098525e-06,9.999999747378752e-05
1523,1.0,1.531082375549886e-06,9.999999747378752e-05
1524,1.0,1.8610201095725643e-06,9.999999747378752e-05
1525,1.0,2.9457664822984952e-06,9.999999747378752e-05
1526,1.0,1.893402782116027e-06,9.999999747378752e-05
1527,1.0,8.91435774974525e-07,9.999999747378752e-05
1528,1.0,1.683568711996486e-06,9.999999747378752e-05
1529,1.0,1.9044991859118454e-06,9.999999747378752e-05
1530,1.0,1.0561424460320268e-05,9.999999747378752e-05
1531,1.0,9.531661817163695e-06,9.999999747378752e-05
1532,1.0,1.0272084409734816e-06,9.999999747378752e-05
1533,1.0,1.4199840734363534e-06,9.999999747378752e-05
1534,1.0,1.8061848550132709e-06,9.999999747378752e-05
1535,1.0,2.267583113280125e-06,9.999999747378752e-05
1536,1.0,1.0369727760917158e-06,9.999999747378752e-05
1537,1.0,5.332201453711605e-07,9.999999747378752e-05
1538,1.0,1.343198732683959e-06,9.999999747378752e-05
1539,1.0,1.5041412098071305e-06,9.999999747378752e-05
1540,1.0,6.691471753583755e-06,9.999999747378752e-05
1541,1.0,3.3204653391294414e-06,9.999999747378752e-05
1542,1.0,1.0260062026645755e-06,9.999999747378752e-05
1543,1.0,1.0124194886884652e-06,9.999999747378752e-05
1544,1.0,7.123861109903373e-07,9.999999747378752e-05
1545,1.0,1.5584759012199356e-06,9.999999747378752e-05
1546,1.0,2.113740038112155e-06,9.999999747378752e-05
1547,1.0,1.4210589824870112e-06,9.999999747378752e-05
1548,1.0,2.4295117327710614e-05,9.999999747378752e-05
1549,1.0,3.205426082786289e-06,9.999999747378752e-05
1550,1.0,2.8259839837119216e-06,9.999999747378752e-05
1551,1.0,4.6269337872217875e-06,9.999999747378752e-05
1552,1.0,5.63207277082256e-06,9.999999747378752e-05
1553,1.0,1.9435115063970443e-06,9.999999747378752e-05
1554,1.0,1.8340908809477696e-06,9.999999747378752e-05
1555,1.0,1.3443972193272202e-06,9.999999747378752e-05
1556,1.0,6.595372724405024e-06,9.999999747378752e-05
1557,1.0,7.2640232247067615e-06,9.999999747378752e-05
1558,1.0,3.515477374094189e-06,9.999999747378752e-05
1559,1.0,4.65263065052568e-06,9.999999747378752e-05
1560,1.0,3.7991324006725335e-06,9.999999747378752e-05
1561,1.0,1.138984316639835e-06,9.999999747378752e-05
1562,1.0,1.2306993539823452e-06,9.999999747378752e-05
1563,1.0,1.1876453527293052e-06,9.999999747378752e-05
1564,1.0,1.7472693798481487e-06,9.999999747378752e-05
1565,1.0,1.5173810652413522e-06,9.999999747378752e-05
1566,1.0,3.3917176551767625e-06,9.999999747378752e-05
1567,1.0,2.3153063466452295e-06,9.999999747378752e-05
1568,1.0,9.283822919314844e-07,9.999999747378752e-05
1569,1.0,1.7163197298941668e-06,9.999999747378752e-05
1570,1.0,1.633877218409907e-06,9.999999747378752e-05
1571,1.0,7.28120369331009e-07,9.999999747378752e-05
1572,1.0,1.3430690160021186e-06,9.999999747378752e-05
1573,1.0,8.575775609642733e-07,9.999999747378752e-05
1574,1.0,9.343486908619525e-07,9.999999747378752e-05
1575,1.0,1.3391644415605697e-06,9.999999747378752e-05
1576,1.0,1.4855567087579402e-06,9.999999747378752e-05
1577,1.0,3.761127300094813e-05,9.999999747378752e-05
1578,1.0,4.764508412335999e-05,9.999999747378752e-05
1579,1.0,7.496109901694581e-05,9.999999747378752e-05
1580,1.0,9.217952538165264e-06,9.999999747378752e-05
1581,1.0,3.4390013752272353e-06,9.999999747378752e-05
1582,1.0,1.0440523510624189e-05,9.999999747378752e-05
1583,1.0,0.0002028014714596793,9.999999747378752e-05
1584,1.0,2.7374424462323077e-05,9.999999747378752e-05
1585,1.0,6.986533662711736e-06,9.999999747378752e-05
1586,1.0,1.3011101145821158e-05,9.999999747378752e-05
1587,1.0,6.585783467016881e-06,9.999999747378752e-05
1588,1.0,7.788131370034534e-06,9.999999747378752e-05
1589,1.0,4.82746281704749e-06,9.999999747378752e-05
1590,1.0,1.6518475604243577e-05,9.999999747378752e-05
1591,1.0,3.4619597499840893e-06,9.999999747378752e-05
1592,1.0,3.797198132815538e-06,9.999999747378752e-05
1593,1.0,5.581426194112282e-06,9.999999747378752e-05
1594,1.0,3.0130015602480853e-06,9.999999747378752e-05
1595,1.0,6.161174496810418e-06,9.999999747378752e-05
1596,1.0,5.3137337090447545e-06,9.999999747378752e-05
1597,1.0,2.883251909224782e-06,9.999999747378752e-05
1598,1.0,6.457515610236442e-06,9.999999747378752e-05
1599,1.0,2.7543237592908554e-06,9.999999747378752e-05
1600,1.0,1.842207325353229e-06,9.999999747378752e-05
1601,1.0,1.1698381968017202e-05,9.999999747378752e-05
1602,1.0,3.067390707656159e-06,9.999999747378752e-05
1603,1.0,4.5514816520153545e-06,9.999999747378752e-05
1604,1.0,1.6334853398802807e-06,9.999999747378752e-05
1605,1.0,1.8330057400817168e-06,9.999999747378752e-05
1606,1.0,2.824157490977086e-06,9.999999747378752e-05
1607,1.0,1.1743009054043796e-06,9.999999747378752e-05
1608,1.0,1.092775164579507e-06,9.999999747378752e-05
1609,1.0,8.511452165294031e-07,9.999999747378752e-05
1610,1.0,1.20922550195246e-06,9.999999747378752e-05
1611,1.0,5.532968316401821e-06,9.999999747378752e-05
1612,1.0,9.015715818350145e-07,9.999999747378752e-05
1613,1.0,5.35923891220591e-06,9.999999747378752e-05
1614,1.0,4.008676114608534e-05,9.999999747378752e-05
1615,1.0,2.3896750462881755e-06,9.999999747378752e-05
1616,1.0,1.5760391534058726e-06,9.999999747378752e-05
1617,1.0,1.7741210740496172e-06,9.999999747378752e-05
1618,1.0,1.6108156160044018e-06,9.999999747378752e-05
1619,1.0,4.003912636107998e-06,9.999999747378752e-05
1620,1.0,9.207590210280614e-07,9.999999747378752e-05
1621,1.0,8.339800842804834e-06,9.999999747378752e-05
1622,1.0,6.668508376606042e-07,9.999999747378752e-05
1623,1.0,1.7770694284990896e-06,9.999999747378752e-05
1624,1.0,1.8444333136358182e-06,9.999999747378752e-05
1625,1.0,7.00196642355877e-06,9.999999747378752e-05
1626,1.0,1.967261368918116e-06,9.999999747378752e-05
1627,1.0,9.708231800686917e-07,9.999999747378752e-05
1628,1.0,1.8198763882537605e-06,9.999999747378752e-05
1629,1.0,4.219127731630579e-06,9.999999747378752e-05
1630,1.0,5.677908916368324e-07,9.999999747378752e-05
1631,1.0,7.148750569285767e-07,9.999999747378752e-05
1632,1.0,9.277931667384109e-07,9.999999747378752e-05
1633,1.0,1.619883619241591e-06,9.999999747378752e-05
1634,1.0,2.3855891413404606e-06,9.999999747378752e-05
1635,1.0,1.064641310222214e-06,9.999999747378752e-05
1636,1.0,7.440962122018391e-07,9.999999747378752e-05
1637,1.0,9.848722584138159e-07,9.999999747378752e-05
1638,1.0,2.3186155431176303e-06,9.999999747378752e-05
1639,1.0,6.973664312681649e-07,9.999999747378752e-05
1640,1.0,1.0359087809774792e-06,9.999999747378752e-05
1641,1.0,8.25039478513645e-07,9.999999747378752e-05
1642,1.0,7.592367410325096e-07,9.999999747378752e-05
1643,1.0,1.2490326071201707e-06,9.999999747378752e-05
1644,1.0,1.0985636436089408e-06,9.999999747378752e-05
1645,1.0,4.383311704714288e-07,9.999999747378752e-05
1646,1.0,4.374206582724582e-06,9.999999747378752e-05
1647,1.0,2.2041101601644186e-06,9.999999747378752e-05
1648,1.0,5.364354365156032e-07,9.999999747378752e-05
1649,1.0,1.883195295704354e-06,9.999999747378752e-05
1650,1.0,8.796252473075583e-07,9.999999747378752e-05
1651,1.0,1.1801305390690686e-06,9.999999747378752e-05
1652,1.0,2.8738757009705296e-06,9.999999747378752e-05
1653,1.0,4.7671585434727604e-07,9.999999747378752e-05
1654,1.0,1.4865765933791408e-06,9.999999747378752e-05
1655,1.0,1.2526224963949062e-06,9.999999747378752e-05
1656,1.0,7.432528832396201e-07,9.999999747378752e-05
1657,1.0,1.5665485761928721e-06,9.999999747378752e-05
1658,1.0,8.315922741530812e-07,9.999999747378752e-05
1659,1.0,8.284953310067067e-07,9.999999747378752e-05
1660,1.0,1.9408353182370774e-06,9.999999747378752e-05
1661,1.0,1.2068447858837317e-06,9.999999747378752e-05
1662,1.0,8.016740480343287e-07,9.999999747378752e-05
1663,1.0,9.856096312432783e-07,9.999999747378752e-05
1664,1.0,3.602481797315704e-07,9.999999747378752e-05
1665,1.0,3.149031954308157e-06,9.999999747378752e-05
1666,1.0,1.6018260566852405e-06,9.999999747378752e-05
1667,1.0,1.6932389144130866e-06,9.999999747378752e-05
1668,1.0,2.2029062165529467e-06,9.999999747378752e-05
1669,1.0,1.4275994999479735e-06,9.999999747378752e-05
1670,1.0,1.2911867770526442e-06,9.999999747378752e-05
1671,1.0,2.439880518068094e-06,9.999999747378752e-05
1672,1.0,5.2695868362206966e-05,9.999999747378752e-05
1673,1.0,3.2618834666209295e-05,9.999999747378752e-05
1674,1.0,1.3832935110258404e-05,9.999999747378752e-05
1675,1.0,6.6352126850688364e-06,9.999999747378752e-05
1676,1.0,4.172144599579042e-06,9.999999747378752e-05
1677,1.0,3.4606059671205003e-06,9.999999747378752e-05
1678,1.0,6.774207122361986e-06,9.999999747378752e-05
1679,1.0,3.2211546567850746e-06,9.999999747378752e-05
1680,1.0,1.7111902934630052e-06,9.999999747378752e-05
1681,1.0,1.121024524763925e-06,9.999999747378752e-05
1682,1.0,1.9483563846733887e-06,9.999999747378752e-05
1683,1.0,1.0074244300994906e-06,9.999999747378752e-05
1684,1.0,7.5916127570963e-06,9.999999747378752e-05
1685,1.0,1.087351301976014e-05,9.999999747378752e-05
1686,1.0,1.3969071915198583e-05,9.999999747378752e-05
1687,1.0,2.356358208999154e-06,9.999999747378752e-05
1688,1.0,2.770025730569614e-06,9.999999747378752e-05
1689,1.0,2.2936062578082783e-06,9.999999747378752e-05
1690,1.0,2.202016730734613e-06,9.999999747378752e-05
1691,1.0,9.189422598865349e-06,9.999999747378752e-05
1692,1.0,9.260463230020832e-06,9.999999747378752e-05
1693,1.0,2.476051577104954e-06,9.999999747378752e-05
1694,1.0,1.9981978311989224e-06,9.999999747378752e-05
1695,1.0,1.373741952193086e-06,9.999999747378752e-05
1696,1.0,1.014570898405509e-06,9.999999747378752e-05
1697,1.0,1.6781415297373314e-06,9.999999747378752e-05
1698,1.0,9.338284598925384e-07,9.999999747378752e-05
1699,1.0,7.810464239810244e-07,9.999999747378752e-05
1700,1.0,1.619111208128743e-05,9.999999747378752e-05
1701,1.0,1.9359372345206793e-06,9.999999747378752e-05
1702,1.0,5.545264684769791e-06,9.999999747378752e-05
1703,1.0,7.850235306250397e-06,9.999999747378752e-05
1704,1.0,1.3874406477043522e-06,9.999999747378752e-05
1705,1.0,1.6599063883404597e-06,9.999999747378752e-05
1706,1.0,2.1809207737533143e-06,9.999999747378752e-05
1707,1.0,1.0872937536987592e-06,9.999999747378752e-05
1708,1.0,1.2812130307793268e-06,9.999999747378752e-05
1709,1.0,2.369176172578591e-06,9.999999747378752e-05
1710,1.0,2.5970894057536498e-06,9.999999747378752e-05
1711,1.0,1.8397216763332835e-06,9.999999747378752e-05
1712,1.0,2.8510680749604944e-06,9.999999747378752e-05
1713,1.0,3.3804337817855412e-06,9.999999747378752e-05
1714,0.9980000257492065,0.00721714086830616,9.999999747378752e-05
1715,1.0,0.00010284810559824109,9.999999747378752e-05
1716,1.0,0.0006481116870418191,9.999999747378752e-05
1717,1.0,5.934562796028331e-05,9.999999747378752e-05
1718,1.0,0.00024944631149992347,9.999999747378752e-05
1719,1.0,5.748976491304347e-06,9.999999747378752e-05
1720,1.0,2.6447967684362084e-05,9.999999747378752e-05
1721,1.0,5.154573500476545e-06,9.999999747378752e-05
1722,1.0,1.485505526943598e-05,9.999999747378752e-05
1723,1.0,8.36265280668158e-06,9.999999747378752e-05
1724,1.0,2.5574197479727445e-06,9.999999747378752e-05
1725,1.0,2.0717274310300127e-05,9.999999747378752e-05
1726,1.0,3.2738160371081904e-05,9.999999747378752e-05
1727,1.0,1.6592677638982423e-05,9.999999747378752e-05
1728,1.0,1.4235518392524682e-05,9.999999747378752e-05
1729,1.0,3.7514105315494817e-06,9.999999747378752e-05
1730,1.0,7.761189408483915e-06,9.999999747378752e-05
1731,1.0,5.011752364225686e-06,9.999999747378752e-05
1732,1.0,1.3352108908293303e-05,9.999999747378752e-05
1733,1.0,3.9183528315334115e-06,9.999999747378752e-05
1734,1.0,1.6359626897610724e-05,9.999999747378752e-05
1735,1.0,8.134253221214749e-06,9.999999747378752e-05
1736,1.0,2.9028376502537867e-06,9.999999747378752e-05
1737,1.0,9.642879376769997e-06,9.999999747378752e-05
1738,1.0,7.849119356251322e-06,9.999999747378752e-05
1739,1.0,6.501903044409119e-06,9.999999747378752e-05
1740,1.0,1.1231521966692526e-05,9.999999747378752e-05
1741,1.0,4.613949840859277e-06,9.999999747378752e-05
1742,1.0,2.1774345441372134e-05,9.999999747378752e-05
1743,1.0,6.893230420246255e-06,9.999999747378752e-05
1744,1.0,5.8802538660529535e-06,9.999999747378752e-05
1745,1.0,3.1431288789462997e-06,9.999999747378752e-05
1746,1.0,6.664493412245065e-06,9.999999747378752e-05
1747,1.0,5.060516741650645e-06,9.999999747378752e-05
1748,1.0,3.2754448966443306e-06,9.999999747378752e-05
1749,1.0,4.385166903375648e-06,9.999999747378752e-05
1750,1.0,5.487398084369488e-06,9.999999747378752e-05
1751,1.0,5.958625479252078e-06,9.999999747378752e-05
1752,1.0,8.72239706950495e-06,9.999999747378752e-05
1753,1.0,4.352566520537948e-06,9.999999747378752e-05
1754,1.0,5.850030902365688e-06,9.999999747378752e-05
1755,1.0,2.4013947040657513e-05,9.999999747378752e-05
1756,1.0,3.896831549354829e-05,9.999999747378752e-05
1757,1.0,1.937331262524822e-06,9.999999747378752e-05
1758,1.0,1.1328974323987495e-05,9.999999747378752e-05
1759,1.0,6.3974566728575155e-06,9.999999747378752e-05
1760,1.0,9.35762727749534e-06,9.999999747378752e-05
1761,1.0,3.634857876022579e-06,9.999999747378752e-05
1762,1.0,9.413093721377663e-06,9.999999747378752e-05
1763,1.0,1.0425973414385226e-05,9.999999747378752e-05
1764,1.0,6.6348479776934255e-06,9.999999747378752e-05
1765,1.0,2.4834023406583583e-06,9.999999747378752e-05
1766,1.0,9.939888514054473e-06,9.999999747378752e-05
1767,1.0,2.313749064342119e-06,9.999999747378752e-05
1768,1.0,1.7286045022046892e-06,9.999999747378752e-05
1769,1.0,4.881666427536402e-06,9.999999747378752e-05
1770,1.0,3.0416742902161786e-06,9.999999747378752e-05
1771,1.0,1.939190497068921e-06,9.999999747378752e-05
1772,1.0,1.4555393136106431e-05,9.999999747378752e-05
1773,1.0,1.6844853689690353e-06,9.999999747378752e-05
1774,1.0,6.392464456439484e-06,9.999999747378752e-05
1775,1.0,3.703403990584775e-06,9.999999747378752e-05
1776,1.0,2.296488673891872e-06,9.999999747378752e-05
1777,1.0,1.6329578329532524e-06,9.999999747378752e-05
1778,1.0,4.299783904571086e-05,9.999999747378752e-05
1779,1.0,4.543105205812026e-06,9.999999747378752e-05
1780,1.0,1.7078778000723105e-06,9.999999747378752e-05
1781,1.0,4.090403308509849e-06,9.999999747378752e-05
1782,1.0,1.7049840153049445e-06,9.999999747378752e-05
1783,1.0,1.1859921187351574e-06,9.999999747378752e-05
1784,1.0,3.2761763577582315e-06,9.999999747378752e-05
1785,1.0,2.958049890366965e-06,9.999999747378752e-05
1786,1.0,3.480867235339247e-05,9.999999747378752e-05
1787,1.0,2.481144974808558e-06,9.999999747378752e-05
1788,1.0,7.804532287991606e-06,9.999999747378752e-05
1789,1.0,1.8305106550542405e-06,9.999999747378752e-05
1790,1.0,5.39789789399947e-06,9.999999747378752e-05
1791,1.0,8.536538189218845e-06,9.999999747378752e-05
1792,1.0,3.285590992163634e-06,9.999999747378752e-05
1793,1.0,1.9022204469365533e-06,9.999999747378752e-05
1794,1.0,7.158517746574944e-06,9.999999747378752e-05
1795,1.0,1.142231781159353e-06,9.999999747378752e-05
1796,1.0,1.4636208334195544e-06,9.999999747378752e-05
1797,1.0,6.596597813768312e-06,9.999999747378752e-05
1798,1.0,2.1637624740833417e-06,9.999999747378752e-05
1799,1.0,1.9148917544953292e-06,9.999999747378752e-05
1800,1.0,7.32182616047794e-06,9.999999747378752e-05
1801,1.0,1.1628633274085587e-06,9.999999747378752e-05
1802,1.0,1.2794129133908427e-06,9.999999747378752e-05
1803,1.0,1.0106442687174422e-06,9.999999747378752e-05
1804,1.0,7.566398835479049e-06,9.999999747378752e-05
1805,1.0,2.9948844257887686e-06,9.999999747378752e-05
1806,1.0,1.8891759054895374e-06,9.999999747378752e-05
1807,1.0,1.7609543192520505e-06,9.999999747378752e-05
1808,1.0,4.887835530098528e-06,9.999999747378752e-05
1809,1.0,2.6909540338238003e-06,9.999999747378752e-05
1810,1.0,1.006484581012046e-05,9.999999747378752e-05
1811,1.0,3.930675120500382e-06,9.999999747378752e-05
1812,1.0,1.1634573411356541e-06,9.999999747378752e-05
1813,1.0,2.1292664769134717e-06,9.999999747378752e-05
1814,1.0,2.127238758475869e-06,9.999999747378752e-05
1815,1.0,1.0547338433752884e-06,9.999999747378752e-05
1816,1.0,3.058992433579988e-06,9.999999747378752e-05
1817,1.0,1.6422920452896506e-05,9.999999747378752e-05
1818,1.0,3.2171308248507557e-06,9.999999747378752e-05
1819,1.0,2.9826080663042376e-06,9.999999747378752e-05
1820,1.0,3.679998371808324e-06,9.999999747378752e-05
1821,1.0,1.8735593130259076e-06,9.999999747378752e-05
1822,1.0,6.020869022904662e-06,9.999999747378752e-05
1823,1.0,2.73572004516609e-06,9.999999747378752e-05
1824,1.0,1.8556191207608208e-05,9.999999747378752e-05
1825,1.0,3.4592897009133594e-06,9.999999747378752e-05
1826,1.0,1.5117354905669345e-06,9.999999747378752e-05
1827,1.0,1.8393401433058898e-06,9.999999747378752e-05
1828,1.0,1.6253035255431314e-06,9.999999747378752e-05
1829,1.0,2.8506535727501614e-06,9.999999747378752e-05
1830,1.0,7.547064342361409e-07,9.999999747378752e-05
1831,1.0,3.005059397764853e-06,9.999999747378752e-05
1832,1.0,5.776425496151205e-06,9.999999747378752e-05
1833,1.0,8.450685982097639e-07,9.999999747378752e-05
1834,1.0,1.6195084526771097e-06,9.999999747378752e-05
1835,1.0,8.600687237958482e-07,9.999999747378752e-05
1836,1.0,1.2597648719747667e-06,9.999999747378752e-05
1837,1.0,9.380382834933698e-07,9.999999747378752e-05
1838,1.0,7.728268656137516e-07,9.999999747378752e-05
1839,1.0,3.3406545298930723e-06,9.999999747378752e-05
1840,1.0,4.94013102070312e-06,9.999999747378752e-05
1841,1.0,3.543630100466544e-06,9.999999747378752e-05
1842,1.0,4.2275637497368734e-06,9.999999747378752e-05
1843,1.0,1.0499835525479284e-06,9.999999747378752e-05
1844,1.0,2.2403928596759215e-06,9.999999747378752e-05
1845,1.0,1.7169561488117324e-06,9.999999747378752e-05
1846,1.0,1.5185291886155028e-06,9.999999747378752e-05
1847,1.0,8.842824854582432e-07,9.999999747378752e-05
1848,1.0,8.175267112164875e-07,9.999999747378752e-05
1849,1.0,2.6466912004252663e-06,9.999999747378752e-05
1850,1.0,8.288542971968127e-07,9.999999747378752e-05
1851,1.0,1.6095196997412131e-06,9.999999747378752e-05
1852,1.0,6.703080543957185e-07,9.999999747378752e-05
1853,1.0,7.656689149371232e-07,9.999999747378752e-05
1854,1.0,3.5411910630500643e-06,9.999999747378752e-05
1855,1.0,1.1088093287980882e-06,9.999999747378752e-05
1856,1.0,7.687713150517084e-07,9.999999747378752e-05
1857,1.0,1.4783438473386923e-06,9.999999747378752e-05
1858,1.0,6.325180947897024e-07,9.999999747378752e-05
1859,1.0,1.2126723731853417e-06,9.999999747378752e-05
1860,1.0,1.489445821789559e-06,9.999999747378752e-05
1861,1.0,5.29763781287329e-07,9.999999747378752e-05
1862,1.0,3.9553472674924706e-07,9.999999747378752e-05
1863,1.0,4.6538951892216573e-07,9.999999747378752e-05
1864,1.0,3.862364792439621e-07,9.999999747378752e-05
1865,1.0,1.7220086192537565e-06,9.999999747378752e-05
1866,1.0,7.767570764372067e-07,9.999999747378752e-05
1867,1.0,7.412350555568992e-07,9.999999747378752e-05
1868,1.0,3.039901685042423e-06,9.999999747378752e-05
1869,1.0,1.5376322153315414e-06,9.999999747378752e-05
1870,1.0,2.0248917280696332e-06,9.999999747378752e-05
1871,1.0,4.2533432065283705e-07,9.999999747378752e-05
1872,1.0,1.024775542646239e-06,9.999999747378752e-05
1873,1.0,1.19194282888202e-06,9.999999747378752e-05
1874,1.0,7.191579811660631e-07,9.999999747378752e-05
1875,1.0,1.065694164026354e-06,9.999999747378752e-05
1876,1.0,4.889931801699277e-07,9.999999747378752e-05
1877,1.0,4.298952262615785e-06,9.999999747378752e-05
1878,1.0,1.6221413261519047e-06,9.999999747378752e-05
1879,1.0,1.0989624570356682e-06,9.999999747378752e-05
1880,1.0,5.435891807792359e-07,9.999999747378752e-05
1881,1.0,1.0714287554947077e-06,9.999999747378752e-05
1882,1.0,1.682583274487115e-06,9.999999747378752e-05
1883,1.0,4.1171770135406405e-06,9.999999747378752e-05
1884,1.0,6.5080516833404545e-06,9.999999747378752e-05
1885,1.0,2.814188519550953e-05,9.999999747378752e-05
1886,1.0,1.2420148777891882e-05,9.999999747378752e-05
1887,1.0,1.6567071270401357e-06,9.999999747378752e-05
1888,1.0,4.465478923521005e-06,9.999999747378752e-05
1889,1.0,2.4056557776930276e-06,9.999999747378752e-05
1890,1.0,4.792539584741462e-06,9.999999747378752e-05
1891,1.0,1.89888044133113e-06,9.999999747378752e-05
1892,1.0,1.2023429007967934e-06,9.999999747378752e-05
1893,1.0,1.7969089185498888e-06,9.999999747378752e-05
1894,1.0,1.7247416508325841e-06,9.999999747378752e-05
1895,1.0,1.4539592712026206e-06,9.999999747378752e-05
1896,1.0,3.2821089916978963e-06,9.999999747378752e-05
1897,1.0,1.2368877833068836e-06,9.999999747378752e-05
1898,1.0,5.329469331627479e-06,9.999999747378752e-05
1899,1.0,1.7777017546904972e-06,9.999999747378752e-05
1900,1.0,9.312427096119791e-07,9.999999747378752e-05
1901,1.0,1.0763225191112724e-06,9.999999747378752e-05
1902,1.0,1.3045907962805359e-06,9.999999747378752e-05
1903,1.0,2.7185238650417887e-05,9.999999747378752e-05
1904,1.0,5.8069404076377396e-06,9.999999747378752e-05
1905,1.0,5.7007518989848904e-06,9.999999747378752e-05
1906,1.0,4.524360065261135e-06,9.999999747378752e-05
1907,1.0,1.771239567460725e-06,9.999999747378752e-05
1908,1.0,1.838736466197588e-06,9.999999747378752e-05
1909,1.0,2.899536184486351e-06,9.999999747378752e-05
1910,1.0,1.1010939715561108e-06,9.999999747378752e-05
1911,1.0,2.4461917291773716e-06,9.999999747378752e-05
1912,1.0,8.897818588593509e-06,9.999999747378752e-05
1913,1.0,5.8218738558935e-06,9.999999747378752e-05
1914,1.0,1.1863139661727473e-06,9.999999747378752e-05
1915,1.0,1.2593973224284127e-06,9.999999747378752e-05
1916,1.0,1.647307726670988e-06,9.999999747378752e-05
1917,1.0,1.945289795912686e-06,9.999999747378752e-05
1918,1.0,3.617109314291156e-06,9.999999747378752e-05
1919,1.0,2.014571236941265e-06,9.999999747378752e-05
1920,1.0,1.299365067097824e-06,9.999999747378752e-05
1921,1.0,1.2558410844576429e-06,9.999999747378752e-05
1922,1.0,1.572247583681019e-06,9.999999747378752e-05
1923,1.0,1.523454216112441e-06,9.999999747378752e-05
1924,1.0,1.0218374200121616e-06,9.999999747378752e-05
1925,1.0,4.72543035812123e-07,9.999999747378752e-05
1926,1.0,1.8134682022719062e-06,9.999999747378752e-05
1927,1.0,8.796257588983281e-07,9.999999747378752e-05
1928,1.0,1.3045978448644746e-06,9.999999747378752e-05
1929,1.0,1.3347156482268474e-06,9.999999747378752e-05
1930,1.0,8.901188266463578e-07,9.999999747378752e-05
1931,1.0,5.619475587081979e-07,9.999999747378752e-05
1932,1.0,3.609728082665242e-05,9.999999747378752e-05
1933,1.0,5.668844096362591e-06,9.999999747378752e-05
1934,1.0,3.2085213206300978e-06,9.999999747378752e-05
1935,1.0,7.605435143887007e-07,9.999999747378752e-05
1936,1.0,4.662944775191136e-06,9.999999747378752e-05
1937,1.0,1.1063171996283927e-06,9.999999747378752e-05
1938,1.0,2.488542349965428e-06,9.999999747378752e-05
1939,1.0,6.64700792185613e-07,9.999999747378752e-05
1940,1.0,1.0752430625871057e-06,9.999999747378752e-05
1941,1.0,1.050189098350529e-06,9.999999747378752e-05
1942,1.0,2.2890428681421326e-06,9.999999747378752e-05
1943,1.0,2.7572796170716174e-06,9.999999747378752e-05
1944,1.0,2.2143851765576983e-06,9.999999747378752e-05
1945,1.0,5.483571499098616e-07,9.999999747378752e-05
1946,1.0,1.2601011576407473e-06,9.999999747378752e-05
1947,1.0,1.5237546904245391e-06,9.999999747378752e-05
1948,1.0,7.079656256792077e-07,9.999999747378752e-05
1949,1.0,9.753335916684591e-07,9.999999747378752e-05
1950,1.0,1.2389824632919044e-06,9.999999747378752e-05
1951,1.0,8.511252076459641e-07,9.999999747378752e-05
1952,1.0,5.904387307964498e-07,9.999999747378752e-05
1953,1.0,1.198145696434949e-06,9.999999747378752e-05
1954,1.0,7.519620339735411e-07,9.999999747378752e-05
1955,1.0,2.6039740532723954e-06,9.999999747378752e-05
1956,1.0,1.028281531034736e-06,9.999999747378752e-05
1957,1.0,6.423649210773874e-06,9.999999747378752e-05
1958,1.0,1.884221455838997e-05,9.999999747378752e-05
1959,1.0,6.278788532654289e-06,9.999999747378752e-05
1960,1.0,1.8818452645064099e-06,9.999999747378752e-05
1961,1.0,2.2835558866063366e-06,9.999999747378752e-05
1962,1.0,5.011034772905987e-06,9.999999747378752e-05
1963,1.0,2.5853505576378666e-06,9.999999747378752e-05
1964,1.0,1.4152922176435823e-06,9.999999747378752e-05
1965,1.0,3.891730102623114e-06,9.999999747378752e-05
1966,1.0,6.363325155689381e-07,9.999999747378752e-05
1967,1.0,1.8041436078419792e-06,9.999999747378752e-05
1968,1.0,3.3672506560833426e-06,9.999999747378752e-05
1969,1.0,4.1067428355745506e-06,9.999999747378752e-05
1970,1.0,7.294311785699392e-07,9.999999747378752e-05
1971,1.0,1.2927126817885437e-06,9.999999747378752e-05
1972,1.0,5.855501967744203e-07,9.999999747378752e-05
1973,1.0,1.1205191867702524e-06,9.999999747378752e-05
1974,1.0,3.478518522115337e-07,9.999999747378752e-05
1975,1.0,6.704226507281419e-07,9.999999747378752e-05
1976,1.0,2.268340267619351e-06,9.999999747378752e-05
1977,1.0,2.2974923012952786e-06,9.999999747378752e-05
1978,1.0,1.5057213431646232e-06,9.999999747378752e-05
1979,1.0,6.35260960279993e-07,9.999999747378752e-05
1980,1.0,3.0080873330007307e-06,9.999999747378752e-05
1981,1.0,3.0413295917242067e-06,9.999999747378752e-05
1982,1.0,1.6082259435279411e-06,9.999999747378752e-05
1983,1.0,3.3211591699000564e-07,9.999999747378752e-05
1984,1.0,3.696667363328743e-07,9.999999747378752e-05
1985,1.0,2.302473149029538e-06,9.999999747378752e-05
1986,1.0,1.3605707636088482e-06,9.999999747378752e-05
1987,1.0,9.775556009117281e-07,9.999999747378752e-05
1988,1.0,9.008388701658987e-07,9.999999747378752e-05
1989,1.0,6.471752271863807e-07,9.999999747378752e-05
1990,1.0,8.770849149186688e-07,9.999999747378752e-05
1991,1.0,1.0462258615007158e-06,9.999999747378752e-05
1992,1.0,1.6263981024167151e-06,9.999999747378752e-05
1993,1.0,1.105044589166937e-06,9.999999747378752e-05
1994,1.0,3.7598314861497784e-07,9.999999747378752e-05
1995,1.0,4.9715035856934264e-06,9.999999747378752e-05
1996,1.0,4.6741374148950854e-07,9.999999747378752e-05
1997,1.0,6.259571136979503e-07,9.999999747378752e-05
1998,1.0,7.533613484156376e-07,9.999999747378752e-05
1999,1.0,2.2246167645789683e-06,9.999999747378752e-05
