,categorical_accuracy,loss,learning_rate
0,0.1772727221250534,2.3689792156219482,0.0010000000474974513
1,0.22272726893424988,2.2373645305633545,0.0010000000474974513
2,0.26363635063171387,2.1448941230773926,0.0010000000474974513
3,0.27272728085517883,2.098167657852173,0.0010000000474974513
4,0.2454545497894287,2.073010206222534,0.0010000000474974513
5,0.3227272629737854,2.050199270248413,0.0010000000474974513
6,0.30454546213150024,2.02726674079895,0.0010000000474974513
7,0.3272727131843567,2.0111773014068604,0.0010000000474974513
8,0.2772727310657501,1.988454818725586,0.0010000000474974513
9,0.33181819319725037,1.9417171478271484,0.0010000000474974513
10,0.3227272629737854,1.9611663818359375,0.0010000000474974513
11,0.40454545617103577,1.9137171506881714,0.0010000000474974513
12,0.3590908944606781,1.8833264112472534,0.0010000000474974513
13,0.41363635659217834,1.8298686742782593,0.0010000000474974513
14,0.41363635659217834,1.826177954673767,0.0010000000474974513
15,0.37272727489471436,1.8014354705810547,0.0010000000474974513
16,0.36818182468414307,1.8071434497833252,0.0010000000474974513
17,0.4000000059604645,1.7866629362106323,0.0010000000474974513
18,0.4272727370262146,1.7539438009262085,0.0010000000474974513
19,0.40454545617103577,1.7393945455551147,0.0010000000474974513
20,0.3863636255264282,1.726652979850769,0.0010000000474974513
21,0.4272727370262146,1.7160992622375488,0.0010000000474974513
22,0.4000000059604645,1.7306362390518188,0.0010000000474974513
23,0.40909090638160706,1.688140630722046,0.0010000000474974513
24,0.44545453786849976,1.6620432138442993,0.0010000000474974513
25,0.4000000059604645,1.6730067729949951,0.0010000000474974513
26,0.44090908765792847,1.6428900957107544,0.0010000000474974513
27,0.40454545617103577,1.6777887344360352,0.0010000000474974513
28,0.44090908765792847,1.5942130088806152,0.0010000000474974513
29,0.4954545497894287,1.5611268281936646,0.0010000000474974513
30,0.44545453786849976,1.584882378578186,0.0010000000474974513
31,0.4318181872367859,1.5720126628875732,0.0010000000474974513
32,0.4363636374473572,1.5361089706420898,0.0010000000474974513
33,0.4727272689342499,1.5583829879760742,0.0010000000474974513
34,0.5363636612892151,1.4794495105743408,0.0010000000474974513
35,0.47727271914482117,1.5002868175506592,0.0010000000474974513
36,0.44545453786849976,1.5292917490005493,0.0010000000474974513
37,0.5045454502105713,1.4769128561019897,0.0010000000474974513
38,0.4681818187236786,1.5042186975479126,0.0010000000474974513
39,0.4681818187236786,1.5044434070587158,0.0010000000474974513
40,0.5,1.4391701221466064,0.0010000000474974513
41,0.5136363506317139,1.4309731721878052,0.0010000000474974513
42,0.5181818008422852,1.4239940643310547,0.0010000000474974513
43,0.4954545497894287,1.4046261310577393,0.0010000000474974513
44,0.5181818008422852,1.419625997543335,0.0010000000474974513
45,0.4954545497894287,1.4154045581817627,0.0010000000474974513
46,0.5136363506317139,1.4232475757598877,0.0010000000474974513
47,0.5545454621315002,1.3770610094070435,0.0010000000474974513
48,0.5318182110786438,1.3504773378372192,0.0010000000474974513
49,0.5636363625526428,1.361852765083313,0.0010000000474974513
50,0.5454545617103577,1.355492353439331,0.0010000000474974513
51,0.5272727012634277,1.3841742277145386,0.0010000000474974513
52,0.5954545736312866,1.348973274230957,0.0010000000474974513
53,0.5636363625526428,1.3053871393203735,0.0010000000474974513
54,0.5636363625526428,1.3160216808319092,0.0010000000474974513
55,0.5545454621315002,1.2926369905471802,0.0010000000474974513
56,0.5590909123420715,1.3339834213256836,0.0010000000474974513
57,0.581818163394928,1.3093581199645996,0.0010000000474974513
58,0.5590909123420715,1.3085964918136597,0.0010000000474974513
59,0.5727272629737854,1.3142616748809814,0.0010000000474974513
60,0.550000011920929,1.275295615196228,0.0010000000474974513
61,0.5454545617103577,1.2876795530319214,0.0010000000474974513
62,0.5909090638160706,1.2599284648895264,0.0010000000474974513
63,0.5863636136054993,1.2942734956741333,0.0010000000474974513
64,0.5590909123420715,1.2718702554702759,0.0010000000474974513
65,0.5727272629737854,1.2383339405059814,0.0010000000474974513
66,0.5545454621315002,1.3005729913711548,0.0010000000474974513
67,0.6136363744735718,1.2311722040176392,0.0010000000474974513
68,0.581818163394928,1.2132943868637085,0.0010000000474974513
69,0.6272727251052856,1.1815006732940674,0.0010000000474974513
70,0.6136363744735718,1.1789251565933228,0.0010000000474974513
71,0.6090909242630005,1.2077906131744385,0.0010000000474974513
72,0.5954545736312866,1.1840077638626099,0.0010000000474974513
73,0.6272727251052856,1.166404128074646,0.0010000000474974513
74,0.6545454263687134,1.1281840801239014,0.0010000000474974513
75,0.6227272748947144,1.1533554792404175,0.0010000000474974513
76,0.6318181753158569,1.172432780265808,0.0010000000474974513
77,0.6090909242630005,1.1711262464523315,0.0010000000474974513
78,0.6409090757369995,1.1033968925476074,0.0010000000474974513
79,0.6499999761581421,1.1502938270568848,0.0010000000474974513
80,0.6454545259475708,1.116350769996643,0.0010000000474974513
81,0.6545454263687134,1.1327072381973267,0.0010000000474974513
82,0.6227272748947144,1.1207242012023926,0.0010000000474974513
83,0.6909090876579285,1.067199945449829,0.0010000000474974513
84,0.6363636255264282,1.0789823532104492,0.0010000000474974513
85,0.6499999761581421,1.0978302955627441,0.0010000000474974513
86,0.6090909242630005,1.1304055452346802,0.0010000000474974513
87,0.6636363863945007,1.091588020324707,0.0010000000474974513
88,0.6590909361839294,1.0927842855453491,0.0010000000474974513
89,0.6499999761581421,1.0796520709991455,0.0010000000474974513
90,0.699999988079071,1.0522713661193848,0.0010000000474974513
91,0.6499999761581421,1.0923469066619873,0.0010000000474974513
92,0.6772727370262146,1.0335861444473267,0.0010000000474974513
93,0.6590909361839294,1.0316078662872314,0.0010000000474974513
94,0.6909090876579285,1.0439318418502808,0.0010000000474974513
95,0.6409090757369995,1.0453755855560303,0.0010000000474974513
96,0.6909090876579285,1.0155377388000488,0.0010000000474974513
97,0.6909090876579285,0.9959545731544495,0.0010000000474974513
98,0.6863636374473572,0.9882746338844299,0.0010000000474974513
99,0.7045454382896423,0.9936532378196716,0.0010000000474974513
100,0.699999988079071,1.048690915107727,0.0010000000474974513
101,0.699999988079071,1.0108777284622192,0.0010000000474974513
102,0.7136363387107849,0.9711719155311584,0.0010000000474974513
103,0.7181817889213562,0.9503090381622314,0.0010000000474974513
104,0.7227272987365723,0.9356300830841064,0.0010000000474974513
105,0.6863636374473572,0.9643329381942749,0.0010000000474974513
106,0.699999988079071,0.9599965214729309,0.0010000000474974513
107,0.7318181991577148,0.9435080885887146,0.0010000000474974513
108,0.7590909004211426,0.9005423784255981,0.0010000000474974513
109,0.7727272510528564,0.884883463382721,0.0010000000474974513
110,0.7090908885002136,0.9373481869697571,0.0010000000474974513
111,0.7363636493682861,0.9532859325408936,0.0010000000474974513
112,0.7272727489471436,0.9162183403968811,0.0010000000474974513
113,0.7318181991577148,0.907695472240448,0.0010000000474974513
114,0.6727272868156433,0.9565934538841248,0.0010000000474974513
115,0.7227272987365723,0.9261330366134644,0.0010000000474974513
116,0.7318181991577148,0.8617070317268372,0.0010000000474974513
117,0.7681818008422852,0.8748647570610046,0.0010000000474974513
118,0.7772727012634277,0.8546606302261353,0.0010000000474974513
119,0.7409090995788574,0.9067314863204956,0.0010000000474974513
120,0.7545454502105713,0.8158618807792664,0.0010000000474974513
121,0.7272727489471436,0.9199296832084656,0.0010000000474974513
122,0.7772727012634277,0.8292577862739563,0.0010000000474974513
123,0.75,0.8480755686759949,0.0010000000474974513
124,0.75,0.8416167497634888,0.0010000000474974513
125,0.7818182110786438,0.8248063921928406,0.0010000000474974513
126,0.7363636493682861,0.8444169759750366,0.0010000000474974513
127,0.7863636612892151,0.7854866981506348,0.0010000000474974513
128,0.7681818008422852,0.8067477941513062,0.0010000000474974513
129,0.7863636612892151,0.7689262628555298,0.0010000000474974513
130,0.7909091114997864,0.7743759155273438,0.0010000000474974513
131,0.831818163394928,0.7462806701660156,0.0010000000474974513
132,0.7863636612892151,0.7526406645774841,0.0010000000474974513
133,0.7636363506317139,0.8314405083656311,0.0010000000474974513
134,0.7818182110786438,0.759739875793457,0.0010000000474974513
135,0.7727272510528564,0.7546140551567078,0.0010000000474974513
136,0.8272727131843567,0.7349469065666199,0.0010000000474974513
137,0.7863636612892151,0.8044236898422241,0.0010000000474974513
138,0.8090909123420715,0.6985380053520203,0.0010000000474974513
139,0.7818182110786438,0.7167955040931702,0.0010000000474974513
140,0.7772727012634277,0.7446815967559814,0.0010000000474974513
141,0.8090909123420715,0.7103323340415955,0.0010000000474974513
142,0.75,0.7981735467910767,0.0010000000474974513
143,0.7818182110786438,0.7685874104499817,0.0010000000474974513
144,0.8090909123420715,0.7167192697525024,0.0010000000474974513
145,0.8090909123420715,0.7239124178886414,0.0010000000474974513
146,0.7636363506317139,0.7778626084327698,0.0010000000474974513
147,0.8454545736312866,0.6828491687774658,0.0010000000474974513
148,0.8136363625526428,0.6804581880569458,0.0010000000474974513
149,0.8090909123420715,0.7112782001495361,0.0010000000474974513
150,0.8272727131843567,0.7055540680885315,0.0010000000474974513
151,0.8545454740524292,0.6416749954223633,0.0010000000474974513
152,0.8500000238418579,0.6476631760597229,0.0010000000474974513
153,0.8090909123420715,0.7055749893188477,0.0010000000474974513
154,0.800000011920929,0.720917284488678,0.0010000000474974513
155,0.7727272510528564,0.7396901845932007,0.0010000000474974513
156,0.800000011920929,0.6743125319480896,0.0010000000474974513
157,0.8727272748947144,0.5994254946708679,0.0010000000474974513
158,0.8090909123420715,0.6744071841239929,0.0010000000474974513
159,0.8090909123420715,0.6581885814666748,0.0010000000474974513
160,0.831818163394928,0.6611759066581726,0.0010000000474974513
161,0.8500000238418579,0.6285136938095093,0.0010000000474974513
162,0.831818163394928,0.6182979345321655,0.0010000000474974513
163,0.8409090638160706,0.6224961876869202,0.0010000000474974513
164,0.8454545736312866,0.6216541528701782,0.0010000000474974513
165,0.8545454740524292,0.6067866683006287,0.0010000000474974513
166,0.8772727251052856,0.5446831583976746,0.0010000000474974513
167,0.8636363744735718,0.6052836775779724,0.0010000000474974513
168,0.8954545259475708,0.5355467200279236,0.0010000000474974513
169,0.8500000238418579,0.576428234577179,0.0010000000474974513
170,0.8772727251052856,0.5716438889503479,0.0010000000474974513
171,0.8500000238418579,0.6026992797851562,0.0010000000474974513
172,0.8409090638160706,0.5965055227279663,0.0010000000474974513
173,0.8772727251052856,0.528351366519928,0.0010000000474974513
174,0.8681818246841431,0.5575725436210632,0.0010000000474974513
175,0.8772727251052856,0.5267740488052368,0.0010000000474974513
176,0.9090909361839294,0.5269899964332581,0.0010000000474974513
177,0.8636363744735718,0.5246861577033997,0.0010000000474974513
178,0.8909090757369995,0.4978186786174774,0.0010000000474974513
179,0.8999999761581421,0.4807194173336029,0.0010000000474974513
180,0.8863636255264282,0.5206956267356873,0.0010000000474974513
181,0.8727272748947144,0.5250747799873352,0.0010000000474974513
182,0.8727272748947144,0.4994828999042511,0.0010000000474974513
183,0.8454545736312866,0.5866732001304626,0.0010000000474974513
184,0.8999999761581421,0.5080054998397827,0.0010000000474974513
185,0.8636363744735718,0.5209206342697144,0.0010000000474974513
186,0.8727272748947144,0.5278925895690918,0.0010000000474974513
187,0.9090909361839294,0.4935914874076843,0.0010000000474974513
188,0.8954545259475708,0.4806482791900635,0.0010000000474974513
189,0.9136363863945007,0.4659547507762909,0.0010000000474974513
190,0.8909090757369995,0.4765687882900238,0.0010000000474974513
191,0.9090909361839294,0.45522540807724,0.0010000000474974513
192,0.9454545378684998,0.4077853858470917,0.0010000000474974513
193,0.9045454263687134,0.44496795535087585,0.0010000000474974513
194,0.8999999761581421,0.4554636478424072,0.0010000000474974513
195,0.8999999761581421,0.4637629985809326,0.0010000000474974513
196,0.9227272868156433,0.41171881556510925,0.0010000000474974513
197,0.9090909361839294,0.43640127778053284,0.0010000000474974513
198,0.9090909361839294,0.4343094229698181,0.0010000000474974513
199,0.9090909361839294,0.3951570987701416,0.0010000000474974513
200,0.8909090757369995,0.4380734860897064,0.0010000000474974513
201,0.8772727251052856,0.45307236909866333,0.0010000000474974513
202,0.8772727251052856,0.48273617029190063,0.0010000000474974513
203,0.9136363863945007,0.44193413853645325,0.0010000000474974513
204,0.9090909361839294,0.4151296317577362,0.0010000000474974513
205,0.9227272868156433,0.41495075821876526,0.0010000000474974513
206,0.9318181872367859,0.3988998830318451,0.0010000000474974513
207,0.8954545259475708,0.40500614047050476,0.0010000000474974513
208,0.9227272868156433,0.39423054456710815,0.0010000000474974513
209,0.9454545378684998,0.36676642298698425,0.0010000000474974513
210,0.9136363863945007,0.40052735805511475,0.0010000000474974513
211,0.9363636374473572,0.3783522844314575,0.0010000000474974513
212,0.9590908885002136,0.335409015417099,0.0010000000474974513
213,0.9681817889213562,0.30476680397987366,0.0010000000474974513
214,0.9681817889213562,0.28218746185302734,0.0010000000474974513
215,0.949999988079071,0.3185419738292694,0.0010000000474974513
216,0.9227272868156433,0.35941922664642334,0.0010000000474974513
217,0.9727272987365723,0.2991493344306946,0.0010000000474974513
218,0.9727272987365723,0.2704876661300659,0.0010000000474974513
219,0.8954545259475708,0.3964678943157196,0.0010000000474974513
220,0.9318181872367859,0.37973451614379883,0.0010000000474974513
221,0.9545454382896423,0.33784207701683044,0.0010000000474974513
222,0.9227272868156433,0.34901517629623413,0.0010000000474974513
223,0.9636363387107849,0.30010586977005005,0.0010000000474974513
224,0.9636363387107849,0.3181537389755249,0.0010000000474974513
225,0.9272727370262146,0.3619610071182251,0.0010000000474974513
226,0.9681817889213562,0.3147464394569397,0.0010000000474974513
227,0.949999988079071,0.30244284868240356,0.0010000000474974513
228,0.9318181872367859,0.3317633867263794,0.0010000000474974513
229,0.9363636374473572,0.3561723530292511,0.0010000000474974513
230,0.8772727251052856,0.46956533193588257,0.0010000000474974513
231,0.8818181753158569,0.44563785195350647,0.0010000000474974513
232,0.9363636374473572,0.3826048672199249,0.0010000000474974513
233,0.9363636374473572,0.3394322693347931,0.0010000000474974513
234,0.9590908885002136,0.3179514706134796,0.0010000000474974513
235,0.949999988079071,0.31361669301986694,0.0010000000474974513
236,0.9409090876579285,0.3437282145023346,0.0010000000474974513
237,0.9590908885002136,0.2838705778121948,0.0010000000474974513
238,0.9727272987365723,0.24947388470172882,0.0010000000474974513
239,0.9818181991577148,0.26546069979667664,0.0010000000474974513
240,0.9545454382896423,0.2891070246696472,0.0010000000474974513
241,0.9681817889213562,0.30098584294319153,0.0010000000474974513
242,0.9636363387107849,0.280696839094162,0.0010000000474974513
243,0.9772727489471436,0.2637760043144226,0.0010000000474974513
244,0.9681817889213562,0.2458956241607666,0.0010000000474974513
245,0.9818181991577148,0.2313632220029831,0.0010000000474974513
246,0.9772727489471436,0.22329676151275635,0.0010000000474974513
247,0.9772727489471436,0.2119385451078415,0.0010000000474974513
248,0.9636363387107849,0.22303195297718048,0.0010000000474974513
249,0.9545454382896423,0.268564909696579,0.0010000000474974513
250,0.949999988079071,0.27411383390426636,0.0010000000474974513
251,0.9545454382896423,0.25112780928611755,0.0010000000474974513
252,0.9545454382896423,0.28668680787086487,0.0010000000474974513
253,0.9090909361839294,0.3409790098667145,0.0010000000474974513
254,0.9681817889213562,0.2780708372592926,0.0010000000474974513
255,0.9272727370262146,0.28513655066490173,0.0010000000474974513
256,0.9727272987365723,0.24850504100322723,0.0010000000474974513
257,0.9318181872367859,0.3069426119327545,0.0010000000474974513
258,0.9227272868156433,0.31593072414398193,0.0010000000474974513
259,0.9681817889213562,0.26389172673225403,0.0010000000474974513
260,0.949999988079071,0.26160573959350586,0.0010000000474974513
261,0.9636363387107849,0.24069201946258545,0.0010000000474974513
262,0.9681817889213562,0.24044740200042725,0.0010000000474974513
263,0.9772727489471436,0.22450383007526398,0.0010000000474974513
264,0.9681817889213562,0.2057897448539734,0.0010000000474974513
265,0.9954545497894287,0.15224596858024597,0.0010000000474974513
266,0.9545454382896423,0.20655421912670135,0.0010000000474974513
267,0.9863636493682861,0.21963228285312653,0.0010000000474974513
268,0.9954545497894287,0.178249329328537,0.0010000000474974513
269,0.9727272987365723,0.19580109417438507,0.0010000000474974513
270,0.9590908885002136,0.23900236189365387,0.0010000000474974513
271,0.9818181991577148,0.17546387016773224,0.0010000000474974513
272,0.9818181991577148,0.19019654393196106,0.0010000000474974513
273,0.9818181991577148,0.17392463982105255,0.0010000000474974513
274,0.9545454382896423,0.22583866119384766,0.0010000000474974513
275,0.9590908885002136,0.21249531209468842,0.0010000000474974513
276,0.9681817889213562,0.21320107579231262,0.0010000000474974513
277,0.9545454382896423,0.2878677546977997,0.0010000000474974513
278,0.949999988079071,0.27941468358039856,0.0010000000474974513
279,0.9863636493682861,0.21321094036102295,0.0010000000474974513
280,0.9772727489471436,0.19290730357170105,0.0010000000474974513
281,0.9863636493682861,0.17282424867153168,0.0010000000474974513
282,0.9727272987365723,0.17269176244735718,0.0010000000474974513
283,0.9863636493682861,0.14923976361751556,0.0010000000474974513
284,0.9818181991577148,0.17553524672985077,0.0010000000474974513
285,0.9818181991577148,0.17996063828468323,0.0010000000474974513
286,0.9863636493682861,0.1393388956785202,0.0010000000474974513
287,0.9954545497894287,0.14249885082244873,0.0010000000474974513
288,0.9818181991577148,0.1374988555908203,0.0010000000474974513
289,0.9954545497894287,0.13527677953243256,0.0010000000474974513
290,0.9954545497894287,0.1378040611743927,0.0010000000474974513
291,1.0,0.08893043547868729,0.0010000000474974513
292,1.0,0.10774564743041992,0.0010000000474974513
293,1.0,0.08847633749246597,0.0010000000474974513
294,1.0,0.09535465389490128,0.0010000000474974513
295,0.9954545497894287,0.10809983313083649,0.0010000000474974513
296,1.0,0.11073826998472214,0.0010000000474974513
297,0.9909090995788574,0.11608535051345825,0.0010000000474974513
298,0.9909090995788574,0.114921934902668,0.0010000000474974513
299,0.9909090995788574,0.13301566243171692,0.0010000000474974513
300,0.9863636493682861,0.14908261597156525,0.0010000000474974513
301,0.9772727489471436,0.14453379809856415,0.0010000000474974513
302,0.9636363387107849,0.1710168868303299,0.0010000000474974513
303,0.9863636493682861,0.16341283917427063,0.0010000000474974513
304,0.9909090995788574,0.15524907410144806,0.0010000000474974513
305,0.9681817889213562,0.1702021211385727,0.0010000000474974513
306,0.9681817889213562,0.1781410425901413,0.0010000000474974513
307,0.9909090995788574,0.1432868093252182,0.0010000000474974513
308,0.9454545378684998,0.20524728298187256,0.0010000000474974513
309,0.9636363387107849,0.2267446368932724,0.0010000000474974513
310,0.9272727370262146,0.3075036406517029,0.0010000000474974513
311,0.9363636374473572,0.22939594089984894,0.0010000000474974513
312,0.9681817889213562,0.2161606252193451,0.0010000000474974513
313,0.9954545497894287,0.1527920514345169,0.0010000000474974513
314,0.9863636493682861,0.14360153675079346,0.0010000000474974513
315,0.9909090995788574,0.14186671376228333,0.0010000000474974513
316,0.9863636493682861,0.1058478131890297,0.0010000000474974513
317,0.9863636493682861,0.13076777756214142,0.0010000000474974513
318,0.9818181991577148,0.12608547508716583,0.0010000000474974513
319,1.0,0.13128305971622467,0.0010000000474974513
320,0.9954545497894287,0.0872824415564537,0.0010000000474974513
321,0.9909090995788574,0.09207969903945923,0.0010000000474974513
322,1.0,0.08354398608207703,0.0010000000474974513
323,1.0,0.09351518750190735,0.0010000000474974513
324,0.9909090995788574,0.09367724508047104,0.0010000000474974513
325,0.9863636493682861,0.10379992425441742,0.0010000000474974513
326,0.9863636493682861,0.12480895221233368,0.0010000000474974513
327,0.9818181991577148,0.14378982782363892,0.0010000000474974513
328,0.9818181991577148,0.13852417469024658,0.0010000000474974513
329,0.9863636493682861,0.12848226726055145,0.0010000000474974513
330,0.9909090995788574,0.11359192430973053,0.0010000000474974513
331,0.9727272987365723,0.13913480937480927,0.0010000000474974513
332,0.9590908885002136,0.1476946324110031,0.0010000000474974513
333,0.9863636493682861,0.11427798122167587,0.0010000000474974513
334,0.9818181991577148,0.12069530785083771,0.0010000000474974513
335,0.9863636493682861,0.11628197878599167,0.0010000000474974513
336,0.9818181991577148,0.1316898763179779,0.0010000000474974513
337,0.9863636493682861,0.10714347660541534,0.0010000000474974513
338,0.9727272987365723,0.12437339127063751,0.0010000000474974513
339,0.9863636493682861,0.09753762185573578,0.0010000000474974513
340,0.9909090995788574,0.13533955812454224,0.0010000000474974513
341,0.9863636493682861,0.12072199583053589,0.0010000000474974513
342,0.9772727489471436,0.18280847370624542,0.0010000000474974513
343,0.9681817889213562,0.15675026178359985,0.0010000000474974513
344,0.9863636493682861,0.12523798644542694,0.0010000000474974513
345,1.0,0.10543981194496155,0.0010000000474974513
346,0.9636363387107849,0.1957167685031891,0.0010000000474974513
347,0.9909090995788574,0.1594836562871933,0.0010000000474974513
348,0.9818181991577148,0.12046945095062256,0.0010000000474974513
349,0.9681817889213562,0.1752077043056488,0.0010000000474974513
350,0.9681817889213562,0.17541100084781647,0.0010000000474974513
351,0.9045454263687134,0.32658112049102783,0.0010000000474974513
352,0.9681817889213562,0.2458232343196869,0.0010000000474974513
353,0.9681817889213562,0.19608090817928314,0.0010000000474974513
354,0.9545454382896423,0.24182705581188202,0.0010000000474974513
355,0.9727272987365723,0.19126524031162262,0.0010000000474974513
356,0.9727272987365723,0.15771549940109253,0.0010000000474974513
357,0.9727272987365723,0.1571345031261444,0.0010000000474974513
358,0.9636363387107849,0.15328091382980347,0.0010000000474974513
359,0.9818181991577148,0.11411608755588531,0.0010000000474974513
360,0.9954545497894287,0.11086547374725342,0.0010000000474974513
361,1.0,0.07845936715602875,0.0010000000474974513
362,0.9954545497894287,0.08497806638479233,0.0010000000474974513
363,1.0,0.06862091273069382,0.0010000000474974513
364,1.0,0.059076838195323944,0.0010000000474974513
365,1.0,0.05254746600985527,0.0010000000474974513
366,1.0,0.05331333726644516,0.0010000000474974513
367,1.0,0.05228429660201073,0.0010000000474974513
368,1.0,0.04229458048939705,0.0010000000474974513
369,1.0,0.037285834550857544,0.0010000000474974513
370,1.0,0.04923581704497337,0.0010000000474974513
371,0.9954545497894287,0.0543111152946949,0.0010000000474974513
372,1.0,0.06216759979724884,0.0010000000474974513
373,0.9954545497894287,0.06708552688360214,0.0010000000474974513
374,0.9818181991577148,0.09932813048362732,0.0010000000474974513
375,0.9909090995788574,0.10078644007444382,0.0010000000474974513
376,0.9909090995788574,0.0881645455956459,0.0010000000474974513
377,1.0,0.07050823420286179,0.0010000000474974513
378,0.9954545497894287,0.06942299753427505,0.0010000000474974513
379,0.9909090995788574,0.07467963546514511,0.0010000000474974513
380,0.9818181991577148,0.1312199831008911,0.0010000000474974513
381,0.9772727489471436,0.13553836941719055,0.0010000000474974513
382,0.9863636493682861,0.09934070706367493,0.0010000000474974513
383,0.9818181991577148,0.0981818437576294,0.0010000000474974513
384,1.0,0.07323593646287918,0.0010000000474974513
385,0.9818181991577148,0.13073180615901947,0.0010000000474974513
386,0.9772727489471436,0.14187921583652496,0.0010000000474974513
387,0.9863636493682861,0.09175341576337814,0.0010000000474974513
388,0.9863636493682861,0.09911419451236725,0.0010000000474974513
389,0.9772727489471436,0.09732242673635483,0.0010000000474974513
390,0.9818181991577148,0.09540453553199768,0.0010000000474974513
391,0.9909090995788574,0.10428289324045181,0.0010000000474974513
392,0.9954545497894287,0.08534125238656998,0.0010000000474974513
393,1.0,0.05538598820567131,0.0010000000474974513
394,1.0,0.04095485433936119,0.0010000000474974513
395,1.0,0.03569110855460167,0.0010000000474974513
396,1.0,0.035606857389211655,0.0010000000474974513
397,0.9954545497894287,0.047403864562511444,0.0010000000474974513
398,0.9818181991577148,0.10498131811618805,0.0010000000474974513
399,0.9727272987365723,0.12638483941555023,0.0010000000474974513
400,0.9636363387107849,0.1462361365556717,0.0010000000474974513
401,0.9454545378684998,0.16742271184921265,0.0010000000474974513
402,0.9772727489471436,0.14769680798053741,0.0010000000474974513
403,0.9818181991577148,0.11113426834344864,0.0010000000474974513
404,0.9818181991577148,0.12165506184101105,0.0010000000474974513
405,0.9909090995788574,0.09923814237117767,0.0010000000474974513
406,0.9954545497894287,0.07967456430196762,0.0010000000474974513
407,1.0,0.06648748368024826,0.0010000000474974513
408,0.9909090995788574,0.062069121748209,0.0010000000474974513
409,1.0,0.03742546588182449,0.0010000000474974513
410,1.0,0.03726542741060257,0.0010000000474974513
411,1.0,0.041948143392801285,0.0010000000474974513
412,1.0,0.03785660117864609,0.0010000000474974513
413,0.9954545497894287,0.039030253887176514,0.0010000000474974513
414,0.9863636493682861,0.08078993111848831,0.0010000000474974513
415,0.9818181991577148,0.10598433762788773,0.0010000000474974513
416,0.9545454382896423,0.18311288952827454,0.0010000000474974513
417,0.949999988079071,0.19763794541358948,0.0010000000474974513
418,0.9727272987365723,0.1735246330499649,0.0010000000474974513
419,0.9818181991577148,0.11596605181694031,0.0010000000474974513
420,0.9772727489471436,0.12193596363067627,0.0010000000474974513
421,0.9772727489471436,0.12527239322662354,0.0010000000474974513
422,0.9863636493682861,0.11330429464578629,0.0010000000474974513
423,1.0,0.06254041939973831,0.0010000000474974513
424,1.0,0.04690902307629585,0.0010000000474974513
425,1.0,0.05061851069331169,0.0010000000474974513
426,1.0,0.04974375292658806,0.0010000000474974513
427,1.0,0.04107440263032913,0.0010000000474974513
428,0.9954545497894287,0.05242260545492172,0.0010000000474974513
429,0.9954545497894287,0.05162286385893822,0.0010000000474974513
430,0.9954545497894287,0.058084625750780106,0.0010000000474974513
431,0.9909090995788574,0.05086066946387291,0.0010000000474974513
432,0.9909090995788574,0.06402198225259781,0.0010000000474974513
433,0.9909090995788574,0.0593830943107605,0.0010000000474974513
434,0.9954545497894287,0.051240283995866776,0.0010000000474974513
435,0.9909090995788574,0.05348987877368927,0.0010000000474974513
436,1.0,0.03500077500939369,0.0010000000474974513
437,1.0,0.043201033025979996,0.0010000000474974513
438,1.0,0.034502483904361725,0.0010000000474974513
439,1.0,0.02767605520784855,0.0010000000474974513
440,1.0,0.026648489758372307,0.0010000000474974513
441,1.0,0.01917145773768425,0.0010000000474974513
442,1.0,0.019555095583200455,0.0010000000474974513
443,1.0,0.032101407647132874,0.0010000000474974513
444,0.9909090995788574,0.03871836140751839,0.0010000000474974513
445,0.9818181991577148,0.13156722486019135,0.0010000000474974513
446,0.9681817889213562,0.18155594170093536,0.0010000000474974513
447,0.9409090876579285,0.1782057285308838,0.0010000000474974513
448,0.9454545378684998,0.21451810002326965,0.0010000000474974513
449,0.9636363387107849,0.17304636538028717,0.0010000000474974513
450,0.9772727489471436,0.17626404762268066,0.0010000000474974513
451,0.9590908885002136,0.13522760570049286,0.0010000000474974513
452,0.9681817889213562,0.1774873584508896,0.0010000000474974513
453,0.9818181991577148,0.11130036413669586,0.0010000000474974513
454,0.9772727489471436,0.10493926703929901,0.0010000000474974513
455,0.9909090995788574,0.11484665423631668,0.0010000000474974513
456,1.0,0.07272719591856003,0.0010000000474974513
457,0.9954545497894287,0.050963208079338074,0.0010000000474974513
458,1.0,0.04084213823080063,0.0010000000474974513
459,1.0,0.02878587692975998,0.0010000000474974513
460,1.0,0.01790703274309635,0.0010000000474974513
461,1.0,0.021657096222043037,0.0010000000474974513
462,1.0,0.019277501851320267,0.0010000000474974513
463,1.0,0.022738279774785042,0.0010000000474974513
464,1.0,0.024603048339486122,0.0010000000474974513
465,1.0,0.023295709863305092,0.0010000000474974513
466,1.0,0.019381128251552582,0.0010000000474974513
467,1.0,0.017381349578499794,0.0010000000474974513
468,1.0,0.015647342428565025,0.0010000000474974513
469,1.0,0.01290259137749672,0.0010000000474974513
470,1.0,0.013591909781098366,0.0010000000474974513
471,1.0,0.02146628126502037,0.0010000000474974513
472,1.0,0.01708994433283806,0.0010000000474974513
473,1.0,0.012242048047482967,0.0010000000474974513
474,1.0,0.015518332831561565,0.0010000000474974513
475,1.0,0.02140379510819912,0.0010000000474974513
476,1.0,0.01499127596616745,0.0010000000474974513
477,0.9954545497894287,0.030414685606956482,0.0010000000474974513
478,0.9909090995788574,0.04817117005586624,0.0010000000474974513
479,0.9818181991577148,0.08891640603542328,0.0010000000474974513
480,0.9909090995788574,0.11772707849740982,0.0010000000474974513
481,0.9909090995788574,0.08943798393011093,0.0010000000474974513
482,0.9636363387107849,0.13301575183868408,0.0010000000474974513
483,0.9681817889213562,0.13094894587993622,0.0010000000474974513
484,0.9727272987365723,0.10722245275974274,0.0010000000474974513
485,0.9681817889213562,0.12646029889583588,0.0010000000474974513
486,0.9818181991577148,0.11087244004011154,0.0010000000474974513
487,0.9954545497894287,0.08792869746685028,0.0010000000474974513
488,0.9954545497894287,0.06570762395858765,0.0010000000474974513
489,0.9909090995788574,0.08030296862125397,0.0010000000474974513
490,0.9909090995788574,0.050017960369586945,0.0010000000474974513
491,1.0,0.050564851611852646,0.0010000000474974513
492,0.9954545497894287,0.049613241106271744,0.0010000000474974513
493,1.0,0.03561720252037048,0.0010000000474974513
494,1.0,0.02811511419713497,0.0010000000474974513
495,1.0,0.023311732336878777,0.0010000000474974513
496,1.0,0.028314370661973953,0.0010000000474974513
497,0.9909090995788574,0.04228883609175682,0.0010000000474974513
498,1.0,0.0261931661516428,0.0010000000474974513
499,1.0,0.022523852065205574,0.0010000000474974513
500,1.0,0.01990395225584507,0.0010000000474974513
501,1.0,0.014839799143373966,0.0010000000474974513
502,1.0,0.017492709681391716,0.0010000000474974513
503,1.0,0.019792217761278152,0.0010000000474974513
504,1.0,0.020359262824058533,0.0010000000474974513
505,1.0,0.02011430822312832,0.0010000000474974513
506,1.0,0.017492689192295074,0.0010000000474974513
507,1.0,0.01297139935195446,0.0010000000474974513
508,1.0,0.015007739886641502,0.0010000000474974513
509,1.0,0.013303417712450027,0.0010000000474974513
510,1.0,0.01214366964995861,0.0010000000474974513
511,1.0,0.010655942372977734,0.0010000000474974513
512,1.0,0.011979133822023869,0.0010000000474974513
513,1.0,0.013404938392341137,0.0010000000474974513
514,1.0,0.015997597947716713,0.0010000000474974513
515,1.0,0.009765546768903732,0.0010000000474974513
516,1.0,0.012015444226562977,0.0010000000474974513
517,1.0,0.01503609400242567,0.0010000000474974513
518,1.0,0.01924862153828144,0.0010000000474974513
519,0.9818181991577148,0.07516290992498398,0.0010000000474974513
520,0.9863636493682861,0.07017368078231812,0.0010000000474974513
521,0.9863636493682861,0.07027274370193481,0.0010000000474974513
522,0.9636363387107849,0.14953245222568512,0.0010000000474974513
523,0.9681817889213562,0.16213276982307434,0.0010000000474974513
524,0.949999988079071,0.1812736541032791,0.0010000000474974513
525,0.9318181872367859,0.237007275223732,0.0010000000474974513
526,0.9545454382896423,0.18488864600658417,0.0010000000474974513
527,0.9363636374473572,0.23657354712486267,0.0010000000474974513
528,0.9318181872367859,0.26396575570106506,0.0010000000474974513
529,0.9454545378684998,0.184613898396492,0.0010000000474974513
530,0.9727272987365723,0.12922994792461395,0.0010000000474974513
531,0.9772727489471436,0.12817439436912537,0.0010000000474974513
532,0.9681817889213562,0.14742083847522736,0.0010000000474974513
533,0.9818181991577148,0.1065455749630928,0.0010000000474974513
534,0.9909090995788574,0.06870699673891068,0.0010000000474974513
535,1.0,0.051009051501750946,0.0010000000474974513
536,0.9954545497894287,0.06318643689155579,0.0010000000474974513
537,0.9909090995788574,0.04557367414236069,0.0010000000474974513
538,1.0,0.04502280056476593,0.0010000000474974513
539,1.0,0.045056141912937164,0.0010000000474974513
540,0.9954545497894287,0.030024781823158264,0.0010000000474974513
541,1.0,0.026507416740059853,0.0010000000474974513
542,1.0,0.017543664202094078,0.0010000000474974513
543,1.0,0.011944599449634552,0.0010000000474974513
544,1.0,0.012832913547754288,0.0010000000474974513
545,1.0,0.013903114013373852,0.0010000000474974513
546,1.0,0.014006957411766052,0.0010000000474974513
547,1.0,0.013083833269774914,0.0010000000474974513
548,1.0,0.014317710883915424,0.0010000000474974513
549,1.0,0.012250889092683792,0.0010000000474974513
550,1.0,0.012596063315868378,0.0010000000474974513
551,1.0,0.013826536014676094,0.0010000000474974513
552,1.0,0.00961587019264698,0.0010000000474974513
553,1.0,0.007718103006482124,0.0010000000474974513
554,1.0,0.009145824238657951,0.0010000000474974513
555,1.0,0.009728114120662212,0.0010000000474974513
556,1.0,0.011251653544604778,0.0010000000474974513
557,1.0,0.007553830277174711,0.0010000000474974513
558,1.0,0.009608415886759758,0.0010000000474974513
559,1.0,0.00749589316546917,0.0010000000474974513
560,1.0,0.01477249525487423,0.0010000000474974513
561,0.9954545497894287,0.015402497723698616,0.0010000000474974513
562,0.9863636493682861,0.08202816545963287,0.0010000000474974513
563,0.9727272987365723,0.1029106080532074,0.0010000000474974513
564,0.8909090757369995,0.30685698986053467,0.0010000000474974513
565,0.8772727251052856,0.4172912538051605,0.0010000000474974513
566,0.8590909242630005,0.4341805875301361,0.0010000000474974513
567,0.8954545259475708,0.28093448281288147,0.0010000000474974513
568,0.9409090876579285,0.19365772604942322,0.0010000000474974513
569,0.9590908885002136,0.15648630261421204,0.0010000000474974513
570,0.9818181991577148,0.14568793773651123,0.0010000000474974513
571,0.9636363387107849,0.13253703713417053,0.0010000000474974513
572,0.9818181991577148,0.13158774375915527,0.0010000000474974513
573,0.9636363387107849,0.14210422337055206,0.0010000000474974513
574,0.9681817889213562,0.10650145262479782,0.0010000000474974513
575,0.9909090995788574,0.07209906727075577,0.0010000000474974513
576,0.9954545497894287,0.050074268132448196,0.0010000000474974513
577,0.9818181991577148,0.06119404733181,0.0010000000474974513
578,1.0,0.06452818959951401,0.0010000000474974513
579,0.9863636493682861,0.0456133708357811,0.0010000000474974513
580,1.0,0.048663366585969925,0.0010000000474974513
581,1.0,0.028007185086607933,0.0010000000474974513
582,1.0,0.01627039723098278,0.0010000000474974513
583,1.0,0.017788046970963478,0.0010000000474974513
584,0.9954545497894287,0.026346415281295776,0.0010000000474974513
585,0.9954545497894287,0.024904360994696617,0.0010000000474974513
586,1.0,0.02057787962257862,0.0010000000474974513
587,1.0,0.022999189794063568,0.0010000000474974513
588,1.0,0.01546499039977789,0.0010000000474974513
589,1.0,0.019833775237202644,0.0010000000474974513
590,1.0,0.012501215562224388,0.0010000000474974513
591,1.0,0.012803315185010433,0.0010000000474974513
592,1.0,0.010425124317407608,0.0010000000474974513
593,1.0,0.011125394143164158,0.0010000000474974513
594,1.0,0.009430794045329094,0.0010000000474974513
595,1.0,0.008989488705992699,0.0010000000474974513
596,1.0,0.00817584153264761,0.0010000000474974513
597,1.0,0.00831233523786068,0.0010000000474974513
598,1.0,0.01219167560338974,0.0010000000474974513
599,1.0,0.011332249268889427,0.0010000000474974513
600,1.0,0.009752800688147545,0.0010000000474974513
601,1.0,0.008761225268244743,0.0010000000474974513
602,1.0,0.008272027596831322,0.0010000000474974513
603,1.0,0.006799593102186918,0.0010000000474974513
604,1.0,0.00840824656188488,0.0010000000474974513
605,1.0,0.005992429330945015,0.0010000000474974513
606,1.0,0.009243925102055073,0.0010000000474974513
607,1.0,0.009891209192574024,0.0010000000474974513
608,1.0,0.009178186766803265,0.0010000000474974513
609,1.0,0.010712498798966408,0.0010000000474974513
610,1.0,0.009369133040308952,0.0010000000474974513
611,1.0,0.007802537176758051,0.0010000000474974513
612,1.0,0.008745674975216389,0.0010000000474974513
613,1.0,0.013609516434371471,0.0010000000474974513
614,1.0,0.014765218831598759,0.0010000000474974513
615,1.0,0.013905229978263378,0.0010000000474974513
616,0.9954545497894287,0.021870946511626244,0.0010000000474974513
617,0.9954545497894287,0.019613556563854218,0.0010000000474974513
618,0.9954545497894287,0.022790489718317986,0.0010000000474974513
619,0.9863636493682861,0.08063147962093353,0.0010000000474974513
620,0.9772727489471436,0.0732915997505188,0.0010000000474974513
621,0.9818181991577148,0.0735417902469635,0.0010000000474974513
622,0.9863636493682861,0.09137419611215591,0.0010000000474974513
623,0.9772727489471436,0.11173345148563385,0.0010000000474974513
624,0.9545454382896423,0.15352363884449005,0.0010000000474974513
625,0.9818181991577148,0.10992662608623505,0.0010000000474974513
626,0.9727272987365723,0.11216787993907928,0.0010000000474974513
627,0.9954545497894287,0.07814463973045349,0.0010000000474974513
628,0.9227272868156433,0.18583889305591583,0.0010000000474974513
629,0.918181836605072,0.23929429054260254,0.0010000000474974513
630,0.9363636374473572,0.2184009850025177,0.0010000000474974513
631,0.9454545378684998,0.23587985336780548,0.0010000000474974513
632,0.9454545378684998,0.20969592034816742,0.0010000000474974513
633,0.9454545378684998,0.1983727514743805,0.0010000000474974513
634,0.9272727370262146,0.2018025517463684,0.0010000000474974513
635,0.9363636374473572,0.20890557765960693,0.0010000000474974513
636,0.9545454382896423,0.18127061426639557,0.0010000000474974513
637,0.9636363387107849,0.15938176214694977,0.0010000000474974513
638,0.9818181991577148,0.10336326062679291,0.0010000000474974513
639,0.9590908885002136,0.11911674588918686,0.0010000000474974513
640,0.9863636493682861,0.07580740749835968,0.0010000000474974513
641,0.9954545497894287,0.046727254986763,0.0010000000474974513
642,1.0,0.026987046003341675,0.0010000000474974513
643,1.0,0.03758460655808449,0.0010000000474974513
644,1.0,0.03573573753237724,0.0010000000474974513
645,1.0,0.021955963224172592,0.0010000000474974513
646,1.0,0.021816054359078407,0.0010000000474974513
647,1.0,0.025532934814691544,0.0010000000474974513
648,1.0,0.010785999707877636,0.0010000000474974513
649,1.0,0.011130417697131634,0.0010000000474974513
650,1.0,0.011288461275398731,0.0010000000474974513
651,1.0,0.010899274609982967,0.0010000000474974513
652,1.0,0.012087314389646053,0.0010000000474974513
653,1.0,0.011029223911464214,0.0010000000474974513
654,1.0,0.008664189837872982,0.0010000000474974513
655,1.0,0.009645695798099041,0.0010000000474974513
656,1.0,0.012002225033938885,0.0005000000237487257
657,1.0,0.010457012802362442,0.0005000000237487257
658,1.0,0.018324313685297966,0.0005000000237487257
659,1.0,0.010203439742326736,0.0005000000237487257
660,1.0,0.010413873940706253,0.0005000000237487257
661,1.0,0.006853435654193163,0.0005000000237487257
662,1.0,0.00737353740260005,0.0005000000237487257
663,1.0,0.007828216068446636,0.0005000000237487257
664,1.0,0.007008884102106094,0.0005000000237487257
665,1.0,0.005687347147613764,0.0005000000237487257
666,1.0,0.008400858379900455,0.0005000000237487257
667,1.0,0.008323347195982933,0.0005000000237487257
668,1.0,0.0061250003054738045,0.0005000000237487257
669,1.0,0.006054635159671307,0.0005000000237487257
670,1.0,0.005721336230635643,0.0005000000237487257
671,1.0,0.00573956361040473,0.0005000000237487257
672,1.0,0.008073495700955391,0.0005000000237487257
673,1.0,0.006448426749557257,0.0005000000237487257
674,1.0,0.00884055532515049,0.0005000000237487257
675,1.0,0.008695200085639954,0.0005000000237487257
676,1.0,0.00535768223926425,0.0005000000237487257
677,1.0,0.0059667848981916904,0.0005000000237487257
678,1.0,0.0076276217587292194,0.0005000000237487257
679,1.0,0.006173581816256046,0.0005000000237487257
680,1.0,0.008953089825809002,0.0005000000237487257
681,1.0,0.006128997541964054,0.0005000000237487257
682,1.0,0.007722869049757719,0.0005000000237487257
683,1.0,0.0065176822245121,0.0005000000237487257
684,1.0,0.006836042273789644,0.0005000000237487257
685,1.0,0.0075235432013869286,0.0005000000237487257
686,1.0,0.005853370763361454,0.0005000000237487257
687,1.0,0.006203872617334127,0.0005000000237487257
688,1.0,0.006303131580352783,0.0005000000237487257
689,1.0,0.00594361312687397,0.0005000000237487257
690,1.0,0.005820947699248791,0.0005000000237487257
691,1.0,0.006472278852015734,0.0005000000237487257
692,1.0,0.00399115402251482,0.0005000000237487257
693,1.0,0.012518760748207569,0.0005000000237487257
694,1.0,0.010384325869381428,0.0005000000237487257
695,1.0,0.0061145867221057415,0.0005000000237487257
696,1.0,0.004848148673772812,0.0005000000237487257
697,1.0,0.008037150837481022,0.0005000000237487257
698,1.0,0.00428830785676837,0.0005000000237487257
699,1.0,0.005926634185016155,0.0005000000237487257
700,1.0,0.007091430481523275,0.0005000000237487257
701,1.0,0.004121698904782534,0.0005000000237487257
702,1.0,0.004901781212538481,0.0005000000237487257
703,1.0,0.008337365463376045,0.0005000000237487257
704,1.0,0.005193727556616068,0.0005000000237487257
705,1.0,0.0052213058806955814,0.0005000000237487257
706,1.0,0.007515076082199812,0.0005000000237487257
707,1.0,0.006384635344147682,0.0005000000237487257
708,1.0,0.00499768927693367,0.0005000000237487257
709,1.0,0.004944527056068182,0.0005000000237487257
710,1.0,0.00539175933226943,0.0005000000237487257
711,1.0,0.0047581009566783905,0.0005000000237487257
712,1.0,0.006066970061510801,0.0005000000237487257
713,1.0,0.004197030793875456,0.0005000000237487257
714,1.0,0.006830131635069847,0.0005000000237487257
715,1.0,0.004724797327071428,0.0005000000237487257
716,1.0,0.006924220826476812,0.0005000000237487257
717,1.0,0.00515519455075264,0.0005000000237487257
718,1.0,0.005673754960298538,0.0005000000237487257
719,1.0,0.005762320011854172,0.0005000000237487257
720,1.0,0.005779871251434088,0.0005000000237487257
721,1.0,0.004594591911882162,0.0005000000237487257
722,1.0,0.004132030997425318,0.0005000000237487257
723,1.0,0.004361239727586508,0.0005000000237487257
724,1.0,0.00483505567535758,0.0005000000237487257
725,1.0,0.004396787378937006,0.0005000000237487257
726,1.0,0.004451527260243893,0.0005000000237487257
727,1.0,0.00560213765129447,0.0005000000237487257
728,1.0,0.006255189888179302,0.0005000000237487257
729,1.0,0.004073277581483126,0.0005000000237487257
730,1.0,0.005829463712871075,0.0005000000237487257
731,1.0,0.004772576503455639,0.0005000000237487257
732,1.0,0.004010879900306463,0.0005000000237487257
733,1.0,0.005632756743580103,0.0005000000237487257
734,1.0,0.0034949553664773703,0.0005000000237487257
735,1.0,0.004096797201782465,0.0005000000237487257
736,1.0,0.004414105322211981,0.0005000000237487257
737,1.0,0.00438525527715683,0.0005000000237487257
738,1.0,0.00508893933147192,0.0005000000237487257
739,1.0,0.004556912928819656,0.0005000000237487257
740,1.0,0.003646770492196083,0.0005000000237487257
741,1.0,0.004905020818114281,0.0005000000237487257
742,1.0,0.0045174830593168736,0.0005000000237487257
743,1.0,0.004013954661786556,0.0005000000237487257
744,1.0,0.004611962009221315,0.0005000000237487257
745,1.0,0.003923744894564152,0.0005000000237487257
746,1.0,0.003216164419427514,0.0005000000237487257
747,1.0,0.0041914391331374645,0.0005000000237487257
748,1.0,0.0035791427362710238,0.0005000000237487257
749,1.0,0.004942045081406832,0.0005000000237487257
750,1.0,0.004459323827177286,0.0005000000237487257
751,1.0,0.006879579275846481,0.0005000000237487257
752,1.0,0.005384025629609823,0.0005000000237487257
753,1.0,0.0034889064263552427,0.0005000000237487257
754,1.0,0.003942341078072786,0.0005000000237487257
755,1.0,0.0037715621292591095,0.0005000000237487257
756,1.0,0.005005060229450464,0.0005000000237487257
757,1.0,0.005003552418202162,0.0005000000237487257
758,1.0,0.004989400040358305,0.0005000000237487257
759,1.0,0.005087708123028278,0.0005000000237487257
760,1.0,0.0035129806492477655,0.0005000000237487257
761,1.0,0.0036699329502880573,0.0005000000237487257
762,1.0,0.0038601825945079327,0.0005000000237487257
763,1.0,0.0029417674522846937,0.0005000000237487257
764,1.0,0.004733226727694273,0.0005000000237487257
765,1.0,0.0038661661092191935,0.0005000000237487257
766,1.0,0.003464737441390753,0.0005000000237487257
767,1.0,0.002689892891794443,0.0005000000237487257
768,1.0,0.00301610236056149,0.0005000000237487257
769,1.0,0.005870882421731949,0.0005000000237487257
770,1.0,0.005183452274650335,0.0005000000237487257
771,1.0,0.004348647780716419,0.0005000000237487257
772,1.0,0.004965757951140404,0.0005000000237487257
773,1.0,0.005025594029575586,0.0005000000237487257
774,1.0,0.004466022830456495,0.0005000000237487257
775,1.0,0.0034605793189257383,0.0005000000237487257
776,1.0,0.005061601288616657,0.0005000000237487257
777,1.0,0.0032304758206009865,0.0005000000237487257
778,1.0,0.0052493782714009285,0.0005000000237487257
779,1.0,0.004834666382521391,0.0005000000237487257
780,1.0,0.004131101071834564,0.0005000000237487257
781,1.0,0.00793458241969347,0.0005000000237487257
782,1.0,0.005386484786868095,0.0005000000237487257
783,1.0,0.007783615030348301,0.0005000000237487257
784,1.0,0.004155529197305441,0.0005000000237487257
785,1.0,0.007148560602217913,0.0005000000237487257
786,1.0,0.0040714433416724205,0.0005000000237487257
787,1.0,0.00452672503888607,0.0005000000237487257
788,1.0,0.0034453007392585278,0.0005000000237487257
789,1.0,0.0031586491968482733,0.0005000000237487257
790,1.0,0.0038597562815994024,0.0005000000237487257
791,1.0,0.002970099449157715,0.0005000000237487257
792,1.0,0.0040853931568562984,0.0005000000237487257
793,1.0,0.002794600324705243,0.0005000000237487257
794,1.0,0.003155564423650503,0.0005000000237487257
795,1.0,0.0027460618875920773,0.0005000000237487257
796,1.0,0.004846571478992701,0.0005000000237487257
797,1.0,0.003785444190725684,0.0005000000237487257
798,1.0,0.00329461763612926,0.0005000000237487257
799,1.0,0.00293430732563138,0.0005000000237487257
800,1.0,0.005449255928397179,0.0005000000237487257
801,1.0,0.002905098721385002,0.0005000000237487257
802,1.0,0.0025405168998986483,0.0005000000237487257
803,1.0,0.0028775588143616915,0.0005000000237487257
804,1.0,0.0029562576673924923,0.0005000000237487257
805,1.0,0.00464057270437479,0.0005000000237487257
806,1.0,0.004347444977611303,0.0005000000237487257
807,1.0,0.003222357714548707,0.0005000000237487257
808,1.0,0.004341299645602703,0.0005000000237487257
809,1.0,0.0035589446779340506,0.0005000000237487257
810,1.0,0.004107048735022545,0.0005000000237487257
811,1.0,0.004098799079656601,0.0005000000237487257
812,1.0,0.004280707333236933,0.0005000000237487257
813,1.0,0.00466564018279314,0.0005000000237487257
814,1.0,0.002927664667367935,0.0005000000237487257
815,1.0,0.0029596781823784113,0.0005000000237487257
816,1.0,0.0024757287465035915,0.0005000000237487257
817,1.0,0.0034993982408195734,0.0005000000237487257
818,1.0,0.0031066257506608963,0.0005000000237487257
819,1.0,0.002293048659339547,0.0005000000237487257
820,1.0,0.004687921609729528,0.0005000000237487257
821,1.0,0.0031011789105832577,0.0005000000237487257
822,1.0,0.002470092149451375,0.0005000000237487257
823,1.0,0.003610043553635478,0.0005000000237487257
824,1.0,0.002533098217099905,0.0005000000237487257
825,1.0,0.002341510960832238,0.0005000000237487257
826,1.0,0.003267117077484727,0.0005000000237487257
827,1.0,0.0029178960248827934,0.0005000000237487257
828,1.0,0.0022601347882300615,0.0005000000237487257
829,1.0,0.0028084644582122564,0.0005000000237487257
830,1.0,0.003302010940387845,0.0005000000237487257
831,1.0,0.0030996135901659727,0.0005000000237487257
832,1.0,0.0029675334226340055,0.0005000000237487257
833,1.0,0.0028385960031300783,0.0005000000237487257
834,1.0,0.0024600597098469734,0.0005000000237487257
835,1.0,0.0040771448984742165,0.0005000000237487257
836,1.0,0.002771690022200346,0.0005000000237487257
837,1.0,0.0024855732917785645,0.0005000000237487257
838,1.0,0.004597952123731375,0.0005000000237487257
839,1.0,0.005161776673048735,0.0005000000237487257
840,1.0,0.006247032433748245,0.0005000000237487257
841,1.0,0.005087440833449364,0.0005000000237487257
842,1.0,0.0029543836135417223,0.0005000000237487257
843,1.0,0.0032639026176184416,0.0005000000237487257
844,1.0,0.004650979768484831,0.0005000000237487257
845,1.0,0.003519682679325342,0.0005000000237487257
846,1.0,0.0031207683496177197,0.0005000000237487257
847,1.0,0.002781301736831665,0.0005000000237487257
848,1.0,0.003059075679630041,0.0005000000237487257
849,1.0,0.0029833402950316668,0.0005000000237487257
850,1.0,0.0035446633119136095,0.0005000000237487257
851,1.0,0.0030977383721619844,0.0005000000237487257
852,1.0,0.004002718720585108,0.0005000000237487257
853,1.0,0.0031167862471193075,0.0005000000237487257
854,1.0,0.0027136607095599174,0.0005000000237487257
855,1.0,0.0030934393871575594,0.0005000000237487257
856,1.0,0.002041539875790477,0.0005000000237487257
857,1.0,0.0027775324415415525,0.0005000000237487257
858,1.0,0.0025657122023403645,0.0005000000237487257
859,1.0,0.0022837771102786064,0.0005000000237487257
860,1.0,0.0026825598906725645,0.0005000000237487257
861,1.0,0.002366458298638463,0.0005000000237487257
862,1.0,0.0022315362002700567,0.0005000000237487257
863,1.0,0.0023815694730728865,0.0005000000237487257
864,1.0,0.0020250186789780855,0.0005000000237487257
865,1.0,0.0025760571006685495,0.0005000000237487257
866,1.0,0.002588922856375575,0.0005000000237487257
867,1.0,0.004286535549908876,0.0005000000237487257
868,0.9363636374473572,0.23596160113811493,0.0005000000237487257
869,0.8454545736312866,0.6590631008148193,0.0005000000237487257
870,0.8045454621315002,0.43885213136672974,0.0005000000237487257
871,0.9227272868156433,0.2912866473197937,0.0005000000237487257
872,0.9818181991577148,0.11936789751052856,0.0005000000237487257
873,0.9863636493682861,0.08132435381412506,0.0005000000237487257
874,0.9954545497894287,0.05136442184448242,0.0005000000237487257
875,0.9909090995788574,0.05113816261291504,0.0005000000237487257
876,1.0,0.02766558714210987,0.0005000000237487257
877,1.0,0.01869206503033638,0.0005000000237487257
878,1.0,0.012795843183994293,0.0005000000237487257
879,1.0,0.013924234546720982,0.0005000000237487257
880,1.0,0.011091336607933044,0.0005000000237487257
881,1.0,0.01432108972221613,0.0005000000237487257
882,1.0,0.012609688565135002,0.0005000000237487257
883,1.0,0.011210008524358273,0.0005000000237487257
884,1.0,0.013024170882999897,0.0005000000237487257
885,1.0,0.009761007502675056,0.0005000000237487257
886,1.0,0.007925105281174183,0.0005000000237487257
887,1.0,0.006781384814530611,0.0005000000237487257
888,1.0,0.012637139298021793,0.0005000000237487257
889,1.0,0.007544844876974821,0.0005000000237487257
890,1.0,0.010036297142505646,0.0005000000237487257
891,1.0,0.008339755237102509,0.0005000000237487257
892,1.0,0.007988540455698967,0.0005000000237487257
893,1.0,0.006513237487524748,0.0005000000237487257
894,1.0,0.005531427450478077,0.0005000000237487257
895,1.0,0.008483415469527245,0.0005000000237487257
896,1.0,0.0067011164501309395,0.0005000000237487257
897,1.0,0.006004239432513714,0.0005000000237487257
898,1.0,0.0055474573746323586,0.0005000000237487257
899,1.0,0.005376413930207491,0.0005000000237487257
900,1.0,0.0049243527464568615,0.0005000000237487257
901,1.0,0.005984694231301546,0.0005000000237487257
902,1.0,0.006883622147142887,0.0005000000237487257
903,1.0,0.006842567585408688,0.0005000000237487257
904,0.9954545497894287,0.014069338329136372,0.0005000000237487257
905,0.9909090995788574,0.03560694679617882,0.0005000000237487257
906,0.9909090995788574,0.04220893234014511,0.0005000000237487257
907,1.0,0.029320521280169487,0.0002500000118743628
908,1.0,0.009281150065362453,0.0002500000118743628
909,1.0,0.013328123837709427,0.0002500000118743628
910,1.0,0.005666515324264765,0.0002500000118743628
911,1.0,0.008318479172885418,0.0002500000118743628
912,1.0,0.008609756827354431,0.0002500000118743628
913,1.0,0.006429676897823811,0.0002500000118743628
914,1.0,0.009031973779201508,0.0002500000118743628
915,1.0,0.005542010068893433,0.0002500000118743628
916,1.0,0.004115581978112459,0.0002500000118743628
917,1.0,0.005757286678999662,0.0002500000118743628
918,1.0,0.00764078926295042,0.0002500000118743628
919,1.0,0.004313362296670675,0.0002500000118743628
920,1.0,0.00394290778785944,0.0002500000118743628
921,1.0,0.0047866893000900745,0.0002500000118743628
922,1.0,0.0062359101139009,0.0002500000118743628
923,1.0,0.004518649075180292,0.0002500000118743628
924,1.0,0.003708666656166315,0.0002500000118743628
925,1.0,0.003654173109680414,0.0002500000118743628
926,1.0,0.004138128366321325,0.0002500000118743628
927,1.0,0.0036298532504588366,0.0002500000118743628
928,1.0,0.005233620293438435,0.0002500000118743628
929,1.0,0.00527607835829258,0.0002500000118743628
930,1.0,0.005135092418640852,0.0002500000118743628
931,1.0,0.003796223783865571,0.0002500000118743628
932,1.0,0.0033215770963579416,0.0002500000118743628
933,1.0,0.004330326337367296,0.0002500000118743628
934,1.0,0.0028041687328368425,0.0002500000118743628
935,1.0,0.0042929332703351974,0.0002500000118743628
936,1.0,0.005551577545702457,0.0002500000118743628
937,1.0,0.003341930452734232,0.0002500000118743628
938,1.0,0.004167621955275536,0.0002500000118743628
939,1.0,0.004839475732296705,0.0002500000118743628
940,1.0,0.0048866975121200085,0.0002500000118743628
941,1.0,0.004319587256759405,0.0002500000118743628
942,1.0,0.005245032720267773,0.0002500000118743628
943,1.0,0.003787699621170759,0.0002500000118743628
944,1.0,0.0038806519005447626,0.0002500000118743628
945,1.0,0.003211500123143196,0.0002500000118743628
946,1.0,0.0033664985094219446,0.0002500000118743628
947,1.0,0.003761149710044265,0.0002500000118743628
948,1.0,0.0026010379660874605,0.0002500000118743628
949,1.0,0.0038080543745309114,0.0002500000118743628
950,1.0,0.0034654401242733,0.0002500000118743628
951,1.0,0.0031347579788416624,0.0002500000118743628
952,1.0,0.0037726995069533587,0.0002500000118743628
953,1.0,0.0040837801061570644,0.0002500000118743628
954,1.0,0.003124259179458022,0.0002500000118743628
955,1.0,0.003516570897772908,0.0002500000118743628
956,1.0,0.0031106884125620127,0.0002500000118743628
957,1.0,0.0026435500476509333,0.0001250000059371814
958,1.0,0.003138005267828703,0.0001250000059371814
959,1.0,0.003635978791862726,0.0001250000059371814
960,1.0,0.0041917599737644196,0.0001250000059371814
961,1.0,0.003221835009753704,0.0001250000059371814
962,1.0,0.0027422981802374125,0.0001250000059371814
963,1.0,0.003132129553705454,0.0001250000059371814
964,1.0,0.0029754529241472483,0.0001250000059371814
965,1.0,0.0027658557519316673,0.0001250000059371814
966,1.0,0.0035457599442452192,0.0001250000059371814
967,1.0,0.002973144641146064,0.0001250000059371814
968,1.0,0.0021184058859944344,0.0001250000059371814
969,1.0,0.002800067886710167,0.0001250000059371814
970,1.0,0.0026896519120782614,0.0001250000059371814
971,1.0,0.004689093213528395,0.0001250000059371814
972,1.0,0.0026312305126339197,0.0001250000059371814
973,1.0,0.0033669942058622837,0.0001250000059371814
974,1.0,0.0029389779083430767,0.0001250000059371814
975,1.0,0.001903037540614605,0.0001250000059371814
976,1.0,0.00399060221388936,0.0001250000059371814
977,1.0,0.0027033293154090643,0.0001250000059371814
978,1.0,0.002265258226543665,0.0001250000059371814
979,1.0,0.0031009074300527573,0.0001250000059371814
980,1.0,0.002461042022332549,0.0001250000059371814
981,1.0,0.0026319031603634357,0.0001250000059371814
982,1.0,0.0054075391963124275,0.0001250000059371814
983,1.0,0.0028559172060340643,0.0001250000059371814
984,1.0,0.002675073454156518,0.0001250000059371814
985,1.0,0.004004979971796274,0.0001250000059371814
986,1.0,0.002804896794259548,0.0001250000059371814
987,1.0,0.003383612958714366,0.0001250000059371814
988,1.0,0.002406295156106353,0.0001250000059371814
989,1.0,0.0026666659396141768,0.0001250000059371814
990,1.0,0.0027124781627207994,0.0001250000059371814
991,1.0,0.003265915671363473,0.0001250000059371814
992,1.0,0.003963864874094725,0.0001250000059371814
993,1.0,0.002865425543859601,0.0001250000059371814
994,1.0,0.004648760426789522,0.0001250000059371814
995,1.0,0.002969852415844798,0.0001250000059371814
996,1.0,0.003061296185478568,0.0001250000059371814
997,1.0,0.002998695010319352,0.0001250000059371814
998,1.0,0.0030786802526563406,0.0001250000059371814
999,1.0,0.002958703087642789,0.0001250000059371814
1000,1.0,0.002721543191000819,0.0001250000059371814
1001,1.0,0.002582134446129203,0.0001250000059371814
1002,1.0,0.002255421131849289,0.0001250000059371814
1003,1.0,0.0025355000980198383,0.0001250000059371814
1004,1.0,0.00281874043866992,0.0001250000059371814
1005,1.0,0.002392765134572983,0.0001250000059371814
1006,1.0,0.002417195588350296,0.0001250000059371814
1007,1.0,0.004090447444468737,0.0001250000059371814
1008,1.0,0.0024869597982615232,0.0001250000059371814
1009,1.0,0.0031042115297168493,0.0001250000059371814
1010,1.0,0.0020089170429855585,0.0001250000059371814
1011,1.0,0.0031922762282192707,0.0001250000059371814
1012,1.0,0.0019813247490674257,0.0001250000059371814
1013,1.0,0.005011469125747681,0.0001250000059371814
1014,1.0,0.0036000090185552835,0.0001250000059371814
1015,1.0,0.0025134372990578413,0.0001250000059371814
1016,1.0,0.003753003664314747,0.0001250000059371814
1017,1.0,0.002822133945301175,0.0001250000059371814
1018,1.0,0.002634770702570677,0.0001250000059371814
1019,1.0,0.003138941014185548,0.0001250000059371814
1020,1.0,0.0023153864312916994,0.0001250000059371814
1021,1.0,0.0017514346400275826,0.0001250000059371814
1022,1.0,0.0019246656447649002,0.0001250000059371814
1023,1.0,0.002979869255796075,0.0001250000059371814
1024,1.0,0.0033277368638664484,0.0001250000059371814
1025,1.0,0.002535931533202529,0.0001250000059371814
1026,1.0,0.003055286593735218,0.0001250000059371814
1027,1.0,0.0066802226938307285,0.0001250000059371814
1028,1.0,0.00244097295217216,0.0001250000059371814
1029,1.0,0.0028183951508253813,0.0001250000059371814
1030,1.0,0.003565890481695533,0.0001250000059371814
1031,1.0,0.00213145581074059,0.0001250000059371814
1032,1.0,0.0025484776124358177,0.0001250000059371814
1033,1.0,0.0025449348613619804,0.0001250000059371814
1034,1.0,0.0020394190214574337,0.0001250000059371814
1035,1.0,0.0020648003555834293,0.0001250000059371814
1036,1.0,0.002469077007845044,0.0001250000059371814
1037,1.0,0.0036828548181802034,0.0001250000059371814
1038,1.0,0.002289872383698821,0.0001250000059371814
1039,1.0,0.0038249115459620953,0.0001250000059371814
1040,1.0,0.00232843030244112,0.0001250000059371814
1041,1.0,0.002494731219485402,0.0001250000059371814
1042,1.0,0.002668489469215274,0.0001250000059371814
1043,1.0,0.0021606646478176117,0.0001250000059371814
1044,1.0,0.0026133409701287746,0.0001250000059371814
1045,1.0,0.0020083002746105194,0.0001250000059371814
1046,1.0,0.0021733685862272978,0.0001250000059371814
1047,1.0,0.0021503916941583157,0.0001250000059371814
1048,1.0,0.0026952032931149006,0.0001250000059371814
1049,1.0,0.002499565714970231,0.0001250000059371814
1050,1.0,0.0023540575057268143,0.0001250000059371814
1051,1.0,0.0018673050217330456,0.0001250000059371814
1052,1.0,0.0024975540582090616,0.0001250000059371814
1053,1.0,0.0036047345492988825,0.0001250000059371814
1054,1.0,0.00263480213470757,0.0001250000059371814
1055,1.0,0.0029558318201452494,0.0001250000059371814
1056,1.0,0.002658661687746644,0.0001250000059371814
1057,1.0,0.002315809950232506,0.0001250000059371814
1058,1.0,0.0035252515226602554,0.0001250000059371814
1059,1.0,0.0021853363141417503,0.0001250000059371814
1060,1.0,0.001839195960201323,0.0001250000059371814
1061,1.0,0.0021180524490773678,0.0001250000059371814
1062,1.0,0.0018467673799023032,0.0001250000059371814
1063,1.0,0.002626904519274831,0.0001250000059371814
1064,1.0,0.002082367893308401,0.0001250000059371814
1065,1.0,0.002074621384963393,0.0001250000059371814
1066,1.0,0.0024578224401921034,0.0001250000059371814
1067,1.0,0.002934996969997883,0.0001250000059371814
1068,1.0,0.003051693784072995,0.0001250000059371814
1069,1.0,0.003737012157216668,0.0001250000059371814
1070,1.0,0.001938753528520465,0.0001250000059371814
1071,1.0,0.0018308309372514486,0.0001250000059371814
1072,1.0,0.0028997811023145914,9.999999747378752e-05
1073,1.0,0.003190315328538418,9.999999747378752e-05
1074,1.0,0.002550384495407343,9.999999747378752e-05
1075,1.0,0.0033280125353485346,9.999999747378752e-05
1076,1.0,0.0027546468190848827,9.999999747378752e-05
1077,1.0,0.003491138108074665,9.999999747378752e-05
1078,1.0,0.0022491030395030975,9.999999747378752e-05
1079,1.0,0.002876040991395712,9.999999747378752e-05
1080,1.0,0.0019191395258530974,9.999999747378752e-05
1081,1.0,0.0028534119483083487,9.999999747378752e-05
1082,1.0,0.0017734718276187778,9.999999747378752e-05
1083,1.0,0.0027262037619948387,9.999999747378752e-05
1084,1.0,0.0018632318824529648,9.999999747378752e-05
1085,1.0,0.0015158915193751454,9.999999747378752e-05
1086,1.0,0.0028664018027484417,9.999999747378752e-05
1087,1.0,0.0026216967962682247,9.999999747378752e-05
1088,1.0,0.0033271298743784428,9.999999747378752e-05
1089,1.0,0.0017452598549425602,9.999999747378752e-05
1090,1.0,0.0018928165081888437,9.999999747378752e-05
1091,1.0,0.001981515670195222,9.999999747378752e-05
1092,1.0,0.0021177881862968206,9.999999747378752e-05
1093,1.0,0.0015017257537692785,9.999999747378752e-05
1094,1.0,0.0021808294113725424,9.999999747378752e-05
1095,1.0,0.002451585605740547,9.999999747378752e-05
1096,1.0,0.0022392559330910444,9.999999747378752e-05
1097,1.0,0.0017647338099777699,9.999999747378752e-05
1098,1.0,0.002405596897006035,9.999999747378752e-05
1099,1.0,0.0020713151898235083,9.999999747378752e-05
1100,1.0,0.0018667990807443857,9.999999747378752e-05
1101,1.0,0.0029651701916009188,9.999999747378752e-05
1102,1.0,0.0018497321289032698,9.999999747378752e-05
1103,1.0,0.0022547205444425344,9.999999747378752e-05
1104,1.0,0.0031869409140199423,9.999999747378752e-05
1105,1.0,0.0022850811947137117,9.999999747378752e-05
1106,1.0,0.002432609209790826,9.999999747378752e-05
1107,1.0,0.0019604661501944065,9.999999747378752e-05
1108,1.0,0.0025091960560530424,9.999999747378752e-05
1109,1.0,0.002466509584337473,9.999999747378752e-05
1110,1.0,0.0016471351264044642,9.999999747378752e-05
1111,1.0,0.0018604604993015528,9.999999747378752e-05
1112,1.0,0.0018445245223119855,9.999999747378752e-05
1113,1.0,0.001950792851857841,9.999999747378752e-05
1114,1.0,0.0023993237409740686,9.999999747378752e-05
1115,1.0,0.0018338827649131417,9.999999747378752e-05
1116,1.0,0.0017397135961800814,9.999999747378752e-05
1117,1.0,0.00238255993463099,9.999999747378752e-05
1118,1.0,0.002931139897555113,9.999999747378752e-05
1119,1.0,0.0020356967579573393,9.999999747378752e-05
1120,1.0,0.0015755610074847937,9.999999747378752e-05
1121,1.0,0.002128270221874118,9.999999747378752e-05
1122,1.0,0.0022605913691222668,9.999999747378752e-05
1123,1.0,0.002049333183094859,9.999999747378752e-05
1124,1.0,0.002220099326223135,9.999999747378752e-05
1125,1.0,0.00175178493373096,9.999999747378752e-05
1126,1.0,0.0025342556182295084,9.999999747378752e-05
1127,1.0,0.001505154650658369,9.999999747378752e-05
1128,1.0,0.002218089299276471,9.999999747378752e-05
1129,1.0,0.0018260017968714237,9.999999747378752e-05
1130,1.0,0.0019478583708405495,9.999999747378752e-05
1131,1.0,0.0027612217236310244,9.999999747378752e-05
1132,1.0,0.0016171806491911411,9.999999747378752e-05
1133,1.0,0.0017224759794771671,9.999999747378752e-05
1134,1.0,0.0020765720400959253,9.999999747378752e-05
1135,1.0,0.0013326979242265224,9.999999747378752e-05
1136,1.0,0.0020906422287225723,9.999999747378752e-05
1137,1.0,0.0017507595475763083,9.999999747378752e-05
1138,1.0,0.003425357397645712,9.999999747378752e-05
1139,1.0,0.003116834443062544,9.999999747378752e-05
1140,1.0,0.0017900608945637941,9.999999747378752e-05
1141,1.0,0.0029010623693466187,9.999999747378752e-05
1142,1.0,0.002790596103295684,9.999999747378752e-05
1143,1.0,0.001815703697502613,9.999999747378752e-05
1144,1.0,0.0017175539396703243,9.999999747378752e-05
1145,1.0,0.0033426289446651936,9.999999747378752e-05
1146,1.0,0.00263425474986434,9.999999747378752e-05
1147,1.0,0.0029190846253186464,9.999999747378752e-05
1148,1.0,0.0028316201642155647,9.999999747378752e-05
1149,1.0,0.0021543274633586407,9.999999747378752e-05
1150,1.0,0.002380690071731806,9.999999747378752e-05
1151,1.0,0.002097336109727621,9.999999747378752e-05
1152,1.0,0.0019009537063539028,9.999999747378752e-05
1153,1.0,0.0025323599111288786,9.999999747378752e-05
1154,1.0,0.00239049200899899,9.999999747378752e-05
1155,1.0,0.0015271453885361552,9.999999747378752e-05
1156,1.0,0.001693863538093865,9.999999747378752e-05
1157,1.0,0.0020704432390630245,9.999999747378752e-05
1158,1.0,0.0014882262330502272,9.999999747378752e-05
1159,1.0,0.0022149865981191397,9.999999747378752e-05
1160,1.0,0.001581339631229639,9.999999747378752e-05
1161,1.0,0.0024488961789757013,9.999999747378752e-05
1162,1.0,0.002306364243850112,9.999999747378752e-05
1163,1.0,0.0018721394008025527,9.999999747378752e-05
1164,1.0,0.0022590395528823137,9.999999747378752e-05
1165,1.0,0.002536619547754526,9.999999747378752e-05
1166,1.0,0.002430531894788146,9.999999747378752e-05
1167,1.0,0.0018645449308678508,9.999999747378752e-05
1168,1.0,0.002071749186143279,9.999999747378752e-05
1169,1.0,0.0019763661548495293,9.999999747378752e-05
1170,1.0,0.001968945376574993,9.999999747378752e-05
1171,1.0,0.0014881385723128915,9.999999747378752e-05
1172,1.0,0.0024516654666513205,9.999999747378752e-05
1173,1.0,0.0018989857053384185,9.999999747378752e-05
1174,1.0,0.0032301300670951605,9.999999747378752e-05
1175,1.0,0.0025766370818018913,9.999999747378752e-05
1176,1.0,0.003177171340212226,9.999999747378752e-05
1177,1.0,0.002000203123316169,9.999999747378752e-05
1178,1.0,0.0015987214865162969,9.999999747378752e-05
1179,1.0,0.001421755412593484,9.999999747378752e-05
1180,1.0,0.0019704867154359818,9.999999747378752e-05
1181,1.0,0.0017228040378540754,9.999999747378752e-05
1182,1.0,0.00222523370757699,9.999999747378752e-05
1183,1.0,0.0021750242449343204,9.999999747378752e-05
1184,1.0,0.002037822501733899,9.999999747378752e-05
1185,1.0,0.002033706521615386,9.999999747378752e-05
1186,1.0,0.00194761180318892,9.999999747378752e-05
1187,1.0,0.001297619892284274,9.999999747378752e-05
1188,1.0,0.00170975923538208,9.999999747378752e-05
1189,1.0,0.0015560422325506806,9.999999747378752e-05
1190,1.0,0.001887909951619804,9.999999747378752e-05
1191,1.0,0.0018892808584496379,9.999999747378752e-05
1192,1.0,0.0016411568503826857,9.999999747378752e-05
1193,1.0,0.0025871992111206055,9.999999747378752e-05
1194,1.0,0.0018218853510916233,9.999999747378752e-05
1195,1.0,0.0031689880415797234,9.999999747378752e-05
1196,1.0,0.0022765500470995903,9.999999747378752e-05
1197,1.0,0.0031939479522407055,9.999999747378752e-05
1198,1.0,0.0016217059455811977,9.999999747378752e-05
1199,1.0,0.0023384958039969206,9.999999747378752e-05
1200,1.0,0.0017308691749349236,9.999999747378752e-05
1201,1.0,0.0017537279054522514,9.999999747378752e-05
1202,1.0,0.0018842109711840749,9.999999747378752e-05
1203,1.0,0.0017122561112046242,9.999999747378752e-05
1204,1.0,0.0020080257672816515,9.999999747378752e-05
1205,1.0,0.0018806972075253725,9.999999747378752e-05
1206,1.0,0.0015303484397009015,9.999999747378752e-05
1207,1.0,0.002368401037529111,9.999999747378752e-05
1208,1.0,0.0024552405811846256,9.999999747378752e-05
1209,1.0,0.0016834292327985168,9.999999747378752e-05
1210,1.0,0.002094790106639266,9.999999747378752e-05
1211,1.0,0.0023641439620405436,9.999999747378752e-05
1212,1.0,0.0020420143846422434,9.999999747378752e-05
1213,1.0,0.0019220254616811872,9.999999747378752e-05
1214,1.0,0.0017500908579677343,9.999999747378752e-05
1215,1.0,0.0017942868871614337,9.999999747378752e-05
1216,1.0,0.0014389309799298644,9.999999747378752e-05
1217,1.0,0.0013027924578636885,9.999999747378752e-05
1218,1.0,0.0019285919843241572,9.999999747378752e-05
1219,1.0,0.0016711998032405972,9.999999747378752e-05
1220,1.0,0.001711159711703658,9.999999747378752e-05
1221,1.0,0.0013676945818588138,9.999999747378752e-05
1222,1.0,0.0014273234410211444,9.999999747378752e-05
1223,1.0,0.001601567491889,9.999999747378752e-05
1224,1.0,0.0012982103507965803,9.999999747378752e-05
1225,1.0,0.0016374008264392614,9.999999747378752e-05
1226,1.0,0.0017907287692651153,9.999999747378752e-05
1227,1.0,0.0015115068526938558,9.999999747378752e-05
1228,1.0,0.0019126173574477434,9.999999747378752e-05
1229,1.0,0.0021071061491966248,9.999999747378752e-05
1230,1.0,0.0018752384930849075,9.999999747378752e-05
1231,1.0,0.002010698663070798,9.999999747378752e-05
1232,1.0,0.0024427389726042747,9.999999747378752e-05
1233,1.0,0.0017365299863740802,9.999999747378752e-05
1234,1.0,0.002643103012815118,9.999999747378752e-05
1235,1.0,0.0019474251894280314,9.999999747378752e-05
1236,1.0,0.0027892545331269503,9.999999747378752e-05
1237,1.0,0.00208652182482183,9.999999747378752e-05
1238,1.0,0.0019299907144159079,9.999999747378752e-05
1239,1.0,0.0018267331179231405,9.999999747378752e-05
1240,1.0,0.0020402283407747746,9.999999747378752e-05
1241,1.0,0.0013729805359616876,9.999999747378752e-05
1242,1.0,0.0025272478815168142,9.999999747378752e-05
1243,1.0,0.0019238642416894436,9.999999747378752e-05
1244,1.0,0.001409386401064694,9.999999747378752e-05
1245,1.0,0.0023784704972058535,9.999999747378752e-05
1246,1.0,0.0012787693412974477,9.999999747378752e-05
1247,1.0,0.0015275276964530349,9.999999747378752e-05
1248,1.0,0.0013383961049839854,9.999999747378752e-05
1249,1.0,0.0019436103757470846,9.999999747378752e-05
1250,1.0,0.0014406912960112095,9.999999747378752e-05
1251,1.0,0.0017444448312744498,9.999999747378752e-05
1252,1.0,0.001345282420516014,9.999999747378752e-05
1253,1.0,0.002770972205325961,9.999999747378752e-05
1254,1.0,0.0016286290483549237,9.999999747378752e-05
1255,1.0,0.0024770116433501244,9.999999747378752e-05
1256,1.0,0.002581910463050008,9.999999747378752e-05
1257,1.0,0.0016766322078183293,9.999999747378752e-05
1258,1.0,0.0013473830185830593,9.999999747378752e-05
1259,1.0,0.004681676626205444,9.999999747378752e-05
1260,0.9954545497894287,0.01665821298956871,9.999999747378752e-05
1261,0.9954545497894287,0.01033738348633051,9.999999747378752e-05
1262,1.0,0.0044614882208406925,9.999999747378752e-05
1263,1.0,0.006287780590355396,9.999999747378752e-05
1264,1.0,0.0017680668970569968,9.999999747378752e-05
1265,1.0,0.003446232760325074,9.999999747378752e-05
1266,1.0,0.0023738148156553507,9.999999747378752e-05
1267,1.0,0.002335249911993742,9.999999747378752e-05
1268,1.0,0.002074684016406536,9.999999747378752e-05
1269,1.0,0.0024548135697841644,9.999999747378752e-05
1270,1.0,0.0020819329656660557,9.999999747378752e-05
1271,1.0,0.0014079745160415769,9.999999747378752e-05
1272,1.0,0.0025217256043106318,9.999999747378752e-05
1273,1.0,0.0015826731687411666,9.999999747378752e-05
1274,1.0,0.0021726321429014206,9.999999747378752e-05
1275,1.0,0.002226672600954771,9.999999747378752e-05
1276,1.0,0.001736727892421186,9.999999747378752e-05
1277,1.0,0.002203883370384574,9.999999747378752e-05
1278,1.0,0.0015821093693375587,9.999999747378752e-05
1279,1.0,0.0014614269603043795,9.999999747378752e-05
1280,1.0,0.0015304724220186472,9.999999747378752e-05
1281,1.0,0.0016301230061799288,9.999999747378752e-05
1282,1.0,0.0015526845818385482,9.999999747378752e-05
1283,1.0,0.0010754333343356848,9.999999747378752e-05
1284,1.0,0.0027718960773199797,9.999999747378752e-05
1285,1.0,0.0011790518183261156,9.999999747378752e-05
1286,1.0,0.001434347010217607,9.999999747378752e-05
1287,1.0,0.0022627406287938356,9.999999747378752e-05
1288,1.0,0.003028187435120344,9.999999747378752e-05
1289,1.0,0.001435758313164115,9.999999747378752e-05
1290,1.0,0.0026175482198596,9.999999747378752e-05
1291,1.0,0.001665425836108625,9.999999747378752e-05
1292,1.0,0.0024073473177850246,9.999999747378752e-05
1293,1.0,0.0016465818043798208,9.999999747378752e-05
1294,1.0,0.0017624628962948918,9.999999747378752e-05
1295,1.0,0.001736150705255568,9.999999747378752e-05
1296,1.0,0.0020316794980317354,9.999999747378752e-05
1297,1.0,0.0016409695381298661,9.999999747378752e-05
1298,1.0,0.0014065469149500132,9.999999747378752e-05
1299,1.0,0.0024600974284112453,9.999999747378752e-05
1300,1.0,0.002010973868891597,9.999999747378752e-05
1301,1.0,0.0015138635644689202,9.999999747378752e-05
1302,1.0,0.001772320712916553,9.999999747378752e-05
1303,1.0,0.001471568364650011,9.999999747378752e-05
1304,1.0,0.0017326814122498035,9.999999747378752e-05
1305,1.0,0.0013259416446089745,9.999999747378752e-05
1306,1.0,0.001922532683238387,9.999999747378752e-05
1307,1.0,0.0018446914618834853,9.999999747378752e-05
1308,1.0,0.0021410586778074503,9.999999747378752e-05
1309,1.0,0.0015840355772525072,9.999999747378752e-05
1310,1.0,0.0017252943944185972,9.999999747378752e-05
1311,1.0,0.00146512093488127,9.999999747378752e-05
1312,1.0,0.0014436785131692886,9.999999747378752e-05
1313,1.0,0.001143922097980976,9.999999747378752e-05
1314,1.0,0.0016659623943269253,9.999999747378752e-05
1315,1.0,0.001957881962880492,9.999999747378752e-05
1316,1.0,0.0014351744903251529,9.999999747378752e-05
1317,1.0,0.0012204458471387625,9.999999747378752e-05
1318,1.0,0.0013593867188319564,9.999999747378752e-05
1319,1.0,0.0011437518987804651,9.999999747378752e-05
1320,1.0,0.0009358737734146416,9.999999747378752e-05
1321,1.0,0.001486118184402585,9.999999747378752e-05
1322,1.0,0.0016591820167377591,9.999999747378752e-05
1323,1.0,0.0015252663288265467,9.999999747378752e-05
1324,1.0,0.0017360718920826912,9.999999747378752e-05
1325,1.0,0.0011758040636777878,9.999999747378752e-05
1326,1.0,0.0014445045962929726,9.999999747378752e-05
1327,1.0,0.002264253096655011,9.999999747378752e-05
1328,1.0,0.0014609580393880606,9.999999747378752e-05
1329,1.0,0.002026686677709222,9.999999747378752e-05
1330,1.0,0.0018932139500975609,9.999999747378752e-05
1331,1.0,0.0016539472853764892,9.999999747378752e-05
1332,1.0,0.0013960117939859629,9.999999747378752e-05
1333,1.0,0.0013170258607715368,9.999999747378752e-05
1334,1.0,0.0025189255829900503,9.999999747378752e-05
1335,1.0,0.0030586409848183393,9.999999747378752e-05
1336,1.0,0.0019345547771081328,9.999999747378752e-05
1337,1.0,0.0012880268041044474,9.999999747378752e-05
1338,1.0,0.0032176256645470858,9.999999747378752e-05
1339,1.0,0.0013693497749045491,9.999999747378752e-05
1340,1.0,0.0012903688475489616,9.999999747378752e-05
1341,1.0,0.001670065918006003,9.999999747378752e-05
1342,1.0,0.0013251975178718567,9.999999747378752e-05
1343,1.0,0.0016674884827807546,9.999999747378752e-05
1344,1.0,0.0019178611692041159,9.999999747378752e-05
1345,1.0,0.0013099665520712733,9.999999747378752e-05
1346,1.0,0.0009181802161037922,9.999999747378752e-05
1347,1.0,0.0015410655178129673,9.999999747378752e-05
1348,1.0,0.0010948118288069963,9.999999747378752e-05
1349,1.0,0.0012746622087433934,9.999999747378752e-05
1350,1.0,0.0016739191487431526,9.999999747378752e-05
1351,1.0,0.0016118009807541966,9.999999747378752e-05
1352,1.0,0.0015430301427841187,9.999999747378752e-05
1353,1.0,0.0013807629002258182,9.999999747378752e-05
1354,1.0,0.0011134385131299496,9.999999747378752e-05
1355,1.0,0.0019509743433445692,9.999999747378752e-05
1356,1.0,0.0010929375421255827,9.999999747378752e-05
1357,1.0,0.0012927439529448748,9.999999747378752e-05
1358,1.0,0.0010894236620515585,9.999999747378752e-05
1359,1.0,0.0010702748550102115,9.999999747378752e-05
1360,1.0,0.0010751646477729082,9.999999747378752e-05
1361,1.0,0.0016714534722268581,9.999999747378752e-05
1362,1.0,0.0014586537145078182,9.999999747378752e-05
1363,1.0,0.0011158251436427236,9.999999747378752e-05
1364,1.0,0.0015561921754851937,9.999999747378752e-05
1365,1.0,0.001168486662209034,9.999999747378752e-05
1366,1.0,0.0013593524927273393,9.999999747378752e-05
1367,1.0,0.0012176817981526256,9.999999747378752e-05
1368,1.0,0.0012622220674529672,9.999999747378752e-05
1369,1.0,0.0013233426725491881,9.999999747378752e-05
1370,1.0,0.00199328176677227,9.999999747378752e-05
1371,1.0,0.0014065538998693228,9.999999747378752e-05
1372,1.0,0.0010269187623634934,9.999999747378752e-05
1373,1.0,0.0012317161308601499,9.999999747378752e-05
1374,1.0,0.0008691831608302891,9.999999747378752e-05
1375,1.0,0.002053742529824376,9.999999747378752e-05
1376,1.0,0.0038183860015124083,9.999999747378752e-05
1377,1.0,0.0011005609994754195,9.999999747378752e-05
1378,1.0,0.0017351069254800677,9.999999747378752e-05
1379,1.0,0.0011450236197561026,9.999999747378752e-05
1380,1.0,0.0013672023778781295,9.999999747378752e-05
1381,1.0,0.0015082070603966713,9.999999747378752e-05
1382,1.0,0.0026685362681746483,9.999999747378752e-05
1383,1.0,0.0024287388660013676,9.999999747378752e-05
1384,1.0,0.001680012559518218,9.999999747378752e-05
1385,1.0,0.001480931881815195,9.999999747378752e-05
1386,1.0,0.0014236600836738944,9.999999747378752e-05
1387,1.0,0.0016502289799973369,9.999999747378752e-05
1388,1.0,0.00201624957844615,9.999999747378752e-05
1389,1.0,0.0011479839449748397,9.999999747378752e-05
1390,1.0,0.0012367208255454898,9.999999747378752e-05
1391,1.0,0.0013526324182748795,9.999999747378752e-05
1392,1.0,0.0009609665139578283,9.999999747378752e-05
1393,1.0,0.0014320227783173323,9.999999747378752e-05
1394,1.0,0.002915675286203623,9.999999747378752e-05
1395,1.0,0.0016778034623712301,9.999999747378752e-05
1396,1.0,0.0023395719472318888,9.999999747378752e-05
1397,1.0,0.0016516674077138305,9.999999747378752e-05
1398,1.0,0.0017976502422243357,9.999999747378752e-05
1399,1.0,0.0010884994408115745,9.999999747378752e-05
1400,1.0,0.0014378298074007034,9.999999747378752e-05
1401,1.0,0.0010652068303897977,9.999999747378752e-05
1402,1.0,0.0012656523613259196,9.999999747378752e-05
1403,1.0,0.0012492893729358912,9.999999747378752e-05
1404,1.0,0.0008686535875312984,9.999999747378752e-05
1405,1.0,0.0013134429464116693,9.999999747378752e-05
1406,1.0,0.0011474250350147486,9.999999747378752e-05
1407,1.0,0.0007605020073242486,9.999999747378752e-05
1408,1.0,0.0012209312990307808,9.999999747378752e-05
1409,1.0,0.0013127299025654793,9.999999747378752e-05
1410,1.0,0.0016391434473916888,9.999999747378752e-05
1411,1.0,0.0013332519447430968,9.999999747378752e-05
1412,1.0,0.001174539909698069,9.999999747378752e-05
1413,1.0,0.0011278318706899881,9.999999747378752e-05
1414,1.0,0.0010590447345748544,9.999999747378752e-05
1415,1.0,0.000931860355194658,9.999999747378752e-05
1416,1.0,0.0017591549549251795,9.999999747378752e-05
1417,1.0,0.001336928573437035,9.999999747378752e-05
1418,1.0,0.0013731851940974593,9.999999747378752e-05
1419,1.0,0.0010329994838684797,9.999999747378752e-05
1420,1.0,0.0015537801664322615,9.999999747378752e-05
1421,1.0,0.0019061515340581536,9.999999747378752e-05
1422,1.0,0.002284090965986252,9.999999747378752e-05
1423,1.0,0.002054749522358179,9.999999747378752e-05
1424,1.0,0.001394070335663855,9.999999747378752e-05
1425,1.0,0.0015547070652246475,9.999999747378752e-05
1426,1.0,0.0021592285484075546,9.999999747378752e-05
1427,1.0,0.0014542830176651478,9.999999747378752e-05
1428,1.0,0.001078376080840826,9.999999747378752e-05
1429,1.0,0.0014213279355317354,9.999999747378752e-05
1430,1.0,0.0015296731144189835,9.999999747378752e-05
1431,1.0,0.0014818609924986959,9.999999747378752e-05
1432,1.0,0.0011052408954128623,9.999999747378752e-05
1433,1.0,0.0009307418949902058,9.999999747378752e-05
1434,1.0,0.0008100363775156438,9.999999747378752e-05
1435,1.0,0.0012354057980701327,9.999999747378752e-05
1436,1.0,0.0010115212062373757,9.999999747378752e-05
1437,1.0,0.00147732044570148,9.999999747378752e-05
1438,1.0,0.0009684090036898851,9.999999747378752e-05
1439,1.0,0.0009456591214984655,9.999999747378752e-05
1440,1.0,0.0012945930939167738,9.999999747378752e-05
1441,1.0,0.001101152622140944,9.999999747378752e-05
1442,1.0,0.0007601677789352834,9.999999747378752e-05
1443,1.0,0.0013150896411389112,9.999999747378752e-05
1444,1.0,0.0008650145609863102,9.999999747378752e-05
1445,1.0,0.0015124439960345626,9.999999747378752e-05
1446,1.0,0.0012195971794426441,9.999999747378752e-05
1447,1.0,0.0012541579781100154,9.999999747378752e-05
1448,1.0,0.0015036527765914798,9.999999747378752e-05
1449,1.0,0.0007493559387512505,9.999999747378752e-05
1450,1.0,0.0011027985019609332,9.999999747378752e-05
1451,1.0,0.0010783516336232424,9.999999747378752e-05
1452,1.0,0.0011752302525565028,9.999999747378752e-05
1453,1.0,0.0012649617856368423,9.999999747378752e-05
1454,1.0,0.0013245583977550268,9.999999747378752e-05
1455,1.0,0.0008752147550694644,9.999999747378752e-05
1456,1.0,0.0019389854278415442,9.999999747378752e-05
1457,1.0,0.002074007410556078,9.999999747378752e-05
1458,1.0,0.0015518200816586614,9.999999747378752e-05
1459,1.0,0.0012966140639036894,9.999999747378752e-05
1460,1.0,0.0011001498205587268,9.999999747378752e-05
1461,1.0,0.0010757166892290115,9.999999747378752e-05
1462,1.0,0.0008627142524346709,9.999999747378752e-05
1463,1.0,0.001204158179461956,9.999999747378752e-05
1464,1.0,0.0007715736865065992,9.999999747378752e-05
1465,1.0,0.0008526793099008501,9.999999747378752e-05
1466,1.0,0.0008615583647042513,9.999999747378752e-05
1467,1.0,0.0009302390972152352,9.999999747378752e-05
1468,1.0,0.000804840587079525,9.999999747378752e-05
1469,1.0,0.0015812830533832312,9.999999747378752e-05
1470,1.0,0.0008203746983781457,9.999999747378752e-05
1471,1.0,0.0009093793341889977,9.999999747378752e-05
1472,1.0,0.0009979811729863286,9.999999747378752e-05
1473,1.0,0.0014292628038674593,9.999999747378752e-05
1474,1.0,0.0008890711469575763,9.999999747378752e-05
1475,1.0,0.0008571852231398225,9.999999747378752e-05
1476,1.0,0.0012648430420085788,9.999999747378752e-05
1477,1.0,0.0008906146977096796,9.999999747378752e-05
1478,1.0,0.0014426271663978696,9.999999747378752e-05
1479,1.0,0.0008221364696510136,9.999999747378752e-05
1480,1.0,0.0012294704793021083,9.999999747378752e-05
1481,0.9909090995788574,0.011882519349455833,9.999999747378752e-05
1482,0.9954545497894287,0.033592838793992996,9.999999747378752e-05
1483,1.0,0.010941476561129093,9.999999747378752e-05
1484,1.0,0.007936063222587109,9.999999747378752e-05
1485,1.0,0.0029878919012844563,9.999999747378752e-05
1486,1.0,0.002475439803674817,9.999999747378752e-05
1487,1.0,0.0015756014036014676,9.999999747378752e-05
1488,1.0,0.002336057834327221,9.999999747378752e-05
1489,1.0,0.0021703974343836308,9.999999747378752e-05
1490,1.0,0.0012374891666695476,9.999999747378752e-05
1491,1.0,0.002669096225872636,9.999999747378752e-05
1492,1.0,0.0010587181895971298,9.999999747378752e-05
1493,1.0,0.0013872014824301004,9.999999747378752e-05
1494,1.0,0.001966459210962057,9.999999747378752e-05
1495,1.0,0.0010934713063761592,9.999999747378752e-05
1496,1.0,0.0018190824193879962,9.999999747378752e-05
1497,1.0,0.0012330942554399371,9.999999747378752e-05
1498,1.0,0.001085377298295498,9.999999747378752e-05
1499,1.0,0.0013569466536864638,9.999999747378752e-05
1500,1.0,0.001190479495562613,9.999999747378752e-05
1501,1.0,0.0015712808817625046,9.999999747378752e-05
1502,1.0,0.0008599490392953157,9.999999747378752e-05
1503,1.0,0.0010328259086236358,9.999999747378752e-05
1504,1.0,0.0008714196155779064,9.999999747378752e-05
1505,1.0,0.0009697989444248378,9.999999747378752e-05
1506,1.0,0.0010902927024289966,9.999999747378752e-05
1507,1.0,0.0009277003700844944,9.999999747378752e-05
1508,1.0,0.0010686874156817794,9.999999747378752e-05
1509,1.0,0.0007877155439928174,9.999999747378752e-05
1510,1.0,0.0014737738529220223,9.999999747378752e-05
1511,1.0,0.0011548222973942757,9.999999747378752e-05
1512,1.0,0.0009210656862705946,9.999999747378752e-05
1513,1.0,0.0008770128479227424,9.999999747378752e-05
1514,1.0,0.0008498712559230626,9.999999747378752e-05
1515,1.0,0.0010868352837860584,9.999999747378752e-05
1516,1.0,0.001259161508642137,9.999999747378752e-05
1517,1.0,0.0011186286574229598,9.999999747378752e-05
1518,1.0,0.00067462760489434,9.999999747378752e-05
1519,1.0,0.0009044160833582282,9.999999747378752e-05
1520,1.0,0.0011899179080501199,9.999999747378752e-05
1521,1.0,0.0008116832468658686,9.999999747378752e-05
1522,1.0,0.0013135456247255206,9.999999747378752e-05
1523,1.0,0.0011969845509156585,9.999999747378752e-05
1524,1.0,0.0009017101256176829,9.999999747378752e-05
1525,1.0,0.0011069478932768106,9.999999747378752e-05
1526,1.0,0.0007615149952471256,9.999999747378752e-05
1527,1.0,0.0006752213812433183,9.999999747378752e-05
1528,1.0,0.000790918420534581,9.999999747378752e-05
1529,1.0,0.0010506962426006794,9.999999747378752e-05
1530,1.0,0.0007813944830559194,9.999999747378752e-05
1531,1.0,0.0008978182449936867,9.999999747378752e-05
1532,1.0,0.0006540227332152426,9.999999747378752e-05
1533,1.0,0.0007370155653916299,9.999999747378752e-05
1534,1.0,0.0009423751616850495,9.999999747378752e-05
1535,1.0,0.0006475874106399715,9.999999747378752e-05
1536,1.0,0.0009380114497616887,9.999999747378752e-05
1537,1.0,0.0014898928347975016,9.999999747378752e-05
1538,1.0,0.0008082877029664814,9.999999747378752e-05
1539,1.0,0.0008569082128815353,9.999999747378752e-05
1540,1.0,0.0008166173356585205,9.999999747378752e-05
1541,1.0,0.0008161217556335032,9.999999747378752e-05
1542,1.0,0.0007590124732814729,9.999999747378752e-05
1543,1.0,0.0007795932469889522,9.999999747378752e-05
1544,1.0,0.0006891522789373994,9.999999747378752e-05
1545,1.0,0.0007405619835481048,9.999999747378752e-05
1546,1.0,0.0006612464203499258,9.999999747378752e-05
1547,1.0,0.00129166420083493,9.999999747378752e-05
1548,1.0,0.0008243636693805456,9.999999747378752e-05
1549,1.0,0.0010618193773552775,9.999999747378752e-05
1550,1.0,0.0008324786322191358,9.999999747378752e-05
1551,1.0,0.0012811595806851983,9.999999747378752e-05
1552,1.0,0.0008427145075984299,9.999999747378752e-05
1553,1.0,0.0009403701988048851,9.999999747378752e-05
1554,1.0,0.0008023268892429769,9.999999747378752e-05
1555,1.0,0.001089401775971055,9.999999747378752e-05
1556,1.0,0.0007500200881622732,9.999999747378752e-05
1557,1.0,0.0012474381364881992,9.999999747378752e-05
1558,1.0,0.0006854626699350774,9.999999747378752e-05
1559,1.0,0.0007137034554034472,9.999999747378752e-05
1560,1.0,0.0011506659211590886,9.999999747378752e-05
1561,1.0,0.0009380362462252378,9.999999747378752e-05
1562,1.0,0.0007529602153226733,9.999999747378752e-05
1563,1.0,0.0010655118385329843,9.999999747378752e-05
1564,1.0,0.0011867809807881713,9.999999747378752e-05
1565,1.0,0.000987691804766655,9.999999747378752e-05
1566,1.0,0.0008078604005277157,9.999999747378752e-05
1567,1.0,0.0008947866735979915,9.999999747378752e-05
1568,1.0,0.0011488370364531875,9.999999747378752e-05
1569,1.0,0.0013270634226500988,9.999999747378752e-05
1570,1.0,0.0007632013293914497,9.999999747378752e-05
1571,1.0,0.0007169140735641122,9.999999747378752e-05
1572,1.0,0.0009838724508881569,9.999999747378752e-05
1573,1.0,0.0005928842583671212,9.999999747378752e-05
1574,1.0,0.0009353351779282093,9.999999747378752e-05
1575,1.0,0.0008573660743422806,9.999999747378752e-05
1576,1.0,0.0010286095784977078,9.999999747378752e-05
1577,1.0,0.0006730241584591568,9.999999747378752e-05
1578,1.0,0.0011310626287013292,9.999999747378752e-05
1579,1.0,0.0009492427343502641,9.999999747378752e-05
1580,1.0,0.0008827949059195817,9.999999747378752e-05
1581,1.0,0.0006502654869109392,9.999999747378752e-05
1582,1.0,0.0009163095965050161,9.999999747378752e-05
1583,1.0,0.0006682378589175642,9.999999747378752e-05
1584,1.0,0.0007363898330368102,9.999999747378752e-05
1585,1.0,0.0007905315142124891,9.999999747378752e-05
1586,1.0,0.0006269779987633228,9.999999747378752e-05
1587,1.0,0.0006134750437922776,9.999999747378752e-05
1588,1.0,0.0006416395190171897,9.999999747378752e-05
1589,1.0,0.0009610592387616634,9.999999747378752e-05
1590,1.0,0.0007280027493834496,9.999999747378752e-05
1591,1.0,0.0008563555893488228,9.999999747378752e-05
1592,1.0,0.0006926917121745646,9.999999747378752e-05
1593,1.0,0.0008227741345763206,9.999999747378752e-05
1594,1.0,0.0006878736894577742,9.999999747378752e-05
1595,1.0,0.0006959681631997228,9.999999747378752e-05
1596,1.0,0.0005878869560547173,9.999999747378752e-05
1597,1.0,0.0008045817376114428,9.999999747378752e-05
1598,1.0,0.0007076026522554457,9.999999747378752e-05
1599,1.0,0.0006403895677067339,9.999999747378752e-05
1600,1.0,0.0006880173459649086,9.999999747378752e-05
1601,1.0,0.000973435293417424,9.999999747378752e-05
1602,1.0,0.0006702715763822198,9.999999747378752e-05
1603,1.0,0.0006981054320931435,9.999999747378752e-05
1604,1.0,0.00116317393258214,9.999999747378752e-05
1605,1.0,0.0008480569813400507,9.999999747378752e-05
1606,1.0,0.0005643019685521722,9.999999747378752e-05
1607,1.0,0.0006435207324102521,9.999999747378752e-05
1608,1.0,0.0006187864928506315,9.999999747378752e-05
1609,1.0,0.0006561302579939365,9.999999747378752e-05
1610,1.0,0.0006394610390998423,9.999999747378752e-05
1611,1.0,0.0010398380691185594,9.999999747378752e-05
1612,1.0,0.0008277928573079407,9.999999747378752e-05
1613,1.0,0.0010650864569470286,9.999999747378752e-05
1614,1.0,0.0008485896978527308,9.999999747378752e-05
1615,1.0,0.00089846714399755,9.999999747378752e-05
1616,1.0,0.0008901857654564083,9.999999747378752e-05
1617,1.0,0.0008594633545726538,9.999999747378752e-05
1618,1.0,0.0005207172362133861,9.999999747378752e-05
1619,1.0,0.0012873603263869882,9.999999747378752e-05
1620,1.0,0.001137074432335794,9.999999747378752e-05
1621,1.0,0.0009767899755388498,9.999999747378752e-05
1622,1.0,0.0005716517334803939,9.999999747378752e-05
1623,1.0,0.0012699280632659793,9.999999747378752e-05
1624,1.0,0.0008922324050217867,9.999999747378752e-05
1625,1.0,0.0010884380899369717,9.999999747378752e-05
1626,1.0,0.0006098207668401301,9.999999747378752e-05
1627,1.0,0.0006796586676500738,9.999999747378752e-05
1628,1.0,0.0010507251136004925,9.999999747378752e-05
1629,1.0,0.0006676416378468275,9.999999747378752e-05
1630,1.0,0.0009370127227157354,9.999999747378752e-05
1631,1.0,0.0009683910175226629,9.999999747378752e-05
1632,1.0,0.0005948318867012858,9.999999747378752e-05
1633,1.0,0.0008934868965297937,9.999999747378752e-05
1634,1.0,0.0005721283378079534,9.999999747378752e-05
1635,1.0,0.0010170271852985024,9.999999747378752e-05
1636,1.0,0.001112405676394701,9.999999747378752e-05
1637,1.0,0.0008610151708126068,9.999999747378752e-05
1638,1.0,0.0007134902407415211,9.999999747378752e-05
1639,1.0,0.0008812067098915577,9.999999747378752e-05
1640,1.0,0.0008201966411434114,9.999999747378752e-05
1641,1.0,0.0006196238100528717,9.999999747378752e-05
1642,1.0,0.0009675452020019293,9.999999747378752e-05
1643,1.0,0.000870431016664952,9.999999747378752e-05
1644,1.0,0.0013511518482118845,9.999999747378752e-05
1645,1.0,0.0006283532711677253,9.999999747378752e-05
1646,1.0,0.0008415742195211351,9.999999747378752e-05
1647,1.0,0.0014377729967236519,9.999999747378752e-05
1648,1.0,0.000791533209849149,9.999999747378752e-05
1649,1.0,0.000890498049557209,9.999999747378752e-05
1650,1.0,0.0008834814070723951,9.999999747378752e-05
1651,1.0,0.0007500398787669837,9.999999747378752e-05
1652,1.0,0.0012186580570414662,9.999999747378752e-05
1653,1.0,0.0008296644082292914,9.999999747378752e-05
1654,1.0,0.0005221039755269885,9.999999747378752e-05
1655,1.0,0.0006227602134458721,9.999999747378752e-05
1656,1.0,0.0007513691671192646,9.999999747378752e-05
1657,1.0,0.0006503451149910688,9.999999747378752e-05
1658,1.0,0.0006780732655897737,9.999999747378752e-05
1659,1.0,0.0007398900925181806,9.999999747378752e-05
1660,1.0,0.0005818377831019461,9.999999747378752e-05
1661,1.0,0.0005973688676021993,9.999999747378752e-05
1662,1.0,0.0008798150811344385,9.999999747378752e-05
1663,1.0,0.0008896315703168511,9.999999747378752e-05
1664,1.0,0.0008350780117325485,9.999999747378752e-05
1665,1.0,0.0008869530283845961,9.999999747378752e-05
1666,1.0,0.0008330960990861058,9.999999747378752e-05
1667,1.0,0.0005231185932643712,9.999999747378752e-05
1668,1.0,0.001247934764251113,9.999999747378752e-05
1669,1.0,0.0008979365811683238,9.999999747378752e-05
1670,1.0,0.0014345090603455901,9.999999747378752e-05
1671,1.0,0.0028681433759629726,9.999999747378752e-05
1672,0.9954545497894287,0.04053359106183052,9.999999747378752e-05
1673,0.9909090995788574,0.04468183591961861,9.999999747378752e-05
1674,0.9863636493682861,0.043774574995040894,9.999999747378752e-05
1675,0.9954545497894287,0.021304210647940636,9.999999747378752e-05
1676,1.0,0.008545035496354103,9.999999747378752e-05
1677,0.9954545497894287,0.008226646110415459,9.999999747378752e-05
1678,1.0,0.006814081687480211,9.999999747378752e-05
1679,1.0,0.004476528149098158,9.999999747378752e-05
1680,1.0,0.003619888098910451,9.999999747378752e-05
1681,1.0,0.001765750115737319,9.999999747378752e-05
1682,1.0,0.001528957742266357,9.999999747378752e-05
1683,1.0,0.0016280440613627434,9.999999747378752e-05
1684,1.0,0.0018201679922640324,9.999999747378752e-05
1685,1.0,0.002069985494017601,9.999999747378752e-05
1686,1.0,0.0012703370302915573,9.999999747378752e-05
1687,1.0,0.001141136628575623,9.999999747378752e-05
1688,1.0,0.0010824346682056785,9.999999747378752e-05
1689,1.0,0.001253660535439849,9.999999747378752e-05
1690,1.0,0.0012880300637334585,9.999999747378752e-05
1691,1.0,0.001206191023811698,9.999999747378752e-05
1692,1.0,0.0010521135991439223,9.999999747378752e-05
1693,1.0,0.0008682539919391274,9.999999747378752e-05
1694,1.0,0.0010733017697930336,9.999999747378752e-05
1695,1.0,0.0018007223261520267,9.999999747378752e-05
1696,1.0,0.001254832255654037,9.999999747378752e-05
1697,1.0,0.000909509020857513,9.999999747378752e-05
1698,1.0,0.00131752691231668,9.999999747378752e-05
1699,1.0,0.0007794764824211597,9.999999747378752e-05
1700,1.0,0.0012525769416242838,9.999999747378752e-05
1701,1.0,0.0015357111115008593,9.999999747378752e-05
1702,1.0,0.0009537448058836162,9.999999747378752e-05
1703,1.0,0.001537905540317297,9.999999747378752e-05
1704,1.0,0.001082511735148728,9.999999747378752e-05
1705,1.0,0.0010117057245224714,9.999999747378752e-05
1706,1.0,0.0007346900529228151,9.999999747378752e-05
1707,1.0,0.0009685237309895456,9.999999747378752e-05
1708,1.0,0.0009399385889992118,9.999999747378752e-05
1709,1.0,0.0007806396461091936,9.999999747378752e-05
1710,1.0,0.0009357451926916838,9.999999747378752e-05
1711,1.0,0.0009282766841351986,9.999999747378752e-05
1712,1.0,0.0007559919031336904,9.999999747378752e-05
1713,1.0,0.0010915896855294704,9.999999747378752e-05
1714,1.0,0.0007852796697989106,9.999999747378752e-05
1715,1.0,0.0005805141991004348,9.999999747378752e-05
1716,1.0,0.000713247514795512,9.999999747378752e-05
1717,1.0,0.0009399917908012867,9.999999747378752e-05
1718,1.0,0.0008642899920232594,9.999999747378752e-05
1719,1.0,0.0013641995610669255,9.999999747378752e-05
1720,1.0,0.0007902563083916903,9.999999747378752e-05
1721,1.0,0.0005520199774764478,9.999999747378752e-05
1722,1.0,0.0007502416847273707,9.999999747378752e-05
1723,1.0,0.0014268672093749046,9.999999747378752e-05
1724,1.0,0.0009862164733931422,9.999999747378752e-05
1725,1.0,0.0007128349971026182,9.999999747378752e-05
1726,1.0,0.0013584118569269776,9.999999747378752e-05
1727,1.0,0.0009353882633149624,9.999999747378752e-05
1728,1.0,0.0007902886136434972,9.999999747378752e-05
1729,1.0,0.0008794160094112158,9.999999747378752e-05
1730,1.0,0.0007091483566910028,9.999999747378752e-05
1731,1.0,0.0008315369486808777,9.999999747378752e-05
1732,1.0,0.0007276821415871382,9.999999747378752e-05
1733,1.0,0.0005929172039031982,9.999999747378752e-05
1734,1.0,0.0006566019728779793,9.999999747378752e-05
1735,1.0,0.0005613559624180198,9.999999747378752e-05
1736,1.0,0.0013887429377064109,9.999999747378752e-05
1737,1.0,0.0009751272737048566,9.999999747378752e-05
1738,1.0,0.0006769378087483346,9.999999747378752e-05
1739,1.0,0.0009276175987906754,9.999999747378752e-05
1740,1.0,0.0014526833547279239,9.999999747378752e-05
1741,1.0,0.0007901802891865373,9.999999747378752e-05
1742,1.0,0.0006526954239234328,9.999999747378752e-05
1743,1.0,0.0007050266140140593,9.999999747378752e-05
1744,1.0,0.0005272092530503869,9.999999747378752e-05
1745,1.0,0.000668908644001931,9.999999747378752e-05
1746,1.0,0.000994587317109108,9.999999747378752e-05
1747,1.0,0.0006206778925843537,9.999999747378752e-05
1748,1.0,0.0012419670820236206,9.999999747378752e-05
1749,1.0,0.0006954596610739827,9.999999747378752e-05
1750,1.0,0.0009185431990772486,9.999999747378752e-05
1751,1.0,0.0005109289777465165,9.999999747378752e-05
1752,1.0,0.000942996412049979,9.999999747378752e-05
1753,1.0,0.0010684437584131956,9.999999747378752e-05
1754,1.0,0.0006609662086702883,9.999999747378752e-05
1755,1.0,0.0007179846288636327,9.999999747378752e-05
1756,1.0,0.0008589272038079798,9.999999747378752e-05
1757,1.0,0.0007494381279684603,9.999999747378752e-05
1758,1.0,0.0007264374289661646,9.999999747378752e-05
1759,1.0,0.0007521280786022544,9.999999747378752e-05
1760,1.0,0.0008561143768019974,9.999999747378752e-05
1761,1.0,0.0007607219740748405,9.999999747378752e-05
1762,1.0,0.0009060385636985302,9.999999747378752e-05
1763,1.0,0.0008307727403007448,9.999999747378752e-05
1764,1.0,0.0006520176539197564,9.999999747378752e-05
1765,1.0,0.0008800384239293635,9.999999747378752e-05
1766,1.0,0.0006806167075410485,9.999999747378752e-05
1767,1.0,0.0005220829043537378,9.999999747378752e-05
1768,1.0,0.0007867089589126408,9.999999747378752e-05
1769,1.0,0.0008645546622574329,9.999999747378752e-05
1770,1.0,0.000859778025187552,9.999999747378752e-05
1771,1.0,0.0006432516383938491,9.999999747378752e-05
1772,1.0,0.0011188210919499397,9.999999747378752e-05
1773,1.0,0.0006112683331593871,9.999999747378752e-05
1774,1.0,0.0009198077605105937,9.999999747378752e-05
1775,1.0,0.0005673945997841656,9.999999747378752e-05
1776,1.0,0.0006233073072507977,9.999999747378752e-05
1777,1.0,0.0006164596416056156,9.999999747378752e-05
1778,1.0,0.0010552026797086,9.999999747378752e-05
1779,1.0,0.0007115534972399473,9.999999747378752e-05
1780,1.0,0.0007021003402769566,9.999999747378752e-05
1781,1.0,0.0005406399141065776,9.999999747378752e-05
1782,1.0,0.0007843001512810588,9.999999747378752e-05
1783,1.0,0.0006405238527804613,9.999999747378752e-05
1784,1.0,0.0007562522077932954,9.999999747378752e-05
1785,1.0,0.0006478017894551158,9.999999747378752e-05
1786,1.0,0.0007488044211640954,9.999999747378752e-05
1787,1.0,0.0004476937756408006,9.999999747378752e-05
1788,1.0,0.0006629051058553159,9.999999747378752e-05
1789,1.0,0.0006623558583669364,9.999999747378752e-05
1790,1.0,0.0007026770617812872,9.999999747378752e-05
1791,1.0,0.0005273792776279151,9.999999747378752e-05
1792,1.0,0.0005650073871947825,9.999999747378752e-05
1793,1.0,0.0007959976210258901,9.999999747378752e-05
1794,1.0,0.0005583833553828299,9.999999747378752e-05
1795,1.0,0.0006408719928003848,9.999999747378752e-05
1796,1.0,0.0005702889175154269,9.999999747378752e-05
1797,1.0,0.0005377441411837935,9.999999747378752e-05
1798,1.0,0.0005486174486577511,9.999999747378752e-05
1799,1.0,0.0005325332749634981,9.999999747378752e-05
1800,1.0,0.0008084713481366634,9.999999747378752e-05
1801,1.0,0.0006982935010455549,9.999999747378752e-05
1802,1.0,0.0005346045363694429,9.999999747378752e-05
1803,1.0,0.0004964045365341008,9.999999747378752e-05
1804,1.0,0.0005907104932703078,9.999999747378752e-05
1805,1.0,0.000693697773385793,9.999999747378752e-05
1806,1.0,0.0004420820332597941,9.999999747378752e-05
1807,1.0,0.0005443515256047249,9.999999747378752e-05
1808,1.0,0.00045954182860441506,9.999999747378752e-05
1809,1.0,0.0006000405410304666,9.999999747378752e-05
1810,1.0,0.0008928444003686309,9.999999747378752e-05
1811,1.0,0.0007801142637617886,9.999999747378752e-05
1812,1.0,0.0005059698014520109,9.999999747378752e-05
1813,1.0,0.000611974042840302,9.999999747378752e-05
1814,1.0,0.00035670853685587645,9.999999747378752e-05
1815,1.0,0.0009273294708691537,9.999999747378752e-05
1816,1.0,0.0006859347340650856,9.999999747378752e-05
1817,1.0,0.0005097491666674614,9.999999747378752e-05
1818,1.0,0.0007062944932840765,9.999999747378752e-05
1819,1.0,0.00043450749944895506,9.999999747378752e-05
1820,1.0,0.0006289692246355116,9.999999747378752e-05
1821,1.0,0.0007695084204897285,9.999999747378752e-05
1822,1.0,0.0006717188516631722,9.999999747378752e-05
1823,1.0,0.0006327532464638352,9.999999747378752e-05
1824,1.0,0.0005096574313938618,9.999999747378752e-05
1825,1.0,0.0006079623708501458,9.999999747378752e-05
1826,1.0,0.0058569093234837055,9.999999747378752e-05
1827,0.9909090995788574,0.01710880734026432,9.999999747378752e-05
1828,0.9954545497894287,0.02874452993273735,9.999999747378752e-05
1829,1.0,0.00845121219754219,9.999999747378752e-05
1830,1.0,0.005921871867030859,9.999999747378752e-05
1831,1.0,0.003232427407056093,9.999999747378752e-05
1832,1.0,0.003237251192331314,9.999999747378752e-05
1833,1.0,0.0014656241983175278,9.999999747378752e-05
1834,1.0,0.0015507793286815286,9.999999747378752e-05
1835,1.0,0.0010074895108118653,9.999999747378752e-05
1836,1.0,0.0007411937112919986,9.999999747378752e-05
1837,1.0,0.001614779932424426,9.999999747378752e-05
1838,1.0,0.0014562633587047458,9.999999747378752e-05
1839,1.0,0.0008451929315924644,9.999999747378752e-05
1840,1.0,0.0009758641826920211,9.999999747378752e-05
1841,1.0,0.0010340915760025382,9.999999747378752e-05
1842,1.0,0.0010379524901509285,9.999999747378752e-05
1843,1.0,0.0009707579156383872,9.999999747378752e-05
1844,1.0,0.0009230069699697196,9.999999747378752e-05
1845,1.0,0.0008517617243342102,9.999999747378752e-05
1846,1.0,0.001021315809339285,9.999999747378752e-05
1847,1.0,0.0015171404229477048,9.999999747378752e-05
1848,1.0,0.0007707338663749397,9.999999747378752e-05
1849,1.0,0.0011295584263280034,9.999999747378752e-05
1850,1.0,0.0006412168731912971,9.999999747378752e-05
1851,1.0,0.0007231379277072847,9.999999747378752e-05
1852,1.0,0.001493625110015273,9.999999747378752e-05
1853,1.0,0.0012541100149974227,9.999999747378752e-05
1854,1.0,0.000995540409348905,9.999999747378752e-05
1855,1.0,0.0009237077902071178,9.999999747378752e-05
1856,1.0,0.0009108002413995564,9.999999747378752e-05
1857,1.0,0.0008312708814628422,9.999999747378752e-05
1858,1.0,0.0006032708915881813,9.999999747378752e-05
1859,1.0,0.0005653531407006085,9.999999747378752e-05
1860,1.0,0.0009294818737544119,9.999999747378752e-05
1861,1.0,0.0007749439682811499,9.999999747378752e-05
1862,1.0,0.0011126549215987325,9.999999747378752e-05
1863,1.0,0.0007320320000872016,9.999999747378752e-05
1864,1.0,0.0007064022356644273,9.999999747378752e-05
1865,1.0,0.0006483797333203256,9.999999747378752e-05
1866,1.0,0.0007876348681747913,9.999999747378752e-05
1867,1.0,0.0006385080050677061,9.999999747378752e-05
1868,1.0,0.0008969026384875178,9.999999747378752e-05
1869,1.0,0.0005854868795722723,9.999999747378752e-05
1870,1.0,0.000629942980594933,9.999999747378752e-05
1871,1.0,0.0009076247806660831,9.999999747378752e-05
1872,1.0,0.00067699741339311,9.999999747378752e-05
1873,1.0,0.0009734138729982078,9.999999747378752e-05
1874,1.0,0.001123130670748651,9.999999747378752e-05
1875,1.0,0.0009662293596193194,9.999999747378752e-05
1876,1.0,0.0008025812567211688,9.999999747378752e-05
1877,1.0,0.0006355657242238522,9.999999747378752e-05
1878,1.0,0.0008949888870120049,9.999999747378752e-05
1879,1.0,0.0008714216528460383,9.999999747378752e-05
1880,1.0,0.0005965119926258922,9.999999747378752e-05
1881,1.0,0.0006280565867200494,9.999999747378752e-05
1882,1.0,0.0004928379785269499,9.999999747378752e-05
1883,1.0,0.0007955815526656806,9.999999747378752e-05
1884,1.0,0.0010298022534698248,9.999999747378752e-05
1885,1.0,0.0007105584954842925,9.999999747378752e-05
1886,1.0,0.0006115416763350368,9.999999747378752e-05
1887,1.0,0.0005807009874843061,9.999999747378752e-05
1888,1.0,0.0007842871709726751,9.999999747378752e-05
1889,1.0,0.0005187998758628964,9.999999747378752e-05
1890,1.0,0.0005831798771396279,9.999999747378752e-05
1891,1.0,0.0008553573279641569,9.999999747378752e-05
1892,1.0,0.0005934219225309789,9.999999747378752e-05
1893,1.0,0.0004970433074049652,9.999999747378752e-05
1894,1.0,0.0007688536425121129,9.999999747378752e-05
1895,1.0,0.0005747975083068013,9.999999747378752e-05
1896,1.0,0.0005255340947769582,9.999999747378752e-05
1897,1.0,0.000475389912026003,9.999999747378752e-05
1898,1.0,0.0006773513741791248,9.999999747378752e-05
1899,1.0,0.000527187658008188,9.999999747378752e-05
1900,1.0,0.0004969378933310509,9.999999747378752e-05
1901,1.0,0.00048311162390746176,9.999999747378752e-05
1902,1.0,0.0006924954941496253,9.999999747378752e-05
1903,1.0,0.0008128373301587999,9.999999747378752e-05
1904,1.0,0.0007118703215382993,9.999999747378752e-05
1905,1.0,0.0005068365717306733,9.999999747378752e-05
1906,1.0,0.0007688588229939342,9.999999747378752e-05
1907,1.0,0.0006926963687874377,9.999999747378752e-05
1908,1.0,0.0008417313219979405,9.999999747378752e-05
1909,1.0,0.0004246671451255679,9.999999747378752e-05
1910,1.0,0.00053664471488446,9.999999747378752e-05
1911,1.0,0.0007493413286283612,9.999999747378752e-05
1912,1.0,0.0004860336775891483,9.999999747378752e-05
1913,1.0,0.0009174462757073343,9.999999747378752e-05
1914,1.0,0.0006195949972607195,9.999999747378752e-05
1915,1.0,0.0006606705719605088,9.999999747378752e-05
1916,1.0,0.0008265190408565104,9.999999747378752e-05
1917,1.0,0.0005210473900660872,9.999999747378752e-05
1918,1.0,0.000684321450535208,9.999999747378752e-05
1919,1.0,0.000772956816945225,9.999999747378752e-05
1920,1.0,0.000797961198259145,9.999999747378752e-05
1921,1.0,0.0006577444146387279,9.999999747378752e-05
1922,1.0,0.0007046834798529744,9.999999747378752e-05
1923,1.0,0.00046749881585128605,9.999999747378752e-05
1924,1.0,0.0005278637399896979,9.999999747378752e-05
1925,1.0,0.0004942353698424995,9.999999747378752e-05
1926,1.0,0.000699793454259634,9.999999747378752e-05
1927,1.0,0.0006101144244894385,9.999999747378752e-05
1928,1.0,0.0006164169171825051,9.999999747378752e-05
1929,1.0,0.00046160881174728274,9.999999747378752e-05
1930,1.0,0.0005998623673804104,9.999999747378752e-05
1931,1.0,0.0004682905273512006,9.999999747378752e-05
1932,1.0,0.0007640536641702056,9.999999747378752e-05
1933,1.0,0.0010744731407612562,9.999999747378752e-05
1934,1.0,0.0006795736262574792,9.999999747378752e-05
1935,1.0,0.0005738487234339118,9.999999747378752e-05
1936,1.0,0.0005798430647701025,9.999999747378752e-05
1937,1.0,0.0005457036313600838,9.999999747378752e-05
1938,1.0,0.0006994575378485024,9.999999747378752e-05
1939,1.0,0.0006085907807573676,9.999999747378752e-05
1940,1.0,0.0006361716659739614,9.999999747378752e-05
1941,1.0,0.0005052895867265761,9.999999747378752e-05
1942,1.0,0.0003468143113423139,9.999999747378752e-05
1943,1.0,0.0004898776533082128,9.999999747378752e-05
1944,1.0,0.000542444409802556,9.999999747378752e-05
1945,1.0,0.0008108931360766292,9.999999747378752e-05
1946,1.0,0.00077966065146029,9.999999747378752e-05
1947,1.0,0.0005182900931686163,9.999999747378752e-05
1948,1.0,0.0005630459054373205,9.999999747378752e-05
1949,1.0,0.0006981254555284977,9.999999747378752e-05
1950,1.0,0.0005485154688358307,9.999999747378752e-05
1951,1.0,0.0008498982060700655,9.999999747378752e-05
1952,1.0,0.000704557285644114,9.999999747378752e-05
1953,1.0,0.0005920889670960605,9.999999747378752e-05
1954,1.0,0.0006152170826680958,9.999999747378752e-05
1955,1.0,0.00044380349572747946,9.999999747378752e-05
1956,1.0,0.0007568267174065113,9.999999747378752e-05
1957,1.0,0.0007310864748433232,9.999999747378752e-05
1958,1.0,0.0006915413541719317,9.999999747378752e-05
1959,1.0,0.00048362076631747186,9.999999747378752e-05
1960,1.0,0.0005079318070784211,9.999999747378752e-05
1961,1.0,0.0004588673764374107,9.999999747378752e-05
1962,1.0,0.000641620543319732,9.999999747378752e-05
1963,1.0,0.00039968150667846203,9.999999747378752e-05
1964,1.0,0.00047811961849220097,9.999999747378752e-05
1965,1.0,0.0004775824199896306,9.999999747378752e-05
1966,1.0,0.0006269161240197718,9.999999747378752e-05
1967,1.0,0.0006932119140401483,9.999999747378752e-05
1968,1.0,0.0004835572326555848,9.999999747378752e-05
1969,1.0,0.000761373492423445,9.999999747378752e-05
1970,1.0,0.0009259352809749544,9.999999747378752e-05
1971,1.0,0.0009054873371496797,9.999999747378752e-05
1972,1.0,0.0007104665855877101,9.999999747378752e-05
1973,1.0,0.0006709333974868059,9.999999747378752e-05
1974,1.0,0.0005117995897307992,9.999999747378752e-05
1975,1.0,0.0008545260643586516,9.999999747378752e-05
1976,1.0,0.0007566134445369244,9.999999747378752e-05
1977,1.0,0.0011160607682541013,9.999999747378752e-05
1978,1.0,0.0006922585307620466,9.999999747378752e-05
1979,1.0,0.0007717848639003932,9.999999747378752e-05
1980,1.0,0.0005200797459110618,9.999999747378752e-05
1981,1.0,0.0005794419557787478,9.999999747378752e-05
1982,1.0,0.0003432119556237012,9.999999747378752e-05
1983,1.0,0.0007228024187497795,9.999999747378752e-05
1984,1.0,0.0005400335066951811,9.999999747378752e-05
1985,1.0,0.0010065481765195727,9.999999747378752e-05
1986,1.0,0.000660412129946053,9.999999747378752e-05
1987,1.0,0.0006409140187315643,9.999999747378752e-05
1988,1.0,0.0009585404768586159,9.999999747378752e-05
1989,1.0,0.0010560834780335426,9.999999747378752e-05
1990,1.0,0.0008145285537466407,9.999999747378752e-05
1991,1.0,0.0006941311876289546,9.999999747378752e-05
1992,1.0,0.0012627883115783334,9.999999747378752e-05
1993,1.0,0.0005273441784083843,9.999999747378752e-05
1994,1.0,0.0005872159963473678,9.999999747378752e-05
1995,1.0,0.0006498993607237935,9.999999747378752e-05
1996,1.0,0.0006029033102095127,9.999999747378752e-05
1997,1.0,0.0004421526682563126,9.999999747378752e-05
1998,1.0,0.00041715663974173367,9.999999747378752e-05
1999,1.0,0.0004492572625167668,9.999999747378752e-05
