,categorical_accuracy,loss,learning_rate
0,0.24309392273426056,2.213106632232666,0.0010000000474974513
1,0.32044199109077454,2.014305591583252,0.0010000000474974513
2,0.33701658248901367,1.967786431312561,0.0010000000474974513
3,0.37569060921669006,1.8794021606445312,0.0010000000474974513
4,0.38397789001464844,1.886820912361145,0.0010000000474974513
5,0.38950276374816895,1.8126550912857056,0.0010000000474974513
6,0.3674033284187317,1.819710612297058,0.0010000000474974513
7,0.4033149182796478,1.763599157333374,0.0010000000474974513
8,0.4254143536090851,1.7473633289337158,0.0010000000474974513
9,0.4226519465446472,1.7486515045166016,0.0010000000474974513
10,0.4558010995388031,1.6780390739440918,0.0010000000474974513
11,0.4254143536090851,1.6988859176635742,0.0010000000474974513
12,0.4419889450073242,1.6358968019485474,0.0010000000474974513
13,0.4475138187408447,1.6393897533416748,0.0010000000474974513
14,0.46685081720352173,1.6155301332473755,0.0010000000474974513
15,0.4447513818740845,1.6038647890090942,0.0010000000474974513
16,0.42817679047584534,1.5993382930755615,0.0010000000474974513
17,0.469613254070282,1.5677798986434937,0.0010000000474974513
18,0.4226519465446472,1.5950309038162231,0.0010000000474974513
19,0.49723756313323975,1.5844972133636475,0.0010000000474974513
20,0.46408841013908386,1.5650955438613892,0.0010000000474974513
21,0.46685081720352173,1.5724661350250244,0.0010000000474974513
22,0.4613259732723236,1.530516266822815,0.0010000000474974513
23,0.47237569093704224,1.4756067991256714,0.0010000000474974513
24,0.5,1.4584378004074097,0.0010000000474974513
25,0.4558010995388031,1.4674060344696045,0.0010000000474974513
26,0.5,1.4855351448059082,0.0010000000474974513
27,0.4944751262664795,1.4441020488739014,0.0010000000474974513
28,0.4944751262664795,1.4442139863967896,0.0010000000474974513
29,0.4944751262664795,1.4071449041366577,0.0010000000474974513
30,0.48342540860176086,1.434658169746399,0.0010000000474974513
31,0.469613254070282,1.4305208921432495,0.0010000000474974513
32,0.5276243090629578,1.3780066967010498,0.0010000000474974513
33,0.4917127192020416,1.4271056652069092,0.0010000000474974513
34,0.5027624368667603,1.413457989692688,0.0010000000474974513
35,0.5138121843338013,1.3632681369781494,0.0010000000474974513
36,0.5386740565299988,1.3444267511367798,0.0010000000474974513
37,0.5386740565299988,1.358522891998291,0.0010000000474974513
38,0.5138121843338013,1.3820151090621948,0.0010000000474974513
39,0.4944751262664795,1.3811744451522827,0.0010000000474974513
40,0.5082873106002808,1.352258563041687,0.0010000000474974513
41,0.5165745615959167,1.3600845336914062,0.0010000000474974513
42,0.5580110549926758,1.3174240589141846,0.0010000000474974513
43,0.5718231797218323,1.3366785049438477,0.0010000000474974513
44,0.5718231797218323,1.3058338165283203,0.0010000000474974513
45,0.5552486181259155,1.2598665952682495,0.0010000000474974513
46,0.5580110549926758,1.2853437662124634,0.0010000000474974513
47,0.5386740565299988,1.290573239326477,0.0010000000474974513
48,0.5690608024597168,1.2932208776474,0.0010000000474974513
49,0.5662983655929565,1.299731969833374,0.0010000000474974513
50,0.549723744392395,1.2826746702194214,0.0010000000474974513
51,0.5662983655929565,1.2780194282531738,0.0010000000474974513
52,0.5552486181259155,1.3131248950958252,0.0010000000474974513
53,0.560773491859436,1.2802331447601318,0.0010000000474974513
54,0.580110490322113,1.257381796836853,0.0010000000474974513
55,0.5690608024597168,1.2447177171707153,0.0010000000474974513
56,0.580110490322113,1.2451376914978027,0.0010000000474974513
57,0.6049723625183105,1.2071611881256104,0.0010000000474974513
58,0.5773480534553528,1.2397640943527222,0.0010000000474974513
59,0.580110490322113,1.2127995491027832,0.0010000000474974513
60,0.549723744392395,1.2329246997833252,0.0010000000474974513
61,0.5469613075256348,1.2020549774169922,0.0010000000474974513
62,0.5745856165885925,1.208695411682129,0.0010000000474974513
63,0.6270717978477478,1.2001060247421265,0.0010000000474974513
64,0.5939226746559143,1.2007678747177124,0.0010000000474974513
65,0.6022099256515503,1.2191495895385742,0.0010000000474974513
66,0.5718231797218323,1.2354190349578857,0.0010000000474974513
67,0.580110490322113,1.2402580976486206,0.0010000000474974513
68,0.59944748878479,1.1804084777832031,0.0010000000474974513
69,0.6353591084480286,1.165662169456482,0.0010000000474974513
70,0.591160237789154,1.1358163356781006,0.0010000000474974513
71,0.6160221099853516,1.1347061395645142,0.0010000000474974513
72,0.6353591084480286,1.131025791168213,0.0010000000474974513
73,0.6160221099853516,1.1351699829101562,0.0010000000474974513
74,0.6243094205856323,1.1203460693359375,0.0010000000474974513
75,0.6077347993850708,1.127822995185852,0.0010000000474974513
76,0.6408839821815491,1.1211042404174805,0.0010000000474974513
77,0.6325966715812683,1.0959457159042358,0.0010000000474974513
78,0.6298342347145081,1.1029531955718994,0.0010000000474974513
79,0.6298342347145081,1.1579713821411133,0.0010000000474974513
80,0.6049723625183105,1.156048059463501,0.0010000000474974513
81,0.6243094205856323,1.131020188331604,0.0010000000474974513
82,0.6353591084480286,1.1038377285003662,0.0010000000474974513
83,0.6574585437774658,1.0780693292617798,0.0010000000474974513
84,0.6381215453147888,1.0972330570220947,0.0010000000474974513
85,0.6408839821815491,1.0792003870010376,0.0010000000474974513
86,0.6353591084480286,1.1004292964935303,0.0010000000474974513
87,0.6215469837188721,1.0967432260513306,0.0010000000474974513
88,0.6381215453147888,1.0780926942825317,0.0010000000474974513
89,0.6353591084480286,1.1132121086120605,0.0010000000474974513
90,0.6022099256515503,1.0878491401672363,0.0010000000474974513
91,0.6464088559150696,1.045225739479065,0.0010000000474974513
92,0.6519337296485901,1.0505530834197998,0.0010000000474974513
93,0.6767956018447876,0.9866096377372742,0.0010000000474974513
94,0.6546961069107056,1.0171241760253906,0.0010000000474974513
95,0.6546961069107056,1.0634593963623047,0.0010000000474974513
96,0.6546961069107056,1.0194675922393799,0.0010000000474974513
97,0.6519337296485901,1.0733588933944702,0.0010000000474974513
98,0.6712707281112671,1.0307514667510986,0.0010000000474974513
99,0.6491712927818298,1.0571200847625732,0.0010000000474974513
100,0.6381215453147888,1.0495648384094238,0.0010000000474974513
101,0.6657458543777466,1.0186676979064941,0.0010000000474974513
102,0.6464088559150696,1.0165280103683472,0.0010000000474974513
103,0.6491712927818298,1.0071582794189453,0.0010000000474974513
104,0.6933701634407043,0.9854605793952942,0.0010000000474974513
105,0.6933701634407043,0.9292207956314087,0.0010000000474974513
106,0.7016574740409851,0.9779018759727478,0.0010000000474974513
107,0.6933701634407043,0.958512008190155,0.0010000000474974513
108,0.6823204159736633,0.9511427283287048,0.0010000000474974513
109,0.6906077265739441,0.9767744541168213,0.0010000000474974513
110,0.6906077265739441,0.9467435479164124,0.0010000000474974513
111,0.6574585437774658,1.012211799621582,0.0010000000474974513
112,0.7016574740409851,0.9470210671424866,0.0010000000474974513
113,0.6961326003074646,0.955138087272644,0.0010000000474974513
114,0.6795580387115479,0.9384064078330994,0.0010000000474974513
115,0.7071823477745056,0.9373880624771118,0.0010000000474974513
116,0.6988950371742249,0.9151031374931335,0.0010000000474974513
117,0.7375690340995789,0.9001911878585815,0.0010000000474974513
118,0.6933701634407043,0.9321703910827637,0.0010000000474974513
119,0.6933701634407043,0.9176996350288391,0.0010000000474974513
120,0.7127071619033813,0.9103459119796753,0.0010000000474974513
121,0.7154695987701416,0.8828238844871521,0.0010000000474974513
122,0.6823204159736633,0.923971951007843,0.0010000000474974513
123,0.6961326003074646,0.9238438010215759,0.0010000000474974513
124,0.7458563446998596,0.8752411007881165,0.0010000000474974513
125,0.6961326003074646,0.9217800498008728,0.0010000000474974513
126,0.6988950371742249,0.8916052579879761,0.0010000000474974513
127,0.6906077265739441,0.9056450724601746,0.0010000000474974513
128,0.7292817831039429,0.876038670539856,0.0010000000474974513
129,0.7265193462371826,0.8788079619407654,0.0010000000474974513
130,0.7016574740409851,0.8908856511116028,0.0010000000474974513
131,0.7348066568374634,0.9088447690010071,0.0010000000474974513
132,0.7209944725036621,0.8662465810775757,0.0010000000474974513
133,0.7154695987701416,0.8917874693870544,0.0010000000474974513
134,0.6906077265739441,0.8710789680480957,0.0010000000474974513
135,0.7375690340995789,0.8502567410469055,0.0010000000474974513
136,0.7707182168960571,0.8134128451347351,0.0010000000474974513
137,0.7430939078330994,0.8519558310508728,0.0010000000474974513
138,0.7127071619033813,0.8613271117210388,0.0010000000474974513
139,0.7154695987701416,0.8327528238296509,0.0010000000474974513
140,0.7348066568374634,0.8168419003486633,0.0010000000474974513
141,0.7458563446998596,0.8022862076759338,0.0010000000474974513
142,0.7292817831039429,0.81547611951828,0.0010000000474974513
143,0.7320442199707031,0.8418265581130981,0.0010000000474974513
144,0.7320442199707031,0.8258005976676941,0.0010000000474974513
145,0.7265193462371826,0.8447107076644897,0.0010000000474974513
146,0.7513812184333801,0.8173640966415405,0.0010000000474974513
147,0.7320442199707031,0.845659613609314,0.0010000000474974513
148,0.7375690340995789,0.8157090544700623,0.0010000000474974513
149,0.7458563446998596,0.8090693950653076,0.0010000000474974513
150,0.7320442199707031,0.821844220161438,0.0010000000474974513
151,0.7348066568374634,0.8207137584686279,0.0010000000474974513
152,0.7430939078330994,0.8111571669578552,0.0010000000474974513
153,0.7651933431625366,0.7955740690231323,0.0010000000474974513
154,0.7458563446998596,0.8363515138626099,0.0010000000474974513
155,0.7348066568374634,0.8174894452095032,0.0010000000474974513
156,0.7458563446998596,0.7995057702064514,0.0010000000474974513
157,0.7209944725036621,0.8028047680854797,0.0010000000474974513
158,0.7375690340995789,0.7978973984718323,0.0010000000474974513
159,0.7513812184333801,0.7628305554389954,0.0010000000474974513
160,0.7403314709663391,0.7730559706687927,0.0010000000474974513
161,0.7541436553001404,0.771802544593811,0.0010000000474974513
162,0.7762430906295776,0.753490149974823,0.0010000000474974513
163,0.7790055274963379,0.7624005675315857,0.0010000000474974513
164,0.7651933431625366,0.751216471195221,0.0010000000474974513
165,0.7209944725036621,0.790615439414978,0.0010000000474974513
166,0.7900552749633789,0.7189947962760925,0.0010000000474974513
167,0.7375690340995789,0.7412111163139343,0.0010000000474974513
168,0.7762430906295776,0.739546537399292,0.0010000000474974513
169,0.7430939078330994,0.7465869784355164,0.0010000000474974513
170,0.7127071619033813,0.8067247867584229,0.0010000000474974513
171,0.7320442199707031,0.8065677881240845,0.0010000000474974513
172,0.7458563446998596,0.7549291849136353,0.0010000000474974513
173,0.7983425259590149,0.6999577879905701,0.0010000000474974513
174,0.7651933431625366,0.7098883390426636,0.0010000000474974513
175,0.7458563446998596,0.7442745566368103,0.0010000000474974513
176,0.7596685290336609,0.7380829453468323,0.0010000000474974513
177,0.7790055274963379,0.7199010848999023,0.0010000000474974513
178,0.7375690340995789,0.7057109475135803,0.0010000000474974513
179,0.8011049628257751,0.6956229209899902,0.0010000000474974513
180,0.7734806537628174,0.7298508882522583,0.0010000000474974513
181,0.7762430906295776,0.7101041674613953,0.0010000000474974513
182,0.7651933431625366,0.6954872608184814,0.0010000000474974513
183,0.7569060921669006,0.7139989733695984,0.0010000000474974513
184,0.7872928380966187,0.6838353872299194,0.0010000000474974513
185,0.7928176522254944,0.6726247072219849,0.0010000000474974513
186,0.7762430906295776,0.6732630729675293,0.0010000000474974513
187,0.7734806537628174,0.6936385631561279,0.0010000000474974513
188,0.8038673996925354,0.6630913019180298,0.0010000000474974513
189,0.7817679643630981,0.7056618928909302,0.0010000000474974513
190,0.7762430906295776,0.6575499773025513,0.0010000000474974513
191,0.7955800890922546,0.6466089487075806,0.0010000000474974513
192,0.7734806537628174,0.6790367364883423,0.0010000000474974513
193,0.7900552749633789,0.6990883350372314,0.0010000000474974513
194,0.8093922734260559,0.6496086120605469,0.0010000000474974513
195,0.7569060921669006,0.6712973713874817,0.0010000000474974513
196,0.7872928380966187,0.6741603016853333,0.0010000000474974513
197,0.7817679643630981,0.6495364904403687,0.0010000000474974513
198,0.7845304012298584,0.667070209980011,0.0010000000474974513
199,0.8038673996925354,0.650417149066925,0.0010000000474974513
200,0.7928176522254944,0.6356298327445984,0.0010000000474974513
201,0.7817679643630981,0.6774463057518005,0.0010000000474974513
202,0.8011049628257751,0.6614822745323181,0.0010000000474974513
203,0.7679557800292969,0.66377854347229,0.0010000000474974513
204,0.8093922734260559,0.6266816854476929,0.0010000000474974513
205,0.7983425259590149,0.6425652503967285,0.0010000000474974513
206,0.7928176522254944,0.6712545156478882,0.0010000000474974513
207,0.7817679643630981,0.6486406922340393,0.0010000000474974513
208,0.7983425259590149,0.655913770198822,0.0010000000474974513
209,0.8121547102928162,0.6345579624176025,0.0010000000474974513
210,0.8093922734260559,0.6420905590057373,0.0010000000474974513
211,0.8121547102928162,0.593148410320282,0.0010000000474974513
212,0.8232043981552124,0.587284505367279,0.0010000000474974513
213,0.7928176522254944,0.6288065314292908,0.0010000000474974513
214,0.7928176522254944,0.645538330078125,0.0010000000474974513
215,0.8093922734260559,0.6146081686019897,0.0010000000474974513
216,0.8259668350219727,0.6264616250991821,0.0010000000474974513
217,0.8038673996925354,0.6047433614730835,0.0010000000474974513
218,0.7790055274963379,0.6183149814605713,0.0010000000474974513
219,0.7955800890922546,0.632269561290741,0.0010000000474974513
220,0.8038673996925354,0.6299422383308411,0.0010000000474974513
221,0.7872928380966187,0.6819568872451782,0.0010000000474974513
222,0.8176795840263367,0.5843222737312317,0.0010000000474974513
223,0.8121547102928162,0.6089830994606018,0.0010000000474974513
224,0.8259668350219727,0.5782433748245239,0.0010000000474974513
225,0.7955800890922546,0.5948908925056458,0.0010000000474974513
226,0.8342541456222534,0.5744698643684387,0.0010000000474974513
227,0.8038673996925354,0.6287521719932556,0.0010000000474974513
228,0.8259668350219727,0.5663065910339355,0.0010000000474974513
229,0.8011049628257751,0.5777188539505005,0.0010000000474974513
230,0.8038673996925354,0.604328453540802,0.0010000000474974513
231,0.8066298365592957,0.600867509841919,0.0010000000474974513
232,0.7983425259590149,0.5993395447731018,0.0010000000474974513
233,0.8314917087554932,0.5796897411346436,0.0010000000474974513
234,0.8259668350219727,0.59446781873703,0.0010000000474974513
235,0.8287292718887329,0.5690448880195618,0.0010000000474974513
236,0.8314917087554932,0.5525170564651489,0.0010000000474974513
237,0.8453038930892944,0.5394421815872192,0.0010000000474974513
238,0.8038673996925354,0.6031606793403625,0.0010000000474974513
239,0.8342541456222534,0.5726891160011292,0.0010000000474974513
240,0.8259668350219727,0.5834113955497742,0.0010000000474974513
241,0.8342541456222534,0.5357094407081604,0.0010000000474974513
242,0.8453038930892944,0.5421549677848816,0.0010000000474974513
243,0.8453038930892944,0.571566104888916,0.0010000000474974513
244,0.8287292718887329,0.5805819034576416,0.0010000000474974513
245,0.8093922734260559,0.569743275642395,0.0010000000474974513
246,0.8425414562225342,0.5165330767631531,0.0010000000474974513
247,0.8453038930892944,0.5320753455162048,0.0010000000474974513
248,0.8535911440849304,0.5127139687538147,0.0010000000474974513
249,0.8370165824890137,0.5204043984413147,0.0010000000474974513
250,0.8397790193557739,0.5547078847885132,0.0010000000474974513
251,0.8397790193557739,0.5240359902381897,0.0010000000474974513
252,0.8149171471595764,0.5542870759963989,0.0010000000474974513
253,0.8204419612884521,0.5666540861129761,0.0010000000474974513
254,0.8121547102928162,0.5944682359695435,0.0010000000474974513
255,0.8149171471595764,0.5644307732582092,0.0010000000474974513
256,0.8342541456222534,0.5361953377723694,0.0010000000474974513
257,0.8480662703514099,0.5092030167579651,0.0010000000474974513
258,0.8314917087554932,0.5381118059158325,0.0010000000474974513
259,0.8453038930892944,0.5521274209022522,0.0010000000474974513
260,0.7955800890922546,0.5903375744819641,0.0010000000474974513
261,0.8176795840263367,0.5645467042922974,0.0010000000474974513
262,0.8397790193557739,0.5329146981239319,0.0010000000474974513
263,0.8314917087554932,0.5281442403793335,0.0010000000474974513
264,0.8508287072181702,0.5058771967887878,0.0010000000474974513
265,0.8563535809516907,0.49569618701934814,0.0010000000474974513
266,0.8093922734260559,0.5601519346237183,0.0010000000474974513
267,0.8480662703514099,0.49993225932121277,0.0010000000474974513
268,0.8370165824890137,0.5332836508750916,0.0010000000474974513
269,0.8259668350219727,0.5150448083877563,0.0010000000474974513
270,0.8591160178184509,0.5083354115486145,0.0010000000474974513
271,0.8425414562225342,0.5002439022064209,0.0010000000474974513
272,0.8729282021522522,0.45874401926994324,0.0010000000474974513
273,0.8480662703514099,0.5199311375617981,0.0010000000474974513
274,0.8674033284187317,0.49215006828308105,0.0010000000474974513
275,0.8508287072181702,0.5086000561714172,0.0010000000474974513
276,0.8176795840263367,0.5383039116859436,0.0010000000474974513
277,0.8287292718887329,0.5465322136878967,0.0010000000474974513
278,0.8314917087554932,0.5249522924423218,0.0010000000474974513
279,0.8756905794143677,0.4539734125137329,0.0010000000474974513
280,0.8646408915519714,0.478467732667923,0.0010000000474974513
281,0.8204419612884521,0.5086949467658997,0.0010000000474974513
282,0.8480662703514099,0.46759721636772156,0.0010000000474974513
283,0.8397790193557739,0.5024084448814392,0.0010000000474974513
284,0.8784530162811279,0.4610097408294678,0.0010000000474974513
285,0.8784530162811279,0.4764099419116974,0.0010000000474974513
286,0.8618784546852112,0.46997684240341187,0.0010000000474974513
287,0.8342541456222534,0.5110501646995544,0.0010000000474974513
288,0.8701657652854919,0.4514421820640564,0.0010000000474974513
289,0.8342541456222534,0.5165092349052429,0.0010000000474974513
290,0.8867403268814087,0.4435529410839081,0.0010000000474974513
291,0.8756905794143677,0.43843433260917664,0.0010000000474974513
292,0.8425414562225342,0.49512991309165955,0.0010000000474974513
293,0.8397790193557739,0.5078710913658142,0.0010000000474974513
294,0.8729282021522522,0.4730731248855591,0.0010000000474974513
295,0.8287292718887329,0.5004377365112305,0.0010000000474974513
296,0.8701657652854919,0.47574350237846375,0.0010000000474974513
297,0.8591160178184509,0.49950075149536133,0.0010000000474974513
298,0.8646408915519714,0.4492543339729309,0.0010000000474974513
299,0.8646408915519714,0.4398128390312195,0.0010000000474974513
300,0.8646408915519714,0.45990681648254395,0.0010000000474974513
301,0.8646408915519714,0.4570126533508301,0.0010000000474974513
302,0.8674033284187317,0.4599734842777252,0.0010000000474974513
303,0.8646408915519714,0.4433479607105255,0.0010000000474974513
304,0.8701657652854919,0.4432758688926697,0.0010000000474974513
305,0.8674033284187317,0.45643359422683716,0.0010000000474974513
306,0.8425414562225342,0.484775185585022,0.0010000000474974513
307,0.8535911440849304,0.47267070412635803,0.0010000000474974513
308,0.8425414562225342,0.484478622674942,0.0010000000474974513
309,0.8618784546852112,0.4568818509578705,0.0010000000474974513
310,0.8508287072181702,0.49153900146484375,0.0010000000474974513
311,0.8480662703514099,0.4726755917072296,0.0010000000474974513
312,0.8646408915519714,0.4476098418235779,0.0010000000474974513
313,0.8839778900146484,0.43034443259239197,0.0010000000474974513
314,0.8784530162811279,0.44543367624282837,0.0010000000474974513
315,0.8729282021522522,0.4276638627052307,0.0010000000474974513
316,0.9033148884773254,0.4073437750339508,0.0010000000474974513
317,0.8646408915519714,0.4287603497505188,0.0010000000474974513
318,0.8480662703514099,0.4369831085205078,0.0010000000474974513
319,0.8812154531478882,0.42917829751968384,0.0010000000474974513
320,0.8729282021522522,0.4143112301826477,0.0010000000474974513
321,0.8453038930892944,0.4607837200164795,0.0010000000474974513
322,0.8839778900146484,0.41341885924339294,0.0010000000474974513
323,0.8756905794143677,0.4127194881439209,0.0010000000474974513
324,0.8701657652854919,0.45321688055992126,0.0010000000474974513
325,0.8701657652854919,0.42512765526771545,0.0010000000474974513
326,0.8950276374816895,0.40111276507377625,0.0010000000474974513
327,0.8701657652854919,0.41073015332221985,0.0010000000474974513
328,0.8535911440849304,0.4376799762248993,0.0010000000474974513
329,0.8535911440849304,0.44828692078590393,0.0010000000474974513
330,0.8480662703514099,0.45542916655540466,0.0010000000474974513
331,0.8922652006149292,0.4006962180137634,0.0010000000474974513
332,0.8812154531478882,0.4162665903568268,0.0010000000474974513
333,0.8729282021522522,0.43371519446372986,0.0010000000474974513
334,0.8867403268814087,0.4046647846698761,0.0010000000474974513
335,0.8784530162811279,0.41227805614471436,0.0010000000474974513
336,0.9060773253440857,0.4036208987236023,0.0010000000474974513
337,0.8563535809516907,0.42212817072868347,0.0010000000474974513
338,0.889502763748169,0.4098607301712036,0.0010000000474974513
339,0.8674033284187317,0.44229432940483093,0.0010000000474974513
340,0.8812154531478882,0.40020856261253357,0.0010000000474974513
341,0.8950276374816895,0.3926295042037964,0.0010000000474974513
342,0.8867403268814087,0.383478581905365,0.0010000000474974513
343,0.8922652006149292,0.40040475130081177,0.0010000000474974513
344,0.9033148884773254,0.3757026493549347,0.0010000000474974513
345,0.8784530162811279,0.4002643823623657,0.0010000000474974513
346,0.8922652006149292,0.4067537486553192,0.0010000000474974513
347,0.8701657652854919,0.3991226553916931,0.0010000000474974513
348,0.8950276374816895,0.37955477833747864,0.0010000000474974513
349,0.8922652006149292,0.3714596629142761,0.0010000000474974513
350,0.8784530162811279,0.37613993883132935,0.0010000000474974513
351,0.90055251121521,0.36719176173210144,0.0010000000474974513
352,0.90055251121521,0.35539522767066956,0.0010000000474974513
353,0.8867403268814087,0.3769724369049072,0.0010000000474974513
354,0.9033148884773254,0.3864176571369171,0.0010000000474974513
355,0.8729282021522522,0.3915925920009613,0.0010000000474974513
356,0.8839778900146484,0.37028807401657104,0.0010000000474974513
357,0.8839778900146484,0.3928149342536926,0.0010000000474974513
358,0.889502763748169,0.3899858295917511,0.0010000000474974513
359,0.8867403268814087,0.4005170464515686,0.0010000000474974513
360,0.8563535809516907,0.4425012171268463,0.0010000000474974513
361,0.8674033284187317,0.41507673263549805,0.0010000000474974513
362,0.8701657652854919,0.4144399166107178,0.0010000000474974513
363,0.8591160178184509,0.4353192150592804,0.0010000000474974513
364,0.8922652006149292,0.39845165610313416,0.0010000000474974513
365,0.889502763748169,0.3857499361038208,0.0010000000474974513
366,0.9143646359443665,0.35780254006385803,0.0010000000474974513
367,0.8839778900146484,0.3766692876815796,0.0010000000474974513
368,0.8812154531478882,0.38712117075920105,0.0010000000474974513
369,0.8977900743484497,0.3568204939365387,0.0010000000474974513
370,0.8922652006149292,0.3875621557235718,0.0010000000474974513
371,0.9226519465446472,0.35441896319389343,0.0010000000474974513
372,0.9309391975402832,0.3354126811027527,0.0010000000474974513
373,0.9060773253440857,0.3553844392299652,0.0010000000474974513
374,0.8950276374816895,0.35843878984451294,0.0010000000474974513
375,0.8839778900146484,0.39640310406684875,0.0010000000474974513
376,0.8729282021522522,0.38381996750831604,0.0010000000474974513
377,0.8839778900146484,0.38638100028038025,0.0010000000474974513
378,0.8729282021522522,0.38131183385849,0.0010000000474974513
379,0.90055251121521,0.36168983578681946,0.0010000000474974513
380,0.9171270728111267,0.3291712999343872,0.0010000000474974513
381,0.9116021990776062,0.3361543118953705,0.0010000000474974513
382,0.8839778900146484,0.36120909452438354,0.0010000000474974513
383,0.9116021990776062,0.3495001494884491,0.0010000000474974513
384,0.8812154531478882,0.41532453894615173,0.0010000000474974513
385,0.8922652006149292,0.3899737298488617,0.0010000000474974513
386,0.90055251121521,0.36339783668518066,0.0010000000474974513
387,0.9060773253440857,0.3518316149711609,0.0010000000474974513
388,0.9116021990776062,0.3427969217300415,0.0010000000474974513
389,0.8701657652854919,0.37912431359291077,0.0010000000474974513
390,0.8922652006149292,0.3677860498428345,0.0010000000474974513
391,0.9060773253440857,0.33319520950317383,0.0010000000474974513
392,0.9116021990776062,0.32014772295951843,0.0010000000474974513
393,0.8812154531478882,0.38257402181625366,0.0010000000474974513
394,0.8784530162811279,0.3804871737957001,0.0010000000474974513
395,0.8922652006149292,0.38166096806526184,0.0010000000474974513
396,0.9060773253440857,0.3489623963832855,0.0010000000474974513
397,0.8756905794143677,0.38116106390953064,0.0010000000474974513
398,0.9033148884773254,0.3583645522594452,0.0010000000474974513
399,0.889502763748169,0.3619166314601898,0.0010000000474974513
400,0.8839778900146484,0.361023485660553,0.0010000000474974513
401,0.9033148884773254,0.3487476706504822,0.0010000000474974513
402,0.908839762210846,0.32175499200820923,0.0010000000474974513
403,0.919889509677887,0.31636756658554077,0.0010000000474974513
404,0.9116021990776062,0.3142748177051544,0.0010000000474974513
405,0.8977900743484497,0.3355466425418854,0.0010000000474974513
406,0.908839762210846,0.35226696729660034,0.0010000000474974513
407,0.8977900743484497,0.33818063139915466,0.0010000000474974513
408,0.8812154531478882,0.3362177312374115,0.0010000000474974513
409,0.919889509677887,0.3313988149166107,0.0010000000474974513
410,0.919889509677887,0.31312042474746704,0.0010000000474974513
411,0.90055251121521,0.3284253478050232,0.0010000000474974513
412,0.908839762210846,0.30390819907188416,0.0010000000474974513
413,0.908839762210846,0.32641369104385376,0.0010000000474974513
414,0.90055251121521,0.3460289239883423,0.0010000000474974513
415,0.908839762210846,0.3395688533782959,0.0010000000474974513
416,0.9033148884773254,0.35846108198165894,0.0010000000474974513
417,0.9116021990776062,0.3244335949420929,0.0010000000474974513
418,0.8922652006149292,0.368767112493515,0.0010000000474974513
419,0.8591160178184509,0.4208572208881378,0.0010000000474974513
420,0.8922652006149292,0.34888771176338196,0.0010000000474974513
421,0.8756905794143677,0.36737439036369324,0.0010000000474974513
422,0.8646408915519714,0.3889951705932617,0.0010000000474974513
423,0.9033148884773254,0.3354352116584778,0.0010000000474974513
424,0.8867403268814087,0.34415504336357117,0.0010000000474974513
425,0.9143646359443665,0.3044235110282898,0.0010000000474974513
426,0.908839762210846,0.30549243092536926,0.0010000000474974513
427,0.8977900743484497,0.3356974422931671,0.0010000000474974513
428,0.919889509677887,0.2996869385242462,0.0010000000474974513
429,0.9281768202781677,0.2829105854034424,0.0010000000474974513
430,0.9254143834114075,0.2821151912212372,0.0010000000474974513
431,0.9254143834114075,0.28202179074287415,0.0010000000474974513
432,0.9309391975402832,0.3041761517524719,0.0010000000474974513
433,0.9226519465446472,0.29565346240997314,0.0010000000474974513
434,0.9033148884773254,0.3349837362766266,0.0010000000474974513
435,0.8977900743484497,0.322719544172287,0.0010000000474974513
436,0.9143646359443665,0.35818246006965637,0.0010000000474974513
437,0.9033148884773254,0.31097665429115295,0.0010000000474974513
438,0.9116021990776062,0.30443495512008667,0.0010000000474974513
439,0.9060773253440857,0.30321067571640015,0.0010000000474974513
440,0.9309391975402832,0.3011900782585144,0.0010000000474974513
441,0.9116021990776062,0.303780734539032,0.0010000000474974513
442,0.9171270728111267,0.30470797419548035,0.0010000000474974513
443,0.9226519465446472,0.2941167950630188,0.0010000000474974513
444,0.8950276374816895,0.34367844462394714,0.0010000000474974513
445,0.9116021990776062,0.3227863907814026,0.0010000000474974513
446,0.9254143834114075,0.29445314407348633,0.0010000000474974513
447,0.9060773253440857,0.29098621010780334,0.0010000000474974513
448,0.919889509677887,0.2956972122192383,0.0010000000474974513
449,0.889502763748169,0.31326258182525635,0.0010000000474974513
450,0.9033148884773254,0.2966657280921936,0.0010000000474974513
451,0.919889509677887,0.278518408536911,0.0010000000474974513
452,0.9226519465446472,0.2861531376838684,0.0010000000474974513
453,0.908839762210846,0.29322192072868347,0.0010000000474974513
454,0.9171270728111267,0.3015625774860382,0.0010000000474974513
455,0.9171270728111267,0.2983287274837494,0.0010000000474974513
456,0.9226519465446472,0.2836475670337677,0.0010000000474974513
457,0.8977900743484497,0.3050523102283478,0.0010000000474974513
458,0.9254143834114075,0.28922536969184875,0.0010000000474974513
459,0.9226519465446472,0.28980618715286255,0.0010000000474974513
460,0.9226519465446472,0.29651692509651184,0.0010000000474974513
461,0.9337016344070435,0.2696276903152466,0.0010000000474974513
462,0.919889509677887,0.27545467019081116,0.0010000000474974513
463,0.9060773253440857,0.32914766669273376,0.0010000000474974513
464,0.919889509677887,0.2908642888069153,0.0010000000474974513
465,0.90055251121521,0.3076549470424652,0.0010000000474974513
466,0.8950276374816895,0.33157846331596375,0.0010000000474974513
467,0.9309391975402832,0.2898412346839905,0.0010000000474974513
468,0.9337016344070435,0.267379492521286,0.0010000000474974513
469,0.9364640712738037,0.2547474801540375,0.0010000000474974513
470,0.9337016344070435,0.2556215226650238,0.0010000000474974513
471,0.9254143834114075,0.2703539729118347,0.0010000000474974513
472,0.9116021990776062,0.31102126836776733,0.0010000000474974513
473,0.8839778900146484,0.3309873640537262,0.0010000000474974513
474,0.8977900743484497,0.2996625006198883,0.0010000000474974513
475,0.9033148884773254,0.2909214496612549,0.0010000000474974513
476,0.9116021990776062,0.3112335503101349,0.0010000000474974513
477,0.919889509677887,0.28589460253715515,0.0010000000474974513
478,0.950276255607605,0.24118851125240326,0.0010000000474974513
479,0.9226519465446472,0.27034130692481995,0.0010000000474974513
480,0.9254143834114075,0.2710285782814026,0.0010000000474974513
481,0.9171270728111267,0.2914510667324066,0.0010000000474974513
482,0.9281768202781677,0.27904167771339417,0.0010000000474974513
483,0.919889509677887,0.26837825775146484,0.0010000000474974513
484,0.9364640712738037,0.26283684372901917,0.0010000000474974513
485,0.908839762210846,0.2659895420074463,0.0010000000474974513
486,0.919889509677887,0.282312273979187,0.0010000000474974513
487,0.908839762210846,0.3046242892742157,0.0010000000474974513
488,0.9171270728111267,0.2860959470272064,0.0010000000474974513
489,0.8977900743484497,0.32251328229904175,0.0010000000474974513
490,0.9116021990776062,0.27102532982826233,0.0010000000474974513
491,0.9226519465446472,0.27590328454971313,0.0010000000474974513
492,0.9309391975402832,0.2533855438232422,0.0010000000474974513
493,0.919889509677887,0.2871442139148712,0.0010000000474974513
494,0.9143646359443665,0.2782328128814697,0.0010000000474974513
495,0.919889509677887,0.2924596965312958,0.0010000000474974513
496,0.919889509677887,0.2854045033454895,0.0010000000474974513
497,0.9226519465446472,0.27056074142456055,0.0010000000474974513
498,0.9309391975402832,0.26171958446502686,0.0010000000474974513
499,0.8950276374816895,0.30377164483070374,0.0010000000474974513
500,0.9309391975402832,0.2749694585800171,0.0010000000474974513
501,0.9337016344070435,0.2737322449684143,0.0010000000474974513
502,0.9309391975402832,0.2663899064064026,0.0010000000474974513
503,0.9254143834114075,0.2765323221683502,0.0010000000474974513
504,0.9226519465446472,0.28197747468948364,0.0010000000474974513
505,0.9254143834114075,0.24968555569648743,0.0010000000474974513
506,0.9116021990776062,0.26178479194641113,0.0010000000474974513
507,0.9171270728111267,0.2795318067073822,0.0010000000474974513
508,0.90055251121521,0.29305487871170044,0.0010000000474974513
509,0.9171270728111267,0.3058871626853943,0.0010000000474974513
510,0.9281768202781677,0.2755544185638428,0.0010000000474974513
511,0.9143646359443665,0.28324031829833984,0.0010000000474974513
512,0.9337016344070435,0.2440318763256073,0.0010000000474974513
513,0.908839762210846,0.27032145857810974,0.0010000000474974513
514,0.90055251121521,0.28041261434555054,0.0010000000474974513
515,0.908839762210846,0.2736925482749939,0.0010000000474974513
516,0.919889509677887,0.2882668375968933,0.0010000000474974513
517,0.9337016344070435,0.2752698063850403,0.0010000000474974513
518,0.919889509677887,0.2891663908958435,0.0010000000474974513
519,0.9364640712738037,0.23616494238376617,0.0010000000474974513
520,0.9419889450073242,0.2549213469028473,0.0010000000474974513
521,0.9171270728111267,0.26331430673599243,0.0010000000474974513
522,0.9254143834114075,0.27616649866104126,0.0010000000474974513
523,0.9226519465446472,0.2688640356063843,0.0010000000474974513
524,0.9364640712738037,0.2499457448720932,0.0010000000474974513
525,0.9226519465446472,0.2632482647895813,0.0010000000474974513
526,0.9337016344070435,0.21630991995334625,0.0010000000474974513
527,0.9254143834114075,0.26100319623947144,0.0010000000474974513
528,0.9337016344070435,0.24088384211063385,0.0010000000474974513
529,0.9309391975402832,0.239726722240448,0.0010000000474974513
530,0.9447513818740845,0.23057755827903748,0.0010000000474974513
531,0.9530386924743652,0.21807745099067688,0.0010000000474974513
532,0.9143646359443665,0.28711214661598206,0.0010000000474974513
533,0.9364640712738037,0.25171124935150146,0.0010000000474974513
534,0.9254143834114075,0.2553167939186096,0.0010000000474974513
535,0.9309391975402832,0.23970305919647217,0.0010000000474974513
536,0.9364640712738037,0.22348201274871826,0.0010000000474974513
537,0.939226508140564,0.2300327569246292,0.0010000000474974513
538,0.939226508140564,0.23912332952022552,0.0010000000474974513
539,0.9254143834114075,0.24113383889198303,0.0010000000474974513
540,0.939226508140564,0.23316803574562073,0.0010000000474974513
541,0.9171270728111267,0.26782992482185364,0.0010000000474974513
542,0.908839762210846,0.25081273913383484,0.0010000000474974513
543,0.939226508140564,0.25044679641723633,0.0010000000474974513
544,0.919889509677887,0.25190669298171997,0.0010000000474974513
545,0.939226508140564,0.23435139656066895,0.0010000000474974513
546,0.9060773253440857,0.24446777999401093,0.0010000000474974513
547,0.9171270728111267,0.2653043866157532,0.0010000000474974513
548,0.9171270728111267,0.27548086643218994,0.0010000000474974513
549,0.9226519465446472,0.26070958375930786,0.0010000000474974513
550,0.9337016344070435,0.23066145181655884,0.0010000000474974513
551,0.9281768202781677,0.22623229026794434,0.0010000000474974513
552,0.9419889450073242,0.22186873853206635,0.0010000000474974513
553,0.9640883803367615,0.18907292187213898,0.0010000000474974513
554,0.9254143834114075,0.23576202988624573,0.0010000000474974513
555,0.9254143834114075,0.24958324432373047,0.0010000000474974513
556,0.9337016344070435,0.24240484833717346,0.0010000000474974513
557,0.919889509677887,0.29006054997444153,0.0010000000474974513
558,0.9337016344070435,0.25598737597465515,0.0010000000474974513
559,0.9226519465446472,0.25460973381996155,0.0010000000474974513
560,0.9281768202781677,0.24262405931949615,0.0010000000474974513
561,0.9419889450073242,0.20401106774806976,0.0010000000474974513
562,0.9309391975402832,0.2552429735660553,0.0010000000474974513
563,0.9337016344070435,0.26807019114494324,0.0010000000474974513
564,0.9364640712738037,0.23857884109020233,0.0010000000474974513
565,0.939226508140564,0.23665429651737213,0.0010000000474974513
566,0.919889509677887,0.24737852811813354,0.0010000000474974513
567,0.9171270728111267,0.2433682233095169,0.0010000000474974513
568,0.9337016344070435,0.22967959940433502,0.0010000000474974513
569,0.9419889450073242,0.22393843531608582,0.0010000000474974513
570,0.939226508140564,0.2300233095884323,0.0010000000474974513
571,0.9419889450073242,0.24285924434661865,0.0010000000474974513
572,0.939226508140564,0.2264145463705063,0.0010000000474974513
573,0.9558011293411255,0.20261862874031067,0.0010000000474974513
574,0.9281768202781677,0.23356156051158905,0.0010000000474974513
575,0.9475138187408447,0.2120511531829834,0.0010000000474974513
576,0.9364640712738037,0.21634511649608612,0.0010000000474974513
577,0.9337016344070435,0.2224714756011963,0.0010000000474974513
578,0.9447513818740845,0.20117349922657013,0.0010000000474974513
579,0.9254143834114075,0.21916906535625458,0.0010000000474974513
580,0.9281768202781677,0.22970722615718842,0.0010000000474974513
581,0.9530386924743652,0.19445282220840454,0.0010000000474974513
582,0.9475138187408447,0.20941218733787537,0.0010000000474974513
583,0.958563506603241,0.1972724348306656,0.0010000000474974513
584,0.9558011293411255,0.196430504322052,0.0010000000474974513
585,0.9226519465446472,0.23528634011745453,0.0010000000474974513
586,0.958563506603241,0.19653387367725372,0.0010000000474974513
587,0.9337016344070435,0.22353652119636536,0.0010000000474974513
588,0.9447513818740845,0.18923956155776978,0.0010000000474974513
589,0.9254143834114075,0.21472153067588806,0.0010000000474974513
590,0.9309391975402832,0.21788828074932098,0.0010000000474974513
591,0.9447513818740845,0.21106776595115662,0.0010000000474974513
592,0.9364640712738037,0.22341176867485046,0.0010000000474974513
593,0.9171270728111267,0.23881769180297852,0.0010000000474974513
594,0.919889509677887,0.2562943696975708,0.0010000000474974513
595,0.9558011293411255,0.19297507405281067,0.0010000000474974513
596,0.9419889450073242,0.21411560475826263,0.0010000000474974513
597,0.9419889450073242,0.20758073031902313,0.0010000000474974513
598,0.9530386924743652,0.20744460821151733,0.0010000000474974513
599,0.9558011293411255,0.19346119463443756,0.0010000000474974513
600,0.9171270728111267,0.22933226823806763,0.0010000000474974513
601,0.9558011293411255,0.19842103123664856,0.0010000000474974513
602,0.9558011293411255,0.18223710358142853,0.0010000000474974513
603,0.950276255607605,0.21140512824058533,0.0010000000474974513
604,0.9419889450073242,0.2679845690727234,0.0010000000474974513
605,0.9447513818740845,0.20045465230941772,0.0010000000474974513
606,0.9226519465446472,0.23030386865139008,0.0010000000474974513
607,0.939226508140564,0.2225174605846405,0.0010000000474974513
608,0.9558011293411255,0.18266960978507996,0.0010000000474974513
609,0.9447513818740845,0.21622216701507568,0.0010000000474974513
610,0.9364640712738037,0.23137620091438293,0.0010000000474974513
611,0.8977900743484497,0.29463112354278564,0.0010000000474974513
612,0.9226519465446472,0.3023126423358917,0.0010000000474974513
613,0.9254143834114075,0.23000025749206543,0.0010000000474974513
614,0.9254143834114075,0.25959327816963196,0.0010000000474974513
615,0.9419889450073242,0.22825810313224792,0.0010000000474974513
616,0.9309391975402832,0.21765486896038055,0.0010000000474974513
617,0.939226508140564,0.22494174540042877,0.0010000000474974513
618,0.939226508140564,0.2222631275653839,0.0010000000474974513
619,0.950276255607605,0.2072487473487854,0.0010000000474974513
620,0.939226508140564,0.21482889354228973,0.0010000000474974513
621,0.9613259434700012,0.18710169196128845,0.0010000000474974513
622,0.9558011293411255,0.1829739362001419,0.0010000000474974513
623,0.958563506603241,0.1715926080942154,0.0010000000474974513
624,0.9613259434700012,0.1851380318403244,0.0010000000474974513
625,0.9668508172035217,0.1704922914505005,0.0010000000474974513
626,0.9640883803367615,0.16407020390033722,0.0010000000474974513
627,0.969613254070282,0.17076626420021057,0.0010000000474974513
628,0.958563506603241,0.17607377469539642,0.0010000000474974513
629,0.969613254070282,0.17825642228126526,0.0010000000474974513
630,0.9558011293411255,0.18175141513347626,0.0010000000474974513
631,0.9723756909370422,0.1572641134262085,0.0010000000474974513
632,0.9640883803367615,0.17080748081207275,0.0010000000474974513
633,0.9475138187408447,0.19701670110225677,0.0010000000474974513
634,0.950276255607605,0.19306720793247223,0.0010000000474974513
635,0.9419889450073242,0.21263864636421204,0.0010000000474974513
636,0.9447513818740845,0.20183873176574707,0.0010000000474974513
637,0.950276255607605,0.1833191066980362,0.0010000000474974513
638,0.9281768202781677,0.2254868447780609,0.0010000000474974513
639,0.958563506603241,0.17655369639396667,0.0010000000474974513
640,0.939226508140564,0.18788325786590576,0.0010000000474974513
641,0.9530386924743652,0.17727909982204437,0.0010000000474974513
642,0.9613259434700012,0.1672479659318924,0.0010000000474974513
643,0.9668508172035217,0.18125344812870026,0.0010000000474974513
644,0.9419889450073242,0.21669887006282806,0.0010000000474974513
645,0.919889509677887,0.21484221518039703,0.0010000000474974513
646,0.9337016344070435,0.22548919916152954,0.0010000000474974513
647,0.9419889450073242,0.20475280284881592,0.0010000000474974513
648,0.958563506603241,0.1711808443069458,0.0010000000474974513
649,0.958563506603241,0.17417128384113312,0.0010000000474974513
650,0.9447513818740845,0.18475981056690216,0.0010000000474974513
651,0.9613259434700012,0.17723114788532257,0.0010000000474974513
652,0.950276255607605,0.17920848727226257,0.0010000000474974513
653,0.950276255607605,0.17881330847740173,0.0010000000474974513
654,0.9668508172035217,0.1617167741060257,0.0010000000474974513
655,0.9613259434700012,0.17560438811779022,0.0010000000474974513
656,0.9419889450073242,0.17806987464427948,0.0010000000474974513
657,0.9530386924743652,0.17355233430862427,0.0010000000474974513
658,0.9640883803367615,0.17589150369167328,0.0010000000474974513
659,0.9558011293411255,0.17497317492961884,0.0010000000474974513
660,0.969613254070282,0.16355760395526886,0.0010000000474974513
661,0.9475138187408447,0.18335576355457306,0.0010000000474974513
662,0.9447513818740845,0.20044152438640594,0.0010000000474974513
663,0.9475138187408447,0.20892605185508728,0.0010000000474974513
664,0.9309391975402832,0.20652730762958527,0.0010000000474974513
665,0.950276255607605,0.18896088004112244,0.0010000000474974513
666,0.9447513818740845,0.2095712274312973,0.0010000000474974513
667,0.9558011293411255,0.18533167243003845,0.0010000000474974513
668,0.9419889450073242,0.19928370416164398,0.0010000000474974513
669,0.9640883803367615,0.1685028225183487,0.0010000000474974513
670,0.9613259434700012,0.151014044880867,0.0010000000474974513
671,0.9558011293411255,0.19124075770378113,0.0010000000474974513
672,0.939226508140564,0.2297845482826233,0.0010000000474974513
673,0.9530386924743652,0.17092375457286835,0.0010000000474974513
674,0.9419889450073242,0.17926044762134552,0.0010000000474974513
675,0.9309391975402832,0.21054388582706451,0.0010000000474974513
676,0.9281768202781677,0.19079405069351196,0.0010000000474974513
677,0.950276255607605,0.20999807119369507,0.0010000000474974513
678,0.9558011293411255,0.17854471504688263,0.0010000000474974513
679,0.958563506603241,0.17827223241329193,0.0010000000474974513
680,0.9834254384040833,0.14026066660881042,0.0010000000474974513
681,0.9668508172035217,0.1517055332660675,0.0010000000474974513
682,0.9640883803367615,0.16625536978244781,0.0010000000474974513
683,0.950276255607605,0.16936621069908142,0.0010000000474974513
684,0.9419889450073242,0.18883372843265533,0.0010000000474974513
685,0.9613259434700012,0.15685918927192688,0.0010000000474974513
686,0.958563506603241,0.1823083460330963,0.0010000000474974513
687,0.9558011293411255,0.1576216220855713,0.0010000000474974513
688,0.958563506603241,0.17448146641254425,0.0010000000474974513
689,0.950276255607605,0.17643126845359802,0.0010000000474974513
690,0.9640883803367615,0.16013726592063904,0.0010000000474974513
691,0.9640883803367615,0.14728009700775146,0.0010000000474974513
692,0.9475138187408447,0.19164001941680908,0.0010000000474974513
693,0.9419889450073242,0.20758722722530365,0.0010000000474974513
694,0.9530386924743652,0.18236950039863586,0.0010000000474974513
695,0.969613254070282,0.1570822298526764,0.0010000000474974513
696,0.939226508140564,0.18763616681098938,0.0010000000474974513
697,0.950276255607605,0.18087346851825714,0.0010000000474974513
698,0.9640883803367615,0.16095370054244995,0.0010000000474974513
699,0.9613259434700012,0.15009482204914093,0.0010000000474974513
700,0.9558011293411255,0.18053613603115082,0.0010000000474974513
701,0.9640883803367615,0.1487596184015274,0.0010000000474974513
702,0.958563506603241,0.15731759369373322,0.0010000000474974513
703,0.9530386924743652,0.1572626680135727,0.0010000000474974513
704,0.9475138187408447,0.17439879477024078,0.0010000000474974513
705,0.9281768202781677,0.18094031512737274,0.0010000000474974513
706,0.9447513818740845,0.17844536900520325,0.0010000000474974513
707,0.9337016344070435,0.20097486674785614,0.0010000000474974513
708,0.969613254070282,0.16754277050495148,0.0010000000474974513
709,0.9613259434700012,0.14265212416648865,0.0010000000474974513
710,0.958563506603241,0.1546325534582138,0.0010000000474974513
711,0.950276255607605,0.1869255155324936,0.0010000000474974513
712,0.969613254070282,0.14442437887191772,0.0010000000474974513
713,0.9309391975402832,0.17764343321323395,0.0010000000474974513
714,0.9558011293411255,0.1506517380475998,0.0010000000474974513
715,0.9447513818740845,0.18843433260917664,0.0010000000474974513
716,0.950276255607605,0.1682845652103424,0.0010000000474974513
717,0.958563506603241,0.16218416392803192,0.0010000000474974513
718,0.9723756909370422,0.15021659433841705,0.0010000000474974513
719,0.9668508172035217,0.1392320841550827,0.0010000000474974513
720,0.9530386924743652,0.14813899993896484,0.0010000000474974513
721,0.9751381278038025,0.14000023901462555,0.0010000000474974513
722,0.939226508140564,0.15729309618473053,0.0010000000474974513
723,0.9613259434700012,0.17369188368320465,0.0010000000474974513
724,0.969613254070282,0.14348499476909637,0.0010000000474974513
725,0.939226508140564,0.18800920248031616,0.0010000000474974513
726,0.950276255607605,0.1826489269733429,0.0010000000474974513
727,0.9530386924743652,0.17171481251716614,0.0010000000474974513
728,0.958563506603241,0.15918125212192535,0.0010000000474974513
729,0.9751381278038025,0.1395726203918457,0.0010000000474974513
730,0.9668508172035217,0.14956766366958618,0.0010000000474974513
731,0.9530386924743652,0.15226571261882782,0.0010000000474974513
732,0.9447513818740845,0.17936818301677704,0.0010000000474974513
733,0.9613259434700012,0.15603820979595184,0.0010000000474974513
734,0.950276255607605,0.15576590597629547,0.0010000000474974513
735,0.9640883803367615,0.14765290915966034,0.0010000000474974513
736,0.9613259434700012,0.15074752271175385,0.0010000000474974513
737,0.969613254070282,0.13045504689216614,0.0010000000474974513
738,0.969613254070282,0.12754422426223755,0.0010000000474974513
739,0.969613254070282,0.13735103607177734,0.0010000000474974513
740,0.969613254070282,0.1255798488855362,0.0010000000474974513
741,0.9668508172035217,0.13172917068004608,0.0010000000474974513
742,0.9640883803367615,0.147769033908844,0.0010000000474974513
743,0.9558011293411255,0.1402844786643982,0.0010000000474974513
744,0.969613254070282,0.13690690696239471,0.0010000000474974513
745,0.9558011293411255,0.14502829313278198,0.0010000000474974513
746,0.969613254070282,0.13867095112800598,0.0010000000474974513
747,0.9530386924743652,0.15659299492835999,0.0010000000474974513
748,0.9475138187408447,0.18244867026805878,0.0010000000474974513
749,0.9558011293411255,0.17890888452529907,0.0010000000474974513
750,0.9530386924743652,0.165263369679451,0.0010000000474974513
751,0.950276255607605,0.18616005778312683,0.0010000000474974513
752,0.9364640712738037,0.21260502934455872,0.0010000000474974513
753,0.9613259434700012,0.16654245555400848,0.0010000000474974513
754,0.9558011293411255,0.15930655598640442,0.0010000000474974513
755,0.9530386924743652,0.18254400789737701,0.0010000000474974513
756,0.9475138187408447,0.16551680862903595,0.0010000000474974513
757,0.9668508172035217,0.18032172322273254,0.0010000000474974513
758,0.9530386924743652,0.161278635263443,0.0010000000474974513
759,0.969613254070282,0.13571560382843018,0.0010000000474974513
760,0.969613254070282,0.12849533557891846,0.0010000000474974513
761,0.9640883803367615,0.13775694370269775,0.0010000000474974513
762,0.9613259434700012,0.12552738189697266,0.0010000000474974513
763,0.9558011293411255,0.14061453938484192,0.0010000000474974513
764,0.950276255607605,0.1582653671503067,0.0010000000474974513
765,0.9668508172035217,0.132862851023674,0.0010000000474974513
766,0.969613254070282,0.13077251613140106,0.0010000000474974513
767,0.9613259434700012,0.13279639184474945,0.0010000000474974513
768,0.969613254070282,0.1447995901107788,0.0010000000474974513
769,0.9640883803367615,0.15571366250514984,0.0010000000474974513
770,0.9723756909370422,0.12733525037765503,0.0010000000474974513
771,0.9640883803367615,0.146514430642128,0.0010000000474974513
772,0.9613259434700012,0.1516311764717102,0.0010000000474974513
773,0.980663001537323,0.12024998664855957,0.0010000000474974513
774,0.9309391975402832,0.17159467935562134,0.0010000000474974513
775,0.9668508172035217,0.15905220806598663,0.0010000000474974513
776,0.9613259434700012,0.14045988023281097,0.0010000000474974513
777,0.9640883803367615,0.14094604551792145,0.0010000000474974513
778,0.9723756909370422,0.10987881571054459,0.0010000000474974513
779,0.9723756909370422,0.12349984049797058,0.0010000000474974513
780,0.9613259434700012,0.13918417692184448,0.0010000000474974513
781,0.9723756909370422,0.11908496171236038,0.0010000000474974513
782,0.9530386924743652,0.15996772050857544,0.0010000000474974513
783,0.958563506603241,0.1557021588087082,0.0010000000474974513
784,0.9530386924743652,0.151518777012825,0.0010000000474974513
785,0.9447513818740845,0.18282634019851685,0.0010000000474974513
786,0.9530386924743652,0.16100800037384033,0.0010000000474974513
787,0.9558011293411255,0.15386994183063507,0.0010000000474974513
788,0.9530386924743652,0.18396921455860138,0.0010000000474974513
789,0.9723756909370422,0.13508859276771545,0.0010000000474974513
790,0.9668508172035217,0.1351168155670166,0.0010000000474974513
791,0.958563506603241,0.12754838168621063,0.0010000000474974513
792,0.9751381278038025,0.12885649502277374,0.0010000000474974513
793,0.9723756909370422,0.12101142853498459,0.0010000000474974513
794,0.9834254384040833,0.11657281965017319,0.0010000000474974513
795,0.9723756909370422,0.11529865860939026,0.0010000000474974513
796,0.9779005646705627,0.09810959547758102,0.0010000000474974513
797,0.980663001537323,0.10243286192417145,0.0010000000474974513
798,0.958563506603241,0.13978558778762817,0.0010000000474974513
799,0.969613254070282,0.1389763504266739,0.0010000000474974513
800,0.9613259434700012,0.13571161031723022,0.0010000000474974513
801,0.9723756909370422,0.11291415244340897,0.0010000000474974513
802,0.9613259434700012,0.12620067596435547,0.0010000000474974513
803,0.980663001537323,0.11402051895856857,0.0010000000474974513
804,0.9668508172035217,0.12028408795595169,0.0010000000474974513
805,0.969613254070282,0.10678571462631226,0.0010000000474974513
806,0.980663001537323,0.12031969428062439,0.0010000000474974513
807,0.9668508172035217,0.1373242735862732,0.0010000000474974513
808,0.958563506603241,0.12792319059371948,0.0010000000474974513
809,0.969613254070282,0.12143886089324951,0.0010000000474974513
810,0.9558011293411255,0.13313554227352142,0.0010000000474974513
811,0.9834254384040833,0.1057242900133133,0.0010000000474974513
812,0.9834254384040833,0.09614311903715134,0.0010000000474974513
813,0.9668508172035217,0.11747298389673233,0.0010000000474974513
814,0.9668508172035217,0.13435609638690948,0.0010000000474974513
815,0.950276255607605,0.13787393271923065,0.0010000000474974513
816,0.9613259434700012,0.13462047278881073,0.0010000000474974513
817,0.9640883803367615,0.14128659665584564,0.0010000000474974513
818,0.9530386924743652,0.15655697882175446,0.0010000000474974513
819,0.9475138187408447,0.16845543682575226,0.0010000000474974513
820,0.9723756909370422,0.13524672389030457,0.0010000000474974513
821,0.958563506603241,0.13320136070251465,0.0010000000474974513
822,0.969613254070282,0.1342259645462036,0.0010000000474974513
823,0.9640883803367615,0.13650929927825928,0.0010000000474974513
824,0.9723756909370422,0.12982039153575897,0.0010000000474974513
825,0.9419889450073242,0.16570228338241577,0.0010000000474974513
826,0.980663001537323,0.11145706474781036,0.0010000000474974513
827,0.9668508172035217,0.13307145237922668,0.0010000000474974513
828,0.9640883803367615,0.12799973785877228,0.0010000000474974513
829,0.9530386924743652,0.14912520349025726,0.0010000000474974513
830,0.9613259434700012,0.1529853641986847,0.0010000000474974513
831,0.9668508172035217,0.13634976744651794,0.0010000000474974513
832,0.9558011293411255,0.1277555525302887,0.0010000000474974513
833,0.980663001537323,0.13527347147464752,0.0010000000474974513
834,0.9475138187408447,0.15607284009456635,0.0010000000474974513
835,0.9447513818740845,0.18856358528137207,0.0010000000474974513
836,0.9309391975402832,0.18741443753242493,0.0010000000474974513
837,0.9419889450073242,0.16252271831035614,0.0010000000474974513
838,0.9779005646705627,0.1150287538766861,0.0010000000474974513
839,0.9917126893997192,0.08922780305147171,0.0010000000474974513
840,0.9779005646705627,0.10571099072694778,0.0010000000474974513
841,0.9779005646705627,0.11302600055932999,0.0010000000474974513
842,0.9779005646705627,0.10134132206439972,0.0010000000474974513
843,0.9723756909370422,0.1143670380115509,0.0010000000474974513
844,0.969613254070282,0.1251356154680252,0.0010000000474974513
845,0.950276255607605,0.177936851978302,0.0010000000474974513
846,0.950276255607605,0.16442905366420746,0.0010000000474974513
847,0.9254143834114075,0.241883784532547,0.0010000000474974513
848,0.9226519465446472,0.21856725215911865,0.0010000000474974513
849,0.950276255607605,0.16536614298820496,0.0010000000474974513
850,0.9640883803367615,0.14346526563167572,0.0010000000474974513
851,0.9861878156661987,0.1058289036154747,0.0010000000474974513
852,0.9779005646705627,0.10997319966554642,0.0010000000474974513
853,0.9779005646705627,0.10896174609661102,0.0010000000474974513
854,0.9779005646705627,0.10369069129228592,0.0010000000474974513
855,0.9861878156661987,0.08268998563289642,0.0010000000474974513
856,0.9779005646705627,0.09769050776958466,0.0010000000474974513
857,0.9779005646705627,0.097745381295681,0.0010000000474974513
858,0.9972375631332397,0.07736613601446152,0.0010000000474974513
859,0.9834254384040833,0.0874996930360794,0.0010000000474974513
860,0.9668508172035217,0.1274590939283371,0.0010000000474974513
861,0.9779005646705627,0.10310188680887222,0.0010000000474974513
862,0.969613254070282,0.10060586780309677,0.0010000000474974513
863,0.9640883803367615,0.12103421986103058,0.0010000000474974513
864,0.9419889450073242,0.15279504656791687,0.0010000000474974513
865,0.9613259434700012,0.13876405358314514,0.0010000000474974513
866,0.980663001537323,0.1262897253036499,0.0010000000474974513
867,0.9779005646705627,0.10627096146345139,0.0010000000474974513
868,0.9779005646705627,0.10023584216833115,0.0010000000474974513
869,0.9779005646705627,0.11132346838712692,0.0010000000474974513
870,0.9779005646705627,0.11279342323541641,0.0010000000474974513
871,0.9779005646705627,0.09468603134155273,0.0010000000474974513
872,0.9861878156661987,0.08596453070640564,0.0010000000474974513
873,0.9917126893997192,0.08519455790519714,0.0010000000474974513
874,0.9779005646705627,0.09861072152853012,0.0010000000474974513
875,0.9779005646705627,0.0860767737030983,0.0010000000474974513
876,0.9558011293411255,0.12728093564510345,0.0010000000474974513
877,0.958563506603241,0.1650545299053192,0.0010000000474974513
878,0.9447513818740845,0.17910274863243103,0.0010000000474974513
879,0.9530386924743652,0.14472509920597076,0.0010000000474974513
880,0.980663001537323,0.10310553759336472,0.0010000000474974513
881,0.9723756909370422,0.11098156869411469,0.0010000000474974513
882,0.9668508172035217,0.1254350244998932,0.0010000000474974513
883,0.9861878156661987,0.10165759176015854,0.0010000000474974513
884,0.988950252532959,0.10147497057914734,0.0010000000474974513
885,0.969613254070282,0.12835882604122162,0.0010000000474974513
886,0.9668508172035217,0.12504075467586517,0.0010000000474974513
887,0.969613254070282,0.11694363504648209,0.0010000000474974513
888,0.9751381278038025,0.10429736226797104,0.0010000000474974513
889,0.9861878156661987,0.10426118969917297,0.0010000000474974513
890,0.9613259434700012,0.12144651263952255,0.0010000000474974513
891,0.9723756909370422,0.11700513958930969,0.0010000000474974513
892,0.9668508172035217,0.10739564895629883,0.0010000000474974513
893,0.9779005646705627,0.09847889840602875,0.0010000000474974513
894,0.958563506603241,0.14675438404083252,0.0010000000474974513
895,0.9779005646705627,0.10833556950092316,0.0010000000474974513
896,0.9861878156661987,0.08856397122144699,0.0010000000474974513
897,0.969613254070282,0.12623777985572815,0.0010000000474974513
898,0.958563506603241,0.1475362479686737,0.0010000000474974513
899,0.9723756909370422,0.13652236759662628,0.0010000000474974513
900,0.9558011293411255,0.15277886390686035,0.0010000000474974513
901,0.980663001537323,0.10151571035385132,0.0010000000474974513
902,0.9668508172035217,0.12438800185918808,0.0010000000474974513
903,0.9475138187408447,0.1904633492231369,0.0010000000474974513
904,0.9668508172035217,0.1451023370027542,0.0010000000474974513
905,0.969613254070282,0.1315835863351822,0.0010000000474974513
906,0.980663001537323,0.10189589858055115,0.0010000000474974513
907,0.9723756909370422,0.10958439856767654,0.0010000000474974513
908,0.969613254070282,0.10948496311903,0.0010000000474974513
909,0.9640883803367615,0.10451555252075195,0.0005000000237487257
910,0.9751381278038025,0.09041718393564224,0.0005000000237487257
911,0.988950252532959,0.07254128158092499,0.0005000000237487257
912,0.988950252532959,0.06764055043458939,0.0005000000237487257
913,0.9972375631332397,0.06679953634738922,0.0005000000237487257
914,0.9944751262664795,0.06462639570236206,0.0005000000237487257
915,0.9834254384040833,0.07260827720165253,0.0005000000237487257
916,0.9917126893997192,0.06465359032154083,0.0005000000237487257
917,0.9917126893997192,0.06163014471530914,0.0005000000237487257
918,0.9917126893997192,0.07419898360967636,0.0005000000237487257
919,0.9861878156661987,0.07204769551753998,0.0005000000237487257
920,1.0,0.05787297338247299,0.0005000000237487257
921,0.9944751262664795,0.05956164374947548,0.0005000000237487257
922,0.988950252532959,0.06082542613148689,0.0005000000237487257
923,0.9917126893997192,0.06112146005034447,0.0005000000237487257
924,0.988950252532959,0.0643690750002861,0.0005000000237487257
925,0.9972375631332397,0.06396607309579849,0.0005000000237487257
926,0.9972375631332397,0.06302186101675034,0.0005000000237487257
927,0.9917126893997192,0.056109718978405,0.0005000000237487257
928,0.9917126893997192,0.058696210384368896,0.0005000000237487257
929,0.9944751262664795,0.057586733251810074,0.0005000000237487257
930,1.0,0.05527251213788986,0.0005000000237487257
931,0.9944751262664795,0.0493021123111248,0.0005000000237487257
932,0.988950252532959,0.06814564764499664,0.0005000000237487257
933,0.9917126893997192,0.06029355153441429,0.0005000000237487257
934,0.9834254384040833,0.06991220265626907,0.0005000000237487257
935,0.9972375631332397,0.05843975394964218,0.0005000000237487257
936,0.9944751262664795,0.054860372096300125,0.0005000000237487257
937,0.9917126893997192,0.06103400141000748,0.0005000000237487257
938,0.9917126893997192,0.0657133162021637,0.0005000000237487257
939,0.9972375631332397,0.05145192891359329,0.0005000000237487257
940,0.9972375631332397,0.04645956680178642,0.0005000000237487257
941,0.9917126893997192,0.06164640933275223,0.0005000000237487257
942,0.9917126893997192,0.05696064978837967,0.0005000000237487257
943,0.988950252532959,0.06213723495602608,0.0005000000237487257
944,0.9917126893997192,0.0596172958612442,0.0005000000237487257
945,0.9972375631332397,0.05058174580335617,0.0005000000237487257
946,0.9944751262664795,0.05404325947165489,0.0005000000237487257
947,0.9917126893997192,0.05924980342388153,0.0005000000237487257
948,0.9917126893997192,0.061417900025844574,0.0005000000237487257
949,0.9944751262664795,0.058158501982688904,0.0005000000237487257
950,0.9944751262664795,0.05966634303331375,0.0005000000237487257
951,0.9917126893997192,0.05357365682721138,0.0005000000237487257
952,0.9944751262664795,0.05661448463797569,0.0005000000237487257
953,0.9944751262664795,0.06747014075517654,0.0005000000237487257
954,0.988950252532959,0.05794471874833107,0.0005000000237487257
955,0.9972375631332397,0.05915021523833275,0.0005000000237487257
956,0.9917126893997192,0.0699247196316719,0.0005000000237487257
957,0.9917126893997192,0.05968458950519562,0.0005000000237487257
958,0.9944751262664795,0.06221345067024231,0.0005000000237487257
959,0.9917126893997192,0.05952618643641472,0.0005000000237487257
960,0.9917126893997192,0.061587195843458176,0.0005000000237487257
961,0.9917126893997192,0.05614105239510536,0.0005000000237487257
962,0.9972375631332397,0.057213958352804184,0.0005000000237487257
963,0.9944751262664795,0.05158095061779022,0.0005000000237487257
964,0.9944751262664795,0.05948123708367348,0.0005000000237487257
965,0.988950252532959,0.054945509880781174,0.0005000000237487257
966,0.988950252532959,0.06535637378692627,0.0005000000237487257
967,0.9917126893997192,0.066439688205719,0.0005000000237487257
968,0.9944751262664795,0.05805173143744469,0.0005000000237487257
969,0.9944751262664795,0.05348086357116699,0.0005000000237487257
970,0.9861878156661987,0.06458847969770432,0.0005000000237487257
971,0.9944751262664795,0.05912903696298599,0.0005000000237487257
972,0.9861878156661987,0.0666937306523323,0.0005000000237487257
973,0.9779005646705627,0.08415484428405762,0.0005000000237487257
974,0.9861878156661987,0.07808296382427216,0.0005000000237487257
975,0.988950252532959,0.06491061300039291,0.0005000000237487257
976,0.988950252532959,0.0666128620505333,0.0005000000237487257
977,0.9917126893997192,0.06635942310094833,0.0005000000237487257
978,0.9972375631332397,0.05379408225417137,0.0005000000237487257
979,0.9917126893997192,0.05566159635782242,0.0005000000237487257
980,0.9944751262664795,0.05875704437494278,0.0005000000237487257
981,0.9917126893997192,0.06675851345062256,0.0005000000237487257
982,0.988950252532959,0.05852753669023514,0.0005000000237487257
983,0.9751381278038025,0.0775473564863205,0.0005000000237487257
984,0.9779005646705627,0.07894992083311081,0.0005000000237487257
985,0.9834254384040833,0.08552097529172897,0.0005000000237487257
986,0.9723756909370422,0.09803857654333115,0.0005000000237487257
987,0.980663001537323,0.0837491825222969,0.0005000000237487257
988,0.9861878156661987,0.07584553211927414,0.0005000000237487257
989,0.9861878156661987,0.06255535781383514,0.0005000000237487257
990,0.9917126893997192,0.053508203476667404,0.0005000000237487257
991,0.9944751262664795,0.04910706728696823,0.0002500000118743628
992,0.9972375631332397,0.04845799505710602,0.0002500000118743628
993,0.9972375631332397,0.046827953308820724,0.0002500000118743628
994,0.9972375631332397,0.04862605780363083,0.0002500000118743628
995,0.9917126893997192,0.05373984947800636,0.0002500000118743628
996,0.9972375631332397,0.04049639776349068,0.0002500000118743628
997,0.9972375631332397,0.04607569798827171,0.0002500000118743628
998,0.9917126893997192,0.05033492669463158,0.0002500000118743628
999,0.9917126893997192,0.047508928924798965,0.0002500000118743628
1000,0.9944751262664795,0.043846603482961655,0.0002500000118743628
1001,1.0,0.036398325115442276,0.0002500000118743628
1002,1.0,0.03746636584401131,0.0002500000118743628
1003,0.988950252532959,0.04121846705675125,0.0002500000118743628
1004,1.0,0.04332476481795311,0.0002500000118743628
1005,0.9972375631332397,0.04020196944475174,0.0002500000118743628
1006,0.9972375631332397,0.04424181208014488,0.0002500000118743628
1007,1.0,0.04199879243969917,0.0002500000118743628
1008,0.9972375631332397,0.0407547652721405,0.0002500000118743628
1009,0.9972375631332397,0.03989879786968231,0.0002500000118743628
1010,0.9917126893997192,0.048877377063035965,0.0002500000118743628
1011,0.988950252532959,0.05075192451477051,0.0002500000118743628
1012,0.9972375631332397,0.05139927193522453,0.0002500000118743628
1013,0.9972375631332397,0.03857824578881264,0.0002500000118743628
1014,0.9944751262664795,0.043219778686761856,0.0002500000118743628
1015,0.9861878156661987,0.05891558527946472,0.0002500000118743628
1016,1.0,0.0404309444129467,0.0002500000118743628
1017,0.9972375631332397,0.04475097730755806,0.0002500000118743628
1018,1.0,0.03598366677761078,0.0002500000118743628
1019,1.0,0.038191892206668854,0.0002500000118743628
1020,0.9972375631332397,0.03954444080591202,0.0002500000118743628
1021,1.0,0.03256301209330559,0.0002500000118743628
1022,0.9944751262664795,0.042467329651117325,0.0002500000118743628
1023,0.9944751262664795,0.04326479882001877,0.0002500000118743628
1024,0.9944751262664795,0.04858529567718506,0.0002500000118743628
1025,0.9944751262664795,0.04536537453532219,0.0002500000118743628
1026,0.9861878156661987,0.06251924484968185,0.0002500000118743628
1027,1.0,0.03743564337491989,0.0002500000118743628
1028,0.9972375631332397,0.0466969795525074,0.0002500000118743628
1029,0.9972375631332397,0.04646184667944908,0.0002500000118743628
1030,0.9944751262664795,0.057921119034290314,0.0002500000118743628
1031,0.9917126893997192,0.05594908073544502,0.0002500000118743628
1032,0.9944751262664795,0.04199898988008499,0.0002500000118743628
1033,1.0,0.046461742371320724,0.0002500000118743628
1034,1.0,0.044593241065740585,0.0002500000118743628
1035,0.9944751262664795,0.04251505807042122,0.0002500000118743628
1036,0.9944751262664795,0.04303338751196861,0.0002500000118743628
1037,0.9972375631332397,0.036162249743938446,0.0002500000118743628
1038,0.9972375631332397,0.04010266810655594,0.0002500000118743628
1039,0.9944751262664795,0.041513409465551376,0.0002500000118743628
1040,0.9972375631332397,0.04426724463701248,0.0002500000118743628
1041,0.9972375631332397,0.04050380364060402,0.0002500000118743628
1042,0.9944751262664795,0.04493704065680504,0.0002500000118743628
1043,1.0,0.03873874247074127,0.0002500000118743628
1044,0.988950252532959,0.0615590400993824,0.0002500000118743628
1045,0.9944751262664795,0.047202058136463165,0.0002500000118743628
1046,0.9972375631332397,0.03875407576560974,0.0002500000118743628
1047,0.9917126893997192,0.04486185312271118,0.0002500000118743628
1048,0.9944751262664795,0.04287657141685486,0.0002500000118743628
1049,0.9972375631332397,0.03873736411333084,0.0002500000118743628
1050,0.9972375631332397,0.04114830866456032,0.0002500000118743628
1051,0.9944751262664795,0.04705376550555229,0.0002500000118743628
1052,0.9944751262664795,0.04422564432024956,0.0002500000118743628
1053,0.9972375631332397,0.043725721538066864,0.0002500000118743628
1054,0.9972375631332397,0.03898784890770912,0.0002500000118743628
1055,0.9972375631332397,0.03842894732952118,0.0002500000118743628
1056,0.9972375631332397,0.04543881490826607,0.0002500000118743628
1057,1.0,0.0370238721370697,0.0002500000118743628
1058,1.0,0.03823235258460045,0.0002500000118743628
1059,0.9972375631332397,0.039167534559965134,0.0002500000118743628
1060,0.9972375631332397,0.03965187445282936,0.0002500000118743628
1061,0.9917126893997192,0.04585331305861473,0.0002500000118743628
1062,0.9944751262664795,0.04464983567595482,0.0002500000118743628
1063,0.9944751262664795,0.04268094152212143,0.0002500000118743628
1064,1.0,0.03716369345784187,0.0002500000118743628
1065,1.0,0.032783493399620056,0.0002500000118743628
1066,0.9972375631332397,0.03911896049976349,0.0002500000118743628
1067,0.9972375631332397,0.040469300001859665,0.0002500000118743628
1068,0.9972375631332397,0.04216398671269417,0.0002500000118743628
1069,1.0,0.039689093828201294,0.0002500000118743628
1070,1.0,0.03982666879892349,0.0002500000118743628
1071,0.988950252532959,0.04653487727046013,0.0002500000118743628
1072,1.0,0.037043098360300064,0.0001250000059371814
1073,0.9917126893997192,0.04543805122375488,0.0001250000059371814
1074,0.9972375631332397,0.03913339227437973,0.0001250000059371814
1075,0.9972375631332397,0.03991258144378662,0.0001250000059371814
1076,1.0,0.03550019860267639,0.0001250000059371814
1077,1.0,0.03275123983621597,0.0001250000059371814
1078,0.9944751262664795,0.03658164665102959,0.0001250000059371814
1079,1.0,0.036406997591257095,0.0001250000059371814
1080,0.9972375631332397,0.034361567348241806,0.0001250000059371814
1081,1.0,0.03393380716443062,0.0001250000059371814
1082,1.0,0.032066404819488525,0.0001250000059371814
1083,1.0,0.032381873577833176,0.0001250000059371814
1084,0.9972375631332397,0.034471821039915085,0.0001250000059371814
1085,0.9944751262664795,0.04052858054637909,0.0001250000059371814
1086,0.9972375631332397,0.03390078246593475,0.0001250000059371814
1087,0.9944751262664795,0.040866535156965256,0.0001250000059371814
1088,1.0,0.031396497040987015,0.0001250000059371814
1089,1.0,0.03791021555662155,0.0001250000059371814
1090,0.9972375631332397,0.03556272014975548,0.0001250000059371814
1091,1.0,0.035124946385622025,0.0001250000059371814
1092,1.0,0.02901468239724636,0.0001250000059371814
1093,0.9972375631332397,0.03295674920082092,0.0001250000059371814
1094,1.0,0.029387447983026505,0.0001250000059371814
1095,0.9972375631332397,0.03741065412759781,0.0001250000059371814
1096,1.0,0.02889096736907959,0.0001250000059371814
1097,0.9944751262664795,0.03699970617890358,0.0001250000059371814
1098,0.9944751262664795,0.04076310992240906,0.0001250000059371814
1099,1.0,0.037399016320705414,0.0001250000059371814
1100,1.0,0.031209982931613922,0.0001250000059371814
1101,0.9972375631332397,0.03870081529021263,0.0001250000059371814
1102,1.0,0.03250554949045181,0.0001250000059371814
1103,0.9944751262664795,0.04478222131729126,0.0001250000059371814
1104,0.9917126893997192,0.044462792575359344,0.0001250000059371814
1105,0.9944751262664795,0.0429585762321949,0.0001250000059371814
1106,0.9972375631332397,0.03151126578450203,0.0001250000059371814
1107,1.0,0.03200738504528999,0.0001250000059371814
1108,0.9944751262664795,0.040799301117658615,0.0001250000059371814
1109,0.9972375631332397,0.029393086209893227,0.0001250000059371814
1110,1.0,0.03260813653469086,0.0001250000059371814
1111,1.0,0.03069518320262432,0.0001250000059371814
1112,1.0,0.031062312424182892,0.0001250000059371814
1113,1.0,0.03336378559470177,0.0001250000059371814
1114,1.0,0.036264918744564056,0.0001250000059371814
1115,1.0,0.028008535504341125,0.0001250000059371814
1116,1.0,0.03509574383497238,0.0001250000059371814
1117,1.0,0.03099830634891987,0.0001250000059371814
1118,1.0,0.03725413978099823,0.0001250000059371814
1119,0.9972375631332397,0.035025544464588165,0.0001250000059371814
1120,0.9972375631332397,0.038130130618810654,0.0001250000059371814
1121,1.0,0.03436042368412018,0.0001250000059371814
1122,1.0,0.0311142411082983,0.0001250000059371814
1123,0.9972375631332397,0.03926509991288185,0.0001250000059371814
1124,1.0,0.028658468276262283,0.0001250000059371814
1125,0.9972375631332397,0.03194616362452507,0.0001250000059371814
1126,1.0,0.030192574486136436,0.0001250000059371814
1127,1.0,0.027931874617934227,0.0001250000059371814
1128,0.9972375631332397,0.03375425562262535,0.0001250000059371814
1129,1.0,0.03375403583049774,0.0001250000059371814
1130,0.9972375631332397,0.03092643804848194,0.0001250000059371814
1131,1.0,0.03136046975851059,0.0001250000059371814
1132,0.9972375631332397,0.03630812466144562,0.0001250000059371814
1133,1.0,0.030089212581515312,0.0001250000059371814
1134,1.0,0.03453332185745239,0.0001250000059371814
1135,1.0,0.0338541679084301,0.0001250000059371814
1136,1.0,0.030070610344409943,0.0001250000059371814
1137,1.0,0.027030576020479202,0.0001250000059371814
1138,0.9972375631332397,0.03747021034359932,0.0001250000059371814
1139,1.0,0.028756992891430855,0.0001250000059371814
1140,0.9972375631332397,0.030273862183094025,0.0001250000059371814
1141,0.9972375631332397,0.028918342664837837,0.0001250000059371814
1142,1.0,0.03067922405898571,0.0001250000059371814
1143,1.0,0.030533716082572937,0.0001250000059371814
1144,1.0,0.027017582207918167,0.0001250000059371814
1145,1.0,0.030348002910614014,0.0001250000059371814
1146,1.0,0.029394106939435005,0.0001250000059371814
1147,1.0,0.029068399220705032,0.0001250000059371814
1148,0.9944751262664795,0.033471960574388504,0.0001250000059371814
1149,1.0,0.02918539196252823,0.0001250000059371814
1150,1.0,0.03687189891934395,0.0001250000059371814
1151,1.0,0.03872495889663696,0.0001250000059371814
1152,0.9972375631332397,0.0386294461786747,0.0001250000059371814
1153,1.0,0.025586098432540894,0.0001250000059371814
1154,1.0,0.03570682927966118,0.0001250000059371814
1155,0.9944751262664795,0.03525078296661377,0.0001250000059371814
1156,1.0,0.032913677394390106,0.0001250000059371814
1157,1.0,0.0331968292593956,0.0001250000059371814
1158,0.9972375631332397,0.033950529992580414,0.0001250000059371814
1159,0.9972375631332397,0.03315085545182228,0.0001250000059371814
1160,1.0,0.026527078822255135,0.0001250000059371814
1161,1.0,0.028253503143787384,0.0001250000059371814
1162,1.0,0.02520342357456684,0.0001250000059371814
1163,1.0,0.02889573574066162,0.0001250000059371814
1164,1.0,0.026735154911875725,0.0001250000059371814
1165,0.9972375631332397,0.03544700890779495,0.0001250000059371814
1166,0.9972375631332397,0.0357995368540287,0.0001250000059371814
1167,0.9972375631332397,0.03858983889222145,0.0001250000059371814
1168,1.0,0.02984248660504818,0.0001250000059371814
1169,1.0,0.02419273927807808,0.0001250000059371814
1170,0.9972375631332397,0.027292970567941666,0.0001250000059371814
1171,1.0,0.026307469233870506,0.0001250000059371814
1172,1.0,0.028508175164461136,0.0001250000059371814
1173,1.0,0.029150407761335373,0.0001250000059371814
1174,1.0,0.029511593282222748,0.0001250000059371814
1175,0.9944751262664795,0.044928260147571564,0.0001250000059371814
1176,0.9972375631332397,0.034815315157175064,0.0001250000059371814
1177,1.0,0.030675489455461502,0.0001250000059371814
1178,1.0,0.028980355709791183,0.0001250000059371814
1179,1.0,0.03415055200457573,0.0001250000059371814
1180,0.9944751262664795,0.034311383962631226,0.0001250000059371814
1181,1.0,0.031022433191537857,0.0001250000059371814
1182,0.9972375631332397,0.03207145258784294,0.0001250000059371814
1183,1.0,0.031683020293712616,0.0001250000059371814
1184,0.9972375631332397,0.037611450999975204,0.0001250000059371814
1185,1.0,0.0285311508923769,0.0001250000059371814
1186,1.0,0.03508218750357628,0.0001250000059371814
1187,1.0,0.030098967254161835,0.0001250000059371814
1188,0.9972375631332397,0.033136337995529175,0.0001250000059371814
1189,0.9972375631332397,0.034621432423591614,0.0001250000059371814
1190,0.9972375631332397,0.03636496514081955,0.0001250000059371814
1191,0.9944751262664795,0.039570555090904236,0.0001250000059371814
1192,1.0,0.033923543989658356,0.0001250000059371814
1193,0.9972375631332397,0.027947427704930305,0.0001250000059371814
1194,1.0,0.02937299944460392,0.0001250000059371814
1195,1.0,0.023025760427117348,0.0001250000059371814
1196,1.0,0.03046794794499874,0.0001250000059371814
1197,1.0,0.03653412684798241,0.0001250000059371814
1198,1.0,0.031621869653463364,0.0001250000059371814
1199,1.0,0.028673451393842697,0.0001250000059371814
1200,1.0,0.028040872886776924,0.0001250000059371814
1201,0.9972375631332397,0.028535764664411545,0.0001250000059371814
1202,1.0,0.02886662259697914,0.0001250000059371814
1203,1.0,0.02825113944709301,0.0001250000059371814
1204,1.0,0.030367985367774963,0.0001250000059371814
1205,0.9972375631332397,0.03134927153587341,0.0001250000059371814
1206,1.0,0.029546121135354042,0.0001250000059371814
1207,1.0,0.02874474972486496,0.0001250000059371814
1208,1.0,0.03044094517827034,0.0001250000059371814
1209,1.0,0.02881975658237934,0.0001250000059371814
1210,1.0,0.028607603162527084,0.0001250000059371814
1211,1.0,0.030461885035037994,0.0001250000059371814
1212,0.9972375631332397,0.034795522689819336,0.0001250000059371814
1213,0.9972375631332397,0.02957325614988804,0.0001250000059371814
1214,0.9972375631332397,0.03707888722419739,0.0001250000059371814
1215,1.0,0.030591735616326332,0.0001250000059371814
1216,1.0,0.027851160615682602,0.0001250000059371814
1217,1.0,0.028662260621786118,0.0001250000059371814
1218,1.0,0.0306042842566967,0.0001250000059371814
1219,0.9972375631332397,0.029655655845999718,0.0001250000059371814
1220,1.0,0.03115043416619301,0.0001250000059371814
1221,0.9944751262664795,0.031147606670856476,0.0001250000059371814
1222,0.9944751262664795,0.03656386211514473,0.0001250000059371814
1223,0.9972375631332397,0.033989179879426956,0.0001250000059371814
1224,0.9972375631332397,0.03033890388906002,0.0001250000059371814
1225,1.0,0.02752789855003357,0.0001250000059371814
1226,0.9972375631332397,0.028253624215722084,0.0001250000059371814
1227,1.0,0.023564569652080536,0.0001250000059371814
1228,1.0,0.024050619453191757,0.0001250000059371814
1229,0.9972375631332397,0.029754236340522766,0.0001250000059371814
1230,1.0,0.03052608296275139,0.0001250000059371814
1231,1.0,0.029791226610541344,0.0001250000059371814
1232,1.0,0.02506438083946705,0.0001250000059371814
1233,0.9972375631332397,0.028221573680639267,0.0001250000059371814
1234,1.0,0.02952423132956028,0.0001250000059371814
1235,1.0,0.033666811883449554,0.0001250000059371814
1236,0.9944751262664795,0.030918870121240616,0.0001250000059371814
1237,1.0,0.026971355080604553,0.0001250000059371814
1238,1.0,0.027682069689035416,0.0001250000059371814
1239,0.9972375631332397,0.03350760415196419,0.0001250000059371814
1240,1.0,0.027835749089717865,0.0001250000059371814
1241,1.0,0.028073901310563087,0.0001250000059371814
1242,1.0,0.028940251097083092,0.0001250000059371814
1243,0.9972375631332397,0.02772308513522148,0.0001250000059371814
1244,1.0,0.026620114222168922,0.0001250000059371814
1245,1.0,0.027405962347984314,0.0001250000059371814
1246,0.9972375631332397,0.028567496687173843,9.999999747378752e-05
1247,1.0,0.022221405059099197,9.999999747378752e-05
1248,0.9972375631332397,0.03076908178627491,9.999999747378752e-05
1249,1.0,0.026912197470664978,9.999999747378752e-05
1250,1.0,0.02782979980111122,9.999999747378752e-05
1251,1.0,0.022341812029480934,9.999999747378752e-05
1252,0.9972375631332397,0.028196975588798523,9.999999747378752e-05
1253,1.0,0.021835260093212128,9.999999747378752e-05
1254,1.0,0.026878943666815758,9.999999747378752e-05
1255,1.0,0.028380878269672394,9.999999747378752e-05
1256,1.0,0.02818857878446579,9.999999747378752e-05
1257,0.9972375631332397,0.028147615492343903,9.999999747378752e-05
1258,1.0,0.025881297886371613,9.999999747378752e-05
1259,1.0,0.02748643048107624,9.999999747378752e-05
1260,1.0,0.030190428718924522,9.999999747378752e-05
1261,0.9972375631332397,0.025456354022026062,9.999999747378752e-05
1262,1.0,0.029036398977041245,9.999999747378752e-05
1263,1.0,0.02861703187227249,9.999999747378752e-05
1264,1.0,0.026491891592741013,9.999999747378752e-05
1265,0.9972375631332397,0.03342583030462265,9.999999747378752e-05
1266,0.9972375631332397,0.028492474928498268,9.999999747378752e-05
1267,1.0,0.02480473741889,9.999999747378752e-05
1268,0.9972375631332397,0.03208524361252785,9.999999747378752e-05
1269,1.0,0.021910561248660088,9.999999747378752e-05
1270,1.0,0.027695560827851295,9.999999747378752e-05
1271,1.0,0.02390108071267605,9.999999747378752e-05
1272,1.0,0.025006677955389023,9.999999747378752e-05
1273,1.0,0.02320585772395134,9.999999747378752e-05
1274,0.9972375631332397,0.031681690365076065,9.999999747378752e-05
1275,1.0,0.026557501405477524,9.999999747378752e-05
1276,0.9972375631332397,0.026309330016374588,9.999999747378752e-05
1277,1.0,0.029258113354444504,9.999999747378752e-05
1278,1.0,0.025738053023815155,9.999999747378752e-05
1279,1.0,0.02821018360555172,9.999999747378752e-05
1280,1.0,0.027150912210345268,9.999999747378752e-05
1281,1.0,0.02562439627945423,9.999999747378752e-05
1282,0.9972375631332397,0.03395543992519379,9.999999747378752e-05
1283,0.9972375631332397,0.025768496096134186,9.999999747378752e-05
1284,1.0,0.0313730388879776,9.999999747378752e-05
1285,1.0,0.02383105643093586,9.999999747378752e-05
1286,1.0,0.02402886562049389,9.999999747378752e-05
1287,1.0,0.022072091698646545,9.999999747378752e-05
1288,0.9944751262664795,0.03487609326839447,9.999999747378752e-05
1289,0.9972375631332397,0.034644290804862976,9.999999747378752e-05
1290,0.9972375631332397,0.02456694096326828,9.999999747378752e-05
1291,1.0,0.028455983847379684,9.999999747378752e-05
1292,0.9972375631332397,0.025754598900675774,9.999999747378752e-05
1293,1.0,0.0230344720184803,9.999999747378752e-05
1294,1.0,0.02260349877178669,9.999999747378752e-05
1295,1.0,0.025721760466694832,9.999999747378752e-05
1296,1.0,0.024381574243307114,9.999999747378752e-05
1297,0.9972375631332397,0.022973792627453804,9.999999747378752e-05
1298,1.0,0.021433454006910324,9.999999747378752e-05
1299,1.0,0.031673364341259,9.999999747378752e-05
1300,0.9972375631332397,0.030855797231197357,9.999999747378752e-05
1301,1.0,0.030838239938020706,9.999999747378752e-05
1302,1.0,0.024771980941295624,9.999999747378752e-05
1303,0.9972375631332397,0.030567530542612076,9.999999747378752e-05
1304,1.0,0.02127865143120289,9.999999747378752e-05
1305,1.0,0.025179576128721237,9.999999747378752e-05
1306,1.0,0.024454671889543533,9.999999747378752e-05
1307,1.0,0.023246776312589645,9.999999747378752e-05
1308,1.0,0.024760378524661064,9.999999747378752e-05
1309,1.0,0.02600976452231407,9.999999747378752e-05
1310,1.0,0.025113021954894066,9.999999747378752e-05
1311,0.9972375631332397,0.032531190663576126,9.999999747378752e-05
1312,0.9972375631332397,0.030704090371727943,9.999999747378752e-05
1313,0.9972375631332397,0.02969180978834629,9.999999747378752e-05
1314,1.0,0.025885721668601036,9.999999747378752e-05
1315,1.0,0.02334141544997692,9.999999747378752e-05
1316,1.0,0.02722974866628647,9.999999747378752e-05
1317,1.0,0.026742545887827873,9.999999747378752e-05
1318,1.0,0.02259652316570282,9.999999747378752e-05
1319,1.0,0.02237975224852562,9.999999747378752e-05
1320,1.0,0.026755519211292267,9.999999747378752e-05
1321,1.0,0.030329348519444466,9.999999747378752e-05
1322,1.0,0.0248424019664526,9.999999747378752e-05
1323,1.0,0.033404264599084854,9.999999747378752e-05
1324,1.0,0.022811947390437126,9.999999747378752e-05
1325,1.0,0.030896741896867752,9.999999747378752e-05
1326,0.9917126893997192,0.04119231551885605,9.999999747378752e-05
1327,1.0,0.02408444695174694,9.999999747378752e-05
1328,1.0,0.028447432443499565,9.999999747378752e-05
1329,1.0,0.02890203520655632,9.999999747378752e-05
1330,1.0,0.025591621175408363,9.999999747378752e-05
1331,1.0,0.026576148346066475,9.999999747378752e-05
1332,0.9972375631332397,0.03368593007326126,9.999999747378752e-05
1333,0.9972375631332397,0.024335548281669617,9.999999747378752e-05
1334,1.0,0.026348493993282318,9.999999747378752e-05
1335,1.0,0.023464519530534744,9.999999747378752e-05
1336,0.9944751262664795,0.039050765335559845,9.999999747378752e-05
1337,1.0,0.027071889489889145,9.999999747378752e-05
1338,1.0,0.024345561861991882,9.999999747378752e-05
1339,1.0,0.025121884420514107,9.999999747378752e-05
1340,0.9972375631332397,0.027397530153393745,9.999999747378752e-05
1341,1.0,0.028659889474511147,9.999999747378752e-05
1342,1.0,0.027844805270433426,9.999999747378752e-05
1343,0.9972375631332397,0.02630198746919632,9.999999747378752e-05
1344,0.9944751262664795,0.025971874594688416,9.999999747378752e-05
1345,1.0,0.030627619475126266,9.999999747378752e-05
1346,1.0,0.02353692427277565,9.999999747378752e-05
1347,1.0,0.027774130925536156,9.999999747378752e-05
1348,1.0,0.023754984140396118,9.999999747378752e-05
1349,1.0,0.022428056225180626,9.999999747378752e-05
1350,1.0,0.026143008843064308,9.999999747378752e-05
1351,1.0,0.022094884887337685,9.999999747378752e-05
1352,1.0,0.02089669555425644,9.999999747378752e-05
1353,1.0,0.024997735396027565,9.999999747378752e-05
1354,1.0,0.022992447018623352,9.999999747378752e-05
1355,1.0,0.02530953288078308,9.999999747378752e-05
1356,1.0,0.022708619013428688,9.999999747378752e-05
1357,1.0,0.028150448575615883,9.999999747378752e-05
1358,0.9917126893997192,0.04168248549103737,9.999999747378752e-05
1359,1.0,0.025089284405112267,9.999999747378752e-05
1360,0.9972375631332397,0.02489677257835865,9.999999747378752e-05
1361,0.9972375631332397,0.02957225777208805,9.999999747378752e-05
1362,1.0,0.019600138068199158,9.999999747378752e-05
1363,1.0,0.023195430636405945,9.999999747378752e-05
1364,0.9972375631332397,0.02279343083500862,9.999999747378752e-05
1365,1.0,0.022869085893034935,9.999999747378752e-05
1366,0.9972375631332397,0.034149106591939926,9.999999747378752e-05
1367,1.0,0.02304903045296669,9.999999747378752e-05
1368,1.0,0.02383701130747795,9.999999747378752e-05
1369,1.0,0.0240134559571743,9.999999747378752e-05
1370,0.9972375631332397,0.03819442167878151,9.999999747378752e-05
1371,1.0,0.0258357934653759,9.999999747378752e-05
1372,1.0,0.02574239857494831,9.999999747378752e-05
1373,1.0,0.02689080499112606,9.999999747378752e-05
1374,0.988950252532959,0.04735014960169792,9.999999747378752e-05
1375,1.0,0.030725885182619095,9.999999747378752e-05
1376,1.0,0.026551607996225357,9.999999747378752e-05
1377,1.0,0.022143743932247162,9.999999747378752e-05
1378,1.0,0.027759797871112823,9.999999747378752e-05
1379,0.9972375631332397,0.025377998128533363,9.999999747378752e-05
1380,0.9972375631332397,0.02348066307604313,9.999999747378752e-05
1381,1.0,0.025889938697218895,9.999999747378752e-05
1382,0.9917126893997192,0.02943519502878189,9.999999747378752e-05
1383,0.9972375631332397,0.03200269490480423,9.999999747378752e-05
1384,1.0,0.027417266741394997,9.999999747378752e-05
1385,1.0,0.026879969984292984,9.999999747378752e-05
1386,1.0,0.019781634211540222,9.999999747378752e-05
1387,1.0,0.023533757776021957,9.999999747378752e-05
1388,1.0,0.020375322550535202,9.999999747378752e-05
1389,1.0,0.02326096035540104,9.999999747378752e-05
1390,0.9972375631332397,0.023367736488580704,9.999999747378752e-05
1391,0.9972375631332397,0.023246649652719498,9.999999747378752e-05
1392,1.0,0.02544764243066311,9.999999747378752e-05
1393,1.0,0.02794588729739189,9.999999747378752e-05
1394,1.0,0.02178332768380642,9.999999747378752e-05
1395,1.0,0.021654006093740463,9.999999747378752e-05
1396,1.0,0.02583213709294796,9.999999747378752e-05
1397,1.0,0.025995638221502304,9.999999747378752e-05
1398,1.0,0.018048077821731567,9.999999747378752e-05
1399,1.0,0.02805970422923565,9.999999747378752e-05
1400,1.0,0.020886283367872238,9.999999747378752e-05
1401,1.0,0.02120206318795681,9.999999747378752e-05
1402,1.0,0.02411959506571293,9.999999747378752e-05
1403,1.0,0.024281933903694153,9.999999747378752e-05
1404,1.0,0.027682077139616013,9.999999747378752e-05
1405,1.0,0.02596535161137581,9.999999747378752e-05
1406,1.0,0.022532857954502106,9.999999747378752e-05
1407,1.0,0.021264702081680298,9.999999747378752e-05
1408,1.0,0.02244710735976696,9.999999747378752e-05
1409,1.0,0.023235047236084938,9.999999747378752e-05
1410,1.0,0.022678954526782036,9.999999747378752e-05
1411,1.0,0.021205998957157135,9.999999747378752e-05
1412,1.0,0.02138371393084526,9.999999747378752e-05
1413,0.9972375631332397,0.024676073342561722,9.999999747378752e-05
1414,1.0,0.022761918604373932,9.999999747378752e-05
1415,0.9944751262664795,0.02653362974524498,9.999999747378752e-05
1416,1.0,0.029675085097551346,9.999999747378752e-05
1417,1.0,0.022645365446805954,9.999999747378752e-05
1418,1.0,0.02418229915201664,9.999999747378752e-05
1419,1.0,0.023706523701548576,9.999999747378752e-05
1420,1.0,0.018859801813960075,9.999999747378752e-05
1421,0.9944751262664795,0.028914835304021835,9.999999747378752e-05
1422,1.0,0.022595729678869247,9.999999747378752e-05
1423,1.0,0.02082986570894718,9.999999747378752e-05
1424,1.0,0.022959029302001,9.999999747378752e-05
1425,1.0,0.021955791860818863,9.999999747378752e-05
1426,1.0,0.029505327343940735,9.999999747378752e-05
1427,1.0,0.025316135957837105,9.999999747378752e-05
1428,1.0,0.019897576421499252,9.999999747378752e-05
1429,1.0,0.02313525415956974,9.999999747378752e-05
1430,1.0,0.018708903342485428,9.999999747378752e-05
1431,1.0,0.023200049996376038,9.999999747378752e-05
1432,1.0,0.018118545413017273,9.999999747378752e-05
1433,1.0,0.026436418294906616,9.999999747378752e-05
1434,1.0,0.022430166602134705,9.999999747378752e-05
1435,1.0,0.024653639644384384,9.999999747378752e-05
1436,1.0,0.02212359942495823,9.999999747378752e-05
1437,0.9944751262664795,0.03136841952800751,9.999999747378752e-05
1438,0.9944751262664795,0.028214821591973305,9.999999747378752e-05
1439,1.0,0.025630058720707893,9.999999747378752e-05
1440,1.0,0.023180413991212845,9.999999747378752e-05
1441,1.0,0.02362198941409588,9.999999747378752e-05
1442,1.0,0.017520658671855927,9.999999747378752e-05
1443,1.0,0.019233250990509987,9.999999747378752e-05
1444,1.0,0.01807750202715397,9.999999747378752e-05
1445,1.0,0.029483623802661896,9.999999747378752e-05
1446,1.0,0.022961458191275597,9.999999747378752e-05
1447,0.9972375631332397,0.023575134575366974,9.999999747378752e-05
1448,1.0,0.021930286660790443,9.999999747378752e-05
1449,1.0,0.0242670439183712,9.999999747378752e-05
1450,1.0,0.02140064351260662,9.999999747378752e-05
1451,1.0,0.021260889247059822,9.999999747378752e-05
1452,1.0,0.02440137229859829,9.999999747378752e-05
1453,1.0,0.028276870027184486,9.999999747378752e-05
1454,0.9972375631332397,0.024770986288785934,9.999999747378752e-05
1455,0.9944751262664795,0.029578477144241333,9.999999747378752e-05
1456,0.9972375631332397,0.028707420453429222,9.999999747378752e-05
1457,1.0,0.02005773037672043,9.999999747378752e-05
1458,1.0,0.03260639309883118,9.999999747378752e-05
1459,0.9972375631332397,0.026690030470490456,9.999999747378752e-05
1460,1.0,0.025768008083105087,9.999999747378752e-05
1461,1.0,0.023921240121126175,9.999999747378752e-05
1462,1.0,0.02250608429312706,9.999999747378752e-05
1463,1.0,0.019385075196623802,9.999999747378752e-05
1464,1.0,0.022138692438602448,9.999999747378752e-05
1465,1.0,0.02018594741821289,9.999999747378752e-05
1466,1.0,0.01853676326572895,9.999999747378752e-05
1467,1.0,0.021388433873653412,9.999999747378752e-05
1468,0.9972375631332397,0.028424687683582306,9.999999747378752e-05
1469,1.0,0.020276078954339027,9.999999747378752e-05
1470,1.0,0.023887302726507187,9.999999747378752e-05
1471,1.0,0.026245776563882828,9.999999747378752e-05
1472,0.9944751262664795,0.03149889037013054,9.999999747378752e-05
1473,1.0,0.02935178577899933,9.999999747378752e-05
1474,1.0,0.024076862260699272,9.999999747378752e-05
1475,1.0,0.020900657400488853,9.999999747378752e-05
1476,1.0,0.021024400368332863,9.999999747378752e-05
1477,1.0,0.025452813133597374,9.999999747378752e-05
1478,1.0,0.0211627297103405,9.999999747378752e-05
1479,1.0,0.019922038540244102,9.999999747378752e-05
1480,1.0,0.023408755660057068,9.999999747378752e-05
1481,1.0,0.02108917012810707,9.999999747378752e-05
1482,0.9972375631332397,0.021370230242609978,9.999999747378752e-05
1483,1.0,0.020334308966994286,9.999999747378752e-05
1484,0.9972375631332397,0.021982740610837936,9.999999747378752e-05
1485,1.0,0.018835263326764107,9.999999747378752e-05
1486,0.9972375631332397,0.02520851604640484,9.999999747378752e-05
1487,1.0,0.02045426331460476,9.999999747378752e-05
1488,1.0,0.020344119518995285,9.999999747378752e-05
1489,1.0,0.024203766137361526,9.999999747378752e-05
1490,1.0,0.020963100716471672,9.999999747378752e-05
1491,1.0,0.02103096805512905,9.999999747378752e-05
1492,1.0,0.02102636732161045,9.999999747378752e-05
1493,1.0,0.025162721052765846,9.999999747378752e-05
1494,1.0,0.022807558998465538,9.999999747378752e-05
1495,1.0,0.030947843566536903,9.999999747378752e-05
1496,0.9972375631332397,0.02313324436545372,9.999999747378752e-05
1497,0.9972375631332397,0.021251991391181946,9.999999747378752e-05
1498,1.0,0.01978810504078865,9.999999747378752e-05
1499,1.0,0.02089211530983448,9.999999747378752e-05
1500,1.0,0.0219532810151577,9.999999747378752e-05
1501,0.9972375631332397,0.023408357053995132,9.999999747378752e-05
1502,1.0,0.023162981495261192,9.999999747378752e-05
1503,1.0,0.017806105315685272,9.999999747378752e-05
1504,1.0,0.01744336634874344,9.999999747378752e-05
1505,1.0,0.018922407180070877,9.999999747378752e-05
1506,1.0,0.025607826188206673,9.999999747378752e-05
1507,1.0,0.026746999472379684,9.999999747378752e-05
1508,1.0,0.022016584873199463,9.999999747378752e-05
1509,1.0,0.03242611140012741,9.999999747378752e-05
1510,1.0,0.02457333728671074,9.999999747378752e-05
1511,1.0,0.028380483388900757,9.999999747378752e-05
1512,1.0,0.019200172275304794,9.999999747378752e-05
1513,1.0,0.02265523187816143,9.999999747378752e-05
1514,1.0,0.019483882933855057,9.999999747378752e-05
1515,1.0,0.028005441650748253,9.999999747378752e-05
1516,1.0,0.019011734053492546,9.999999747378752e-05
1517,1.0,0.0215962715446949,9.999999747378752e-05
1518,1.0,0.022311529144644737,9.999999747378752e-05
1519,1.0,0.021659407764673233,9.999999747378752e-05
1520,1.0,0.019709037616848946,9.999999747378752e-05
1521,1.0,0.022097131237387657,9.999999747378752e-05
1522,1.0,0.018494442105293274,9.999999747378752e-05
1523,1.0,0.02325194887816906,9.999999747378752e-05
1524,0.9972375631332397,0.02149033360183239,9.999999747378752e-05
1525,0.9972375631332397,0.03213238716125488,9.999999747378752e-05
1526,1.0,0.022635312750935555,9.999999747378752e-05
1527,1.0,0.019106008112430573,9.999999747378752e-05
1528,1.0,0.02570357732474804,9.999999747378752e-05
1529,1.0,0.02891300804913044,9.999999747378752e-05
1530,1.0,0.016573818400502205,9.999999747378752e-05
1531,1.0,0.019801326096057892,9.999999747378752e-05
1532,0.9944751262664795,0.029146239161491394,9.999999747378752e-05
1533,1.0,0.02504700794816017,9.999999747378752e-05
1534,1.0,0.021103790029883385,9.999999747378752e-05
1535,1.0,0.02453477680683136,9.999999747378752e-05
1536,1.0,0.01923218183219433,9.999999747378752e-05
1537,1.0,0.02001703903079033,9.999999747378752e-05
1538,1.0,0.02106267400085926,9.999999747378752e-05
1539,1.0,0.019939955323934555,9.999999747378752e-05
1540,1.0,0.01564818248152733,9.999999747378752e-05
1541,1.0,0.01686588115990162,9.999999747378752e-05
1542,1.0,0.016637632623314857,9.999999747378752e-05
1543,0.9972375631332397,0.020137837156653404,9.999999747378752e-05
1544,0.9972375631332397,0.022483037784695625,9.999999747378752e-05
1545,0.9917126893997192,0.025863995775580406,9.999999747378752e-05
1546,1.0,0.020095836371183395,9.999999747378752e-05
1547,1.0,0.019971396774053574,9.999999747378752e-05
1548,0.9972375631332397,0.02363668940961361,9.999999747378752e-05
1549,1.0,0.022586815059185028,9.999999747378752e-05
1550,1.0,0.024166107177734375,9.999999747378752e-05
1551,1.0,0.020734164863824844,9.999999747378752e-05
1552,1.0,0.01910679042339325,9.999999747378752e-05
1553,1.0,0.024549679830670357,9.999999747378752e-05
1554,1.0,0.018596313893795013,9.999999747378752e-05
1555,1.0,0.024372119456529617,9.999999747378752e-05
1556,1.0,0.021525347605347633,9.999999747378752e-05
1557,1.0,0.017998509109020233,9.999999747378752e-05
1558,1.0,0.018433518707752228,9.999999747378752e-05
1559,1.0,0.023674845695495605,9.999999747378752e-05
1560,1.0,0.02362648770213127,9.999999747378752e-05
1561,1.0,0.02062230184674263,9.999999747378752e-05
1562,1.0,0.02260993793606758,9.999999747378752e-05
1563,0.9944751262664795,0.030170626938343048,9.999999747378752e-05
1564,1.0,0.01994090899825096,9.999999747378752e-05
1565,0.9972375631332397,0.0269156564027071,9.999999747378752e-05
1566,0.9944751262664795,0.027015915140509605,9.999999747378752e-05
1567,1.0,0.018054259940981865,9.999999747378752e-05
1568,1.0,0.019277049228549004,9.999999747378752e-05
1569,1.0,0.02161664515733719,9.999999747378752e-05
1570,0.9972375631332397,0.020419856533408165,9.999999747378752e-05
1571,1.0,0.02184731513261795,9.999999747378752e-05
1572,1.0,0.01621742732822895,9.999999747378752e-05
1573,1.0,0.02176705189049244,9.999999747378752e-05
1574,1.0,0.019366055727005005,9.999999747378752e-05
1575,1.0,0.02466515265405178,9.999999747378752e-05
1576,1.0,0.02295112796127796,9.999999747378752e-05
1577,1.0,0.019118161872029305,9.999999747378752e-05
1578,1.0,0.01913328468799591,9.999999747378752e-05
1579,0.9972375631332397,0.023534804582595825,9.999999747378752e-05
1580,0.9972375631332397,0.023920295760035515,9.999999747378752e-05
1581,1.0,0.019693966954946518,9.999999747378752e-05
1582,1.0,0.022117888554930687,9.999999747378752e-05
1583,1.0,0.020760023966431618,9.999999747378752e-05
1584,1.0,0.022528456524014473,9.999999747378752e-05
1585,1.0,0.021683651953935623,9.999999747378752e-05
1586,1.0,0.019063225015997887,9.999999747378752e-05
1587,0.9972375631332397,0.022600563243031502,9.999999747378752e-05
1588,0.9972375631332397,0.020127136260271072,9.999999747378752e-05
1589,1.0,0.02005353569984436,9.999999747378752e-05
1590,1.0,0.019642671570181847,9.999999747378752e-05
1591,1.0,0.016979094594717026,9.999999747378752e-05
1592,1.0,0.018004480749368668,9.999999747378752e-05
1593,1.0,0.019546113908290863,9.999999747378752e-05
1594,1.0,0.01840359903872013,9.999999747378752e-05
1595,1.0,0.017857598140835762,9.999999747378752e-05
1596,1.0,0.0231703519821167,9.999999747378752e-05
1597,1.0,0.022677715867757797,9.999999747378752e-05
1598,1.0,0.020071761682629585,9.999999747378752e-05
1599,0.9972375631332397,0.022618865594267845,9.999999747378752e-05
1600,1.0,0.019560497254133224,9.999999747378752e-05
1601,1.0,0.019040130078792572,9.999999747378752e-05
1602,1.0,0.017000146210193634,9.999999747378752e-05
1603,1.0,0.01977405697107315,9.999999747378752e-05
1604,1.0,0.01915501058101654,9.999999747378752e-05
1605,1.0,0.01955978199839592,9.999999747378752e-05
1606,1.0,0.01978912763297558,9.999999747378752e-05
1607,1.0,0.01934804581105709,9.999999747378752e-05
1608,1.0,0.021717136725783348,9.999999747378752e-05
1609,1.0,0.023323750123381615,9.999999747378752e-05
1610,1.0,0.01856090873479843,9.999999747378752e-05
1611,1.0,0.018016016110777855,9.999999747378752e-05
1612,1.0,0.0195221658796072,9.999999747378752e-05
1613,1.0,0.025460857897996902,9.999999747378752e-05
1614,1.0,0.016941962763667107,9.999999747378752e-05
1615,1.0,0.021992025896906853,9.999999747378752e-05
1616,1.0,0.017314795404672623,9.999999747378752e-05
1617,1.0,0.02337191253900528,9.999999747378752e-05
1618,1.0,0.02337254397571087,9.999999747378752e-05
1619,1.0,0.018647421151399612,9.999999747378752e-05
1620,1.0,0.024880999699234962,9.999999747378752e-05
1621,1.0,0.01853426918387413,9.999999747378752e-05
1622,0.9944751262664795,0.026499371975660324,9.999999747378752e-05
1623,1.0,0.02363698184490204,9.999999747378752e-05
1624,1.0,0.02475893497467041,9.999999747378752e-05
1625,0.9972375631332397,0.02069886401295662,9.999999747378752e-05
1626,1.0,0.027156155556440353,9.999999747378752e-05
1627,1.0,0.01707100123167038,9.999999747378752e-05
1628,1.0,0.024370986968278885,9.999999747378752e-05
1629,0.9972375631332397,0.01929641328752041,9.999999747378752e-05
1630,1.0,0.017250044271349907,9.999999747378752e-05
1631,1.0,0.015129434876143932,9.999999747378752e-05
1632,1.0,0.016219520941376686,9.999999747378752e-05
1633,1.0,0.018985696136951447,9.999999747378752e-05
1634,1.0,0.016708916053175926,9.999999747378752e-05
1635,0.9972375631332397,0.021220840513706207,9.999999747378752e-05
1636,1.0,0.017720414325594902,9.999999747378752e-05
1637,1.0,0.01879354938864708,9.999999747378752e-05
1638,1.0,0.022353701293468475,9.999999747378752e-05
1639,1.0,0.02608848735690117,9.999999747378752e-05
1640,1.0,0.01830926351249218,9.999999747378752e-05
1641,1.0,0.023313218727707863,9.999999747378752e-05
1642,1.0,0.016773121431469917,9.999999747378752e-05
1643,1.0,0.019857537001371384,9.999999747378752e-05
1644,1.0,0.01838393695652485,9.999999747378752e-05
1645,1.0,0.016643021255731583,9.999999747378752e-05
1646,1.0,0.02017255313694477,9.999999747378752e-05
1647,0.9972375631332397,0.03202712908387184,9.999999747378752e-05
1648,1.0,0.02463598921895027,9.999999747378752e-05
1649,0.9972375631332397,0.024352170526981354,9.999999747378752e-05
1650,1.0,0.021680569276213646,9.999999747378752e-05
1651,1.0,0.019617287442088127,9.999999747378752e-05
1652,1.0,0.01997203193604946,9.999999747378752e-05
1653,1.0,0.01773936115205288,9.999999747378752e-05
1654,0.9972375631332397,0.030629031360149384,9.999999747378752e-05
1655,0.9972375631332397,0.027255266904830933,9.999999747378752e-05
1656,1.0,0.023776834830641747,9.999999747378752e-05
1657,0.9972375631332397,0.02120826579630375,9.999999747378752e-05
1658,0.9972375631332397,0.01899584010243416,9.999999747378752e-05
1659,1.0,0.022114403545856476,9.999999747378752e-05
1660,1.0,0.021161207929253578,9.999999747378752e-05
1661,0.9972375631332397,0.021213039755821228,9.999999747378752e-05
1662,1.0,0.01752355322241783,9.999999747378752e-05
1663,1.0,0.018125420436263084,9.999999747378752e-05
1664,0.9944751262664795,0.02360067330300808,9.999999747378752e-05
1665,1.0,0.01804421842098236,9.999999747378752e-05
1666,1.0,0.016806388273835182,9.999999747378752e-05
1667,1.0,0.023013576865196228,9.999999747378752e-05
1668,1.0,0.024802977219223976,9.999999747378752e-05
1669,1.0,0.016512716189026833,9.999999747378752e-05
1670,1.0,0.02114550769329071,9.999999747378752e-05
1671,1.0,0.019513672217726707,9.999999747378752e-05
1672,1.0,0.017725687474012375,9.999999747378752e-05
1673,1.0,0.019327059388160706,9.999999747378752e-05
1674,1.0,0.019798820838332176,9.999999747378752e-05
1675,1.0,0.020418159663677216,9.999999747378752e-05
1676,1.0,0.019142823293805122,9.999999747378752e-05
1677,1.0,0.015611105598509312,9.999999747378752e-05
1678,0.9972375631332397,0.020662473514676094,9.999999747378752e-05
1679,1.0,0.021899374201893806,9.999999747378752e-05
1680,1.0,0.01642005890607834,9.999999747378752e-05
1681,1.0,0.019128423184156418,9.999999747378752e-05
1682,0.9972375631332397,0.0207451730966568,9.999999747378752e-05
1683,1.0,0.02204190194606781,9.999999747378752e-05
1684,1.0,0.019244195893406868,9.999999747378752e-05
1685,1.0,0.01762772724032402,9.999999747378752e-05
1686,1.0,0.016330033540725708,9.999999747378752e-05
1687,1.0,0.018705658614635468,9.999999747378752e-05
1688,1.0,0.01893608644604683,9.999999747378752e-05
1689,1.0,0.018914107233285904,9.999999747378752e-05
1690,1.0,0.016632653772830963,9.999999747378752e-05
1691,1.0,0.016631165519356728,9.999999747378752e-05
1692,1.0,0.01853100024163723,9.999999747378752e-05
1693,1.0,0.017785416916012764,9.999999747378752e-05
1694,1.0,0.023190150037407875,9.999999747378752e-05
1695,1.0,0.0189482681453228,9.999999747378752e-05
1696,1.0,0.020279154181480408,9.999999747378752e-05
1697,1.0,0.01882997527718544,9.999999747378752e-05
1698,1.0,0.019504139199852943,9.999999747378752e-05
1699,0.9972375631332397,0.020356325432658195,9.999999747378752e-05
1700,1.0,0.015389977023005486,9.999999747378752e-05
1701,1.0,0.016315823420882225,9.999999747378752e-05
1702,1.0,0.021915391087532043,9.999999747378752e-05
1703,1.0,0.019182370975613594,9.999999747378752e-05
1704,1.0,0.020356854423880577,9.999999747378752e-05
1705,1.0,0.023965537548065186,9.999999747378752e-05
1706,1.0,0.021001115441322327,9.999999747378752e-05
1707,1.0,0.01744244433939457,9.999999747378752e-05
1708,1.0,0.01624041050672531,9.999999747378752e-05
1709,1.0,0.020984193310141563,9.999999747378752e-05
1710,1.0,0.020500831305980682,9.999999747378752e-05
1711,1.0,0.01838080957531929,9.999999747378752e-05
1712,1.0,0.02031249739229679,9.999999747378752e-05
1713,1.0,0.018873635679483414,9.999999747378752e-05
1714,1.0,0.020717589184641838,9.999999747378752e-05
1715,1.0,0.020812993869185448,9.999999747378752e-05
1716,1.0,0.020826144143939018,9.999999747378752e-05
1717,1.0,0.016506211832165718,9.999999747378752e-05
1718,1.0,0.016809973865747452,9.999999747378752e-05
1719,1.0,0.020096518099308014,9.999999747378752e-05
1720,1.0,0.018665511161088943,9.999999747378752e-05
1721,1.0,0.016137830913066864,9.999999747378752e-05
1722,1.0,0.019202612340450287,9.999999747378752e-05
1723,0.9972375631332397,0.015434563159942627,9.999999747378752e-05
1724,1.0,0.017864927649497986,9.999999747378752e-05
1725,0.9972375631332397,0.01757197082042694,9.999999747378752e-05
1726,0.9972375631332397,0.02860904484987259,9.999999747378752e-05
1727,1.0,0.01861991547048092,9.999999747378752e-05
1728,0.9972375631332397,0.02322711981832981,9.999999747378752e-05
1729,1.0,0.017750060185790062,9.999999747378752e-05
1730,1.0,0.017357759177684784,9.999999747378752e-05
1731,1.0,0.015380685217678547,9.999999747378752e-05
1732,0.9972375631332397,0.01694541797041893,9.999999747378752e-05
1733,0.9972375631332397,0.02205495722591877,9.999999747378752e-05
1734,1.0,0.018339840695261955,9.999999747378752e-05
1735,1.0,0.018993837758898735,9.999999747378752e-05
1736,0.9972375631332397,0.018421508371829987,9.999999747378752e-05
1737,1.0,0.018239863216876984,9.999999747378752e-05
1738,1.0,0.016630684956908226,9.999999747378752e-05
1739,1.0,0.012802114710211754,9.999999747378752e-05
1740,0.9972375631332397,0.02514381892979145,9.999999747378752e-05
1741,1.0,0.017820382490754128,9.999999747378752e-05
1742,1.0,0.014752175658941269,9.999999747378752e-05
1743,1.0,0.014601865783333778,9.999999747378752e-05
1744,1.0,0.01998377963900566,9.999999747378752e-05
1745,1.0,0.01796870119869709,9.999999747378752e-05
1746,1.0,0.021139556542038918,9.999999747378752e-05
1747,1.0,0.017942974343895912,9.999999747378752e-05
1748,1.0,0.012368736788630486,9.999999747378752e-05
1749,1.0,0.017927924171090126,9.999999747378752e-05
1750,1.0,0.015890315175056458,9.999999747378752e-05
1751,1.0,0.016563881188631058,9.999999747378752e-05
1752,1.0,0.01312804501503706,9.999999747378752e-05
1753,1.0,0.017464185133576393,9.999999747378752e-05
1754,0.9972375631332397,0.022651158273220062,9.999999747378752e-05
1755,1.0,0.022433700039982796,9.999999747378752e-05
1756,1.0,0.018650222569704056,9.999999747378752e-05
1757,0.9972375631332397,0.01813497208058834,9.999999747378752e-05
1758,1.0,0.016719991341233253,9.999999747378752e-05
1759,1.0,0.020297255367040634,9.999999747378752e-05
1760,0.9972375631332397,0.022688444703817368,9.999999747378752e-05
1761,0.9972375631332397,0.020535172894597054,9.999999747378752e-05
1762,1.0,0.02238079532980919,9.999999747378752e-05
1763,1.0,0.01594044640660286,9.999999747378752e-05
1764,1.0,0.017734456807374954,9.999999747378752e-05
1765,1.0,0.015521691180765629,9.999999747378752e-05
1766,1.0,0.015479039400815964,9.999999747378752e-05
1767,1.0,0.014157764613628387,9.999999747378752e-05
1768,1.0,0.014991032890975475,9.999999747378752e-05
1769,1.0,0.016813630238175392,9.999999747378752e-05
1770,0.9972375631332397,0.02058098278939724,9.999999747378752e-05
1771,1.0,0.015398258343338966,9.999999747378752e-05
1772,1.0,0.012774810194969177,9.999999747378752e-05
1773,0.9972375631332397,0.019012169912457466,9.999999747378752e-05
1774,0.9972375631332397,0.018946124240756035,9.999999747378752e-05
1775,0.9972375631332397,0.02286905236542225,9.999999747378752e-05
1776,1.0,0.01627049408853054,9.999999747378752e-05
1777,1.0,0.017535557970404625,9.999999747378752e-05
1778,1.0,0.01658817194402218,9.999999747378752e-05
1779,1.0,0.02220066823065281,9.999999747378752e-05
1780,1.0,0.016515394672751427,9.999999747378752e-05
1781,1.0,0.019683122634887695,9.999999747378752e-05
1782,1.0,0.019602784886956215,9.999999747378752e-05
1783,1.0,0.016731230542063713,9.999999747378752e-05
1784,1.0,0.017793484032154083,9.999999747378752e-05
1785,1.0,0.026412056758999825,9.999999747378752e-05
1786,0.9972375631332397,0.018484093248844147,9.999999747378752e-05
1787,0.9972375631332397,0.0203669723123312,9.999999747378752e-05
1788,1.0,0.018077485263347626,9.999999747378752e-05
1789,1.0,0.013483148999512196,9.999999747378752e-05
1790,1.0,0.014375755563378334,9.999999747378752e-05
1791,1.0,0.015621950849890709,9.999999747378752e-05
1792,1.0,0.0172819085419178,9.999999747378752e-05
1793,1.0,0.012653731741011143,9.999999747378752e-05
1794,1.0,0.016203604638576508,9.999999747378752e-05
1795,1.0,0.01715327799320221,9.999999747378752e-05
1796,1.0,0.01743341237306595,9.999999747378752e-05
1797,1.0,0.018555786460638046,9.999999747378752e-05
1798,1.0,0.02215135656297207,9.999999747378752e-05
1799,1.0,0.024186374619603157,9.999999747378752e-05
1800,1.0,0.02024454064667225,9.999999747378752e-05
1801,1.0,0.016503849998116493,9.999999747378752e-05
1802,1.0,0.0176259633153677,9.999999747378752e-05
1803,1.0,0.015458737500011921,9.999999747378752e-05
1804,1.0,0.015432094223797321,9.999999747378752e-05
1805,1.0,0.019739631563425064,9.999999747378752e-05
1806,1.0,0.017294179648160934,9.999999747378752e-05
1807,1.0,0.01583172008395195,9.999999747378752e-05
1808,1.0,0.014668254181742668,9.999999747378752e-05
1809,0.9972375631332397,0.019520308822393417,9.999999747378752e-05
1810,1.0,0.018714945763349533,9.999999747378752e-05
1811,1.0,0.01957763358950615,9.999999747378752e-05
1812,1.0,0.013836079277098179,9.999999747378752e-05
1813,1.0,0.014970106072723866,9.999999747378752e-05
1814,1.0,0.013309052214026451,9.999999747378752e-05
1815,1.0,0.018514472991228104,9.999999747378752e-05
1816,1.0,0.013248023577034473,9.999999747378752e-05
1817,1.0,0.014696658588945866,9.999999747378752e-05
1818,1.0,0.015400078147649765,9.999999747378752e-05
1819,1.0,0.016659535467624664,9.999999747378752e-05
1820,1.0,0.01807170733809471,9.999999747378752e-05
1821,1.0,0.013981545343995094,9.999999747378752e-05
1822,0.9972375631332397,0.020238161087036133,9.999999747378752e-05
1823,0.9972375631332397,0.018712462857365608,9.999999747378752e-05
1824,0.9972375631332397,0.02193816937506199,9.999999747378752e-05
1825,0.9972375631332397,0.019464347511529922,9.999999747378752e-05
1826,0.9972375631332397,0.025660837069153786,9.999999747378752e-05
1827,1.0,0.016701802611351013,9.999999747378752e-05
1828,1.0,0.019699672237038612,9.999999747378752e-05
1829,1.0,0.013744319789111614,9.999999747378752e-05
1830,1.0,0.01807464100420475,9.999999747378752e-05
1831,1.0,0.012354199774563313,9.999999747378752e-05
1832,1.0,0.015986714512109756,9.999999747378752e-05
1833,1.0,0.017332790419459343,9.999999747378752e-05
1834,1.0,0.016731852665543556,9.999999747378752e-05
1835,0.9972375631332397,0.021705497056245804,9.999999747378752e-05
1836,0.9972375631332397,0.01733577623963356,9.999999747378752e-05
1837,1.0,0.01680801250040531,9.999999747378752e-05
1838,1.0,0.01671459712088108,9.999999747378752e-05
1839,1.0,0.01789199933409691,9.999999747378752e-05
1840,1.0,0.016847603023052216,9.999999747378752e-05
1841,1.0,0.015943270176649094,9.999999747378752e-05
1842,1.0,0.01962130330502987,9.999999747378752e-05
1843,1.0,0.023173069581389427,9.999999747378752e-05
1844,0.9972375631332397,0.01918475329875946,9.999999747378752e-05
1845,1.0,0.016938330605626106,9.999999747378752e-05
1846,1.0,0.027828853577375412,9.999999747378752e-05
1847,1.0,0.01944894716143608,9.999999747378752e-05
1848,1.0,0.014032090082764626,9.999999747378752e-05
1849,1.0,0.01723969355225563,9.999999747378752e-05
1850,1.0,0.016752256080508232,9.999999747378752e-05
1851,1.0,0.01734112948179245,9.999999747378752e-05
1852,1.0,0.019282180815935135,9.999999747378752e-05
1853,1.0,0.01594678685069084,9.999999747378752e-05
1854,1.0,0.01489053200930357,9.999999747378752e-05
1855,1.0,0.015198447741568089,9.999999747378752e-05
1856,1.0,0.015813209116458893,9.999999747378752e-05
1857,1.0,0.015874918550252914,9.999999747378752e-05
1858,1.0,0.01890624314546585,9.999999747378752e-05
1859,0.9944751262664795,0.026599038392305374,9.999999747378752e-05
1860,1.0,0.023936811834573746,9.999999747378752e-05
1861,1.0,0.020638620480895042,9.999999747378752e-05
1862,0.9972375631332397,0.019834263250231743,9.999999747378752e-05
1863,0.9972375631332397,0.018591219559311867,9.999999747378752e-05
1864,0.9972375631332397,0.021781161427497864,9.999999747378752e-05
1865,0.9972375631332397,0.019124597311019897,9.999999747378752e-05
1866,1.0,0.015480410307645798,9.999999747378752e-05
1867,0.9972375631332397,0.021778816357254982,9.999999747378752e-05
1868,1.0,0.01624603383243084,9.999999747378752e-05
1869,1.0,0.019780121743679047,9.999999747378752e-05
1870,1.0,0.01704420894384384,9.999999747378752e-05
1871,0.9972375631332397,0.017778467386960983,9.999999747378752e-05
1872,1.0,0.013584486208856106,9.999999747378752e-05
1873,1.0,0.01590098813176155,9.999999747378752e-05
1874,1.0,0.01613955944776535,9.999999747378752e-05
1875,1.0,0.01818917691707611,9.999999747378752e-05
1876,1.0,0.015266867354512215,9.999999747378752e-05
1877,1.0,0.014838367700576782,9.999999747378752e-05
1878,0.9972375631332397,0.020089341327548027,9.999999747378752e-05
1879,1.0,0.013695452362298965,9.999999747378752e-05
1880,1.0,0.01526123657822609,9.999999747378752e-05
1881,1.0,0.01541090290993452,9.999999747378752e-05
1882,1.0,0.014086741954088211,9.999999747378752e-05
1883,1.0,0.014536912553012371,9.999999747378752e-05
1884,0.9917126893997192,0.023414459079504013,9.999999747378752e-05
1885,1.0,0.018726900219917297,9.999999747378752e-05
1886,1.0,0.01684213988482952,9.999999747378752e-05
1887,1.0,0.015908440575003624,9.999999747378752e-05
1888,1.0,0.01664649322628975,9.999999747378752e-05
1889,1.0,0.013488257303833961,9.999999747378752e-05
1890,0.9972375631332397,0.021201178431510925,9.999999747378752e-05
1891,1.0,0.02037484385073185,9.999999747378752e-05
1892,1.0,0.017707984894514084,9.999999747378752e-05
1893,0.9972375631332397,0.022206133231520653,9.999999747378752e-05
1894,0.9972375631332397,0.01698501966893673,9.999999747378752e-05
1895,1.0,0.016384858638048172,9.999999747378752e-05
1896,1.0,0.01969127729535103,9.999999747378752e-05
1897,1.0,0.016331886872649193,9.999999747378752e-05
1898,0.9944751262664795,0.022796083241701126,9.999999747378752e-05
1899,1.0,0.018209297209978104,9.999999747378752e-05
1900,1.0,0.014767280779778957,9.999999747378752e-05
1901,1.0,0.014729760587215424,9.999999747378752e-05
1902,0.9972375631332397,0.01757110469043255,9.999999747378752e-05
1903,1.0,0.016182294115424156,9.999999747378752e-05
1904,1.0,0.012792011722922325,9.999999747378752e-05
1905,1.0,0.01118337083607912,9.999999747378752e-05
1906,1.0,0.016424143686890602,9.999999747378752e-05
1907,1.0,0.015070979483425617,9.999999747378752e-05
1908,1.0,0.013453898951411247,9.999999747378752e-05
1909,1.0,0.01684558391571045,9.999999747378752e-05
1910,1.0,0.01458736415952444,9.999999747378752e-05
1911,1.0,0.013913332484662533,9.999999747378752e-05
1912,1.0,0.015225025825202465,9.999999747378752e-05
1913,1.0,0.01602422632277012,9.999999747378752e-05
1914,1.0,0.019493887200951576,9.999999747378752e-05
1915,1.0,0.015600872226059437,9.999999747378752e-05
1916,0.9972375631332397,0.018061906099319458,9.999999747378752e-05
1917,1.0,0.019320063292980194,9.999999747378752e-05
1918,1.0,0.016102274879813194,9.999999747378752e-05
1919,1.0,0.022252291440963745,9.999999747378752e-05
1920,0.9972375631332397,0.01998979225754738,9.999999747378752e-05
1921,1.0,0.015653062611818314,9.999999747378752e-05
1922,1.0,0.014670091681182384,9.999999747378752e-05
1923,1.0,0.013829506933689117,9.999999747378752e-05
1924,1.0,0.016670534387230873,9.999999747378752e-05
1925,0.9972375631332397,0.016679950058460236,9.999999747378752e-05
1926,0.9972375631332397,0.019116729497909546,9.999999747378752e-05
1927,1.0,0.012726230546832085,9.999999747378752e-05
1928,1.0,0.014268738217651844,9.999999747378752e-05
1929,1.0,0.016587749123573303,9.999999747378752e-05
1930,1.0,0.012508672662079334,9.999999747378752e-05
1931,1.0,0.012916970998048782,9.999999747378752e-05
1932,1.0,0.01490802876651287,9.999999747378752e-05
1933,0.9972375631332397,0.016405658796429634,9.999999747378752e-05
1934,1.0,0.017253512516617775,9.999999747378752e-05
1935,1.0,0.01694120466709137,9.999999747378752e-05
1936,1.0,0.01632535457611084,9.999999747378752e-05
1937,1.0,0.015375872142612934,9.999999747378752e-05
1938,1.0,0.017085231840610504,9.999999747378752e-05
1939,1.0,0.01556977815926075,9.999999747378752e-05
1940,1.0,0.017518972977995872,9.999999747378752e-05
1941,1.0,0.015430412255227566,9.999999747378752e-05
1942,0.9972375631332397,0.01807756908237934,9.999999747378752e-05
1943,0.9972375631332397,0.02513319067656994,9.999999747378752e-05
1944,1.0,0.01741708070039749,9.999999747378752e-05
1945,0.9944751262664795,0.021777501329779625,9.999999747378752e-05
1946,1.0,0.015313929878175259,9.999999747378752e-05
1947,0.9972375631332397,0.020019937306642532,9.999999747378752e-05
1948,1.0,0.01720966398715973,9.999999747378752e-05
1949,1.0,0.018661942332983017,9.999999747378752e-05
1950,1.0,0.016159644350409508,9.999999747378752e-05
1951,1.0,0.01734301447868347,9.999999747378752e-05
1952,1.0,0.015289662405848503,9.999999747378752e-05
1953,0.9944751262664795,0.021661192178726196,9.999999747378752e-05
1954,1.0,0.01697405055165291,9.999999747378752e-05
1955,1.0,0.01635603792965412,9.999999747378752e-05
1956,1.0,0.01723245345056057,9.999999747378752e-05
1957,1.0,0.0190152395516634,9.999999747378752e-05
1958,0.9972375631332397,0.01636888086795807,9.999999747378752e-05
1959,1.0,0.01598820462822914,9.999999747378752e-05
1960,1.0,0.012504532933235168,9.999999747378752e-05
1961,1.0,0.011742190457880497,9.999999747378752e-05
1962,1.0,0.01415751688182354,9.999999747378752e-05
1963,1.0,0.017040923237800598,9.999999747378752e-05
1964,1.0,0.01657550409436226,9.999999747378752e-05
1965,0.9972375631332397,0.01843942701816559,9.999999747378752e-05
1966,1.0,0.020536212250590324,9.999999747378752e-05
1967,0.9972375631332397,0.01857103779911995,9.999999747378752e-05
1968,1.0,0.01565822772681713,9.999999747378752e-05
1969,1.0,0.013586221262812614,9.999999747378752e-05
1970,1.0,0.015981730073690414,9.999999747378752e-05
1971,1.0,0.011984847486019135,9.999999747378752e-05
1972,1.0,0.013469153083860874,9.999999747378752e-05
1973,0.9972375631332397,0.016499966382980347,9.999999747378752e-05
1974,1.0,0.011888119392096996,9.999999747378752e-05
1975,1.0,0.011773914098739624,9.999999747378752e-05
1976,1.0,0.01781785674393177,9.999999747378752e-05
1977,1.0,0.013835948891937733,9.999999747378752e-05
1978,1.0,0.013278068043291569,9.999999747378752e-05
1979,1.0,0.012859299778938293,9.999999747378752e-05
1980,1.0,0.016799718141555786,9.999999747378752e-05
1981,1.0,0.015773950144648552,9.999999747378752e-05
1982,1.0,0.0158751979470253,9.999999747378752e-05
1983,1.0,0.01523249689489603,9.999999747378752e-05
1984,1.0,0.020737173035740852,9.999999747378752e-05
1985,0.9972375631332397,0.01888018473982811,9.999999747378752e-05
1986,1.0,0.01616671122610569,9.999999747378752e-05
1987,1.0,0.013705275021493435,9.999999747378752e-05
1988,1.0,0.013160509057343006,9.999999747378752e-05
1989,1.0,0.014017279259860516,9.999999747378752e-05
1990,1.0,0.011441301554441452,9.999999747378752e-05
1991,1.0,0.012818428687751293,9.999999747378752e-05
1992,1.0,0.012312802486121655,9.999999747378752e-05
1993,1.0,0.014986296184360981,9.999999747378752e-05
1994,1.0,0.015415545552968979,9.999999747378752e-05
1995,1.0,0.014713653363287449,9.999999747378752e-05
1996,1.0,0.013165455311536789,9.999999747378752e-05
1997,1.0,0.012896545231342316,9.999999747378752e-05
1998,0.9972375631332397,0.014885428361594677,9.999999747378752e-05
1999,1.0,0.014142690226435661,9.999999747378752e-05
