,categorical_accuracy,loss,learning_rate
0,0.17228464782238007,2.9668288230895996,0.0010000000474974513
1,0.2921348214149475,2.586749792098999,0.0010000000474974513
2,0.2921348214149475,2.4705328941345215,0.0010000000474974513
3,0.3071160912513733,2.4324800968170166,0.0010000000474974513
4,0.318352073431015,2.3815765380859375,0.0010000000474974513
5,0.3258427083492279,2.322157382965088,0.0010000000474974513
6,0.3258427083492279,2.30645751953125,0.0010000000474974513
7,0.3258427083492279,2.2659242153167725,0.0010000000474974513
8,0.3333333432674408,2.2519407272338867,0.0010000000474974513
9,0.3595505654811859,2.2368850708007812,0.0010000000474974513
10,0.37078651785850525,2.20343017578125,0.0010000000474974513
11,0.352059930562973,2.1734678745269775,0.0010000000474974513
12,0.3408239781856537,2.1667673587799072,0.0010000000474974513
13,0.36329588294029236,2.1479475498199463,0.0010000000474974513
14,0.3483146131038666,2.1439781188964844,0.0010000000474974513
15,0.3895131051540375,2.0949628353118896,0.0010000000474974513
16,0.4007490575313568,2.1102294921875,0.0010000000474974513
17,0.3820224702358246,2.050056219100952,0.0010000000474974513
18,0.39700374007225037,2.037194013595581,0.0010000000474974513
19,0.352059930562973,2.066786050796509,0.0010000000474974513
20,0.40449437499046326,2.0519139766693115,0.0010000000474974513
21,0.4232209622859955,2.0082972049713135,0.0010000000474974513
22,0.4082396924495697,1.975049614906311,0.0010000000474974513
23,0.4344569146633148,1.9643975496292114,0.0010000000474974513
24,0.45318353176116943,1.9146695137023926,0.0010000000474974513
25,0.449438214302063,1.932267427444458,0.0010000000474974513
26,0.4307115972042084,1.9297295808792114,0.0010000000474974513
27,0.4606741666793823,1.8955951929092407,0.0010000000474974513
28,0.4344569146633148,1.894608736038208,0.0010000000474974513
29,0.4569288492202759,1.8795905113220215,0.0010000000474974513
30,0.47940075397491455,1.8411377668380737,0.0010000000474974513
31,0.47191011905670166,1.8555808067321777,0.0010000000474974513
32,0.483146071434021,1.8280233144760132,0.0010000000474974513
33,0.45318353176116943,1.844355821609497,0.0010000000474974513
34,0.449438214302063,1.8654608726501465,0.0010000000474974513
35,0.4681648015975952,1.7836698293685913,0.0010000000474974513
36,0.4606741666793823,1.8023781776428223,0.0010000000474974513
37,0.4981273412704468,1.777157187461853,0.0010000000474974513
38,0.49438202381134033,1.7907534837722778,0.0010000000474974513
39,0.4981273412704468,1.7526516914367676,0.0010000000474974513
40,0.49438202381134033,1.693328857421875,0.0010000000474974513
41,0.516853928565979,1.695243239402771,0.0010000000474974513
42,0.4981273412704468,1.7056514024734497,0.0010000000474974513
43,0.4681648015975952,1.7292428016662598,0.0010000000474974513
44,0.4906367063522339,1.705029010772705,0.0010000000474974513
45,0.483146071434021,1.6673805713653564,0.0010000000474974513
46,0.5205992460250854,1.6689685583114624,0.0010000000474974513
47,0.5355805158615112,1.6061427593231201,0.0010000000474974513
48,0.516853928565979,1.5975638628005981,0.0010000000474974513
49,0.5205992460250854,1.6250770092010498,0.0010000000474974513
50,0.5580524206161499,1.5816301107406616,0.0010000000474974513
51,0.5692883729934692,1.5805401802062988,0.0010000000474974513
52,0.5205992460250854,1.6329442262649536,0.0010000000474974513
53,0.5543071031570435,1.5658254623413086,0.0010000000474974513
54,0.5468164682388306,1.5524930953979492,0.0010000000474974513
55,0.5543071031570435,1.5325361490249634,0.0010000000474974513
56,0.5805243253707886,1.5381402969360352,0.0010000000474974513
57,0.5543071031570435,1.5255141258239746,0.0010000000474974513
58,0.5580524206161499,1.5530112981796265,0.0010000000474974513
59,0.516853928565979,1.5707130432128906,0.0010000000474974513
60,0.5805243253707886,1.4959471225738525,0.0010000000474974513
61,0.5580524206161499,1.4990692138671875,0.0010000000474974513
62,0.5767790079116821,1.425946593284607,0.0010000000474974513
63,0.5655430555343628,1.473289966583252,0.0010000000474974513
64,0.5655430555343628,1.4812901020050049,0.0010000000474974513
65,0.5655430555343628,1.4581176042556763,0.0010000000474974513
66,0.5767790079116821,1.3958055973052979,0.0010000000474974513
67,0.5692883729934692,1.416473627090454,0.0010000000474974513
68,0.5805243253707886,1.4442622661590576,0.0010000000474974513
69,0.5917602777481079,1.3420394659042358,0.0010000000474974513
70,0.5655430555343628,1.3818180561065674,0.0010000000474974513
71,0.5767790079116821,1.4214956760406494,0.0010000000474974513
72,0.63670414686203,1.3317748308181763,0.0010000000474974513
73,0.584269642829895,1.3868091106414795,0.0010000000474974513
74,0.5917602777481079,1.3952311277389526,0.0010000000474974513
75,0.6104868650436401,1.3475279808044434,0.0010000000474974513
76,0.5917602777481079,1.3678507804870605,0.0010000000474974513
77,0.6067415475845337,1.3495301008224487,0.0010000000474974513
78,0.6142321825027466,1.2987439632415771,0.0010000000474974513
79,0.6404494643211365,1.281116008758545,0.0010000000474974513
80,0.6104868650436401,1.2751891613006592,0.0010000000474974513
81,0.5805243253707886,1.306523323059082,0.0010000000474974513
82,0.6142321825027466,1.2766270637512207,0.0010000000474974513
83,0.6441947817802429,1.2288167476654053,0.0010000000474974513
84,0.6254681944847107,1.219846487045288,0.0010000000474974513
85,0.6404494643211365,1.253113031387329,0.0010000000474974513
86,0.6217228174209595,1.204738974571228,0.0010000000474974513
87,0.6591760516166687,1.2171313762664795,0.0010000000474974513
88,0.6404494643211365,1.1660523414611816,0.0010000000474974513
89,0.6966292262077332,1.1459938287734985,0.0010000000474974513
90,0.6067415475845337,1.2065895795822144,0.0010000000474974513
91,0.6329588294029236,1.237330436706543,0.0010000000474974513
92,0.6329588294029236,1.2213058471679688,0.0010000000474974513
93,0.6629213690757751,1.1681785583496094,0.0010000000474974513
94,0.6666666865348816,1.1384748220443726,0.0010000000474974513
95,0.6591760516166687,1.1431511640548706,0.0010000000474974513
96,0.6591760516166687,1.1450660228729248,0.0010000000474974513
97,0.6441947817802429,1.195231556892395,0.0010000000474974513
98,0.6292135119438171,1.1766620874404907,0.0010000000474974513
99,0.6928839087486267,1.0947898626327515,0.0010000000474974513
100,0.6853932738304138,1.1065860986709595,0.0010000000474974513
101,0.6853932738304138,1.1055938005447388,0.0010000000474974513
102,0.6779026389122009,1.075125813484192,0.0010000000474974513
103,0.7078651785850525,1.0510151386260986,0.0010000000474974513
104,0.7340824007987976,1.0076875686645508,0.0010000000474974513
105,0.6966292262077332,1.0033247470855713,0.0010000000474974513
106,0.7078651785850525,0.9816086292266846,0.0010000000474974513
107,0.7153558135032654,1.039300560951233,0.0010000000474974513
108,0.6853932738304138,1.0715540647506714,0.0010000000474974513
109,0.6928839087486267,1.0227066278457642,0.0010000000474974513
110,0.7303370833396912,0.9840055704116821,0.0010000000474974513
111,0.704119861125946,1.0350494384765625,0.0010000000474974513
112,0.6966292262077332,0.9506409764289856,0.0010000000474974513
113,0.7340824007987976,0.9814954996109009,0.0010000000474974513
114,0.7228464484214783,1.0066889524459839,0.0010000000474974513
115,0.7078651785850525,1.0272291898727417,0.0010000000474974513
116,0.7153558135032654,0.9894705414772034,0.0010000000474974513
117,0.7415730357170105,0.9315864443778992,0.0010000000474974513
118,0.6966292262077332,0.9564972519874573,0.0010000000474974513
119,0.7303370833396912,0.929792046546936,0.0010000000474974513
120,0.7752808928489685,0.9200069904327393,0.0010000000474974513
121,0.7640449404716492,0.8674723505973816,0.0010000000474974513
122,0.7715355753898621,0.8415699601173401,0.0010000000474974513
123,0.7602996230125427,0.9472633600234985,0.0010000000474974513
124,0.7490636706352234,0.9078233242034912,0.0010000000474974513
125,0.7453183531761169,0.8984076380729675,0.0010000000474974513
126,0.7490636706352234,0.8369802236557007,0.0010000000474974513
127,0.7677902579307556,0.8770986199378967,0.0010000000474974513
128,0.779026210308075,0.8777799606323242,0.0010000000474974513
129,0.7078651785850525,0.9795019030570984,0.0010000000474974513
130,0.7602996230125427,0.9125378727912903,0.0010000000474974513
131,0.7677902579307556,0.8696576356887817,0.0010000000474974513
132,0.7490636706352234,0.860755443572998,0.0010000000474974513
133,0.7827715277671814,0.8506240248680115,0.0010000000474974513
134,0.7490636706352234,0.8767750859260559,0.0010000000474974513
135,0.7640449404716492,0.8213460445404053,0.0010000000474974513
136,0.7865168452262878,0.7787268161773682,0.0010000000474974513
137,0.8239700198173523,0.7912471890449524,0.0010000000474974513
138,0.779026210308075,0.8240190744400024,0.0010000000474974513
139,0.8014981150627136,0.7553983926773071,0.0010000000474974513
140,0.779026210308075,0.8023224472999573,0.0010000000474974513
141,0.8239700198173523,0.7386289238929749,0.0010000000474974513
142,0.8277153372764587,0.7016251683235168,0.0010000000474974513
143,0.8277153372764587,0.7335734963417053,0.0010000000474974513
144,0.8389512896537781,0.6701603531837463,0.0010000000474974513
145,0.8164793848991394,0.7255542278289795,0.0010000000474974513
146,0.8239700198173523,0.6851224303245544,0.0010000000474974513
147,0.8164793848991394,0.6825252771377563,0.0010000000474974513
148,0.8314606547355652,0.7175119519233704,0.0010000000474974513
149,0.8239700198173523,0.7406328916549683,0.0010000000474974513
150,0.8052434325218201,0.7027348279953003,0.0010000000474974513
151,0.8352059721946716,0.6317996382713318,0.0010000000474974513
152,0.8352059721946716,0.7236402034759521,0.0010000000474974513
153,0.8501872420310974,0.6711635589599609,0.0010000000474974513
154,0.8239700198173523,0.650524914264679,0.0010000000474974513
155,0.8352059721946716,0.645654022693634,0.0010000000474974513
156,0.8389512896537781,0.676038920879364,0.0010000000474974513
157,0.8052434325218201,0.726327657699585,0.0010000000474974513
158,0.8202247023582458,0.6695340275764465,0.0010000000474974513
159,0.812734067440033,0.6962085962295532,0.0010000000474974513
160,0.8389512896537781,0.6348801255226135,0.0010000000474974513
161,0.8576778769493103,0.5957843661308289,0.0010000000474974513
162,0.8202247023582458,0.6315597295761108,0.0010000000474974513
163,0.8202247023582458,0.6886158585548401,0.0010000000474974513
164,0.8352059721946716,0.6386443972587585,0.0010000000474974513
165,0.8277153372764587,0.6432517766952515,0.0010000000474974513
166,0.8314606547355652,0.6130194664001465,0.0010000000474974513
167,0.8352059721946716,0.6436262130737305,0.0010000000474974513
168,0.8913857936859131,0.5680245757102966,0.0010000000474974513
169,0.8539325594902039,0.620428740978241,0.0010000000474974513
170,0.8314606547355652,0.6198045015335083,0.0010000000474974513
171,0.8501872420310974,0.5844998359680176,0.0010000000474974513
172,0.8726591467857361,0.5621575713157654,0.0010000000474974513
173,0.8314606547355652,0.592026948928833,0.0010000000474974513
174,0.8764045238494873,0.6005086898803711,0.0010000000474974513
175,0.8651685118675232,0.5488722920417786,0.0010000000474974513
176,0.8651685118675232,0.5321299433708191,0.0010000000474974513
177,0.8876404762268066,0.5376449823379517,0.0010000000474974513
178,0.8876404762268066,0.5447837114334106,0.0010000000474974513
179,0.8576778769493103,0.5491772890090942,0.0010000000474974513
180,0.8876404762268066,0.53339022397995,0.0010000000474974513
181,0.8576778769493103,0.5292062163352966,0.0010000000474974513
182,0.8539325594902039,0.5543332695960999,0.0010000000474974513
183,0.8689138293266296,0.5198936462402344,0.0010000000474974513
184,0.8764045238494873,0.5084166526794434,0.0010000000474974513
185,0.9063670635223389,0.4699495732784271,0.0010000000474974513
186,0.8838951587677002,0.4978227913379669,0.0010000000474974513
187,0.8838951587677002,0.454433798789978,0.0010000000474974513
188,0.9063670635223389,0.47194361686706543,0.0010000000474974513
189,0.8876404762268066,0.47476160526275635,0.0010000000474974513
190,0.898876428604126,0.48516154289245605,0.0010000000474974513
191,0.9063670635223389,0.44674450159072876,0.0010000000474974513
192,0.8764045238494873,0.5556225180625916,0.0010000000474974513
193,0.846441924571991,0.5347535610198975,0.0010000000474974513
194,0.8951311111450195,0.4886959195137024,0.0010000000474974513
195,0.8726591467857361,0.5003597140312195,0.0010000000474974513
196,0.8689138293266296,0.47308894991874695,0.0010000000474974513
197,0.8426966071128845,0.5287441611289978,0.0010000000474974513
198,0.8764045238494873,0.4521030783653259,0.0010000000474974513
199,0.9063670635223389,0.466824471950531,0.0010000000474974513
200,0.932584285736084,0.38120660185813904,0.0010000000474974513
201,0.898876428604126,0.44176656007766724,0.0010000000474974513
202,0.8689138293266296,0.4881349503993988,0.0010000000474974513
203,0.8876404762268066,0.48385053873062134,0.0010000000474974513
204,0.9063670635223389,0.43675076961517334,0.0010000000474974513
205,0.8838951587677002,0.47254928946495056,0.0010000000474974513
206,0.8951311111450195,0.4611186981201172,0.0010000000474974513
207,0.8764045238494873,0.4608681797981262,0.0010000000474974513
208,0.9026217460632324,0.4232262969017029,0.0010000000474974513
209,0.9250936508178711,0.40152260661125183,0.0010000000474974513
210,0.9250936508178711,0.38585373759269714,0.0010000000474974513
211,0.9026217460632324,0.4125223457813263,0.0010000000474974513
212,0.9176030158996582,0.42595213651657104,0.0010000000474974513
213,0.932584285736084,0.37928497791290283,0.0010000000474974513
214,0.8951311111450195,0.4491685926914215,0.0010000000474974513
215,0.9026217460632324,0.4086274802684784,0.0010000000474974513
216,0.898876428604126,0.41349464654922485,0.0010000000474974513
217,0.9400749206542969,0.3770006597042084,0.0010000000474974513
218,0.8876404762268066,0.43428072333335876,0.0010000000474974513
219,0.9138576984405518,0.3662158250808716,0.0010000000474974513
220,0.932584285736084,0.3620165288448334,0.0010000000474974513
221,0.9400749206542969,0.33493947982788086,0.0010000000474974513
222,0.9363296031951904,0.3643694818019867,0.0010000000474974513
223,0.9138576984405518,0.3693647086620331,0.0010000000474974513
224,0.9363296031951904,0.3335641026496887,0.0010000000474974513
225,0.9475655555725098,0.29651880264282227,0.0010000000474974513
226,0.9625468254089355,0.2852618098258972,0.0010000000474974513
227,0.9176030158996582,0.36143016815185547,0.0010000000474974513
228,0.9250936508178711,0.3596229553222656,0.0010000000474974513
229,0.9026217460632324,0.34812232851982117,0.0010000000474974513
230,0.9363296031951904,0.3561793267726898,0.0010000000474974513
231,0.9213483333587646,0.348192036151886,0.0010000000474974513
232,0.9138576984405518,0.35208868980407715,0.0010000000474974513
233,0.9363296031951904,0.3207734525203705,0.0010000000474974513
234,0.9513108730316162,0.2936016321182251,0.0010000000474974513
235,0.9513108730316162,0.3109520673751831,0.0010000000474974513
236,0.932584285736084,0.34146827459335327,0.0010000000474974513
237,0.9400749206542969,0.3190845251083374,0.0010000000474974513
238,0.9063670635223389,0.4086020290851593,0.0010000000474974513
239,0.9400749206542969,0.31347259879112244,0.0010000000474974513
240,0.9400749206542969,0.3173237442970276,0.0010000000474974513
241,0.932584285736084,0.3424552381038666,0.0010000000474974513
242,0.9250936508178711,0.3254619240760803,0.0010000000474974513
243,0.9513108730316162,0.2908744513988495,0.0010000000474974513
244,0.9363296031951904,0.2975081503391266,0.0010000000474974513
245,0.9363296031951904,0.30395033955574036,0.0010000000474974513
246,0.9363296031951904,0.33130520582199097,0.0010000000474974513
247,0.9176030158996582,0.3537094295024872,0.0010000000474974513
248,0.9475655555725098,0.3029120862483978,0.0010000000474974513
249,0.9475655555725098,0.3144938051700592,0.0010000000474974513
250,0.9400749206542969,0.2700304090976715,0.0010000000474974513
251,0.9438202381134033,0.2972654700279236,0.0010000000474974513
252,0.9400749206542969,0.2821982204914093,0.0010000000474974513
253,0.9550561904907227,0.22158484160900116,0.0010000000474974513
254,0.9700374603271484,0.2488609105348587,0.0010000000474974513
255,0.9625468254089355,0.2775779366493225,0.0010000000474974513
256,0.9400749206542969,0.28040724992752075,0.0010000000474974513
257,0.9625468254089355,0.2690078914165497,0.0010000000474974513
258,0.9550561904907227,0.2561013698577881,0.0010000000474974513
259,0.966292142868042,0.2454378753900528,0.0010000000474974513
260,0.9513108730316162,0.24217283725738525,0.0010000000474974513
261,0.9625468254089355,0.25537070631980896,0.0010000000474974513
262,0.9513108730316162,0.30205586552619934,0.0010000000474974513
263,0.9513108730316162,0.2539723515510559,0.0010000000474974513
264,0.966292142868042,0.22196951508522034,0.0010000000474974513
265,0.966292142868042,0.2490699291229248,0.0010000000474974513
266,0.9550561904907227,0.25632867217063904,0.0010000000474974513
267,0.9625468254089355,0.24710789322853088,0.0010000000474974513
268,0.9475655555725098,0.24227145314216614,0.0010000000474974513
269,0.9625468254089355,0.2349638044834137,0.0010000000474974513
270,0.9775280952453613,0.23648594319820404,0.0010000000474974513
271,0.9588015079498291,0.23383168876171112,0.0010000000474974513
272,0.9438202381134033,0.24084535241127014,0.0010000000474974513
273,0.966292142868042,0.2291114181280136,0.0010000000474974513
274,0.9775280952453613,0.20581431686878204,0.0010000000474974513
275,0.9850187301635742,0.1898166984319687,0.0010000000474974513
276,0.9700374603271484,0.18836559355258942,0.0010000000474974513
277,0.9550561904907227,0.21577395498752594,0.0010000000474974513
278,0.9513108730316162,0.25525709986686707,0.0010000000474974513
279,0.9700374603271484,0.21588750183582306,0.0010000000474974513
280,0.966292142868042,0.22481577098369598,0.0010000000474974513
281,0.966292142868042,0.20663470029830933,0.0010000000474974513
282,0.9400749206542969,0.25204893946647644,0.0010000000474974513
283,0.9288389682769775,0.2971908748149872,0.0010000000474974513
284,0.9625468254089355,0.21568189561367035,0.0010000000474974513
285,0.9737827777862549,0.22044149041175842,0.0010000000474974513
286,0.9625468254089355,0.21694505214691162,0.0010000000474974513
287,0.9513108730316162,0.241749107837677,0.0010000000474974513
288,0.9475655555725098,0.285523384809494,0.0010000000474974513
289,0.9400749206542969,0.2524307370185852,0.0010000000474974513
290,0.9475655555725098,0.22470015287399292,0.0010000000474974513
291,0.9812734127044678,0.18401871621608734,0.0010000000474974513
292,0.9775280952453613,0.16669383645057678,0.0010000000474974513
293,0.9737827777862549,0.16983972489833832,0.0010000000474974513
294,0.966292142868042,0.19945533573627472,0.0010000000474974513
295,0.9775280952453613,0.19063164293766022,0.0010000000474974513
296,0.9700374603271484,0.20351172983646393,0.0010000000474974513
297,0.9737827777862549,0.1680687814950943,0.0010000000474974513
298,0.9925093650817871,0.13439412415027618,0.0010000000474974513
299,0.9438202381134033,0.19554682075977325,0.0010000000474974513
300,0.9475655555725098,0.2596374452114105,0.0010000000474974513
301,0.9138576984405518,0.31317776441574097,0.0010000000474974513
302,0.9363296031951904,0.25242185592651367,0.0010000000474974513
303,0.9213483333587646,0.25398722290992737,0.0010000000474974513
304,0.9400749206542969,0.2383967489004135,0.0010000000474974513
305,0.9850187301635742,0.18593744933605194,0.0010000000474974513
306,0.9887640476226807,0.1350657045841217,0.0010000000474974513
307,0.9812734127044678,0.15554971992969513,0.0010000000474974513
308,0.9887640476226807,0.1546991467475891,0.0010000000474974513
309,0.9625468254089355,0.1674426943063736,0.0010000000474974513
310,0.9625468254089355,0.20338769257068634,0.0010000000474974513
311,0.966292142868042,0.19434788823127747,0.0010000000474974513
312,0.9887640476226807,0.17723815143108368,0.0010000000474974513
313,0.9625468254089355,0.21784721314907074,0.0010000000474974513
314,0.898876428604126,0.289895236492157,0.0010000000474974513
315,0.9438202381134033,0.25696203112602234,0.0010000000474974513
316,0.9550561904907227,0.22246183454990387,0.0010000000474974513
317,0.9850187301635742,0.17839592695236206,0.0010000000474974513
318,0.9850187301635742,0.14996352791786194,0.0010000000474974513
319,0.9700374603271484,0.169187530875206,0.0010000000474974513
320,0.9962546825408936,0.12787577509880066,0.0010000000474974513
321,0.9588015079498291,0.18187695741653442,0.0010000000474974513
322,0.9625468254089355,0.2231198251247406,0.0010000000474974513
323,0.9438202381134033,0.22383268177509308,0.0010000000474974513
324,0.9812734127044678,0.18975460529327393,0.0010000000474974513
325,0.9475655555725098,0.20265841484069824,0.0010000000474974513
326,0.9775280952453613,0.17829154431819916,0.0010000000474974513
327,0.9812734127044678,0.15297581255435944,0.0010000000474974513
328,0.9925093650817871,0.136079803109169,0.0010000000474974513
329,0.9887640476226807,0.12564727663993835,0.0010000000474974513
330,0.9962546825408936,0.12794183194637299,0.0010000000474974513
331,0.9925093650817871,0.12244594097137451,0.0010000000474974513
332,0.9887640476226807,0.11215865612030029,0.0010000000474974513
333,0.9737827777862549,0.16415847837924957,0.0010000000474974513
334,0.9513108730316162,0.2149428278207779,0.0010000000474974513
335,0.966292142868042,0.1905708760023117,0.0010000000474974513
336,0.9850187301635742,0.14075680077075958,0.0010000000474974513
337,0.9812734127044678,0.11883006244897842,0.0010000000474974513
338,0.9700374603271484,0.15627285838127136,0.0010000000474974513
339,0.966292142868042,0.16296446323394775,0.0010000000474974513
340,0.9887640476226807,0.13607320189476013,0.0010000000474974513
341,0.9588015079498291,0.17416875064373016,0.0010000000474974513
342,0.9925093650817871,0.13970185816287994,0.0010000000474974513
343,0.9775280952453613,0.1299819052219391,0.0010000000474974513
344,1.0,0.09838835150003433,0.0010000000474974513
345,0.9887640476226807,0.11051169037818909,0.0010000000474974513
346,0.9925093650817871,0.10880614817142487,0.0010000000474974513
347,0.9887640476226807,0.11287878453731537,0.0010000000474974513
348,0.9775280952453613,0.11821551620960236,0.0010000000474974513
349,0.9812734127044678,0.1373295933008194,0.0010000000474974513
350,0.9850187301635742,0.13861024379730225,0.0010000000474974513
351,0.9700374603271484,0.1853073686361313,0.0010000000474974513
352,0.9550561904907227,0.20510247349739075,0.0010000000474974513
353,0.9588015079498291,0.1830776184797287,0.0010000000474974513
354,0.9550561904907227,0.20178182423114777,0.0010000000474974513
355,0.9625468254089355,0.18597300350666046,0.0010000000474974513
356,0.9625468254089355,0.19902491569519043,0.0010000000474974513
357,0.966292142868042,0.1867026686668396,0.0010000000474974513
358,0.9700374603271484,0.19103333353996277,0.0010000000474974513
359,0.9850187301635742,0.12927410006523132,0.0010000000474974513
360,0.9925093650817871,0.10762638598680496,0.0010000000474974513
361,0.9925093650817871,0.10110176354646683,0.0010000000474974513
362,0.9850187301635742,0.11551514267921448,0.0010000000474974513
363,0.9925093650817871,0.08892659097909927,0.0010000000474974513
364,1.0,0.08950687199831009,0.0010000000474974513
365,0.9850187301635742,0.10841326415538788,0.0010000000474974513
366,0.9850187301635742,0.1070329025387764,0.0010000000474974513
367,0.9700374603271484,0.13812580704689026,0.0010000000474974513
368,0.9887640476226807,0.13555525243282318,0.0010000000474974513
369,0.9850187301635742,0.11592993140220642,0.0010000000474974513
370,0.9588015079498291,0.17537972331047058,0.0010000000474974513
371,0.9588015079498291,0.1986902952194214,0.0010000000474974513
372,0.966292142868042,0.15618295967578888,0.0010000000474974513
373,0.9588015079498291,0.1842517852783203,0.0010000000474974513
374,0.9700374603271484,0.1489449143409729,0.0010000000474974513
375,0.9887640476226807,0.120763398706913,0.0010000000474974513
376,0.9700374603271484,0.12111722677946091,0.0010000000474974513
377,0.9625468254089355,0.13667315244674683,0.0010000000474974513
378,0.9925093650817871,0.09492667764425278,0.0010000000474974513
379,0.9850187301635742,0.09380273520946503,0.0010000000474974513
380,0.9775280952453613,0.11371304839849472,0.0010000000474974513
381,0.9850187301635742,0.1073594018816948,0.0010000000474974513
382,0.9775280952453613,0.1123073548078537,0.0010000000474974513
383,0.9737827777862549,0.10624225437641144,0.0010000000474974513
384,0.9925093650817871,0.10777472704648972,0.0010000000474974513
385,0.9850187301635742,0.11857391148805618,0.0010000000474974513
386,0.9812734127044678,0.10735870897769928,0.0010000000474974513
387,0.9925093650817871,0.12447908520698547,0.0010000000474974513
388,0.9925093650817871,0.0788763016462326,0.0010000000474974513
389,0.9812734127044678,0.08117743581533432,0.0010000000474974513
390,0.9887640476226807,0.1105826199054718,0.0010000000474974513
391,0.9812734127044678,0.11925694346427917,0.0010000000474974513
392,0.9700374603271484,0.14284048974514008,0.0010000000474974513
393,0.9925093650817871,0.10116862505674362,0.0010000000474974513
394,0.9850187301635742,0.12053937464952469,0.0010000000474974513
395,0.9700374603271484,0.15765564143657684,0.0010000000474974513
396,0.9438202381134033,0.2298194169998169,0.0010000000474974513
397,0.9812734127044678,0.1447916030883789,0.0010000000474974513
398,0.9625468254089355,0.15735401213169098,0.0010000000474974513
399,0.9887640476226807,0.11900433897972107,0.0010000000474974513
400,0.9700374603271484,0.14333486557006836,0.0010000000474974513
401,0.9812734127044678,0.13235540688037872,0.0010000000474974513
402,0.9850187301635742,0.09459376335144043,0.0010000000474974513
403,0.9887640476226807,0.09156151115894318,0.0010000000474974513
404,0.9850187301635742,0.08958447724580765,0.0010000000474974513
405,0.9962546825408936,0.06859190762042999,0.0010000000474974513
406,0.9925093650817871,0.08338438719511032,0.0010000000474974513
407,0.9962546825408936,0.07416440546512604,0.0010000000474974513
408,0.9887640476226807,0.07935311645269394,0.0010000000474974513
409,0.9850187301635742,0.10459040105342865,0.0010000000474974513
410,0.9850187301635742,0.10707008838653564,0.0010000000474974513
411,0.9887640476226807,0.09509462863206863,0.0010000000474974513
412,0.9812734127044678,0.09690095484256744,0.0010000000474974513
413,0.9962546825408936,0.09292950481176376,0.0010000000474974513
414,0.9887640476226807,0.07900343835353851,0.0010000000474974513
415,0.9850187301635742,0.1091829165816307,0.0010000000474974513
416,0.9887640476226807,0.09308066964149475,0.0010000000474974513
417,0.9887640476226807,0.09752670675516129,0.0010000000474974513
418,0.9812734127044678,0.09605829417705536,0.0010000000474974513
419,0.9887640476226807,0.08615928888320923,0.0010000000474974513
420,0.9812734127044678,0.10797043889760971,0.0010000000474974513
421,0.9850187301635742,0.10019923001527786,0.0010000000474974513
422,0.9812734127044678,0.10444945096969604,0.0010000000474974513
423,0.9887640476226807,0.09614811092615128,0.0010000000474974513
424,0.9850187301635742,0.08620727807283401,0.0010000000474974513
425,0.9850187301635742,0.09759314358234406,0.0010000000474974513
426,0.9400749206542969,0.20667174458503723,0.0010000000474974513
427,0.9400749206542969,0.20954756438732147,0.0010000000474974513
428,0.9588015079498291,0.17694930732250214,0.0010000000474974513
429,0.9513108730316162,0.1681412160396576,0.0010000000474974513
430,0.9438202381134033,0.20507724583148956,0.0010000000474974513
431,0.9737827777862549,0.17457503080368042,0.0010000000474974513
432,0.9700374603271484,0.14416341483592987,0.0010000000474974513
433,0.9925093650817871,0.11608833819627762,0.0010000000474974513
434,0.9850187301635742,0.09767188876867294,0.0010000000474974513
435,0.9925093650817871,0.09309019148349762,0.0010000000474974513
436,0.9700374603271484,0.10580722242593765,0.0010000000474974513
437,0.9850187301635742,0.08678144216537476,0.0010000000474974513
438,0.9812734127044678,0.09754933416843414,0.0010000000474974513
439,0.9887640476226807,0.07517910748720169,0.0010000000474974513
440,0.9925093650817871,0.07582172751426697,0.0010000000474974513
441,0.9887640476226807,0.06001238897442818,0.0010000000474974513
442,0.9850187301635742,0.08890987932682037,0.0010000000474974513
443,0.9850187301635742,0.09217154234647751,0.0010000000474974513
444,0.9700374603271484,0.11619064211845398,0.0010000000474974513
445,0.9925093650817871,0.08312691003084183,0.0010000000474974513
446,0.9887640476226807,0.08389875292778015,0.0010000000474974513
447,0.9925093650817871,0.07181519269943237,0.0010000000474974513
448,0.9925093650817871,0.07548584789037704,0.0010000000474974513
449,0.9812734127044678,0.0934620276093483,0.0010000000474974513
450,0.9925093650817871,0.08654998242855072,0.0010000000474974513
451,0.9812734127044678,0.10105682909488678,0.0010000000474974513
452,0.9438202381134033,0.21683472394943237,0.0010000000474974513
453,0.9550561904907227,0.22463224828243256,0.0010000000474974513
454,0.9363296031951904,0.2707343101501465,0.0010000000474974513
455,0.9625468254089355,0.17849726974964142,0.0010000000474974513
456,0.9775280952453613,0.12296216934919357,0.0010000000474974513
457,0.9925093650817871,0.08477616310119629,0.0010000000474974513
458,0.9700374603271484,0.16657418012619019,0.0010000000474974513
459,0.9962546825408936,0.09732726216316223,0.0010000000474974513
460,0.9850187301635742,0.07455745339393616,0.0010000000474974513
461,0.9925093650817871,0.06971003115177155,0.0010000000474974513
462,0.9887640476226807,0.06947162002325058,0.0010000000474974513
463,0.9812734127044678,0.09108791500329971,0.0010000000474974513
464,0.9887640476226807,0.08060694485902786,0.0010000000474974513
465,1.0,0.05739138275384903,0.0010000000474974513
466,1.0,0.04463259130716324,0.0010000000474974513
467,0.9962546825408936,0.043612778186798096,0.0010000000474974513
468,1.0,0.04389472305774689,0.0010000000474974513
469,1.0,0.03718879446387291,0.0010000000474974513
470,1.0,0.037783797830343246,0.0010000000474974513
471,0.9962546825408936,0.04148240014910698,0.0010000000474974513
472,0.9962546825408936,0.03765518218278885,0.0010000000474974513
473,0.9962546825408936,0.03895648568868637,0.0010000000474974513
474,1.0,0.03408603370189667,0.0010000000474974513
475,1.0,0.028984444215893745,0.0010000000474974513
476,1.0,0.02644556574523449,0.0010000000474974513
477,1.0,0.030847007408738136,0.0010000000474974513
478,1.0,0.029470078647136688,0.0010000000474974513
479,1.0,0.025318915024399757,0.0010000000474974513
480,1.0,0.027169061824679375,0.0010000000474974513
481,1.0,0.02813773602247238,0.0010000000474974513
482,1.0,0.03092256374657154,0.0010000000474974513
483,0.9962546825408936,0.02862316183745861,0.0010000000474974513
484,1.0,0.0286095030605793,0.0010000000474974513
485,1.0,0.01829754374921322,0.0010000000474974513
486,1.0,0.02365543507039547,0.0010000000474974513
487,1.0,0.0252977404743433,0.0010000000474974513
488,0.9962546825408936,0.04362170398235321,0.0010000000474974513
489,0.9962546825408936,0.04698110744357109,0.0010000000474974513
490,0.9962546825408936,0.05338268354535103,0.0010000000474974513
491,1.0,0.05475267395377159,0.0010000000474974513
492,0.9850187301635742,0.07682912051677704,0.0010000000474974513
493,0.9812734127044678,0.08419922739267349,0.0010000000474974513
494,0.966292142868042,0.131783127784729,0.0010000000474974513
495,0.9812734127044678,0.10773740708827972,0.0010000000474974513
496,0.9737827777862549,0.14982055127620697,0.0010000000474974513
497,0.9850187301635742,0.10373010486364365,0.0010000000474974513
498,0.9812734127044678,0.09471925348043442,0.0010000000474974513
499,0.9775280952453613,0.10706055164337158,0.0010000000474974513
500,0.9962546825408936,0.0660843774676323,0.0010000000474974513
501,0.9962546825408936,0.05154452472925186,0.0010000000474974513
502,0.9962546825408936,0.05646449699997902,0.0010000000474974513
503,0.9812734127044678,0.07837808132171631,0.0010000000474974513
504,0.9925093650817871,0.06928452104330063,0.0010000000474974513
505,0.9812734127044678,0.09011658281087875,0.0010000000474974513
506,0.9550561904907227,0.11002364009618759,0.0010000000474974513
507,0.966292142868042,0.12232975661754608,0.0010000000474974513
508,0.9625468254089355,0.13232949376106262,0.0010000000474974513
509,0.9438202381134033,0.2124665230512619,0.0010000000474974513
510,0.9513108730316162,0.17665144801139832,0.0010000000474974513
511,0.9625468254089355,0.14022956788539886,0.0010000000474974513
512,0.9625468254089355,0.1321476250886917,0.0010000000474974513
513,0.9812734127044678,0.08845698088407516,0.0010000000474974513
514,0.9475655555725098,0.1612563580274582,0.0010000000474974513
515,0.9138576984405518,0.2792340815067291,0.0010000000474974513
516,0.9288389682769775,0.24677345156669617,0.0010000000474974513
517,0.9700374603271484,0.14834865927696228,0.0010000000474974513
518,0.9550561904907227,0.18374720215797424,0.0010000000474974513
519,0.9812734127044678,0.11223020404577255,0.0010000000474974513
520,0.9850187301635742,0.08873257786035538,0.0010000000474974513
521,0.9962546825408936,0.07214739918708801,0.0010000000474974513
522,0.9962546825408936,0.058587849140167236,0.0010000000474974513
523,0.9962546825408936,0.055002935230731964,0.0010000000474974513
524,0.9925093650817871,0.05405377596616745,0.0010000000474974513
525,1.0,0.03849462419748306,0.0010000000474974513
526,0.9962546825408936,0.03569409251213074,0.0010000000474974513
527,0.9962546825408936,0.03932990878820419,0.0010000000474974513
528,1.0,0.04003928229212761,0.0010000000474974513
529,1.0,0.030827254056930542,0.0010000000474974513
530,1.0,0.03414067625999451,0.0010000000474974513
531,1.0,0.029265671968460083,0.0010000000474974513
532,1.0,0.031133802607655525,0.0010000000474974513
533,0.9962546825408936,0.025478901341557503,0.0010000000474974513
534,0.9962546825408936,0.032813217490911484,0.0010000000474974513
535,0.9962546825408936,0.03726557642221451,0.0010000000474974513
536,1.0,0.03281405195593834,0.0005000000237487257
537,1.0,0.02378690429031849,0.0005000000237487257
538,1.0,0.030765604227781296,0.0005000000237487257
539,1.0,0.018049411475658417,0.0005000000237487257
540,1.0,0.014628090895712376,0.0005000000237487257
541,1.0,0.019382325932383537,0.0005000000237487257
542,1.0,0.016263673081994057,0.0005000000237487257
543,1.0,0.017864398658275604,0.0005000000237487257
544,1.0,0.015228403732180595,0.0005000000237487257
545,1.0,0.013735721819102764,0.0005000000237487257
546,0.9962546825408936,0.021039023995399475,0.0005000000237487257
547,1.0,0.018914515152573586,0.0005000000237487257
548,1.0,0.01679922081530094,0.0005000000237487257
549,1.0,0.01720559224486351,0.0005000000237487257
550,1.0,0.016523610800504684,0.0005000000237487257
551,1.0,0.01843889430165291,0.0005000000237487257
552,1.0,0.01672505773603916,0.0005000000237487257
553,1.0,0.015218138694763184,0.0005000000237487257
554,1.0,0.015555810183286667,0.0005000000237487257
555,1.0,0.016161436215043068,0.0005000000237487257
556,1.0,0.012964633293449879,0.0005000000237487257
557,1.0,0.01735750399529934,0.0005000000237487257
558,1.0,0.01745670475065708,0.0005000000237487257
559,1.0,0.015855802223086357,0.0005000000237487257
560,1.0,0.01450328715145588,0.0005000000237487257
561,1.0,0.014352431520819664,0.0005000000237487257
562,1.0,0.018789419904351234,0.0005000000237487257
563,1.0,0.015094873495399952,0.0005000000237487257
564,1.0,0.014621084555983543,0.0005000000237487257
565,1.0,0.019081709906458855,0.0005000000237487257
566,1.0,0.020165856927633286,0.0005000000237487257
567,1.0,0.014449983835220337,0.0005000000237487257
568,1.0,0.019023707136511803,0.0005000000237487257
569,1.0,0.0172189362347126,0.0005000000237487257
570,1.0,0.015010220929980278,0.0005000000237487257
571,0.9962546825408936,0.022124528884887695,0.0005000000237487257
572,0.9962546825408936,0.04041861742734909,0.0005000000237487257
573,1.0,0.022901685908436775,0.0005000000237487257
574,1.0,0.016153335571289062,0.0005000000237487257
575,0.9962546825408936,0.022503439337015152,0.0005000000237487257
576,1.0,0.021303758025169373,0.0005000000237487257
577,1.0,0.018196778371930122,0.0005000000237487257
578,1.0,0.01547231711447239,0.0005000000237487257
579,1.0,0.016593409702181816,0.0005000000237487257
580,1.0,0.01658456400036812,0.0005000000237487257
581,1.0,0.012485119514167309,0.0005000000237487257
582,1.0,0.013211619108915329,0.0005000000237487257
583,1.0,0.01805718056857586,0.0005000000237487257
584,1.0,0.02176498807966709,0.0005000000237487257
585,1.0,0.02117464877665043,0.0005000000237487257
586,1.0,0.015465917065739632,0.0005000000237487257
587,1.0,0.011608857661485672,0.0005000000237487257
588,1.0,0.010179400444030762,0.0005000000237487257
589,1.0,0.015666352584958076,0.0005000000237487257
590,1.0,0.010195547714829445,0.0005000000237487257
591,1.0,0.012780148535966873,0.0005000000237487257
592,1.0,0.014021342620253563,0.0005000000237487257
593,1.0,0.014276508241891861,0.0005000000237487257
594,1.0,0.010076254606246948,0.0005000000237487257
595,1.0,0.013405712321400642,0.0005000000237487257
596,1.0,0.012286578305065632,0.0005000000237487257
597,1.0,0.010107038542628288,0.0005000000237487257
598,1.0,0.011659763753414154,0.0005000000237487257
599,1.0,0.02018427848815918,0.0005000000237487257
600,0.9925093650817871,0.03304889053106308,0.0005000000237487257
601,1.0,0.028851095587015152,0.0005000000237487257
602,0.9925093650817871,0.027017811313271523,0.0005000000237487257
603,1.0,0.022098783403635025,0.0005000000237487257
604,1.0,0.016824807971715927,0.0005000000237487257
605,1.0,0.020096896216273308,0.0005000000237487257
606,0.9925093650817871,0.03547048941254616,0.0005000000237487257
607,1.0,0.033154718577861786,0.0005000000237487257
608,0.9962546825408936,0.02748321183025837,0.0005000000237487257
609,1.0,0.01902361400425434,0.0005000000237487257
610,1.0,0.01644883304834366,0.0005000000237487257
611,1.0,0.01652669347822666,0.0005000000237487257
612,0.9962546825408936,0.02200254611670971,0.0005000000237487257
613,0.9962546825408936,0.0240355022251606,0.0005000000237487257
614,0.9962546825408936,0.024923792108893394,0.0005000000237487257
615,1.0,0.024249529466032982,0.0005000000237487257
616,1.0,0.01780490018427372,0.0005000000237487257
617,1.0,0.01754748262465,0.0005000000237487257
618,1.0,0.01738003082573414,0.0005000000237487257
619,1.0,0.01077450904995203,0.0005000000237487257
620,1.0,0.014264789409935474,0.0005000000237487257
621,1.0,0.013070073910057545,0.0005000000237487257
622,1.0,0.010829894803464413,0.0005000000237487257
623,1.0,0.011874107643961906,0.0005000000237487257
624,0.9962546825408936,0.01603601686656475,0.0005000000237487257
625,1.0,0.013237880542874336,0.0005000000237487257
626,1.0,0.014719757251441479,0.0005000000237487257
627,1.0,0.01227242685854435,0.0005000000237487257
628,1.0,0.013328522443771362,0.0005000000237487257
629,1.0,0.012794037349522114,0.0005000000237487257
630,1.0,0.010676204226911068,0.0005000000237487257
631,1.0,0.01477830484509468,0.0005000000237487257
632,1.0,0.011510496027767658,0.0005000000237487257
633,1.0,0.00942891463637352,0.0005000000237487257
634,1.0,0.01593952625989914,0.0005000000237487257
635,0.9962546825408936,0.022996552288532257,0.0005000000237487257
636,1.0,0.02034154161810875,0.0005000000237487257
637,1.0,0.020771820098161697,0.0005000000237487257
638,1.0,0.012647858820855618,0.0005000000237487257
639,1.0,0.011157412081956863,0.0005000000237487257
640,1.0,0.012051383033394814,0.0005000000237487257
641,0.9962546825408936,0.02001124992966652,0.0005000000237487257
642,1.0,0.019942209124565125,0.0005000000237487257
643,0.9962546825408936,0.018987584859132767,0.0005000000237487257
644,1.0,0.02007146179676056,0.0005000000237487257
645,1.0,0.013319107703864574,0.0005000000237487257
646,1.0,0.011647856794297695,0.0005000000237487257
647,1.0,0.012733843177556992,0.0005000000237487257
648,1.0,0.012029039673507214,0.0005000000237487257
649,1.0,0.009009870700538158,0.0005000000237487257
650,1.0,0.010478010401129723,0.0005000000237487257
651,1.0,0.017169512808322906,0.0005000000237487257
652,0.9925093650817871,0.04036303237080574,0.0005000000237487257
653,0.9850187301635742,0.05720892548561096,0.0005000000237487257
654,0.9962546825408936,0.05933587625622749,0.0005000000237487257
655,0.9887640476226807,0.0831555426120758,0.0005000000237487257
656,0.9700374603271484,0.1306944489479065,0.0005000000237487257
657,0.9850187301635742,0.10184679925441742,0.0005000000237487257
658,0.9850187301635742,0.08207438886165619,0.0005000000237487257
659,0.9812734127044678,0.08016461879014969,0.0005000000237487257
660,0.9812734127044678,0.06453673541545868,0.0005000000237487257
661,0.9812734127044678,0.07848437875509262,0.0005000000237487257
662,0.9887640476226807,0.05374358221888542,0.0005000000237487257
663,0.9962546825408936,0.027807531878352165,0.0005000000237487257
664,0.9700374603271484,0.09000492841005325,0.0005000000237487257
665,1.0,0.05683319270610809,0.0005000000237487257
666,0.9962546825408936,0.03251156955957413,0.0005000000237487257
667,0.9925093650817871,0.04477306455373764,0.0005000000237487257
668,1.0,0.024441204965114594,0.0005000000237487257
669,1.0,0.020675156265497208,0.0005000000237487257
670,1.0,0.014136557467281818,0.0005000000237487257
671,1.0,0.014357520267367363,0.0005000000237487257
672,1.0,0.011129465885460377,0.0005000000237487257
673,1.0,0.011365790851414204,0.0005000000237487257
674,1.0,0.014888295903801918,0.0005000000237487257
675,0.9962546825408936,0.0179913230240345,0.0005000000237487257
676,1.0,0.015689393505454063,0.0005000000237487257
677,1.0,0.014366613700985909,0.0005000000237487257
678,0.9962546825408936,0.020611533895134926,0.0005000000237487257
679,1.0,0.015837611630558968,0.0005000000237487257
680,1.0,0.016079051420092583,0.0005000000237487257
681,1.0,0.012026610784232616,0.0005000000237487257
682,1.0,0.009287170134484768,0.0005000000237487257
683,1.0,0.012481870129704475,0.0005000000237487257
684,1.0,0.01026055309921503,0.0005000000237487257
685,1.0,0.007442540489137173,0.0005000000237487257
686,1.0,0.011699866503477097,0.0005000000237487257
687,1.0,0.009972595609724522,0.0005000000237487257
688,1.0,0.009089501574635506,0.0005000000237487257
689,1.0,0.009017336182296276,0.0005000000237487257
690,1.0,0.008617443963885307,0.0005000000237487257
691,1.0,0.009934335947036743,0.0005000000237487257
692,0.9962546825408936,0.019946880638599396,0.0005000000237487257
693,0.9962546825408936,0.0261222030967474,0.0005000000237487257
694,1.0,0.019075190648436546,0.0005000000237487257
695,1.0,0.012646465562283993,0.0005000000237487257
696,1.0,0.014797312207520008,0.0005000000237487257
697,1.0,0.009374687448143959,0.0005000000237487257
698,1.0,0.009780730120837688,0.0005000000237487257
699,1.0,0.010671702213585377,0.0005000000237487257
700,1.0,0.012095242738723755,0.0005000000237487257
701,1.0,0.008488964289426804,0.0005000000237487257
702,1.0,0.008395370095968246,0.0005000000237487257
703,1.0,0.008072792552411556,0.0005000000237487257
704,1.0,0.006398750003427267,0.0005000000237487257
705,1.0,0.0071283564902842045,0.0005000000237487257
706,1.0,0.008148930966854095,0.0005000000237487257
707,1.0,0.008715570904314518,0.0005000000237487257
708,1.0,0.010806380771100521,0.0005000000237487257
709,1.0,0.009963486343622208,0.0005000000237487257
710,1.0,0.010278946720063686,0.0005000000237487257
711,1.0,0.008173485286533833,0.0005000000237487257
712,1.0,0.007908321917057037,0.0005000000237487257
713,1.0,0.008280698210000992,0.0005000000237487257
714,1.0,0.0063204895704984665,0.0005000000237487257
715,1.0,0.007637314964085817,0.0005000000237487257
716,1.0,0.010119052603840828,0.0005000000237487257
717,1.0,0.010483370162546635,0.0005000000237487257
718,1.0,0.007755209691822529,0.0005000000237487257
719,1.0,0.006600332446396351,0.0005000000237487257
720,1.0,0.00854402780532837,0.0005000000237487257
721,1.0,0.009859157726168633,0.0005000000237487257
722,1.0,0.007434476166963577,0.0005000000237487257
723,1.0,0.0077665457502007484,0.0005000000237487257
724,1.0,0.006222941912710667,0.0005000000237487257
725,1.0,0.006109925918281078,0.0005000000237487257
726,1.0,0.009015567600727081,0.0005000000237487257
727,1.0,0.0073477705009281635,0.0005000000237487257
728,1.0,0.008019065484404564,0.0005000000237487257
729,1.0,0.009876924566924572,0.0005000000237487257
730,1.0,0.0066145556047558784,0.0005000000237487257
731,1.0,0.010556584224104881,0.0005000000237487257
732,0.9962546825408936,0.014555931091308594,0.0005000000237487257
733,0.9887640476226807,0.03687804937362671,0.0005000000237487257
734,0.9887640476226807,0.05478325113654137,0.0005000000237487257
735,0.9925093650817871,0.04045531526207924,0.0005000000237487257
736,0.9962546825408936,0.04792269319295883,0.0005000000237487257
737,0.9887640476226807,0.0583605021238327,0.0005000000237487257
738,0.9962546825408936,0.040648821741342545,0.0005000000237487257
739,0.9887640476226807,0.0538954921066761,0.0005000000237487257
740,0.9962546825408936,0.0525975339114666,0.0005000000237487257
741,0.9850187301635742,0.0680849701166153,0.0005000000237487257
742,0.9812734127044678,0.07661363482475281,0.0005000000237487257
743,0.9887640476226807,0.059736791998147964,0.0005000000237487257
744,0.9850187301635742,0.06037579104304314,0.0005000000237487257
745,0.9962546825408936,0.038573093712329865,0.0005000000237487257
746,0.9962546825408936,0.03512886166572571,0.0005000000237487257
747,1.0,0.021367480978369713,0.0005000000237487257
748,1.0,0.015877071768045425,0.0005000000237487257
749,1.0,0.01468200609087944,0.0005000000237487257
750,1.0,0.008341938257217407,0.0005000000237487257
751,1.0,0.008660656400024891,0.0005000000237487257
752,1.0,0.016041072085499763,0.0005000000237487257
753,1.0,0.014419161714613438,0.0005000000237487257
754,1.0,0.011244787834584713,0.0005000000237487257
755,1.0,0.010886816307902336,0.0005000000237487257
756,1.0,0.010549462400376797,0.0005000000237487257
757,1.0,0.008954690769314766,0.0005000000237487257
758,1.0,0.00923473946750164,0.0005000000237487257
759,1.0,0.009636381641030312,0.0005000000237487257
760,0.9925093650817871,0.016555478796362877,0.0005000000237487257
761,1.0,0.01042046770453453,0.0005000000237487257
762,1.0,0.009791933000087738,0.0005000000237487257
763,1.0,0.01045004092156887,0.0005000000237487257
764,1.0,0.008032458834350109,0.0005000000237487257
765,1.0,0.009442990645766258,0.0005000000237487257
766,1.0,0.009955606423318386,0.0005000000237487257
767,1.0,0.010013489983975887,0.0005000000237487257
768,1.0,0.01752951554954052,0.0005000000237487257
769,1.0,0.00877271220088005,0.0005000000237487257
770,1.0,0.007447068113833666,0.0005000000237487257
771,1.0,0.007580733858048916,0.0005000000237487257
772,1.0,0.005024604965001345,0.0005000000237487257
773,1.0,0.00884987786412239,0.0005000000237487257
774,1.0,0.00847767572849989,0.0005000000237487257
775,1.0,0.008536271750926971,0.0005000000237487257
776,1.0,0.005543434992432594,0.0005000000237487257
777,1.0,0.007385908626019955,0.0005000000237487257
778,1.0,0.007352509070187807,0.0005000000237487257
779,1.0,0.00939533207565546,0.0005000000237487257
780,1.0,0.009239636361598969,0.0005000000237487257
781,1.0,0.006358190905302763,0.0005000000237487257
782,1.0,0.007848967798054218,0.0005000000237487257
783,1.0,0.009228715673089027,0.0005000000237487257
784,1.0,0.009014047682285309,0.0005000000237487257
785,1.0,0.0055684433318674564,0.0005000000237487257
786,1.0,0.00671992776915431,0.0005000000237487257
787,1.0,0.006887583527714014,0.0005000000237487257
788,1.0,0.005780721083283424,0.0005000000237487257
789,1.0,0.008569088764488697,0.0005000000237487257
790,1.0,0.010164815001189709,0.0005000000237487257
791,1.0,0.013839436694979668,0.0005000000237487257
792,1.0,0.01151774451136589,0.0005000000237487257
793,1.0,0.012378559447824955,0.0005000000237487257
794,0.9962546825408936,0.02095898985862732,0.0005000000237487257
795,1.0,0.012488646432757378,0.0005000000237487257
796,0.9962546825408936,0.016515422612428665,0.0005000000237487257
797,0.9962546825408936,0.017909971997141838,0.0005000000237487257
798,0.9962546825408936,0.042692579329013824,0.0005000000237487257
799,0.9925093650817871,0.04690558835864067,0.0005000000237487257
800,1.0,0.03144875913858414,0.0005000000237487257
801,0.9925093650817871,0.04103189706802368,0.0005000000237487257
802,0.9775280952453613,0.08673594892024994,0.0005000000237487257
803,0.9438202381134033,0.23802699148654938,0.0005000000237487257
804,0.9363296031951904,0.3160267174243927,0.0005000000237487257
805,0.932584285736084,0.22261539101600647,0.0005000000237487257
806,0.932584285736084,0.19851310551166534,0.0005000000237487257
807,0.9812734127044678,0.11606188118457794,0.0005000000237487257
808,0.9775280952453613,0.08661829680204391,0.0005000000237487257
809,0.9925093650817871,0.05858001857995987,0.0005000000237487257
810,1.0,0.02306690439581871,0.0005000000237487257
811,1.0,0.016445554792881012,0.0005000000237487257
812,1.0,0.01632501929998398,0.0005000000237487257
813,1.0,0.013496382161974907,0.0005000000237487257
814,1.0,0.012925151735544205,0.0005000000237487257
815,1.0,0.014236053451895714,0.0005000000237487257
816,1.0,0.009910227730870247,0.0005000000237487257
817,1.0,0.014402490109205246,0.0005000000237487257
818,1.0,0.01276849489659071,0.0005000000237487257
819,1.0,0.008239420130848885,0.0005000000237487257
820,1.0,0.012726533226668835,0.0005000000237487257
821,1.0,0.00733635388314724,0.0005000000237487257
822,1.0,0.007862616330385208,0.0005000000237487257
823,1.0,0.008523755706846714,0.0002500000118743628
824,1.0,0.00599886616691947,0.0002500000118743628
825,1.0,0.008651364594697952,0.0002500000118743628
826,1.0,0.006837513297796249,0.0002500000118743628
827,1.0,0.007633623667061329,0.0002500000118743628
828,1.0,0.00880687776952982,0.0002500000118743628
829,1.0,0.008146543055772781,0.0002500000118743628
830,1.0,0.006815407425165176,0.0002500000118743628
831,1.0,0.009242084808647633,0.0002500000118743628
832,0.9962546825408936,0.011883653700351715,0.0002500000118743628
833,1.0,0.009545334614813328,0.0002500000118743628
834,1.0,0.007736056111752987,0.0002500000118743628
835,1.0,0.008561443537473679,0.0002500000118743628
836,1.0,0.007784898858517408,0.0002500000118743628
837,1.0,0.007168460171669722,0.0002500000118743628
838,1.0,0.011455809697508812,0.0002500000118743628
839,1.0,0.0067803156562149525,0.0002500000118743628
840,1.0,0.006329356227070093,0.0002500000118743628
841,1.0,0.006099147722125053,0.0002500000118743628
842,1.0,0.007187455892562866,0.0002500000118743628
843,1.0,0.00592628913000226,0.0002500000118743628
844,1.0,0.007560751400887966,0.0002500000118743628
845,1.0,0.006044402718544006,0.0002500000118743628
846,1.0,0.006743278820067644,0.0002500000118743628
847,1.0,0.00641919020563364,0.0002500000118743628
848,1.0,0.006165117956697941,0.0002500000118743628
849,1.0,0.009750709868967533,0.0002500000118743628
850,1.0,0.006935514975339174,0.0002500000118743628
851,1.0,0.005027043167501688,0.0002500000118743628
852,1.0,0.007646592799574137,0.0002500000118743628
853,1.0,0.0064450521022081375,0.0002500000118743628
854,1.0,0.005897893570363522,0.0002500000118743628
855,1.0,0.006950671784579754,0.0002500000118743628
856,1.0,0.005574203561991453,0.0002500000118743628
857,1.0,0.006086309906095266,0.0002500000118743628
858,1.0,0.0051209633238613605,0.0002500000118743628
859,1.0,0.007286619860678911,0.0002500000118743628
860,1.0,0.007295415736734867,0.0002500000118743628
861,1.0,0.007045885547995567,0.0002500000118743628
862,1.0,0.008735820651054382,0.0002500000118743628
863,1.0,0.004822336602956057,0.0002500000118743628
864,1.0,0.0055950479581952095,0.0002500000118743628
865,1.0,0.005232103634625673,0.0002500000118743628
866,1.0,0.004858582280576229,0.0002500000118743628
867,1.0,0.007728726603090763,0.0002500000118743628
868,1.0,0.005704037379473448,0.0002500000118743628
869,1.0,0.005105925723910332,0.0002500000118743628
870,1.0,0.0054971822537481785,0.0002500000118743628
871,1.0,0.003927066456526518,0.0002500000118743628
872,1.0,0.004835196305066347,0.0002500000118743628
873,1.0,0.005817837081849575,0.0002500000118743628
874,1.0,0.005584226921200752,0.0002500000118743628
875,1.0,0.00900338962674141,0.0002500000118743628
876,1.0,0.00559595413506031,0.0002500000118743628
877,1.0,0.005152733065187931,0.0002500000118743628
878,1.0,0.005021234042942524,0.0002500000118743628
879,1.0,0.007732190657407045,0.0002500000118743628
880,1.0,0.007676227949559689,0.0002500000118743628
881,1.0,0.007643848657608032,0.0002500000118743628
882,1.0,0.007151678204536438,0.0002500000118743628
883,1.0,0.004818551242351532,0.0002500000118743628
884,0.9962546825408936,0.01010227296501398,0.0002500000118743628
885,0.9962546825408936,0.009427156299352646,0.0002500000118743628
886,1.0,0.00581882381811738,0.0002500000118743628
887,1.0,0.0053339465521276,0.0002500000118743628
888,1.0,0.004262217320501804,0.0002500000118743628
889,1.0,0.005221089813858271,0.0002500000118743628
890,1.0,0.0073595005087554455,0.0002500000118743628
891,1.0,0.005355553701519966,0.0002500000118743628
892,1.0,0.004616230726242065,0.0002500000118743628
893,1.0,0.005662203766405582,0.0002500000118743628
894,1.0,0.0067909155040979385,0.0002500000118743628
895,1.0,0.005211022682487965,0.0002500000118743628
896,1.0,0.0069500296376645565,0.0002500000118743628
897,1.0,0.005625834688544273,0.0002500000118743628
898,1.0,0.004326630383729935,0.0002500000118743628
899,1.0,0.005657058674842119,0.0002500000118743628
900,1.0,0.005201585125178099,0.0002500000118743628
901,1.0,0.004611257463693619,0.0002500000118743628
902,1.0,0.005094499792903662,0.0002500000118743628
903,1.0,0.004908058792352676,0.0002500000118743628
904,1.0,0.008145482279360294,0.0002500000118743628
905,1.0,0.006380951497703791,0.0002500000118743628
906,1.0,0.005491861142218113,0.0002500000118743628
907,1.0,0.005530824884772301,0.0002500000118743628
908,1.0,0.004848178941756487,0.0002500000118743628
909,1.0,0.006250215694308281,0.0002500000118743628
910,1.0,0.0033201498445123434,0.0002500000118743628
911,1.0,0.003849855624139309,0.0002500000118743628
912,1.0,0.004116520751267672,0.0002500000118743628
913,1.0,0.004064092878252268,0.0002500000118743628
914,1.0,0.006868313066661358,0.0002500000118743628
915,1.0,0.005845986772328615,0.0002500000118743628
916,1.0,0.0048567550256848335,0.0002500000118743628
917,1.0,0.0039673615247011185,0.0002500000118743628
918,1.0,0.0046444847248494625,0.0002500000118743628
919,1.0,0.006834710482507944,0.0002500000118743628
920,1.0,0.008405926637351513,0.0002500000118743628
921,1.0,0.006658446509391069,0.0002500000118743628
922,1.0,0.007534639444202185,0.0002500000118743628
923,1.0,0.005163383670151234,0.0002500000118743628
924,1.0,0.006794545333832502,0.0002500000118743628
925,1.0,0.005237019620835781,0.0002500000118743628
926,1.0,0.004650078248232603,0.0002500000118743628
927,1.0,0.005443360656499863,0.0002500000118743628
928,1.0,0.005548335611820221,0.0002500000118743628
929,1.0,0.004800000693649054,0.0002500000118743628
930,1.0,0.003298278898000717,0.0002500000118743628
931,1.0,0.0036716379690915346,0.0002500000118743628
932,1.0,0.0035441690124571323,0.0002500000118743628
933,1.0,0.004490160383284092,0.0002500000118743628
934,1.0,0.004853842779994011,0.0002500000118743628
935,1.0,0.004508898127824068,0.0002500000118743628
936,1.0,0.004227517172694206,0.0002500000118743628
937,1.0,0.0037449621595442295,0.0002500000118743628
938,1.0,0.004375107120722532,0.0002500000118743628
939,1.0,0.0038581425324082375,0.0002500000118743628
940,1.0,0.004725782200694084,0.0002500000118743628
941,1.0,0.004382384940981865,0.0002500000118743628
942,1.0,0.004703279118984938,0.0002500000118743628
943,1.0,0.0048267715610563755,0.0002500000118743628
944,1.0,0.003111110534518957,0.0002500000118743628
945,1.0,0.003366226563230157,0.0002500000118743628
946,1.0,0.0044028740376234055,0.0002500000118743628
947,1.0,0.00550030218437314,0.0002500000118743628
948,1.0,0.006158716045320034,0.0002500000118743628
949,1.0,0.005471993703395128,0.0002500000118743628
950,1.0,0.003780804807320237,0.0002500000118743628
951,1.0,0.005008271895349026,0.0002500000118743628
952,1.0,0.0038440534844994545,0.0002500000118743628
953,1.0,0.003292781999334693,0.0002500000118743628
954,1.0,0.003992410376667976,0.0002500000118743628
955,1.0,0.0032542019616812468,0.0002500000118743628
956,1.0,0.004712707828730345,0.0002500000118743628
957,1.0,0.004167678765952587,0.0002500000118743628
958,1.0,0.003994349855929613,0.0002500000118743628
959,1.0,0.0040482282638549805,0.0002500000118743628
960,1.0,0.0046430351212620735,0.0002500000118743628
961,1.0,0.005999288521707058,0.0002500000118743628
962,1.0,0.0069789220578968525,0.0002500000118743628
963,1.0,0.007746395654976368,0.0002500000118743628
964,1.0,0.005503780674189329,0.0002500000118743628
965,1.0,0.006112139206379652,0.0002500000118743628
966,1.0,0.006601352710276842,0.0002500000118743628
967,1.0,0.005942783318459988,0.0002500000118743628
968,1.0,0.009512478485703468,0.0002500000118743628
969,1.0,0.010581530630588531,0.0002500000118743628
970,1.0,0.007355282548815012,0.0002500000118743628
971,1.0,0.004212853033095598,0.0002500000118743628
972,1.0,0.005024416372179985,0.0002500000118743628
973,1.0,0.006055723410099745,0.0002500000118743628
974,1.0,0.004658169578760862,0.0002500000118743628
975,1.0,0.0031955272424966097,0.0002500000118743628
976,1.0,0.0037109351251274347,0.0002500000118743628
977,1.0,0.0032944404520094395,0.0002500000118743628
978,1.0,0.002890709787607193,0.0002500000118743628
979,1.0,0.003940759226679802,0.0002500000118743628
980,1.0,0.00340486248023808,0.0002500000118743628
981,1.0,0.0035794314462691545,0.0002500000118743628
982,1.0,0.0032372307032346725,0.0002500000118743628
983,1.0,0.003498017555102706,0.0002500000118743628
984,1.0,0.0030702361837029457,0.0002500000118743628
985,1.0,0.007339302450418472,0.0002500000118743628
986,0.9962546825408936,0.014752312563359737,0.0002500000118743628
987,0.9925093650817871,0.02499804086983204,0.0002500000118743628
988,0.9812734127044678,0.07754410803318024,0.0002500000118743628
989,0.9775280952453613,0.08454026281833649,0.0002500000118743628
990,0.9775280952453613,0.07331961393356323,0.0002500000118743628
991,0.9962546825408936,0.0382668636739254,0.0002500000118743628
992,0.9962546825408936,0.024434635415673256,0.0002500000118743628
993,0.9925093650817871,0.03707638755440712,0.0002500000118743628
994,1.0,0.02361993119120598,0.0002500000118743628
995,1.0,0.01576407440006733,0.0002500000118743628
996,1.0,0.008395997807383537,0.0002500000118743628
997,1.0,0.009846197441220284,0.0002500000118743628
998,1.0,0.013809188269078732,0.0002500000118743628
999,0.9962546825408936,0.016260284930467606,0.0002500000118743628
1000,0.9962546825408936,0.01941867731511593,0.0002500000118743628
1001,1.0,0.00822252407670021,0.0002500000118743628
1002,1.0,0.005813625641167164,0.0002500000118743628
1003,1.0,0.0059938980266451836,0.0002500000118743628
1004,1.0,0.003575641894713044,0.0002500000118743628
1005,1.0,0.005802672356367111,0.0002500000118743628
1006,1.0,0.006831239443272352,0.0002500000118743628
1007,1.0,0.00518276309594512,0.0002500000118743628
1008,1.0,0.0046014138497412205,0.0002500000118743628
1009,1.0,0.006523292511701584,0.0002500000118743628
1010,1.0,0.004522216040641069,0.0002500000118743628
1011,1.0,0.003582789096981287,0.0002500000118743628
1012,1.0,0.004810723941773176,0.0002500000118743628
1013,1.0,0.004223763942718506,0.0002500000118743628
1014,1.0,0.0036919214762747288,0.0002500000118743628
1015,1.0,0.003712663659825921,0.0002500000118743628
1016,1.0,0.004544795025140047,0.0002500000118743628
1017,1.0,0.005060283467173576,0.0002500000118743628
1018,1.0,0.0032211653888225555,0.0002500000118743628
1019,1.0,0.0037736333906650543,0.0002500000118743628
1020,1.0,0.004217582754790783,0.0002500000118743628
1021,1.0,0.0049082376062870026,0.0002500000118743628
1022,1.0,0.002694512950256467,0.0002500000118743628
1023,1.0,0.004510341212153435,0.0002500000118743628
1024,1.0,0.0034782944712787867,0.0002500000118743628
1025,1.0,0.004051615949720144,0.0002500000118743628
1026,1.0,0.003066792618483305,0.0002500000118743628
1027,1.0,0.0028956630267202854,0.0002500000118743628
1028,1.0,0.005183194298297167,0.0002500000118743628
1029,1.0,0.0047830985859036446,0.0002500000118743628
1030,1.0,0.003673950210213661,0.0002500000118743628
1031,1.0,0.004534299951046705,0.0002500000118743628
1032,1.0,0.00594607787206769,0.0002500000118743628
1033,1.0,0.004072181414812803,0.0002500000118743628
1034,1.0,0.005910309962928295,0.0002500000118743628
1035,1.0,0.0060236286371946335,0.0002500000118743628
1036,1.0,0.007360593415796757,0.0002500000118743628
1037,1.0,0.004363444168120623,0.0002500000118743628
1038,1.0,0.005010670982301235,0.0002500000118743628
1039,1.0,0.005121308378875256,0.0002500000118743628
1040,1.0,0.004077839199453592,0.0002500000118743628
1041,1.0,0.005912179127335548,0.0002500000118743628
1042,1.0,0.003959116991609335,0.0002500000118743628
1043,1.0,0.004215840715914965,0.0002500000118743628
1044,1.0,0.0026104801800101995,0.0002500000118743628
1045,1.0,0.0033111642114818096,0.0002500000118743628
1046,1.0,0.002970068482682109,0.0002500000118743628
1047,1.0,0.0034669998567551374,0.0002500000118743628
1048,1.0,0.004283439368009567,0.0002500000118743628
1049,1.0,0.004514186643064022,0.0002500000118743628
1050,1.0,0.0067498087882995605,0.0002500000118743628
1051,1.0,0.006055616773664951,0.0002500000118743628
1052,1.0,0.0051782578229904175,0.0002500000118743628
1053,1.0,0.00452714879065752,0.0002500000118743628
1054,1.0,0.0038584747817367315,0.0002500000118743628
1055,0.9962546825408936,0.007292506285011768,0.0002500000118743628
1056,1.0,0.006998009048402309,0.0002500000118743628
1057,1.0,0.004951079376041889,0.0002500000118743628
1058,1.0,0.006939438171684742,0.0002500000118743628
1059,1.0,0.0035092770121991634,0.0002500000118743628
1060,1.0,0.004094385541975498,0.0002500000118743628
1061,1.0,0.005256232805550098,0.0002500000118743628
1062,1.0,0.0049782246351242065,0.0002500000118743628
1063,1.0,0.004453809931874275,0.0002500000118743628
1064,1.0,0.0035581649281084538,0.0002500000118743628
1065,1.0,0.004270564764738083,0.0002500000118743628
1066,1.0,0.0026241065934300423,0.0002500000118743628
1067,1.0,0.0034440308809280396,0.0002500000118743628
1068,1.0,0.0027610501274466515,0.0002500000118743628
1069,1.0,0.003913274500519037,0.0002500000118743628
1070,1.0,0.003292331239208579,0.0002500000118743628
1071,1.0,0.00663859723135829,0.0002500000118743628
1072,1.0,0.008708791807293892,0.0002500000118743628
1073,0.9962546825408936,0.012217029929161072,0.0001250000059371814
1074,1.0,0.006773033179342747,0.0001250000059371814
1075,1.0,0.0043117753230035305,0.0001250000059371814
1076,1.0,0.007975500077009201,0.0001250000059371814
1077,1.0,0.005586924962699413,0.0001250000059371814
1078,1.0,0.003142136847600341,0.0001250000059371814
1079,1.0,0.0039658816531300545,0.0001250000059371814
1080,1.0,0.003094446612522006,0.0001250000059371814
1081,1.0,0.003164213616400957,0.0001250000059371814
1082,1.0,0.0025609340518712997,0.0001250000059371814
1083,1.0,0.004197537899017334,0.0001250000059371814
1084,1.0,0.0030299872159957886,0.0001250000059371814
1085,1.0,0.0021777143701910973,0.0001250000059371814
1086,1.0,0.007116362452507019,0.0001250000059371814
1087,1.0,0.00446888105943799,0.0001250000059371814
1088,1.0,0.0034725770819932222,0.0001250000059371814
1089,1.0,0.003350626677274704,0.0001250000059371814
1090,1.0,0.003805764950811863,0.0001250000059371814
1091,1.0,0.003035579575225711,0.0001250000059371814
1092,1.0,0.0065410686656832695,0.0001250000059371814
1093,1.0,0.0038108450826257467,0.0001250000059371814
1094,0.9962546825408936,0.02023977041244507,0.0001250000059371814
1095,1.0,0.009482629597187042,0.0001250000059371814
1096,1.0,0.006661519408226013,0.0001250000059371814
1097,1.0,0.004391997586935759,0.0001250000059371814
1098,1.0,0.0035158644896000624,0.0001250000059371814
1099,1.0,0.005469040479511023,0.0001250000059371814
1100,1.0,0.006740276236087084,0.0001250000059371814
1101,1.0,0.005981151480227709,0.0001250000059371814
1102,1.0,0.004667273256927729,0.0001250000059371814
1103,1.0,0.003241277765482664,0.0001250000059371814
1104,1.0,0.003909235820174217,0.0001250000059371814
1105,1.0,0.003059361595660448,0.0001250000059371814
1106,1.0,0.0043791551142930984,0.0001250000059371814
1107,1.0,0.0024427082389593124,0.0001250000059371814
1108,1.0,0.003493969328701496,0.0001250000059371814
1109,1.0,0.0031006489880383015,0.0001250000059371814
1110,1.0,0.0038301274180412292,0.0001250000059371814
1111,1.0,0.0027751040179282427,0.0001250000059371814
1112,1.0,0.0032955266069620848,0.0001250000059371814
1113,1.0,0.004457279574126005,0.0001250000059371814
1114,1.0,0.0035028180573135614,0.0001250000059371814
1115,1.0,0.0034588866401463747,0.0001250000059371814
1116,1.0,0.0029190853238105774,0.0001250000059371814
1117,1.0,0.003033602377399802,0.0001250000059371814
1118,1.0,0.0031799538992345333,0.0001250000059371814
1119,1.0,0.007285359315574169,0.0001250000059371814
1120,1.0,0.004533797036856413,0.0001250000059371814
1121,1.0,0.003160317661240697,0.0001250000059371814
1122,1.0,0.0026454580947756767,0.0001250000059371814
1123,1.0,0.0033169251400977373,0.0001250000059371814
1124,1.0,0.003339076414704323,0.0001250000059371814
1125,1.0,0.0038668399211019278,0.0001250000059371814
1126,1.0,0.0021475241519510746,0.0001250000059371814
1127,1.0,0.0026734923012554646,0.0001250000059371814
1128,1.0,0.0026366885285824537,0.0001250000059371814
1129,1.0,0.0025770971551537514,0.0001250000059371814
1130,1.0,0.0026730159297585487,0.0001250000059371814
1131,1.0,0.0022861475590616465,0.0001250000059371814
1132,1.0,0.0022810755763202906,0.0001250000059371814
1133,1.0,0.0024333707988262177,0.0001250000059371814
1134,1.0,0.002686723368242383,0.0001250000059371814
1135,1.0,0.0028059077449142933,0.0001250000059371814
1136,1.0,0.002994237467646599,9.999999747378752e-05
1137,1.0,0.0024982374161481857,9.999999747378752e-05
1138,1.0,0.0024287025444209576,9.999999747378752e-05
1139,1.0,0.0026703316252678633,9.999999747378752e-05
1140,1.0,0.0031747897155582905,9.999999747378752e-05
1141,1.0,0.004526502452790737,9.999999747378752e-05
1142,1.0,0.002722878009080887,9.999999747378752e-05
1143,1.0,0.00310424598865211,9.999999747378752e-05
1144,1.0,0.0032258331775665283,9.999999747378752e-05
1145,1.0,0.0026780059561133385,9.999999747378752e-05
1146,1.0,0.0026959844399243593,9.999999747378752e-05
1147,1.0,0.002735416404902935,9.999999747378752e-05
1148,1.0,0.0032848017290234566,9.999999747378752e-05
1149,1.0,0.002162783872336149,9.999999747378752e-05
1150,1.0,0.0033853775821626186,9.999999747378752e-05
1151,1.0,0.0023190025240182877,9.999999747378752e-05
1152,1.0,0.005467918235808611,9.999999747378752e-05
1153,1.0,0.004118992015719414,9.999999747378752e-05
1154,1.0,0.0030861550476402044,9.999999747378752e-05
1155,1.0,0.0027039567939937115,9.999999747378752e-05
1156,1.0,0.0032620944548398256,9.999999747378752e-05
1157,1.0,0.00245226314291358,9.999999747378752e-05
1158,1.0,0.003974379040300846,9.999999747378752e-05
1159,1.0,0.0039397855289280415,9.999999747378752e-05
1160,1.0,0.0036026262678205967,9.999999747378752e-05
1161,1.0,0.002481528092175722,9.999999747378752e-05
1162,1.0,0.002450038678944111,9.999999747378752e-05
1163,1.0,0.0032143774442374706,9.999999747378752e-05
1164,1.0,0.0023890226148068905,9.999999747378752e-05
1165,1.0,0.002652713330462575,9.999999747378752e-05
1166,1.0,0.0031630685552954674,9.999999747378752e-05
1167,1.0,0.0029629594646394253,9.999999747378752e-05
1168,1.0,0.003100089030340314,9.999999747378752e-05
1169,1.0,0.00306607480160892,9.999999747378752e-05
1170,1.0,0.0026481233071535826,9.999999747378752e-05
1171,1.0,0.003134258324280381,9.999999747378752e-05
1172,1.0,0.003542303806170821,9.999999747378752e-05
1173,1.0,0.003273106412962079,9.999999747378752e-05
1174,1.0,0.00327464216388762,9.999999747378752e-05
1175,1.0,0.0029260737355798483,9.999999747378752e-05
1176,1.0,0.0022216467186808586,9.999999747378752e-05
1177,1.0,0.0034672061447054148,9.999999747378752e-05
1178,1.0,0.0024913125671446323,9.999999747378752e-05
1179,1.0,0.002769977319985628,9.999999747378752e-05
1180,1.0,0.0025354705285280943,9.999999747378752e-05
1181,1.0,0.004938681609928608,9.999999747378752e-05
1182,1.0,0.0036788019351661205,9.999999747378752e-05
1183,1.0,0.00273355795070529,9.999999747378752e-05
1184,1.0,0.0032077061478048563,9.999999747378752e-05
1185,1.0,0.0020070376340299845,9.999999747378752e-05
1186,1.0,0.002901368075981736,9.999999747378752e-05
1187,1.0,0.004782357253134251,9.999999747378752e-05
1188,1.0,0.004077401477843523,9.999999747378752e-05
1189,1.0,0.0021050795912742615,9.999999747378752e-05
1190,1.0,0.002929161535575986,9.999999747378752e-05
1191,1.0,0.002346470020711422,9.999999747378752e-05
1192,1.0,0.005003392230719328,9.999999747378752e-05
1193,1.0,0.0028378937859088182,9.999999747378752e-05
1194,1.0,0.004601337015628815,9.999999747378752e-05
1195,1.0,0.0034147989936172962,9.999999747378752e-05
1196,1.0,0.0033130799420177937,9.999999747378752e-05
1197,1.0,0.0031904589850455523,9.999999747378752e-05
1198,1.0,0.0022253557108342648,9.999999747378752e-05
1199,1.0,0.00336761143989861,9.999999747378752e-05
1200,1.0,0.003209819784387946,9.999999747378752e-05
1201,1.0,0.002298781182616949,9.999999747378752e-05
1202,1.0,0.0026705549098551273,9.999999747378752e-05
1203,1.0,0.00245617120526731,9.999999747378752e-05
1204,1.0,0.002827670890837908,9.999999747378752e-05
1205,1.0,0.002857321174815297,9.999999747378752e-05
1206,1.0,0.0025061655323952436,9.999999747378752e-05
1207,1.0,0.002731695305556059,9.999999747378752e-05
1208,1.0,0.0018128418596461415,9.999999747378752e-05
1209,1.0,0.002601035637781024,9.999999747378752e-05
1210,1.0,0.0028411271050572395,9.999999747378752e-05
1211,1.0,0.0027472462970763445,9.999999747378752e-05
1212,1.0,0.002282121917232871,9.999999747378752e-05
1213,1.0,0.003160854335874319,9.999999747378752e-05
1214,1.0,0.002961133373901248,9.999999747378752e-05
1215,1.0,0.0023566551972180605,9.999999747378752e-05
1216,1.0,0.0030171049293130636,9.999999747378752e-05
1217,1.0,0.00458067562431097,9.999999747378752e-05
1218,1.0,0.003890408668667078,9.999999747378752e-05
1219,1.0,0.003141232766211033,9.999999747378752e-05
1220,1.0,0.0034212900791317225,9.999999747378752e-05
1221,1.0,0.0029495221097022295,9.999999747378752e-05
1222,1.0,0.003879042575135827,9.999999747378752e-05
1223,1.0,0.0028314203955233097,9.999999747378752e-05
1224,1.0,0.0021702556405216455,9.999999747378752e-05
1225,1.0,0.0036834198981523514,9.999999747378752e-05
1226,1.0,0.003267998341470957,9.999999747378752e-05
1227,1.0,0.0028681724797934294,9.999999747378752e-05
1228,1.0,0.0022392102982848883,9.999999747378752e-05
1229,1.0,0.0025243377313017845,9.999999747378752e-05
1230,1.0,0.003653330961242318,9.999999747378752e-05
1231,1.0,0.004045231733471155,9.999999747378752e-05
1232,1.0,0.003429576987400651,9.999999747378752e-05
1233,1.0,0.0031874156557023525,9.999999747378752e-05
1234,1.0,0.002872302196919918,9.999999747378752e-05
1235,1.0,0.0035082714166492224,9.999999747378752e-05
1236,1.0,0.0033287357073277235,9.999999747378752e-05
1237,1.0,0.0026458166539669037,9.999999747378752e-05
1238,1.0,0.0025897242594510317,9.999999747378752e-05
1239,1.0,0.0025922260247170925,9.999999747378752e-05
1240,1.0,0.0019698874093592167,9.999999747378752e-05
1241,1.0,0.0022726848255842924,9.999999747378752e-05
1242,1.0,0.002457611495628953,9.999999747378752e-05
1243,1.0,0.0031523853540420532,9.999999747378752e-05
1244,1.0,0.003106920514255762,9.999999747378752e-05
1245,1.0,0.0023969276808202267,9.999999747378752e-05
1246,1.0,0.0020842149388045073,9.999999747378752e-05
1247,1.0,0.002285638591274619,9.999999747378752e-05
1248,1.0,0.0028097950853407383,9.999999747378752e-05
1249,1.0,0.002176209818571806,9.999999747378752e-05
1250,1.0,0.0024009242188185453,9.999999747378752e-05
1251,1.0,0.0021706686820834875,9.999999747378752e-05
1252,1.0,0.0025261614937335253,9.999999747378752e-05
1253,1.0,0.003436851082369685,9.999999747378752e-05
1254,1.0,0.0026201221626251936,9.999999747378752e-05
1255,1.0,0.0023572882637381554,9.999999747378752e-05
1256,1.0,0.0028345745522528887,9.999999747378752e-05
1257,1.0,0.003930266946554184,9.999999747378752e-05
1258,1.0,0.0030110199004411697,9.999999747378752e-05
1259,1.0,0.002527838107198477,9.999999747378752e-05
1260,1.0,0.003235576441511512,9.999999747378752e-05
1261,1.0,0.0029122314881533384,9.999999747378752e-05
1262,1.0,0.004671790637075901,9.999999747378752e-05
1263,1.0,0.004742416087538004,9.999999747378752e-05
1264,1.0,0.0036403595004230738,9.999999747378752e-05
1265,1.0,0.002730567241087556,9.999999747378752e-05
1266,1.0,0.002566507551819086,9.999999747378752e-05
1267,1.0,0.00252223527058959,9.999999747378752e-05
1268,1.0,0.0019763146992772818,9.999999747378752e-05
1269,1.0,0.002778771799057722,9.999999747378752e-05
1270,1.0,0.003087046556174755,9.999999747378752e-05
1271,1.0,0.0018790835747495294,9.999999747378752e-05
1272,1.0,0.0019467560341581702,9.999999747378752e-05
1273,1.0,0.0035544612910598516,9.999999747378752e-05
1274,1.0,0.0029878464993089437,9.999999747378752e-05
1275,1.0,0.0018509195651859045,9.999999747378752e-05
1276,1.0,0.0034190663136541843,9.999999747378752e-05
1277,1.0,0.0026023020036518574,9.999999747378752e-05
1278,1.0,0.002810183446854353,9.999999747378752e-05
1279,1.0,0.004451307002454996,9.999999747378752e-05
1280,1.0,0.0037964354269206524,9.999999747378752e-05
1281,1.0,0.0033381422981619835,9.999999747378752e-05
1282,1.0,0.0035140186082571745,9.999999747378752e-05
1283,1.0,0.0019288184121251106,9.999999747378752e-05
1284,1.0,0.0029816320165991783,9.999999747378752e-05
1285,1.0,0.0018881476717069745,9.999999747378752e-05
1286,1.0,0.0027421172708272934,9.999999747378752e-05
1287,1.0,0.0018592323176562786,9.999999747378752e-05
1288,1.0,0.004665958695113659,9.999999747378752e-05
1289,1.0,0.003845407161861658,9.999999747378752e-05
1290,1.0,0.0022737409453839064,9.999999747378752e-05
1291,1.0,0.002461738418787718,9.999999747378752e-05
1292,1.0,0.002305672038346529,9.999999747378752e-05
1293,1.0,0.005360249895602465,9.999999747378752e-05
1294,0.9962546825408936,0.011012542992830276,9.999999747378752e-05
1295,1.0,0.012457668781280518,9.999999747378752e-05
1296,1.0,0.005774375982582569,9.999999747378752e-05
1297,1.0,0.009089204482734203,9.999999747378752e-05
1298,1.0,0.0049537005834281445,9.999999747378752e-05
1299,1.0,0.0066091762855648994,9.999999747378752e-05
1300,1.0,0.004702112637460232,9.999999747378752e-05
1301,1.0,0.0032199432607740164,9.999999747378752e-05
1302,1.0,0.0029733891133219004,9.999999747378752e-05
1303,1.0,0.0024222934152930975,9.999999747378752e-05
1304,1.0,0.0024697089102119207,9.999999747378752e-05
1305,1.0,0.0021472398657351732,9.999999747378752e-05
1306,1.0,0.002114249859005213,9.999999747378752e-05
1307,1.0,0.0019623693078756332,9.999999747378752e-05
1308,1.0,0.0032091722823679447,9.999999747378752e-05
1309,1.0,0.0018466617912054062,9.999999747378752e-05
1310,1.0,0.002179755363613367,9.999999747378752e-05
1311,1.0,0.0017861276865005493,9.999999747378752e-05
1312,1.0,0.002828697906807065,9.999999747378752e-05
1313,1.0,0.001994143472984433,9.999999747378752e-05
1314,1.0,0.002850589342415333,9.999999747378752e-05
1315,1.0,0.003135276259854436,9.999999747378752e-05
1316,1.0,0.0018615340813994408,9.999999747378752e-05
1317,1.0,0.002061441307887435,9.999999747378752e-05
1318,1.0,0.0020847227424383163,9.999999747378752e-05
1319,1.0,0.0021247174590826035,9.999999747378752e-05
1320,1.0,0.0016400349559262395,9.999999747378752e-05
1321,1.0,0.004169652704149485,9.999999747378752e-05
1322,1.0,0.0025437066797167063,9.999999747378752e-05
1323,1.0,0.0023706122301518917,9.999999747378752e-05
1324,1.0,0.0022237144876271486,9.999999747378752e-05
1325,1.0,0.0022605867125093937,9.999999747378752e-05
1326,1.0,0.0026631460059434175,9.999999747378752e-05
1327,1.0,0.0020602077711373568,9.999999747378752e-05
1328,1.0,0.0019211433827877045,9.999999747378752e-05
1329,1.0,0.0019793736282736063,9.999999747378752e-05
1330,1.0,0.002511959057301283,9.999999747378752e-05
1331,1.0,0.0020926110446453094,9.999999747378752e-05
1332,1.0,0.0031260396353900433,9.999999747378752e-05
1333,1.0,0.0021275742910802364,9.999999747378752e-05
1334,1.0,0.0019546672701835632,9.999999747378752e-05
1335,1.0,0.0019489879487082362,9.999999747378752e-05
1336,1.0,0.002403062768280506,9.999999747378752e-05
1337,1.0,0.0018436993705108762,9.999999747378752e-05
1338,1.0,0.002395772375166416,9.999999747378752e-05
1339,1.0,0.002606924157589674,9.999999747378752e-05
1340,1.0,0.002755396766588092,9.999999747378752e-05
1341,1.0,0.003373016370460391,9.999999747378752e-05
1342,1.0,0.0021986872889101505,9.999999747378752e-05
1343,1.0,0.0020460353698581457,9.999999747378752e-05
1344,1.0,0.0024526631459593773,9.999999747378752e-05
1345,1.0,0.0020365717355161905,9.999999747378752e-05
1346,1.0,0.0022411018144339323,9.999999747378752e-05
1347,1.0,0.0015355492942035198,9.999999747378752e-05
1348,1.0,0.002658459125086665,9.999999747378752e-05
1349,1.0,0.0015280666993930936,9.999999747378752e-05
1350,1.0,0.002404110273346305,9.999999747378752e-05
1351,1.0,0.003453153185546398,9.999999747378752e-05
1352,1.0,0.0026015015318989754,9.999999747378752e-05
1353,1.0,0.003148373682051897,9.999999747378752e-05
1354,1.0,0.002801767783239484,9.999999747378752e-05
1355,1.0,0.003340489463880658,9.999999747378752e-05
1356,1.0,0.0017453881446272135,9.999999747378752e-05
1357,1.0,0.001656771986745298,9.999999747378752e-05
1358,1.0,0.002250944497063756,9.999999747378752e-05
1359,1.0,0.0024671517312526703,9.999999747378752e-05
1360,1.0,0.0034358759876340628,9.999999747378752e-05
1361,1.0,0.0018191839335486293,9.999999747378752e-05
1362,1.0,0.002004052046686411,9.999999747378752e-05
1363,1.0,0.0019461755873635411,9.999999747378752e-05
1364,1.0,0.0019069574773311615,9.999999747378752e-05
1365,1.0,0.0025620569940656424,9.999999747378752e-05
1366,1.0,0.002808063291013241,9.999999747378752e-05
1367,1.0,0.002106483792886138,9.999999747378752e-05
1368,1.0,0.001737636630423367,9.999999747378752e-05
1369,1.0,0.0022881911136209965,9.999999747378752e-05
1370,1.0,0.001725355046801269,9.999999747378752e-05
1371,1.0,0.0021365289576351643,9.999999747378752e-05
1372,1.0,0.001828352571465075,9.999999747378752e-05
1373,1.0,0.002171511994674802,9.999999747378752e-05
1374,1.0,0.00149062171112746,9.999999747378752e-05
1375,1.0,0.001717370585538447,9.999999747378752e-05
1376,1.0,0.0016254030633717775,9.999999747378752e-05
1377,1.0,0.0019907031673938036,9.999999747378752e-05
1378,1.0,0.001588206272572279,9.999999747378752e-05
1379,1.0,0.0020770581904798746,9.999999747378752e-05
1380,1.0,0.002066302113234997,9.999999747378752e-05
1381,1.0,0.0017325729131698608,9.999999747378752e-05
1382,1.0,0.0017066613072529435,9.999999747378752e-05
1383,1.0,0.0021858804393559694,9.999999747378752e-05
1384,1.0,0.0026529172901064157,9.999999747378752e-05
1385,1.0,0.00295278150588274,9.999999747378752e-05
1386,1.0,0.007832599803805351,9.999999747378752e-05
1387,1.0,0.009994062595069408,9.999999747378752e-05
1388,1.0,0.005333848297595978,9.999999747378752e-05
1389,1.0,0.002963372739031911,9.999999747378752e-05
1390,1.0,0.0035423252265900373,9.999999747378752e-05
1391,1.0,0.0028134819585829973,9.999999747378752e-05
1392,1.0,0.003187683643773198,9.999999747378752e-05
1393,1.0,0.0028140235226601362,9.999999747378752e-05
1394,1.0,0.0032433131709694862,9.999999747378752e-05
1395,1.0,0.0022847962100058794,9.999999747378752e-05
1396,1.0,0.0020419175270944834,9.999999747378752e-05
1397,1.0,0.0022680293768644333,9.999999747378752e-05
1398,1.0,0.0021209700498729944,9.999999747378752e-05
1399,1.0,0.0020178197883069515,9.999999747378752e-05
1400,1.0,0.0020967170130461454,9.999999747378752e-05
1401,1.0,0.0016621332615613937,9.999999747378752e-05
1402,1.0,0.0023222523741424084,9.999999747378752e-05
1403,1.0,0.0019486446399241686,9.999999747378752e-05
1404,1.0,0.002226644428446889,9.999999747378752e-05
1405,1.0,0.002806504024192691,9.999999747378752e-05
1406,1.0,0.0017878005746752024,9.999999747378752e-05
1407,1.0,0.0020312215201556683,9.999999747378752e-05
1408,1.0,0.002123296493664384,9.999999747378752e-05
1409,1.0,0.001804947853088379,9.999999747378752e-05
1410,1.0,0.00148838572204113,9.999999747378752e-05
1411,1.0,0.0018382221460342407,9.999999747378752e-05
1412,1.0,0.0028325929306447506,9.999999747378752e-05
1413,1.0,0.0027696825563907623,9.999999747378752e-05
1414,1.0,0.0018310514278709888,9.999999747378752e-05
1415,1.0,0.0031424458138644695,9.999999747378752e-05
1416,1.0,0.001646751188673079,9.999999747378752e-05
1417,1.0,0.0017169115599244833,9.999999747378752e-05
1418,1.0,0.0018979542655870318,9.999999747378752e-05
1419,1.0,0.0016976894112303853,9.999999747378752e-05
1420,1.0,0.0021203667856752872,9.999999747378752e-05
1421,1.0,0.0017938276287168264,9.999999747378752e-05
1422,1.0,0.001772901858203113,9.999999747378752e-05
1423,1.0,0.0064407591708004475,9.999999747378752e-05
1424,1.0,0.013913684524595737,9.999999747378752e-05
1425,1.0,0.011964399367570877,9.999999747378752e-05
1426,1.0,0.0069726682268083096,9.999999747378752e-05
1427,1.0,0.003521280363202095,9.999999747378752e-05
1428,1.0,0.002392865950241685,9.999999747378752e-05
1429,1.0,0.003939028363674879,9.999999747378752e-05
1430,0.9962546825408936,0.007392074912786484,9.999999747378752e-05
1431,0.9962546825408936,0.02170044742524624,9.999999747378752e-05
1432,1.0,0.004196501336991787,9.999999747378752e-05
1433,1.0,0.0035977561492472887,9.999999747378752e-05
1434,1.0,0.003417408326640725,9.999999747378752e-05
1435,1.0,0.0024405261501669884,9.999999747378752e-05
1436,1.0,0.0025495660956948996,9.999999747378752e-05
1437,1.0,0.003782291430979967,9.999999747378752e-05
1438,1.0,0.003335451940074563,9.999999747378752e-05
1439,1.0,0.002192192943766713,9.999999747378752e-05
1440,1.0,0.002154998481273651,9.999999747378752e-05
1441,1.0,0.002067188499495387,9.999999747378752e-05
1442,1.0,0.00288466177880764,9.999999747378752e-05
1443,1.0,0.004666879773139954,9.999999747378752e-05
1444,1.0,0.0023120602127164602,9.999999747378752e-05
1445,1.0,0.0018812643829733133,9.999999747378752e-05
1446,1.0,0.0026264528278261423,9.999999747378752e-05
1447,1.0,0.0019848428200930357,9.999999747378752e-05
1448,1.0,0.0014823249075561762,9.999999747378752e-05
1449,1.0,0.001988701056689024,9.999999747378752e-05
1450,1.0,0.0019974568858742714,9.999999747378752e-05
1451,1.0,0.0019455134170129895,9.999999747378752e-05
1452,1.0,0.002178348833695054,9.999999747378752e-05
1453,1.0,0.001520673162303865,9.999999747378752e-05
1454,1.0,0.0023951432667672634,9.999999747378752e-05
1455,1.0,0.0015103640034794807,9.999999747378752e-05
1456,1.0,0.001458098879083991,9.999999747378752e-05
1457,1.0,0.0019479608163237572,9.999999747378752e-05
1458,1.0,0.002491721184924245,9.999999747378752e-05
1459,1.0,0.0016097340267151594,9.999999747378752e-05
1460,1.0,0.002544736722484231,9.999999747378752e-05
1461,1.0,0.0013895505107939243,9.999999747378752e-05
1462,1.0,0.002139971125870943,9.999999747378752e-05
1463,1.0,0.001497937017120421,9.999999747378752e-05
1464,1.0,0.0016758190467953682,9.999999747378752e-05
1465,1.0,0.001573592540808022,9.999999747378752e-05
1466,1.0,0.0014577499823644757,9.999999747378752e-05
1467,1.0,0.0019169911975041032,9.999999747378752e-05
1468,1.0,0.0020479420199990273,9.999999747378752e-05
1469,1.0,0.001591914682649076,9.999999747378752e-05
1470,1.0,0.0015873750671744347,9.999999747378752e-05
1471,1.0,0.0021504960022866726,9.999999747378752e-05
1472,1.0,0.0019522766815498471,9.999999747378752e-05
1473,1.0,0.0019858661107718945,9.999999747378752e-05
1474,1.0,0.0015076743438839912,9.999999747378752e-05
1475,1.0,0.0018513971008360386,9.999999747378752e-05
1476,1.0,0.0030172872357070446,9.999999747378752e-05
1477,1.0,0.0019051613053306937,9.999999747378752e-05
1478,1.0,0.001857661409303546,9.999999747378752e-05
1479,1.0,0.0019102055812254548,9.999999747378752e-05
1480,1.0,0.002104110550135374,9.999999747378752e-05
1481,1.0,0.0012615621089935303,9.999999747378752e-05
1482,1.0,0.0014857685891911387,9.999999747378752e-05
1483,1.0,0.0013341013109311461,9.999999747378752e-05
1484,1.0,0.002309514442458749,9.999999747378752e-05
1485,1.0,0.0023230426013469696,9.999999747378752e-05
1486,1.0,0.002132990164682269,9.999999747378752e-05
1487,1.0,0.0014788999687880278,9.999999747378752e-05
1488,1.0,0.0020815955940634012,9.999999747378752e-05
1489,1.0,0.0021191376727074385,9.999999747378752e-05
1490,1.0,0.002081325277686119,9.999999747378752e-05
1491,1.0,0.0017588605405762792,9.999999747378752e-05
1492,1.0,0.0013410936808213592,9.999999747378752e-05
1493,1.0,0.0018147194059565663,9.999999747378752e-05
1494,1.0,0.0014195058029145002,9.999999747378752e-05
1495,1.0,0.0016957643674686551,9.999999747378752e-05
1496,1.0,0.001481929561123252,9.999999747378752e-05
1497,1.0,0.0017395493341609836,9.999999747378752e-05
1498,1.0,0.0013972199521958828,9.999999747378752e-05
1499,1.0,0.001355180749669671,9.999999747378752e-05
1500,1.0,0.0017379454802721739,9.999999747378752e-05
1501,1.0,0.001770191011019051,9.999999747378752e-05
1502,1.0,0.0022256921511143446,9.999999747378752e-05
1503,1.0,0.0019860973116010427,9.999999747378752e-05
1504,1.0,0.0018005772726610303,9.999999747378752e-05
1505,1.0,0.001941964845173061,9.999999747378752e-05
1506,1.0,0.002060749800875783,9.999999747378752e-05
1507,1.0,0.002420392818748951,9.999999747378752e-05
1508,1.0,0.0016555446200072765,9.999999747378752e-05
1509,1.0,0.0013920859200879931,9.999999747378752e-05
1510,1.0,0.001681378111243248,9.999999747378752e-05
1511,1.0,0.0018059732392430305,9.999999747378752e-05
1512,1.0,0.0016353921964764595,9.999999747378752e-05
1513,1.0,0.0016707552131265402,9.999999747378752e-05
1514,1.0,0.0011874112533405423,9.999999747378752e-05
1515,1.0,0.00208011781796813,9.999999747378752e-05
1516,1.0,0.002123983111232519,9.999999747378752e-05
1517,1.0,0.0016587480204179883,9.999999747378752e-05
1518,1.0,0.0018884338205680251,9.999999747378752e-05
1519,1.0,0.001738790888339281,9.999999747378752e-05
1520,1.0,0.002453859895467758,9.999999747378752e-05
1521,1.0,0.0020285884384065866,9.999999747378752e-05
1522,0.9962546825408936,0.014543714001774788,9.999999747378752e-05
1523,0.9887640476226807,0.021908605471253395,9.999999747378752e-05
1524,1.0,0.016854500398039818,9.999999747378752e-05
1525,1.0,0.007817467674612999,9.999999747378752e-05
1526,1.0,0.004265753086656332,9.999999747378752e-05
1527,1.0,0.002749366220086813,9.999999747378752e-05
1528,1.0,0.0023782874923199415,9.999999747378752e-05
1529,1.0,0.003318621078506112,9.999999747378752e-05
1530,1.0,0.0024781133979558945,9.999999747378752e-05
1531,1.0,0.0029309503734111786,9.999999747378752e-05
1532,1.0,0.0038257481064647436,9.999999747378752e-05
1533,1.0,0.0022704685106873512,9.999999747378752e-05
1534,1.0,0.0027052087243646383,9.999999747378752e-05
1535,1.0,0.002562660491093993,9.999999747378752e-05
1536,1.0,0.001993653131648898,9.999999747378752e-05
1537,1.0,0.0014150567585602403,9.999999747378752e-05
1538,1.0,0.0016225262079387903,9.999999747378752e-05
1539,1.0,0.0016309302300214767,9.999999747378752e-05
1540,1.0,0.0034500809852033854,9.999999747378752e-05
1541,1.0,0.0022912747226655483,9.999999747378752e-05
1542,1.0,0.001662827213294804,9.999999747378752e-05
1543,1.0,0.0026325066573917866,9.999999747378752e-05
1544,1.0,0.0013718303525820374,9.999999747378752e-05
1545,1.0,0.0019094861345365644,9.999999747378752e-05
1546,1.0,0.001806928194127977,9.999999747378752e-05
1547,1.0,0.0012134647695347667,9.999999747378752e-05
1548,1.0,0.0015482798917219043,9.999999747378752e-05
1549,1.0,0.0026782506611198187,9.999999747378752e-05
1550,1.0,0.0014841989614069462,9.999999747378752e-05
1551,1.0,0.003845806932076812,9.999999747378752e-05
1552,1.0,0.00257311062887311,9.999999747378752e-05
1553,1.0,0.0029261477757245302,9.999999747378752e-05
1554,1.0,0.0018092059763148427,9.999999747378752e-05
1555,1.0,0.002735417801886797,9.999999747378752e-05
1556,1.0,0.0019669996108859777,9.999999747378752e-05
1557,1.0,0.003426227020099759,9.999999747378752e-05
1558,1.0,0.0018186636734753847,9.999999747378752e-05
1559,1.0,0.002158819930627942,9.999999747378752e-05
1560,1.0,0.00141454569529742,9.999999747378752e-05
1561,1.0,0.001421858905814588,9.999999747378752e-05
1562,1.0,0.0024452940560877323,9.999999747378752e-05
1563,1.0,0.0014005727134644985,9.999999747378752e-05
1564,1.0,0.0021179080940783024,9.999999747378752e-05
1565,1.0,0.0022406233474612236,9.999999747378752e-05
1566,1.0,0.0019822530448436737,9.999999747378752e-05
1567,1.0,0.0020107931923121214,9.999999747378752e-05
1568,1.0,0.0016204166458919644,9.999999747378752e-05
1569,1.0,0.002106056548655033,9.999999747378752e-05
1570,1.0,0.0019752613734453917,9.999999747378752e-05
1571,1.0,0.001908299163915217,9.999999747378752e-05
1572,1.0,0.0020663912873715162,9.999999747378752e-05
1573,1.0,0.0012998360907658935,9.999999747378752e-05
1574,1.0,0.0015198967885226011,9.999999747378752e-05
1575,1.0,0.0016457688761875033,9.999999747378752e-05
1576,1.0,0.0015842968132346869,9.999999747378752e-05
1577,1.0,0.0020009316504001617,9.999999747378752e-05
1578,1.0,0.001637308276258409,9.999999747378752e-05
1579,1.0,0.0013515320606529713,9.999999747378752e-05
1580,1.0,0.0014578752452507615,9.999999747378752e-05
1581,1.0,0.0015120544703677297,9.999999747378752e-05
1582,1.0,0.0010453579016029835,9.999999747378752e-05
1583,1.0,0.0024512060917913914,9.999999747378752e-05
1584,1.0,0.0021874301601201296,9.999999747378752e-05
1585,1.0,0.0016446823719888926,9.999999747378752e-05
1586,1.0,0.0017937995726242661,9.999999747378752e-05
1587,1.0,0.0016840915195643902,9.999999747378752e-05
1588,1.0,0.002158180344849825,9.999999747378752e-05
1589,1.0,0.0015132402768358588,9.999999747378752e-05
1590,1.0,0.0013342105085030198,9.999999747378752e-05
1591,1.0,0.0016555434558540583,9.999999747378752e-05
1592,1.0,0.0019208237063139677,9.999999747378752e-05
1593,1.0,0.0015263373497873545,9.999999747378752e-05
1594,1.0,0.0013824455672875047,9.999999747378752e-05
1595,1.0,0.0018596976296976209,9.999999747378752e-05
1596,1.0,0.001015316229313612,9.999999747378752e-05
1597,1.0,0.0013473710278049111,9.999999747378752e-05
1598,1.0,0.0013898347970098257,9.999999747378752e-05
1599,1.0,0.001434640376828611,9.999999747378752e-05
1600,1.0,0.0012920729350298643,9.999999747378752e-05
1601,1.0,0.0019468336831778288,9.999999747378752e-05
1602,1.0,0.0019457656890153885,9.999999747378752e-05
1603,1.0,0.0016079206252470613,9.999999747378752e-05
1604,1.0,0.002663755789399147,9.999999747378752e-05
1605,1.0,0.0022179046645760536,9.999999747378752e-05
1606,1.0,0.0039520482532680035,9.999999747378752e-05
1607,1.0,0.0034772439394146204,9.999999747378752e-05
1608,1.0,0.0016337978886440396,9.999999747378752e-05
1609,1.0,0.0027091307565569878,9.999999747378752e-05
1610,1.0,0.0017386232502758503,9.999999747378752e-05
1611,1.0,0.0028856846038252115,9.999999747378752e-05
1612,1.0,0.0019291950156912208,9.999999747378752e-05
1613,1.0,0.0014280801406130195,9.999999747378752e-05
1614,1.0,0.00121382309589535,9.999999747378752e-05
1615,1.0,0.0015285949921235442,9.999999747378752e-05
1616,1.0,0.0029383976943790913,9.999999747378752e-05
1617,1.0,0.003456961363554001,9.999999747378752e-05
1618,1.0,0.0024103536270558834,9.999999747378752e-05
1619,1.0,0.0034610582515597343,9.999999747378752e-05
1620,1.0,0.0020351209677755833,9.999999747378752e-05
1621,1.0,0.0019862039480358362,9.999999747378752e-05
1622,1.0,0.0027405431028455496,9.999999747378752e-05
1623,1.0,0.0019461670890450478,9.999999747378752e-05
1624,1.0,0.0014126516180112958,9.999999747378752e-05
1625,1.0,0.0017247048672288656,9.999999747378752e-05
1626,1.0,0.0022976037580519915,9.999999747378752e-05
1627,1.0,0.0014419049257412553,9.999999747378752e-05
1628,1.0,0.0020971735939383507,9.999999747378752e-05
1629,1.0,0.0014419020153582096,9.999999747378752e-05
1630,1.0,0.0015952984103932977,9.999999747378752e-05
1631,1.0,0.0011496347142383456,9.999999747378752e-05
1632,1.0,0.0011368944542482495,9.999999747378752e-05
1633,1.0,0.001566841616295278,9.999999747378752e-05
1634,1.0,0.0016836632275953889,9.999999747378752e-05
1635,1.0,0.0013003534404560924,9.999999747378752e-05
1636,1.0,0.0013115752954035997,9.999999747378752e-05
1637,1.0,0.001708192634396255,9.999999747378752e-05
1638,1.0,0.0015488446224480867,9.999999747378752e-05
1639,1.0,0.0017247064970433712,9.999999747378752e-05
1640,1.0,0.002534773200750351,9.999999747378752e-05
1641,1.0,0.002256843727082014,9.999999747378752e-05
1642,1.0,0.0017155781388282776,9.999999747378752e-05
1643,1.0,0.0014067280571907759,9.999999747378752e-05
1644,1.0,0.0013922735815867782,9.999999747378752e-05
1645,1.0,0.001536816474981606,9.999999747378752e-05
1646,1.0,0.0012935958802700043,9.999999747378752e-05
1647,1.0,0.0023928494192659855,9.999999747378752e-05
1648,1.0,0.0015028035268187523,9.999999747378752e-05
1649,1.0,0.0012496515410020947,9.999999747378752e-05
1650,1.0,0.000921880709938705,9.999999747378752e-05
1651,1.0,0.001365075120702386,9.999999747378752e-05
1652,1.0,0.001536399475298822,9.999999747378752e-05
1653,1.0,0.0018437039107084274,9.999999747378752e-05
1654,1.0,0.0015611032722517848,9.999999747378752e-05
1655,1.0,0.0017324534710496664,9.999999747378752e-05
1656,1.0,0.0012400344712659717,9.999999747378752e-05
1657,1.0,0.00099574972409755,9.999999747378752e-05
1658,1.0,0.0011689536040648818,9.999999747378752e-05
1659,1.0,0.001521145342849195,9.999999747378752e-05
1660,1.0,0.0010921884095296264,9.999999747378752e-05
1661,1.0,0.0016663532005622983,9.999999747378752e-05
1662,1.0,0.0013262940337881446,9.999999747378752e-05
1663,1.0,0.0011963704600930214,9.999999747378752e-05
1664,1.0,0.0017660650191828609,9.999999747378752e-05
1665,1.0,0.001461026375181973,9.999999747378752e-05
1666,1.0,0.0016125183319672942,9.999999747378752e-05
1667,1.0,0.0010503310477361083,9.999999747378752e-05
1668,1.0,0.001179452519863844,9.999999747378752e-05
1669,1.0,0.0017095183720812201,9.999999747378752e-05
1670,1.0,0.0010043137008324265,9.999999747378752e-05
1671,1.0,0.001132107456214726,9.999999747378752e-05
1672,1.0,0.0012526127975434065,9.999999747378752e-05
1673,1.0,0.0009174212464131415,9.999999747378752e-05
1674,1.0,0.0012521184980869293,9.999999747378752e-05
1675,1.0,0.001185162807814777,9.999999747378752e-05
1676,1.0,0.005691430065780878,9.999999747378752e-05
1677,1.0,0.002322752960026264,9.999999747378752e-05
1678,1.0,0.0016889815451577306,9.999999747378752e-05
1679,1.0,0.0014216075651347637,9.999999747378752e-05
1680,1.0,0.0014884573174640536,9.999999747378752e-05
1681,1.0,0.0013688829494640231,9.999999747378752e-05
1682,1.0,0.0019880502950400114,9.999999747378752e-05
1683,1.0,0.0013569993898272514,9.999999747378752e-05
1684,1.0,0.003623089985921979,9.999999747378752e-05
1685,1.0,0.00226810690946877,9.999999747378752e-05
1686,1.0,0.003576507093384862,9.999999747378752e-05
1687,1.0,0.0025327797047793865,9.999999747378752e-05
1688,1.0,0.0018134351121261716,9.999999747378752e-05
1689,1.0,0.0018272979650646448,9.999999747378752e-05
1690,1.0,0.002449398161843419,9.999999747378752e-05
1691,1.0,0.0030660044867545366,9.999999747378752e-05
1692,1.0,0.001805056119337678,9.999999747378752e-05
1693,1.0,0.0012976685538887978,9.999999747378752e-05
1694,1.0,0.0015687840059399605,9.999999747378752e-05
1695,1.0,0.0019436492584645748,9.999999747378752e-05
1696,1.0,0.0016402954934164882,9.999999747378752e-05
1697,1.0,0.0018294540932402015,9.999999747378752e-05
1698,1.0,0.001784469815902412,9.999999747378752e-05
1699,1.0,0.001316228648647666,9.999999747378752e-05
1700,1.0,0.0020903523545712233,9.999999747378752e-05
1701,1.0,0.0032203327864408493,9.999999747378752e-05
1702,1.0,0.0019313836237415671,9.999999747378752e-05
1703,1.0,0.0016168381553143263,9.999999747378752e-05
1704,1.0,0.001275447430089116,9.999999747378752e-05
1705,1.0,0.0016883707139641047,9.999999747378752e-05
1706,1.0,0.0021067438647150993,9.999999747378752e-05
1707,1.0,0.0020317973103374243,9.999999747378752e-05
1708,1.0,0.0013219143729656935,9.999999747378752e-05
1709,1.0,0.0018148449016734958,9.999999747378752e-05
1710,1.0,0.0011264699278399348,9.999999747378752e-05
1711,1.0,0.0010689529590308666,9.999999747378752e-05
1712,1.0,0.0015917771961539984,9.999999747378752e-05
1713,1.0,0.0014652659883722663,9.999999747378752e-05
1714,1.0,0.0010780692100524902,9.999999747378752e-05
1715,1.0,0.0015405411832034588,9.999999747378752e-05
1716,1.0,0.001332573709078133,9.999999747378752e-05
1717,1.0,0.001310134888626635,9.999999747378752e-05
1718,1.0,0.0017686060164123774,9.999999747378752e-05
1719,1.0,0.003360779257491231,9.999999747378752e-05
1720,1.0,0.0036696132738143206,9.999999747378752e-05
1721,1.0,0.005322796758264303,9.999999747378752e-05
1722,1.0,0.008663465268909931,9.999999747378752e-05
1723,1.0,0.006259458605200052,9.999999747378752e-05
1724,1.0,0.006015310529619455,9.999999747378752e-05
1725,1.0,0.005147913005203009,9.999999747378752e-05
1726,1.0,0.007118271663784981,9.999999747378752e-05
1727,1.0,0.003886854974552989,9.999999747378752e-05
1728,1.0,0.004050211515277624,9.999999747378752e-05
1729,1.0,0.0020796903409063816,9.999999747378752e-05
1730,1.0,0.003714277409017086,9.999999747378752e-05
1731,0.9962546825408936,0.00848622340708971,9.999999747378752e-05
1732,1.0,0.003924902528524399,9.999999747378752e-05
1733,1.0,0.002954579656943679,9.999999747378752e-05
1734,1.0,0.0018163250060752034,9.999999747378752e-05
1735,1.0,0.001751447911374271,9.999999747378752e-05
1736,1.0,0.002043947810307145,9.999999747378752e-05
1737,1.0,0.0019761070143431425,9.999999747378752e-05
1738,1.0,0.0014944421127438545,9.999999747378752e-05
1739,1.0,0.0011258989106863737,9.999999747378752e-05
1740,1.0,0.0012880204012617469,9.999999747378752e-05
1741,1.0,0.0016510057030245662,9.999999747378752e-05
1742,1.0,0.0012227832339704037,9.999999747378752e-05
1743,1.0,0.0013894662261009216,9.999999747378752e-05
1744,1.0,0.0015436310786753893,9.999999747378752e-05
1745,1.0,0.0015393117209896445,9.999999747378752e-05
1746,1.0,0.002532750368118286,9.999999747378752e-05
1747,1.0,0.0018185237422585487,9.999999747378752e-05
1748,1.0,0.0014021953102201223,9.999999747378752e-05
1749,1.0,0.001406526193022728,9.999999747378752e-05
1750,1.0,0.0012619151966646314,9.999999747378752e-05
1751,1.0,0.001361655886285007,9.999999747378752e-05
1752,1.0,0.0015543259214609861,9.999999747378752e-05
1753,1.0,0.0016063996590673923,9.999999747378752e-05
1754,1.0,0.0012085750931873918,9.999999747378752e-05
1755,1.0,0.0025156154297292233,9.999999747378752e-05
1756,1.0,0.001771745621226728,9.999999747378752e-05
1757,1.0,0.0014555429806932807,9.999999747378752e-05
1758,1.0,0.002338280202820897,9.999999747378752e-05
1759,1.0,0.0014607951743528247,9.999999747378752e-05
1760,1.0,0.0013217147206887603,9.999999747378752e-05
1761,1.0,0.0012550840619951487,9.999999747378752e-05
1762,1.0,0.0012688619317486882,9.999999747378752e-05
1763,1.0,0.00127710634842515,9.999999747378752e-05
1764,1.0,0.0014241737080737948,9.999999747378752e-05
1765,1.0,0.001083181705325842,9.999999747378752e-05
1766,1.0,0.0012142697814852,9.999999747378752e-05
1767,1.0,0.001125428592786193,9.999999747378752e-05
1768,1.0,0.0010681092971935868,9.999999747378752e-05
1769,1.0,0.001513047143816948,9.999999747378752e-05
1770,1.0,0.0013778606662526727,9.999999747378752e-05
1771,1.0,0.0013547524577006698,9.999999747378752e-05
1772,1.0,0.0013705971650779247,9.999999747378752e-05
1773,1.0,0.001706929411739111,9.999999747378752e-05
1774,1.0,0.0016631470061838627,9.999999747378752e-05
1775,1.0,0.0007888933178037405,9.999999747378752e-05
1776,1.0,0.0009089038358069956,9.999999747378752e-05
1777,1.0,0.001485130749642849,9.999999747378752e-05
1778,1.0,0.000991106848232448,9.999999747378752e-05
1779,1.0,0.001484548905864358,9.999999747378752e-05
1780,1.0,0.001337718334980309,9.999999747378752e-05
1781,1.0,0.0011148143094033003,9.999999747378752e-05
1782,1.0,0.0010125278495252132,9.999999747378752e-05
1783,1.0,0.0010183054255321622,9.999999747378752e-05
1784,1.0,0.0008683037594892085,9.999999747378752e-05
1785,1.0,0.0013192474143579602,9.999999747378752e-05
1786,1.0,0.001190660404972732,9.999999747378752e-05
1787,1.0,0.001307255239225924,9.999999747378752e-05
1788,1.0,0.0023249161895364523,9.999999747378752e-05
1789,1.0,0.0012210976565256715,9.999999747378752e-05
1790,1.0,0.0018252898007631302,9.999999747378752e-05
1791,1.0,0.0009902574820443988,9.999999747378752e-05
1792,1.0,0.0013637974625453353,9.999999747378752e-05
1793,1.0,0.0011773211881518364,9.999999747378752e-05
1794,1.0,0.0012547330697998405,9.999999747378752e-05
1795,1.0,0.0011114507215097547,9.999999747378752e-05
1796,1.0,0.0012419677805155516,9.999999747378752e-05
1797,1.0,0.0010005543008446693,9.999999747378752e-05
1798,1.0,0.0026362298522144556,9.999999747378752e-05
1799,1.0,0.0012951145181432366,9.999999747378752e-05
1800,1.0,0.002066574292257428,9.999999747378752e-05
1801,1.0,0.001174102770164609,9.999999747378752e-05
1802,1.0,0.0011053282069042325,9.999999747378752e-05
1803,1.0,0.0012741731479763985,9.999999747378752e-05
1804,1.0,0.001372988917864859,9.999999747378752e-05
1805,1.0,0.001819342141970992,9.999999747378752e-05
1806,1.0,0.0011200611479580402,9.999999747378752e-05
1807,1.0,0.00105192419141531,9.999999747378752e-05
1808,1.0,0.00120179180521518,9.999999747378752e-05
1809,1.0,0.000860507832840085,9.999999747378752e-05
1810,1.0,0.0016625792486593127,9.999999747378752e-05
1811,1.0,0.001334748580120504,9.999999747378752e-05
1812,1.0,0.000933049013838172,9.999999747378752e-05
1813,1.0,0.0013923919759690762,9.999999747378752e-05
1814,1.0,0.001044060685671866,9.999999747378752e-05
1815,1.0,0.0011125201126560569,9.999999747378752e-05
1816,1.0,0.0008021390531212091,9.999999747378752e-05
1817,1.0,0.0012783611891791224,9.999999747378752e-05
1818,1.0,0.0011736347805708647,9.999999747378752e-05
1819,1.0,0.001309621031396091,9.999999747378752e-05
1820,1.0,0.001366042415611446,9.999999747378752e-05
1821,1.0,0.0012441374128684402,9.999999747378752e-05
1822,1.0,0.0015103965997695923,9.999999747378752e-05
1823,1.0,0.0010451028356328607,9.999999747378752e-05
1824,1.0,0.00111652712803334,9.999999747378752e-05
1825,1.0,0.0015014781383797526,9.999999747378752e-05
1826,1.0,0.0013060227502137423,9.999999747378752e-05
1827,0.9925093650817871,0.014118587598204613,9.999999747378752e-05
1828,0.9925093650817871,0.017913268879055977,9.999999747378752e-05
1829,0.9925093650817871,0.019138047471642494,9.999999747378752e-05
1830,1.0,0.008968199603259563,9.999999747378752e-05
1831,1.0,0.004396035801619291,9.999999747378752e-05
1832,1.0,0.003136618761345744,9.999999747378752e-05
1833,1.0,0.002246712800115347,9.999999747378752e-05
1834,1.0,0.0017870179144665599,9.999999747378752e-05
1835,1.0,0.0018968801014125347,9.999999747378752e-05
1836,1.0,0.002738839713856578,9.999999747378752e-05
1837,1.0,0.002309706062078476,9.999999747378752e-05
1838,1.0,0.0017869836883619428,9.999999747378752e-05
1839,1.0,0.002290288219228387,9.999999747378752e-05
1840,1.0,0.0020968106109648943,9.999999747378752e-05
1841,1.0,0.0012123631313443184,9.999999747378752e-05
1842,1.0,0.0014881190145388246,9.999999747378752e-05
1843,1.0,0.0018676799954846501,9.999999747378752e-05
1844,1.0,0.0020051239989697933,9.999999747378752e-05
1845,1.0,0.001164005370810628,9.999999747378752e-05
1846,1.0,0.0012669540010392666,9.999999747378752e-05
1847,1.0,0.0019139958312734962,9.999999747378752e-05
1848,1.0,0.0011019168887287378,9.999999747378752e-05
1849,1.0,0.001323317177593708,9.999999747378752e-05
1850,1.0,0.0012495744740590453,9.999999747378752e-05
1851,1.0,0.0010463817743584514,9.999999747378752e-05
1852,1.0,0.0012318806257098913,9.999999747378752e-05
1853,1.0,0.0008597782580181956,9.999999747378752e-05
1854,1.0,0.0013708507176488638,9.999999747378752e-05
1855,1.0,0.0017329537076875567,9.999999747378752e-05
1856,1.0,0.001159501145593822,9.999999747378752e-05
1857,1.0,0.0014870894374325871,9.999999747378752e-05
1858,1.0,0.0016037911409512162,9.999999747378752e-05
1859,1.0,0.0010896397288888693,9.999999747378752e-05
1860,1.0,0.0012039924040436745,9.999999747378752e-05
1861,1.0,0.001083088107407093,9.999999747378752e-05
1862,1.0,0.0011657519498839974,9.999999747378752e-05
1863,1.0,0.002451373729854822,9.999999747378752e-05
1864,1.0,0.001595818903297186,9.999999747378752e-05
1865,1.0,0.0015239677159115672,9.999999747378752e-05
1866,1.0,0.0017640956211835146,9.999999747378752e-05
1867,1.0,0.0012311105383560061,9.999999747378752e-05
1868,1.0,0.001140396110713482,9.999999747378752e-05
1869,1.0,0.0012864761520177126,9.999999747378752e-05
1870,1.0,0.0010874849976971745,9.999999747378752e-05
1871,1.0,0.001153665129095316,9.999999747378752e-05
1872,1.0,0.0012032071826979518,9.999999747378752e-05
1873,1.0,0.0011455848580226302,9.999999747378752e-05
1874,1.0,0.0011661890894174576,9.999999747378752e-05
1875,1.0,0.0013976601185277104,9.999999747378752e-05
1876,1.0,0.0010150133166462183,9.999999747378752e-05
1877,1.0,0.0016044554067775607,9.999999747378752e-05
1878,1.0,0.0010613201884552836,9.999999747378752e-05
1879,1.0,0.001292883767746389,9.999999747378752e-05
1880,1.0,0.0011725573567673564,9.999999747378752e-05
1881,1.0,0.0009384028962813318,9.999999747378752e-05
1882,1.0,0.0023083973210304976,9.999999747378752e-05
1883,1.0,0.0011576530523598194,9.999999747378752e-05
1884,1.0,0.0010211467742919922,9.999999747378752e-05
1885,1.0,0.0009642572840675712,9.999999747378752e-05
1886,1.0,0.0009535253047943115,9.999999747378752e-05
1887,1.0,0.0011730568949133158,9.999999747378752e-05
1888,1.0,0.0009308474254794419,9.999999747378752e-05
1889,1.0,0.0008602520683780313,9.999999747378752e-05
1890,1.0,0.0015118623850867152,9.999999747378752e-05
1891,1.0,0.000857741164509207,9.999999747378752e-05
1892,1.0,0.0013624674174934626,9.999999747378752e-05
1893,1.0,0.0010730448411777616,9.999999747378752e-05
1894,1.0,0.0009496895363554358,9.999999747378752e-05
1895,1.0,0.0016647871816530824,9.999999747378752e-05
1896,1.0,0.0010782807366922498,9.999999747378752e-05
1897,1.0,0.0010038341861218214,9.999999747378752e-05
1898,1.0,0.0015235258033499122,9.999999747378752e-05
1899,1.0,0.0009515375713817775,9.999999747378752e-05
1900,1.0,0.0014179607387632132,9.999999747378752e-05
1901,1.0,0.000866045942530036,9.999999747378752e-05
1902,1.0,0.0008602134766988456,9.999999747378752e-05
1903,1.0,0.0016590129816904664,9.999999747378752e-05
1904,1.0,0.0014263782650232315,9.999999747378752e-05
1905,1.0,0.0014769466361030936,9.999999747378752e-05
1906,1.0,0.001422661473043263,9.999999747378752e-05
1907,1.0,0.0009969159727916121,9.999999747378752e-05
1908,1.0,0.0014884895645081997,9.999999747378752e-05
1909,1.0,0.0011709160171449184,9.999999747378752e-05
1910,1.0,0.0018872375367209315,9.999999747378752e-05
1911,1.0,0.0017107471358031034,9.999999747378752e-05
1912,1.0,0.0009779003448784351,9.999999747378752e-05
1913,1.0,0.0008785781683400273,9.999999747378752e-05
1914,1.0,0.0012019819114357233,9.999999747378752e-05
1915,1.0,0.0019424742786213756,9.999999747378752e-05
1916,1.0,0.0009373113862238824,9.999999747378752e-05
1917,1.0,0.0016354219987988472,9.999999747378752e-05
1918,1.0,0.0010133914183825254,9.999999747378752e-05
1919,1.0,0.002155394060537219,9.999999747378752e-05
1920,1.0,0.001765762222930789,9.999999747378752e-05
1921,1.0,0.0018113396363332868,9.999999747378752e-05
1922,1.0,0.002119585871696472,9.999999747378752e-05
1923,0.9962546825408936,0.005986831616610289,9.999999747378752e-05
1924,0.9925093650817871,0.012236963957548141,9.999999747378752e-05
1925,1.0,0.007834340445697308,9.999999747378752e-05
1926,1.0,0.0021929636131972075,9.999999747378752e-05
1927,1.0,0.0018007028847932816,9.999999747378752e-05
1928,1.0,0.001500439364463091,9.999999747378752e-05
1929,1.0,0.0018186551751568913,9.999999747378752e-05
1930,1.0,0.0021690428256988525,9.999999747378752e-05
1931,1.0,0.001737274695187807,9.999999747378752e-05
1932,1.0,0.0014991862699389458,9.999999747378752e-05
1933,1.0,0.0013865004293620586,9.999999747378752e-05
1934,1.0,0.004255257081240416,9.999999747378752e-05
1935,1.0,0.003969769924879074,9.999999747378752e-05
1936,1.0,0.0026540171820670366,9.999999747378752e-05
1937,1.0,0.0015109495725482702,9.999999747378752e-05
1938,1.0,0.0016700731357559562,9.999999747378752e-05
1939,1.0,0.0009552145493216813,9.999999747378752e-05
1940,1.0,0.0011594939278438687,9.999999747378752e-05
1941,1.0,0.001474667340517044,9.999999747378752e-05
1942,1.0,0.004560934845358133,9.999999747378752e-05
1943,1.0,0.003282174002379179,9.999999747378752e-05
1944,1.0,0.0013101216172799468,9.999999747378752e-05
1945,1.0,0.001187737099826336,9.999999747378752e-05
1946,1.0,0.0014109554467722774,9.999999747378752e-05
1947,1.0,0.001552339643239975,9.999999747378752e-05
1948,1.0,0.0013087543193250895,9.999999747378752e-05
1949,1.0,0.0015166349476203322,9.999999747378752e-05
1950,1.0,0.0010620312532410026,9.999999747378752e-05
1951,1.0,0.0010179273085668683,9.999999747378752e-05
1952,1.0,0.0009514949633739889,9.999999747378752e-05
1953,1.0,0.001386535121127963,9.999999747378752e-05
1954,1.0,0.0011935500660911202,9.999999747378752e-05
1955,1.0,0.0011280126636847854,9.999999747378752e-05
1956,1.0,0.0011967470636591315,9.999999747378752e-05
1957,1.0,0.0010715576354414225,9.999999747378752e-05
1958,1.0,0.001034264569170773,9.999999747378752e-05
1959,1.0,0.001149103743955493,9.999999747378752e-05
1960,1.0,0.001225232263095677,9.999999747378752e-05
1961,1.0,0.0018389555625617504,9.999999747378752e-05
1962,1.0,0.0009008217602968216,9.999999747378752e-05
1963,1.0,0.0007730498909950256,9.999999747378752e-05
1964,1.0,0.0012252276064828038,9.999999747378752e-05
1965,1.0,0.0008881585672497749,9.999999747378752e-05
1966,1.0,0.0007901043281890452,9.999999747378752e-05
1967,1.0,0.0015748157165944576,9.999999747378752e-05
1968,1.0,0.0012063045287504792,9.999999747378752e-05
1969,1.0,0.000909461232367903,9.999999747378752e-05
1970,1.0,0.0009483793401159346,9.999999747378752e-05
1971,1.0,0.0006858444539830089,9.999999747378752e-05
1972,1.0,0.0008614571997895837,9.999999747378752e-05
1973,1.0,0.0011301218764856458,9.999999747378752e-05
1974,1.0,0.0008760840864852071,9.999999747378752e-05
1975,1.0,0.00089610944269225,9.999999747378752e-05
1976,1.0,0.0008088184404186904,9.999999747378752e-05
1977,1.0,0.0008227251237258315,9.999999747378752e-05
1978,1.0,0.0007932943990454078,9.999999747378752e-05
1979,1.0,0.0010335168335586786,9.999999747378752e-05
1980,1.0,0.0007826148066669703,9.999999747378752e-05
1981,1.0,0.0014279859606176615,9.999999747378752e-05
1982,1.0,0.0013777121203020215,9.999999747378752e-05
1983,1.0,0.0017337239114567637,9.999999747378752e-05
1984,1.0,0.0017502211267128587,9.999999747378752e-05
1985,1.0,0.001831456320360303,9.999999747378752e-05
1986,1.0,0.0026880360674113035,9.999999747378752e-05
1987,1.0,0.003648478537797928,9.999999747378752e-05
1988,1.0,0.0016270861960947514,9.999999747378752e-05
1989,1.0,0.0017031760653480887,9.999999747378752e-05
1990,1.0,0.0012076030252501369,9.999999747378752e-05
1991,1.0,0.0007549014408141375,9.999999747378752e-05
1992,1.0,0.0013936045579612255,9.999999747378752e-05
1993,1.0,0.0010303400922566652,9.999999747378752e-05
1994,1.0,0.001152958837337792,9.999999747378752e-05
1995,1.0,0.001085750525817275,9.999999747378752e-05
1996,1.0,0.001206734450533986,9.999999747378752e-05
1997,1.0,0.0008540810085833073,9.999999747378752e-05
1998,1.0,0.0012581499759107828,9.999999747378752e-05
1999,1.0,0.000823508424218744,9.999999747378752e-05
