,categorical_accuracy,loss,learning_rate
0,0.800000011920929,0.6166260242462158,0.0010000000474974513
1,0.699999988079071,0.5613785982131958,0.0010000000474974513
2,0.75,0.5407911539077759,0.0010000000474974513
3,0.800000011920929,0.39234986901283264,0.0010000000474974513
4,0.550000011920929,0.7443842887878418,0.0010000000474974513
5,0.699999988079071,0.5096144676208496,0.0010000000474974513
6,0.8999999761581421,0.4354521632194519,0.0010000000474974513
7,0.800000011920929,0.548751711845398,0.0010000000474974513
8,0.550000011920929,0.6582452058792114,0.0010000000474974513
9,0.6000000238418579,0.5869680047035217,0.0010000000474974513
10,0.8999999761581421,0.38900226354599,0.0010000000474974513
11,0.8500000238418579,0.3937493860721588,0.0010000000474974513
12,0.75,0.4862285256385803,0.0010000000474974513
13,0.949999988079071,0.3013370931148529,0.0010000000474974513
14,0.8500000238418579,0.5615588426589966,0.0010000000474974513
15,0.75,0.44967713952064514,0.0010000000474974513
16,0.699999988079071,0.5288854837417603,0.0010000000474974513
17,0.6000000238418579,0.6759401559829712,0.0010000000474974513
18,0.8999999761581421,0.4684271216392517,0.0010000000474974513
19,0.800000011920929,0.4463806748390198,0.0010000000474974513
20,0.75,0.518531322479248,0.0010000000474974513
21,0.8500000238418579,0.41587576270103455,0.0010000000474974513
22,0.699999988079071,0.4778282642364502,0.0010000000474974513
23,0.75,0.47766757011413574,0.0010000000474974513
24,0.800000011920929,0.4675593972206116,0.0010000000474974513
25,0.800000011920929,0.4064096510410309,0.0010000000474974513
26,0.8500000238418579,0.3553772568702698,0.0010000000474974513
27,0.75,0.47328296303749084,0.0010000000474974513
28,0.75,0.4880761206150055,0.0010000000474974513
29,0.8500000238418579,0.3153587579727173,0.0010000000474974513
30,0.75,0.3546878695487976,0.0010000000474974513
31,0.75,0.4606896936893463,0.0010000000474974513
32,0.800000011920929,0.38802018761634827,0.0010000000474974513
33,0.8500000238418579,0.37398403882980347,0.0010000000474974513
34,0.8500000238418579,0.3940713107585907,0.0010000000474974513
35,0.8999999761581421,0.3564010262489319,0.0010000000474974513
36,0.949999988079071,0.36222535371780396,0.0010000000474974513
37,0.699999988079071,0.45107460021972656,0.0010000000474974513
38,0.800000011920929,0.522797703742981,0.0010000000474974513
39,0.8999999761581421,0.3027994632720947,0.0010000000474974513
40,0.800000011920929,0.3686293065547943,0.0010000000474974513
41,0.800000011920929,0.4334449768066406,0.0010000000474974513
42,0.6499999761581421,0.5592242479324341,0.0010000000474974513
43,0.8500000238418579,0.39407041668891907,0.0010000000474974513
44,0.75,0.5035303831100464,0.0010000000474974513
45,0.75,0.5317503213882446,0.0010000000474974513
46,0.949999988079071,0.3016090989112854,0.0010000000474974513
47,0.8500000238418579,0.43638768792152405,0.0010000000474974513
48,0.8500000238418579,0.355219304561615,0.0010000000474974513
49,0.8500000238418579,0.4533255696296692,0.0010000000474974513
50,0.8500000238418579,0.3879557251930237,0.0010000000474974513
51,0.75,0.4233478605747223,0.0010000000474974513
52,0.8500000238418579,0.44048523902893066,0.0010000000474974513
53,0.8500000238418579,0.3976256549358368,0.0010000000474974513
54,1.0,0.25402864813804626,0.0010000000474974513
55,0.8999999761581421,0.23212747275829315,0.0010000000474974513
56,0.800000011920929,0.42619943618774414,0.0010000000474974513
57,0.8500000238418579,0.4043775498867035,0.0010000000474974513
58,0.800000011920929,0.3636798858642578,0.0010000000474974513
59,0.800000011920929,0.3654305338859558,0.0010000000474974513
60,0.75,0.426984965801239,0.0010000000474974513
61,0.8500000238418579,0.3667336106300354,0.0010000000474974513
62,0.699999988079071,0.43840479850769043,0.0010000000474974513
63,0.8999999761581421,0.34920942783355713,0.0010000000474974513
64,0.800000011920929,0.5094135999679565,0.0010000000474974513
65,1.0,0.26447516679763794,0.0010000000474974513
66,0.699999988079071,0.4497101306915283,0.0010000000474974513
67,0.8999999761581421,0.3380141854286194,0.0010000000474974513
68,0.800000011920929,0.44070664048194885,0.0010000000474974513
69,0.699999988079071,0.43970951437950134,0.0010000000474974513
70,0.800000011920929,0.4167746603488922,0.0010000000474974513
71,0.8500000238418579,0.39063191413879395,0.0010000000474974513
72,0.949999988079071,0.25779205560684204,0.0010000000474974513
73,0.800000011920929,0.42185479402542114,0.0010000000474974513
74,0.8500000238418579,0.3070080578327179,0.0010000000474974513
75,0.8999999761581421,0.3084673285484314,0.0010000000474974513
76,0.8500000238418579,0.41838058829307556,0.0010000000474974513
77,0.6000000238418579,0.5671186447143555,0.0010000000474974513
78,0.949999988079071,0.3037693500518799,0.0010000000474974513
79,0.949999988079071,0.31512537598609924,0.0010000000474974513
80,1.0,0.28400978446006775,0.0010000000474974513
81,0.8999999761581421,0.2777664363384247,0.0010000000474974513
82,0.8999999761581421,0.3193562626838684,0.0010000000474974513
83,0.800000011920929,0.40104159712791443,0.0010000000474974513
84,0.75,0.4184993803501129,0.0010000000474974513
85,0.8999999761581421,0.2242393046617508,0.0010000000474974513
86,0.8500000238418579,0.29637330770492554,0.0010000000474974513
87,0.8999999761581421,0.30001384019851685,0.0010000000474974513
88,0.8999999761581421,0.29838934540748596,0.0010000000474974513
89,0.75,0.45158132910728455,0.0010000000474974513
90,0.8500000238418579,0.39652615785598755,0.0010000000474974513
91,0.8500000238418579,0.35960477590560913,0.0010000000474974513
92,0.949999988079071,0.29253339767456055,0.0010000000474974513
93,0.800000011920929,0.2941274642944336,0.0010000000474974513
94,0.8999999761581421,0.33291706442832947,0.0010000000474974513
95,0.8999999761581421,0.3187498152256012,0.0010000000474974513
96,0.800000011920929,0.2990281581878662,0.0010000000474974513
97,0.800000011920929,0.4046107232570648,0.0010000000474974513
98,0.8999999761581421,0.2927069067955017,0.0010000000474974513
99,0.800000011920929,0.36715227365493774,0.0010000000474974513
100,0.800000011920929,0.4009445309638977,0.0010000000474974513
101,0.949999988079071,0.2694076597690582,0.0010000000474974513
102,0.949999988079071,0.25465506315231323,0.0010000000474974513
103,0.8500000238418579,0.30902397632598877,0.0010000000474974513
104,0.8999999761581421,0.2750229239463806,0.0010000000474974513
105,0.949999988079071,0.24729695916175842,0.0010000000474974513
106,0.949999988079071,0.21946421265602112,0.0010000000474974513
107,0.949999988079071,0.20778422057628632,0.0010000000474974513
108,0.949999988079071,0.17355237901210785,0.0010000000474974513
109,0.949999988079071,0.1687496304512024,0.0010000000474974513
110,0.8999999761581421,0.3069658875465393,0.0010000000474974513
111,0.8500000238418579,0.33250007033348083,0.0010000000474974513
112,0.949999988079071,0.1982433795928955,0.0010000000474974513
113,0.8500000238418579,0.26023218035697937,0.0010000000474974513
114,0.75,0.35673946142196655,0.0010000000474974513
115,0.8999999761581421,0.3573567271232605,0.0010000000474974513
116,0.800000011920929,0.3590439260005951,0.0010000000474974513
117,0.949999988079071,0.32236137986183167,0.0010000000474974513
118,0.949999988079071,0.23537921905517578,0.0010000000474974513
119,0.800000011920929,0.3361824154853821,0.0010000000474974513
120,0.8999999761581421,0.24847909808158875,0.0010000000474974513
121,0.800000011920929,0.3034791946411133,0.0010000000474974513
122,0.949999988079071,0.26266634464263916,0.0010000000474974513
123,0.8500000238418579,0.21527905762195587,0.0010000000474974513
124,0.800000011920929,0.3874269127845764,0.0010000000474974513
125,0.8999999761581421,0.2581707537174225,0.0010000000474974513
126,0.800000011920929,0.3473385274410248,0.0010000000474974513
127,0.8999999761581421,0.17219731211662292,0.0010000000474974513
128,0.8500000238418579,0.23311562836170197,0.0010000000474974513
129,0.949999988079071,0.2622573971748352,0.0010000000474974513
130,0.8500000238418579,0.37592169642448425,0.0010000000474974513
131,0.8999999761581421,0.269672691822052,0.0010000000474974513
132,0.949999988079071,0.23081505298614502,0.0010000000474974513
133,0.8999999761581421,0.1459496170282364,0.0010000000474974513
134,0.8500000238418579,0.34407922625541687,0.0010000000474974513
135,0.8999999761581421,0.3111500144004822,0.0010000000474974513
136,0.8500000238418579,0.29787537455558777,0.0010000000474974513
137,0.8999999761581421,0.23343133926391602,0.0010000000474974513
138,0.949999988079071,0.15311619639396667,0.0010000000474974513
139,0.8500000238418579,0.30436551570892334,0.0010000000474974513
140,0.8999999761581421,0.3170708417892456,0.0010000000474974513
141,0.8500000238418579,0.2656906843185425,0.0010000000474974513
142,0.949999988079071,0.22423763573169708,0.0010000000474974513
143,0.949999988079071,0.25522056221961975,0.0010000000474974513
144,0.800000011920929,0.45918717980384827,0.0010000000474974513
145,0.8500000238418579,0.3398377597332001,0.0010000000474974513
146,0.949999988079071,0.25168922543525696,0.0010000000474974513
147,0.949999988079071,0.21289043128490448,0.0010000000474974513
148,0.949999988079071,0.1810440719127655,0.0010000000474974513
149,0.8500000238418579,0.29580339789390564,0.0010000000474974513
150,0.949999988079071,0.23613715171813965,0.0010000000474974513
151,0.949999988079071,0.2538122832775116,0.0010000000474974513
152,0.949999988079071,0.24869835376739502,0.0010000000474974513
153,0.949999988079071,0.1860952079296112,0.0010000000474974513
154,1.0,0.1568208634853363,0.0010000000474974513
155,0.8999999761581421,0.21155492961406708,0.0010000000474974513
156,1.0,0.19723299145698547,0.0010000000474974513
157,1.0,0.19014516472816467,0.0010000000474974513
158,0.949999988079071,0.21377365291118622,0.0010000000474974513
159,0.8999999761581421,0.22065779566764832,0.0010000000474974513
160,0.949999988079071,0.20854918658733368,0.0010000000474974513
161,1.0,0.1441839337348938,0.0010000000474974513
162,0.949999988079071,0.2393437922000885,0.0010000000474974513
163,0.8500000238418579,0.25522345304489136,0.0010000000474974513
164,0.949999988079071,0.16389882564544678,0.0010000000474974513
165,1.0,0.12075239419937134,0.0010000000474974513
166,0.949999988079071,0.20950385928153992,0.0010000000474974513
167,0.8999999761581421,0.2784274220466614,0.0010000000474974513
168,0.8500000238418579,0.30436259508132935,0.0010000000474974513
169,0.949999988079071,0.21484343707561493,0.0010000000474974513
170,0.949999988079071,0.14159467816352844,0.0010000000474974513
171,0.949999988079071,0.21077212691307068,0.0010000000474974513
172,0.949999988079071,0.24080786108970642,0.0010000000474974513
173,0.8500000238418579,0.2585693895816803,0.0010000000474974513
174,1.0,0.13557907938957214,0.0010000000474974513
175,0.8999999761581421,0.20741590857505798,0.0010000000474974513
176,0.949999988079071,0.1622087061405182,0.0010000000474974513
177,0.8999999761581421,0.25851210951805115,0.0010000000474974513
178,0.8500000238418579,0.31908825039863586,0.0010000000474974513
179,0.949999988079071,0.22827422618865967,0.0010000000474974513
180,0.800000011920929,0.316598504781723,0.0010000000474974513
181,0.8500000238418579,0.34103909134864807,0.0010000000474974513
182,0.8999999761581421,0.2250402271747589,0.0010000000474974513
183,0.949999988079071,0.19266566634178162,0.0010000000474974513
184,1.0,0.19088387489318848,0.0010000000474974513
185,0.949999988079071,0.21388182044029236,0.0010000000474974513
186,1.0,0.12823660671710968,0.0010000000474974513
187,0.949999988079071,0.2528647482395172,0.0010000000474974513
188,1.0,0.1435585618019104,0.0010000000474974513
189,0.8999999761581421,0.2604559361934662,0.0010000000474974513
190,1.0,0.11789806932210922,0.0010000000474974513
191,0.8999999761581421,0.266666978597641,0.0010000000474974513
192,1.0,0.1456175595521927,0.0010000000474974513
193,0.8999999761581421,0.20219600200653076,0.0010000000474974513
194,0.8999999761581421,0.19637534022331238,0.0010000000474974513
195,1.0,0.13424161076545715,0.0010000000474974513
196,0.8999999761581421,0.2276397943496704,0.0010000000474974513
197,0.8999999761581421,0.22877243161201477,0.0010000000474974513
198,0.949999988079071,0.16494272649288177,0.0010000000474974513
199,1.0,0.14253629744052887,0.0010000000474974513
200,0.949999988079071,0.15883424878120422,0.0010000000474974513
201,0.800000011920929,0.2850939631462097,0.0010000000474974513
202,0.8500000238418579,0.3028329908847809,0.0010000000474974513
203,1.0,0.13893593847751617,0.0010000000474974513
204,0.8500000238418579,0.2615639865398407,0.0010000000474974513
205,0.8999999761581421,0.24472284317016602,0.0010000000474974513
206,0.949999988079071,0.14177769422531128,0.0010000000474974513
207,0.8999999761581421,0.24911527335643768,0.0010000000474974513
208,0.949999988079071,0.16224098205566406,0.0010000000474974513
209,0.75,0.3578396737575531,0.0010000000474974513
210,0.949999988079071,0.19606661796569824,0.0010000000474974513
211,1.0,0.13878357410430908,0.0010000000474974513
212,1.0,0.09274150431156158,0.0010000000474974513
213,0.949999988079071,0.11516308784484863,0.0010000000474974513
214,1.0,0.19216522574424744,0.0010000000474974513
215,1.0,0.12381581217050552,0.0010000000474974513
216,1.0,0.18567076325416565,0.0010000000474974513
217,1.0,0.1257036179304123,0.0010000000474974513
218,1.0,0.14682547748088837,0.0010000000474974513
219,0.8999999761581421,0.24636611342430115,0.0010000000474974513
220,1.0,0.19326844811439514,0.0010000000474974513
221,0.949999988079071,0.18551668524742126,0.0010000000474974513
222,1.0,0.19278736412525177,0.0010000000474974513
223,1.0,0.14941361546516418,0.0010000000474974513
224,0.8999999761581421,0.16543808579444885,0.0010000000474974513
225,0.949999988079071,0.21969430148601532,0.0010000000474974513
226,0.8500000238418579,0.2146105021238327,0.0010000000474974513
227,1.0,0.12698394060134888,0.0010000000474974513
228,0.949999988079071,0.14107021689414978,0.0010000000474974513
229,1.0,0.10448803007602692,0.0010000000474974513
230,0.949999988079071,0.14543960988521576,0.0010000000474974513
231,0.949999988079071,0.14379486441612244,0.0010000000474974513
232,0.8500000238418579,0.24942290782928467,0.0010000000474974513
233,0.8500000238418579,0.20761875808238983,0.0010000000474974513
234,1.0,0.18473675847053528,0.0010000000474974513
235,0.949999988079071,0.12486030161380768,0.0010000000474974513
236,1.0,0.08842245489358902,0.0010000000474974513
237,1.0,0.10612963140010834,0.0010000000474974513
238,1.0,0.07621495425701141,0.0010000000474974513
239,1.0,0.09862570464611053,0.0010000000474974513
240,1.0,0.10353069007396698,0.0010000000474974513
241,0.8999999761581421,0.1902036815881729,0.0010000000474974513
242,0.949999988079071,0.14963331818580627,0.0010000000474974513
243,0.949999988079071,0.1667192280292511,0.0010000000474974513
244,0.949999988079071,0.09958632290363312,0.0010000000474974513
245,1.0,0.11015186458826065,0.0010000000474974513
246,0.949999988079071,0.1043461412191391,0.0010000000474974513
247,0.949999988079071,0.13011161983013153,0.0010000000474974513
248,1.0,0.07307831943035126,0.0010000000474974513
249,1.0,0.09274083375930786,0.0010000000474974513
250,1.0,0.08498378098011017,0.0010000000474974513
251,1.0,0.05876095965504646,0.0010000000474974513
252,0.949999988079071,0.15899702906608582,0.0010000000474974513
253,1.0,0.09034480154514313,0.0010000000474974513
254,1.0,0.12712159752845764,0.0010000000474974513
255,0.8999999761581421,0.17202015221118927,0.0010000000474974513
256,0.949999988079071,0.18197549879550934,0.0010000000474974513
257,1.0,0.11505226790904999,0.0010000000474974513
258,0.949999988079071,0.1507442742586136,0.0010000000474974513
259,1.0,0.15634247660636902,0.0010000000474974513
260,1.0,0.07579599320888519,0.0010000000474974513
261,0.949999988079071,0.12505383789539337,0.0010000000474974513
262,0.949999988079071,0.1359407901763916,0.0010000000474974513
263,0.949999988079071,0.13960950076580048,0.0010000000474974513
264,1.0,0.1665317416191101,0.0010000000474974513
265,1.0,0.07662593573331833,0.0010000000474974513
266,1.0,0.06832807511091232,0.0010000000474974513
267,1.0,0.06476062536239624,0.0010000000474974513
268,1.0,0.040539514273405075,0.0010000000474974513
269,1.0,0.050945378839969635,0.0010000000474974513
270,1.0,0.034845881164073944,0.0010000000474974513
271,0.949999988079071,0.13044770061969757,0.0010000000474974513
272,0.8999999761581421,0.24795672297477722,0.0010000000474974513
273,0.949999988079071,0.24552980065345764,0.0010000000474974513
274,0.949999988079071,0.1782110035419464,0.0010000000474974513
275,1.0,0.0828823521733284,0.0010000000474974513
276,1.0,0.0902499333024025,0.0010000000474974513
277,0.949999988079071,0.15717317163944244,0.0010000000474974513
278,0.949999988079071,0.11469775438308716,0.0010000000474974513
279,1.0,0.07493872195482254,0.0010000000474974513
280,1.0,0.06817147880792618,0.0010000000474974513
281,1.0,0.07846762984991074,0.0010000000474974513
282,1.0,0.11523811519145966,0.0010000000474974513
283,1.0,0.09070594608783722,0.0010000000474974513
284,1.0,0.08047016710042953,0.0010000000474974513
285,1.0,0.08471975475549698,0.0010000000474974513
286,1.0,0.06315428763628006,0.0010000000474974513
287,0.949999988079071,0.15841883420944214,0.0010000000474974513
288,0.8999999761581421,0.24975481629371643,0.0010000000474974513
289,1.0,0.15079793334007263,0.0010000000474974513
290,0.8500000238418579,0.24682696163654327,0.0010000000474974513
291,0.949999988079071,0.09354741871356964,0.0010000000474974513
292,0.8500000238418579,0.24417659640312195,0.0010000000474974513
293,0.949999988079071,0.14280965924263,0.0010000000474974513
294,1.0,0.11471743881702423,0.0010000000474974513
295,1.0,0.10742752254009247,0.0010000000474974513
296,1.0,0.08732172101736069,0.0010000000474974513
297,1.0,0.07155169546604156,0.0010000000474974513
298,0.949999988079071,0.13127242028713226,0.0010000000474974513
299,1.0,0.0696934163570404,0.0010000000474974513
300,1.0,0.09080799669027328,0.0010000000474974513
301,1.0,0.04802582412958145,0.0010000000474974513
302,1.0,0.04494030028581619,0.0010000000474974513
303,1.0,0.08666733652353287,0.0010000000474974513
304,1.0,0.0820702388882637,0.0010000000474974513
305,1.0,0.0649171844124794,0.0010000000474974513
306,0.949999988079071,0.1061026006937027,0.0010000000474974513
307,0.8999999761581421,0.20416370034217834,0.0010000000474974513
308,1.0,0.10551784187555313,0.0010000000474974513
309,0.949999988079071,0.09568518400192261,0.0010000000474974513
310,0.949999988079071,0.12797561287879944,0.0010000000474974513
311,0.949999988079071,0.09573441743850708,0.0010000000474974513
312,0.949999988079071,0.12726350128650665,0.0010000000474974513
313,0.8999999761581421,0.18193796277046204,0.0010000000474974513
314,1.0,0.09343791007995605,0.0010000000474974513
315,0.8999999761581421,0.13497169315814972,0.0010000000474974513
316,1.0,0.06722970306873322,0.0010000000474974513
317,1.0,0.0705951601266861,0.0010000000474974513
318,1.0,0.1058984249830246,0.0010000000474974513
319,1.0,0.0500626340508461,0.0010000000474974513
320,1.0,0.05380476266145706,0.0010000000474974513
321,1.0,0.060520756989717484,0.0005000000237487257
322,1.0,0.02945871651172638,0.0005000000237487257
323,1.0,0.03244711831212044,0.0005000000237487257
324,1.0,0.07795076817274094,0.0005000000237487257
325,1.0,0.036283232271671295,0.0005000000237487257
326,1.0,0.06854884326457977,0.0005000000237487257
327,1.0,0.015937021002173424,0.0005000000237487257
328,1.0,0.03655565530061722,0.0005000000237487257
329,1.0,0.021855058148503304,0.0005000000237487257
330,1.0,0.04521365836262703,0.0005000000237487257
331,1.0,0.03293659910559654,0.0005000000237487257
332,1.0,0.04048655182123184,0.0005000000237487257
333,1.0,0.05655412748456001,0.0005000000237487257
334,1.0,0.061458609998226166,0.0005000000237487257
335,0.949999988079071,0.06861092150211334,0.0005000000237487257
336,1.0,0.058116473257541656,0.0005000000237487257
337,1.0,0.03826204687356949,0.0005000000237487257
338,1.0,0.052608978003263474,0.0005000000237487257
339,1.0,0.02667323313653469,0.0005000000237487257
340,1.0,0.03312409669160843,0.0005000000237487257
341,1.0,0.06696812808513641,0.0005000000237487257
342,1.0,0.030183162540197372,0.0005000000237487257
343,0.949999988079071,0.1085665225982666,0.0005000000237487257
344,1.0,0.08168868720531464,0.0005000000237487257
345,1.0,0.03703050687909126,0.0005000000237487257
346,1.0,0.051834024488925934,0.0005000000237487257
347,1.0,0.03908701613545418,0.0005000000237487257
348,1.0,0.0436021164059639,0.0005000000237487257
349,1.0,0.036167584359645844,0.0005000000237487257
350,1.0,0.027279997244477272,0.0005000000237487257
351,1.0,0.031151363626122475,0.0005000000237487257
352,1.0,0.026549745351076126,0.0005000000237487257
353,1.0,0.024677112698554993,0.0005000000237487257
354,1.0,0.025144323706626892,0.0005000000237487257
355,1.0,0.021192515268921852,0.0005000000237487257
356,1.0,0.03540854901075363,0.0005000000237487257
357,1.0,0.0264679454267025,0.0005000000237487257
358,1.0,0.015812207013368607,0.0005000000237487257
359,1.0,0.05303306505084038,0.0005000000237487257
360,1.0,0.05328184366226196,0.0005000000237487257
361,0.949999988079071,0.08875636011362076,0.0005000000237487257
362,1.0,0.03905627876520157,0.0005000000237487257
363,1.0,0.03893013671040535,0.0005000000237487257
364,1.0,0.044620122760534286,0.0005000000237487257
365,1.0,0.02617574669420719,0.0005000000237487257
366,1.0,0.024950861930847168,0.0005000000237487257
367,1.0,0.030298301950097084,0.0005000000237487257
368,1.0,0.03240339457988739,0.0005000000237487257
369,1.0,0.027168219909071922,0.0005000000237487257
370,1.0,0.028199294582009315,0.0005000000237487257
371,1.0,0.01979449763894081,0.0005000000237487257
372,1.0,0.09197504073381424,0.0005000000237487257
373,1.0,0.04741011932492256,0.0005000000237487257
374,1.0,0.032367903739213943,0.0005000000237487257
375,1.0,0.04999258369207382,0.0005000000237487257
376,1.0,0.03019343689084053,0.0005000000237487257
377,1.0,0.036705709993839264,0.0005000000237487257
378,1.0,0.0670764148235321,0.0005000000237487257
379,1.0,0.05495264008641243,0.0005000000237487257
380,1.0,0.027364710345864296,0.0005000000237487257
381,1.0,0.027577191591262817,0.0005000000237487257
382,1.0,0.02675832249224186,0.0005000000237487257
383,1.0,0.03935040906071663,0.0005000000237487257
384,1.0,0.019517987966537476,0.0005000000237487257
385,1.0,0.007865692488849163,0.0005000000237487257
386,1.0,0.010645665228366852,0.0005000000237487257
387,1.0,0.029725095257163048,0.0005000000237487257
388,1.0,0.01338015217334032,0.0005000000237487257
389,1.0,0.02458185888826847,0.0005000000237487257
390,1.0,0.03737466037273407,0.0005000000237487257
391,1.0,0.03295918554067612,0.0005000000237487257
392,1.0,0.05500730872154236,0.0005000000237487257
393,0.949999988079071,0.0890314131975174,0.0005000000237487257
394,1.0,0.03321148082613945,0.0005000000237487257
395,1.0,0.022886892780661583,0.0005000000237487257
396,1.0,0.03576620668172836,0.0005000000237487257
397,1.0,0.028166422620415688,0.0005000000237487257
398,1.0,0.023561671376228333,0.0005000000237487257
399,1.0,0.010316543281078339,0.0005000000237487257
400,1.0,0.044906266033649445,0.0005000000237487257
401,1.0,0.04158180207014084,0.0005000000237487257
402,1.0,0.028132224455475807,0.0005000000237487257
403,1.0,0.021496731787919998,0.0005000000237487257
404,1.0,0.016919109970331192,0.0005000000237487257
405,1.0,0.02575189806520939,0.0005000000237487257
406,1.0,0.016649410128593445,0.0005000000237487257
407,1.0,0.017375918105244637,0.0005000000237487257
408,1.0,0.019239122048020363,0.0005000000237487257
409,1.0,0.022280734032392502,0.0005000000237487257
410,1.0,0.012679962441325188,0.0005000000237487257
411,1.0,0.026295214891433716,0.0005000000237487257
412,1.0,0.020246166735887527,0.0005000000237487257
413,1.0,0.02509433962404728,0.0005000000237487257
414,1.0,0.02750050462782383,0.0005000000237487257
415,1.0,0.041361548006534576,0.0005000000237487257
416,1.0,0.018298381939530373,0.0005000000237487257
417,1.0,0.017769169062376022,0.0005000000237487257
418,1.0,0.03456000238656998,0.0005000000237487257
419,1.0,0.03867374733090401,0.0005000000237487257
420,1.0,0.05604381114244461,0.0005000000237487257
421,1.0,0.03433604910969734,0.0005000000237487257
422,1.0,0.04395021125674248,0.0005000000237487257
423,1.0,0.02586142159998417,0.0005000000237487257
424,1.0,0.020276155322790146,0.0005000000237487257
425,1.0,0.02345571294426918,0.0005000000237487257
426,1.0,0.024642538279294968,0.0005000000237487257
427,1.0,0.06518907845020294,0.0005000000237487257
428,0.949999988079071,0.1193414106965065,0.0005000000237487257
429,1.0,0.0998518317937851,0.0005000000237487257
430,1.0,0.07645512372255325,0.0005000000237487257
431,1.0,0.059388864785432816,0.0005000000237487257
432,1.0,0.033928282558918,0.0005000000237487257
433,1.0,0.030487388372421265,0.0005000000237487257
434,1.0,0.02135276049375534,0.0005000000237487257
435,1.0,0.022284481674432755,0.0005000000237487257
436,1.0,0.018573854118585587,0.0002500000118743628
437,1.0,0.018908720463514328,0.0002500000118743628
438,1.0,0.05523456260561943,0.0002500000118743628
439,1.0,0.04414258152246475,0.0002500000118743628
440,1.0,0.014716734178364277,0.0002500000118743628
441,1.0,0.017324130982160568,0.0002500000118743628
442,1.0,0.02173658087849617,0.0002500000118743628
443,1.0,0.019489096477627754,0.0002500000118743628
444,1.0,0.011831501498818398,0.0002500000118743628
445,1.0,0.0231110081076622,0.0002500000118743628
446,1.0,0.017111336812376976,0.0002500000118743628
447,1.0,0.041689131408929825,0.0002500000118743628
448,1.0,0.023191843181848526,0.0002500000118743628
449,1.0,0.025219615548849106,0.0002500000118743628
450,1.0,0.016705594956874847,0.0002500000118743628
451,1.0,0.018459852784872055,0.0002500000118743628
452,1.0,0.016511220484972,0.0002500000118743628
453,1.0,0.020648151636123657,0.0002500000118743628
454,1.0,0.014507779851555824,0.0002500000118743628
455,1.0,0.009644623845815659,0.0002500000118743628
456,1.0,0.021034006029367447,0.0002500000118743628
457,1.0,0.03127049654722214,0.0002500000118743628
458,1.0,0.014940217137336731,0.0002500000118743628
459,1.0,0.020579196512699127,0.0002500000118743628
460,1.0,0.028264179825782776,0.0002500000118743628
461,1.0,0.014523735269904137,0.0002500000118743628
462,1.0,0.012174362316727638,0.0002500000118743628
463,1.0,0.02032722905278206,0.0002500000118743628
464,1.0,0.012366250157356262,0.0002500000118743628
465,1.0,0.018461931496858597,0.0002500000118743628
466,1.0,0.03936202824115753,0.0002500000118743628
467,1.0,0.022980015724897385,0.0002500000118743628
468,1.0,0.006935237906873226,0.0002500000118743628
469,1.0,0.025236323475837708,0.0002500000118743628
470,1.0,0.03615247458219528,0.0002500000118743628
471,1.0,0.013922056183218956,0.0002500000118743628
472,1.0,0.01549396850168705,0.0002500000118743628
473,1.0,0.02752606011927128,0.0002500000118743628
474,1.0,0.03234533220529556,0.0002500000118743628
475,1.0,0.046682801097631454,0.0002500000118743628
476,1.0,0.011231171898543835,0.0002500000118743628
477,1.0,0.03700347617268562,0.0002500000118743628
478,1.0,0.029313918203115463,0.0002500000118743628
479,1.0,0.02027335949242115,0.0002500000118743628
480,1.0,0.012659120373427868,0.0002500000118743628
481,1.0,0.02221233770251274,0.0002500000118743628
482,1.0,0.02171986922621727,0.0002500000118743628
483,1.0,0.013175653293728828,0.0002500000118743628
484,1.0,0.009298003278672695,0.0002500000118743628
485,1.0,0.020705629140138626,0.0002500000118743628
486,1.0,0.01685931906104088,0.0002500000118743628
487,1.0,0.03291648253798485,0.0002500000118743628
488,1.0,0.018190832808613777,0.0002500000118743628
489,1.0,0.016578618437051773,0.0002500000118743628
490,1.0,0.018239695578813553,0.0002500000118743628
491,1.0,0.01903580129146576,0.0002500000118743628
492,1.0,0.022178223356604576,0.0002500000118743628
493,1.0,0.01730194315314293,0.0002500000118743628
494,1.0,0.014462271705269814,0.0002500000118743628
495,1.0,0.009610502980649471,0.0002500000118743628
496,1.0,0.01500062644481659,0.0002500000118743628
497,1.0,0.02500530704855919,0.0002500000118743628
498,1.0,0.017923478037118912,0.0002500000118743628
499,1.0,0.013887649402022362,0.0002500000118743628
500,1.0,0.013505226001143456,0.0002500000118743628
501,1.0,0.010027306154370308,0.0002500000118743628
502,1.0,0.015990842133760452,0.0002500000118743628
503,1.0,0.013760308735072613,0.0002500000118743628
504,1.0,0.013071986846625805,0.0002500000118743628
505,1.0,0.009567958302795887,0.0002500000118743628
506,1.0,0.010881032794713974,0.0002500000118743628
507,1.0,0.01180268730968237,0.0002500000118743628
508,1.0,0.009715515188872814,0.0002500000118743628
509,1.0,0.008546777069568634,0.0002500000118743628
510,1.0,0.017345499247312546,0.0002500000118743628
511,1.0,0.012561025097966194,0.0002500000118743628
512,1.0,0.012441596947610378,0.0002500000118743628
513,1.0,0.009343938902020454,0.0002500000118743628
514,1.0,0.014082749374210835,0.0002500000118743628
515,1.0,0.012888374738395214,0.0002500000118743628
516,1.0,0.017567671835422516,0.0002500000118743628
517,1.0,0.008763687685132027,0.0002500000118743628
518,1.0,0.011059393174946308,0.0002500000118743628
519,1.0,0.007316160947084427,0.0001250000059371814
520,1.0,0.00911562331020832,0.0001250000059371814
521,1.0,0.01973690092563629,0.0001250000059371814
522,1.0,0.0147829819470644,0.0001250000059371814
523,1.0,0.01030274759978056,0.0001250000059371814
524,1.0,0.010538512840867043,0.0001250000059371814
525,1.0,0.010993373580276966,0.0001250000059371814
526,1.0,0.02220018021762371,0.0001250000059371814
527,1.0,0.009046080522239208,0.0001250000059371814
528,1.0,0.01357799582183361,0.0001250000059371814
529,1.0,0.013855071738362312,0.0001250000059371814
530,1.0,0.009265409782528877,0.0001250000059371814
531,1.0,0.014271494932472706,0.0001250000059371814
532,1.0,0.00963366124778986,0.0001250000059371814
533,1.0,0.014263242483139038,0.0001250000059371814
534,1.0,0.010854782536625862,0.0001250000059371814
535,1.0,0.025083815678954124,0.0001250000059371814
536,1.0,0.016348060220479965,0.0001250000059371814
537,1.0,0.015143913216888905,0.0001250000059371814
538,1.0,0.008431958965957165,0.0001250000059371814
539,1.0,0.016984913498163223,0.0001250000059371814
540,1.0,0.010990236885845661,0.0001250000059371814
541,1.0,0.008526992984116077,0.0001250000059371814
542,1.0,0.007786733563989401,0.0001250000059371814
543,1.0,0.0279216468334198,0.0001250000059371814
544,1.0,0.01090636383742094,0.0001250000059371814
545,1.0,0.01010158471763134,0.0001250000059371814
546,1.0,0.012205911800265312,0.0001250000059371814
547,1.0,0.021740514785051346,0.0001250000059371814
548,1.0,0.02451668307185173,0.0001250000059371814
549,1.0,0.016114389523863792,0.0001250000059371814
550,1.0,0.011680482886731625,0.0001250000059371814
551,1.0,0.008426752872765064,0.0001250000059371814
552,1.0,0.02441776543855667,0.0001250000059371814
553,1.0,0.013958310708403587,0.0001250000059371814
554,1.0,0.007752162404358387,0.0001250000059371814
555,1.0,0.015483875758945942,0.0001250000059371814
556,1.0,0.008700819686055183,0.0001250000059371814
557,1.0,0.015618356876075268,0.0001250000059371814
558,1.0,0.012987981550395489,0.0001250000059371814
559,1.0,0.01044287160038948,0.0001250000059371814
560,1.0,0.016205642372369766,0.0001250000059371814
561,1.0,0.014804285950958729,0.0001250000059371814
562,1.0,0.01906448043882847,0.0001250000059371814
563,1.0,0.014212128706276417,0.0001250000059371814
564,1.0,0.012509825639426708,0.0001250000059371814
565,1.0,0.012869372963905334,0.0001250000059371814
566,1.0,0.014393945224583149,0.0001250000059371814
567,1.0,0.010514735244214535,0.0001250000059371814
568,1.0,0.00971965678036213,0.0001250000059371814
569,1.0,0.009667367674410343,9.999999747378752e-05
570,1.0,0.009740925393998623,9.999999747378752e-05
571,1.0,0.023158233612775803,9.999999747378752e-05
572,1.0,0.01972505822777748,9.999999747378752e-05
573,1.0,0.014608075842261314,9.999999747378752e-05
574,1.0,0.007271124981343746,9.999999747378752e-05
575,1.0,0.013265976682305336,9.999999747378752e-05
576,1.0,0.018967198207974434,9.999999747378752e-05
577,1.0,0.007308974862098694,9.999999747378752e-05
578,1.0,0.007715590298175812,9.999999747378752e-05
579,1.0,0.024631444364786148,9.999999747378752e-05
580,1.0,0.008736570365726948,9.999999747378752e-05
581,1.0,0.008830193430185318,9.999999747378752e-05
582,1.0,0.009963096119463444,9.999999747378752e-05
583,1.0,0.007933391258120537,9.999999747378752e-05
584,1.0,0.008811098523437977,9.999999747378752e-05
585,1.0,0.01982293836772442,9.999999747378752e-05
586,1.0,0.00831376388669014,9.999999747378752e-05
587,1.0,0.008093554526567459,9.999999747378752e-05
588,1.0,0.011802686378359795,9.999999747378752e-05
589,1.0,0.010221320204436779,9.999999747378752e-05
590,1.0,0.010781584307551384,9.999999747378752e-05
591,1.0,0.010203889571130276,9.999999747378752e-05
592,1.0,0.00855969823896885,9.999999747378752e-05
593,1.0,0.010518060065805912,9.999999747378752e-05
594,1.0,0.0240352600812912,9.999999747378752e-05
595,1.0,0.009938136674463749,9.999999747378752e-05
596,1.0,0.009866530075669289,9.999999747378752e-05
597,1.0,0.012314160354435444,9.999999747378752e-05
598,1.0,0.008247259072959423,9.999999747378752e-05
599,1.0,0.013635935261845589,9.999999747378752e-05
600,1.0,0.008325282484292984,9.999999747378752e-05
601,1.0,0.007871991023421288,9.999999747378752e-05
602,1.0,0.008430062793195248,9.999999747378752e-05
603,1.0,0.010302790440618992,9.999999747378752e-05
604,1.0,0.009181920439004898,9.999999747378752e-05
605,1.0,0.011561126448214054,9.999999747378752e-05
606,1.0,0.009020311757922173,9.999999747378752e-05
607,1.0,0.010701918974518776,9.999999747378752e-05
608,1.0,0.0056519294157624245,9.999999747378752e-05
609,1.0,0.008603917434811592,9.999999747378752e-05
610,1.0,0.009961447678506374,9.999999747378752e-05
611,1.0,0.028475547209382057,9.999999747378752e-05
612,1.0,0.009439563378691673,9.999999747378752e-05
613,1.0,0.010086058638989925,9.999999747378752e-05
614,1.0,0.010208413004875183,9.999999747378752e-05
615,1.0,0.009875161573290825,9.999999747378752e-05
616,1.0,0.008790235035121441,9.999999747378752e-05
617,1.0,0.008581720292568207,9.999999747378752e-05
618,1.0,0.0069663808681070805,9.999999747378752e-05
619,1.0,0.011014970019459724,9.999999747378752e-05
620,1.0,0.01803240366280079,9.999999747378752e-05
621,1.0,0.008748998865485191,9.999999747378752e-05
622,1.0,0.01423606462776661,9.999999747378752e-05
623,1.0,0.016102384775877,9.999999747378752e-05
624,1.0,0.007325555197894573,9.999999747378752e-05
625,1.0,0.008945869281888008,9.999999747378752e-05
626,1.0,0.0086538540199399,9.999999747378752e-05
627,1.0,0.007448355667293072,9.999999747378752e-05
628,1.0,0.018155565485358238,9.999999747378752e-05
629,1.0,0.011271565221250057,9.999999747378752e-05
630,1.0,0.028145188465714455,9.999999747378752e-05
631,1.0,0.009853274561464787,9.999999747378752e-05
632,1.0,0.009460093453526497,9.999999747378752e-05
633,1.0,0.009883246384561062,9.999999747378752e-05
634,1.0,0.008235854096710682,9.999999747378752e-05
635,1.0,0.008866040967404842,9.999999747378752e-05
636,1.0,0.01847551390528679,9.999999747378752e-05
637,1.0,0.009721916168928146,9.999999747378752e-05
638,1.0,0.006911212112754583,9.999999747378752e-05
639,1.0,0.006472453474998474,9.999999747378752e-05
640,1.0,0.011326441541314125,9.999999747378752e-05
641,1.0,0.011557688005268574,9.999999747378752e-05
642,1.0,0.008844489231705666,9.999999747378752e-05
643,1.0,0.02092178538441658,9.999999747378752e-05
644,1.0,0.007969783619046211,9.999999747378752e-05
645,1.0,0.007262983825057745,9.999999747378752e-05
646,1.0,0.010421296581625938,9.999999747378752e-05
647,1.0,0.006040925160050392,9.999999747378752e-05
648,1.0,0.008318055421113968,9.999999747378752e-05
649,1.0,0.008950116112828255,9.999999747378752e-05
650,1.0,0.019486811012029648,9.999999747378752e-05
651,1.0,0.01715034805238247,9.999999747378752e-05
652,1.0,0.010636905208230019,9.999999747378752e-05
653,1.0,0.010855651460587978,9.999999747378752e-05
654,1.0,0.007244250737130642,9.999999747378752e-05
655,1.0,0.009046249091625214,9.999999747378752e-05
656,1.0,0.006192720495164394,9.999999747378752e-05
657,1.0,0.008059029467403889,9.999999747378752e-05
658,1.0,0.008997396565973759,9.999999747378752e-05
659,1.0,0.01208559237420559,9.999999747378752e-05
660,1.0,0.006982728838920593,9.999999747378752e-05
661,1.0,0.01141028106212616,9.999999747378752e-05
662,1.0,0.010413108393549919,9.999999747378752e-05
663,1.0,0.011169824749231339,9.999999747378752e-05
664,1.0,0.010074097663164139,9.999999747378752e-05
665,1.0,0.007634873501956463,9.999999747378752e-05
666,1.0,0.009128095582127571,9.999999747378752e-05
667,1.0,0.006885381881147623,9.999999747378752e-05
668,1.0,0.006958724465221167,9.999999747378752e-05
669,1.0,0.009416819550096989,9.999999747378752e-05
670,1.0,0.010575798340141773,9.999999747378752e-05
671,1.0,0.006389901041984558,9.999999747378752e-05
672,1.0,0.0075368732213974,9.999999747378752e-05
673,1.0,0.009719343855977058,9.999999747378752e-05
674,1.0,0.006681562401354313,9.999999747378752e-05
675,1.0,0.016294309869408607,9.999999747378752e-05
676,1.0,0.008357983082532883,9.999999747378752e-05
677,1.0,0.008226822130382061,9.999999747378752e-05
678,1.0,0.008778631687164307,9.999999747378752e-05
679,1.0,0.020724397152662277,9.999999747378752e-05
680,1.0,0.005596626084297895,9.999999747378752e-05
681,1.0,0.009617138653993607,9.999999747378752e-05
682,1.0,0.014021463692188263,9.999999747378752e-05
683,1.0,0.0037047467194497585,9.999999747378752e-05
684,1.0,0.009459126740694046,9.999999747378752e-05
685,1.0,0.006110942456871271,9.999999747378752e-05
686,1.0,0.004403499886393547,9.999999747378752e-05
687,1.0,0.014877659268677235,9.999999747378752e-05
688,1.0,0.008484827354550362,9.999999747378752e-05
689,1.0,0.006456487812101841,9.999999747378752e-05
690,1.0,0.006720021367073059,9.999999747378752e-05
691,1.0,0.009668589569628239,9.999999747378752e-05
692,1.0,0.01360018365085125,9.999999747378752e-05
693,1.0,0.00959928147494793,9.999999747378752e-05
694,1.0,0.005232410039752722,9.999999747378752e-05
695,1.0,0.006166418083012104,9.999999747378752e-05
696,1.0,0.005921101197600365,9.999999747378752e-05
697,1.0,0.007507903967052698,9.999999747378752e-05
698,1.0,0.005983649753034115,9.999999747378752e-05
699,1.0,0.007858259603381157,9.999999747378752e-05
700,1.0,0.007103527896106243,9.999999747378752e-05
701,1.0,0.01124804001301527,9.999999747378752e-05
702,1.0,0.008859636262059212,9.999999747378752e-05
703,1.0,0.00817604549229145,9.999999747378752e-05
704,1.0,0.007699611131101847,9.999999747378752e-05
705,1.0,0.011272046715021133,9.999999747378752e-05
706,1.0,0.008297687396407127,9.999999747378752e-05
707,1.0,0.007547328714281321,9.999999747378752e-05
708,1.0,0.008494094014167786,9.999999747378752e-05
709,1.0,0.006239765323698521,9.999999747378752e-05
710,1.0,0.018523894250392914,9.999999747378752e-05
711,1.0,0.0068511045537889,9.999999747378752e-05
712,1.0,0.009600196033716202,9.999999747378752e-05
713,1.0,0.005705196876078844,9.999999747378752e-05
714,1.0,0.006322093307971954,9.999999747378752e-05
715,1.0,0.008373284712433815,9.999999747378752e-05
716,1.0,0.007983584888279438,9.999999747378752e-05
717,1.0,0.009549093432724476,9.999999747378752e-05
718,1.0,0.007703973911702633,9.999999747378752e-05
719,1.0,0.014374755322933197,9.999999747378752e-05
720,1.0,0.005302467383444309,9.999999747378752e-05
721,1.0,0.006230062805116177,9.999999747378752e-05
722,1.0,0.00789139699190855,9.999999747378752e-05
723,1.0,0.009359631687402725,9.999999747378752e-05
724,1.0,0.009531933814287186,9.999999747378752e-05
725,1.0,0.0069683874025940895,9.999999747378752e-05
726,1.0,0.008007530122995377,9.999999747378752e-05
727,1.0,0.009626634418964386,9.999999747378752e-05
728,1.0,0.009797845967113972,9.999999747378752e-05
729,1.0,0.0063797845505177975,9.999999747378752e-05
730,1.0,0.0075848400592803955,9.999999747378752e-05
731,1.0,0.00862413365393877,9.999999747378752e-05
732,1.0,0.006457033567130566,9.999999747378752e-05
733,1.0,0.009564876556396484,9.999999747378752e-05
734,1.0,0.006705678999423981,9.999999747378752e-05
735,1.0,0.011459928937256336,9.999999747378752e-05
736,1.0,0.008457696065306664,9.999999747378752e-05
737,1.0,0.009307189844548702,9.999999747378752e-05
738,1.0,0.005258297082036734,9.999999747378752e-05
739,1.0,0.005382879637181759,9.999999747378752e-05
740,1.0,0.00482482835650444,9.999999747378752e-05
741,1.0,0.007296842522919178,9.999999747378752e-05
742,1.0,0.01370305847376585,9.999999747378752e-05
743,1.0,0.009079470299184322,9.999999747378752e-05
744,1.0,0.006585830356925726,9.999999747378752e-05
745,1.0,0.005260723177343607,9.999999747378752e-05
746,1.0,0.005426914431154728,9.999999747378752e-05
747,1.0,0.007990540936589241,9.999999747378752e-05
748,1.0,0.005936814472079277,9.999999747378752e-05
749,1.0,0.0037888505030423403,9.999999747378752e-05
750,1.0,0.016094600781798363,9.999999747378752e-05
751,1.0,0.007917886599898338,9.999999747378752e-05
752,1.0,0.010673841461539268,9.999999747378752e-05
753,1.0,0.005449321586638689,9.999999747378752e-05
754,1.0,0.008053718134760857,9.999999747378752e-05
755,1.0,0.005184781271964312,9.999999747378752e-05
756,1.0,0.005804934538900852,9.999999747378752e-05
757,1.0,0.005115739069879055,9.999999747378752e-05
758,1.0,0.007644242141395807,9.999999747378752e-05
759,1.0,0.005318250972777605,9.999999747378752e-05
760,1.0,0.007298850454390049,9.999999747378752e-05
761,1.0,0.029565781354904175,9.999999747378752e-05
762,1.0,0.010041584260761738,9.999999747378752e-05
763,1.0,0.0058016348630189896,9.999999747378752e-05
764,1.0,0.009261428378522396,9.999999747378752e-05
765,1.0,0.006367882248014212,9.999999747378752e-05
766,1.0,0.009977428242564201,9.999999747378752e-05
767,1.0,0.007583999540656805,9.999999747378752e-05
768,1.0,0.0056937444023787975,9.999999747378752e-05
769,1.0,0.00866000447422266,9.999999747378752e-05
770,1.0,0.005116196349263191,9.999999747378752e-05
771,1.0,0.006035047583281994,9.999999747378752e-05
772,1.0,0.011608694680035114,9.999999747378752e-05
773,1.0,0.006943688727915287,9.999999747378752e-05
774,1.0,0.0076668174006044865,9.999999747378752e-05
775,1.0,0.008046676404774189,9.999999747378752e-05
776,1.0,0.007550819311290979,9.999999747378752e-05
777,1.0,0.005588514730334282,9.999999747378752e-05
778,1.0,0.003909741528332233,9.999999747378752e-05
779,1.0,0.005648740567266941,9.999999747378752e-05
780,1.0,0.007612354122102261,9.999999747378752e-05
781,1.0,0.006516666617244482,9.999999747378752e-05
782,1.0,0.00549357058480382,9.999999747378752e-05
783,1.0,0.011477503925561905,9.999999747378752e-05
784,1.0,0.006152067333459854,9.999999747378752e-05
785,1.0,0.008824340999126434,9.999999747378752e-05
786,1.0,0.008789191022515297,9.999999747378752e-05
787,1.0,0.006920944899320602,9.999999747378752e-05
788,1.0,0.007816346362233162,9.999999747378752e-05
789,1.0,0.008660110644996166,9.999999747378752e-05
790,1.0,0.008803498931229115,9.999999747378752e-05
791,1.0,0.0064962683245539665,9.999999747378752e-05
792,1.0,0.016209468245506287,9.999999747378752e-05
793,1.0,0.005254971794784069,9.999999747378752e-05
794,1.0,0.009144486859440804,9.999999747378752e-05
795,1.0,0.01603151485323906,9.999999747378752e-05
796,1.0,0.008492253720760345,9.999999747378752e-05
797,1.0,0.004715862683951855,9.999999747378752e-05
798,1.0,0.00423393165692687,9.999999747378752e-05
799,1.0,0.00627178605645895,9.999999747378752e-05
800,1.0,0.006585869938135147,9.999999747378752e-05
801,1.0,0.008700697682797909,9.999999747378752e-05
802,1.0,0.005132110323756933,9.999999747378752e-05
803,1.0,0.010953834280371666,9.999999747378752e-05
804,1.0,0.0037208539433777332,9.999999747378752e-05
805,1.0,0.005102279130369425,9.999999747378752e-05
806,1.0,0.009279828518629074,9.999999747378752e-05
807,1.0,0.005368382204324007,9.999999747378752e-05
808,1.0,0.014328772202134132,9.999999747378752e-05
809,1.0,0.011334746144711971,9.999999747378752e-05
810,1.0,0.006512895226478577,9.999999747378752e-05
811,1.0,0.007633554749190807,9.999999747378752e-05
812,1.0,0.008448188193142414,9.999999747378752e-05
813,1.0,0.007521498948335648,9.999999747378752e-05
814,1.0,0.006286607123911381,9.999999747378752e-05
815,1.0,0.006832248531281948,9.999999747378752e-05
816,1.0,0.006664604879915714,9.999999747378752e-05
817,1.0,0.008434956893324852,9.999999747378752e-05
818,1.0,0.006161355879157782,9.999999747378752e-05
819,1.0,0.0069365547969937325,9.999999747378752e-05
820,1.0,0.011706668883562088,9.999999747378752e-05
821,1.0,0.004565866198390722,9.999999747378752e-05
822,1.0,0.006916293408721685,9.999999747378752e-05
823,1.0,0.015332363545894623,9.999999747378752e-05
824,1.0,0.005070956889539957,9.999999747378752e-05
825,1.0,0.004849898628890514,9.999999747378752e-05
826,1.0,0.004299205727875233,9.999999747378752e-05
827,1.0,0.0062214224599301815,9.999999747378752e-05
828,1.0,0.004521896596997976,9.999999747378752e-05
829,1.0,0.002874705009162426,9.999999747378752e-05
830,1.0,0.006344384513795376,9.999999747378752e-05
831,1.0,0.006638138554990292,9.999999747378752e-05
832,1.0,0.007002329919487238,9.999999747378752e-05
833,1.0,0.005132365971803665,9.999999747378752e-05
834,1.0,0.005804767832159996,9.999999747378752e-05
835,1.0,0.003882983233779669,9.999999747378752e-05
836,1.0,0.005386228207498789,9.999999747378752e-05
837,1.0,0.0071730478666722775,9.999999747378752e-05
838,1.0,0.006047416944056749,9.999999747378752e-05
839,1.0,0.00973515771329403,9.999999747378752e-05
840,1.0,0.006341086234897375,9.999999747378752e-05
841,1.0,0.0026007951237261295,9.999999747378752e-05
842,1.0,0.004773077555000782,9.999999747378752e-05
843,1.0,0.006184385623782873,9.999999747378752e-05
844,1.0,0.0038242556620389223,9.999999747378752e-05
845,1.0,0.004381607286632061,9.999999747378752e-05
846,1.0,0.004710501991212368,9.999999747378752e-05
847,1.0,0.0033244818914681673,9.999999747378752e-05
848,1.0,0.005733051802963018,9.999999747378752e-05
849,1.0,0.006535476539283991,9.999999747378752e-05
850,1.0,0.006582769099622965,9.999999747378752e-05
851,1.0,0.006711636669933796,9.999999747378752e-05
852,1.0,0.0050943149253726006,9.999999747378752e-05
853,1.0,0.0031534298323094845,9.999999747378752e-05
854,1.0,0.005357511807233095,9.999999747378752e-05
855,1.0,0.005419750697910786,9.999999747378752e-05
856,1.0,0.008258172310888767,9.999999747378752e-05
857,1.0,0.005467376671731472,9.999999747378752e-05
858,1.0,0.004580765496939421,9.999999747378752e-05
859,1.0,0.005473854020237923,9.999999747378752e-05
860,1.0,0.002273962367326021,9.999999747378752e-05
861,1.0,0.01369456946849823,9.999999747378752e-05
862,1.0,0.01284707523882389,9.999999747378752e-05
863,1.0,0.010223351418972015,9.999999747378752e-05
864,1.0,0.007708995137363672,9.999999747378752e-05
865,1.0,0.006906338967382908,9.999999747378752e-05
866,1.0,0.005635740701109171,9.999999747378752e-05
867,1.0,0.006562571972608566,9.999999747378752e-05
868,1.0,0.006276161875575781,9.999999747378752e-05
869,1.0,0.006065818015486002,9.999999747378752e-05
870,1.0,0.0031310035847127438,9.999999747378752e-05
871,1.0,0.0050396379083395,9.999999747378752e-05
872,1.0,0.013182076625525951,9.999999747378752e-05
873,1.0,0.008037997409701347,9.999999747378752e-05
874,1.0,0.007121638394892216,9.999999747378752e-05
875,1.0,0.00885501317679882,9.999999747378752e-05
876,1.0,0.008844130672514439,9.999999747378752e-05
877,1.0,0.007137914188206196,9.999999747378752e-05
878,1.0,0.010097448714077473,9.999999747378752e-05
879,1.0,0.005470536649227142,9.999999747378752e-05
880,1.0,0.006871516816318035,9.999999747378752e-05
881,1.0,0.006164687220007181,9.999999747378752e-05
882,1.0,0.005597214680165052,9.999999747378752e-05
883,1.0,0.004907861351966858,9.999999747378752e-05
884,1.0,0.00372141832485795,9.999999747378752e-05
885,1.0,0.003600736614316702,9.999999747378752e-05
886,1.0,0.004800870083272457,9.999999747378752e-05
887,1.0,0.005275459494441748,9.999999747378752e-05
888,1.0,0.0038145214784890413,9.999999747378752e-05
889,1.0,0.006983875297009945,9.999999747378752e-05
890,1.0,0.005155032500624657,9.999999747378752e-05
891,1.0,0.005143478978425264,9.999999747378752e-05
892,1.0,0.005832920782268047,9.999999747378752e-05
893,1.0,0.0045977868139743805,9.999999747378752e-05
894,1.0,0.008564353920519352,9.999999747378752e-05
895,1.0,0.008480503223836422,9.999999747378752e-05
896,1.0,0.0056929271668195724,9.999999747378752e-05
897,1.0,0.01160137914121151,9.999999747378752e-05
898,1.0,0.006939294748008251,9.999999747378752e-05
899,1.0,0.0049236249178647995,9.999999747378752e-05
900,1.0,0.00574160274118185,9.999999747378752e-05
901,1.0,0.004971001762896776,9.999999747378752e-05
902,1.0,0.005995926447212696,9.999999747378752e-05
903,1.0,0.001975437393411994,9.999999747378752e-05
904,1.0,0.002517090644687414,9.999999747378752e-05
905,1.0,0.003207119647413492,9.999999747378752e-05
906,1.0,0.004227932542562485,9.999999747378752e-05
907,1.0,0.0035412763245403767,9.999999747378752e-05
908,1.0,0.003762990701943636,9.999999747378752e-05
909,1.0,0.003069087862968445,9.999999747378752e-05
910,1.0,0.003810873255133629,9.999999747378752e-05
911,1.0,0.0036448989994823933,9.999999747378752e-05
912,1.0,0.004948569927364588,9.999999747378752e-05
913,1.0,0.0068319314159452915,9.999999747378752e-05
914,1.0,0.004866987932473421,9.999999747378752e-05
915,1.0,0.00483196135610342,9.999999747378752e-05
916,1.0,0.004289156757295132,9.999999747378752e-05
917,1.0,0.0023987710010260344,9.999999747378752e-05
918,1.0,0.0034009586088359356,9.999999747378752e-05
919,1.0,0.0030279899947345257,9.999999747378752e-05
920,1.0,0.004585611168295145,9.999999747378752e-05
921,1.0,0.004854484461247921,9.999999747378752e-05
922,1.0,0.006451496388763189,9.999999747378752e-05
923,1.0,0.0076037077233195305,9.999999747378752e-05
924,1.0,0.014416337013244629,9.999999747378752e-05
925,1.0,0.008338062092661858,9.999999747378752e-05
926,1.0,0.017406491562724113,9.999999747378752e-05
927,1.0,0.013292819261550903,9.999999747378752e-05
928,1.0,0.003899811301380396,9.999999747378752e-05
929,1.0,0.00565150985494256,9.999999747378752e-05
930,1.0,0.00516449473798275,9.999999747378752e-05
931,1.0,0.005791564006358385,9.999999747378752e-05
932,1.0,0.003746112110093236,9.999999747378752e-05
933,1.0,0.00329681858420372,9.999999747378752e-05
934,1.0,0.003935900051146746,9.999999747378752e-05
935,1.0,0.00489425752311945,9.999999747378752e-05
936,1.0,0.00322015886195004,9.999999747378752e-05
937,1.0,0.0038938368670642376,9.999999747378752e-05
938,1.0,0.0034705777652561665,9.999999747378752e-05
939,1.0,0.004096386022865772,9.999999747378752e-05
940,1.0,0.0035410753916949034,9.999999747378752e-05
941,1.0,0.004499064292758703,9.999999747378752e-05
942,1.0,0.0038047279231250286,9.999999747378752e-05
943,1.0,0.005432517267763615,9.999999747378752e-05
944,1.0,0.004300122149288654,9.999999747378752e-05
945,1.0,0.006893030367791653,9.999999747378752e-05
946,1.0,0.003689828794449568,9.999999747378752e-05
947,1.0,0.006148470565676689,9.999999747378752e-05
948,1.0,0.00722126942127943,9.999999747378752e-05
949,1.0,0.0027668727561831474,9.999999747378752e-05
950,1.0,0.004221457988023758,9.999999747378752e-05
951,1.0,0.004255484323948622,9.999999747378752e-05
952,1.0,0.0030745938420295715,9.999999747378752e-05
953,1.0,0.014109320938587189,9.999999747378752e-05
954,1.0,0.007631304673850536,9.999999747378752e-05
955,1.0,0.0037986040115356445,9.999999747378752e-05
956,1.0,0.004769596271216869,9.999999747378752e-05
957,1.0,0.004735124297440052,9.999999747378752e-05
958,1.0,0.006297194864600897,9.999999747378752e-05
959,1.0,0.005013448651880026,9.999999747378752e-05
960,1.0,0.004320942331105471,9.999999747378752e-05
961,1.0,0.0030347572173923254,9.999999747378752e-05
962,1.0,0.00393585255369544,9.999999747378752e-05
963,1.0,0.007754495833069086,9.999999747378752e-05
964,1.0,0.005091693252325058,9.999999747378752e-05
965,1.0,0.007713532540947199,9.999999747378752e-05
966,1.0,0.004836383741348982,9.999999747378752e-05
967,1.0,0.002544199815019965,9.999999747378752e-05
968,1.0,0.002159222960472107,9.999999747378752e-05
969,1.0,0.0035183497238904238,9.999999747378752e-05
970,1.0,0.0028548447880893946,9.999999747378752e-05
971,1.0,0.005472649820148945,9.999999747378752e-05
972,1.0,0.0069646164774894714,9.999999747378752e-05
973,1.0,0.005685738287866116,9.999999747378752e-05
974,1.0,0.0027270070277154446,9.999999747378752e-05
975,1.0,0.003110823454335332,9.999999747378752e-05
976,1.0,0.003140205517411232,9.999999747378752e-05
977,1.0,0.0051839929074049,9.999999747378752e-05
978,1.0,0.004791542887687683,9.999999747378752e-05
979,1.0,0.0036136540584266186,9.999999747378752e-05
980,1.0,0.00426348764449358,9.999999747378752e-05
981,1.0,0.0035069454461336136,9.999999747378752e-05
982,1.0,0.0031651691533625126,9.999999747378752e-05
983,1.0,0.0025661170948296785,9.999999747378752e-05
984,1.0,0.00217200699262321,9.999999747378752e-05
985,1.0,0.003556868527084589,9.999999747378752e-05
986,1.0,0.0038610894698649645,9.999999747378752e-05
987,1.0,0.007181078195571899,9.999999747378752e-05
988,1.0,0.0022720240522176027,9.999999747378752e-05
989,1.0,0.002754933200776577,9.999999747378752e-05
990,1.0,0.003354330314323306,9.999999747378752e-05
991,1.0,0.006277932785451412,9.999999747378752e-05
992,1.0,0.003934643231332302,9.999999747378752e-05
993,1.0,0.003090154379606247,9.999999747378752e-05
994,1.0,0.0030968759674578905,9.999999747378752e-05
995,1.0,0.004176388494670391,9.999999747378752e-05
996,1.0,0.002319230232387781,9.999999747378752e-05
997,1.0,0.0034781743306666613,9.999999747378752e-05
998,1.0,0.0029072784818708897,9.999999747378752e-05
999,1.0,0.003892255946993828,9.999999747378752e-05
1000,1.0,0.0035365535877645016,9.999999747378752e-05
1001,1.0,0.008975693956017494,9.999999747378752e-05
1002,1.0,0.0062490846030414104,9.999999747378752e-05
1003,1.0,0.0031237206421792507,9.999999747378752e-05
1004,1.0,0.004281370900571346,9.999999747378752e-05
1005,1.0,0.0033922349102795124,9.999999747378752e-05
1006,1.0,0.003655239474028349,9.999999747378752e-05
1007,1.0,0.0034401658922433853,9.999999747378752e-05
1008,1.0,0.003631201107054949,9.999999747378752e-05
1009,1.0,0.003660665126517415,9.999999747378752e-05
1010,1.0,0.0039644488133490086,9.999999747378752e-05
1011,1.0,0.0035067684948444366,9.999999747378752e-05
1012,1.0,0.0031219678930938244,9.999999747378752e-05
1013,1.0,0.0027903784066438675,9.999999747378752e-05
1014,1.0,0.007085817866027355,9.999999747378752e-05
1015,1.0,0.004769911058247089,9.999999747378752e-05
1016,1.0,0.003264722181484103,9.999999747378752e-05
1017,1.0,0.003439173102378845,9.999999747378752e-05
1018,1.0,0.004529130179435015,9.999999747378752e-05
1019,1.0,0.0033834942150861025,9.999999747378752e-05
1020,1.0,0.0026913019828498363,9.999999747378752e-05
1021,1.0,0.00740495091304183,9.999999747378752e-05
1022,1.0,0.013539907522499561,9.999999747378752e-05
1023,0.949999988079071,0.05075172334909439,9.999999747378752e-05
1024,1.0,0.007219160906970501,9.999999747378752e-05
1025,0.949999988079071,0.13212044537067413,9.999999747378752e-05
1026,1.0,0.03636854141950607,9.999999747378752e-05
1027,1.0,0.012895745225250721,9.999999747378752e-05
1028,1.0,0.01986069418489933,9.999999747378752e-05
1029,1.0,0.015254870057106018,9.999999747378752e-05
1030,1.0,0.008422624319791794,9.999999747378752e-05
1031,1.0,0.005627352744340897,9.999999747378752e-05
1032,1.0,0.00719450693577528,9.999999747378752e-05
1033,1.0,0.007100272923707962,9.999999747378752e-05
1034,1.0,0.006156657822430134,9.999999747378752e-05
1035,1.0,0.007193096913397312,9.999999747378752e-05
1036,1.0,0.006028550211340189,9.999999747378752e-05
1037,1.0,0.0066313715651631355,9.999999747378752e-05
1038,1.0,0.005283300299197435,9.999999747378752e-05
1039,1.0,0.003947689197957516,9.999999747378752e-05
1040,1.0,0.005004237871617079,9.999999747378752e-05
1041,1.0,0.019927658140659332,9.999999747378752e-05
1042,1.0,0.009620193392038345,9.999999747378752e-05
1043,1.0,0.0072160279378294945,9.999999747378752e-05
1044,1.0,0.0026277622673660517,9.999999747378752e-05
1045,1.0,0.004894991405308247,9.999999747378752e-05
1046,1.0,0.0056025017984211445,9.999999747378752e-05
1047,1.0,0.006756394170224667,9.999999747378752e-05
1048,1.0,0.0037564709782600403,9.999999747378752e-05
1049,1.0,0.0037459577433764935,9.999999747378752e-05
1050,1.0,0.004934980999678373,9.999999747378752e-05
1051,1.0,0.003787194611504674,9.999999747378752e-05
1052,1.0,0.004793948493897915,9.999999747378752e-05
1053,1.0,0.005261352751404047,9.999999747378752e-05
1054,1.0,0.0029204487800598145,9.999999747378752e-05
1055,1.0,0.0040948837995529175,9.999999747378752e-05
1056,1.0,0.005592142231762409,9.999999747378752e-05
1057,1.0,0.0035228680353611708,9.999999747378752e-05
1058,1.0,0.0035260573495179415,9.999999747378752e-05
1059,1.0,0.0037533019203692675,9.999999747378752e-05
1060,1.0,0.0033047881443053484,9.999999747378752e-05
1061,1.0,0.00255856872536242,9.999999747378752e-05
1062,1.0,0.0030695307068526745,9.999999747378752e-05
1063,1.0,0.0026913429610431194,9.999999747378752e-05
1064,1.0,0.001761742285452783,9.999999747378752e-05
1065,1.0,0.003023205092176795,9.999999747378752e-05
1066,1.0,0.002069551032036543,9.999999747378752e-05
1067,1.0,0.0027758392971009016,9.999999747378752e-05
1068,1.0,0.0031661707907915115,9.999999747378752e-05
1069,1.0,0.0071978578343987465,9.999999747378752e-05
1070,1.0,0.0033265326637774706,9.999999747378752e-05
1071,1.0,0.0023937481455504894,9.999999747378752e-05
1072,1.0,0.0021224741358309984,9.999999747378752e-05
1073,1.0,0.005501643754541874,9.999999747378752e-05
1074,1.0,0.004181276075541973,9.999999747378752e-05
1075,1.0,0.002295233542099595,9.999999747378752e-05
1076,1.0,0.0031069787219166756,9.999999747378752e-05
1077,1.0,0.0036067073233425617,9.999999747378752e-05
1078,1.0,0.0019346385961398482,9.999999747378752e-05
1079,1.0,0.003146809060126543,9.999999747378752e-05
1080,1.0,0.004410930909216404,9.999999747378752e-05
1081,1.0,0.003994133789092302,9.999999747378752e-05
1082,1.0,0.0035402688663452864,9.999999747378752e-05
1083,1.0,0.0034397176932543516,9.999999747378752e-05
1084,1.0,0.0029753416310995817,9.999999747378752e-05
1085,1.0,0.003818301949650049,9.999999747378752e-05
1086,1.0,0.0033719358034431934,9.999999747378752e-05
1087,1.0,0.0020186887122690678,9.999999747378752e-05
1088,1.0,0.005398865323513746,9.999999747378752e-05
1089,1.0,0.003912481013685465,9.999999747378752e-05
1090,1.0,0.003583719953894615,9.999999747378752e-05
1091,1.0,0.003004614729434252,9.999999747378752e-05
1092,1.0,0.003583719255402684,9.999999747378752e-05
1093,1.0,0.002124515362083912,9.999999747378752e-05
1094,1.0,0.0024895258247852325,9.999999747378752e-05
1095,1.0,0.003642711089923978,9.999999747378752e-05
1096,1.0,0.003163418499752879,9.999999747378752e-05
1097,1.0,0.0028561458457261324,9.999999747378752e-05
1098,1.0,0.004059311468154192,9.999999747378752e-05
1099,1.0,0.002378779463469982,9.999999747378752e-05
1100,1.0,0.0026988345198333263,9.999999747378752e-05
1101,1.0,0.0013968864222988486,9.999999747378752e-05
1102,1.0,0.002696672687307,9.999999747378752e-05
1103,1.0,0.0029591494239866734,9.999999747378752e-05
1104,1.0,0.0031750674825161695,9.999999747378752e-05
1105,1.0,0.003060779068619013,9.999999747378752e-05
1106,1.0,0.002927446272224188,9.999999747378752e-05
1107,1.0,0.002757434733211994,9.999999747378752e-05
1108,1.0,0.0024881274439394474,9.999999747378752e-05
1109,1.0,0.0027855499647557735,9.999999747378752e-05
1110,1.0,0.007672651205211878,9.999999747378752e-05
1111,1.0,0.003372387494891882,9.999999747378752e-05
1112,1.0,0.006097718141973019,9.999999747378752e-05
1113,1.0,0.0028700714465230703,9.999999747378752e-05
1114,1.0,0.0028609423898160458,9.999999747378752e-05
1115,1.0,0.00971986074000597,9.999999747378752e-05
1116,1.0,0.003094859654083848,9.999999747378752e-05
1117,1.0,0.002318399725481868,9.999999747378752e-05
1118,1.0,0.0026860469952225685,9.999999747378752e-05
1119,1.0,0.0021095587871968746,9.999999747378752e-05
1120,1.0,0.00319503853097558,9.999999747378752e-05
1121,1.0,0.0038573616184294224,9.999999747378752e-05
1122,1.0,0.003477921709418297,9.999999747378752e-05
1123,1.0,0.0022593378089368343,9.999999747378752e-05
1124,1.0,0.0017275819554924965,9.999999747378752e-05
1125,1.0,0.00410114973783493,9.999999747378752e-05
1126,1.0,0.003182844491675496,9.999999747378752e-05
1127,1.0,0.0028012502007186413,9.999999747378752e-05
1128,1.0,0.00276368809863925,9.999999747378752e-05
1129,1.0,0.00458643538877368,9.999999747378752e-05
1130,1.0,0.002829542849212885,9.999999747378752e-05
1131,1.0,0.0039159879088401794,9.999999747378752e-05
1132,1.0,0.00249788467772305,9.999999747378752e-05
1133,1.0,0.0019848335068672895,9.999999747378752e-05
1134,1.0,0.003073943080380559,9.999999747378752e-05
1135,1.0,0.0070295073091983795,9.999999747378752e-05
1136,1.0,0.0031558789778500795,9.999999747378752e-05
1137,1.0,0.005272230599075556,9.999999747378752e-05
1138,1.0,0.007295480463653803,9.999999747378752e-05
1139,1.0,0.0024134432896971703,9.999999747378752e-05
1140,1.0,0.002877869177609682,9.999999747378752e-05
1141,1.0,0.001544792321510613,9.999999747378752e-05
1142,1.0,0.002411800203844905,9.999999747378752e-05
1143,1.0,0.0020727699156850576,9.999999747378752e-05
1144,1.0,0.0026455677580088377,9.999999747378752e-05
1145,1.0,0.0018353400519117713,9.999999747378752e-05
1146,1.0,0.0029754890128970146,9.999999747378752e-05
1147,1.0,0.0017491064500063658,9.999999747378752e-05
1148,1.0,0.002800897927954793,9.999999747378752e-05
1149,1.0,0.0026126124430447817,9.999999747378752e-05
1150,1.0,0.008374745026230812,9.999999747378752e-05
1151,1.0,0.0034957807511091232,9.999999747378752e-05
1152,1.0,0.002434422727674246,9.999999747378752e-05
1153,1.0,0.003127255942672491,9.999999747378752e-05
1154,1.0,0.0022883231285959482,9.999999747378752e-05
1155,1.0,0.002421972807496786,9.999999747378752e-05
1156,1.0,0.001242021913640201,9.999999747378752e-05
1157,1.0,0.0025077902246266603,9.999999747378752e-05
1158,1.0,0.0034316994715481997,9.999999747378752e-05
1159,1.0,0.004819519352167845,9.999999747378752e-05
1160,1.0,0.0022396142594516277,9.999999747378752e-05
1161,1.0,0.0040482766926288605,9.999999747378752e-05
1162,1.0,0.0017156461253762245,9.999999747378752e-05
1163,1.0,0.0029003338422626257,9.999999747378752e-05
1164,1.0,0.0027700173668563366,9.999999747378752e-05
1165,1.0,0.0026912998873740435,9.999999747378752e-05
1166,1.0,0.0021538652945309877,9.999999747378752e-05
1167,1.0,0.0019510576967149973,9.999999747378752e-05
1168,1.0,0.0018344286363571882,9.999999747378752e-05
1169,1.0,0.004339885897934437,9.999999747378752e-05
1170,1.0,0.003990474622696638,9.999999747378752e-05
1171,1.0,0.0042387754656374454,9.999999747378752e-05
1172,1.0,0.002285242546349764,9.999999747378752e-05
1173,1.0,0.0025604504626244307,9.999999747378752e-05
1174,1.0,0.0034004629123955965,9.999999747378752e-05
1175,1.0,0.005105705000460148,9.999999747378752e-05
1176,1.0,0.0038018617779016495,9.999999747378752e-05
1177,1.0,0.002961966674774885,9.999999747378752e-05
1178,1.0,0.003822558093816042,9.999999747378752e-05
1179,1.0,0.0015807331074029207,9.999999747378752e-05
1180,1.0,0.0035005800891667604,9.999999747378752e-05
1181,1.0,0.002259462373331189,9.999999747378752e-05
1182,1.0,0.002441439311951399,9.999999747378752e-05
1183,1.0,0.0012474668910726905,9.999999747378752e-05
1184,1.0,0.003290054854005575,9.999999747378752e-05
1185,1.0,0.0029929326847195625,9.999999747378752e-05
1186,1.0,0.0027873802464455366,9.999999747378752e-05
1187,1.0,0.0021638013422489166,9.999999747378752e-05
1188,1.0,0.0029649008065462112,9.999999747378752e-05
1189,1.0,0.0025793169625103474,9.999999747378752e-05
1190,1.0,0.0021142475306987762,9.999999747378752e-05
1191,1.0,0.0024881751742213964,9.999999747378752e-05
1192,1.0,0.0019429167732596397,9.999999747378752e-05
1193,1.0,0.0025302451103925705,9.999999747378752e-05
1194,1.0,0.0025589563883841038,9.999999747378752e-05
1195,1.0,0.0018485098844394088,9.999999747378752e-05
1196,1.0,0.0018631371203809977,9.999999747378752e-05
1197,1.0,0.002132250927388668,9.999999747378752e-05
1198,1.0,0.0019257055828347802,9.999999747378752e-05
1199,1.0,0.0017588578630238771,9.999999747378752e-05
1200,1.0,0.0019246693700551987,9.999999747378752e-05
1201,1.0,0.00197272514924407,9.999999747378752e-05
1202,1.0,0.006250870414078236,9.999999747378752e-05
1203,1.0,0.003791187657043338,9.999999747378752e-05
1204,1.0,0.0034627572167664766,9.999999747378752e-05
1205,1.0,0.003458132967352867,9.999999747378752e-05
1206,1.0,0.0024857763200998306,9.999999747378752e-05
1207,1.0,0.0016914100851863623,9.999999747378752e-05
1208,1.0,0.002565673552453518,9.999999747378752e-05
1209,1.0,0.004481379874050617,9.999999747378752e-05
1210,1.0,0.0028564261738210917,9.999999747378752e-05
1211,1.0,0.004381431266665459,9.999999747378752e-05
1212,1.0,0.0026437125634402037,9.999999747378752e-05
1213,1.0,0.0022733337245881557,9.999999747378752e-05
1214,1.0,0.0018016351386904716,9.999999747378752e-05
1215,1.0,0.004758845549076796,9.999999747378752e-05
1216,1.0,0.0025433306582272053,9.999999747378752e-05
1217,1.0,0.002633014228194952,9.999999747378752e-05
1218,1.0,0.0032618683762848377,9.999999747378752e-05
1219,1.0,0.0018181996420025826,9.999999747378752e-05
1220,1.0,0.00195693364366889,9.999999747378752e-05
1221,1.0,0.0025962574873119593,9.999999747378752e-05
1222,1.0,0.0022032596170902252,9.999999747378752e-05
1223,1.0,0.0019627611618489027,9.999999747378752e-05
1224,1.0,0.0017179446294903755,9.999999747378752e-05
1225,1.0,0.001661757007241249,9.999999747378752e-05
1226,1.0,0.0017586436588317156,9.999999747378752e-05
1227,1.0,0.001249584136530757,9.999999747378752e-05
1228,1.0,0.0048425402492284775,9.999999747378752e-05
1229,1.0,0.00256960466504097,9.999999747378752e-05
1230,1.0,0.0023682010360062122,9.999999747378752e-05
1231,1.0,0.0018071031663566828,9.999999747378752e-05
1232,1.0,0.0024889144115149975,9.999999747378752e-05
1233,1.0,0.00309067708440125,9.999999747378752e-05
1234,1.0,0.0024160793982446194,9.999999747378752e-05
1235,1.0,0.002218184294179082,9.999999747378752e-05
1236,1.0,0.006032231263816357,9.999999747378752e-05
1237,1.0,0.010580679401755333,9.999999747378752e-05
1238,1.0,0.008465675637125969,9.999999747378752e-05
1239,1.0,0.007771722041070461,9.999999747378752e-05
1240,1.0,0.00266456650570035,9.999999747378752e-05
1241,1.0,0.004463654011487961,9.999999747378752e-05
1242,1.0,0.0023690382950007915,9.999999747378752e-05
1243,1.0,0.0034990881104022264,9.999999747378752e-05
1244,1.0,0.007555277552455664,9.999999747378752e-05
1245,1.0,0.0024662637151777744,9.999999747378752e-05
1246,1.0,0.0036710170097649097,9.999999747378752e-05
1247,1.0,0.0020827660337090492,9.999999747378752e-05
1248,1.0,0.003776057157665491,9.999999747378752e-05
1249,1.0,0.0027467310428619385,9.999999747378752e-05
1250,1.0,0.0012152568669989705,9.999999747378752e-05
1251,1.0,0.0015916095580905676,9.999999747378752e-05
1252,1.0,0.003154932288452983,9.999999747378752e-05
1253,1.0,0.0025543360970914364,9.999999747378752e-05
1254,1.0,0.002183737000450492,9.999999747378752e-05
1255,1.0,0.002716892398893833,9.999999747378752e-05
1256,1.0,0.002704222220927477,9.999999747378752e-05
1257,1.0,0.0038163650315254927,9.999999747378752e-05
1258,1.0,0.002408289583399892,9.999999747378752e-05
1259,1.0,0.0025137593038380146,9.999999747378752e-05
1260,1.0,0.0013749341014772654,9.999999747378752e-05
1261,1.0,0.0025149662978947163,9.999999747378752e-05
1262,1.0,0.002266733907163143,9.999999747378752e-05
1263,1.0,0.0020282422192394733,9.999999747378752e-05
1264,1.0,0.0017598032718524337,9.999999747378752e-05
1265,1.0,0.0016556864138692617,9.999999747378752e-05
1266,1.0,0.0015517191495746374,9.999999747378752e-05
1267,1.0,0.0022712894715368748,9.999999747378752e-05
1268,1.0,0.008495365269482136,9.999999747378752e-05
1269,1.0,0.0032872953452169895,9.999999747378752e-05
1270,1.0,0.0020098828244954348,9.999999747378752e-05
1271,1.0,0.003213985590264201,9.999999747378752e-05
1272,1.0,0.0021483798045665026,9.999999747378752e-05
1273,1.0,0.002094841795042157,9.999999747378752e-05
1274,1.0,0.0014329759869724512,9.999999747378752e-05
1275,1.0,0.002478961367160082,9.999999747378752e-05
1276,1.0,0.001521692960523069,9.999999747378752e-05
1277,1.0,0.0013337277341634035,9.999999747378752e-05
1278,1.0,0.0027397102676331997,9.999999747378752e-05
1279,1.0,0.00150427280459553,9.999999747378752e-05
1280,1.0,0.001777672441676259,9.999999747378752e-05
1281,1.0,0.001100496156141162,9.999999747378752e-05
1282,1.0,0.0014516994124278426,9.999999747378752e-05
1283,1.0,0.0026988470926880836,9.999999747378752e-05
1284,1.0,0.0015623826766386628,9.999999747378752e-05
1285,1.0,0.0022487903479486704,9.999999747378752e-05
1286,1.0,0.0022189095616340637,9.999999747378752e-05
1287,1.0,0.0030161624308675528,9.999999747378752e-05
1288,1.0,0.0053033786825835705,9.999999747378752e-05
1289,1.0,0.0023050387389957905,9.999999747378752e-05
1290,1.0,0.0035452593583613634,9.999999747378752e-05
1291,1.0,0.0021675624884665012,9.999999747378752e-05
1292,1.0,0.0017959170509129763,9.999999747378752e-05
1293,1.0,0.0014080442488193512,9.999999747378752e-05
1294,1.0,0.0018410710617899895,9.999999747378752e-05
1295,1.0,0.002334366785362363,9.999999747378752e-05
1296,1.0,0.001879169954918325,9.999999747378752e-05
1297,1.0,0.0017882942920550704,9.999999747378752e-05
1298,1.0,0.0063331774435937405,9.999999747378752e-05
1299,1.0,0.0030339923687279224,9.999999747378752e-05
1300,1.0,0.002489075530320406,9.999999747378752e-05
1301,1.0,0.0014679786982014775,9.999999747378752e-05
1302,1.0,0.0015122073236852884,9.999999747378752e-05
1303,1.0,0.00251906830817461,9.999999747378752e-05
1304,1.0,0.001724566682241857,9.999999747378752e-05
1305,1.0,0.0013919066404923797,9.999999747378752e-05
1306,1.0,0.0034833301324397326,9.999999747378752e-05
1307,1.0,0.004107768647372723,9.999999747378752e-05
1308,1.0,0.00394443841651082,9.999999747378752e-05
1309,1.0,0.0034514139406383038,9.999999747378752e-05
1310,1.0,0.0029324046336114407,9.999999747378752e-05
1311,1.0,0.0036338362842798233,9.999999747378752e-05
1312,1.0,0.0039885216392576694,9.999999747378752e-05
1313,1.0,0.00464029423892498,9.999999747378752e-05
1314,1.0,0.009456062689423561,9.999999747378752e-05
1315,1.0,0.0156572088599205,9.999999747378752e-05
1316,1.0,0.011757426895201206,9.999999747378752e-05
1317,1.0,0.012770770117640495,9.999999747378752e-05
1318,1.0,0.009966935031116009,9.999999747378752e-05
1319,1.0,0.00260111759416759,9.999999747378752e-05
1320,1.0,0.008007748983800411,9.999999747378752e-05
1321,1.0,0.010893523693084717,9.999999747378752e-05
1322,1.0,0.002634878735989332,9.999999747378752e-05
1323,1.0,0.0029420568607747555,9.999999747378752e-05
1324,1.0,0.002669545589014888,9.999999747378752e-05
1325,1.0,0.0019265791634097695,9.999999747378752e-05
1326,1.0,0.0017142072319984436,9.999999747378752e-05
1327,1.0,0.004118249751627445,9.999999747378752e-05
1328,1.0,0.0014954011421650648,9.999999747378752e-05
1329,1.0,0.0012601300841197371,9.999999747378752e-05
1330,1.0,0.0034482250921428204,9.999999747378752e-05
1331,1.0,0.0019585047848522663,9.999999747378752e-05
1332,1.0,0.0012739740777760744,9.999999747378752e-05
1333,1.0,0.001268171239644289,9.999999747378752e-05
1334,1.0,0.0010816040448844433,9.999999747378752e-05
1335,1.0,0.0030386263970285654,9.999999747378752e-05
1336,1.0,0.0019234849605709314,9.999999747378752e-05
1337,1.0,0.0014465262647718191,9.999999747378752e-05
1338,1.0,0.0030025101732462645,9.999999747378752e-05
1339,1.0,0.002489945152774453,9.999999747378752e-05
1340,1.0,0.0021499311551451683,9.999999747378752e-05
1341,1.0,0.002182736061513424,9.999999747378752e-05
1342,1.0,0.00220128009095788,9.999999747378752e-05
1343,1.0,0.001765242195688188,9.999999747378752e-05
1344,1.0,0.0012277953792363405,9.999999747378752e-05
1345,1.0,0.001794716576114297,9.999999747378752e-05
1346,1.0,0.001216947683133185,9.999999747378752e-05
1347,1.0,0.0012187273241579533,9.999999747378752e-05
1348,1.0,0.001914371969178319,9.999999747378752e-05
1349,1.0,0.0016063343500718474,9.999999747378752e-05
1350,1.0,0.0014356544706970453,9.999999747378752e-05
1351,1.0,0.0009069731459021568,9.999999747378752e-05
1352,1.0,0.0016169451409950852,9.999999747378752e-05
1353,1.0,0.0009004154126159847,9.999999747378752e-05
1354,1.0,0.0021004150621593,9.999999747378752e-05
1355,1.0,0.0014326649252325296,9.999999747378752e-05
1356,1.0,0.0017186893383041024,9.999999747378752e-05
1357,1.0,0.002670243615284562,9.999999747378752e-05
1358,1.0,0.0021031517535448074,9.999999747378752e-05
1359,1.0,0.006502097938209772,9.999999747378752e-05
1360,1.0,0.00392174394801259,9.999999747378752e-05
1361,1.0,0.002986916806548834,9.999999747378752e-05
1362,1.0,0.002161429263651371,9.999999747378752e-05
1363,1.0,0.003478024620562792,9.999999747378752e-05
1364,1.0,0.0027247120160609484,9.999999747378752e-05
1365,1.0,0.0014241833705455065,9.999999747378752e-05
1366,1.0,0.00163270125631243,9.999999747378752e-05
1367,1.0,0.0014244820922613144,9.999999747378752e-05
1368,1.0,0.002885290188714862,9.999999747378752e-05
1369,1.0,0.0017687523504719138,9.999999747378752e-05
1370,1.0,0.0016710854833945632,9.999999747378752e-05
1371,1.0,0.0022437500301748514,9.999999747378752e-05
1372,1.0,0.0013977584894746542,9.999999747378752e-05
1373,1.0,0.0013728637713938951,9.999999747378752e-05
1374,1.0,0.001081566559150815,9.999999747378752e-05
1375,1.0,0.002655280288308859,9.999999747378752e-05
1376,1.0,0.0011664920020848513,9.999999747378752e-05
1377,1.0,0.00464391615241766,9.999999747378752e-05
1378,1.0,0.001679156208410859,9.999999747378752e-05
1379,1.0,0.001906365156173706,9.999999747378752e-05
1380,1.0,0.0015847223112359643,9.999999747378752e-05
1381,1.0,0.0014750953996554017,9.999999747378752e-05
1382,1.0,0.0016618261579424143,9.999999747378752e-05
1383,1.0,0.0013802516041323543,9.999999747378752e-05
1384,1.0,0.0020431424491107464,9.999999747378752e-05
1385,1.0,0.0021920395083725452,9.999999747378752e-05
1386,1.0,0.0012526285136118531,9.999999747378752e-05
1387,1.0,0.0020445850677788258,9.999999747378752e-05
1388,1.0,0.00119111780077219,9.999999747378752e-05
1389,1.0,0.000628091162070632,9.999999747378752e-05
1390,1.0,0.002451744396239519,9.999999747378752e-05
1391,1.0,0.001182749168947339,9.999999747378752e-05
1392,1.0,0.001316400826908648,9.999999747378752e-05
1393,1.0,0.0013247763272374868,9.999999747378752e-05
1394,1.0,0.001152343233115971,9.999999747378752e-05
1395,1.0,0.001562675111927092,9.999999747378752e-05
1396,1.0,0.0014151595532894135,9.999999747378752e-05
1397,1.0,0.002030027098953724,9.999999747378752e-05
1398,1.0,0.001555088208988309,9.999999747378752e-05
1399,1.0,0.0008412309107370675,9.999999747378752e-05
1400,1.0,0.0028049342799931765,9.999999747378752e-05
1401,1.0,0.0024099405854940414,9.999999747378752e-05
1402,1.0,0.0018150035757571459,9.999999747378752e-05
1403,1.0,0.0023837650660425425,9.999999747378752e-05
1404,1.0,0.001170795294456184,9.999999747378752e-05
1405,1.0,0.0017892851028591394,9.999999747378752e-05
1406,1.0,0.0028662795666605234,9.999999747378752e-05
1407,1.0,0.0017132144421339035,9.999999747378752e-05
1408,1.0,0.0014301291666924953,9.999999747378752e-05
1409,1.0,0.0012908452190458775,9.999999747378752e-05
1410,1.0,0.0013664878206327558,9.999999747378752e-05
1411,1.0,0.0014834994217380881,9.999999747378752e-05
1412,1.0,0.0009021790465340018,9.999999747378752e-05
1413,1.0,0.0015062142629176378,9.999999747378752e-05
1414,1.0,0.0025960358325392008,9.999999747378752e-05
1415,1.0,0.0010415337746962905,9.999999747378752e-05
1416,1.0,0.001523649669252336,9.999999747378752e-05
1417,1.0,0.0011841394007205963,9.999999747378752e-05
1418,1.0,0.003183464054018259,9.999999747378752e-05
1419,1.0,0.001664178678765893,9.999999747378752e-05
1420,1.0,0.0019179569790139794,9.999999747378752e-05
1421,1.0,0.0018757818033918738,9.999999747378752e-05
1422,1.0,0.003928941208869219,9.999999747378752e-05
1423,1.0,0.0029108221642673016,9.999999747378752e-05
1424,1.0,0.0014996996615082026,9.999999747378752e-05
1425,1.0,0.0021290741860866547,9.999999747378752e-05
1426,1.0,0.001934850588440895,9.999999747378752e-05
1427,1.0,0.0010959079954773188,9.999999747378752e-05
1428,1.0,0.0015837842365726829,9.999999747378752e-05
1429,1.0,0.0014500762335956097,9.999999747378752e-05
1430,1.0,0.0015199007466435432,9.999999747378752e-05
1431,1.0,0.0010507589904591441,9.999999747378752e-05
1432,1.0,0.0009514804114587605,9.999999747378752e-05
1433,1.0,0.0011058312375098467,9.999999747378752e-05
1434,1.0,0.0007920395582914352,9.999999747378752e-05
1435,1.0,0.004176829941570759,9.999999747378752e-05
1436,1.0,0.007548189256340265,9.999999747378752e-05
1437,1.0,0.006469312123954296,9.999999747378752e-05
1438,1.0,0.012077615596354008,9.999999747378752e-05
1439,1.0,0.014525976963341236,9.999999747378752e-05
1440,1.0,0.010623829439282417,9.999999747378752e-05
1441,1.0,0.0025737681426107883,9.999999747378752e-05
1442,1.0,0.00486389547586441,9.999999747378752e-05
1443,1.0,0.0035676814150065184,9.999999747378752e-05
1444,1.0,0.001915862550958991,9.999999747378752e-05
1445,1.0,0.0016697582323104143,9.999999747378752e-05
1446,1.0,0.0020805099047720432,9.999999747378752e-05
1447,1.0,0.0013408574741333723,9.999999747378752e-05
1448,1.0,0.0010140605736523867,9.999999747378752e-05
1449,1.0,0.0015241940272971988,9.999999747378752e-05
1450,1.0,0.0016208946472033858,9.999999747378752e-05
1451,1.0,0.0014219421427696943,9.999999747378752e-05
1452,1.0,0.0007241960265673697,9.999999747378752e-05
1453,1.0,0.002334804506972432,9.999999747378752e-05
1454,1.0,0.0011960470583289862,9.999999747378752e-05
1455,1.0,0.001472838455811143,9.999999747378752e-05
1456,1.0,0.0011140655260533094,9.999999747378752e-05
1457,1.0,0.0016224946593865752,9.999999747378752e-05
1458,1.0,0.0009243671665899456,9.999999747378752e-05
1459,1.0,0.0028643766418099403,9.999999747378752e-05
1460,1.0,0.0009936800925061107,9.999999747378752e-05
1461,1.0,0.0013309982605278492,9.999999747378752e-05
1462,1.0,0.0012946900678798556,9.999999747378752e-05
1463,1.0,0.0009813588112592697,9.999999747378752e-05
1464,1.0,0.0033921306021511555,9.999999747378752e-05
1465,1.0,0.0016905686352401972,9.999999747378752e-05
1466,1.0,0.0018097416032105684,9.999999747378752e-05
1467,1.0,0.0013126867124810815,9.999999747378752e-05
1468,1.0,0.0009145301883108914,9.999999747378752e-05
1469,1.0,0.0013060171622782946,9.999999747378752e-05
1470,1.0,0.0009994874708354473,9.999999747378752e-05
1471,1.0,0.0009448461350984871,9.999999747378752e-05
1472,1.0,0.0008064868161454797,9.999999747378752e-05
1473,1.0,0.002065251814201474,9.999999747378752e-05
1474,1.0,0.0011962882708758116,9.999999747378752e-05
1475,1.0,0.0011710227699950337,9.999999747378752e-05
1476,1.0,0.001087602460756898,9.999999747378752e-05
1477,1.0,0.0022957934997975826,9.999999747378752e-05
1478,1.0,0.0011043184204027057,9.999999747378752e-05
1479,1.0,0.0015087586361914873,9.999999747378752e-05
1480,1.0,0.00086587033001706,9.999999747378752e-05
1481,1.0,0.0013450098922476172,9.999999747378752e-05
1482,1.0,0.0014118263497948647,9.999999747378752e-05
1483,1.0,0.0017838772619143128,9.999999747378752e-05
1484,1.0,0.0009551579132676125,9.999999747378752e-05
1485,1.0,0.0011541539570316672,9.999999747378752e-05
1486,1.0,0.0007581277750432491,9.999999747378752e-05
1487,1.0,0.0030046149622648954,9.999999747378752e-05
1488,1.0,0.001158187398687005,9.999999747378752e-05
1489,1.0,0.0011893126647919416,9.999999747378752e-05
1490,1.0,0.004774291999638081,9.999999747378752e-05
1491,1.0,0.0021413182839751244,9.999999747378752e-05
1492,1.0,0.001270983600988984,9.999999747378752e-05
1493,1.0,0.0018855031812563539,9.999999747378752e-05
1494,1.0,0.0011481487890705466,9.999999747378752e-05
1495,1.0,0.0014516202500090003,9.999999747378752e-05
1496,1.0,0.0013951945584267378,9.999999747378752e-05
1497,1.0,0.003910717088729143,9.999999747378752e-05
1498,1.0,0.0010829225648194551,9.999999747378752e-05
1499,1.0,0.0017292776610702276,9.999999747378752e-05
1500,1.0,0.0011955370428040624,9.999999747378752e-05
1501,1.0,0.0011113918153569102,9.999999747378752e-05
1502,1.0,0.0009271778981201351,9.999999747378752e-05
1503,1.0,0.001562849385663867,9.999999747378752e-05
1504,1.0,0.0019795645494014025,9.999999747378752e-05
1505,1.0,0.0009051780216395855,9.999999747378752e-05
1506,1.0,0.0018437771359458566,9.999999747378752e-05
1507,1.0,0.001856431714259088,9.999999747378752e-05
1508,1.0,0.0015158175956457853,9.999999747378752e-05
1509,1.0,0.001321792951785028,9.999999747378752e-05
1510,1.0,0.0014655995182693005,9.999999747378752e-05
1511,1.0,0.0008669317467138171,9.999999747378752e-05
1512,1.0,0.0016208782326430082,9.999999747378752e-05
1513,1.0,0.0011434379266574979,9.999999747378752e-05
1514,1.0,0.0011078098323196173,9.999999747378752e-05
1515,1.0,0.0011181572917848825,9.999999747378752e-05
1516,1.0,0.001819178694859147,9.999999747378752e-05
1517,1.0,0.0010016195010393858,9.999999747378752e-05
1518,1.0,0.0006085272179916501,9.999999747378752e-05
1519,1.0,0.0010119713842868805,9.999999747378752e-05
1520,1.0,0.0009285852429457009,9.999999747378752e-05
1521,1.0,0.002245580079033971,9.999999747378752e-05
1522,1.0,0.0016137672355398536,9.999999747378752e-05
1523,1.0,0.001569666899740696,9.999999747378752e-05
1524,1.0,0.0014012434985488653,9.999999747378752e-05
1525,1.0,0.0017569599440321326,9.999999747378752e-05
1526,1.0,0.0018089006189256907,9.999999747378752e-05
1527,1.0,0.0015394785441458225,9.999999747378752e-05
1528,1.0,0.0014819002244621515,9.999999747378752e-05
1529,1.0,0.0009658730705268681,9.999999747378752e-05
1530,1.0,0.001077319961041212,9.999999747378752e-05
1531,1.0,0.0009343108395114541,9.999999747378752e-05
1532,1.0,0.002347856294363737,9.999999747378752e-05
1533,1.0,0.0006253740284591913,9.999999747378752e-05
1534,1.0,0.0009751237230375409,9.999999747378752e-05
1535,1.0,0.0010982617968693376,9.999999747378752e-05
1536,1.0,0.002163354307413101,9.999999747378752e-05
1537,1.0,0.0013775660190731287,9.999999747378752e-05
1538,1.0,0.0009207894327118993,9.999999747378752e-05
1539,1.0,0.0008922608685679734,9.999999747378752e-05
1540,1.0,0.001119250082410872,9.999999747378752e-05
1541,1.0,0.001557962386868894,9.999999747378752e-05
1542,1.0,0.0007986202836036682,9.999999747378752e-05
1543,1.0,0.0011527563910931349,9.999999747378752e-05
1544,1.0,0.000738598289899528,9.999999747378752e-05
1545,1.0,0.001148223178461194,9.999999747378752e-05
1546,1.0,0.0029666638001799583,9.999999747378752e-05
1547,1.0,0.0018170203547924757,9.999999747378752e-05
1548,1.0,0.0012925247428938746,9.999999747378752e-05
1549,1.0,0.0009208194096572697,9.999999747378752e-05
1550,1.0,0.001110599609091878,9.999999747378752e-05
1551,1.0,0.0012602857314050198,9.999999747378752e-05
1552,1.0,0.001052445499226451,9.999999747378752e-05
1553,1.0,0.0009496952407062054,9.999999747378752e-05
1554,1.0,0.0013637254014611244,9.999999747378752e-05
1555,1.0,0.0006202271906659007,9.999999747378752e-05
1556,1.0,0.0009556470322422683,9.999999747378752e-05
1557,1.0,0.002119019627571106,9.999999747378752e-05
1558,1.0,0.0012944357004016638,9.999999747378752e-05
1559,1.0,0.0017020844388753176,9.999999747378752e-05
1560,1.0,0.0012814963702112436,9.999999747378752e-05
1561,1.0,0.0014066953444853425,9.999999747378752e-05
1562,1.0,0.0005947440513409674,9.999999747378752e-05
1563,1.0,0.001014277688227594,9.999999747378752e-05
1564,1.0,0.0011996615212410688,9.999999747378752e-05
1565,1.0,0.0011435499181970954,9.999999747378752e-05
1566,1.0,0.0005609444342553616,9.999999747378752e-05
1567,1.0,0.0009424396557733417,9.999999747378752e-05
1568,1.0,0.0013657249510288239,9.999999747378752e-05
1569,1.0,0.0014327395474538207,9.999999747378752e-05
1570,1.0,0.0012315043713897467,9.999999747378752e-05
1571,1.0,0.0005737667088396847,9.999999747378752e-05
1572,1.0,0.0011811378644779325,9.999999747378752e-05
1573,1.0,0.001164654502645135,9.999999747378752e-05
1574,1.0,0.000979545759037137,9.999999747378752e-05
1575,1.0,0.0006394736701622605,9.999999747378752e-05
1576,1.0,0.001548257889226079,9.999999747378752e-05
1577,1.0,0.0007221568957902491,9.999999747378752e-05
1578,1.0,0.0009748005541041493,9.999999747378752e-05
1579,1.0,0.0008558806148357689,9.999999747378752e-05
1580,1.0,0.0006131157861091197,9.999999747378752e-05
1581,1.0,0.002084293169900775,9.999999747378752e-05
1582,1.0,0.0030706417746841908,9.999999747378752e-05
1583,1.0,0.004161049611866474,9.999999747378752e-05
1584,1.0,0.009188666939735413,9.999999747378752e-05
1585,1.0,0.005115102976560593,9.999999747378752e-05
1586,1.0,0.02050064690411091,9.999999747378752e-05
1587,1.0,0.041933320462703705,9.999999747378752e-05
1588,1.0,0.01207858044654131,9.999999747378752e-05
1589,1.0,0.0030975923873484135,9.999999747378752e-05
1590,1.0,0.008414549753069878,9.999999747378752e-05
1591,1.0,0.006309016142040491,9.999999747378752e-05
1592,1.0,0.0025855465792119503,9.999999747378752e-05
1593,1.0,0.0021005079615861177,9.999999747378752e-05
1594,1.0,0.0017230032244697213,9.999999747378752e-05
1595,1.0,0.004068742506206036,9.999999747378752e-05
1596,1.0,0.001392621430568397,9.999999747378752e-05
1597,1.0,0.0023891753517091274,9.999999747378752e-05
1598,1.0,0.000968112435657531,9.999999747378752e-05
1599,1.0,0.0019178458023816347,9.999999747378752e-05
1600,1.0,0.0021692239679396152,9.999999747378752e-05
1601,1.0,0.0023514064960181713,9.999999747378752e-05
1602,1.0,0.001213081763125956,9.999999747378752e-05
1603,1.0,0.0018195895245298743,9.999999747378752e-05
1604,1.0,0.0009549055248498917,9.999999747378752e-05
1605,1.0,0.002788328565657139,9.999999747378752e-05
1606,1.0,0.0011314935982227325,9.999999747378752e-05
1607,1.0,0.0014168949564918876,9.999999747378752e-05
1608,1.0,0.001211904687806964,9.999999747378752e-05
1609,1.0,0.0009849194902926683,9.999999747378752e-05
1610,1.0,0.002576377708464861,9.999999747378752e-05
1611,1.0,0.0012102150358259678,9.999999747378752e-05
1612,1.0,0.0016107084229588509,9.999999747378752e-05
1613,1.0,0.0017646141350269318,9.999999747378752e-05
1614,1.0,0.0006109124515205622,9.999999747378752e-05
1615,1.0,0.0010607276344671845,9.999999747378752e-05
1616,1.0,0.00106334057636559,9.999999747378752e-05
1617,1.0,0.0016134545439854264,9.999999747378752e-05
1618,1.0,0.0012993301497772336,9.999999747378752e-05
1619,1.0,0.001018732087686658,9.999999747378752e-05
1620,1.0,0.0012898544082418084,9.999999747378752e-05
1621,1.0,0.0006379410624504089,9.999999747378752e-05
1622,1.0,0.0019142553210258484,9.999999747378752e-05
1623,1.0,0.0010973436292260885,9.999999747378752e-05
1624,1.0,0.0007972889579832554,9.999999747378752e-05
1625,1.0,0.004066741093993187,9.999999747378752e-05
1626,1.0,0.0014673375990241766,9.999999747378752e-05
1627,1.0,0.001904964679852128,9.999999747378752e-05
1628,1.0,0.000993035500869155,9.999999747378752e-05
1629,1.0,0.001099603483453393,9.999999747378752e-05
1630,1.0,0.0009716021013446152,9.999999747378752e-05
1631,1.0,0.0011426765704527497,9.999999747378752e-05
1632,1.0,0.0006267985445447266,9.999999747378752e-05
1633,1.0,0.000694962393026799,9.999999747378752e-05
1634,1.0,0.001105795381590724,9.999999747378752e-05
1635,1.0,0.0010412433184683323,9.999999747378752e-05
1636,1.0,0.0008030569879338145,9.999999747378752e-05
1637,1.0,0.0004848495591431856,9.999999747378752e-05
1638,1.0,0.0010910886339843273,9.999999747378752e-05
1639,1.0,0.0010357797145843506,9.999999747378752e-05
1640,1.0,0.0010451475391164422,9.999999747378752e-05
1641,1.0,0.0009039061260409653,9.999999747378752e-05
1642,1.0,0.0015029991045594215,9.999999747378752e-05
1643,1.0,0.0010453551076352596,9.999999747378752e-05
1644,1.0,0.0007336967391893268,9.999999747378752e-05
1645,1.0,0.0009947014041244984,9.999999747378752e-05
1646,1.0,0.0010997875360772014,9.999999747378752e-05
1647,1.0,0.0007424472132697701,9.999999747378752e-05
1648,1.0,0.0007788254297338426,9.999999747378752e-05
1649,1.0,0.001818939344957471,9.999999747378752e-05
1650,1.0,0.0009221915388479829,9.999999747378752e-05
1651,1.0,0.0013350124936550856,9.999999747378752e-05
1652,1.0,0.0008092547650448978,9.999999747378752e-05
1653,1.0,0.0013972889864817262,9.999999747378752e-05
1654,1.0,0.0007691585342399776,9.999999747378752e-05
1655,1.0,0.0010684161679819226,9.999999747378752e-05
1656,1.0,0.0005009822780266404,9.999999747378752e-05
1657,1.0,0.0016111631412059069,9.999999747378752e-05
1658,1.0,0.0012226152466610074,9.999999747378752e-05
1659,1.0,0.000512890110258013,9.999999747378752e-05
1660,1.0,0.002211763756349683,9.999999747378752e-05
1661,1.0,0.0006633548764511943,9.999999747378752e-05
1662,1.0,0.0007395903230644763,9.999999747378752e-05
1663,1.0,0.0014904027339071035,9.999999747378752e-05
1664,1.0,0.0010814896086230874,9.999999747378752e-05
1665,1.0,0.0018342246767133474,9.999999747378752e-05
1666,1.0,0.0010588796576485038,9.999999747378752e-05
1667,1.0,0.0010250525083392859,9.999999747378752e-05
1668,1.0,0.0006175709422677755,9.999999747378752e-05
1669,1.0,0.000746738922316581,9.999999747378752e-05
1670,1.0,0.0005456830840557814,9.999999747378752e-05
1671,1.0,0.0005968868499621749,9.999999747378752e-05
1672,1.0,0.0010892677819356322,9.999999747378752e-05
1673,1.0,0.0008463837439194322,9.999999747378752e-05
1674,1.0,0.004145090933889151,9.999999747378752e-05
1675,1.0,0.002404669765383005,9.999999747378752e-05
1676,1.0,0.0018725773552432656,9.999999747378752e-05
1677,1.0,0.002618692349642515,9.999999747378752e-05
1678,1.0,0.000953127455431968,9.999999747378752e-05
1679,1.0,0.0012851384235545993,9.999999747378752e-05
1680,1.0,0.0021062970627099276,9.999999747378752e-05
1681,1.0,0.001223749597556889,9.999999747378752e-05
1682,1.0,0.0017240310553461313,9.999999747378752e-05
1683,1.0,0.0009122582268901169,9.999999747378752e-05
1684,1.0,0.0011387208942323923,9.999999747378752e-05
1685,1.0,0.0013433764688670635,9.999999747378752e-05
1686,1.0,0.0011620448203757405,9.999999747378752e-05
1687,1.0,0.0007701392169110477,9.999999747378752e-05
1688,1.0,0.0008327128598466516,9.999999747378752e-05
1689,1.0,0.0008229549275711179,9.999999747378752e-05
1690,1.0,0.001300458679907024,9.999999747378752e-05
1691,1.0,0.0007326441118493676,9.999999747378752e-05
1692,1.0,0.0016372341196984053,9.999999747378752e-05
1693,1.0,0.0006902823806740344,9.999999747378752e-05
1694,1.0,0.0011945103760808706,9.999999747378752e-05
1695,1.0,0.0009696742636151612,9.999999747378752e-05
1696,1.0,0.0021175150759518147,9.999999747378752e-05
1697,1.0,0.0015570017276331782,9.999999747378752e-05
1698,1.0,0.0013561011292040348,9.999999747378752e-05
1699,1.0,0.0011776023311540484,9.999999747378752e-05
1700,1.0,0.0015216425526887178,9.999999747378752e-05
1701,1.0,0.0007698177942074835,9.999999747378752e-05
1702,1.0,0.000774240237660706,9.999999747378752e-05
1703,1.0,0.0006552459672093391,9.999999747378752e-05
1704,1.0,0.000848058785777539,9.999999747378752e-05
1705,1.0,0.0009650116553530097,9.999999747378752e-05
1706,1.0,0.001045124838128686,9.999999747378752e-05
1707,1.0,0.0005596582195721567,9.999999747378752e-05
1708,1.0,0.0010958246421068907,9.999999747378752e-05
1709,1.0,0.001273073721677065,9.999999747378752e-05
1710,1.0,0.0005742156063206494,9.999999747378752e-05
1711,1.0,0.0009649517014622688,9.999999747378752e-05
1712,1.0,0.002047804882749915,9.999999747378752e-05
1713,1.0,0.000801830377895385,9.999999747378752e-05
1714,1.0,0.0007051495485939085,9.999999747378752e-05
1715,1.0,0.0005451289471238852,9.999999747378752e-05
1716,1.0,0.0014401782536879182,9.999999747378752e-05
1717,1.0,0.0007618821109645069,9.999999747378752e-05
1718,1.0,0.001027423539198935,9.999999747378752e-05
1719,1.0,0.000816300162114203,9.999999747378752e-05
1720,1.0,0.0006793857901357114,9.999999747378752e-05
1721,1.0,0.0006098933517932892,9.999999747378752e-05
1722,1.0,0.0011593399103730917,9.999999747378752e-05
1723,1.0,0.0005289363325573504,9.999999747378752e-05
1724,1.0,0.001005288097076118,9.999999747378752e-05
1725,1.0,0.000860092113725841,9.999999747378752e-05
1726,1.0,0.0005756157333962619,9.999999747378752e-05
1727,1.0,0.0007191413315013051,9.999999747378752e-05
1728,1.0,0.0004935125471092761,9.999999747378752e-05
1729,1.0,0.0007771242526359856,9.999999747378752e-05
1730,1.0,0.0006838528206571937,9.999999747378752e-05
1731,1.0,0.0006642020889557898,9.999999747378752e-05
1732,1.0,0.00031228733132593334,9.999999747378752e-05
1733,1.0,0.0006447085179388523,9.999999747378752e-05
1734,1.0,0.0005808077985420823,9.999999747378752e-05
1735,1.0,0.0009638077463023365,9.999999747378752e-05
1736,1.0,0.0005678011802956462,9.999999747378752e-05
1737,1.0,0.001033096807077527,9.999999747378752e-05
1738,1.0,0.0016019146423786879,9.999999747378752e-05
1739,1.0,0.002625885885208845,9.999999747378752e-05
1740,1.0,0.0009085258352570236,9.999999747378752e-05
1741,1.0,0.0008761171484366059,9.999999747378752e-05
1742,1.0,0.000841822475194931,9.999999747378752e-05
1743,1.0,0.0004993092734366655,9.999999747378752e-05
1744,1.0,0.00043218210339546204,9.999999747378752e-05
1745,1.0,0.001109462114982307,9.999999747378752e-05
1746,1.0,0.0004482764343265444,9.999999747378752e-05
1747,1.0,0.0006308412412181497,9.999999747378752e-05
1748,1.0,0.0008099245023913682,9.999999747378752e-05
1749,1.0,0.000996603281237185,9.999999747378752e-05
1750,1.0,0.0014357116306200624,9.999999747378752e-05
1751,1.0,0.0006834735977463424,9.999999747378752e-05
1752,1.0,0.0010558951180428267,9.999999747378752e-05
1753,1.0,0.000530263117980212,9.999999747378752e-05
1754,1.0,0.0006713688489980996,9.999999747378752e-05
1755,1.0,0.0005033008055761456,9.999999747378752e-05
1756,1.0,0.0008507040329277515,9.999999747378752e-05
1757,1.0,0.0009696617489680648,9.999999747378752e-05
1758,1.0,0.0006875208346173167,9.999999747378752e-05
1759,1.0,0.0031123769003897905,9.999999747378752e-05
1760,1.0,0.0010858068708330393,9.999999747378752e-05
1761,1.0,0.0008321098866872489,9.999999747378752e-05
1762,1.0,0.0006902524037286639,9.999999747378752e-05
1763,1.0,0.0013331223744899035,9.999999747378752e-05
1764,1.0,0.0009270329028367996,9.999999747378752e-05
1765,1.0,0.0006042685708962381,9.999999747378752e-05
1766,1.0,0.001265578786842525,9.999999747378752e-05
1767,1.0,0.0009462013840675354,9.999999747378752e-05
1768,1.0,0.0006541412440128624,9.999999747378752e-05
1769,1.0,0.0008271985570900142,9.999999747378752e-05
1770,1.0,0.00047158062807284296,9.999999747378752e-05
1771,1.0,0.0008158340933732688,9.999999747378752e-05
1772,1.0,0.0006647211266681552,9.999999747378752e-05
1773,1.0,0.0009109069360420108,9.999999747378752e-05
1774,1.0,0.0017332909628748894,9.999999747378752e-05
1775,1.0,0.0005363199161365628,9.999999747378752e-05
1776,1.0,0.0006877445266582072,9.999999747378752e-05
1777,1.0,0.0006114859716035426,9.999999747378752e-05
1778,1.0,0.0006790964980609715,9.999999747378752e-05
1779,1.0,0.0006651832372881472,9.999999747378752e-05
1780,1.0,0.0008168976637534797,9.999999747378752e-05
1781,1.0,0.0007564494153484702,9.999999747378752e-05
1782,1.0,0.0006002411828376353,9.999999747378752e-05
1783,1.0,0.0005564486491493881,9.999999747378752e-05
1784,1.0,0.001615156652405858,9.999999747378752e-05
1785,1.0,0.0006965774809941649,9.999999747378752e-05
1786,1.0,0.0011629429645836353,9.999999747378752e-05
1787,1.0,0.0007456859457306564,9.999999747378752e-05
1788,1.0,0.0007351943058893085,9.999999747378752e-05
1789,1.0,0.0007899242336861789,9.999999747378752e-05
1790,1.0,0.0005579575663432479,9.999999747378752e-05
1791,1.0,0.0005816984339617193,9.999999747378752e-05
1792,1.0,0.0005178359569981694,9.999999747378752e-05
1793,1.0,0.0005513091455213726,9.999999747378752e-05
1794,1.0,0.0009198017651215196,9.999999747378752e-05
1795,1.0,0.0012284753611311316,9.999999747378752e-05
1796,1.0,0.0008351864526048303,9.999999747378752e-05
1797,1.0,0.0006037635612301528,9.999999747378752e-05
1798,1.0,0.0007273024530149996,9.999999747378752e-05
1799,1.0,0.0004957035998813808,9.999999747378752e-05
1800,1.0,0.0007122539100237191,9.999999747378752e-05
1801,1.0,0.000598249607719481,9.999999747378752e-05
1802,1.0,0.00043176207691431046,9.999999747378752e-05
1803,1.0,0.0006538126617670059,9.999999747378752e-05
1804,1.0,0.000827019102871418,9.999999747378752e-05
1805,1.0,0.00042339396895840764,9.999999747378752e-05
1806,1.0,0.0008171839872375131,9.999999747378752e-05
1807,1.0,0.0007097391062416136,9.999999747378752e-05
1808,1.0,0.0005925787263549864,9.999999747378752e-05
1809,1.0,0.0003199355269316584,9.999999747378752e-05
1810,1.0,0.0010900188935920596,9.999999747378752e-05
1811,1.0,0.0006524827913381159,9.999999747378752e-05
1812,1.0,0.0009072722750715911,9.999999747378752e-05
1813,1.0,0.0008471709443256259,9.999999747378752e-05
1814,1.0,0.0005888028535991907,9.999999747378752e-05
1815,1.0,0.0011020393576472998,9.999999747378752e-05
1816,1.0,0.0009542177431285381,9.999999747378752e-05
1817,1.0,0.00045517817488871515,9.999999747378752e-05
1818,1.0,0.0014829187421128154,9.999999747378752e-05
1819,1.0,0.0008418887737207115,9.999999747378752e-05
1820,1.0,0.0007754024700261652,9.999999747378752e-05
1821,1.0,0.0008640892920084298,9.999999747378752e-05
1822,1.0,0.0010624784044921398,9.999999747378752e-05
1823,1.0,0.0011208945652469993,9.999999747378752e-05
1824,1.0,0.0005597796407528222,9.999999747378752e-05
1825,1.0,0.0005992809310555458,9.999999747378752e-05
1826,1.0,0.00033689875272102654,9.999999747378752e-05
1827,1.0,0.0008833631873130798,9.999999747378752e-05
1828,1.0,0.000565072987228632,9.999999747378752e-05
1829,1.0,0.0007753539248369634,9.999999747378752e-05
1830,1.0,0.0013838026206940413,9.999999747378752e-05
1831,1.0,0.0008404887048527598,9.999999747378752e-05
1832,1.0,0.0021979250013828278,9.999999747378752e-05
1833,1.0,0.0004921491490676999,9.999999747378752e-05
1834,1.0,0.0009307237342000008,9.999999747378752e-05
1835,1.0,0.0009261950617656112,9.999999747378752e-05
1836,1.0,0.000614700373262167,9.999999747378752e-05
1837,1.0,0.001188228721730411,9.999999747378752e-05
1838,1.0,0.0006155549781396985,9.999999747378752e-05
1839,1.0,0.0007184421410784125,9.999999747378752e-05
1840,1.0,0.0009329346939921379,9.999999747378752e-05
1841,1.0,0.0006236989283934236,9.999999747378752e-05
1842,1.0,0.0005972840590402484,9.999999747378752e-05
1843,1.0,0.0011640572920441628,9.999999747378752e-05
1844,1.0,0.0005438298685476184,9.999999747378752e-05
1845,1.0,0.0007669989136047661,9.999999747378752e-05
1846,1.0,0.0006010193610563874,9.999999747378752e-05
1847,1.0,0.000656001444440335,9.999999747378752e-05
1848,1.0,0.0011965183075517416,9.999999747378752e-05
1849,1.0,0.00030228972900658846,9.999999747378752e-05
1850,1.0,0.000934027717448771,9.999999747378752e-05
1851,1.0,0.0005461189430207014,9.999999747378752e-05
1852,1.0,0.0013151546008884907,9.999999747378752e-05
1853,1.0,0.0006050997180864215,9.999999747378752e-05
1854,1.0,0.00046429195208474994,9.999999747378752e-05
1855,1.0,0.0017984593287110329,9.999999747378752e-05
1856,1.0,0.003304640995338559,9.999999747378752e-05
1857,1.0,0.00623795110732317,9.999999747378752e-05
1858,1.0,0.006927526090294123,9.999999747378752e-05
1859,1.0,0.02785012684762478,9.999999747378752e-05
1860,1.0,0.027685964480042458,9.999999747378752e-05
1861,1.0,0.00844256766140461,9.999999747378752e-05
1862,1.0,0.0406302772462368,9.999999747378752e-05
1863,1.0,0.016904043033719063,9.999999747378752e-05
1864,1.0,0.008768409490585327,9.999999747378752e-05
1865,1.0,0.005766027607023716,9.999999747378752e-05
1866,1.0,0.0031801245640963316,9.999999747378752e-05
1867,1.0,0.001794815412722528,9.999999747378752e-05
1868,1.0,0.001313243992626667,9.999999747378752e-05
1869,1.0,0.0015117356088012457,9.999999747378752e-05
1870,1.0,0.002035129815340042,9.999999747378752e-05
1871,1.0,0.0009530560928396881,9.999999747378752e-05
1872,1.0,0.0014848255086690187,9.999999747378752e-05
1873,1.0,0.001246655941940844,9.999999747378752e-05
1874,1.0,0.0011828334536403418,9.999999747378752e-05
1875,1.0,0.0014101180713623762,9.999999747378752e-05
1876,1.0,0.0008891138131730258,9.999999747378752e-05
1877,1.0,0.000996897229924798,9.999999747378752e-05
1878,1.0,0.00135584338568151,9.999999747378752e-05
1879,1.0,0.0015327956061810255,9.999999747378752e-05
1880,1.0,0.0010514585301280022,9.999999747378752e-05
1881,1.0,0.0010750945657491684,9.999999747378752e-05
1882,1.0,0.0013587980065494776,9.999999747378752e-05
1883,1.0,0.0018223834922537208,9.999999747378752e-05
1884,1.0,0.00151813926640898,9.999999747378752e-05
1885,1.0,0.001138127874583006,9.999999747378752e-05
1886,1.0,0.0007306834449991584,9.999999747378752e-05
1887,1.0,0.0007245280430652201,9.999999747378752e-05
1888,1.0,0.0008292264537885785,9.999999747378752e-05
1889,1.0,0.0009507790091447532,9.999999747378752e-05
1890,1.0,0.0007004960207268596,9.999999747378752e-05
1891,1.0,0.00088638870511204,9.999999747378752e-05
1892,1.0,0.001049501122906804,9.999999747378752e-05
1893,1.0,0.0008401283994317055,9.999999747378752e-05
1894,1.0,0.0008057761006057262,9.999999747378752e-05
1895,1.0,0.0007854996947571635,9.999999747378752e-05
1896,1.0,0.0004229484184179455,9.999999747378752e-05
1897,1.0,0.0008469122694805264,9.999999747378752e-05
1898,1.0,0.0006846481119282544,9.999999747378752e-05
1899,1.0,0.0008167215855792165,9.999999747378752e-05
1900,1.0,0.0010526732075959444,9.999999747378752e-05
1901,1.0,0.0005805930704809725,9.999999747378752e-05
1902,1.0,0.0008758140029385686,9.999999747378752e-05
1903,1.0,0.0014304124051705003,9.999999747378752e-05
1904,1.0,0.0009293498587794602,9.999999747378752e-05
1905,1.0,0.0008084697765298188,9.999999747378752e-05
1906,1.0,0.0008102068677544594,9.999999747378752e-05
1907,1.0,0.0008041673572733998,9.999999747378752e-05
1908,1.0,0.0005831831367686391,9.999999747378752e-05
1909,1.0,0.0013385021593421698,9.999999747378752e-05
1910,1.0,0.0006685166736133397,9.999999747378752e-05
1911,1.0,0.001177845406346023,9.999999747378752e-05
1912,1.0,0.000561824650503695,9.999999747378752e-05
1913,1.0,0.0011932800989598036,9.999999747378752e-05
1914,1.0,0.0008224344928748906,9.999999747378752e-05
1915,1.0,0.0004475929890759289,9.999999747378752e-05
1916,1.0,0.00048109726049005985,9.999999747378752e-05
1917,1.0,0.000765232543926686,9.999999747378752e-05
1918,1.0,0.0007165861316025257,9.999999747378752e-05
1919,1.0,0.0007307943888008595,9.999999747378752e-05
1920,1.0,0.0007647935417480767,9.999999747378752e-05
1921,1.0,0.0008615294354967773,9.999999747378752e-05
1922,1.0,0.002437854651361704,9.999999747378752e-05
1923,1.0,0.0015369018074125051,9.999999747378752e-05
1924,1.0,0.0010613099439069629,9.999999747378752e-05
1925,1.0,0.0005767574184574187,9.999999747378752e-05
1926,1.0,0.0010607836302369833,9.999999747378752e-05
1927,1.0,0.0005154566606506705,9.999999747378752e-05
1928,1.0,0.0010451170383021235,9.999999747378752e-05
1929,1.0,0.0008149144123308361,9.999999747378752e-05
1930,1.0,0.0006386274471879005,9.999999747378752e-05
1931,1.0,0.0007425781222991645,9.999999747378752e-05
1932,1.0,0.0006275164196267724,9.999999747378752e-05
1933,1.0,0.0006151452544145286,9.999999747378752e-05
1934,1.0,0.001160294865258038,9.999999747378752e-05
1935,1.0,0.0018783671548590064,9.999999747378752e-05
1936,1.0,0.000541962101124227,9.999999747378752e-05
1937,1.0,0.001081470400094986,9.999999747378752e-05
1938,1.0,0.0007602342520840466,9.999999747378752e-05
1939,1.0,0.0007069282000884414,9.999999747378752e-05
1940,1.0,0.0007574850460514426,9.999999747378752e-05
1941,1.0,0.0004781403113156557,9.999999747378752e-05
1942,1.0,0.0005866663996130228,9.999999747378752e-05
1943,1.0,0.0007116677588783205,9.999999747378752e-05
1944,1.0,0.0016721036517992616,9.999999747378752e-05
1945,1.0,0.0012263263342902064,9.999999747378752e-05
1946,1.0,0.0005933929933235049,9.999999747378752e-05
1947,1.0,0.001206684741191566,9.999999747378752e-05
1948,1.0,0.001510398811660707,9.999999747378752e-05
1949,1.0,0.0009042822057381272,9.999999747378752e-05
1950,1.0,0.0009176554158329964,9.999999747378752e-05
1951,1.0,0.0014276396250352263,9.999999747378752e-05
1952,1.0,0.0008178196148946881,9.999999747378752e-05
1953,1.0,0.0003826590836979449,9.999999747378752e-05
1954,1.0,0.0009689039434306324,9.999999747378752e-05
1955,1.0,0.0006560821202583611,9.999999747378752e-05
1956,1.0,0.0006431563524529338,9.999999747378752e-05
1957,1.0,0.0005500020342878997,9.999999747378752e-05
1958,1.0,0.000979906995780766,9.999999747378752e-05
1959,1.0,0.0006144290091469884,9.999999747378752e-05
1960,1.0,0.0004968023858964443,9.999999747378752e-05
1961,1.0,0.0005083369323983788,9.999999747378752e-05
1962,1.0,0.0012297203065827489,9.999999747378752e-05
1963,1.0,0.0006277334759943187,9.999999747378752e-05
1964,1.0,0.0008133150404319167,9.999999747378752e-05
1965,1.0,0.0006629748968407512,9.999999747378752e-05
1966,1.0,0.001082909875549376,9.999999747378752e-05
1967,1.0,0.0006037122802808881,9.999999747378752e-05
1968,1.0,0.001227355794981122,9.999999747378752e-05
1969,1.0,0.0005828418652527034,9.999999747378752e-05
1970,1.0,0.0004941733786836267,9.999999747378752e-05
1971,1.0,0.000662769831251353,9.999999747378752e-05
1972,1.0,0.0004135433700866997,9.999999747378752e-05
1973,1.0,0.0005576052935793996,9.999999747378752e-05
1974,1.0,0.0008203891920857131,9.999999747378752e-05
1975,1.0,0.0001978039217647165,9.999999747378752e-05
1976,1.0,0.00045291351852938533,9.999999747378752e-05
1977,1.0,0.00047449092380702496,9.999999747378752e-05
1978,1.0,0.0005804059328511357,9.999999747378752e-05
1979,1.0,0.0005225244676694274,9.999999747378752e-05
1980,1.0,0.0008107757312245667,9.999999747378752e-05
1981,1.0,0.0006635146564804018,9.999999747378752e-05
1982,1.0,0.0004633959906641394,9.999999747378752e-05
1983,1.0,0.0007127001881599426,9.999999747378752e-05
1984,1.0,0.00034223159309476614,9.999999747378752e-05
1985,1.0,0.0008867845754139125,9.999999747378752e-05
1986,1.0,0.0006461863522417843,9.999999747378752e-05
1987,1.0,0.0008366221445612609,9.999999747378752e-05
1988,1.0,0.0005048984894528985,9.999999747378752e-05
1989,1.0,0.0005674298154190183,9.999999747378752e-05
1990,1.0,0.0007014187285676599,9.999999747378752e-05
1991,1.0,0.0005799787468276918,9.999999747378752e-05
1992,1.0,0.0005815339391119778,9.999999747378752e-05
1993,1.0,0.0004649486509151757,9.999999747378752e-05
1994,1.0,0.00047693285159766674,9.999999747378752e-05
1995,1.0,0.0007836297154426575,9.999999747378752e-05
1996,1.0,0.0009550621616654098,9.999999747378752e-05
1997,1.0,0.0001970035518752411,9.999999747378752e-05
1998,1.0,0.0004998709773644805,9.999999747378752e-05
1999,1.0,0.00027950224466621876,9.999999747378752e-05
