,categorical_accuracy,loss,learning_rate
0,0.4722222089767456,1.0920436382293701,0.0010000000474974513
1,0.5555555820465088,0.9979313611984253,0.0010000000474974513
2,0.4444444477558136,0.9511624574661255,0.0010000000474974513
3,0.5277777910232544,1.0312994718551636,0.0010000000474974513
4,0.4722222089767456,1.0340185165405273,0.0010000000474974513
5,0.5555555820465088,0.9011797308921814,0.0010000000474974513
6,0.4166666567325592,0.9791183471679688,0.0010000000474974513
7,0.6388888955116272,0.8882989883422852,0.0010000000474974513
8,0.5833333134651184,0.8533990979194641,0.0010000000474974513
9,0.6388888955116272,0.8458015322685242,0.0010000000474974513
10,0.6111111044883728,0.8093259334564209,0.0010000000474974513
11,0.5277777910232544,0.8864451050758362,0.0010000000474974513
12,0.6944444179534912,0.817355215549469,0.0010000000474974513
13,0.5555555820465088,0.8290486931800842,0.0010000000474974513
14,0.5555555820465088,0.8491517901420593,0.0010000000474974513
15,0.6111111044883728,0.7397735118865967,0.0010000000474974513
16,0.5,0.7041580080986023,0.0010000000474974513
17,0.5,0.8532733917236328,0.0010000000474974513
18,0.6388888955116272,0.8334428668022156,0.0010000000474974513
19,0.6388888955116272,0.820453941822052,0.0010000000474974513
20,0.5555555820465088,0.7623950242996216,0.0010000000474974513
21,0.6388888955116272,0.9432510733604431,0.0010000000474974513
22,0.6666666865348816,0.8119165897369385,0.0010000000474974513
23,0.7222222089767456,0.6524744033813477,0.0010000000474974513
24,0.7222222089767456,0.7388594746589661,0.0010000000474974513
25,0.75,0.69084632396698,0.0010000000474974513
26,0.75,0.6022806167602539,0.0010000000474974513
27,0.7222222089767456,0.6683163046836853,0.0010000000474974513
28,0.7777777910232544,0.6591299176216125,0.0010000000474974513
29,0.6111111044883728,0.7698516249656677,0.0010000000474974513
30,0.6111111044883728,0.839466392993927,0.0010000000474974513
31,0.7777777910232544,0.6314911246299744,0.0010000000474974513
32,0.75,0.650420606136322,0.0010000000474974513
33,0.7222222089767456,0.6310209035873413,0.0010000000474974513
34,0.75,0.5751447677612305,0.0010000000474974513
35,0.6666666865348816,0.6639662384986877,0.0010000000474974513
36,0.7222222089767456,0.7029327750205994,0.0010000000474974513
37,0.7222222089767456,0.6404921412467957,0.0010000000474974513
38,0.7222222089767456,0.6291455030441284,0.0010000000474974513
39,0.7777777910232544,0.6143098473548889,0.0010000000474974513
40,0.7222222089767456,0.6426417827606201,0.0010000000474974513
41,0.75,0.5979703664779663,0.0010000000474974513
42,0.6944444179534912,0.6264503002166748,0.0010000000474974513
43,0.6111111044883728,0.7523131370544434,0.0010000000474974513
44,0.6666666865348816,0.7261509895324707,0.0010000000474974513
45,0.6944444179534912,0.6365837454795837,0.0010000000474974513
46,0.6944444179534912,0.6104267239570618,0.0010000000474974513
47,0.6388888955116272,0.6844961047172546,0.0010000000474974513
48,0.7777777910232544,0.6098625063896179,0.0010000000474974513
49,0.7222222089767456,0.5594937801361084,0.0010000000474974513
50,0.8055555820465088,0.6465649008750916,0.0010000000474974513
51,0.9166666865348816,0.45273929834365845,0.0010000000474974513
52,0.8611111044883728,0.5148171782493591,0.0010000000474974513
53,0.75,0.6213783025741577,0.0010000000474974513
54,0.75,0.5227189660072327,0.0010000000474974513
55,0.75,0.6466608047485352,0.0010000000474974513
56,0.6944444179534912,0.6218477487564087,0.0010000000474974513
57,0.8055555820465088,0.5233629941940308,0.0010000000474974513
58,0.8055555820465088,0.525587797164917,0.0010000000474974513
59,0.7222222089767456,0.544047474861145,0.0010000000474974513
60,0.8611111044883728,0.4298272728919983,0.0010000000474974513
61,0.75,0.5814859867095947,0.0010000000474974513
62,0.8333333134651184,0.5630021691322327,0.0010000000474974513
63,0.75,0.6195794343948364,0.0010000000474974513
64,0.8333333134651184,0.603744387626648,0.0010000000474974513
65,0.7777777910232544,0.617639422416687,0.0010000000474974513
66,0.75,0.55325847864151,0.0010000000474974513
67,0.8333333134651184,0.44217735528945923,0.0010000000474974513
68,0.8333333134651184,0.5480121374130249,0.0010000000474974513
69,0.8055555820465088,0.5119863748550415,0.0010000000474974513
70,0.8333333134651184,0.607072114944458,0.0010000000474974513
71,0.8333333134651184,0.4986382722854614,0.0010000000474974513
72,0.8888888955116272,0.4797651469707489,0.0010000000474974513
73,0.9444444179534912,0.39114415645599365,0.0010000000474974513
74,0.7777777910232544,0.5711348056793213,0.0010000000474974513
75,0.8055555820465088,0.49920517206192017,0.0010000000474974513
76,0.8055555820465088,0.5386549234390259,0.0010000000474974513
77,0.8611111044883728,0.5118364691734314,0.0010000000474974513
78,0.8611111044883728,0.42095187306404114,0.0010000000474974513
79,0.8055555820465088,0.4658152163028717,0.0010000000474974513
80,0.6666666865348816,0.5752838850021362,0.0010000000474974513
81,0.8333333134651184,0.4771621525287628,0.0010000000474974513
82,0.8333333134651184,0.4252127408981323,0.0010000000474974513
83,0.8611111044883728,0.4637739956378937,0.0010000000474974513
84,0.9166666865348816,0.37171831727027893,0.0010000000474974513
85,0.7777777910232544,0.56456458568573,0.0010000000474974513
86,0.8055555820465088,0.5182502269744873,0.0010000000474974513
87,0.9722222089767456,0.38000690937042236,0.0010000000474974513
88,0.9166666865348816,0.3824699819087982,0.0010000000474974513
89,0.7777777910232544,0.5104762315750122,0.0010000000474974513
90,0.8611111044883728,0.43339136242866516,0.0010000000474974513
91,0.7777777910232544,0.610998809337616,0.0010000000474974513
92,0.8055555820465088,0.4316527247428894,0.0010000000474974513
93,0.75,0.5523569583892822,0.0010000000474974513
94,0.9166666865348816,0.4491780698299408,0.0010000000474974513
95,0.8611111044883728,0.3896700143814087,0.0010000000474974513
96,0.8888888955116272,0.3886490762233734,0.0010000000474974513
97,0.8888888955116272,0.41532784700393677,0.0010000000474974513
98,0.8888888955116272,0.3785349726676941,0.0010000000474974513
99,0.8333333134651184,0.4662107825279236,0.0010000000474974513
100,0.9722222089767456,0.34673941135406494,0.0010000000474974513
101,0.8611111044883728,0.43969759345054626,0.0010000000474974513
102,0.9444444179534912,0.3286231756210327,0.0010000000474974513
103,0.9444444179534912,0.3431563973426819,0.0010000000474974513
104,0.8611111044883728,0.391950786113739,0.0010000000474974513
105,0.8888888955116272,0.38885027170181274,0.0010000000474974513
106,0.8888888955116272,0.4024845063686371,0.0010000000474974513
107,0.9166666865348816,0.40151119232177734,0.0010000000474974513
108,0.8333333134651184,0.49316978454589844,0.0010000000474974513
109,0.7777777910232544,0.3441804051399231,0.0010000000474974513
110,0.8333333134651184,0.4739912450313568,0.0010000000474974513
111,0.8333333134651184,0.41339027881622314,0.0010000000474974513
112,0.9166666865348816,0.4459325075149536,0.0010000000474974513
113,0.8611111044883728,0.47463566064834595,0.0010000000474974513
114,0.8611111044883728,0.44600996375083923,0.0010000000474974513
115,0.8055555820465088,0.5175431370735168,0.0010000000474974513
116,0.8611111044883728,0.5020570158958435,0.0010000000474974513
117,0.8333333134651184,0.42528870701789856,0.0010000000474974513
118,0.8611111044883728,0.42529505491256714,0.0010000000474974513
119,0.8611111044883728,0.4361048936843872,0.0010000000474974513
120,0.9166666865348816,0.4843752086162567,0.0010000000474974513
121,0.8333333134651184,0.4020908772945404,0.0010000000474974513
122,0.8888888955116272,0.3467215597629547,0.0010000000474974513
123,0.8611111044883728,0.47603172063827515,0.0010000000474974513
124,0.8055555820465088,0.49727460741996765,0.0010000000474974513
125,0.8611111044883728,0.350467711687088,0.0010000000474974513
126,0.9722222089767456,0.25375425815582275,0.0010000000474974513
127,0.8333333134651184,0.36366260051727295,0.0010000000474974513
128,0.8611111044883728,0.3913603127002716,0.0010000000474974513
129,0.9166666865348816,0.4163862466812134,0.0010000000474974513
130,0.8611111044883728,0.3856765031814575,0.0010000000474974513
131,0.8888888955116272,0.3405614495277405,0.0010000000474974513
132,0.9166666865348816,0.33199289441108704,0.0010000000474974513
133,0.9166666865348816,0.28313586115837097,0.0010000000474974513
134,0.8611111044883728,0.37962549924850464,0.0010000000474974513
135,1.0,0.258933424949646,0.0010000000474974513
136,0.9166666865348816,0.310003399848938,0.0010000000474974513
137,0.9166666865348816,0.2858588397502899,0.0010000000474974513
138,0.9166666865348816,0.31650030612945557,0.0010000000474974513
139,0.9166666865348816,0.2682240605354309,0.0010000000474974513
140,0.8888888955116272,0.31802991032600403,0.0010000000474974513
141,0.9166666865348816,0.28237664699554443,0.0010000000474974513
142,0.9444444179534912,0.2625815272331238,0.0010000000474974513
143,0.9166666865348816,0.36775073409080505,0.0010000000474974513
144,0.8888888955116272,0.4257029592990875,0.0010000000474974513
145,0.9166666865348816,0.2878745198249817,0.0010000000474974513
146,0.7777777910232544,0.4529355466365814,0.0010000000474974513
147,0.9166666865348816,0.3624475598335266,0.0010000000474974513
148,0.9166666865348816,0.298340380191803,0.0010000000474974513
149,0.8611111044883728,0.35640814900398254,0.0010000000474974513
150,0.9166666865348816,0.3162898123264313,0.0010000000474974513
151,0.9444444179534912,0.27682754397392273,0.0010000000474974513
152,0.9722222089767456,0.2564152777194977,0.0010000000474974513
153,0.8888888955116272,0.3609309494495392,0.0010000000474974513
154,0.8888888955116272,0.3255075514316559,0.0010000000474974513
155,0.8333333134651184,0.31167158484458923,0.0010000000474974513
156,0.9166666865348816,0.32933178544044495,0.0010000000474974513
157,0.8333333134651184,0.3773721754550934,0.0010000000474974513
158,0.8333333134651184,0.46522316336631775,0.0010000000474974513
159,0.9444444179534912,0.2372579276561737,0.0010000000474974513
160,0.9444444179534912,0.23146983981132507,0.0010000000474974513
161,0.9166666865348816,0.31074461340904236,0.0010000000474974513
162,0.8333333134651184,0.29923975467681885,0.0010000000474974513
163,0.9444444179534912,0.2684764564037323,0.0010000000474974513
164,0.9722222089767456,0.22207827866077423,0.0010000000474974513
165,0.9444444179534912,0.2023044228553772,0.0010000000474974513
166,0.9722222089767456,0.2002508044242859,0.0010000000474974513
167,0.9444444179534912,0.22819407284259796,0.0010000000474974513
168,0.9722222089767456,0.30769017338752747,0.0010000000474974513
169,1.0,0.18111304938793182,0.0010000000474974513
170,0.8888888955116272,0.3063153028488159,0.0010000000474974513
171,0.9444444179534912,0.2880164086818695,0.0010000000474974513
172,0.9444444179534912,0.2570250630378723,0.0010000000474974513
173,0.9444444179534912,0.27626049518585205,0.0010000000474974513
174,0.9444444179534912,0.29328349232673645,0.0010000000474974513
175,0.8611111044883728,0.48487070202827454,0.0010000000474974513
176,0.8888888955116272,0.40414249897003174,0.0010000000474974513
177,0.9722222089767456,0.1899070292711258,0.0010000000474974513
178,0.8888888955116272,0.24308496713638306,0.0010000000474974513
179,0.8333333134651184,0.32801398634910583,0.0010000000474974513
180,0.9444444179534912,0.23051196336746216,0.0010000000474974513
181,0.9722222089767456,0.18414629995822906,0.0010000000474974513
182,0.9444444179534912,0.2259664535522461,0.0010000000474974513
183,0.9166666865348816,0.25365936756134033,0.0010000000474974513
184,0.8055555820465088,0.4923766851425171,0.0010000000474974513
185,0.8333333134651184,0.4692310690879822,0.0010000000474974513
186,0.9722222089767456,0.239055335521698,0.0010000000474974513
187,0.9444444179534912,0.2152058482170105,0.0010000000474974513
188,0.9166666865348816,0.30079638957977295,0.0010000000474974513
189,0.9166666865348816,0.2460775375366211,0.0010000000474974513
190,0.8888888955116272,0.3281421363353729,0.0010000000474974513
191,0.9722222089767456,0.20495125651359558,0.0010000000474974513
192,0.9444444179534912,0.30256760120391846,0.0010000000474974513
193,0.9166666865348816,0.24134455621242523,0.0010000000474974513
194,0.9444444179534912,0.18756292760372162,0.0010000000474974513
195,0.9722222089767456,0.3163317143917084,0.0010000000474974513
196,0.9722222089767456,0.24650999903678894,0.0010000000474974513
197,0.8888888955116272,0.317844420671463,0.0010000000474974513
198,0.9166666865348816,0.23036640882492065,0.0010000000474974513
199,1.0,0.19907352328300476,0.0010000000474974513
200,0.9444444179534912,0.1698438823223114,0.0010000000474974513
201,0.9444444179534912,0.14322742819786072,0.0010000000474974513
202,0.8888888955116272,0.2675832211971283,0.0010000000474974513
203,0.8611111044883728,0.33067381381988525,0.0010000000474974513
204,0.8333333134651184,0.36249232292175293,0.0010000000474974513
205,0.9166666865348816,0.3173820674419403,0.0010000000474974513
206,0.8888888955116272,0.3117929697036743,0.0010000000474974513
207,0.8333333134651184,0.3840266466140747,0.0010000000474974513
208,0.8333333134651184,0.42621904611587524,0.0010000000474974513
209,0.9722222089767456,0.2461910843849182,0.0010000000474974513
210,0.9166666865348816,0.23549328744411469,0.0010000000474974513
211,0.9722222089767456,0.222508504986763,0.0010000000474974513
212,0.9444444179534912,0.20851272344589233,0.0010000000474974513
213,1.0,0.1106644868850708,0.0010000000474974513
214,0.9722222089767456,0.15335941314697266,0.0010000000474974513
215,0.8888888955116272,0.21340851485729218,0.0010000000474974513
216,0.9722222089767456,0.16145990788936615,0.0010000000474974513
217,0.9722222089767456,0.19718819856643677,0.0010000000474974513
218,1.0,0.12645044922828674,0.0010000000474974513
219,0.9166666865348816,0.3028515577316284,0.0010000000474974513
220,0.9166666865348816,0.277004599571228,0.0010000000474974513
221,0.9166666865348816,0.2697901725769043,0.0010000000474974513
222,0.9722222089767456,0.2089642733335495,0.0010000000474974513
223,0.8888888955116272,0.259998619556427,0.0010000000474974513
224,0.9444444179534912,0.18448570370674133,0.0010000000474974513
225,0.8888888955116272,0.2532615065574646,0.0010000000474974513
226,0.9722222089767456,0.17208260297775269,0.0010000000474974513
227,0.9166666865348816,0.24237650632858276,0.0010000000474974513
228,1.0,0.11558377742767334,0.0010000000474974513
229,1.0,0.14368334412574768,0.0010000000474974513
230,1.0,0.15941159427165985,0.0010000000474974513
231,0.9722222089767456,0.17244918644428253,0.0010000000474974513
232,0.9444444179534912,0.20091810822486877,0.0010000000474974513
233,0.9166666865348816,0.1788857877254486,0.0010000000474974513
234,0.8888888955116272,0.20450925827026367,0.0010000000474974513
235,0.9166666865348816,0.208249032497406,0.0010000000474974513
236,0.9444444179534912,0.23054510354995728,0.0010000000474974513
237,0.9722222089767456,0.16592387855052948,0.0010000000474974513
238,1.0,0.12290016561746597,0.0010000000474974513
239,0.9166666865348816,0.3102962076663971,0.0010000000474974513
240,0.9722222089767456,0.17645712196826935,0.0010000000474974513
241,0.8888888955116272,0.239013671875,0.0010000000474974513
242,0.9722222089767456,0.18475888669490814,0.0010000000474974513
243,1.0,0.0877290591597557,0.0010000000474974513
244,0.9444444179534912,0.21407842636108398,0.0010000000474974513
245,0.8888888955116272,0.24474146962165833,0.0010000000474974513
246,1.0,0.15056875348091125,0.0010000000474974513
247,1.0,0.0939626470208168,0.0010000000474974513
248,0.9444444179534912,0.21133483946323395,0.0010000000474974513
249,0.9444444179534912,0.2084050476551056,0.0010000000474974513
250,1.0,0.11645632237195969,0.0010000000474974513
251,0.9444444179534912,0.25717806816101074,0.0010000000474974513
252,1.0,0.11941128224134445,0.0010000000474974513
253,0.8333333134651184,0.33819496631622314,0.0010000000474974513
254,0.9444444179534912,0.17950010299682617,0.0010000000474974513
255,0.9722222089767456,0.19189172983169556,0.0010000000474974513
256,0.9722222089767456,0.15723799169063568,0.0010000000474974513
257,0.9444444179534912,0.19761264324188232,0.0010000000474974513
258,0.9722222089767456,0.1171133890748024,0.0010000000474974513
259,1.0,0.14635919034481049,0.0010000000474974513
260,0.9722222089767456,0.1029573380947113,0.0010000000474974513
261,1.0,0.1285359114408493,0.0010000000474974513
262,0.9166666865348816,0.19876784086227417,0.0010000000474974513
263,0.9722222089767456,0.16771237552165985,0.0010000000474974513
264,1.0,0.09614978730678558,0.0010000000474974513
265,1.0,0.09077780693769455,0.0010000000474974513
266,0.9722222089767456,0.1582230031490326,0.0010000000474974513
267,1.0,0.0849260613322258,0.0010000000474974513
268,0.9722222089767456,0.1834735870361328,0.0010000000474974513
269,0.9722222089767456,0.12008260190486908,0.0010000000474974513
270,1.0,0.17290490865707397,0.0010000000474974513
271,0.9722222089767456,0.10112423449754715,0.0010000000474974513
272,0.9166666865348816,0.13120128214359283,0.0010000000474974513
273,0.9722222089767456,0.159857377409935,0.0010000000474974513
274,0.9166666865348816,0.25160855054855347,0.0010000000474974513
275,0.9444444179534912,0.21082672476768494,0.0010000000474974513
276,0.9722222089767456,0.15808062255382538,0.0010000000474974513
277,1.0,0.10746779292821884,0.0010000000474974513
278,0.8888888955116272,0.2553088665008545,0.0010000000474974513
279,0.9722222089767456,0.17692889273166656,0.0010000000474974513
280,1.0,0.13657476007938385,0.0010000000474974513
281,0.9722222089767456,0.17431004345417023,0.0010000000474974513
282,0.8333333134651184,0.2825363576412201,0.0010000000474974513
283,0.9166666865348816,0.2824839949607849,0.0010000000474974513
284,0.9166666865348816,0.20632785558700562,0.0010000000474974513
285,0.9722222089767456,0.15127667784690857,0.0010000000474974513
286,0.9444444179534912,0.14824435114860535,0.0010000000474974513
287,0.9722222089767456,0.1903398334980011,0.0010000000474974513
288,1.0,0.1297570914030075,0.0010000000474974513
289,1.0,0.10359302908182144,0.0010000000474974513
290,1.0,0.0902395248413086,0.0010000000474974513
291,0.9444444179534912,0.2331487536430359,0.0010000000474974513
292,1.0,0.121663399040699,0.0010000000474974513
293,0.9444444179534912,0.18109045922756195,0.0010000000474974513
294,0.9722222089767456,0.13482125103473663,0.0010000000474974513
295,1.0,0.10931967198848724,0.0010000000474974513
296,0.9722222089767456,0.09286998212337494,0.0010000000474974513
297,1.0,0.06565867364406586,0.0010000000474974513
298,0.9444444179534912,0.1412162333726883,0.0010000000474974513
299,1.0,0.12176672369241714,0.0010000000474974513
300,1.0,0.07369080930948257,0.0010000000474974513
301,0.9444444179534912,0.2072327435016632,0.0010000000474974513
302,0.8888888955116272,0.23615556955337524,0.0010000000474974513
303,0.9166666865348816,0.2614538073539734,0.0010000000474974513
304,0.9166666865348816,0.21935690939426422,0.0010000000474974513
305,0.9444444179534912,0.31442344188690186,0.0010000000474974513
306,0.9722222089767456,0.1438058465719223,0.0010000000474974513
307,0.9444444179534912,0.1717170774936676,0.0010000000474974513
308,0.9722222089767456,0.17069214582443237,0.0010000000474974513
309,0.9722222089767456,0.16906969249248505,0.0010000000474974513
310,0.9444444179534912,0.19148817658424377,0.0010000000474974513
311,0.9722222089767456,0.11336791515350342,0.0010000000474974513
312,0.9722222089767456,0.10789419710636139,0.0010000000474974513
313,1.0,0.0868116021156311,0.0010000000474974513
314,0.9722222089767456,0.10422498732805252,0.0010000000474974513
315,1.0,0.09864892810583115,0.0010000000474974513
316,0.9722222089767456,0.082363061606884,0.0010000000474974513
317,1.0,0.054828498512506485,0.0010000000474974513
318,1.0,0.06927789002656937,0.0010000000474974513
319,1.0,0.07578971982002258,0.0010000000474974513
320,1.0,0.10529552400112152,0.0010000000474974513
321,1.0,0.055291563272476196,0.0010000000474974513
322,1.0,0.06073696166276932,0.0010000000474974513
323,1.0,0.07486696541309357,0.0010000000474974513
324,0.9722222089767456,0.09061482548713684,0.0010000000474974513
325,1.0,0.050086859613657,0.0010000000474974513
326,0.9722222089767456,0.1529211550951004,0.0010000000474974513
327,1.0,0.0854111760854721,0.0010000000474974513
328,0.9444444179534912,0.21979834139347076,0.0010000000474974513
329,0.9722222089767456,0.14637279510498047,0.0010000000474974513
330,0.9722222089767456,0.08961320668458939,0.0010000000474974513
331,0.9166666865348816,0.13524232804775238,0.0010000000474974513
332,0.9444444179534912,0.1813558042049408,0.0010000000474974513
333,0.9444444179534912,0.22728654742240906,0.0010000000474974513
334,0.9166666865348816,0.15744581818580627,0.0010000000474974513
335,0.9722222089767456,0.11297808587551117,0.0010000000474974513
336,0.9166666865348816,0.19765889644622803,0.0010000000474974513
337,1.0,0.10633158683776855,0.0010000000474974513
338,1.0,0.0899641364812851,0.0010000000474974513
339,1.0,0.043955247849226,0.0010000000474974513
340,1.0,0.11052200943231583,0.0010000000474974513
341,0.9722222089767456,0.1390983909368515,0.0010000000474974513
342,1.0,0.12297769635915756,0.0010000000474974513
343,0.9722222089767456,0.08417802304029465,0.0010000000474974513
344,0.9444444179534912,0.12290862947702408,0.0010000000474974513
345,1.0,0.07666507363319397,0.0010000000474974513
346,0.8888888955116272,0.1834874451160431,0.0010000000474974513
347,0.9444444179534912,0.16178137063980103,0.0010000000474974513
348,0.9166666865348816,0.18763473629951477,0.0010000000474974513
349,0.9722222089767456,0.20749181509017944,0.0010000000474974513
350,0.9444444179534912,0.23395779728889465,0.0010000000474974513
351,0.9444444179534912,0.15498086810112,0.0010000000474974513
352,0.9722222089767456,0.12338778376579285,0.0010000000474974513
353,0.9444444179534912,0.1757526844739914,0.0010000000474974513
354,0.9444444179534912,0.167013019323349,0.0010000000474974513
355,0.9722222089767456,0.16084851324558258,0.0010000000474974513
356,0.9166666865348816,0.30802634358406067,0.0010000000474974513
357,0.9722222089767456,0.12612265348434448,0.0010000000474974513
358,0.9444444179534912,0.23011691868305206,0.0010000000474974513
359,0.9722222089767456,0.16949136555194855,0.0010000000474974513
360,1.0,0.09634159505367279,0.0010000000474974513
361,1.0,0.076469287276268,0.0010000000474974513
362,1.0,0.07251667231321335,0.0010000000474974513
363,1.0,0.05061976984143257,0.0010000000474974513
364,0.9722222089767456,0.13778549432754517,0.0010000000474974513
365,1.0,0.08498676121234894,0.0010000000474974513
366,0.9444444179534912,0.12047508358955383,0.0010000000474974513
367,0.9722222089767456,0.0947137400507927,0.0010000000474974513
368,0.9722222089767456,0.09155595302581787,0.0010000000474974513
369,0.9444444179534912,0.16557464003562927,0.0010000000474974513
370,1.0,0.078298419713974,0.0010000000474974513
371,1.0,0.062068019062280655,0.0010000000474974513
372,1.0,0.04760899022221565,0.0010000000474974513
373,1.0,0.04384830966591835,0.0010000000474974513
374,0.9722222089767456,0.06735581904649734,0.0010000000474974513
375,0.9166666865348816,0.2019151747226715,0.0010000000474974513
376,0.9166666865348816,0.25218045711517334,0.0010000000474974513
377,0.9166666865348816,0.1834251582622528,0.0010000000474974513
378,1.0,0.09063553810119629,0.0010000000474974513
379,1.0,0.12583336234092712,0.0010000000474974513
380,1.0,0.09321096539497375,0.0010000000474974513
381,0.9444444179534912,0.12139153480529785,0.0010000000474974513
382,0.9166666865348816,0.16287878155708313,0.0010000000474974513
383,0.9444444179534912,0.26625633239746094,0.0010000000474974513
384,1.0,0.09785699844360352,0.0010000000474974513
385,1.0,0.07305765897035599,0.0010000000474974513
386,0.9722222089767456,0.09957548975944519,0.0010000000474974513
387,1.0,0.07468903809785843,0.0010000000474974513
388,0.9444444179534912,0.13831649720668793,0.0010000000474974513
389,0.9722222089767456,0.07438556104898453,0.0010000000474974513
390,1.0,0.04091274365782738,0.0010000000474974513
391,0.9444444179534912,0.14982010424137115,0.0010000000474974513
392,0.9444444179534912,0.13344235718250275,0.0010000000474974513
393,0.9444444179534912,0.16319167613983154,0.0010000000474974513
394,1.0,0.11462652683258057,0.0010000000474974513
395,1.0,0.06653836369514465,0.0010000000474974513
396,1.0,0.052229031920433044,0.0010000000474974513
397,0.9722222089767456,0.044489551335573196,0.0010000000474974513
398,1.0,0.03599650412797928,0.0010000000474974513
399,0.9722222089767456,0.12244667112827301,0.0010000000474974513
400,1.0,0.05657772719860077,0.0010000000474974513
401,1.0,0.041463449597358704,0.0010000000474974513
402,1.0,0.05054141581058502,0.0010000000474974513
403,1.0,0.07580161839723587,0.0010000000474974513
404,1.0,0.028440989553928375,0.0010000000474974513
405,1.0,0.037749890238046646,0.0010000000474974513
406,0.9166666865348816,0.11902308464050293,0.0010000000474974513
407,1.0,0.044582802802324295,0.0010000000474974513
408,0.9722222089767456,0.13036289811134338,0.0010000000474974513
409,0.9722222089767456,0.06174915283918381,0.0010000000474974513
410,1.0,0.08444743603467941,0.0010000000474974513
411,1.0,0.0578005313873291,0.0010000000474974513
412,0.9722222089767456,0.09709378331899643,0.0010000000474974513
413,1.0,0.06497928500175476,0.0010000000474974513
414,1.0,0.05943382531404495,0.0010000000474974513
415,1.0,0.07854173332452774,0.0010000000474974513
416,1.0,0.04827730730175972,0.0010000000474974513
417,1.0,0.047584276646375656,0.0010000000474974513
418,0.9722222089767456,0.07768109440803528,0.0010000000474974513
419,0.9722222089767456,0.07827567309141159,0.0010000000474974513
420,1.0,0.06735784560441971,0.0010000000474974513
421,0.9722222089767456,0.08770222216844559,0.0010000000474974513
422,0.9166666865348816,0.21258249878883362,0.0010000000474974513
423,0.9722222089767456,0.12990118563175201,0.0010000000474974513
424,1.0,0.07895252853631973,0.0010000000474974513
425,0.9722222089767456,0.08550650626420975,0.0010000000474974513
426,0.9722222089767456,0.08269622921943665,0.0010000000474974513
427,0.9722222089767456,0.08380504697561264,0.0010000000474974513
428,0.9722222089767456,0.07530826330184937,0.0010000000474974513
429,1.0,0.09551150351762772,0.0010000000474974513
430,1.0,0.06286457180976868,0.0010000000474974513
431,1.0,0.04878181219100952,0.0010000000474974513
432,1.0,0.06969258189201355,0.0010000000474974513
433,0.8888888955116272,0.2673073410987854,0.0010000000474974513
434,0.9166666865348816,0.19046591222286224,0.0010000000474974513
435,0.9722222089767456,0.10798744112253189,0.0010000000474974513
436,0.9166666865348816,0.15495871007442474,0.0010000000474974513
437,0.9722222089767456,0.10267136245965958,0.0010000000474974513
438,0.9722222089767456,0.1099560558795929,0.0010000000474974513
439,1.0,0.08067980408668518,0.0010000000474974513
440,1.0,0.06288585811853409,0.0010000000474974513
441,1.0,0.04200438782572746,0.0010000000474974513
442,0.9722222089767456,0.06450212001800537,0.0010000000474974513
443,1.0,0.048685185611248016,0.0010000000474974513
444,1.0,0.03833191096782684,0.0010000000474974513
445,1.0,0.05886434018611908,0.0010000000474974513
446,1.0,0.07372327148914337,0.0010000000474974513
447,1.0,0.0647786557674408,0.0010000000474974513
448,1.0,0.04912864789366722,0.0010000000474974513
449,1.0,0.04230539873242378,0.0010000000474974513
450,0.9722222089767456,0.05037609487771988,0.0010000000474974513
451,1.0,0.06152137741446495,0.0010000000474974513
452,0.9722222089767456,0.10314196348190308,0.0010000000474974513
453,1.0,0.032025981694459915,0.0010000000474974513
454,1.0,0.05120539292693138,0.0010000000474974513
455,1.0,0.02319616638123989,0.0005000000237487257
456,0.9722222089767456,0.07344023138284683,0.0005000000237487257
457,1.0,0.024680495262145996,0.0005000000237487257
458,1.0,0.03710368648171425,0.0005000000237487257
459,1.0,0.028183208778500557,0.0005000000237487257
460,1.0,0.03015185333788395,0.0005000000237487257
461,1.0,0.055710963904857635,0.0005000000237487257
462,1.0,0.027090249583125114,0.0005000000237487257
463,0.9722222089767456,0.06715783476829529,0.0005000000237487257
464,1.0,0.052731290459632874,0.0005000000237487257
465,1.0,0.05263528600335121,0.0005000000237487257
466,1.0,0.01999649964272976,0.0005000000237487257
467,1.0,0.03928626701235771,0.0005000000237487257
468,1.0,0.025091810151934624,0.0005000000237487257
469,1.0,0.015489684417843819,0.0005000000237487257
470,1.0,0.016340889036655426,0.0005000000237487257
471,1.0,0.01625536009669304,0.0005000000237487257
472,1.0,0.02765744738280773,0.0005000000237487257
473,1.0,0.014358829706907272,0.0005000000237487257
474,1.0,0.023423349484801292,0.0005000000237487257
475,1.0,0.025771714746952057,0.0005000000237487257
476,1.0,0.024871377274394035,0.0005000000237487257
477,1.0,0.01602904684841633,0.0005000000237487257
478,1.0,0.01525057852268219,0.0005000000237487257
479,1.0,0.018796196207404137,0.0005000000237487257
480,1.0,0.014222568832337856,0.0005000000237487257
481,1.0,0.03907032310962677,0.0005000000237487257
482,1.0,0.017059585079550743,0.0005000000237487257
483,1.0,0.031818438321352005,0.0005000000237487257
484,1.0,0.014979221858084202,0.0005000000237487257
485,1.0,0.019412845373153687,0.0005000000237487257
486,1.0,0.01623404026031494,0.0005000000237487257
487,1.0,0.039822570979595184,0.0005000000237487257
488,1.0,0.029162274673581123,0.0005000000237487257
489,1.0,0.03114732727408409,0.0005000000237487257
490,1.0,0.04599412903189659,0.0005000000237487257
491,1.0,0.013177257031202316,0.0005000000237487257
492,1.0,0.035115305334329605,0.0005000000237487257
493,1.0,0.03074071742594242,0.0005000000237487257
494,1.0,0.030827028676867485,0.0005000000237487257
495,1.0,0.032829802483320236,0.0005000000237487257
496,1.0,0.030935240909457207,0.0005000000237487257
497,1.0,0.017307575792074203,0.0005000000237487257
498,1.0,0.025232937186956406,0.0005000000237487257
499,1.0,0.01533376146107912,0.0005000000237487257
500,1.0,0.024748466908931732,0.0005000000237487257
501,1.0,0.02656867355108261,0.0005000000237487257
502,1.0,0.017774323001503944,0.0005000000237487257
503,1.0,0.014348114840686321,0.0005000000237487257
504,1.0,0.026220493018627167,0.0005000000237487257
505,1.0,0.05046291649341583,0.0005000000237487257
506,1.0,0.05360054969787598,0.0005000000237487257
507,1.0,0.019347675144672394,0.0005000000237487257
508,0.9722222089767456,0.05698307976126671,0.0005000000237487257
509,1.0,0.042420893907547,0.0005000000237487257
510,0.9722222089767456,0.05779571086168289,0.0005000000237487257
511,1.0,0.03219100460410118,0.0005000000237487257
512,0.9722222089767456,0.06798967719078064,0.0005000000237487257
513,1.0,0.0400712713599205,0.0005000000237487257
514,0.9444444179534912,0.10875941812992096,0.0005000000237487257
515,1.0,0.02650449424982071,0.0005000000237487257
516,1.0,0.023418091237545013,0.0005000000237487257
517,1.0,0.028144117444753647,0.0005000000237487257
518,1.0,0.01280271541327238,0.0005000000237487257
519,1.0,0.017326202243566513,0.0005000000237487257
520,1.0,0.028123484924435616,0.0005000000237487257
521,1.0,0.015856459736824036,0.0005000000237487257
522,1.0,0.03675442934036255,0.0005000000237487257
523,1.0,0.019648170098662376,0.0005000000237487257
524,1.0,0.017494574189186096,0.0005000000237487257
525,1.0,0.032446011900901794,0.0005000000237487257
526,1.0,0.01535157673060894,0.0005000000237487257
527,1.0,0.012853264808654785,0.0005000000237487257
528,1.0,0.02518177591264248,0.0005000000237487257
529,1.0,0.02246652916073799,0.0005000000237487257
530,1.0,0.032478705048561096,0.0005000000237487257
531,1.0,0.028961380943655968,0.0005000000237487257
532,1.0,0.01332336850464344,0.0005000000237487257
533,1.0,0.015754401683807373,0.0005000000237487257
534,1.0,0.02578755095601082,0.0005000000237487257
535,1.0,0.024069486185908318,0.0005000000237487257
536,1.0,0.0116841746494174,0.0005000000237487257
537,1.0,0.014978218823671341,0.0005000000237487257
538,1.0,0.0046937596052885056,0.0005000000237487257
539,1.0,0.018426794558763504,0.0005000000237487257
540,1.0,0.01282205805182457,0.0005000000237487257
541,1.0,0.012250345200300217,0.0005000000237487257
542,1.0,0.008087522350251675,0.0005000000237487257
543,1.0,0.012880095280706882,0.0005000000237487257
544,1.0,0.024623600766062737,0.0005000000237487257
545,1.0,0.012364977039396763,0.0005000000237487257
546,1.0,0.0183133315294981,0.0005000000237487257
547,1.0,0.052322208881378174,0.0005000000237487257
548,1.0,0.012812543660402298,0.0005000000237487257
549,1.0,0.03482681140303612,0.0005000000237487257
550,1.0,0.018588297069072723,0.0005000000237487257
551,1.0,0.012113331817090511,0.0005000000237487257
552,1.0,0.013289735652506351,0.0005000000237487257
553,1.0,0.033814702183008194,0.0005000000237487257
554,1.0,0.021305842325091362,0.0005000000237487257
555,1.0,0.011188950389623642,0.0005000000237487257
556,1.0,0.03962554782629013,0.0005000000237487257
557,1.0,0.023985080420970917,0.0005000000237487257
558,1.0,0.007365392986685038,0.0005000000237487257
559,0.9722222089767456,0.08215062320232391,0.0005000000237487257
560,1.0,0.043298713862895966,0.0005000000237487257
561,1.0,0.028024418279528618,0.0005000000237487257
562,1.0,0.02051827497780323,0.0005000000237487257
563,1.0,0.027375023812055588,0.0005000000237487257
564,0.9722222089767456,0.06319021433591843,0.0005000000237487257
565,1.0,0.056204184889793396,0.0005000000237487257
566,1.0,0.060429319739341736,0.0005000000237487257
567,1.0,0.047036025673151016,0.0005000000237487257
568,0.9722222089767456,0.049250081181526184,0.0005000000237487257
569,1.0,0.031255654990673065,0.0005000000237487257
570,1.0,0.02756264992058277,0.0005000000237487257
571,1.0,0.028754493221640587,0.0005000000237487257
572,0.9722222089767456,0.10365550965070724,0.0005000000237487257
573,1.0,0.03996790945529938,0.0005000000237487257
574,0.9444444179534912,0.16846150159835815,0.0005000000237487257
575,1.0,0.014775718562304974,0.0005000000237487257
576,0.9722222089767456,0.05504729971289635,0.0005000000237487257
577,1.0,0.04391418769955635,0.0005000000237487257
578,0.9722222089767456,0.07817162573337555,0.0005000000237487257
579,1.0,0.020593391731381416,0.0005000000237487257
580,1.0,0.015370085835456848,0.0005000000237487257
581,1.0,0.01656174100935459,0.0005000000237487257
582,1.0,0.028804808855056763,0.0005000000237487257
583,1.0,0.041690316051244736,0.0005000000237487257
584,1.0,0.026889629662036896,0.0005000000237487257
585,1.0,0.02144266851246357,0.0005000000237487257
586,1.0,0.015182889066636562,0.0005000000237487257
587,1.0,0.008435051888227463,0.0005000000237487257
588,1.0,0.050605032593011856,0.0005000000237487257
589,1.0,0.029064664617180824,0.0002500000118743628
590,1.0,0.019190805032849312,0.0002500000118743628
591,1.0,0.040627334266901016,0.0002500000118743628
592,1.0,0.039041560143232346,0.0002500000118743628
593,1.0,0.01475916150957346,0.0002500000118743628
594,1.0,0.019033176824450493,0.0002500000118743628
595,1.0,0.012531409971415997,0.0002500000118743628
596,1.0,0.012560255825519562,0.0002500000118743628
597,1.0,0.006867365911602974,0.0002500000118743628
598,1.0,0.020729394629597664,0.0002500000118743628
599,1.0,0.010998010635375977,0.0002500000118743628
600,1.0,0.008566504344344139,0.0002500000118743628
601,1.0,0.009348361752927303,0.0002500000118743628
602,1.0,0.03357252851128578,0.0002500000118743628
603,1.0,0.01976316049695015,0.0002500000118743628
604,1.0,0.01669611968100071,0.0002500000118743628
605,1.0,0.012966420501470566,0.0002500000118743628
606,1.0,0.015007717534899712,0.0002500000118743628
607,1.0,0.010379350744187832,0.0002500000118743628
608,1.0,0.014118997380137444,0.0002500000118743628
609,1.0,0.009173289872705936,0.0002500000118743628
610,1.0,0.01193754468113184,0.0002500000118743628
611,1.0,0.013026022352278233,0.0002500000118743628
612,1.0,0.020880550146102905,0.0002500000118743628
613,1.0,0.016888417303562164,0.0002500000118743628
614,1.0,0.014883632771670818,0.0002500000118743628
615,1.0,0.007717691361904144,0.0002500000118743628
616,1.0,0.014609653502702713,0.0002500000118743628
617,1.0,0.011159220710396767,0.0002500000118743628
618,1.0,0.022120412439107895,0.0002500000118743628
619,1.0,0.008935870602726936,0.0002500000118743628
620,1.0,0.016275765374302864,0.0002500000118743628
621,1.0,0.041775722056627274,0.0002500000118743628
622,1.0,0.01975322514772415,0.0002500000118743628
623,1.0,0.02703419327735901,0.0002500000118743628
624,1.0,0.00457109697163105,0.0002500000118743628
625,1.0,0.015896789729595184,0.0002500000118743628
626,1.0,0.015848182141780853,0.0002500000118743628
627,1.0,0.011857968755066395,0.0002500000118743628
628,1.0,0.009916773997247219,0.0002500000118743628
629,1.0,0.008423727005720139,0.0002500000118743628
630,1.0,0.022845987230539322,0.0002500000118743628
631,1.0,0.023337164893746376,0.0002500000118743628
632,1.0,0.01153362076729536,0.0002500000118743628
633,1.0,0.02428697980940342,0.0002500000118743628
634,1.0,0.014138530939817429,0.0002500000118743628
635,1.0,0.02132253721356392,0.0002500000118743628
636,1.0,0.006406967528164387,0.0002500000118743628
637,1.0,0.010327856056392193,0.0002500000118743628
638,1.0,0.02175065316259861,0.0002500000118743628
639,1.0,0.01329019945114851,0.0002500000118743628
640,1.0,0.018871666863560677,0.0002500000118743628
641,1.0,0.012993833050131798,0.0002500000118743628
642,1.0,0.007599833887070417,0.0002500000118743628
643,1.0,0.009309629909694195,0.0002500000118743628
644,1.0,0.02154438942670822,0.0002500000118743628
645,1.0,0.019085638225078583,0.0002500000118743628
646,1.0,0.0070014288648962975,0.0002500000118743628
647,1.0,0.013745333068072796,0.0002500000118743628
648,1.0,0.007340000942349434,0.0002500000118743628
649,1.0,0.019015340134501457,0.0002500000118743628
650,1.0,0.0120380949229002,0.0002500000118743628
651,1.0,0.008710000663995743,0.0002500000118743628
652,1.0,0.028920888900756836,0.0002500000118743628
653,1.0,0.010930914431810379,0.0002500000118743628
654,1.0,0.016820384189486504,0.0002500000118743628
655,1.0,0.020139778032898903,0.0002500000118743628
656,1.0,0.005890729837119579,0.0002500000118743628
657,1.0,0.055558349937200546,0.0002500000118743628
658,1.0,0.014454253949224949,0.0002500000118743628
659,1.0,0.00802066083997488,0.0002500000118743628
660,1.0,0.033857688307762146,0.0002500000118743628
661,1.0,0.007447406649589539,0.0002500000118743628
662,1.0,0.020170385017991066,0.0002500000118743628
663,1.0,0.01287517324090004,0.0002500000118743628
664,1.0,0.007103497162461281,0.0002500000118743628
665,1.0,0.019737254828214645,0.0002500000118743628
666,1.0,0.01262901071459055,0.0002500000118743628
667,1.0,0.004212892614305019,0.0002500000118743628
668,1.0,0.008462507277727127,0.0002500000118743628
669,1.0,0.01653696410357952,0.0002500000118743628
670,1.0,0.009260783903300762,0.0002500000118743628
671,1.0,0.0064453543163836,0.0002500000118743628
672,1.0,0.007578258868306875,0.0002500000118743628
673,1.0,0.01686963625252247,0.0002500000118743628
674,1.0,0.015141268260776997,0.0002500000118743628
675,1.0,0.013009216636419296,0.0002500000118743628
676,1.0,0.01542898640036583,0.0002500000118743628
677,1.0,0.014049561694264412,0.0002500000118743628
678,1.0,0.00786322820931673,0.0002500000118743628
679,0.9722222089767456,0.0410170815885067,0.0002500000118743628
680,1.0,0.04269782826304436,0.0002500000118743628
681,0.9722222089767456,0.03913019970059395,0.0002500000118743628
682,1.0,0.01719515211880207,0.0002500000118743628
683,1.0,0.025924550369381905,0.0002500000118743628
684,1.0,0.032412316650152206,0.0002500000118743628
685,1.0,0.016767026856541634,0.0002500000118743628
686,1.0,0.008976170793175697,0.0002500000118743628
687,1.0,0.01217061560600996,0.0002500000118743628
688,1.0,0.010599563829600811,0.0002500000118743628
689,1.0,0.016814108937978745,0.0002500000118743628
690,1.0,0.012343797832727432,0.0002500000118743628
691,1.0,0.026916641741991043,0.0002500000118743628
692,1.0,0.008741717785596848,0.0002500000118743628
693,1.0,0.02720334380865097,0.0002500000118743628
694,1.0,0.016053862869739532,0.0002500000118743628
695,1.0,0.017016852274537086,0.0002500000118743628
696,1.0,0.020723119378089905,0.0002500000118743628
697,1.0,0.0117664048448205,0.0002500000118743628
698,1.0,0.005671096965670586,0.0002500000118743628
699,1.0,0.013375166803598404,0.0002500000118743628
700,1.0,0.0070806932635605335,0.0002500000118743628
701,1.0,0.0074941664934158325,0.0002500000118743628
702,1.0,0.009692085906863213,0.0002500000118743628
703,1.0,0.0059422957710921764,0.0002500000118743628
704,1.0,0.027464233338832855,0.0002500000118743628
705,1.0,0.0090872123837471,0.0002500000118743628
706,1.0,0.009967749007046223,0.0002500000118743628
707,1.0,0.01218847744166851,0.0002500000118743628
708,1.0,0.010250706225633621,0.0002500000118743628
709,1.0,0.022723127156496048,0.0002500000118743628
710,1.0,0.005119238514453173,0.0002500000118743628
711,1.0,0.023797862231731415,0.0002500000118743628
712,1.0,0.011668614111840725,0.0002500000118743628
713,1.0,0.004602028522640467,0.0002500000118743628
714,1.0,0.008924595080316067,0.0002500000118743628
715,1.0,0.018299464136362076,0.0002500000118743628
716,1.0,0.008816931396722794,0.0002500000118743628
717,1.0,0.009476158767938614,0.0002500000118743628
718,1.0,0.009155306033790112,0.0001250000059371814
719,1.0,0.011547070927917957,0.0001250000059371814
720,1.0,0.010147981345653534,0.0001250000059371814
721,1.0,0.012770376168191433,0.0001250000059371814
722,1.0,0.005673777777701616,0.0001250000059371814
723,1.0,0.006402084603905678,0.0001250000059371814
724,1.0,0.02442535012960434,0.0001250000059371814
725,1.0,0.011165384203195572,0.0001250000059371814
726,1.0,0.016359753906726837,0.0001250000059371814
727,1.0,0.00860154815018177,0.0001250000059371814
728,1.0,0.010050187818706036,0.0001250000059371814
729,1.0,0.00976490881294012,0.0001250000059371814
730,1.0,0.005087713710963726,0.0001250000059371814
731,1.0,0.01339411549270153,0.0001250000059371814
732,1.0,0.0055617704056203365,0.0001250000059371814
733,1.0,0.014799986965954304,0.0001250000059371814
734,1.0,0.0034213964827358723,0.0001250000059371814
735,1.0,0.007237739861011505,0.0001250000059371814
736,1.0,0.008769416250288486,0.0001250000059371814
737,1.0,0.011232418939471245,0.0001250000059371814
738,1.0,0.011500604450702667,0.0001250000059371814
739,1.0,0.007347939535975456,0.0001250000059371814
740,1.0,0.008905918337404728,0.0001250000059371814
741,1.0,0.006024382077157497,0.0001250000059371814
742,1.0,0.006315154023468494,0.0001250000059371814
743,1.0,0.020182261243462563,0.0001250000059371814
744,1.0,0.010120280086994171,0.0001250000059371814
745,1.0,0.010383877903223038,0.0001250000059371814
746,1.0,0.013941873796284199,0.0001250000059371814
747,1.0,0.02745567075908184,0.0001250000059371814
748,1.0,0.008943125605583191,0.0001250000059371814
749,1.0,0.01825670897960663,0.0001250000059371814
750,1.0,0.007961713708937168,0.0001250000059371814
751,1.0,0.013830232433974743,0.0001250000059371814
752,1.0,0.011715956963598728,0.0001250000059371814
753,1.0,0.0171761903911829,0.0001250000059371814
754,1.0,0.006047407630831003,0.0001250000059371814
755,1.0,0.006116109434515238,0.0001250000059371814
756,1.0,0.012858600355684757,0.0001250000059371814
757,1.0,0.005557814612984657,0.0001250000059371814
758,1.0,0.015296109952032566,0.0001250000059371814
759,1.0,0.011561195366084576,0.0001250000059371814
760,1.0,0.014668230898678303,0.0001250000059371814
761,1.0,0.006229333579540253,0.0001250000059371814
762,1.0,0.015226930379867554,0.0001250000059371814
763,1.0,0.004177721217274666,0.0001250000059371814
764,1.0,0.010200346820056438,0.0001250000059371814
765,1.0,0.008320141583681107,0.0001250000059371814
766,1.0,0.011399940587580204,0.0001250000059371814
767,1.0,0.008581748232245445,0.0001250000059371814
768,1.0,0.0043958211317658424,0.0001250000059371814
769,1.0,0.0043519944883883,0.0001250000059371814
770,1.0,0.006616620346903801,0.0001250000059371814
771,1.0,0.025146540254354477,0.0001250000059371814
772,1.0,0.004668970592319965,0.0001250000059371814
773,1.0,0.011926136910915375,0.0001250000059371814
774,1.0,0.006200436968356371,0.0001250000059371814
775,1.0,0.011909901164472103,0.0001250000059371814
776,1.0,0.014894549734890461,0.0001250000059371814
777,1.0,0.02018977329134941,0.0001250000059371814
778,1.0,0.01138432789593935,0.0001250000059371814
779,1.0,0.011054162867367268,0.0001250000059371814
780,1.0,0.004966996144503355,0.0001250000059371814
781,1.0,0.036027178168296814,0.0001250000059371814
782,1.0,0.02061375603079796,0.0001250000059371814
783,1.0,0.014444965869188309,0.0001250000059371814
784,1.0,0.008796722628176212,0.0001250000059371814
785,1.0,0.007387859746813774,9.999999747378752e-05
786,1.0,0.009618604555726051,9.999999747378752e-05
787,1.0,0.005208607763051987,9.999999747378752e-05
788,1.0,0.005966495722532272,9.999999747378752e-05
789,1.0,0.01234777644276619,9.999999747378752e-05
790,1.0,0.011921180412173271,9.999999747378752e-05
791,1.0,0.02995726466178894,9.999999747378752e-05
792,1.0,0.009890297427773476,9.999999747378752e-05
793,1.0,0.005246721673756838,9.999999747378752e-05
794,1.0,0.013358844444155693,9.999999747378752e-05
795,1.0,0.01195947639644146,9.999999747378752e-05
796,1.0,0.0075767626985907555,9.999999747378752e-05
797,1.0,0.030207790434360504,9.999999747378752e-05
798,1.0,0.010095455683767796,9.999999747378752e-05
799,1.0,0.012021164409816265,9.999999747378752e-05
800,1.0,0.023424163460731506,9.999999747378752e-05
801,1.0,0.010762783698737621,9.999999747378752e-05
802,1.0,0.00841932650655508,9.999999747378752e-05
803,1.0,0.010764645412564278,9.999999747378752e-05
804,1.0,0.004942907951772213,9.999999747378752e-05
805,1.0,0.014037868939340115,9.999999747378752e-05
806,1.0,0.008280660957098007,9.999999747378752e-05
807,1.0,0.006731854751706123,9.999999747378752e-05
808,1.0,0.006017627194523811,9.999999747378752e-05
809,1.0,0.006183133460581303,9.999999747378752e-05
810,1.0,0.006519016344100237,9.999999747378752e-05
811,1.0,0.005078221671283245,9.999999747378752e-05
812,1.0,0.0039052192587405443,9.999999747378752e-05
813,1.0,0.009364824742078781,9.999999747378752e-05
814,1.0,0.005889409221708775,9.999999747378752e-05
815,1.0,0.004449355415999889,9.999999747378752e-05
816,1.0,0.006101591512560844,9.999999747378752e-05
817,1.0,0.005218211095780134,9.999999747378752e-05
818,1.0,0.01062310766428709,9.999999747378752e-05
819,1.0,0.005531336646527052,9.999999747378752e-05
820,1.0,0.0029312176629900932,9.999999747378752e-05
821,1.0,0.017678555101156235,9.999999747378752e-05
822,1.0,0.013514379039406776,9.999999747378752e-05
823,1.0,0.027953067794442177,9.999999747378752e-05
824,1.0,0.018998250365257263,9.999999747378752e-05
825,1.0,0.009291073307394981,9.999999747378752e-05
826,1.0,0.0025677657686173916,9.999999747378752e-05
827,1.0,0.008785085752606392,9.999999747378752e-05
828,1.0,0.020418329164385796,9.999999747378752e-05
829,1.0,0.005583174526691437,9.999999747378752e-05
830,1.0,0.011185864917933941,9.999999747378752e-05
831,1.0,0.005009531043469906,9.999999747378752e-05
832,1.0,0.00819048099219799,9.999999747378752e-05
833,1.0,0.005654363892972469,9.999999747378752e-05
834,1.0,0.004998656455427408,9.999999747378752e-05
835,1.0,0.005153650883585215,9.999999747378752e-05
836,1.0,0.006035567726939917,9.999999747378752e-05
837,1.0,0.008780214004218578,9.999999747378752e-05
838,1.0,0.00764120789244771,9.999999747378752e-05
839,1.0,0.003241177648305893,9.999999747378752e-05
840,1.0,0.008718081749975681,9.999999747378752e-05
841,1.0,0.0032669513020664454,9.999999747378752e-05
842,1.0,0.01625690795481205,9.999999747378752e-05
843,1.0,0.017779400572180748,9.999999747378752e-05
844,1.0,0.006456421688199043,9.999999747378752e-05
845,1.0,0.01107293926179409,9.999999747378752e-05
846,1.0,0.0029861233197152615,9.999999747378752e-05
847,1.0,0.006088136695325375,9.999999747378752e-05
848,1.0,0.0060817948542535305,9.999999747378752e-05
849,1.0,0.004556102212518454,9.999999747378752e-05
850,1.0,0.008624672889709473,9.999999747378752e-05
851,1.0,0.01053385529667139,9.999999747378752e-05
852,1.0,0.014908946119248867,9.999999747378752e-05
853,1.0,0.010057071223855019,9.999999747378752e-05
854,1.0,0.005981725640594959,9.999999747378752e-05
855,1.0,0.002425155369564891,9.999999747378752e-05
856,1.0,0.004119692370295525,9.999999747378752e-05
857,1.0,0.006918145343661308,9.999999747378752e-05
858,1.0,0.00518027413636446,9.999999747378752e-05
859,1.0,0.0034030871465802193,9.999999747378752e-05
860,1.0,0.004644516855478287,9.999999747378752e-05
861,1.0,0.0020076013170182705,9.999999747378752e-05
862,1.0,0.005544573068618774,9.999999747378752e-05
863,1.0,0.005697011481970549,9.999999747378752e-05
864,1.0,0.005073181819170713,9.999999747378752e-05
865,1.0,0.003140457207337022,9.999999747378752e-05
866,1.0,0.0036082305014133453,9.999999747378752e-05
867,1.0,0.007379857823252678,9.999999747378752e-05
868,1.0,0.007723622024059296,9.999999747378752e-05
869,1.0,0.004644663073122501,9.999999747378752e-05
870,1.0,0.006858575623482466,9.999999747378752e-05
871,1.0,0.0020757457241415977,9.999999747378752e-05
872,1.0,0.008096826262772083,9.999999747378752e-05
873,1.0,0.0029490841552615166,9.999999747378752e-05
874,1.0,0.006411388516426086,9.999999747378752e-05
875,1.0,0.011873186565935612,9.999999747378752e-05
876,1.0,0.005759633146226406,9.999999747378752e-05
877,1.0,0.00888992939144373,9.999999747378752e-05
878,1.0,0.006854875013232231,9.999999747378752e-05
879,1.0,0.0068933418951928616,9.999999747378752e-05
880,1.0,0.004549050237983465,9.999999747378752e-05
881,1.0,0.00844656303524971,9.999999747378752e-05
882,1.0,0.011973454616963863,9.999999747378752e-05
883,1.0,0.003312169574201107,9.999999747378752e-05
884,1.0,0.003833673894405365,9.999999747378752e-05
885,1.0,0.0036693785805255175,9.999999747378752e-05
886,1.0,0.014039631932973862,9.999999747378752e-05
887,1.0,0.00917027611285448,9.999999747378752e-05
888,1.0,0.004027773160487413,9.999999747378752e-05
889,1.0,0.003791949711740017,9.999999747378752e-05
890,1.0,0.003334779990836978,9.999999747378752e-05
891,1.0,0.010653115808963776,9.999999747378752e-05
892,1.0,0.0037952703423798084,9.999999747378752e-05
893,1.0,0.004596472717821598,9.999999747378752e-05
894,1.0,0.005799403414130211,9.999999747378752e-05
895,1.0,0.00458306260406971,9.999999747378752e-05
896,1.0,0.0035812093410640955,9.999999747378752e-05
897,1.0,0.014339834451675415,9.999999747378752e-05
898,1.0,0.006371249910444021,9.999999747378752e-05
899,1.0,0.022838739678263664,9.999999747378752e-05
900,1.0,0.02254931628704071,9.999999747378752e-05
901,1.0,0.009381292387843132,9.999999747378752e-05
902,1.0,0.01583140157163143,9.999999747378752e-05
903,1.0,0.0018328542355448008,9.999999747378752e-05
904,1.0,0.005448815878480673,9.999999747378752e-05
905,1.0,0.0043767946772277355,9.999999747378752e-05
906,1.0,0.006500428542494774,9.999999747378752e-05
907,1.0,0.004208126105368137,9.999999747378752e-05
908,1.0,0.01402401551604271,9.999999747378752e-05
909,1.0,0.007976152934134007,9.999999747378752e-05
910,1.0,0.015058358199894428,9.999999747378752e-05
911,1.0,0.008055309765040874,9.999999747378752e-05
912,1.0,0.005185117945075035,9.999999747378752e-05
913,1.0,0.004960172343999147,9.999999747378752e-05
914,1.0,0.007785861846059561,9.999999747378752e-05
915,1.0,0.005279058590531349,9.999999747378752e-05
916,1.0,0.0036904604639858007,9.999999747378752e-05
917,1.0,0.004449894651770592,9.999999747378752e-05
918,1.0,0.005447189789265394,9.999999747378752e-05
919,1.0,0.009242462925612926,9.999999747378752e-05
920,1.0,0.013979262672364712,9.999999747378752e-05
921,1.0,0.00485718809068203,9.999999747378752e-05
922,1.0,0.006098274607211351,9.999999747378752e-05
923,1.0,0.004558405373245478,9.999999747378752e-05
924,1.0,0.004878153093159199,9.999999747378752e-05
925,1.0,0.011028950102627277,9.999999747378752e-05
926,1.0,0.012728107161819935,9.999999747378752e-05
927,1.0,0.006753378547728062,9.999999747378752e-05
928,1.0,0.007676596287637949,9.999999747378752e-05
929,1.0,0.006386891007423401,9.999999747378752e-05
930,1.0,0.005098041612654924,9.999999747378752e-05
931,1.0,0.00999547727406025,9.999999747378752e-05
932,1.0,0.022512365132570267,9.999999747378752e-05
933,1.0,0.004664455074816942,9.999999747378752e-05
934,1.0,0.011043824255466461,9.999999747378752e-05
935,1.0,0.003618743736296892,9.999999747378752e-05
936,1.0,0.009130979888141155,9.999999747378752e-05
937,1.0,0.009872653521597385,9.999999747378752e-05
938,1.0,0.003766949288547039,9.999999747378752e-05
939,1.0,0.003476411569863558,9.999999747378752e-05
940,1.0,0.005565320607274771,9.999999747378752e-05
941,1.0,0.009325843304395676,9.999999747378752e-05
942,1.0,0.004888695199042559,9.999999747378752e-05
943,1.0,0.0037170127034187317,9.999999747378752e-05
944,1.0,0.005438869819045067,9.999999747378752e-05
945,1.0,0.005363760981708765,9.999999747378752e-05
946,1.0,0.002742261625826359,9.999999747378752e-05
947,1.0,0.004334902390837669,9.999999747378752e-05
948,1.0,0.011626018211245537,9.999999747378752e-05
949,1.0,0.0026782876811921597,9.999999747378752e-05
950,1.0,0.014712532050907612,9.999999747378752e-05
951,1.0,0.0060015772469341755,9.999999747378752e-05
952,1.0,0.0028024327475577593,9.999999747378752e-05
953,1.0,0.008420169353485107,9.999999747378752e-05
954,1.0,0.003248180029913783,9.999999747378752e-05
955,1.0,0.008485794998705387,9.999999747378752e-05
956,1.0,0.004452100023627281,9.999999747378752e-05
957,1.0,0.004862756468355656,9.999999747378752e-05
958,1.0,0.002147141145542264,9.999999747378752e-05
959,1.0,0.004621029831469059,9.999999747378752e-05
960,1.0,0.004784357268363237,9.999999747378752e-05
961,1.0,0.0040248725563287735,9.999999747378752e-05
962,1.0,0.00906166061758995,9.999999747378752e-05
963,1.0,0.017291562631726265,9.999999747378752e-05
964,1.0,0.007752594072371721,9.999999747378752e-05
965,1.0,0.018865561112761497,9.999999747378752e-05
966,1.0,0.009477113373577595,9.999999747378752e-05
967,1.0,0.005899360869079828,9.999999747378752e-05
968,1.0,0.0047450801357626915,9.999999747378752e-05
969,1.0,0.004620691295713186,9.999999747378752e-05
970,1.0,0.0031410434748977423,9.999999747378752e-05
971,1.0,0.003776570549234748,9.999999747378752e-05
972,1.0,0.009572960436344147,9.999999747378752e-05
973,1.0,0.010999833233654499,9.999999747378752e-05
974,1.0,0.004831897094845772,9.999999747378752e-05
975,1.0,0.0054309433326125145,9.999999747378752e-05
976,1.0,0.0025465423241257668,9.999999747378752e-05
977,1.0,0.006205300334841013,9.999999747378752e-05
978,1.0,0.00953555479645729,9.999999747378752e-05
979,1.0,0.025328224524855614,9.999999747378752e-05
980,1.0,0.017845518887043,9.999999747378752e-05
981,1.0,0.019496865570545197,9.999999747378752e-05
982,1.0,0.012449858710169792,9.999999747378752e-05
983,1.0,0.009649005718529224,9.999999747378752e-05
984,1.0,0.028212985023856163,9.999999747378752e-05
985,1.0,0.023934418335556984,9.999999747378752e-05
986,1.0,0.0084160715341568,9.999999747378752e-05
987,1.0,0.006773127242922783,9.999999747378752e-05
988,1.0,0.004010291770100594,9.999999747378752e-05
989,1.0,0.014437155798077583,9.999999747378752e-05
990,1.0,0.00881953164935112,9.999999747378752e-05
991,1.0,0.010950454510748386,9.999999747378752e-05
992,1.0,0.006960401311516762,9.999999747378752e-05
993,1.0,0.006714569870382547,9.999999747378752e-05
994,1.0,0.004070702008903027,9.999999747378752e-05
995,1.0,0.005041968543082476,9.999999747378752e-05
996,1.0,0.0035130104515701532,9.999999747378752e-05
997,1.0,0.014283984899520874,9.999999747378752e-05
998,1.0,0.004623874090611935,9.999999747378752e-05
999,1.0,0.011324068531394005,9.999999747378752e-05
1000,1.0,0.002384665422141552,9.999999747378752e-05
1001,1.0,0.005440760403871536,9.999999747378752e-05
1002,1.0,0.008363665081560612,9.999999747378752e-05
1003,1.0,0.005033290479332209,9.999999747378752e-05
1004,1.0,0.020115457475185394,9.999999747378752e-05
1005,1.0,0.012793544679880142,9.999999747378752e-05
1006,1.0,0.0064359549432992935,9.999999747378752e-05
1007,1.0,0.004134179092943668,9.999999747378752e-05
1008,1.0,0.012021521106362343,9.999999747378752e-05
1009,1.0,0.0056313639506697655,9.999999747378752e-05
1010,1.0,0.008255370892584324,9.999999747378752e-05
1011,1.0,0.005824313964694738,9.999999747378752e-05
1012,1.0,0.00987060647457838,9.999999747378752e-05
1013,1.0,0.0027566934004426003,9.999999747378752e-05
1014,1.0,0.00863051787018776,9.999999747378752e-05
1015,1.0,0.009001784026622772,9.999999747378752e-05
1016,1.0,0.010119518265128136,9.999999747378752e-05
1017,1.0,0.0054912562482059,9.999999747378752e-05
1018,1.0,0.008449106477200985,9.999999747378752e-05
1019,1.0,0.0028571796137839556,9.999999747378752e-05
1020,1.0,0.0069230590015649796,9.999999747378752e-05
1021,1.0,0.0038394054863601923,9.999999747378752e-05
1022,1.0,0.00661021564155817,9.999999747378752e-05
1023,1.0,0.0181902889162302,9.999999747378752e-05
1024,1.0,0.0055436305701732635,9.999999747378752e-05
1025,1.0,0.007697004359215498,9.999999747378752e-05
1026,1.0,0.0174267441034317,9.999999747378752e-05
1027,1.0,0.004403220489621162,9.999999747378752e-05
1028,1.0,0.0027566389180719852,9.999999747378752e-05
1029,1.0,0.005516634322702885,9.999999747378752e-05
1030,1.0,0.009399068541824818,9.999999747378752e-05
1031,1.0,0.00698929512873292,9.999999747378752e-05
1032,1.0,0.0048308963887393475,9.999999747378752e-05
1033,1.0,0.020311962813138962,9.999999747378752e-05
1034,1.0,0.004797108471393585,9.999999747378752e-05
1035,1.0,0.01452028937637806,9.999999747378752e-05
1036,1.0,0.00410994328558445,9.999999747378752e-05
1037,1.0,0.005282316356897354,9.999999747378752e-05
1038,1.0,0.0023697922006249428,9.999999747378752e-05
1039,1.0,0.004425058141350746,9.999999747378752e-05
1040,1.0,0.008903260342776775,9.999999747378752e-05
1041,1.0,0.0016010998515412211,9.999999747378752e-05
1042,1.0,0.012691390700638294,9.999999747378752e-05
1043,1.0,0.008240755647420883,9.999999747378752e-05
1044,1.0,0.005024024285376072,9.999999747378752e-05
1045,1.0,0.010892066173255444,9.999999747378752e-05
1046,1.0,0.009009315632283688,9.999999747378752e-05
1047,1.0,0.007230432704091072,9.999999747378752e-05
1048,1.0,0.0050515104085206985,9.999999747378752e-05
1049,1.0,0.0037493121344596148,9.999999747378752e-05
1050,1.0,0.0019618989899754524,9.999999747378752e-05
1051,1.0,0.011943074874579906,9.999999747378752e-05
1052,1.0,0.00499853165820241,9.999999747378752e-05
1053,1.0,0.005830623209476471,9.999999747378752e-05
1054,1.0,0.007398179732263088,9.999999747378752e-05
1055,1.0,0.006853594444692135,9.999999747378752e-05
1056,1.0,0.01456385850906372,9.999999747378752e-05
1057,1.0,0.016039865091443062,9.999999747378752e-05
1058,1.0,0.013812966644763947,9.999999747378752e-05
1059,1.0,0.010596176609396935,9.999999747378752e-05
1060,1.0,0.008246048353612423,9.999999747378752e-05
1061,1.0,0.0015293069882318377,9.999999747378752e-05
1062,1.0,0.0052980766631662846,9.999999747378752e-05
1063,1.0,0.0025758121628314257,9.999999747378752e-05
1064,1.0,0.0034055712167173624,9.999999747378752e-05
1065,1.0,0.015028061345219612,9.999999747378752e-05
1066,1.0,0.0039010080508887768,9.999999747378752e-05
1067,1.0,0.002896352205425501,9.999999747378752e-05
1068,1.0,0.003539696801453829,9.999999747378752e-05
1069,1.0,0.016353532671928406,9.999999747378752e-05
1070,1.0,0.005399482324719429,9.999999747378752e-05
1071,1.0,0.006876876577734947,9.999999747378752e-05
1072,1.0,0.003399547189474106,9.999999747378752e-05
1073,1.0,0.0026500180829316378,9.999999747378752e-05
1074,1.0,0.00752281304448843,9.999999747378752e-05
1075,1.0,0.004026740789413452,9.999999747378752e-05
1076,1.0,0.0017772516002878547,9.999999747378752e-05
1077,1.0,0.003953245934098959,9.999999747378752e-05
1078,1.0,0.004232658538967371,9.999999747378752e-05
1079,1.0,0.005034958012402058,9.999999747378752e-05
1080,1.0,0.014846657402813435,9.999999747378752e-05
1081,1.0,0.003408387303352356,9.999999747378752e-05
1082,1.0,0.003735719481483102,9.999999747378752e-05
1083,1.0,0.0030794686172157526,9.999999747378752e-05
1084,1.0,0.002358205383643508,9.999999747378752e-05
1085,1.0,0.004988315515220165,9.999999747378752e-05
1086,1.0,0.002895842771977186,9.999999747378752e-05
1087,1.0,0.006721231155097485,9.999999747378752e-05
1088,1.0,0.003778759390115738,9.999999747378752e-05
1089,1.0,0.004156727343797684,9.999999747378752e-05
1090,1.0,0.004524013958871365,9.999999747378752e-05
1091,1.0,0.006645138841122389,9.999999747378752e-05
1092,1.0,0.007397699635475874,9.999999747378752e-05
1093,1.0,0.012373855337500572,9.999999747378752e-05
1094,1.0,0.0036744619719684124,9.999999747378752e-05
1095,1.0,0.00915998499840498,9.999999747378752e-05
1096,1.0,0.002083598170429468,9.999999747378752e-05
1097,1.0,0.003725002519786358,9.999999747378752e-05
1098,1.0,0.013908837921917439,9.999999747378752e-05
1099,1.0,0.009099306538701057,9.999999747378752e-05
1100,1.0,0.016442032530903816,9.999999747378752e-05
1101,1.0,0.009325681254267693,9.999999747378752e-05
1102,1.0,0.00422302633523941,9.999999747378752e-05
1103,1.0,0.005826607346534729,9.999999747378752e-05
1104,1.0,0.007507773116230965,9.999999747378752e-05
1105,1.0,0.002710968255996704,9.999999747378752e-05
1106,1.0,0.010660716332495213,9.999999747378752e-05
1107,1.0,0.003385934978723526,9.999999747378752e-05
1108,1.0,0.00467046769335866,9.999999747378752e-05
1109,1.0,0.0024067882914096117,9.999999747378752e-05
1110,1.0,0.0016285921446979046,9.999999747378752e-05
1111,1.0,0.0021517949644476175,9.999999747378752e-05
1112,1.0,0.010940498672425747,9.999999747378752e-05
1113,1.0,0.004872060846537352,9.999999747378752e-05
1114,1.0,0.004054736346006393,9.999999747378752e-05
1115,1.0,0.0028931512497365475,9.999999747378752e-05
1116,1.0,0.0039191339164972305,9.999999747378752e-05
1117,1.0,0.004073429852724075,9.999999747378752e-05
1118,1.0,0.005350224673748016,9.999999747378752e-05
1119,1.0,0.0025717567186802626,9.999999747378752e-05
1120,1.0,0.004900261759757996,9.999999747378752e-05
1121,1.0,0.006506951060146093,9.999999747378752e-05
1122,1.0,0.002295945305377245,9.999999747378752e-05
1123,1.0,0.008225703611969948,9.999999747378752e-05
1124,1.0,0.003445824608206749,9.999999747378752e-05
1125,1.0,0.005623968783766031,9.999999747378752e-05
1126,1.0,0.007194566074758768,9.999999747378752e-05
1127,1.0,0.006676473189145327,9.999999747378752e-05
1128,1.0,0.016508862376213074,9.999999747378752e-05
1129,1.0,0.0018872456857934594,9.999999747378752e-05
1130,1.0,0.01047530397772789,9.999999747378752e-05
1131,1.0,0.006848025135695934,9.999999747378752e-05
1132,1.0,0.0133796576410532,9.999999747378752e-05
1133,1.0,0.007768308278173208,9.999999747378752e-05
1134,1.0,0.004377297591418028,9.999999747378752e-05
1135,1.0,0.005173408892005682,9.999999747378752e-05
1136,1.0,0.002561041386798024,9.999999747378752e-05
1137,1.0,0.008836779743432999,9.999999747378752e-05
1138,1.0,0.003904649056494236,9.999999747378752e-05
1139,1.0,0.004644558299332857,9.999999747378752e-05
1140,1.0,0.004133385606110096,9.999999747378752e-05
1141,1.0,0.0019728799816221,9.999999747378752e-05
1142,1.0,0.00619838573038578,9.999999747378752e-05
1143,1.0,0.0053906855173408985,9.999999747378752e-05
1144,1.0,0.001996284583583474,9.999999747378752e-05
1145,1.0,0.011035451665520668,9.999999747378752e-05
1146,1.0,0.0031538652256131172,9.999999747378752e-05
1147,1.0,0.004262728616595268,9.999999747378752e-05
1148,1.0,0.010132119059562683,9.999999747378752e-05
1149,1.0,0.009777441620826721,9.999999747378752e-05
1150,1.0,0.013344526290893555,9.999999747378752e-05
1151,1.0,0.004769186954945326,9.999999747378752e-05
1152,1.0,0.006774304434657097,9.999999747378752e-05
1153,1.0,0.00347112026065588,9.999999747378752e-05
1154,1.0,0.006267598830163479,9.999999747378752e-05
1155,1.0,0.00857064314186573,9.999999747378752e-05
1156,1.0,0.004422933328896761,9.999999747378752e-05
1157,1.0,0.005417268257588148,9.999999747378752e-05
1158,1.0,0.009594939649105072,9.999999747378752e-05
1159,1.0,0.0026683073956519365,9.999999747378752e-05
1160,1.0,0.0041336920112371445,9.999999747378752e-05
1161,1.0,0.0022663117852061987,9.999999747378752e-05
1162,1.0,0.01705465465784073,9.999999747378752e-05
1163,1.0,0.013683643192052841,9.999999747378752e-05
1164,1.0,0.00878677424043417,9.999999747378752e-05
1165,1.0,0.0067052762024104595,9.999999747378752e-05
1166,1.0,0.0038786502555012703,9.999999747378752e-05
1167,1.0,0.005687121767550707,9.999999747378752e-05
1168,1.0,0.004986593499779701,9.999999747378752e-05
1169,1.0,0.005335838533937931,9.999999747378752e-05
1170,1.0,0.013956084847450256,9.999999747378752e-05
1171,1.0,0.004034398123621941,9.999999747378752e-05
1172,1.0,0.004114710260182619,9.999999747378752e-05
1173,1.0,0.0038516256026923656,9.999999747378752e-05
1174,1.0,0.006116529460996389,9.999999747378752e-05
1175,1.0,0.009863865561783314,9.999999747378752e-05
1176,1.0,0.0020900708623230457,9.999999747378752e-05
1177,1.0,0.012745959684252739,9.999999747378752e-05
1178,1.0,0.0026769572868943214,9.999999747378752e-05
1179,1.0,0.016286345198750496,9.999999747378752e-05
1180,1.0,0.009734567254781723,9.999999747378752e-05
1181,1.0,0.014459596946835518,9.999999747378752e-05
1182,1.0,0.008060545660555363,9.999999747378752e-05
1183,1.0,0.004890617448836565,9.999999747378752e-05
1184,1.0,0.0072911581955850124,9.999999747378752e-05
1185,1.0,0.0076909479685127735,9.999999747378752e-05
1186,1.0,0.0018897490808740258,9.999999747378752e-05
1187,1.0,0.00491867633536458,9.999999747378752e-05
1188,1.0,0.00244836020283401,9.999999747378752e-05
1189,1.0,0.00263424264267087,9.999999747378752e-05
1190,1.0,0.007912115193903446,9.999999747378752e-05
1191,1.0,0.0024439203552901745,9.999999747378752e-05
1192,1.0,0.004157614894211292,9.999999747378752e-05
1193,1.0,0.003776285331696272,9.999999747378752e-05
1194,1.0,0.004872722085565329,9.999999747378752e-05
1195,1.0,0.017306048423051834,9.999999747378752e-05
1196,1.0,0.0030013923533260822,9.999999747378752e-05
1197,1.0,0.0032426610123366117,9.999999747378752e-05
1198,1.0,0.0019604782573878765,9.999999747378752e-05
1199,1.0,0.00462476909160614,9.999999747378752e-05
1200,1.0,0.002607271308079362,9.999999747378752e-05
1201,1.0,0.00503692589700222,9.999999747378752e-05
1202,1.0,0.00416336627677083,9.999999747378752e-05
1203,1.0,0.005247625056654215,9.999999747378752e-05
1204,1.0,0.0048913671635091305,9.999999747378752e-05
1205,1.0,0.008807574398815632,9.999999747378752e-05
1206,1.0,0.004387969151139259,9.999999747378752e-05
1207,1.0,0.0017147931503131986,9.999999747378752e-05
1208,1.0,0.00204830477014184,9.999999747378752e-05
1209,1.0,0.0022629103623330593,9.999999747378752e-05
1210,1.0,0.0017526333685964346,9.999999747378752e-05
1211,1.0,0.001993475016206503,9.999999747378752e-05
1212,1.0,0.005223554093390703,9.999999747378752e-05
1213,1.0,0.00796152837574482,9.999999747378752e-05
1214,1.0,0.006909323390573263,9.999999747378752e-05
1215,1.0,0.0017354763112962246,9.999999747378752e-05
1216,1.0,0.0058063482865691185,9.999999747378752e-05
1217,1.0,0.004813503473997116,9.999999747378752e-05
1218,1.0,0.004508336540311575,9.999999747378752e-05
1219,1.0,0.0028571959119290113,9.999999747378752e-05
1220,1.0,0.006263162940740585,9.999999747378752e-05
1221,1.0,0.0008958906400948763,9.999999747378752e-05
1222,1.0,0.00857274979352951,9.999999747378752e-05
1223,1.0,0.003728035371750593,9.999999747378752e-05
1224,1.0,0.007460899651050568,9.999999747378752e-05
1225,1.0,0.003237335942685604,9.999999747378752e-05
1226,1.0,0.006312465760856867,9.999999747378752e-05
1227,1.0,0.00249711936339736,9.999999747378752e-05
1228,1.0,0.0020912624895572662,9.999999747378752e-05
1229,1.0,0.00461684400215745,9.999999747378752e-05
1230,1.0,0.0064328680746257305,9.999999747378752e-05
1231,1.0,0.005806096363812685,9.999999747378752e-05
1232,1.0,0.003999010194092989,9.999999747378752e-05
1233,1.0,0.0027335816994309425,9.999999747378752e-05
1234,1.0,0.0025187889114022255,9.999999747378752e-05
1235,1.0,0.006672932766377926,9.999999747378752e-05
1236,1.0,0.001528191496618092,9.999999747378752e-05
1237,1.0,0.0026263189502060413,9.999999747378752e-05
1238,1.0,0.0027162644546478987,9.999999747378752e-05
1239,1.0,0.007986679673194885,9.999999747378752e-05
1240,1.0,0.006575142964720726,9.999999747378752e-05
1241,1.0,0.003634148510172963,9.999999747378752e-05
1242,1.0,0.014603376388549805,9.999999747378752e-05
1243,1.0,0.0015767815057188272,9.999999747378752e-05
1244,1.0,0.004206603392958641,9.999999747378752e-05
1245,1.0,0.002178587019443512,9.999999747378752e-05
1246,1.0,0.0029388335533440113,9.999999747378752e-05
1247,1.0,0.002177630551159382,9.999999747378752e-05
1248,1.0,0.0021741227246820927,9.999999747378752e-05
1249,1.0,0.0022384412586688995,9.999999747378752e-05
1250,1.0,0.005150580778717995,9.999999747378752e-05
1251,1.0,0.004161872901022434,9.999999747378752e-05
1252,1.0,0.0024860440753400326,9.999999747378752e-05
1253,1.0,0.007901161909103394,9.999999747378752e-05
1254,1.0,0.0019448591629043221,9.999999747378752e-05
1255,1.0,0.009929404594004154,9.999999747378752e-05
1256,1.0,0.0023210332728922367,9.999999747378752e-05
1257,1.0,0.014286969788372517,9.999999747378752e-05
1258,1.0,0.003266409505158663,9.999999747378752e-05
1259,1.0,0.017620103433728218,9.999999747378752e-05
1260,1.0,0.01305356528609991,9.999999747378752e-05
1261,1.0,0.007707041222602129,9.999999747378752e-05
1262,1.0,0.00852537713944912,9.999999747378752e-05
1263,1.0,0.004862186964601278,9.999999747378752e-05
1264,1.0,0.0029844571836292744,9.999999747378752e-05
1265,1.0,0.0023722564801573753,9.999999747378752e-05
1266,1.0,0.005698865279555321,9.999999747378752e-05
1267,1.0,0.002788841025903821,9.999999747378752e-05
1268,1.0,0.0017693783156573772,9.999999747378752e-05
1269,1.0,0.0019293595105409622,9.999999747378752e-05
1270,1.0,0.0033751928713172674,9.999999747378752e-05
1271,1.0,0.007506301626563072,9.999999747378752e-05
1272,1.0,0.0092813391238451,9.999999747378752e-05
1273,1.0,0.004783932585269213,9.999999747378752e-05
1274,1.0,0.003942826762795448,9.999999747378752e-05
1275,1.0,0.0013871419942006469,9.999999747378752e-05
1276,1.0,0.0030390992760658264,9.999999747378752e-05
1277,1.0,0.019909221678972244,9.999999747378752e-05
1278,1.0,0.003277561627328396,9.999999747378752e-05
1279,1.0,0.021153278648853302,9.999999747378752e-05
1280,1.0,0.01740168035030365,9.999999747378752e-05
1281,1.0,0.010920479893684387,9.999999747378752e-05
1282,1.0,0.004035040736198425,9.999999747378752e-05
1283,1.0,0.0028956900350749493,9.999999747378752e-05
1284,1.0,0.004748441278934479,9.999999747378752e-05
1285,1.0,0.004096261691302061,9.999999747378752e-05
1286,1.0,0.002200556918978691,9.999999747378752e-05
1287,1.0,0.002964535029605031,9.999999747378752e-05
1288,1.0,0.002035690937191248,9.999999747378752e-05
1289,1.0,0.001897946815006435,9.999999747378752e-05
1290,1.0,0.004586685914546251,9.999999747378752e-05
1291,1.0,0.0029590134508907795,9.999999747378752e-05
1292,1.0,0.005485265515744686,9.999999747378752e-05
1293,1.0,0.0030415314249694347,9.999999747378752e-05
1294,1.0,0.0026196730323135853,9.999999747378752e-05
1295,1.0,0.0034289369359612465,9.999999747378752e-05
1296,1.0,0.007052805740386248,9.999999747378752e-05
1297,1.0,0.001637854496948421,9.999999747378752e-05
1298,1.0,0.006031570490449667,9.999999747378752e-05
1299,1.0,0.006517080590128899,9.999999747378752e-05
1300,1.0,0.003950172569602728,9.999999747378752e-05
1301,1.0,0.001834896276704967,9.999999747378752e-05
1302,1.0,0.0028768377378582954,9.999999747378752e-05
1303,1.0,0.006566740106791258,9.999999747378752e-05
1304,1.0,0.013085201382637024,9.999999747378752e-05
1305,1.0,0.004214710555970669,9.999999747378752e-05
1306,1.0,0.009370162151753902,9.999999747378752e-05
1307,1.0,0.0040200925432145596,9.999999747378752e-05
1308,1.0,0.0029025408439338207,9.999999747378752e-05
1309,1.0,0.0038321714382618666,9.999999747378752e-05
1310,1.0,0.005839765537530184,9.999999747378752e-05
1311,1.0,0.0038688508793711662,9.999999747378752e-05
1312,1.0,0.0050879595801234245,9.999999747378752e-05
1313,1.0,0.0027648331597447395,9.999999747378752e-05
1314,1.0,0.0019365414045751095,9.999999747378752e-05
1315,1.0,0.007836463861167431,9.999999747378752e-05
1316,1.0,0.006807385478168726,9.999999747378752e-05
1317,1.0,0.008050062693655491,9.999999747378752e-05
1318,1.0,0.005528618115931749,9.999999747378752e-05
1319,1.0,0.00851121824234724,9.999999747378752e-05
1320,1.0,0.008237398229539394,9.999999747378752e-05
1321,1.0,0.005165252834558487,9.999999747378752e-05
1322,1.0,0.009476338513195515,9.999999747378752e-05
1323,1.0,0.0021773383487015963,9.999999747378752e-05
1324,1.0,0.0038032925222069025,9.999999747378752e-05
1325,1.0,0.008460614830255508,9.999999747378752e-05
1326,1.0,0.004059942904859781,9.999999747378752e-05
1327,1.0,0.003014085115864873,9.999999747378752e-05
1328,1.0,0.00446530245244503,9.999999747378752e-05
1329,1.0,0.008431692607700825,9.999999747378752e-05
1330,1.0,0.0035586629528552294,9.999999747378752e-05
1331,1.0,0.0007850918336771429,9.999999747378752e-05
1332,1.0,0.0033269559498876333,9.999999747378752e-05
1333,1.0,0.0018752780742943287,9.999999747378752e-05
1334,1.0,0.001295259571634233,9.999999747378752e-05
1335,1.0,0.00611315481364727,9.999999747378752e-05
1336,1.0,0.0034739230759441853,9.999999747378752e-05
1337,1.0,0.002524732379242778,9.999999747378752e-05
1338,1.0,0.0023822644725441933,9.999999747378752e-05
1339,1.0,0.00582554005086422,9.999999747378752e-05
1340,1.0,0.0011718138121068478,9.999999747378752e-05
1341,1.0,0.0032559544779360294,9.999999747378752e-05
1342,1.0,0.007589557208120823,9.999999747378752e-05
1343,1.0,0.003393870312720537,9.999999747378752e-05
1344,1.0,0.001204516738653183,9.999999747378752e-05
1345,1.0,0.002053164876997471,9.999999747378752e-05
1346,1.0,0.005619214382022619,9.999999747378752e-05
1347,1.0,0.007809782866388559,9.999999747378752e-05
1348,1.0,0.005143260583281517,9.999999747378752e-05
1349,1.0,0.002104647923260927,9.999999747378752e-05
1350,1.0,0.005083896219730377,9.999999747378752e-05
1351,1.0,0.0016152081079781055,9.999999747378752e-05
1352,1.0,0.0016522598452866077,9.999999747378752e-05
1353,1.0,0.0016544326208531857,9.999999747378752e-05
1354,1.0,0.0016736234538257122,9.999999747378752e-05
1355,1.0,0.0017234650440514088,9.999999747378752e-05
1356,1.0,0.00363086792640388,9.999999747378752e-05
1357,1.0,0.0024684187956154346,9.999999747378752e-05
1358,1.0,0.002778143621981144,9.999999747378752e-05
1359,1.0,0.0027124732732772827,9.999999747378752e-05
1360,1.0,0.0023101253900676966,9.999999747378752e-05
1361,1.0,0.003235539887100458,9.999999747378752e-05
1362,1.0,0.004803776741027832,9.999999747378752e-05
1363,1.0,0.0038198407273739576,9.999999747378752e-05
1364,1.0,0.0027300259098410606,9.999999747378752e-05
1365,1.0,0.0021190745756030083,9.999999747378752e-05
1366,1.0,0.0011489680036902428,9.999999747378752e-05
1367,1.0,0.002631824230775237,9.999999747378752e-05
1368,1.0,0.004615592770278454,9.999999747378752e-05
1369,1.0,0.0011809573043137789,9.999999747378752e-05
1370,1.0,0.004697687923908234,9.999999747378752e-05
1371,1.0,0.0015084525803104043,9.999999747378752e-05
1372,1.0,0.0016919501358643174,9.999999747378752e-05
1373,1.0,0.004166444297879934,9.999999747378752e-05
1374,1.0,0.0014798040501773357,9.999999747378752e-05
1375,1.0,0.0038883851375430822,9.999999747378752e-05
1376,1.0,0.0015505629125982523,9.999999747378752e-05
1377,1.0,0.00546459574252367,9.999999747378752e-05
1378,1.0,0.003948124125599861,9.999999747378752e-05
1379,1.0,0.0014009384904056787,9.999999747378752e-05
1380,1.0,0.004395232070237398,9.999999747378752e-05
1381,1.0,0.0010811449028551579,9.999999747378752e-05
1382,1.0,0.004093708470463753,9.999999747378752e-05
1383,1.0,0.0043286411091685295,9.999999747378752e-05
1384,1.0,0.014525292441248894,9.999999747378752e-05
1385,1.0,0.005383094307035208,9.999999747378752e-05
1386,1.0,0.008992948569357395,9.999999747378752e-05
1387,1.0,0.0020431026350706816,9.999999747378752e-05
1388,1.0,0.007972091436386108,9.999999747378752e-05
1389,1.0,0.0024104893673211336,9.999999747378752e-05
1390,1.0,0.0016303370939567685,9.999999747378752e-05
1391,1.0,0.004445898812264204,9.999999747378752e-05
1392,1.0,0.0025293997023254633,9.999999747378752e-05
1393,1.0,0.0009697729256004095,9.999999747378752e-05
1394,1.0,0.0026120455004274845,9.999999747378752e-05
1395,1.0,0.003077358240261674,9.999999747378752e-05
1396,1.0,0.00295893382281065,9.999999747378752e-05
1397,1.0,0.002607874572277069,9.999999747378752e-05
1398,1.0,0.0028705387376248837,9.999999747378752e-05
1399,1.0,0.00550652202218771,9.999999747378752e-05
1400,1.0,0.01826450787484646,9.999999747378752e-05
1401,1.0,0.03467316925525665,9.999999747378752e-05
1402,1.0,0.0026357099413871765,9.999999747378752e-05
1403,1.0,0.004384309984743595,9.999999747378752e-05
1404,1.0,0.008406772278249264,9.999999747378752e-05
1405,1.0,0.004997643176466227,9.999999747378752e-05
1406,1.0,0.007859877310693264,9.999999747378752e-05
1407,1.0,0.0028338059782981873,9.999999747378752e-05
1408,1.0,0.01598224602639675,9.999999747378752e-05
1409,1.0,0.005392345599830151,9.999999747378752e-05
1410,1.0,0.004301626235246658,9.999999747378752e-05
1411,1.0,0.001846020808443427,9.999999747378752e-05
1412,1.0,0.007897150702774525,9.999999747378752e-05
1413,1.0,0.004699377343058586,9.999999747378752e-05
1414,1.0,0.0036429944448173046,9.999999747378752e-05
1415,1.0,0.0051061431877315044,9.999999747378752e-05
1416,1.0,0.0036577237769961357,9.999999747378752e-05
1417,1.0,0.0030556260608136654,9.999999747378752e-05
1418,1.0,0.0026997877284884453,9.999999747378752e-05
1419,1.0,0.0027372422628104687,9.999999747378752e-05
1420,1.0,0.002246750285848975,9.999999747378752e-05
1421,1.0,0.00237180944532156,9.999999747378752e-05
1422,1.0,0.0020134930964559317,9.999999747378752e-05
1423,1.0,0.001334226573817432,9.999999747378752e-05
1424,1.0,0.0014088343596085906,9.999999747378752e-05
1425,1.0,0.0022809088695794344,9.999999747378752e-05
1426,1.0,0.002063524443656206,9.999999747378752e-05
1427,1.0,0.009393321350216866,9.999999747378752e-05
1428,1.0,0.0016565892146900296,9.999999747378752e-05
1429,1.0,0.00135535909794271,9.999999747378752e-05
1430,1.0,0.0023280212190002203,9.999999747378752e-05
1431,1.0,0.005179466679692268,9.999999747378752e-05
1432,1.0,0.00935620628297329,9.999999747378752e-05
1433,1.0,0.0065020970068871975,9.999999747378752e-05
1434,1.0,0.0019604668486863375,9.999999747378752e-05
1435,1.0,0.002534198574721813,9.999999747378752e-05
1436,1.0,0.008157361298799515,9.999999747378752e-05
1437,1.0,0.001105175237171352,9.999999747378752e-05
1438,1.0,0.007840489968657494,9.999999747378752e-05
1439,1.0,0.002413347829133272,9.999999747378752e-05
1440,1.0,0.0014399985084310174,9.999999747378752e-05
1441,1.0,0.0015000001294538379,9.999999747378752e-05
1442,1.0,0.002683058148249984,9.999999747378752e-05
1443,1.0,0.002773017156869173,9.999999747378752e-05
1444,1.0,0.006660903804004192,9.999999747378752e-05
1445,1.0,0.0021225078962743282,9.999999747378752e-05
1446,1.0,0.006300794426351786,9.999999747378752e-05
1447,1.0,0.006132454611361027,9.999999747378752e-05
1448,1.0,0.005325717851519585,9.999999747378752e-05
1449,1.0,0.004156516864895821,9.999999747378752e-05
1450,1.0,0.0063910591416060925,9.999999747378752e-05
1451,1.0,0.0024182419292628765,9.999999747378752e-05
1452,1.0,0.0009604068472981453,9.999999747378752e-05
1453,1.0,0.001691434532403946,9.999999747378752e-05
1454,1.0,0.0008614218677394092,9.999999747378752e-05
1455,1.0,0.0013469983823597431,9.999999747378752e-05
1456,1.0,0.0021226515527814627,9.999999747378752e-05
1457,1.0,0.00383208435960114,9.999999747378752e-05
1458,1.0,0.003434790065512061,9.999999747378752e-05
1459,1.0,0.005726111587136984,9.999999747378752e-05
1460,1.0,0.004402546212077141,9.999999747378752e-05
1461,1.0,0.003648527432233095,9.999999747378752e-05
1462,1.0,0.0014280063332989812,9.999999747378752e-05
1463,1.0,0.0008702040067873895,9.999999747378752e-05
1464,1.0,0.001116906525567174,9.999999747378752e-05
1465,1.0,0.0025051787961274385,9.999999747378752e-05
1466,1.0,0.004814731422811747,9.999999747378752e-05
1467,1.0,0.005334815010428429,9.999999747378752e-05
1468,1.0,0.0030178320594131947,9.999999747378752e-05
1469,1.0,0.003767234506085515,9.999999747378752e-05
1470,1.0,0.0035671207588166,9.999999747378752e-05
1471,1.0,0.002828193362802267,9.999999747378752e-05
1472,1.0,0.002676476491615176,9.999999747378752e-05
1473,1.0,0.0006638163467869163,9.999999747378752e-05
1474,1.0,0.0011004352709278464,9.999999747378752e-05
1475,1.0,0.002847576281055808,9.999999747378752e-05
1476,1.0,0.0032613060902804136,9.999999747378752e-05
1477,1.0,0.003523719497025013,9.999999747378752e-05
1478,1.0,0.0010044672526419163,9.999999747378752e-05
1479,1.0,0.0026334074791520834,9.999999747378752e-05
1480,1.0,0.0017184115713462234,9.999999747378752e-05
1481,1.0,0.0031951386481523514,9.999999747378752e-05
1482,1.0,0.0011382590746507049,9.999999747378752e-05
1483,1.0,0.004424976650625467,9.999999747378752e-05
1484,1.0,0.004454799462109804,9.999999747378752e-05
1485,1.0,0.002613817574456334,9.999999747378752e-05
1486,1.0,0.003763442626222968,9.999999747378752e-05
1487,1.0,0.0018707948038354516,9.999999747378752e-05
1488,1.0,0.008856099098920822,9.999999747378752e-05
1489,1.0,0.0017905955901369452,9.999999747378752e-05
1490,1.0,0.0036009931936860085,9.999999747378752e-05
1491,1.0,0.0014487233711406589,9.999999747378752e-05
1492,1.0,0.008957545273005962,9.999999747378752e-05
1493,1.0,0.004103593993932009,9.999999747378752e-05
1494,1.0,0.0022799090947955847,9.999999747378752e-05
1495,1.0,0.0012750978348776698,9.999999747378752e-05
1496,1.0,0.0010211128974333405,9.999999747378752e-05
1497,1.0,0.0010534009197726846,9.999999747378752e-05
1498,1.0,0.005536854732781649,9.999999747378752e-05
1499,1.0,0.00391340022906661,9.999999747378752e-05
1500,1.0,0.0009881205623969436,9.999999747378752e-05
1501,1.0,0.0008833187748678029,9.999999747378752e-05
1502,1.0,0.001976903062313795,9.999999747378752e-05
1503,1.0,0.003976266365498304,9.999999747378752e-05
1504,1.0,0.004529221914708614,9.999999747378752e-05
1505,1.0,0.0018548473017290235,9.999999747378752e-05
1506,1.0,0.008345399051904678,9.999999747378752e-05
1507,1.0,0.0016468351241201162,9.999999747378752e-05
1508,1.0,0.0028118605259805918,9.999999747378752e-05
1509,1.0,0.0020283181220293045,9.999999747378752e-05
1510,1.0,0.0060737887397408485,9.999999747378752e-05
1511,1.0,0.0035513739567250013,9.999999747378752e-05
1512,1.0,0.00539926765486598,9.999999747378752e-05
1513,1.0,0.0024075964465737343,9.999999747378752e-05
1514,1.0,0.002595050260424614,9.999999747378752e-05
1515,1.0,0.002987442072480917,9.999999747378752e-05
1516,1.0,0.004467483144253492,9.999999747378752e-05
1517,1.0,0.0030967106577008963,9.999999747378752e-05
1518,1.0,0.0012042495654895902,9.999999747378752e-05
1519,1.0,0.0036625878419727087,9.999999747378752e-05
1520,1.0,0.015617153607308865,9.999999747378752e-05
1521,1.0,0.002672758186236024,9.999999747378752e-05
1522,1.0,0.006611694116145372,9.999999747378752e-05
1523,1.0,0.0018540018936619163,9.999999747378752e-05
1524,1.0,0.003134514670819044,9.999999747378752e-05
1525,1.0,0.0020586722530424595,9.999999747378752e-05
1526,1.0,0.009654498659074306,9.999999747378752e-05
1527,1.0,0.0018686053808778524,9.999999747378752e-05
1528,1.0,0.003349935868754983,9.999999747378752e-05
1529,1.0,0.00563675444573164,9.999999747378752e-05
1530,1.0,0.006757138762623072,9.999999747378752e-05
1531,1.0,0.0017537851817905903,9.999999747378752e-05
1532,1.0,0.0014670946402475238,9.999999747378752e-05
1533,1.0,0.003909232094883919,9.999999747378752e-05
1534,1.0,0.003082521492615342,9.999999747378752e-05
1535,1.0,0.0018807494780048728,9.999999747378752e-05
1536,1.0,0.0019448793027549982,9.999999747378752e-05
1537,1.0,0.002013670513406396,9.999999747378752e-05
1538,1.0,0.0013446630910038948,9.999999747378752e-05
1539,1.0,0.0024905167520046234,9.999999747378752e-05
1540,1.0,0.003352455096319318,9.999999747378752e-05
1541,1.0,0.0026423106901347637,9.999999747378752e-05
1542,1.0,0.003136412473395467,9.999999747378752e-05
1543,1.0,0.0009456293191760778,9.999999747378752e-05
1544,1.0,0.0018091598758473992,9.999999747378752e-05
1545,1.0,0.0019393459660932422,9.999999747378752e-05
1546,1.0,0.001605819328688085,9.999999747378752e-05
1547,1.0,0.0022983758244663477,9.999999747378752e-05
1548,1.0,0.0008983137086033821,9.999999747378752e-05
1549,1.0,0.005908430088311434,9.999999747378752e-05
1550,1.0,0.0013555276673287153,9.999999747378752e-05
1551,1.0,0.0056123798713088036,9.999999747378752e-05
1552,1.0,0.0027795906644314528,9.999999747378752e-05
1553,1.0,0.0015648796688765287,9.999999747378752e-05
1554,1.0,0.001673456747084856,9.999999747378752e-05
1555,1.0,0.0023953975178301334,9.999999747378752e-05
1556,1.0,0.0026738133747130632,9.999999747378752e-05
1557,1.0,0.0019588088616728783,9.999999747378752e-05
1558,1.0,0.0018476503901183605,9.999999747378752e-05
1559,1.0,0.003292802721261978,9.999999747378752e-05
1560,1.0,0.0021642250940203667,9.999999747378752e-05
1561,1.0,0.00707129156216979,9.999999747378752e-05
1562,1.0,0.0019787217024713755,9.999999747378752e-05
1563,1.0,0.008149996399879456,9.999999747378752e-05
1564,1.0,0.0051261307671666145,9.999999747378752e-05
1565,1.0,0.0020068909507244825,9.999999747378752e-05
1566,1.0,0.0018201613565906882,9.999999747378752e-05
1567,1.0,0.000848598254378885,9.999999747378752e-05
1568,1.0,0.008255520835518837,9.999999747378752e-05
1569,1.0,0.003598711919039488,9.999999747378752e-05
1570,1.0,0.008925418369472027,9.999999747378752e-05
1571,1.0,0.002323838183656335,9.999999747378752e-05
1572,1.0,0.0012590482365339994,9.999999747378752e-05
1573,1.0,0.00738138472661376,9.999999747378752e-05
1574,1.0,0.00335155357606709,9.999999747378752e-05
1575,1.0,0.005978622939437628,9.999999747378752e-05
1576,1.0,0.0011795255122706294,9.999999747378752e-05
1577,1.0,0.002476925030350685,9.999999747378752e-05
1578,1.0,0.0030243857763707638,9.999999747378752e-05
1579,1.0,0.0007617581286467612,9.999999747378752e-05
1580,1.0,0.0022003878839313984,9.999999747378752e-05
1581,1.0,0.0023509624879807234,9.999999747378752e-05
1582,1.0,0.002254853490740061,9.999999747378752e-05
1583,1.0,0.0012267904821783304,9.999999747378752e-05
1584,1.0,0.005412832833826542,9.999999747378752e-05
1585,1.0,0.004852933809161186,9.999999747378752e-05
1586,1.0,0.001875325571745634,9.999999747378752e-05
1587,1.0,0.0012055407278239727,9.999999747378752e-05
1588,1.0,0.002244392642751336,9.999999747378752e-05
1589,1.0,0.0039595565758645535,9.999999747378752e-05
1590,1.0,0.0010442263446748257,9.999999747378752e-05
1591,1.0,0.002552048536017537,9.999999747378752e-05
1592,1.0,0.00242459774017334,9.999999747378752e-05
1593,1.0,0.001872038934379816,9.999999747378752e-05
1594,1.0,0.005283586215227842,9.999999747378752e-05
1595,1.0,0.004900604020804167,9.999999747378752e-05
1596,1.0,0.00452903937548399,9.999999747378752e-05
1597,1.0,0.0027843851130455732,9.999999747378752e-05
1598,1.0,0.0012409287737682462,9.999999747378752e-05
1599,1.0,0.0011608797358348966,9.999999747378752e-05
1600,1.0,0.00353600294329226,9.999999747378752e-05
1601,1.0,0.0006816433742642403,9.999999747378752e-05
1602,1.0,0.0017628504429012537,9.999999747378752e-05
1603,1.0,0.001784804160706699,9.999999747378752e-05
1604,1.0,0.0009218339691869915,9.999999747378752e-05
1605,1.0,0.0018083316972479224,9.999999747378752e-05
1606,1.0,0.0014121042331680655,9.999999747378752e-05
1607,1.0,0.001380313653498888,9.999999747378752e-05
1608,1.0,0.011149329133331776,9.999999747378752e-05
1609,1.0,0.006901036016643047,9.999999747378752e-05
1610,1.0,0.0011578882113099098,9.999999747378752e-05
1611,1.0,0.001530481968075037,9.999999747378752e-05
1612,1.0,0.0022139681968837976,9.999999747378752e-05
1613,1.0,0.0019640999380499125,9.999999747378752e-05
1614,1.0,0.0013569805305451155,9.999999747378752e-05
1615,1.0,0.0014543361030519009,9.999999747378752e-05
1616,1.0,0.004339201841503382,9.999999747378752e-05
1617,1.0,0.0005716344458051026,9.999999747378752e-05
1618,1.0,0.0008570959907956421,9.999999747378752e-05
1619,1.0,0.004128491505980492,9.999999747378752e-05
1620,1.0,0.0025773243978619576,9.999999747378752e-05
1621,1.0,0.0049406918697059155,9.999999747378752e-05
1622,1.0,0.0012376564554870129,9.999999747378752e-05
1623,1.0,0.0024503967724740505,9.999999747378752e-05
1624,1.0,0.0053320289589464664,9.999999747378752e-05
1625,1.0,0.0018238177290186286,9.999999747378752e-05
1626,1.0,0.0005598398274742067,9.999999747378752e-05
1627,1.0,0.0045694103464484215,9.999999747378752e-05
1628,1.0,0.001001647673547268,9.999999747378752e-05
1629,1.0,0.003618641057983041,9.999999747378752e-05
1630,1.0,0.001610643696039915,9.999999747378752e-05
1631,1.0,0.001770451432093978,9.999999747378752e-05
1632,1.0,0.0019031030824407935,9.999999747378752e-05
1633,1.0,0.0013155679916962981,9.999999747378752e-05
1634,1.0,0.0044256276451051235,9.999999747378752e-05
1635,1.0,0.001499104779213667,9.999999747378752e-05
1636,1.0,0.0016016222070902586,9.999999747378752e-05
1637,1.0,0.0013376094866544008,9.999999747378752e-05
1638,1.0,0.0017429627478122711,9.999999747378752e-05
1639,1.0,0.0018738952931016684,9.999999747378752e-05
1640,1.0,0.003714554011821747,9.999999747378752e-05
1641,1.0,0.0010647955350577831,9.999999747378752e-05
1642,1.0,0.0026832381263375282,9.999999747378752e-05
1643,1.0,0.0016098564956337214,9.999999747378752e-05
1644,1.0,0.0009324791608378291,9.999999747378752e-05
1645,1.0,0.00152357027400285,9.999999747378752e-05
1646,1.0,0.001509383087977767,9.999999747378752e-05
1647,1.0,0.003722923109307885,9.999999747378752e-05
1648,1.0,0.0015413588844239712,9.999999747378752e-05
1649,1.0,0.0020947561133652925,9.999999747378752e-05
1650,1.0,0.0006803511641919613,9.999999747378752e-05
1651,1.0,0.0021261267829686403,9.999999747378752e-05
1652,1.0,0.0068671912886202335,9.999999747378752e-05
1653,1.0,0.001871927292086184,9.999999747378752e-05
1654,1.0,0.0026682030875235796,9.999999747378752e-05
1655,1.0,0.004819919355213642,9.999999747378752e-05
1656,1.0,0.0009389824117533863,9.999999747378752e-05
1657,1.0,0.0009640543139539659,9.999999747378752e-05
1658,1.0,0.0020887944847345352,9.999999747378752e-05
1659,1.0,0.004716353490948677,9.999999747378752e-05
1660,1.0,0.00338387512601912,9.999999747378752e-05
1661,1.0,0.003809096058830619,9.999999747378752e-05
1662,1.0,0.0017091569025069475,9.999999747378752e-05
1663,1.0,0.002429658779874444,9.999999747378752e-05
1664,1.0,0.0016739059938117862,9.999999747378752e-05
1665,1.0,0.004023843910545111,9.999999747378752e-05
1666,1.0,0.0024924881290644407,9.999999747378752e-05
1667,1.0,0.001413893885910511,9.999999747378752e-05
1668,1.0,0.0037185384426265955,9.999999747378752e-05
1669,1.0,0.001423317240551114,9.999999747378752e-05
1670,1.0,0.006956962868571281,9.999999747378752e-05
1671,1.0,0.0023114243522286415,9.999999747378752e-05
1672,1.0,0.0031481145415455103,9.999999747378752e-05
1673,1.0,0.001971749821677804,9.999999747378752e-05
1674,1.0,0.0018149440875276923,9.999999747378752e-05
1675,1.0,0.0013303800951689482,9.999999747378752e-05
1676,1.0,0.001593566033989191,9.999999747378752e-05
1677,1.0,0.0008709513349458575,9.999999747378752e-05
1678,1.0,0.001341207535006106,9.999999747378752e-05
1679,1.0,0.0034316768869757652,9.999999747378752e-05
1680,1.0,0.006220710929483175,9.999999747378752e-05
1681,1.0,0.008640039712190628,9.999999747378752e-05
1682,1.0,0.0027917257975786924,9.999999747378752e-05
1683,1.0,0.015383117832243443,9.999999747378752e-05
1684,1.0,0.006553945131599903,9.999999747378752e-05
1685,1.0,0.003009002422913909,9.999999747378752e-05
1686,1.0,0.011998932808637619,9.999999747378752e-05
1687,1.0,0.006849778816103935,9.999999747378752e-05
1688,1.0,0.004157210700213909,9.999999747378752e-05
1689,1.0,0.001990326913073659,9.999999747378752e-05
1690,1.0,0.001622726209461689,9.999999747378752e-05
1691,1.0,0.0011476450599730015,9.999999747378752e-05
1692,1.0,0.0012615013401955366,9.999999747378752e-05
1693,1.0,0.016920939087867737,9.999999747378752e-05
1694,1.0,0.013547495938837528,9.999999747378752e-05
1695,1.0,0.00595739483833313,9.999999747378752e-05
1696,1.0,0.00596912344917655,9.999999747378752e-05
1697,1.0,0.009585410356521606,9.999999747378752e-05
1698,1.0,0.026692453771829605,9.999999747378752e-05
1699,1.0,0.01245646458119154,9.999999747378752e-05
1700,1.0,0.004087419249117374,9.999999747378752e-05
1701,1.0,0.017237747088074684,9.999999747378752e-05
1702,1.0,0.00455696415156126,9.999999747378752e-05
1703,0.9722222089767456,0.040010567754507065,9.999999747378752e-05
1704,1.0,0.00683017261326313,9.999999747378752e-05
1705,1.0,0.035287756472826004,9.999999747378752e-05
1706,1.0,0.007533359806984663,9.999999747378752e-05
1707,1.0,0.002883808920159936,9.999999747378752e-05
1708,1.0,0.0013007051311433315,9.999999747378752e-05
1709,1.0,0.0013269749470055103,9.999999747378752e-05
1710,1.0,0.002562376204878092,9.999999747378752e-05
1711,1.0,0.001967411721125245,9.999999747378752e-05
1712,1.0,0.0013063045917078853,9.999999747378752e-05
1713,1.0,0.004669448360800743,9.999999747378752e-05
1714,1.0,0.0028305158484727144,9.999999747378752e-05
1715,1.0,0.002604598877951503,9.999999747378752e-05
1716,1.0,0.000984699698165059,9.999999747378752e-05
1717,1.0,0.0016704235458746552,9.999999747378752e-05
1718,1.0,0.001231746282428503,9.999999747378752e-05
1719,1.0,0.009715716354548931,9.999999747378752e-05
1720,1.0,0.002683567116037011,9.999999747378752e-05
1721,1.0,0.0024824102874845266,9.999999747378752e-05
1722,1.0,0.0008088661124929786,9.999999747378752e-05
1723,1.0,0.00402681902050972,9.999999747378752e-05
1724,1.0,0.0023865089751780033,9.999999747378752e-05
1725,1.0,0.0010814139386639,9.999999747378752e-05
1726,1.0,0.002383267041295767,9.999999747378752e-05
1727,1.0,0.0015205929521471262,9.999999747378752e-05
1728,1.0,0.001927053788676858,9.999999747378752e-05
1729,1.0,0.0023601374123245478,9.999999747378752e-05
1730,1.0,0.0014338421169668436,9.999999747378752e-05
1731,1.0,0.0009964542696252465,9.999999747378752e-05
1732,1.0,0.001752204610966146,9.999999747378752e-05
1733,1.0,0.011116414330899715,9.999999747378752e-05
1734,1.0,0.0018141730688512325,9.999999747378752e-05
1735,1.0,0.003964763600379229,9.999999747378752e-05
1736,1.0,0.0013116714544594288,9.999999747378752e-05
1737,1.0,0.0015563159249722958,9.999999747378752e-05
1738,1.0,0.001092087128199637,9.999999747378752e-05
1739,1.0,0.0022958836052566767,9.999999747378752e-05
1740,1.0,0.0021271652076393366,9.999999747378752e-05
1741,1.0,0.0029176746029406786,9.999999747378752e-05
1742,1.0,0.0026045332197099924,9.999999747378752e-05
1743,1.0,0.003977179992944002,9.999999747378752e-05
1744,1.0,0.0018664886010810733,9.999999747378752e-05
1745,1.0,0.0009161200723610818,9.999999747378752e-05
1746,1.0,0.0028843393083661795,9.999999747378752e-05
1747,1.0,0.0008473601192235947,9.999999747378752e-05
1748,1.0,0.0013134232722222805,9.999999747378752e-05
1749,1.0,0.0023888072464615107,9.999999747378752e-05
1750,1.0,0.0015602312050759792,9.999999747378752e-05
1751,1.0,0.0023998606484383345,9.999999747378752e-05
1752,1.0,0.001962468260899186,9.999999747378752e-05
1753,1.0,0.0013452570419758558,9.999999747378752e-05
1754,1.0,0.0018554447451606393,9.999999747378752e-05
1755,1.0,0.002177220769226551,9.999999747378752e-05
1756,1.0,0.004220740869641304,9.999999747378752e-05
1757,1.0,0.0017829976277425885,9.999999747378752e-05
1758,1.0,0.0031730541959404945,9.999999747378752e-05
1759,1.0,0.001988150179386139,9.999999747378752e-05
1760,1.0,0.0015141936019062996,9.999999747378752e-05
1761,1.0,0.0013913852162659168,9.999999747378752e-05
1762,1.0,0.001427659997716546,9.999999747378752e-05
1763,1.0,0.002393947448581457,9.999999747378752e-05
1764,1.0,0.0013830228708684444,9.999999747378752e-05
1765,1.0,0.0011115727247670293,9.999999747378752e-05
1766,1.0,0.002945762127637863,9.999999747378752e-05
1767,1.0,0.0014589527854695916,9.999999747378752e-05
1768,1.0,0.0017418095376342535,9.999999747378752e-05
1769,1.0,0.005837283097207546,9.999999747378752e-05
1770,1.0,0.0013585160486400127,9.999999747378752e-05
1771,1.0,0.0004809467354789376,9.999999747378752e-05
1772,1.0,0.0023068466689437628,9.999999747378752e-05
1773,1.0,0.0033742066007107496,9.999999747378752e-05
1774,1.0,0.0015467498451471329,9.999999747378752e-05
1775,1.0,0.0021689655259251595,9.999999747378752e-05
1776,1.0,0.0014211488887667656,9.999999747378752e-05
1777,1.0,0.0012175296433269978,9.999999747378752e-05
1778,1.0,0.0035007058177143335,9.999999747378752e-05
1779,1.0,0.001828302745707333,9.999999747378752e-05
1780,1.0,0.0014310791157186031,9.999999747378752e-05
1781,1.0,0.0009450099314562976,9.999999747378752e-05
1782,1.0,0.0029818250332027674,9.999999747378752e-05
1783,1.0,0.006570858880877495,9.999999747378752e-05
1784,1.0,0.0011015835916623473,9.999999747378752e-05
1785,1.0,0.0018629758851602674,9.999999747378752e-05
1786,1.0,0.002168400678783655,9.999999747378752e-05
1787,1.0,0.0023454828187823296,9.999999747378752e-05
1788,1.0,0.0005671692779287696,9.999999747378752e-05
1789,1.0,0.0028801197186112404,9.999999747378752e-05
1790,1.0,0.0014221806777641177,9.999999747378752e-05
1791,1.0,0.0006672890740446746,9.999999747378752e-05
1792,1.0,0.006506735924631357,9.999999747378752e-05
1793,1.0,0.0015285219997167587,9.999999747378752e-05
1794,1.0,0.001398336491547525,9.999999747378752e-05
1795,1.0,0.0025878685992211103,9.999999747378752e-05
1796,1.0,0.002853002864867449,9.999999747378752e-05
1797,1.0,0.00047975179040804505,9.999999747378752e-05
1798,1.0,0.0033097988925874233,9.999999747378752e-05
1799,1.0,0.0023038110230118036,9.999999747378752e-05
1800,1.0,0.0023036967031657696,9.999999747378752e-05
1801,1.0,0.0013744798488914967,9.999999747378752e-05
1802,1.0,0.002875243779271841,9.999999747378752e-05
1803,1.0,0.002232249826192856,9.999999747378752e-05
1804,1.0,0.0014538062969222665,9.999999747378752e-05
1805,1.0,0.0005099612753838301,9.999999747378752e-05
1806,1.0,0.004079608246684074,9.999999747378752e-05
1807,1.0,0.0022749388590455055,9.999999747378752e-05
1808,1.0,0.0012138484744355083,9.999999747378752e-05
1809,1.0,0.0014270837418735027,9.999999747378752e-05
1810,1.0,0.0013568024151027203,9.999999747378752e-05
1811,1.0,0.0011173683451488614,9.999999747378752e-05
1812,1.0,0.0050982218235731125,9.999999747378752e-05
1813,1.0,0.0006769971805624664,9.999999747378752e-05
1814,1.0,0.0007619233801960945,9.999999747378752e-05
1815,1.0,0.002358798636123538,9.999999747378752e-05
1816,1.0,0.003872223664075136,9.999999747378752e-05
1817,1.0,0.003656449494883418,9.999999747378752e-05
1818,1.0,0.0011313586728647351,9.999999747378752e-05
1819,1.0,0.0028673748020082712,9.999999747378752e-05
1820,1.0,0.0010700796265155077,9.999999747378752e-05
1821,1.0,0.0019864263013005257,9.999999747378752e-05
1822,1.0,0.0005766826798208058,9.999999747378752e-05
1823,1.0,0.0017837989144027233,9.999999747378752e-05
1824,1.0,0.001210031216032803,9.999999747378752e-05
1825,1.0,0.00046735277283005416,9.999999747378752e-05
1826,1.0,0.001880861003883183,9.999999747378752e-05
1827,1.0,0.002288837218657136,9.999999747378752e-05
1828,1.0,0.0007594556664116681,9.999999747378752e-05
1829,1.0,0.0014535931404680014,9.999999747378752e-05
1830,1.0,0.006319297477602959,9.999999747378752e-05
1831,1.0,0.0030615718569606543,9.999999747378752e-05
1832,1.0,0.003328606253489852,9.999999747378752e-05
1833,1.0,0.0036734400782734156,9.999999747378752e-05
1834,1.0,0.0008045299910008907,9.999999747378752e-05
1835,1.0,0.002914325101301074,9.999999747378752e-05
1836,1.0,0.006880077067762613,9.999999747378752e-05
1837,1.0,0.005635358858853579,9.999999747378752e-05
1838,1.0,0.0004979735822416842,9.999999747378752e-05
1839,1.0,0.0012523670447990298,9.999999747378752e-05
1840,1.0,0.0011303422506898642,9.999999747378752e-05
1841,1.0,0.002914805430918932,9.999999747378752e-05
1842,1.0,0.0009836828103289008,9.999999747378752e-05
1843,1.0,0.0030880228150635958,9.999999747378752e-05
1844,1.0,0.002767279278486967,9.999999747378752e-05
1845,1.0,0.0012881068978458643,9.999999747378752e-05
1846,1.0,0.0011803710367530584,9.999999747378752e-05
1847,1.0,0.0015269066207110882,9.999999747378752e-05
1848,1.0,0.0023519324604421854,9.999999747378752e-05
1849,1.0,0.0008648353395983577,9.999999747378752e-05
1850,1.0,0.0025913179852068424,9.999999747378752e-05
1851,1.0,0.001279122312553227,9.999999747378752e-05
1852,1.0,0.0035205883905291557,9.999999747378752e-05
1853,1.0,0.0028873065020889044,9.999999747378752e-05
1854,1.0,0.0013133673928678036,9.999999747378752e-05
1855,1.0,0.0021228014957159758,9.999999747378752e-05
1856,1.0,0.0035812738351523876,9.999999747378752e-05
1857,1.0,0.0028502962086349726,9.999999747378752e-05
1858,1.0,0.009618327021598816,9.999999747378752e-05
1859,1.0,0.002115270821377635,9.999999747378752e-05
1860,1.0,0.001239567412994802,9.999999747378752e-05
1861,1.0,0.002409626729786396,9.999999747378752e-05
1862,1.0,0.0010796310380101204,9.999999747378752e-05
1863,1.0,0.0036866606678813696,9.999999747378752e-05
1864,1.0,0.0037177540361881256,9.999999747378752e-05
1865,1.0,0.012351145967841148,9.999999747378752e-05
1866,1.0,0.002332336036488414,9.999999747378752e-05
1867,1.0,0.0014555834932252765,9.999999747378752e-05
1868,1.0,0.03578285872936249,9.999999747378752e-05
1869,1.0,0.006293910089880228,9.999999747378752e-05
1870,1.0,0.011756651103496552,9.999999747378752e-05
1871,1.0,0.006327187642455101,9.999999747378752e-05
1872,1.0,0.003196154022589326,9.999999747378752e-05
1873,1.0,0.0028835986740887165,9.999999747378752e-05
1874,1.0,0.001866790116764605,9.999999747378752e-05
1875,1.0,0.002379316370934248,9.999999747378752e-05
1876,1.0,0.0031666781287640333,9.999999747378752e-05
1877,1.0,0.001918455003760755,9.999999747378752e-05
1878,1.0,0.0017899887170642614,9.999999747378752e-05
1879,1.0,0.0030245103407651186,9.999999747378752e-05
1880,1.0,0.0010611115721985698,9.999999747378752e-05
1881,1.0,0.0004365275090094656,9.999999747378752e-05
1882,1.0,0.0013254870427772403,9.999999747378752e-05
1883,1.0,0.001966641517356038,9.999999747378752e-05
1884,1.0,0.008088759146630764,9.999999747378752e-05
1885,1.0,0.0012706422712653875,9.999999747378752e-05
1886,1.0,0.005150958895683289,9.999999747378752e-05
1887,1.0,0.0011134027736261487,9.999999747378752e-05
1888,1.0,0.0012768481392413378,9.999999747378752e-05
1889,1.0,0.001548508182168007,9.999999747378752e-05
1890,1.0,0.0005176945705898106,9.999999747378752e-05
1891,1.0,0.0012767536100000143,9.999999747378752e-05
1892,1.0,0.002296497579663992,9.999999747378752e-05
1893,1.0,0.0015222325455397367,9.999999747378752e-05
1894,1.0,0.0012605785159394145,9.999999747378752e-05
1895,1.0,0.0013240027474239469,9.999999747378752e-05
1896,1.0,0.0018595927394926548,9.999999747378752e-05
1897,1.0,0.001521632308140397,9.999999747378752e-05
1898,1.0,0.005175577476620674,9.999999747378752e-05
1899,1.0,0.0009786016307771206,9.999999747378752e-05
1900,1.0,0.0008585135801695287,9.999999747378752e-05
1901,1.0,0.001097248401492834,9.999999747378752e-05
1902,1.0,0.0007606983999721706,9.999999747378752e-05
1903,1.0,0.001155562698841095,9.999999747378752e-05
1904,1.0,0.004236793145537376,9.999999747378752e-05
1905,1.0,0.0014026352437213063,9.999999747378752e-05
1906,1.0,0.0007640582043677568,9.999999747378752e-05
1907,1.0,0.0011053659254685044,9.999999747378752e-05
1908,1.0,0.0009512859978713095,9.999999747378752e-05
1909,1.0,0.0016838881419971585,9.999999747378752e-05
1910,1.0,0.0005116284010000527,9.999999747378752e-05
1911,1.0,0.0005996545660309494,9.999999747378752e-05
1912,1.0,0.0012713721953332424,9.999999747378752e-05
1913,1.0,0.0007071146392263472,9.999999747378752e-05
1914,1.0,0.0003516453434713185,9.999999747378752e-05
1915,1.0,0.0014741081977263093,9.999999747378752e-05
1916,1.0,0.0011806016555055976,9.999999747378752e-05
1917,1.0,0.0024584531784057617,9.999999747378752e-05
1918,1.0,0.002933281008154154,9.999999747378752e-05
1919,1.0,0.001376988599076867,9.999999747378752e-05
1920,1.0,0.0017658049473538995,9.999999747378752e-05
1921,1.0,0.0032115429639816284,9.999999747378752e-05
1922,1.0,0.0028198668733239174,9.999999747378752e-05
1923,1.0,0.001370411948300898,9.999999747378752e-05
1924,1.0,0.0008942054118961096,9.999999747378752e-05
1925,1.0,0.0012458600103855133,9.999999747378752e-05
1926,1.0,0.0016885543009266257,9.999999747378752e-05
1927,1.0,0.0007845097570680082,9.999999747378752e-05
1928,1.0,0.0004050289571750909,9.999999747378752e-05
1929,1.0,0.0012577816378325224,9.999999747378752e-05
1930,1.0,0.0014805429382249713,9.999999747378752e-05
1931,1.0,0.0006502540782094002,9.999999747378752e-05
1932,1.0,0.0027788025327026844,9.999999747378752e-05
1933,1.0,0.001480513601563871,9.999999747378752e-05
1934,1.0,0.011163275688886642,9.999999747378752e-05
1935,1.0,0.004114337731152773,9.999999747378752e-05
1936,1.0,0.0033814336638897657,9.999999747378752e-05
1937,1.0,0.003175996243953705,9.999999747378752e-05
1938,1.0,0.001173787284642458,9.999999747378752e-05
1939,1.0,0.0008541264687664807,9.999999747378752e-05
1940,1.0,0.0024523611646145582,9.999999747378752e-05
1941,1.0,0.000809751043561846,9.999999747378752e-05
1942,1.0,0.0010698966216295958,9.999999747378752e-05
1943,1.0,0.0013420735485851765,9.999999747378752e-05
1944,1.0,0.005606168415397406,9.999999747378752e-05
1945,1.0,0.0009302971884608269,9.999999747378752e-05
1946,1.0,0.0038667283952236176,9.999999747378752e-05
1947,1.0,0.0012218138435855508,9.999999747378752e-05
1948,1.0,0.004410622175782919,9.999999747378752e-05
1949,1.0,0.001335598761215806,9.999999747378752e-05
1950,1.0,0.0013579854276031256,9.999999747378752e-05
1951,1.0,0.0038741128519177437,9.999999747378752e-05
1952,1.0,0.002145838923752308,9.999999747378752e-05
1953,1.0,0.003087081015110016,9.999999747378752e-05
1954,1.0,0.0007655356312170625,9.999999747378752e-05
1955,1.0,0.0005716480663977563,9.999999747378752e-05
1956,1.0,0.0010545261902734637,9.999999747378752e-05
1957,1.0,0.0008570915088057518,9.999999747378752e-05
1958,1.0,0.0017462657997384667,9.999999747378752e-05
1959,1.0,0.0009331020410172641,9.999999747378752e-05
1960,1.0,0.002453192137181759,9.999999747378752e-05
1961,1.0,0.0013027068926021457,9.999999747378752e-05
1962,1.0,0.005409046076238155,9.999999747378752e-05
1963,1.0,0.0021302627865225077,9.999999747378752e-05
1964,1.0,0.0008101498824544251,9.999999747378752e-05
1965,1.0,0.0010812263935804367,9.999999747378752e-05
1966,1.0,0.007107958197593689,9.999999747378752e-05
1967,1.0,0.0010698302648961544,9.999999747378752e-05
1968,1.0,0.0008350794669240713,9.999999747378752e-05
1969,1.0,0.009558672085404396,9.999999747378752e-05
1970,1.0,0.004117758944630623,9.999999747378752e-05
1971,1.0,0.002181088551878929,9.999999747378752e-05
1972,1.0,0.0018342749681323767,9.999999747378752e-05
1973,1.0,0.0019206982105970383,9.999999747378752e-05
1974,1.0,0.0006844908348284662,9.999999747378752e-05
1975,1.0,0.001625172095373273,9.999999747378752e-05
1976,1.0,0.0013419088209047914,9.999999747378752e-05
1977,1.0,0.0004281597211956978,9.999999747378752e-05
1978,1.0,0.000675225630402565,9.999999747378752e-05
1979,1.0,0.0013457640307024121,9.999999747378752e-05
1980,1.0,0.0009961056057363749,9.999999747378752e-05
1981,1.0,0.0012065089540556073,9.999999747378752e-05
1982,1.0,0.0008541799616068602,9.999999747378752e-05
1983,1.0,0.0014427460264414549,9.999999747378752e-05
1984,1.0,0.007742288056761026,9.999999747378752e-05
1985,1.0,0.004783676937222481,9.999999747378752e-05
1986,1.0,0.00896337628364563,9.999999747378752e-05
1987,1.0,0.0008361454238183796,9.999999747378752e-05
1988,1.0,0.017380423843860626,9.999999747378752e-05
1989,1.0,0.005337957758456469,9.999999747378752e-05
1990,0.9722222089767456,0.05227024853229523,9.999999747378752e-05
1991,0.9722222089767456,0.046129073947668076,9.999999747378752e-05
1992,1.0,0.006169075146317482,9.999999747378752e-05
1993,1.0,0.016201352700591087,9.999999747378752e-05
1994,1.0,0.002431887201964855,9.999999747378752e-05
1995,1.0,0.00801117904484272,9.999999747378752e-05
1996,1.0,0.006089871749281883,9.999999747378752e-05
1997,1.0,0.0042470828630030155,9.999999747378752e-05
1998,1.0,0.0010815609712153673,9.999999747378752e-05
1999,1.0,0.003779821563512087,9.999999747378752e-05
