,categorical_accuracy,loss,learning_rate
0,0.6725000143051147,1.0549582242965698,0.0010000000474974513
1,0.737500011920929,0.7388461828231812,0.0010000000474974513
2,0.7749999761581421,0.7010852694511414,0.0010000000474974513
3,0.7774999737739563,0.6578682661056519,0.0010000000474974513
4,0.7975000143051147,0.6184275150299072,0.0010000000474974513
5,0.7875000238418579,0.5849999189376831,0.0010000000474974513
6,0.7799999713897705,0.5946124792098999,0.0010000000474974513
7,0.7950000166893005,0.5834730267524719,0.0010000000474974513
8,0.7925000190734863,0.5638808608055115,0.0010000000474974513
9,0.7825000286102295,0.5468913316726685,0.0010000000474974513
10,0.8075000047683716,0.5324196815490723,0.0010000000474974513
11,0.7900000214576721,0.5628074407577515,0.0010000000474974513
12,0.7875000238418579,0.5213120579719543,0.0010000000474974513
13,0.7875000238418579,0.5322248339653015,0.0010000000474974513
14,0.7950000166893005,0.5366615653038025,0.0010000000474974513
15,0.7925000190734863,0.5115842819213867,0.0010000000474974513
16,0.824999988079071,0.48614510893821716,0.0010000000474974513
17,0.8100000023841858,0.46750831604003906,0.0010000000474974513
18,0.7925000190734863,0.4911412298679352,0.0010000000474974513
19,0.8324999809265137,0.4911341071128845,0.0010000000474974513
20,0.8100000023841858,0.4902212619781494,0.0010000000474974513
21,0.7825000286102295,0.4908560514450073,0.0010000000474974513
22,0.8149999976158142,0.48555901646614075,0.0010000000474974513
23,0.8075000047683716,0.46124938130378723,0.0010000000474974513
24,0.8324999809265137,0.48753809928894043,0.0010000000474974513
25,0.8100000023841858,0.49626612663269043,0.0010000000474974513
26,0.7875000238418579,0.47637003660202026,0.0010000000474974513
27,0.7975000143051147,0.4613836705684662,0.0010000000474974513
28,0.8174999952316284,0.46621668338775635,0.0010000000474974513
29,0.8274999856948853,0.4618667960166931,0.0010000000474974513
30,0.8450000286102295,0.4218278229236603,0.0010000000474974513
31,0.8374999761581421,0.42264845967292786,0.0010000000474974513
32,0.8324999809265137,0.4322011172771454,0.0010000000474974513
33,0.8199999928474426,0.46936458349227905,0.0010000000474974513
34,0.8274999856948853,0.4132777750492096,0.0010000000474974513
35,0.8125,0.4655446708202362,0.0010000000474974513
36,0.8199999928474426,0.4554786682128906,0.0010000000474974513
37,0.8399999737739563,0.4312308132648468,0.0010000000474974513
38,0.824999988079071,0.42775726318359375,0.0010000000474974513
39,0.8199999928474426,0.43397754430770874,0.0010000000474974513
40,0.8224999904632568,0.44390764832496643,0.0010000000474974513
41,0.8349999785423279,0.4267527461051941,0.0010000000474974513
42,0.8274999856948853,0.41412419080734253,0.0010000000474974513
43,0.8299999833106995,0.4010053873062134,0.0010000000474974513
44,0.8424999713897705,0.3894588351249695,0.0010000000474974513
45,0.8274999856948853,0.40679308772087097,0.0010000000474974513
46,0.824999988079071,0.4637550115585327,0.0010000000474974513
47,0.8374999761581421,0.4106985926628113,0.0010000000474974513
48,0.8125,0.43815651535987854,0.0010000000474974513
49,0.8199999928474426,0.4407317042350769,0.0010000000474974513
50,0.8450000286102295,0.41829124093055725,0.0010000000474974513
51,0.8374999761581421,0.417430579662323,0.0010000000474974513
52,0.8174999952316284,0.42549756169319153,0.0010000000474974513
53,0.8149999976158142,0.4172489643096924,0.0010000000474974513
54,0.824999988079071,0.40741005539894104,0.0010000000474974513
55,0.8374999761581421,0.4122610092163086,0.0010000000474974513
56,0.8399999737739563,0.4064769446849823,0.0010000000474974513
57,0.824999988079071,0.4068654179573059,0.0010000000474974513
58,0.8349999785423279,0.4206636846065521,0.0010000000474974513
59,0.8125,0.4119608402252197,0.0010000000474974513
60,0.8475000262260437,0.3853295147418976,0.0010000000474974513
61,0.8424999713897705,0.3917177617549896,0.0010000000474974513
62,0.8550000190734863,0.411823034286499,0.0010000000474974513
63,0.8424999713897705,0.383097380399704,0.0010000000474974513
64,0.8600000143051147,0.39445096254348755,0.0010000000474974513
65,0.862500011920929,0.3527105748653412,0.0010000000474974513
66,0.8424999713897705,0.3720049262046814,0.0010000000474974513
67,0.862500011920929,0.34959331154823303,0.0010000000474974513
68,0.8450000286102295,0.3650592863559723,0.0010000000474974513
69,0.8475000262260437,0.3823792338371277,0.0010000000474974513
70,0.8575000166893005,0.35199031233787537,0.0010000000474974513
71,0.8600000143051147,0.3470928966999054,0.0010000000474974513
72,0.8299999833106995,0.3858170211315155,0.0010000000474974513
73,0.824999988079071,0.43282538652420044,0.0010000000474974513
74,0.862500011920929,0.36900538206100464,0.0010000000474974513
75,0.8475000262260437,0.3824022710323334,0.0010000000474974513
76,0.8274999856948853,0.39450088143348694,0.0010000000474974513
77,0.8174999952316284,0.4125203788280487,0.0010000000474974513
78,0.8550000190734863,0.37140563130378723,0.0010000000474974513
79,0.8525000214576721,0.38776734471321106,0.0010000000474974513
80,0.8450000286102295,0.39459028840065,0.0010000000474974513
81,0.875,0.3380458354949951,0.0010000000474974513
82,0.8525000214576721,0.36693817377090454,0.0010000000474974513
83,0.8450000286102295,0.37091171741485596,0.0010000000474974513
84,0.8299999833106995,0.3660854995250702,0.0010000000474974513
85,0.8575000166893005,0.3701688051223755,0.0010000000474974513
86,0.8399999737739563,0.3751261830329895,0.0010000000474974513
87,0.8349999785423279,0.3796713352203369,0.0010000000474974513
88,0.8600000143051147,0.3640078604221344,0.0010000000474974513
89,0.8799999952316284,0.35399550199508667,0.0010000000474974513
90,0.862500011920929,0.3465212285518646,0.0010000000474974513
91,0.8424999713897705,0.3754485845565796,0.0010000000474974513
92,0.8700000047683716,0.36414968967437744,0.0010000000474974513
93,0.8725000023841858,0.33763137459754944,0.0010000000474974513
94,0.862500011920929,0.3368689715862274,0.0010000000474974513
95,0.8550000190734863,0.34759384393692017,0.0010000000474974513
96,0.8700000047683716,0.34542015194892883,0.0010000000474974513
97,0.8500000238418579,0.3696708679199219,0.0010000000474974513
98,0.8525000214576721,0.3905393183231354,0.0010000000474974513
99,0.8575000166893005,0.3687880337238312,0.0010000000474974513
100,0.8575000166893005,0.3589261770248413,0.0010000000474974513
101,0.8500000238418579,0.3599177598953247,0.0010000000474974513
102,0.862500011920929,0.3489294946193695,0.0010000000474974513
103,0.8799999952316284,0.31596630811691284,0.0010000000474974513
104,0.8450000286102295,0.36737117171287537,0.0010000000474974513
105,0.875,0.33242905139923096,0.0010000000474974513
106,0.862500011920929,0.3499703109264374,0.0010000000474974513
107,0.8575000166893005,0.36010316014289856,0.0010000000474974513
108,0.8700000047683716,0.3377404808998108,0.0010000000474974513
109,0.8675000071525574,0.3445276618003845,0.0010000000474974513
110,0.8575000166893005,0.31231340765953064,0.0010000000474974513
111,0.8675000071525574,0.3701857328414917,0.0010000000474974513
112,0.8774999976158142,0.34326720237731934,0.0010000000474974513
113,0.8999999761581421,0.30024605989456177,0.0010000000474974513
114,0.875,0.3277800679206848,0.0010000000474974513
115,0.8700000047683716,0.33302706480026245,0.0010000000474974513
116,0.8824999928474426,0.31678932905197144,0.0010000000474974513
117,0.8824999928474426,0.318732351064682,0.0010000000474974513
118,0.8600000143051147,0.3319782316684723,0.0010000000474974513
119,0.8525000214576721,0.3513236939907074,0.0010000000474974513
120,0.862500011920929,0.35811737179756165,0.0010000000474974513
121,0.8924999833106995,0.3212374448776245,0.0010000000474974513
122,0.887499988079071,0.3046564757823944,0.0010000000474974513
123,0.8774999976158142,0.34908896684646606,0.0010000000474974513
124,0.8550000190734863,0.34633177518844604,0.0010000000474974513
125,0.8849999904632568,0.32146671414375305,0.0010000000474974513
126,0.875,0.31719934940338135,0.0010000000474974513
127,0.8774999976158142,0.33628520369529724,0.0010000000474974513
128,0.8999999761581421,0.30696389079093933,0.0010000000474974513
129,0.8824999928474426,0.3118002414703369,0.0010000000474974513
130,0.887499988079071,0.3125193119049072,0.0010000000474974513
131,0.875,0.3371609151363373,0.0010000000474974513
132,0.8550000190734863,0.3536708354949951,0.0010000000474974513
133,0.875,0.31197240948677063,0.0010000000474974513
134,0.8550000190734863,0.3367992043495178,0.0010000000474974513
135,0.8824999928474426,0.3333776891231537,0.0010000000474974513
136,0.875,0.32238781452178955,0.0010000000474974513
137,0.8924999833106995,0.2951372563838959,0.0010000000474974513
138,0.8899999856948853,0.31808027625083923,0.0010000000474974513
139,0.887499988079071,0.3084094524383545,0.0010000000474974513
140,0.8899999856948853,0.2923194468021393,0.0010000000474974513
141,0.8974999785423279,0.2759963870048523,0.0010000000474974513
142,0.8774999976158142,0.3010837733745575,0.0010000000474974513
143,0.875,0.30023565888404846,0.0010000000474974513
144,0.8949999809265137,0.2885553240776062,0.0010000000474974513
145,0.8550000190734863,0.35888251662254333,0.0010000000474974513
146,0.8650000095367432,0.331547349691391,0.0010000000474974513
147,0.8600000143051147,0.3136923611164093,0.0010000000474974513
148,0.8725000023841858,0.33936041593551636,0.0010000000474974513
149,0.8675000071525574,0.33802998065948486,0.0010000000474974513
150,0.8849999904632568,0.2926270663738251,0.0010000000474974513
151,0.8774999976158142,0.3329817056655884,0.0010000000474974513
152,0.8725000023841858,0.33116626739501953,0.0010000000474974513
153,0.8949999809265137,0.2876642048358917,0.0010000000474974513
154,0.9175000190734863,0.2747470736503601,0.0010000000474974513
155,0.8849999904632568,0.2965691387653351,0.0010000000474974513
156,0.887499988079071,0.2992471158504486,0.0010000000474974513
157,0.8924999833106995,0.28993409872055054,0.0010000000474974513
158,0.9049999713897705,0.29511311650276184,0.0010000000474974513
159,0.8824999928474426,0.3105410039424896,0.0010000000474974513
160,0.8899999856948853,0.2857099771499634,0.0010000000474974513
161,0.875,0.31357234716415405,0.0010000000474974513
162,0.8799999952316284,0.3218056559562683,0.0010000000474974513
163,0.875,0.31407618522644043,0.0010000000474974513
164,0.8774999976158142,0.2975471019744873,0.0010000000474974513
165,0.8974999785423279,0.28492918610572815,0.0010000000474974513
166,0.8924999833106995,0.2808747887611389,0.0010000000474974513
167,0.9024999737739563,0.2951037287712097,0.0010000000474974513
168,0.8824999928474426,0.31211212277412415,0.0010000000474974513
169,0.9125000238418579,0.280902624130249,0.0010000000474974513
170,0.9049999713897705,0.2653254270553589,0.0010000000474974513
171,0.9200000166893005,0.2502652108669281,0.0010000000474974513
172,0.9175000190734863,0.26300081610679626,0.0010000000474974513
173,0.9125000238418579,0.25968554615974426,0.0010000000474974513
174,0.887499988079071,0.2576098144054413,0.0010000000474974513
175,0.8999999761581421,0.2765261232852936,0.0010000000474974513
176,0.9024999737739563,0.2742856740951538,0.0010000000474974513
177,0.9125000238418579,0.27464473247528076,0.0010000000474974513
178,0.9075000286102295,0.2655799090862274,0.0010000000474974513
179,0.8949999809265137,0.28517788648605347,0.0010000000474974513
180,0.8999999761581421,0.26354920864105225,0.0010000000474974513
181,0.9225000143051147,0.24515897035598755,0.0010000000474974513
182,0.9075000286102295,0.26352643966674805,0.0010000000474974513
183,0.9275000095367432,0.24196632206439972,0.0010000000474974513
184,0.9175000190734863,0.2412058413028717,0.0010000000474974513
185,0.9024999737739563,0.28316983580589294,0.0010000000474974513
186,0.9024999737739563,0.2804079055786133,0.0010000000474974513
187,0.8849999904632568,0.29582875967025757,0.0010000000474974513
188,0.9024999737739563,0.27566128969192505,0.0010000000474974513
189,0.9075000286102295,0.251963347196579,0.0010000000474974513
190,0.9150000214576721,0.2517507076263428,0.0010000000474974513
191,0.8974999785423279,0.2833119332790375,0.0010000000474974513
192,0.9024999737739563,0.26091429591178894,0.0010000000474974513
193,0.887499988079071,0.2718200385570526,0.0010000000474974513
194,0.9075000286102295,0.2489171028137207,0.0010000000474974513
195,0.9100000262260437,0.25360777974128723,0.0010000000474974513
196,0.9175000190734863,0.26927465200424194,0.0010000000474974513
197,0.8974999785423279,0.29840514063835144,0.0010000000474974513
198,0.9049999713897705,0.2809467911720276,0.0010000000474974513
199,0.8999999761581421,0.2574918866157532,0.0010000000474974513
200,0.9125000238418579,0.248003751039505,0.0010000000474974513
201,0.925000011920929,0.2471364587545395,0.0010000000474974513
202,0.9125000238418579,0.2584048807621002,0.0010000000474974513
203,0.9125000238418579,0.24339330196380615,0.0010000000474974513
204,0.9175000190734863,0.24178408086299896,0.0010000000474974513
205,0.9125000238418579,0.24260377883911133,0.0010000000474974513
206,0.9100000262260437,0.2549113929271698,0.0010000000474974513
207,0.9150000214576721,0.2474602907896042,0.0010000000474974513
208,0.9049999713897705,0.2551589012145996,0.0010000000474974513
209,0.9225000143051147,0.23118481040000916,0.0010000000474974513
210,0.9125000238418579,0.24328041076660156,0.0010000000474974513
211,0.9350000023841858,0.22782941162586212,0.0010000000474974513
212,0.9200000166893005,0.25467920303344727,0.0010000000474974513
213,0.9024999737739563,0.2616575360298157,0.0010000000474974513
214,0.9075000286102295,0.2552674114704132,0.0010000000474974513
215,0.9075000286102295,0.2435889095067978,0.0010000000474974513
216,0.9200000166893005,0.22899240255355835,0.0010000000474974513
217,0.9300000071525574,0.23520487546920776,0.0010000000474974513
218,0.9150000214576721,0.24678653478622437,0.0010000000474974513
219,0.9150000214576721,0.23688393831253052,0.0010000000474974513
220,0.9325000047683716,0.21007995307445526,0.0010000000474974513
221,0.925000011920929,0.23820997774600983,0.0010000000474974513
222,0.9125000238418579,0.25131604075431824,0.0010000000474974513
223,0.9275000095367432,0.2354995757341385,0.0010000000474974513
224,0.9275000095367432,0.23074272274971008,0.0010000000474974513
225,0.925000011920929,0.24118559062480927,0.0010000000474974513
226,0.9150000214576721,0.23579029738903046,0.0010000000474974513
227,0.9350000023841858,0.2296752780675888,0.0010000000474974513
228,0.9125000238418579,0.2477448582649231,0.0010000000474974513
229,0.9225000143051147,0.24173252284526825,0.0010000000474974513
230,0.925000011920929,0.22643163800239563,0.0010000000474974513
231,0.9275000095367432,0.2136116921901703,0.0010000000474974513
232,0.9275000095367432,0.21746419370174408,0.0010000000474974513
233,0.9100000262260437,0.23984664678573608,0.0010000000474974513
234,0.925000011920929,0.21857276558876038,0.0010000000474974513
235,0.925000011920929,0.22695323824882507,0.0010000000474974513
236,0.9399999976158142,0.2071422040462494,0.0010000000474974513
237,0.925000011920929,0.21016141772270203,0.0010000000474974513
238,0.9225000143051147,0.22035905718803406,0.0010000000474974513
239,0.925000011920929,0.2209296077489853,0.0010000000474974513
240,0.9049999713897705,0.2627970576286316,0.0010000000474974513
241,0.9225000143051147,0.23624885082244873,0.0010000000474974513
242,0.9175000190734863,0.22749431431293488,0.0010000000474974513
243,0.9375,0.20405475795269012,0.0010000000474974513
244,0.9225000143051147,0.2140037566423416,0.0010000000474974513
245,0.9300000071525574,0.2144395262002945,0.0010000000474974513
246,0.9350000023841858,0.20564435422420502,0.0010000000474974513
247,0.9300000071525574,0.22309836745262146,0.0010000000474974513
248,0.9275000095367432,0.20894969999790192,0.0010000000474974513
249,0.9375,0.20068693161010742,0.0010000000474974513
250,0.9225000143051147,0.20581361651420593,0.0010000000474974513
251,0.925000011920929,0.2027890980243683,0.0010000000474974513
252,0.8999999761581421,0.23631000518798828,0.0010000000474974513
253,0.9049999713897705,0.22252285480499268,0.0010000000474974513
254,0.9150000214576721,0.2442888468503952,0.0010000000474974513
255,0.925000011920929,0.2314862310886383,0.0010000000474974513
256,0.9325000047683716,0.20014627277851105,0.0010000000474974513
257,0.9300000071525574,0.2050931602716446,0.0010000000474974513
258,0.9350000023841858,0.2154451161623001,0.0010000000474974513
259,0.9375,0.18900899589061737,0.0010000000474974513
260,0.9399999976158142,0.19368837773799896,0.0010000000474974513
261,0.9300000071525574,0.20577067136764526,0.0010000000474974513
262,0.9325000047683716,0.22714099287986755,0.0010000000474974513
263,0.9200000166893005,0.23994968831539154,0.0010000000474974513
264,0.9150000214576721,0.253833144903183,0.0010000000474974513
265,0.9375,0.19241680204868317,0.0010000000474974513
266,0.9375,0.18588359653949738,0.0010000000474974513
267,0.9399999976158142,0.1783244013786316,0.0010000000474974513
268,0.9424999952316284,0.18524503707885742,0.0010000000474974513
269,0.9375,0.18487761914730072,0.0010000000474974513
270,0.9200000166893005,0.22023816406726837,0.0010000000474974513
271,0.9200000166893005,0.2331169843673706,0.0010000000474974513
272,0.9300000071525574,0.19554173946380615,0.0010000000474974513
273,0.9574999809265137,0.17093530297279358,0.0010000000474974513
274,0.9524999856948853,0.17344249784946442,0.0010000000474974513
275,0.9399999976158142,0.18202441930770874,0.0010000000474974513
276,0.9275000095367432,0.1972777396440506,0.0010000000474974513
277,0.9325000047683716,0.19963884353637695,0.0010000000474974513
278,0.9449999928474426,0.16828681528568268,0.0010000000474974513
279,0.9449999928474426,0.18325139582157135,0.0010000000474974513
280,0.9449999928474426,0.17677578330039978,0.0010000000474974513
281,0.9399999976158142,0.17563672363758087,0.0010000000474974513
282,0.9399999976158142,0.19345100224018097,0.0010000000474974513
283,0.9474999904632568,0.1719086468219757,0.0010000000474974513
284,0.9449999928474426,0.16643893718719482,0.0010000000474974513
285,0.949999988079071,0.17544175684452057,0.0010000000474974513
286,0.9524999856948853,0.16798155009746552,0.0010000000474974513
287,0.9325000047683716,0.2036215215921402,0.0010000000474974513
288,0.9049999713897705,0.22976897656917572,0.0010000000474974513
289,0.9474999904632568,0.17585420608520508,0.0010000000474974513
290,0.9449999928474426,0.16561752557754517,0.0010000000474974513
291,0.9424999952316284,0.16769438982009888,0.0010000000474974513
292,0.9449999928474426,0.15354116261005402,0.0010000000474974513
293,0.9424999952316284,0.18526533246040344,0.0010000000474974513
294,0.9424999952316284,0.1791517287492752,0.0010000000474974513
295,0.9474999904632568,0.16170236468315125,0.0010000000474974513
296,0.9549999833106995,0.14995267987251282,0.0010000000474974513
297,0.9549999833106995,0.14202828705310822,0.0010000000474974513
298,0.9574999809265137,0.14057917892932892,0.0010000000474974513
299,0.9574999809265137,0.14403857290744781,0.0010000000474974513
300,0.9449999928474426,0.16276122629642487,0.0010000000474974513
301,0.9275000095367432,0.16651666164398193,0.0010000000474974513
302,0.9549999833106995,0.16297617554664612,0.0010000000474974513
303,0.9574999809265137,0.13920927047729492,0.0010000000474974513
304,0.949999988079071,0.15650321543216705,0.0010000000474974513
305,0.949999988079071,0.15649357438087463,0.0010000000474974513
306,0.9549999833106995,0.15413233637809753,0.0010000000474974513
307,0.9474999904632568,0.15145891904830933,0.0010000000474974513
308,0.9449999928474426,0.15256814658641815,0.0010000000474974513
309,0.9649999737739563,0.134671151638031,0.0010000000474974513
310,0.9624999761581421,0.12693536281585693,0.0010000000474974513
311,0.9649999737739563,0.14124223589897156,0.0010000000474974513
312,0.9424999952316284,0.15130649507045746,0.0010000000474974513
313,0.9574999809265137,0.13191302120685577,0.0010000000474974513
314,0.9624999761581421,0.13002066314220428,0.0010000000474974513
315,0.9549999833106995,0.1402004212141037,0.0010000000474974513
316,0.9474999904632568,0.177686408162117,0.0010000000474974513
317,0.9325000047683716,0.1839008331298828,0.0010000000474974513
318,0.9524999856948853,0.15192922949790955,0.0010000000474974513
319,0.9549999833106995,0.13952098786830902,0.0010000000474974513
320,0.9325000047683716,0.1903303861618042,0.0010000000474974513
321,0.9350000023841858,0.1900545358657837,0.0010000000474974513
322,0.9424999952316284,0.18766170740127563,0.0010000000474974513
323,0.949999988079071,0.17103658616542816,0.0010000000474974513
324,0.949999988079071,0.14422786235809326,0.0010000000474974513
325,0.9574999809265137,0.1354849487543106,0.0010000000474974513
326,0.9624999761581421,0.12508942186832428,0.0010000000474974513
327,0.9549999833106995,0.14385974407196045,0.0010000000474974513
328,0.9624999761581421,0.10892584174871445,0.0010000000474974513
329,0.9649999737739563,0.13125279545783997,0.0010000000474974513
330,0.9649999737739563,0.12372639775276184,0.0010000000474974513
331,0.9624999761581421,0.12652349472045898,0.0010000000474974513
332,0.9549999833106995,0.14785437285900116,0.0010000000474974513
333,0.949999988079071,0.14702260494232178,0.0010000000474974513
334,0.9599999785423279,0.13243506848812103,0.0010000000474974513
335,0.9700000286102295,0.10667647421360016,0.0010000000474974513
336,0.9750000238418579,0.10556545853614807,0.0010000000474974513
337,0.9574999809265137,0.13952182233333588,0.0010000000474974513
338,0.9449999928474426,0.1511121541261673,0.0010000000474974513
339,0.9599999785423279,0.13678514957427979,0.0010000000474974513
340,0.9599999785423279,0.11452382802963257,0.0010000000474974513
341,0.9599999785423279,0.1265646070241928,0.0010000000474974513
342,0.9700000286102295,0.1298728585243225,0.0010000000474974513
343,0.9574999809265137,0.12922824919223785,0.0010000000474974513
344,0.9624999761581421,0.1262475997209549,0.0010000000474974513
345,0.9649999737739563,0.11459729075431824,0.0010000000474974513
346,0.9624999761581421,0.11029505729675293,0.0010000000474974513
347,0.9725000262260437,0.10401883721351624,0.0010000000474974513
348,0.9674999713897705,0.11155696958303452,0.0010000000474974513
349,0.9700000286102295,0.10550437122583389,0.0010000000474974513
350,0.9549999833106995,0.1221969723701477,0.0010000000474974513
351,0.9649999737739563,0.11130686849355698,0.0010000000474974513
352,0.9649999737739563,0.12343433499336243,0.0010000000474974513
353,0.9674999713897705,0.1268407255411148,0.0010000000474974513
354,0.9624999761581421,0.11372444033622742,0.0010000000474974513
355,0.9524999856948853,0.14475885033607483,0.0010000000474974513
356,0.9649999737739563,0.1205485463142395,0.0010000000474974513
357,0.9599999785423279,0.13413909077644348,0.0010000000474974513
358,0.9649999737739563,0.1159587949514389,0.0010000000474974513
359,0.9624999761581421,0.10808141529560089,0.0010000000474974513
360,0.9449999928474426,0.15274296700954437,0.0010000000474974513
361,0.9574999809265137,0.12795253098011017,0.0010000000474974513
362,0.9700000286102295,0.11997951567173004,0.0010000000474974513
363,0.9725000262260437,0.12373208999633789,0.0010000000474974513
364,0.9649999737739563,0.10231062769889832,0.0010000000474974513
365,0.9775000214576721,0.10837743431329727,0.0010000000474974513
366,0.9574999809265137,0.13001739978790283,0.0010000000474974513
367,0.9624999761581421,0.12338194996118546,0.0010000000474974513
368,0.9524999856948853,0.1281244307756424,0.0010000000474974513
369,0.9474999904632568,0.15334570407867432,0.0010000000474974513
370,0.9624999761581421,0.10821584612131119,0.0010000000474974513
371,0.9750000238418579,0.11315669119358063,0.0010000000474974513
372,0.9725000262260437,0.09920362383127213,0.0010000000474974513
373,0.9649999737739563,0.11240611225366592,0.0010000000474974513
374,0.9624999761581421,0.10374608635902405,0.0010000000474974513
375,0.9750000238418579,0.09614116698503494,0.0010000000474974513
376,0.9674999713897705,0.11604005098342896,0.0010000000474974513
377,0.9674999713897705,0.09637437760829926,0.0010000000474974513
378,0.9674999713897705,0.10269322246313095,0.0010000000474974513
379,0.9725000262260437,0.08712669461965561,0.0010000000474974513
380,0.9624999761581421,0.09803670644760132,0.0010000000474974513
381,0.9700000286102295,0.11104273051023483,0.0010000000474974513
382,0.9549999833106995,0.11161133646965027,0.0010000000474974513
383,0.9750000238418579,0.07432238012552261,0.0010000000474974513
384,0.9624999761581421,0.10275980830192566,0.0010000000474974513
385,0.9750000238418579,0.09754768013954163,0.0010000000474974513
386,0.9649999737739563,0.0886407271027565,0.0010000000474974513
387,0.9574999809265137,0.1220293790102005,0.0010000000474974513
388,0.9649999737739563,0.12780605256557465,0.0010000000474974513
389,0.9574999809265137,0.11466681212186813,0.0010000000474974513
390,0.9700000286102295,0.09379326552152634,0.0010000000474974513
391,0.9750000238418579,0.07640264183282852,0.0010000000474974513
392,0.9775000214576721,0.09040497988462448,0.0010000000474974513
393,0.9775000214576721,0.08816978335380554,0.0010000000474974513
394,0.9750000238418579,0.09959472715854645,0.0010000000474974513
395,0.9750000238418579,0.07270244508981705,0.0010000000474974513
396,0.9800000190734863,0.08092392235994339,0.0010000000474974513
397,0.9574999809265137,0.12083529680967331,0.0010000000474974513
398,0.9649999737739563,0.09210507571697235,0.0010000000474974513
399,0.9674999713897705,0.10519633442163467,0.0010000000474974513
400,0.9524999856948853,0.12949706614017487,0.0010000000474974513
401,0.9700000286102295,0.097742460668087,0.0010000000474974513
402,0.9624999761581421,0.1086200699210167,0.0010000000474974513
403,0.9775000214576721,0.06884447485208511,0.0010000000474974513
404,0.9800000190734863,0.06609059870243073,0.0010000000474974513
405,0.9649999737739563,0.08748947083950043,0.0010000000474974513
406,0.9750000238418579,0.083466075360775,0.0010000000474974513
407,0.9825000166893005,0.07950267940759659,0.0010000000474974513
408,0.9800000190734863,0.0700870230793953,0.0010000000474974513
409,0.9850000143051147,0.06284734606742859,0.0010000000474974513
410,0.9775000214576721,0.06578155606985092,0.0010000000474974513
411,0.9800000190734863,0.057298947125673294,0.0010000000474974513
412,0.987500011920929,0.06835004687309265,0.0010000000474974513
413,0.9825000166893005,0.06586027890443802,0.0010000000474974513
414,0.9825000166893005,0.06651577353477478,0.0010000000474974513
415,0.9700000286102295,0.08431995660066605,0.0010000000474974513
416,0.9900000095367432,0.05275683104991913,0.0010000000474974513
417,0.9750000238418579,0.0674835741519928,0.0010000000474974513
418,0.987500011920929,0.057562265545129776,0.0010000000474974513
419,0.9800000190734863,0.07920420914888382,0.0010000000474974513
420,0.9399999976158142,0.13710516691207886,0.0010000000474974513
421,0.9649999737739563,0.09790291637182236,0.0010000000474974513
422,0.9599999785423279,0.10729853808879852,0.0010000000474974513
423,0.9775000214576721,0.07734396308660507,0.0010000000474974513
424,0.9725000262260437,0.08300204575061798,0.0010000000474974513
425,0.9700000286102295,0.07811108976602554,0.0010000000474974513
426,0.9750000238418579,0.07474571466445923,0.0010000000474974513
427,0.9825000166893005,0.06855632364749908,0.0010000000474974513
428,0.9725000262260437,0.07074049115180969,0.0010000000474974513
429,0.9725000262260437,0.08114240318536758,0.0010000000474974513
430,0.9624999761581421,0.09471321105957031,0.0010000000474974513
431,0.9474999904632568,0.1323738992214203,0.0010000000474974513
432,0.949999988079071,0.13540834188461304,0.0010000000474974513
433,0.9775000214576721,0.07470909506082535,0.0010000000474974513
434,0.9825000166893005,0.060289930552244186,0.0010000000474974513
435,0.9850000143051147,0.05600426346063614,0.0010000000474974513
436,0.9850000143051147,0.048702653497457504,0.0010000000474974513
437,0.9800000190734863,0.05435671657323837,0.0010000000474974513
438,0.9775000214576721,0.06339038163423538,0.0010000000474974513
439,0.987500011920929,0.049879223108291626,0.0010000000474974513
440,0.987500011920929,0.0463632307946682,0.0010000000474974513
441,0.9750000238418579,0.06512663513422012,0.0010000000474974513
442,0.987500011920929,0.05794564634561539,0.0010000000474974513
443,0.9775000214576721,0.08274099230766296,0.0010000000474974513
444,0.9775000214576721,0.08650390803813934,0.0010000000474974513
445,0.9850000143051147,0.059493646025657654,0.0010000000474974513
446,0.987500011920929,0.053839195519685745,0.0010000000474974513
447,0.9975000023841858,0.03663593903183937,0.0010000000474974513
448,0.9900000095367432,0.04708777368068695,0.0010000000474974513
449,0.9775000214576721,0.061631061136722565,0.0010000000474974513
450,0.9599999785423279,0.08610627055168152,0.0010000000474974513
451,0.9624999761581421,0.11767197400331497,0.0010000000474974513
452,0.9725000262260437,0.07574115693569183,0.0010000000474974513
453,0.9750000238418579,0.07718729972839355,0.0010000000474974513
454,0.9700000286102295,0.10171644389629364,0.0010000000474974513
455,0.9725000262260437,0.09430018067359924,0.0010000000474974513
456,0.9800000190734863,0.07025997340679169,0.0010000000474974513
457,0.9825000166893005,0.0563383474946022,0.0010000000474974513
458,0.9800000190734863,0.05889717489480972,0.0010000000474974513
459,0.9900000095367432,0.045461297035217285,0.0010000000474974513
460,0.9950000047683716,0.031185533851385117,0.0010000000474974513
461,0.9925000071525574,0.02772420644760132,0.0010000000474974513
462,0.9950000047683716,0.03045741282403469,0.0010000000474974513
463,0.9925000071525574,0.035612646490335464,0.0010000000474974513
464,0.9900000095367432,0.03943825885653496,0.0010000000474974513
465,0.9925000071525574,0.036683112382888794,0.0010000000474974513
466,0.9850000143051147,0.047267574816942215,0.0010000000474974513
467,0.9800000190734863,0.06305906176567078,0.0010000000474974513
468,0.9725000262260437,0.0787111446261406,0.0010000000474974513
469,0.9800000190734863,0.0615885891020298,0.0010000000474974513
470,0.9850000143051147,0.053824715316295624,0.0010000000474974513
471,0.9825000166893005,0.06102989986538887,0.0010000000474974513
472,0.987500011920929,0.04274691268801689,0.0010000000474974513
473,0.9850000143051147,0.04736585542559624,0.0010000000474974513
474,0.9800000190734863,0.06118161603808403,0.0010000000474974513
475,0.9925000071525574,0.05263218283653259,0.0010000000474974513
476,0.9850000143051147,0.05322716757655144,0.0010000000474974513
477,0.9850000143051147,0.05152580887079239,0.0010000000474974513
478,0.9700000286102295,0.09060658514499664,0.0010000000474974513
479,0.9750000238418579,0.09186054021120071,0.0010000000474974513
480,0.9800000190734863,0.0639079213142395,0.0010000000474974513
481,0.9750000238418579,0.07902497053146362,0.0010000000474974513
482,0.9649999737739563,0.09591725468635559,0.0010000000474974513
483,0.9524999856948853,0.09791255742311478,0.0010000000474974513
484,0.9674999713897705,0.10114281624555588,0.0010000000474974513
485,0.9725000262260437,0.07014930993318558,0.0010000000474974513
486,0.9850000143051147,0.050324972718954086,0.0010000000474974513
487,0.9850000143051147,0.041302308440208435,0.0010000000474974513
488,0.987500011920929,0.056606873869895935,0.0010000000474974513
489,0.9950000047683716,0.040648240596055984,0.0010000000474974513
490,0.987500011920929,0.03948131948709488,0.0010000000474974513
491,0.9850000143051147,0.04543584957718849,0.0010000000474974513
492,0.9925000071525574,0.04547407478094101,0.0010000000474974513
493,0.9850000143051147,0.055883489549160004,0.0010000000474974513
494,0.987500011920929,0.04886440932750702,0.0010000000474974513
495,0.987500011920929,0.045588504523038864,0.0010000000474974513
496,0.9925000071525574,0.033365365117788315,0.0010000000474974513
497,0.9950000047683716,0.030370058491826057,0.0010000000474974513
498,1.0,0.02151486836373806,0.0010000000474974513
499,0.9925000071525574,0.03245416283607483,0.0010000000474974513
500,0.9825000166893005,0.07371007651090622,0.0010000000474974513
501,0.9850000143051147,0.040369242429733276,0.0010000000474974513
502,0.9900000095367432,0.038019631057977676,0.0010000000474974513
503,0.9800000190734863,0.05226745456457138,0.0010000000474974513
504,0.9950000047683716,0.026048319414258003,0.0010000000474974513
505,0.9975000023841858,0.03251440078020096,0.0010000000474974513
506,0.9900000095367432,0.035290706902742386,0.0010000000474974513
507,0.9950000047683716,0.031377777457237244,0.0010000000474974513
508,0.9925000071525574,0.025860726833343506,0.0010000000474974513
509,0.9975000023841858,0.021599136292934418,0.0010000000474974513
510,0.9925000071525574,0.02689017541706562,0.0010000000474974513
511,0.987500011920929,0.031172428280115128,0.0010000000474974513
512,0.9800000190734863,0.06155748292803764,0.0010000000474974513
513,0.9975000023841858,0.030468422919511795,0.0010000000474974513
514,1.0,0.02116006426513195,0.0010000000474974513
515,1.0,0.01737246662378311,0.0010000000474974513
516,1.0,0.01974608190357685,0.0010000000474974513
517,0.9950000047683716,0.018885251134634018,0.0010000000474974513
518,0.9975000023841858,0.01973157934844494,0.0010000000474974513
519,1.0,0.012022968381643295,0.0010000000474974513
520,0.9975000023841858,0.024504628032445908,0.0010000000474974513
521,1.0,0.023531150072813034,0.0010000000474974513
522,1.0,0.015271021984517574,0.0010000000474974513
523,1.0,0.01473939511924982,0.0010000000474974513
524,0.9549999833106995,0.12944437563419342,0.0010000000474974513
525,0.9574999809265137,0.1447702944278717,0.0010000000474974513
526,0.9350000023841858,0.17113639414310455,0.0010000000474974513
527,0.949999988079071,0.12584558129310608,0.0010000000474974513
528,0.9649999737739563,0.09239502996206284,0.0010000000474974513
529,0.9900000095367432,0.04020741581916809,0.0010000000474974513
530,0.9825000166893005,0.040393978357315063,0.0010000000474974513
531,0.987500011920929,0.05509882792830467,0.0010000000474974513
532,0.9925000071525574,0.0333569198846817,0.0010000000474974513
533,0.987500011920929,0.03961271792650223,0.0010000000474974513
534,0.9825000166893005,0.04317542910575867,0.0010000000474974513
535,0.9950000047683716,0.042003851383924484,0.0010000000474974513
536,0.9950000047683716,0.0363876111805439,0.0010000000474974513
537,0.9800000190734863,0.055763453245162964,0.0010000000474974513
538,0.9825000166893005,0.044538188725709915,0.0010000000474974513
539,0.9925000071525574,0.030006788671016693,0.0010000000474974513
540,1.0,0.016520656645298004,0.0010000000474974513
541,1.0,0.013988164253532887,0.0010000000474974513
542,0.9925000071525574,0.029869165271520615,0.0010000000474974513
543,1.0,0.014795375987887383,0.0010000000474974513
544,0.9975000023841858,0.016923462972044945,0.0010000000474974513
545,1.0,0.009291333146393299,0.0010000000474974513
546,0.9950000047683716,0.017238790169358253,0.0010000000474974513
547,1.0,0.021649302914738655,0.0010000000474974513
548,0.9975000023841858,0.020345089957118034,0.0010000000474974513
549,0.9900000095367432,0.027925539761781693,0.0010000000474974513
550,1.0,0.014720205217599869,0.0010000000474974513
551,0.9975000023841858,0.01852610521018505,0.0010000000474974513
552,0.9950000047683716,0.01786212995648384,0.0010000000474974513
553,1.0,0.012905572541058064,0.0010000000474974513
554,1.0,0.01373129989951849,0.0010000000474974513
555,1.0,0.010421440936625004,0.0010000000474974513
556,1.0,0.010666625574231148,0.0010000000474974513
557,0.9950000047683716,0.01587030291557312,0.0010000000474974513
558,1.0,0.009993846528232098,0.0010000000474974513
559,0.9975000023841858,0.014157257974147797,0.0010000000474974513
560,0.9975000023841858,0.025102155283093452,0.0010000000474974513
561,0.9900000095367432,0.034002579748630524,0.0010000000474974513
562,0.9850000143051147,0.061438191682100296,0.0010000000474974513
563,0.9925000071525574,0.02757442556321621,0.0010000000474974513
564,0.9975000023841858,0.01471689622849226,0.0010000000474974513
565,0.9950000047683716,0.024579433724284172,0.0010000000474974513
566,0.9900000095367432,0.03578919544816017,0.0010000000474974513
567,0.9725000262260437,0.08567247539758682,0.0010000000474974513
568,0.9474999904632568,0.12330176681280136,0.0010000000474974513
569,0.9649999737739563,0.09695795923471451,0.0010000000474974513
570,0.9725000262260437,0.09554558992385864,0.0010000000474974513
571,0.9900000095367432,0.047478362917900085,0.0010000000474974513
572,0.9825000166893005,0.043041206896305084,0.0010000000474974513
573,0.9750000238418579,0.0496048629283905,0.0010000000474974513
574,0.9950000047683716,0.03378469496965408,0.0010000000474974513
575,0.9950000047683716,0.028754133731126785,0.0010000000474974513
576,0.9725000262260437,0.06835877895355225,0.0010000000474974513
577,0.9950000047683716,0.04093645140528679,0.0010000000474974513
578,0.9900000095367432,0.030548647046089172,0.0010000000474974513
579,0.9950000047683716,0.023036064580082893,0.0010000000474974513
580,0.9925000071525574,0.02321910858154297,0.0010000000474974513
581,0.987500011920929,0.04735748842358589,0.0010000000474974513
582,0.9825000166893005,0.04660748317837715,0.0010000000474974513
583,0.9825000166893005,0.04801790416240692,0.0010000000474974513
584,0.9700000286102295,0.06938768923282623,0.0010000000474974513
585,0.9900000095367432,0.04723525047302246,0.0010000000474974513
586,0.9900000095367432,0.037952814251184464,0.0010000000474974513
587,1.0,0.01808272674679756,0.0010000000474974513
588,1.0,0.010507150553166866,0.0010000000474974513
589,0.9975000023841858,0.01655692607164383,0.0010000000474974513
590,0.9975000023841858,0.01988557167351246,0.0010000000474974513
591,0.9950000047683716,0.01870197243988514,0.0010000000474974513
592,0.9975000023841858,0.018031761050224304,0.0010000000474974513
593,0.9975000023841858,0.014154610224068165,0.0010000000474974513
594,1.0,0.008226652629673481,0.0010000000474974513
595,0.987500011920929,0.0264015793800354,0.0010000000474974513
596,0.9900000095367432,0.02451343834400177,0.0010000000474974513
597,0.9900000095367432,0.017406942322850227,0.0010000000474974513
598,0.9975000023841858,0.014229021035134792,0.0010000000474974513
599,0.9975000023841858,0.016468318179249763,0.0010000000474974513
600,1.0,0.009502098895609379,0.0010000000474974513
601,1.0,0.006203998811542988,0.0010000000474974513
602,1.0,0.005404347088187933,0.0010000000474974513
603,1.0,0.004415194038301706,0.0010000000474974513
604,0.9975000023841858,0.011169147677719593,0.0010000000474974513
605,1.0,0.008240272291004658,0.0010000000474974513
606,0.9975000023841858,0.015708258375525475,0.0010000000474974513
607,1.0,0.007905452512204647,0.0010000000474974513
608,1.0,0.004155617672950029,0.0010000000474974513
609,1.0,0.0035555928479880095,0.0010000000474974513
610,1.0,0.0054210214875638485,0.0010000000474974513
611,1.0,0.005016646347939968,0.0010000000474974513
612,1.0,0.0037656938657164574,0.0010000000474974513
613,1.0,0.005639807786792517,0.0010000000474974513
614,1.0,0.003929661121219397,0.0010000000474974513
615,1.0,0.005208986345678568,0.0010000000474974513
616,1.0,0.004694746807217598,0.0010000000474974513
617,1.0,0.0032626441679894924,0.0010000000474974513
618,1.0,0.0041085765697062016,0.0010000000474974513
619,1.0,0.002793926279991865,0.0010000000474974513
620,1.0,0.0023466958664357662,0.0010000000474974513
621,1.0,0.0030803733970969915,0.0010000000474974513
622,1.0,0.0023376650642603636,0.0010000000474974513
623,1.0,0.00482879439368844,0.0010000000474974513
624,1.0,0.00518242409452796,0.0010000000474974513
625,1.0,0.0029334980063140392,0.0010000000474974513
626,0.9950000047683716,0.014056055806577206,0.0010000000474974513
627,0.9950000047683716,0.02418552152812481,0.0010000000474974513
628,0.9599999785423279,0.12119963765144348,0.0010000000474974513
629,0.9524999856948853,0.15061978995800018,0.0010000000474974513
630,0.9350000023841858,0.17485930025577545,0.0010000000474974513
631,0.949999988079071,0.1535475254058838,0.0010000000474974513
632,0.9700000286102295,0.10771448910236359,0.0010000000474974513
633,0.9700000286102295,0.0960007980465889,0.0010000000474974513
634,0.9750000238418579,0.0701126754283905,0.0010000000474974513
635,0.9750000238418579,0.06097313389182091,0.0010000000474974513
636,0.9775000214576721,0.04589451849460602,0.0010000000474974513
637,0.987500011920929,0.0325344018638134,0.0010000000474974513
638,0.9975000023841858,0.023312481120228767,0.0010000000474974513
639,1.0,0.020255887880921364,0.0010000000474974513
640,0.9975000023841858,0.021341437473893166,0.0010000000474974513
641,0.9950000047683716,0.019982852041721344,0.0010000000474974513
642,1.0,0.014425587840378284,0.0010000000474974513
643,1.0,0.008686966262757778,0.0010000000474974513
644,1.0,0.006180854979902506,0.0010000000474974513
645,1.0,0.006913250777870417,0.0010000000474974513
646,1.0,0.007042082026600838,0.0010000000474974513
647,1.0,0.010817041620612144,0.0010000000474974513
648,0.9975000023841858,0.012213573791086674,0.0010000000474974513
649,1.0,0.00831340067088604,0.0010000000474974513
650,1.0,0.008216043002903461,0.0010000000474974513
651,1.0,0.0035240754950791597,0.0010000000474974513
652,1.0,0.005587598774582148,0.0010000000474974513
653,1.0,0.00413384847342968,0.0010000000474974513
654,1.0,0.01055295579135418,0.0010000000474974513
655,0.9975000023841858,0.013038048520684242,0.0010000000474974513
656,0.9825000166893005,0.038294002413749695,0.0010000000474974513
657,0.9800000190734863,0.055547431111335754,0.0010000000474974513
658,0.9750000238418579,0.0838959589600563,0.0010000000474974513
659,0.9800000190734863,0.048588961362838745,0.0010000000474974513
660,0.987500011920929,0.03880427032709122,0.0010000000474974513
661,0.9775000214576721,0.057978272438049316,0.0010000000474974513
662,0.9775000214576721,0.057472165673971176,0.0010000000474974513
663,0.987500011920929,0.043492261320352554,0.0010000000474974513
664,0.9925000071525574,0.03234044089913368,0.0010000000474974513
665,0.987500011920929,0.03978925198316574,0.0010000000474974513
666,0.9850000143051147,0.05109020695090294,0.0010000000474974513
667,0.9850000143051147,0.04455866664648056,0.0010000000474974513
668,0.987500011920929,0.029965214431285858,0.0010000000474974513
669,0.9950000047683716,0.017833532765507698,0.0010000000474974513
670,0.9975000023841858,0.013478470034897327,0.0010000000474974513
671,0.9950000047683716,0.018597332760691643,0.0005000000237487257
672,1.0,0.007200681604444981,0.0005000000237487257
673,1.0,0.005815668031573296,0.0005000000237487257
674,1.0,0.009605875238776207,0.0005000000237487257
675,1.0,0.004680904094129801,0.0005000000237487257
676,1.0,0.00992218591272831,0.0005000000237487257
677,1.0,0.006153514608740807,0.0005000000237487257
678,1.0,0.005185052286833525,0.0005000000237487257
679,1.0,0.00792455393821001,0.0005000000237487257
680,1.0,0.0038014608435332775,0.0005000000237487257
681,1.0,0.0029423346277326345,0.0005000000237487257
682,1.0,0.004932345822453499,0.0005000000237487257
683,1.0,0.0024907179176807404,0.0005000000237487257
684,1.0,0.002779289148747921,0.0005000000237487257
685,1.0,0.003801296465098858,0.0005000000237487257
686,1.0,0.003279407974332571,0.0005000000237487257
687,1.0,0.0030391544569283724,0.0005000000237487257
688,1.0,0.004360605496913195,0.0005000000237487257
689,1.0,0.0026222392916679382,0.0005000000237487257
690,1.0,0.0024249369744211435,0.0005000000237487257
691,1.0,0.002154363552108407,0.0005000000237487257
692,1.0,0.0022735674865543842,0.0005000000237487257
693,1.0,0.0020765941590070724,0.0005000000237487257
694,1.0,0.0027964552864432335,0.0005000000237487257
695,1.0,0.001879233168438077,0.0005000000237487257
696,1.0,0.0022855564020574093,0.0005000000237487257
697,1.0,0.0016286845784634352,0.0005000000237487257
698,1.0,0.0023856298066675663,0.0005000000237487257
699,1.0,0.0024157180450856686,0.0005000000237487257
700,1.0,0.0032347769010812044,0.0005000000237487257
701,1.0,0.0027845425065606833,0.0005000000237487257
702,1.0,0.0021404579747468233,0.0005000000237487257
703,1.0,0.0019529692362993956,0.0005000000237487257
704,1.0,0.0013316955883055925,0.0005000000237487257
705,1.0,0.001938268425874412,0.0005000000237487257
706,1.0,0.001734067453071475,0.0005000000237487257
707,1.0,0.002524812240153551,0.0005000000237487257
708,1.0,0.002255456056445837,0.0005000000237487257
709,1.0,0.0017883909167721868,0.0005000000237487257
710,1.0,0.0019465142395347357,0.0005000000237487257
711,1.0,0.0021978027652949095,0.0005000000237487257
712,1.0,0.0011948408791795373,0.0005000000237487257
713,1.0,0.0020699738524854183,0.0005000000237487257
714,1.0,0.001792360795661807,0.0005000000237487257
715,1.0,0.0016003691125661135,0.0005000000237487257
716,1.0,0.001156592508777976,0.0005000000237487257
717,1.0,0.002020040061324835,0.0005000000237487257
718,1.0,0.0016668663593009114,0.0005000000237487257
719,1.0,0.001183512737043202,0.0005000000237487257
720,1.0,0.0011675077257677913,0.0005000000237487257
721,1.0,0.0016970573924481869,0.0005000000237487257
722,1.0,0.0022734429221600294,0.0005000000237487257
723,1.0,0.002502216724678874,0.0005000000237487257
724,1.0,0.0017320788465440273,0.0005000000237487257
725,1.0,0.002496609464287758,0.0005000000237487257
726,1.0,0.001645030570216477,0.0005000000237487257
727,1.0,0.002088080160319805,0.0005000000237487257
728,1.0,0.0019494976149871945,0.0005000000237487257
729,1.0,0.0021069885697215796,0.0005000000237487257
730,1.0,0.0012629528064280748,0.0005000000237487257
731,1.0,0.0015630462439730763,0.0005000000237487257
732,1.0,0.0015724945114925504,0.0005000000237487257
733,1.0,0.0011338574113324285,0.0005000000237487257
734,1.0,0.001219076686538756,0.0005000000237487257
735,1.0,0.0011912069749087095,0.0005000000237487257
736,1.0,0.001871624612249434,0.0005000000237487257
737,1.0,0.0013164238771423697,0.0005000000237487257
738,1.0,0.0013629132881760597,0.0005000000237487257
739,1.0,0.0015016313409432769,0.0005000000237487257
740,1.0,0.0010946034453809261,0.0005000000237487257
741,1.0,0.0008887613075785339,0.0005000000237487257
742,1.0,0.0011028503067791462,0.0005000000237487257
743,1.0,0.001183245563879609,0.0005000000237487257
744,1.0,0.001160654122941196,0.0005000000237487257
745,1.0,0.00140980479773134,0.0005000000237487257
746,1.0,0.0013038404285907745,0.0005000000237487257
747,1.0,0.0010861181654036045,0.0005000000237487257
748,1.0,0.0017379302298650146,0.0005000000237487257
749,1.0,0.0010313076199963689,0.0005000000237487257
750,1.0,0.0028481853660196066,0.0005000000237487257
751,0.9975000023841858,0.009076040238142014,0.0005000000237487257
752,0.9925000071525574,0.018063122406601906,0.0005000000237487257
753,0.9900000095367432,0.02577243559062481,0.0005000000237487257
754,0.9950000047683716,0.019574539735913277,0.0005000000237487257
755,1.0,0.009896935895085335,0.0005000000237487257
756,1.0,0.007886789739131927,0.0005000000237487257
757,1.0,0.0060795885510742664,0.0005000000237487257
758,1.0,0.0027979896403849125,0.0005000000237487257
759,1.0,0.0019517865730449557,0.0005000000237487257
760,1.0,0.0023640564177185297,0.0005000000237487257
761,1.0,0.004468138795346022,0.0005000000237487257
762,1.0,0.003791704075410962,0.0005000000237487257
763,1.0,0.0020038033835589886,0.0005000000237487257
764,1.0,0.0019024297362193465,0.0005000000237487257
765,1.0,0.0017159789567813277,0.0005000000237487257
766,1.0,0.001517941476777196,0.0005000000237487257
767,1.0,0.0012155188014730811,0.0005000000237487257
768,1.0,0.0009208323899656534,0.0005000000237487257
769,1.0,0.0010955872712656856,0.0005000000237487257
770,1.0,0.001003562705591321,0.0005000000237487257
771,1.0,0.00139757024589926,0.0005000000237487257
772,1.0,0.0014867766294628382,0.0005000000237487257
773,1.0,0.001035817083902657,0.0005000000237487257
774,1.0,0.0011849572183564305,0.0005000000237487257
775,1.0,0.000784477568231523,0.0005000000237487257
776,1.0,0.0017670925008133054,0.0005000000237487257
777,1.0,0.0017828397685661912,0.0005000000237487257
778,1.0,0.0015358434757217765,0.0005000000237487257
779,1.0,0.001238254364579916,0.0005000000237487257
780,0.9800000190734863,0.0698799267411232,0.0005000000237487257
781,0.9800000190734863,0.07209150493144989,0.0005000000237487257
782,0.9574999809265137,0.12422913312911987,0.0005000000237487257
783,0.9700000286102295,0.0889224112033844,0.0005000000237487257
784,0.987500011920929,0.04932751506567001,0.0005000000237487257
785,0.987500011920929,0.03607144579291344,0.0005000000237487257
786,0.9950000047683716,0.018104763701558113,0.0005000000237487257
787,1.0,0.007390850223600864,0.0005000000237487257
788,1.0,0.010534374974668026,0.0005000000237487257
789,0.9975000023841858,0.009288102388381958,0.0005000000237487257
790,1.0,0.004909893032163382,0.0005000000237487257
791,0.9975000023841858,0.005355602130293846,0.0005000000237487257
792,1.0,0.003509594826027751,0.0005000000237487257
793,1.0,0.0024435671512037516,0.0005000000237487257
794,1.0,0.0028377205599099398,0.0005000000237487257
795,1.0,0.002271471079438925,0.0005000000237487257
796,1.0,0.004154559224843979,0.0005000000237487257
797,1.0,0.0026742795016616583,0.0005000000237487257
798,1.0,0.0023357821628451347,0.0005000000237487257
799,1.0,0.0017361140344291925,0.0005000000237487257
800,1.0,0.0011869146255776286,0.0005000000237487257
801,1.0,0.0011068854946643114,0.0005000000237487257
802,1.0,0.0018451501382514834,0.0005000000237487257
803,1.0,0.0017950345063582063,0.0005000000237487257
804,1.0,0.0027890587225556374,0.0005000000237487257
805,1.0,0.0033844115678220987,0.0005000000237487257
806,1.0,0.005663301795721054,0.0005000000237487257
807,0.9975000023841858,0.008071369491517544,0.0005000000237487257
808,1.0,0.003207493107765913,0.0005000000237487257
809,1.0,0.002573238918557763,0.0005000000237487257
810,1.0,0.002463741460815072,0.0005000000237487257
811,1.0,0.002224181778728962,0.0005000000237487257
812,1.0,0.0026433852035552263,0.0005000000237487257
813,1.0,0.0018914744723588228,0.0005000000237487257
814,1.0,0.0029790285043418407,0.0005000000237487257
815,1.0,0.005470661446452141,0.0005000000237487257
816,1.0,0.006669513415545225,0.0005000000237487257
817,0.9900000095367432,0.030390018597245216,0.0005000000237487257
818,0.9900000095367432,0.03252262622117996,0.0005000000237487257
819,0.9850000143051147,0.04940524697303772,0.0005000000237487257
820,0.9850000143051147,0.04316370561718941,0.0005000000237487257
821,0.9925000071525574,0.022968508303165436,0.0005000000237487257
822,1.0,0.008476980961859226,0.0005000000237487257
823,0.9950000047683716,0.02200775407254696,0.0005000000237487257
824,1.0,0.008104310370981693,0.0005000000237487257
825,1.0,0.005208160262554884,0.0005000000237487257
826,1.0,0.003165333066135645,0.0002500000118743628
827,1.0,0.002854367485269904,0.0002500000118743628
828,1.0,0.0023279590532183647,0.0002500000118743628
829,1.0,0.001974004553630948,0.0002500000118743628
830,1.0,0.0020602107979357243,0.0002500000118743628
831,1.0,0.0022615978959947824,0.0002500000118743628
832,1.0,0.001972940983250737,0.0002500000118743628
833,1.0,0.0016714759403839707,0.0002500000118743628
834,1.0,0.0016960821812972426,0.0002500000118743628
835,1.0,0.0016231274930760264,0.0002500000118743628
836,1.0,0.001818307675421238,0.0002500000118743628
837,1.0,0.0014871694147586823,0.0002500000118743628
838,1.0,0.0023590177297592163,0.0002500000118743628
839,1.0,0.001229521818459034,0.0002500000118743628
840,1.0,0.0018684634706005454,0.0002500000118743628
841,1.0,0.0016110027208924294,0.0002500000118743628
842,1.0,0.0016307117184624076,0.0002500000118743628
843,1.0,0.0013264012522995472,0.0002500000118743628
844,1.0,0.0014092257479205728,0.0002500000118743628
845,1.0,0.001883817370980978,0.0002500000118743628
846,1.0,0.0016683833673596382,0.0002500000118743628
847,1.0,0.0020772262942045927,0.0002500000118743628
848,1.0,0.001318952301517129,0.0002500000118743628
849,1.0,0.0015824814327061176,0.0002500000118743628
850,1.0,0.0016276277601718903,0.0002500000118743628
851,1.0,0.0018495044205337763,0.0002500000118743628
852,1.0,0.0016189373563975096,0.0002500000118743628
853,1.0,0.0012003853917121887,0.0002500000118743628
854,1.0,0.001089395140297711,0.0002500000118743628
855,1.0,0.0009324339916929603,0.0002500000118743628
856,1.0,0.0010463306680321693,0.0002500000118743628
857,1.0,0.001222166232764721,0.0002500000118743628
858,1.0,0.001199949998408556,0.0002500000118743628
859,1.0,0.000947878637816757,0.0002500000118743628
860,1.0,0.0011407802812755108,0.0002500000118743628
861,1.0,0.0007534995093010366,0.0002500000118743628
862,1.0,0.0008983688894659281,0.0002500000118743628
863,1.0,0.001940068555995822,0.0002500000118743628
864,1.0,0.0010006256634369493,0.0002500000118743628
865,1.0,0.0010925513925030828,0.0002500000118743628
866,1.0,0.0008697451557964087,0.0002500000118743628
867,1.0,0.0012863699812442064,0.0002500000118743628
868,1.0,0.0013467665994539857,0.0002500000118743628
869,1.0,0.0008778737974353135,0.0002500000118743628
870,1.0,0.0010530593572184443,0.0002500000118743628
871,1.0,0.0007492066943086684,0.0002500000118743628
872,1.0,0.0011521580163389444,0.0002500000118743628
873,1.0,0.0006968872039578855,0.0002500000118743628
874,1.0,0.000871291384100914,0.0002500000118743628
875,1.0,0.0007779716979712248,0.0002500000118743628
876,1.0,0.001064313924871385,0.0001250000059371814
877,1.0,0.0010270895436406136,0.0001250000059371814
878,1.0,0.0012527821818366647,0.0001250000059371814
879,1.0,0.0008349137497134507,0.0001250000059371814
880,1.0,0.0009423533920198679,0.0001250000059371814
881,1.0,0.001018128590658307,0.0001250000059371814
882,1.0,0.0013488349504768848,0.0001250000059371814
883,1.0,0.0012020840076729655,0.0001250000059371814
884,1.0,0.00063544069416821,0.0001250000059371814
885,1.0,0.0011705621145665646,0.0001250000059371814
886,1.0,0.0007058932678773999,0.0001250000059371814
887,1.0,0.002156246220692992,0.0001250000059371814
888,1.0,0.000842581910546869,0.0001250000059371814
889,1.0,0.001464107888750732,0.0001250000059371814
890,1.0,0.0013818017905578017,0.0001250000059371814
891,1.0,0.0008706143707968295,0.0001250000059371814
892,1.0,0.0007112724124453962,0.0001250000059371814
893,1.0,0.000678969721775502,0.0001250000059371814
894,1.0,0.0006705967825837433,0.0001250000059371814
895,1.0,0.0012532606488093734,0.0001250000059371814
896,1.0,0.001261117635294795,0.0001250000059371814
897,1.0,0.0005454043857753277,0.0001250000059371814
898,1.0,0.0013438421301543713,0.0001250000059371814
899,1.0,0.0006165036465972662,0.0001250000059371814
900,1.0,0.0006873265374451876,0.0001250000059371814
901,1.0,0.0010174312628805637,0.0001250000059371814
902,1.0,0.0014291084371507168,0.0001250000059371814
903,1.0,0.0017423444660380483,0.0001250000059371814
904,1.0,0.0013679367257282138,0.0001250000059371814
905,1.0,0.0007462187786586583,0.0001250000059371814
906,1.0,0.0009210152202285826,0.0001250000059371814
907,1.0,0.0005565317114815116,0.0001250000059371814
908,1.0,0.0006641958607360721,0.0001250000059371814
909,1.0,0.0005168879288248718,0.0001250000059371814
910,1.0,0.0008016415522433817,0.0001250000059371814
911,1.0,0.0007162231486290693,0.0001250000059371814
912,1.0,0.0004944257671013474,0.0001250000059371814
913,1.0,0.0005383860552683473,0.0001250000059371814
914,1.0,0.0007255332311615348,0.0001250000059371814
915,1.0,0.0006530121900141239,0.0001250000059371814
916,1.0,0.0007991111488081515,0.0001250000059371814
917,1.0,0.0015713137108832598,0.0001250000059371814
918,1.0,0.0010904634837061167,0.0001250000059371814
919,1.0,0.0005255240830592811,0.0001250000059371814
920,1.0,0.0005768647533841431,0.0001250000059371814
921,1.0,0.001504019252024591,0.0001250000059371814
922,1.0,0.001469369512051344,0.0001250000059371814
923,1.0,0.0008655560668557882,0.0001250000059371814
924,1.0,0.0015817421954125166,0.0001250000059371814
925,1.0,0.0009886203333735466,0.0001250000059371814
926,1.0,0.0006969297537580132,0.0001250000059371814
927,1.0,0.0006760140531696379,0.0001250000059371814
928,1.0,0.0035071626771241426,0.0001250000059371814
929,1.0,0.0022939667105674744,0.0001250000059371814
930,1.0,0.0014169695787131786,0.0001250000059371814
931,1.0,0.0009691781015135348,0.0001250000059371814
932,1.0,0.0010345550253987312,0.0001250000059371814
933,1.0,0.000891940901055932,0.0001250000059371814
934,1.0,0.00044264495954848826,0.0001250000059371814
935,1.0,0.0007519435021094978,0.0001250000059371814
936,1.0,0.0007706910255365074,0.0001250000059371814
937,1.0,0.000653102295473218,0.0001250000059371814
938,1.0,0.0006886680494062603,0.0001250000059371814
939,1.0,0.0006480043521150947,0.0001250000059371814
940,1.0,0.00044372541015036404,0.0001250000059371814
941,1.0,0.0008195125847123563,0.0001250000059371814
942,1.0,0.001258588396012783,0.0001250000059371814
943,1.0,0.0012268885038793087,0.0001250000059371814
944,1.0,0.0010266716126352549,0.0001250000059371814
945,1.0,0.0005708578391931951,0.0001250000059371814
946,1.0,0.0003970300022047013,0.0001250000059371814
947,1.0,0.00036145737976767123,0.0001250000059371814
948,1.0,0.0005580473225563765,0.0001250000059371814
949,1.0,0.0008580238209106028,0.0001250000059371814
950,1.0,0.0005066146841272712,0.0001250000059371814
951,1.0,0.0008397724013775587,0.0001250000059371814
952,1.0,0.0005618579452857375,0.0001250000059371814
953,1.0,0.0005085330340079963,0.0001250000059371814
954,1.0,0.0005207660724408925,0.0001250000059371814
955,1.0,0.0005564205348491669,0.0001250000059371814
956,1.0,0.000450757157523185,0.0001250000059371814
957,1.0,0.0011013344628736377,0.0001250000059371814
958,1.0,0.000400788412662223,0.0001250000059371814
959,1.0,0.000416470953496173,0.0001250000059371814
960,1.0,0.0004371025424916297,0.0001250000059371814
961,1.0,0.00045145966578274965,0.0001250000059371814
962,1.0,0.0007453553262166679,0.0001250000059371814
963,1.0,0.0006587870302610099,0.0001250000059371814
964,1.0,0.0006251601735129952,0.0001250000059371814
965,1.0,0.0006220993236638606,0.0001250000059371814
966,1.0,0.00044870792771689594,0.0001250000059371814
967,1.0,0.002131079789251089,0.0001250000059371814
968,1.0,0.0005989390192553401,0.0001250000059371814
969,1.0,0.0008920776890590787,0.0001250000059371814
970,1.0,0.0008283800561912358,0.0001250000059371814
971,1.0,0.0004914276069030166,0.0001250000059371814
972,1.0,0.00038518488872796297,0.0001250000059371814
973,1.0,0.0008019187371246517,0.0001250000059371814
974,1.0,0.0005638579023070633,0.0001250000059371814
975,1.0,0.0006966611836105585,0.0001250000059371814
976,1.0,0.0012666763504967093,0.0001250000059371814
977,1.0,0.0007230831542983651,0.0001250000059371814
978,1.0,0.0006154095171950758,0.0001250000059371814
979,1.0,0.00041586245060898364,0.0001250000059371814
980,1.0,0.00048373755998909473,0.0001250000059371814
981,1.0,0.0007287671323865652,0.0001250000059371814
982,1.0,0.00038444832898676395,0.0001250000059371814
983,1.0,0.0004593599878717214,0.0001250000059371814
984,1.0,0.0004244583542458713,0.0001250000059371814
985,1.0,0.00043456905405037105,0.0001250000059371814
986,1.0,0.00043489265954121947,0.0001250000059371814
987,1.0,0.00267570442520082,0.0001250000059371814
988,1.0,0.0031276769004762173,0.0001250000059371814
989,1.0,0.0011677457951009274,0.0001250000059371814
990,1.0,0.0008486766600981355,0.0001250000059371814
991,1.0,0.0005278322496451437,0.0001250000059371814
992,1.0,0.000606130575761199,0.0001250000059371814
993,1.0,0.0011014322517439723,0.0001250000059371814
994,1.0,0.0006877435953356326,0.0001250000059371814
995,1.0,0.0004531288577709347,0.0001250000059371814
996,1.0,0.0008260106551460922,0.0001250000059371814
997,1.0,0.0006308419397100806,9.999999747378752e-05
998,1.0,0.0005690784892067313,9.999999747378752e-05
999,1.0,0.0006928440998308361,9.999999747378752e-05
1000,1.0,0.0006493154796771705,9.999999747378752e-05
1001,1.0,0.0006941093015484512,9.999999747378752e-05
1002,1.0,0.00035491061862558126,9.999999747378752e-05
1003,1.0,0.0004411239642649889,9.999999747378752e-05
1004,1.0,0.0005376928020268679,9.999999747378752e-05
1005,1.0,0.0005177903221920133,9.999999747378752e-05
1006,1.0,0.0003764404100365937,9.999999747378752e-05
1007,1.0,0.0013520304346457124,9.999999747378752e-05
1008,1.0,0.0011849530274048448,9.999999747378752e-05
1009,1.0,0.0005898292292840779,9.999999747378752e-05
1010,1.0,0.00041336778667755425,9.999999747378752e-05
1011,1.0,0.0005749794654548168,9.999999747378752e-05
1012,1.0,0.0005879595992155373,9.999999747378752e-05
1013,1.0,0.0004388664965517819,9.999999747378752e-05
1014,1.0,0.00034859299194067717,9.999999747378752e-05
1015,1.0,0.0005622191238217056,9.999999747378752e-05
1016,1.0,0.00040033995173871517,9.999999747378752e-05
1017,1.0,0.0005386047414503992,9.999999747378752e-05
1018,1.0,0.0004488981212489307,9.999999747378752e-05
1019,1.0,0.000636270095128566,9.999999747378752e-05
1020,1.0,0.0006918857106938958,9.999999747378752e-05
1021,1.0,0.0008934182696975768,9.999999747378752e-05
1022,1.0,0.0004529104335233569,9.999999747378752e-05
1023,1.0,0.0005471254698932171,9.999999747378752e-05
1024,1.0,0.0005436011124402285,9.999999747378752e-05
1025,1.0,0.00047559943050146103,9.999999747378752e-05
1026,1.0,0.00033814588095992804,9.999999747378752e-05
1027,1.0,0.0004580175445880741,9.999999747378752e-05
1028,1.0,0.00037696873187087476,9.999999747378752e-05
1029,1.0,0.00041974152554757893,9.999999747378752e-05
1030,1.0,0.00034785678144544363,9.999999747378752e-05
1031,1.0,0.0007478769402951002,9.999999747378752e-05
1032,1.0,0.000635831558611244,9.999999747378752e-05
1033,1.0,0.0004084687680006027,9.999999747378752e-05
1034,1.0,0.00032849289709702134,9.999999747378752e-05
1035,1.0,0.0002520731068216264,9.999999747378752e-05
1036,1.0,0.0003540875040926039,9.999999747378752e-05
1037,1.0,0.0003472785174380988,9.999999747378752e-05
1038,1.0,0.0004974557086825371,9.999999747378752e-05
1039,1.0,0.0003551720001269132,9.999999747378752e-05
1040,1.0,0.0003824676969088614,9.999999747378752e-05
1041,1.0,0.0003731617471203208,9.999999747378752e-05
1042,1.0,0.0002613533870317042,9.999999747378752e-05
1043,1.0,0.00029282935429364443,9.999999747378752e-05
1044,1.0,0.0003965077630709857,9.999999747378752e-05
1045,1.0,0.00029661005828529596,9.999999747378752e-05
1046,1.0,0.000347017397871241,9.999999747378752e-05
1047,1.0,0.00036497547989711165,9.999999747378752e-05
1048,1.0,0.0003943909250665456,9.999999747378752e-05
1049,1.0,0.0003893999382853508,9.999999747378752e-05
1050,1.0,0.0004991886671632528,9.999999747378752e-05
1051,1.0,0.0003182930813636631,9.999999747378752e-05
1052,1.0,0.00029268665821291506,9.999999747378752e-05
1053,1.0,0.0005089823389425874,9.999999747378752e-05
1054,1.0,0.0006757154478691518,9.999999747378752e-05
1055,1.0,0.0006034622201696038,9.999999747378752e-05
1056,1.0,0.0003172933356836438,9.999999747378752e-05
1057,1.0,0.00023173322551883757,9.999999747378752e-05
1058,1.0,0.000332686526235193,9.999999747378752e-05
1059,1.0,0.0004048320697620511,9.999999747378752e-05
1060,1.0,0.00034383084857836366,9.999999747378752e-05
1061,1.0,0.00024869106709957123,9.999999747378752e-05
1062,1.0,0.00027905256138183177,9.999999747378752e-05
1063,1.0,0.0002518596011213958,9.999999747378752e-05
1064,1.0,0.0004187722224742174,9.999999747378752e-05
1065,1.0,0.0003001885488629341,9.999999747378752e-05
1066,1.0,0.0005956334061920643,9.999999747378752e-05
1067,1.0,0.00048804417019709945,9.999999747378752e-05
1068,1.0,0.0002958577242679894,9.999999747378752e-05
1069,1.0,0.0002911240444518626,9.999999747378752e-05
1070,1.0,0.0002511370985303074,9.999999747378752e-05
1071,1.0,0.0002509434416424483,9.999999747378752e-05
1072,1.0,0.00035397938336245716,9.999999747378752e-05
1073,1.0,0.000921740080229938,9.999999747378752e-05
1074,1.0,0.0003277476935181767,9.999999747378752e-05
1075,1.0,0.0004561289679259062,9.999999747378752e-05
1076,1.0,0.00032950015156529844,9.999999747378752e-05
1077,1.0,0.00042126275366172194,9.999999747378752e-05
1078,1.0,0.00028531384305097163,9.999999747378752e-05
1079,1.0,0.00036670698318630457,9.999999747378752e-05
1080,1.0,0.0002961273421533406,9.999999747378752e-05
1081,1.0,0.00029224716126918793,9.999999747378752e-05
1082,1.0,0.0008511820924468338,9.999999747378752e-05
1083,1.0,0.0047992379404604435,9.999999747378752e-05
1084,0.9975000023841858,0.006902201101183891,9.999999747378752e-05
1085,1.0,0.0026200495194643736,9.999999747378752e-05
1086,1.0,0.0008140128920786083,9.999999747378752e-05
1087,1.0,0.0008546891622245312,9.999999747378752e-05
1088,1.0,0.001078954664990306,9.999999747378752e-05
1089,1.0,0.0007431207341141999,9.999999747378752e-05
1090,1.0,0.0004206250887364149,9.999999747378752e-05
1091,1.0,0.0003584520018193871,9.999999747378752e-05
1092,1.0,0.0006738523952662945,9.999999747378752e-05
1093,1.0,0.0011099587427452207,9.999999747378752e-05
1094,1.0,0.0005226428620517254,9.999999747378752e-05
1095,1.0,0.00030372649780474603,9.999999747378752e-05
1096,1.0,0.00029388826806098223,9.999999747378752e-05
1097,1.0,0.0008529347833245993,9.999999747378752e-05
1098,1.0,0.002537359483540058,9.999999747378752e-05
1099,1.0,0.0005887409788556397,9.999999747378752e-05
1100,1.0,0.0004893562290817499,9.999999747378752e-05
1101,1.0,0.000986094237305224,9.999999747378752e-05
1102,1.0,0.0002509563055355102,9.999999747378752e-05
1103,1.0,0.00028772640507668257,9.999999747378752e-05
1104,1.0,0.0006005277973599732,9.999999747378752e-05
1105,1.0,0.0005208759102970362,9.999999747378752e-05
1106,1.0,0.0002542599686421454,9.999999747378752e-05
1107,1.0,0.0003096154541708529,9.999999747378752e-05
1108,1.0,0.0003004009777214378,9.999999747378752e-05
1109,1.0,0.00024265846877824515,9.999999747378752e-05
1110,1.0,0.0003160294145345688,9.999999747378752e-05
1111,1.0,0.00035209290217608213,9.999999747378752e-05
1112,1.0,0.00022950702987145633,9.999999747378752e-05
1113,1.0,0.00028750335332006216,9.999999747378752e-05
1114,1.0,0.00044988770969212055,9.999999747378752e-05
1115,1.0,0.0004061650251969695,9.999999747378752e-05
1116,1.0,0.00037331131170503795,9.999999747378752e-05
1117,1.0,0.00045070992200635374,9.999999747378752e-05
1118,1.0,0.00022548780543729663,9.999999747378752e-05
1119,1.0,0.00023023343237582594,9.999999747378752e-05
1120,1.0,0.00029086749418638647,9.999999747378752e-05
1121,1.0,0.00027489184867590666,9.999999747378752e-05
1122,1.0,0.00021095428382977843,9.999999747378752e-05
1123,1.0,0.00023003546812105924,9.999999747378752e-05
1124,1.0,0.0004478548071347177,9.999999747378752e-05
1125,1.0,0.00027627864619717,9.999999747378752e-05
1126,1.0,0.0004965781117789447,9.999999747378752e-05
1127,1.0,0.00035894333268515766,9.999999747378752e-05
1128,1.0,0.0002894595672842115,9.999999747378752e-05
1129,1.0,0.0001986161369131878,9.999999747378752e-05
1130,1.0,0.00019929460540879518,9.999999747378752e-05
1131,1.0,0.00038073468022048473,9.999999747378752e-05
1132,1.0,0.00042815294000320137,9.999999747378752e-05
1133,1.0,0.00024113597464747727,9.999999747378752e-05
1134,1.0,0.00017975295486394316,9.999999747378752e-05
1135,1.0,0.00020430568838492036,9.999999747378752e-05
1136,1.0,0.00030651665292680264,9.999999747378752e-05
1137,1.0,0.0009626328246667981,9.999999747378752e-05
1138,1.0,0.0008913740748539567,9.999999747378752e-05
1139,1.0,0.0004852200800087303,9.999999747378752e-05
1140,1.0,0.0002907216257881373,9.999999747378752e-05
1141,1.0,0.00026204599998891354,9.999999747378752e-05
1142,1.0,0.00022489120601676404,9.999999747378752e-05
1143,1.0,0.000705660495441407,9.999999747378752e-05
1144,1.0,0.00044246093602851033,9.999999747378752e-05
1145,1.0,0.0005060658440925181,9.999999747378752e-05
1146,1.0,0.00022411679674405605,9.999999747378752e-05
1147,1.0,0.00025621792883612216,9.999999747378752e-05
1148,1.0,0.0001890156854642555,9.999999747378752e-05
1149,1.0,0.00023602874716743827,9.999999747378752e-05
1150,1.0,0.00024646255769766867,9.999999747378752e-05
1151,1.0,0.00042018183739855886,9.999999747378752e-05
1152,1.0,0.00027886146563105285,9.999999747378752e-05
1153,1.0,0.0002510488557163626,9.999999747378752e-05
1154,1.0,0.0002865325368475169,9.999999747378752e-05
1155,1.0,0.000312689458951354,9.999999747378752e-05
1156,1.0,0.0003459932340774685,9.999999747378752e-05
1157,1.0,0.00023320929904002696,9.999999747378752e-05
1158,1.0,0.0002111478679580614,9.999999747378752e-05
1159,1.0,0.00028446022770367563,9.999999747378752e-05
1160,1.0,0.00025963556254282594,9.999999747378752e-05
1161,1.0,0.0003490973904263228,9.999999747378752e-05
1162,1.0,0.00020100556139368564,9.999999747378752e-05
1163,1.0,0.00022729694319423288,9.999999747378752e-05
1164,1.0,0.0002107331674778834,9.999999747378752e-05
1165,1.0,0.00012976187281310558,9.999999747378752e-05
1166,1.0,0.0002090039779432118,9.999999747378752e-05
1167,1.0,0.000289103394607082,9.999999747378752e-05
1168,1.0,0.0003734110214281827,9.999999747378752e-05
1169,1.0,0.00019032845739275217,9.999999747378752e-05
1170,1.0,0.00020092986233066767,9.999999747378752e-05
1171,1.0,0.00022049612016417086,9.999999747378752e-05
1172,1.0,0.00025511649437248707,9.999999747378752e-05
1173,1.0,0.0001321475865552202,9.999999747378752e-05
1174,1.0,0.00029566147713921964,9.999999747378752e-05
1175,1.0,0.000279248139122501,9.999999747378752e-05
1176,1.0,0.0002745452511589974,9.999999747378752e-05
1177,1.0,0.0002749435370787978,9.999999747378752e-05
1178,1.0,0.00023767334641888738,9.999999747378752e-05
1179,1.0,0.0002195151464547962,9.999999747378752e-05
1180,1.0,0.00020199912250973284,9.999999747378752e-05
1181,1.0,0.00019015709403902292,9.999999747378752e-05
1182,1.0,0.00016752058581914753,9.999999747378752e-05
1183,1.0,0.00024181909975595772,9.999999747378752e-05
1184,1.0,0.00024778026272542775,9.999999747378752e-05
1185,1.0,0.00041395655716769397,9.999999747378752e-05
1186,1.0,0.0002529080375097692,9.999999747378752e-05
1187,1.0,0.0002714536676649004,9.999999747378752e-05
1188,1.0,0.00013292237417772412,9.999999747378752e-05
1189,1.0,0.0001779265730874613,9.999999747378752e-05
1190,1.0,0.0002702881465665996,9.999999747378752e-05
1191,1.0,0.00023630671785213053,9.999999747378752e-05
1192,1.0,0.00033126361086033285,9.999999747378752e-05
1193,1.0,0.00016059429617598653,9.999999747378752e-05
1194,1.0,0.0001387429510941729,9.999999747378752e-05
1195,1.0,0.00019660381076391786,9.999999747378752e-05
1196,1.0,0.00017789103731047362,9.999999747378752e-05
1197,1.0,0.0002711440611165017,9.999999747378752e-05
1198,1.0,0.00021918481797911227,9.999999747378752e-05
1199,1.0,0.00015963631449267268,9.999999747378752e-05
1200,1.0,0.00024222751380875707,9.999999747378752e-05
1201,1.0,0.00012880646681878716,9.999999747378752e-05
1202,1.0,0.00025596655905246735,9.999999747378752e-05
1203,1.0,0.00022948658443056047,9.999999747378752e-05
1204,1.0,0.0002045438450295478,9.999999747378752e-05
1205,1.0,0.00018579643801786005,9.999999747378752e-05
1206,1.0,0.00017036849749274552,9.999999747378752e-05
1207,1.0,0.00013410327665042132,9.999999747378752e-05
1208,1.0,0.00016128073912113905,9.999999747378752e-05
1209,1.0,0.0001419376058038324,9.999999747378752e-05
1210,1.0,0.000200158596271649,9.999999747378752e-05
1211,1.0,0.00013872416457161307,9.999999747378752e-05
1212,1.0,0.00015206672833301127,9.999999747378752e-05
1213,1.0,0.0004898825427517295,9.999999747378752e-05
1214,1.0,0.00040548440301790833,9.999999747378752e-05
1215,1.0,0.00031678343657404184,9.999999747378752e-05
1216,1.0,0.00040655248449184,9.999999747378752e-05
1217,1.0,0.0002401750534772873,9.999999747378752e-05
1218,1.0,0.0006864231545478106,9.999999747378752e-05
1219,1.0,0.0003005527250934392,9.999999747378752e-05
1220,1.0,0.00019066336972173303,9.999999747378752e-05
1221,1.0,0.00021818705135956407,9.999999747378752e-05
1222,1.0,0.00048530398635193706,9.999999747378752e-05
1223,1.0,0.0004983431426808238,9.999999747378752e-05
1224,1.0,0.0002991110668517649,9.999999747378752e-05
1225,1.0,0.00016791427333373576,9.999999747378752e-05
1226,1.0,0.0001290325599256903,9.999999747378752e-05
1227,1.0,0.00022362971503753215,9.999999747378752e-05
1228,1.0,0.00023793595028109848,9.999999747378752e-05
1229,1.0,0.0002468251914251596,9.999999747378752e-05
1230,1.0,0.00012388407776597887,9.999999747378752e-05
1231,1.0,0.0001278712006751448,9.999999747378752e-05
1232,1.0,0.00038339142338372767,9.999999747378752e-05
1233,1.0,0.0003239487123209983,9.999999747378752e-05
1234,1.0,0.00021188751270528883,9.999999747378752e-05
1235,1.0,0.00020329495600890368,9.999999747378752e-05
1236,1.0,0.00016604024858679622,9.999999747378752e-05
1237,1.0,0.00012549477105494589,9.999999747378752e-05
1238,1.0,0.0004364380147308111,9.999999747378752e-05
1239,1.0,0.00030291106668300927,9.999999747378752e-05
1240,1.0,0.00029762464691884816,9.999999747378752e-05
1241,1.0,0.0002312278957106173,9.999999747378752e-05
1242,1.0,0.00020263323676772416,9.999999747378752e-05
1243,1.0,0.0002091568458126858,9.999999747378752e-05
1244,1.0,0.0001695825922070071,9.999999747378752e-05
1245,1.0,0.0002801167720463127,9.999999747378752e-05
1246,1.0,0.00019664496358018368,9.999999747378752e-05
1247,1.0,0.00021680063218809664,9.999999747378752e-05
1248,1.0,0.0001774652482708916,9.999999747378752e-05
1249,1.0,0.0004521491355262697,9.999999747378752e-05
1250,1.0,0.00018280938093084842,9.999999747378752e-05
1251,1.0,0.00022429434466175735,9.999999747378752e-05
1252,1.0,0.0001721198350423947,9.999999747378752e-05
1253,1.0,0.00012300982780288905,9.999999747378752e-05
1254,1.0,0.00022807989444117993,9.999999747378752e-05
1255,1.0,0.00019220322428736836,9.999999747378752e-05
1256,1.0,0.00025460688630118966,9.999999747378752e-05
1257,1.0,0.0004093549505341798,9.999999747378752e-05
1258,1.0,0.00016791069356258959,9.999999747378752e-05
1259,1.0,0.000304010376567021,9.999999747378752e-05
1260,1.0,0.00016324609168805182,9.999999747378752e-05
1261,1.0,0.0001659240951994434,9.999999747378752e-05
1262,1.0,0.0001634612854104489,9.999999747378752e-05
1263,1.0,0.0002357183548156172,9.999999747378752e-05
1264,1.0,0.00018124216876458377,9.999999747378752e-05
1265,1.0,0.00015796313527971506,9.999999747378752e-05
1266,1.0,0.00016240809054579586,9.999999747378752e-05
1267,1.0,0.00011463442933745682,9.999999747378752e-05
1268,1.0,0.00013035627489443868,9.999999747378752e-05
1269,1.0,0.00010554200707701966,9.999999747378752e-05
1270,1.0,7.645539153600112e-05,9.999999747378752e-05
1271,1.0,0.00014921255933586508,9.999999747378752e-05
1272,1.0,0.00021850796474609524,9.999999747378752e-05
1273,1.0,0.00022909342078492045,9.999999747378752e-05
1274,1.0,0.00019179118680767715,9.999999747378752e-05
1275,1.0,0.00021749739244114608,9.999999747378752e-05
1276,1.0,0.00019064232765231282,9.999999747378752e-05
1277,1.0,0.00014009157894179225,9.999999747378752e-05
1278,1.0,0.00026972751948051155,9.999999747378752e-05
1279,1.0,0.00012843511649407446,9.999999747378752e-05
1280,1.0,0.0017040687380358577,9.999999747378752e-05
1281,1.0,0.005182251334190369,9.999999747378752e-05
1282,0.9975000023841858,0.008206113241612911,9.999999747378752e-05
1283,0.9975000023841858,0.009666712023317814,9.999999747378752e-05
1284,1.0,0.0031334473751485348,9.999999747378752e-05
1285,1.0,0.0026516250800341368,9.999999747378752e-05
1286,1.0,0.001930557074956596,9.999999747378752e-05
1287,1.0,0.0004313926037866622,9.999999747378752e-05
1288,1.0,0.0002829753211699426,9.999999747378752e-05
1289,1.0,0.000987319741398096,9.999999747378752e-05
1290,1.0,0.000492184772156179,9.999999747378752e-05
1291,1.0,0.00023479595256503671,9.999999747378752e-05
1292,1.0,0.0002880915708374232,9.999999747378752e-05
1293,1.0,0.0008878728840500116,9.999999747378752e-05
1294,1.0,0.0002620985615067184,9.999999747378752e-05
1295,1.0,0.00022997283667791635,9.999999747378752e-05
1296,1.0,0.00036702369106933475,9.999999747378752e-05
1297,1.0,0.00035002428921870887,9.999999747378752e-05
1298,1.0,0.00028016872238367796,9.999999747378752e-05
1299,1.0,0.0004766038910020143,9.999999747378752e-05
1300,1.0,0.0002750482235569507,9.999999747378752e-05
1301,1.0,0.00023471428721677512,9.999999747378752e-05
1302,1.0,0.0004703465383499861,9.999999747378752e-05
1303,1.0,0.00020537870295811445,9.999999747378752e-05
1304,1.0,0.000305135763483122,9.999999747378752e-05
1305,1.0,0.0001962058449862525,9.999999747378752e-05
1306,1.0,0.0003145498048979789,9.999999747378752e-05
1307,1.0,0.00015235049067996442,9.999999747378752e-05
1308,1.0,0.00015254085883498192,9.999999747378752e-05
1309,1.0,0.0004641131963580847,9.999999747378752e-05
1310,1.0,0.0003383145958650857,9.999999747378752e-05
1311,1.0,0.00028729045880027115,9.999999747378752e-05
1312,1.0,0.0002709851833060384,9.999999747378752e-05
1313,1.0,0.00025321534485556185,9.999999747378752e-05
1314,1.0,0.00023770517145749182,9.999999747378752e-05
1315,1.0,0.00023251972743310034,9.999999747378752e-05
1316,1.0,0.000647894514258951,9.999999747378752e-05
1317,1.0,0.00035929627483710647,9.999999747378752e-05
1318,1.0,0.00013969797873869538,9.999999747378752e-05
1319,1.0,0.00013792520621791482,9.999999747378752e-05
1320,1.0,0.00014544631994795054,9.999999747378752e-05
1321,1.0,0.00013642279373016208,9.999999747378752e-05
1322,1.0,0.00025842839386314154,9.999999747378752e-05
1323,1.0,0.0002438631490804255,9.999999747378752e-05
1324,1.0,0.0002565226750448346,9.999999747378752e-05
1325,1.0,0.0002170542866224423,9.999999747378752e-05
1326,1.0,0.0002164901961805299,9.999999747378752e-05
1327,1.0,0.00023549095203634351,9.999999747378752e-05
1328,1.0,0.0001479243946960196,9.999999747378752e-05
1329,1.0,0.00013603645493276417,9.999999747378752e-05
1330,1.0,0.00016026190132834017,9.999999747378752e-05
1331,1.0,0.00016016856534406543,9.999999747378752e-05
1332,1.0,0.00012368537136353552,9.999999747378752e-05
1333,1.0,0.00014054164057597518,9.999999747378752e-05
1334,1.0,0.00020961598784197122,9.999999747378752e-05
1335,1.0,0.00021252395526971668,9.999999747378752e-05
1336,1.0,0.00023742976190987974,9.999999747378752e-05
1337,1.0,0.00021203767391853034,9.999999747378752e-05
1338,1.0,0.00017971587658394128,9.999999747378752e-05
1339,1.0,0.0001487357512814924,9.999999747378752e-05
1340,1.0,0.0001012409120448865,9.999999747378752e-05
1341,1.0,0.00015131794498302042,9.999999747378752e-05
1342,1.0,0.00017653856775723398,9.999999747378752e-05
1343,1.0,0.00010733841918408871,9.999999747378752e-05
1344,1.0,0.00012241676449775696,9.999999747378752e-05
1345,1.0,0.0001242465223185718,9.999999747378752e-05
1346,1.0,0.0002003662521019578,9.999999747378752e-05
1347,1.0,0.00019517868349794298,9.999999747378752e-05
1348,1.0,0.00015370242181234062,9.999999747378752e-05
1349,1.0,0.0002516196691431105,9.999999747378752e-05
1350,1.0,0.00016882263298612088,9.999999747378752e-05
1351,1.0,0.00017520430264994502,9.999999747378752e-05
1352,1.0,0.00015041908773127943,9.999999747378752e-05
1353,1.0,0.00012950686505064368,9.999999747378752e-05
1354,1.0,9.129924001172185e-05,9.999999747378752e-05
1355,1.0,0.00021917068806942552,9.999999747378752e-05
1356,1.0,0.00013563252286985517,9.999999747378752e-05
1357,1.0,0.0002824419061653316,9.999999747378752e-05
1358,1.0,0.0003905124613083899,9.999999747378752e-05
1359,1.0,0.0001893690787255764,9.999999747378752e-05
1360,1.0,0.000129538937471807,9.999999747378752e-05
1361,1.0,0.00017321067571174353,9.999999747378752e-05
1362,1.0,0.00018579800962470472,9.999999747378752e-05
1363,1.0,0.00017870022566057742,9.999999747378752e-05
1364,1.0,0.00012535117275547236,9.999999747378752e-05
1365,1.0,0.00010738193668657914,9.999999747378752e-05
1366,1.0,0.00011675581481540576,9.999999747378752e-05
1367,1.0,0.00016753800446167588,9.999999747378752e-05
1368,1.0,6.897076673340052e-05,9.999999747378752e-05
1369,1.0,0.00011747646203730255,9.999999747378752e-05
1370,1.0,0.00010393496631877497,9.999999747378752e-05
1371,1.0,0.00012052219972247258,9.999999747378752e-05
1372,1.0,0.00015140020695980638,9.999999747378752e-05
1373,1.0,0.00012420066923368722,9.999999747378752e-05
1374,1.0,0.00016538785712327808,9.999999747378752e-05
1375,1.0,0.00016875840083230287,9.999999747378752e-05
1376,1.0,0.00017234304687008262,9.999999747378752e-05
1377,1.0,0.00020486976427491754,9.999999747378752e-05
1378,1.0,0.00021099399600643665,9.999999747378752e-05
1379,1.0,0.00011721403279807419,9.999999747378752e-05
1380,1.0,0.00016687141032889485,9.999999747378752e-05
1381,1.0,7.384116179309785e-05,9.999999747378752e-05
1382,1.0,0.00011702434130711481,9.999999747378752e-05
1383,1.0,0.00013401465548668057,9.999999747378752e-05
1384,1.0,0.0001395561412209645,9.999999747378752e-05
1385,1.0,0.00011879509111167863,9.999999747378752e-05
1386,1.0,7.456423918483779e-05,9.999999747378752e-05
1387,1.0,0.00019143323879688978,9.999999747378752e-05
1388,1.0,9.494465484749526e-05,9.999999747378752e-05
1389,1.0,0.00013412279076874256,9.999999747378752e-05
1390,1.0,0.0004557032370939851,9.999999747378752e-05
1391,1.0,0.00018987280782312155,9.999999747378752e-05
1392,1.0,0.00016438985767308623,9.999999747378752e-05
1393,1.0,0.00017789530102163553,9.999999747378752e-05
1394,1.0,0.0005472190678119659,9.999999747378752e-05
1395,1.0,0.00014151590585242957,9.999999747378752e-05
1396,1.0,0.0002259474858874455,9.999999747378752e-05
1397,1.0,0.00022731094213668257,9.999999747378752e-05
1398,1.0,0.00013527148985303938,9.999999747378752e-05
1399,1.0,0.00016272142238449305,9.999999747378752e-05
1400,1.0,0.00016259902622550726,9.999999747378752e-05
1401,1.0,0.00012033536768285558,9.999999747378752e-05
1402,1.0,0.00012048463395331055,9.999999747378752e-05
1403,1.0,0.0001658193359617144,9.999999747378752e-05
1404,1.0,0.0001671499339863658,9.999999747378752e-05
1405,0.9975000023841858,0.004039761610329151,9.999999747378752e-05
1406,0.9975000023841858,0.005330702289938927,9.999999747378752e-05
1407,1.0,0.0021329475566744804,9.999999747378752e-05
1408,1.0,0.0004656669916585088,9.999999747378752e-05
1409,1.0,0.0010781254386529326,9.999999747378752e-05
1410,1.0,0.00045198455336503685,9.999999747378752e-05
1411,1.0,0.0002803847601171583,9.999999747378752e-05
1412,1.0,0.00036360599915497005,9.999999747378752e-05
1413,1.0,0.000528243719600141,9.999999747378752e-05
1414,1.0,0.0003041333402507007,9.999999747378752e-05
1415,1.0,0.00016683395369909704,9.999999747378752e-05
1416,1.0,0.00021687120897695422,9.999999747378752e-05
1417,1.0,0.0002115774404956028,9.999999747378752e-05
1418,1.0,0.00025273801293224096,9.999999747378752e-05
1419,1.0,0.0003225396212656051,9.999999747378752e-05
1420,1.0,0.00016821612371131778,9.999999747378752e-05
1421,1.0,0.00018891906074713916,9.999999747378752e-05
1422,1.0,0.00015684467507526278,9.999999747378752e-05
1423,1.0,0.00020322775526437908,9.999999747378752e-05
1424,1.0,0.00032057470525614917,9.999999747378752e-05
1425,1.0,0.0001408095849910751,9.999999747378752e-05
1426,1.0,0.0001903986558318138,9.999999747378752e-05
1427,1.0,0.00014305424701888114,9.999999747378752e-05
1428,1.0,0.0002820991794578731,9.999999747378752e-05
1429,1.0,0.00016554852481931448,9.999999747378752e-05
1430,1.0,0.0002077212557196617,9.999999747378752e-05
1431,1.0,0.00014324096264317632,9.999999747378752e-05
1432,1.0,0.0002785259566735476,9.999999747378752e-05
1433,1.0,0.000287030910840258,9.999999747378752e-05
1434,1.0,0.00016058342589531094,9.999999747378752e-05
1435,1.0,0.00020504352869465947,9.999999747378752e-05
1436,1.0,0.00016034806321840733,9.999999747378752e-05
1437,1.0,0.0002481985429767519,9.999999747378752e-05
1438,1.0,0.0003119974280707538,9.999999747378752e-05
1439,1.0,0.00010941340588033199,9.999999747378752e-05
1440,1.0,0.0002490222395863384,9.999999747378752e-05
1441,1.0,0.00012156689626863226,9.999999747378752e-05
1442,1.0,0.0001775718992576003,9.999999747378752e-05
1443,1.0,0.00037641459493897855,9.999999747378752e-05
1444,1.0,0.00017870219016913325,9.999999747378752e-05
1445,1.0,0.00014679414744023234,9.999999747378752e-05
1446,1.0,0.00011607036867644638,9.999999747378752e-05
1447,1.0,0.0002863257541321218,9.999999747378752e-05
1448,1.0,9.965433127945289e-05,9.999999747378752e-05
1449,1.0,0.00015257128688972443,9.999999747378752e-05
1450,1.0,0.0018602347699925303,9.999999747378752e-05
1451,1.0,0.00030153075931593776,9.999999747378752e-05
1452,1.0,0.0003394106461200863,9.999999747378752e-05
1453,1.0,0.00016545590187888592,9.999999747378752e-05
1454,1.0,0.00013437835150398314,9.999999747378752e-05
1455,1.0,0.00017476534412708133,9.999999747378752e-05
1456,1.0,0.00022290402557700872,9.999999747378752e-05
1457,1.0,0.000268282339675352,9.999999747378752e-05
1458,1.0,0.00015300819359254092,9.999999747378752e-05
1459,1.0,0.00021954506519250572,9.999999747378752e-05
1460,1.0,0.0004568177100736648,9.999999747378752e-05
1461,1.0,8.989506750367582e-05,9.999999747378752e-05
1462,1.0,0.00018073825049214065,9.999999747378752e-05
1463,1.0,0.00017658302385825664,9.999999747378752e-05
1464,1.0,0.00019674916984513402,9.999999747378752e-05
1465,1.0,0.0001951868034666404,9.999999747378752e-05
1466,1.0,0.00017024289991240948,9.999999747378752e-05
1467,1.0,0.0001781141763785854,9.999999747378752e-05
1468,1.0,0.00027617477462626994,9.999999747378752e-05
1469,1.0,9.44210187299177e-05,9.999999747378752e-05
1470,1.0,0.0001403118367306888,9.999999747378752e-05
1471,1.0,0.0001047784389811568,9.999999747378752e-05
1472,1.0,0.00011245274072280154,9.999999747378752e-05
1473,1.0,0.00014384395035449415,9.999999747378752e-05
1474,1.0,8.665551285957918e-05,9.999999747378752e-05
1475,1.0,8.237828296842054e-05,9.999999747378752e-05
1476,1.0,0.00020383605442475528,9.999999747378752e-05
1477,1.0,0.00016795565898064524,9.999999747378752e-05
1478,1.0,0.00019750003411900252,9.999999747378752e-05
1479,1.0,0.00012775021605193615,9.999999747378752e-05
1480,1.0,0.00018325811834074557,9.999999747378752e-05
1481,1.0,0.00015543743211310357,9.999999747378752e-05
1482,1.0,9.120460890699178e-05,9.999999747378752e-05
1483,1.0,0.00012713320029433817,9.999999747378752e-05
1484,1.0,0.00010922383808065206,9.999999747378752e-05
1485,1.0,0.00017285540525335819,9.999999747378752e-05
1486,1.0,0.0001529902801848948,9.999999747378752e-05
1487,1.0,7.747908966848627e-05,9.999999747378752e-05
1488,1.0,0.00020778797625098377,9.999999747378752e-05
1489,1.0,0.0001294855901505798,9.999999747378752e-05
1490,1.0,9.38283556024544e-05,9.999999747378752e-05
1491,1.0,7.915379683254287e-05,9.999999747378752e-05
1492,1.0,0.0005489999311976135,9.999999747378752e-05
1493,1.0,0.00014478532830253243,9.999999747378752e-05
1494,1.0,0.00011715019354596734,9.999999747378752e-05
1495,1.0,8.707151573617011e-05,9.999999747378752e-05
1496,1.0,8.395265467697755e-05,9.999999747378752e-05
1497,1.0,9.865018364507705e-05,9.999999747378752e-05
1498,1.0,8.054882346186787e-05,9.999999747378752e-05
1499,1.0,0.0002156263799406588,9.999999747378752e-05
1500,1.0,5.4870735766598955e-05,9.999999747378752e-05
1501,1.0,0.00010783331526909024,9.999999747378752e-05
1502,1.0,0.00010214254871243611,9.999999747378752e-05
1503,1.0,6.755624781362712e-05,9.999999747378752e-05
1504,1.0,6.727439176756889e-05,9.999999747378752e-05
1505,1.0,6.675597978755832e-05,9.999999747378752e-05
1506,1.0,0.0001019443734548986,9.999999747378752e-05
1507,1.0,0.00011165127216372639,9.999999747378752e-05
1508,1.0,5.534062074730173e-05,9.999999747378752e-05
1509,1.0,8.454296767013147e-05,9.999999747378752e-05
1510,1.0,6.927917274879292e-05,9.999999747378752e-05
1511,1.0,0.00010612882761051878,9.999999747378752e-05
1512,1.0,0.0001347809738945216,9.999999747378752e-05
1513,1.0,0.00010855769505724311,9.999999747378752e-05
1514,1.0,8.084229921223596e-05,9.999999747378752e-05
1515,1.0,8.973674266599119e-05,9.999999747378752e-05
1516,1.0,0.00010409999958937988,9.999999747378752e-05
1517,1.0,0.00012819214316550642,9.999999747378752e-05
1518,1.0,6.487261271104217e-05,9.999999747378752e-05
1519,1.0,0.0001410284312441945,9.999999747378752e-05
1520,1.0,8.418599463766441e-05,9.999999747378752e-05
1521,1.0,0.00021021830616518855,9.999999747378752e-05
1522,1.0,8.050976612139493e-05,9.999999747378752e-05
1523,1.0,0.0001246810279553756,9.999999747378752e-05
1524,1.0,0.00014457314682658762,9.999999747378752e-05
1525,1.0,9.230017894878983e-05,9.999999747378752e-05
1526,1.0,0.00018807551532518119,9.999999747378752e-05
1527,1.0,0.00016296235844492912,9.999999747378752e-05
1528,1.0,0.00016185082495212555,9.999999747378752e-05
1529,1.0,7.603310223203152e-05,9.999999747378752e-05
1530,1.0,0.00016936635074671358,9.999999747378752e-05
1531,1.0,0.00011449865269241855,9.999999747378752e-05
1532,1.0,0.00011553152580745518,9.999999747378752e-05
1533,1.0,6.671788287349045e-05,9.999999747378752e-05
1534,1.0,7.493362500099465e-05,9.999999747378752e-05
1535,1.0,0.00013140281953383237,9.999999747378752e-05
1536,1.0,8.751483983360231e-05,9.999999747378752e-05
1537,1.0,8.666734356665984e-05,9.999999747378752e-05
1538,1.0,8.404885738855228e-05,9.999999747378752e-05
1539,1.0,5.9485384554136544e-05,9.999999747378752e-05
1540,1.0,0.00010223279969068244,9.999999747378752e-05
1541,1.0,9.752464393386617e-05,9.999999747378752e-05
1542,1.0,0.0001130855453084223,9.999999747378752e-05
1543,1.0,8.987472392618656e-05,9.999999747378752e-05
1544,1.0,0.00011402284144423902,9.999999747378752e-05
1545,1.0,0.00013532015145756304,9.999999747378752e-05
1546,1.0,8.161440200638026e-05,9.999999747378752e-05
1547,1.0,0.00011222534521948546,9.999999747378752e-05
1548,1.0,9.211120777763426e-05,9.999999747378752e-05
1549,1.0,0.0002692965790629387,9.999999747378752e-05
1550,1.0,0.00012923855683766305,9.999999747378752e-05
1551,1.0,0.0002745485689956695,9.999999747378752e-05
1552,1.0,0.0004658352117985487,9.999999747378752e-05
1553,1.0,0.00016297427646350116,9.999999747378752e-05
1554,1.0,7.72711937315762e-05,9.999999747378752e-05
1555,1.0,8.626157068647444e-05,9.999999747378752e-05
1556,1.0,0.0001257668627658859,9.999999747378752e-05
1557,1.0,5.739302287111059e-05,9.999999747378752e-05
1558,1.0,0.00030066072940826416,9.999999747378752e-05
1559,1.0,0.00017313793068751693,9.999999747378752e-05
1560,1.0,0.0001249907654710114,9.999999747378752e-05
1561,1.0,0.00010941355139948428,9.999999747378752e-05
1562,1.0,0.00023405777756124735,9.999999747378752e-05
1563,1.0,6.218937778612599e-05,9.999999747378752e-05
1564,1.0,0.00018175988225266337,9.999999747378752e-05
1565,1.0,9.233770833816379e-05,9.999999747378752e-05
1566,1.0,0.00012664614769164473,9.999999747378752e-05
1567,1.0,7.338214345509186e-05,9.999999747378752e-05
1568,1.0,6.558289896929637e-05,9.999999747378752e-05
1569,1.0,0.0001116819039452821,9.999999747378752e-05
1570,1.0,9.30432288441807e-05,9.999999747378752e-05
1571,1.0,0.00012371707998681813,9.999999747378752e-05
1572,1.0,0.00012253604654688388,9.999999747378752e-05
1573,1.0,9.408083133166656e-05,9.999999747378752e-05
1574,1.0,0.0001424372021574527,9.999999747378752e-05
1575,1.0,7.015382288955152e-05,9.999999747378752e-05
1576,1.0,9.844401938607916e-05,9.999999747378752e-05
1577,1.0,0.0001027495163725689,9.999999747378752e-05
1578,1.0,5.6428369134664536e-05,9.999999747378752e-05
1579,1.0,8.866506686899811e-05,9.999999747378752e-05
1580,1.0,8.998552948469296e-05,9.999999747378752e-05
1581,1.0,8.162075391737744e-05,9.999999747378752e-05
1582,1.0,9.534179116599262e-05,9.999999747378752e-05
1583,1.0,8.54037789395079e-05,9.999999747378752e-05
1584,1.0,5.8466524933464825e-05,9.999999747378752e-05
1585,1.0,0.00021511095110327005,9.999999747378752e-05
1586,1.0,9.00052473298274e-05,9.999999747378752e-05
1587,1.0,0.00017774931620806456,9.999999747378752e-05
1588,1.0,7.400439790217206e-05,9.999999747378752e-05
1589,1.0,0.00014384875248651952,9.999999747378752e-05
1590,1.0,0.0008549711783416569,9.999999747378752e-05
1591,1.0,0.00031719644903205335,9.999999747378752e-05
1592,1.0,0.00018016522517427802,9.999999747378752e-05
1593,1.0,0.0001068402489181608,9.999999747378752e-05
1594,1.0,0.00012352288467809558,9.999999747378752e-05
1595,1.0,0.00014499294047709554,9.999999747378752e-05
1596,1.0,0.00012238069029990584,9.999999747378752e-05
1597,1.0,0.00015182577772065997,9.999999747378752e-05
1598,1.0,6.197545008035377e-05,9.999999747378752e-05
1599,1.0,0.00010337817366234958,9.999999747378752e-05
1600,1.0,6.97528594173491e-05,9.999999747378752e-05
1601,1.0,9.37110380618833e-05,9.999999747378752e-05
1602,1.0,9.91088236332871e-05,9.999999747378752e-05
1603,1.0,8.289917604997754e-05,9.999999747378752e-05
1604,1.0,7.071667641866952e-05,9.999999747378752e-05
1605,1.0,7.220271800179034e-05,9.999999747378752e-05
1606,1.0,9.311496251029894e-05,9.999999747378752e-05
1607,1.0,0.0002935186494141817,9.999999747378752e-05
1608,1.0,0.00017072631453629583,9.999999747378752e-05
1609,1.0,0.00011980003910139203,9.999999747378752e-05
1610,1.0,8.972021169029176e-05,9.999999747378752e-05
1611,1.0,6.68363572913222e-05,9.999999747378752e-05
1612,1.0,7.797700527589768e-05,9.999999747378752e-05
1613,1.0,0.00016326768673025072,9.999999747378752e-05
1614,1.0,0.00014143930457066745,9.999999747378752e-05
1615,1.0,0.0003272492322139442,9.999999747378752e-05
1616,1.0,0.00017598437261767685,9.999999747378752e-05
1617,1.0,7.855549483792856e-05,9.999999747378752e-05
1618,1.0,9.572968701831996e-05,9.999999747378752e-05
1619,1.0,7.768453360768035e-05,9.999999747378752e-05
1620,1.0,0.00012930540833622217,9.999999747378752e-05
1621,1.0,9.254531323676929e-05,9.999999747378752e-05
1622,1.0,0.00014139778795652092,9.999999747378752e-05
1623,1.0,9.253308962797746e-05,9.999999747378752e-05
1624,1.0,7.507661212002859e-05,9.999999747378752e-05
1625,1.0,5.36464067408815e-05,9.999999747378752e-05
1626,1.0,0.00010276948887621984,9.999999747378752e-05
1627,1.0,9.439724817639217e-05,9.999999747378752e-05
1628,1.0,7.687525067012757e-05,9.999999747378752e-05
1629,1.0,6.7872904764954e-05,9.999999747378752e-05
1630,1.0,0.0001015489615383558,9.999999747378752e-05
1631,1.0,4.25819780502934e-05,9.999999747378752e-05
1632,1.0,5.153052188688889e-05,9.999999747378752e-05
1633,1.0,4.806157812708989e-05,9.999999747378752e-05
1634,1.0,4.909940980724059e-05,9.999999747378752e-05
1635,1.0,4.106053165742196e-05,9.999999747378752e-05
1636,1.0,4.40296353190206e-05,9.999999747378752e-05
1637,1.0,7.466311217285693e-05,9.999999747378752e-05
1638,1.0,8.266398799605668e-05,9.999999747378752e-05
1639,1.0,5.78536419197917e-05,9.999999747378752e-05
1640,1.0,8.73078970471397e-05,9.999999747378752e-05
1641,1.0,9.193131700158119e-05,9.999999747378752e-05
1642,1.0,3.932250547222793e-05,9.999999747378752e-05
1643,1.0,5.823134779348038e-05,9.999999747378752e-05
1644,1.0,7.147936412366107e-05,9.999999747378752e-05
1645,1.0,6.951785326236859e-05,9.999999747378752e-05
1646,1.0,0.000106902836705558,9.999999747378752e-05
1647,1.0,8.90052760951221e-05,9.999999747378752e-05
1648,1.0,5.85396628594026e-05,9.999999747378752e-05
1649,1.0,6.001883957651444e-05,9.999999747378752e-05
1650,1.0,0.00028811139054596424,9.999999747378752e-05
1651,1.0,0.00013508593838196248,9.999999747378752e-05
1652,1.0,0.00013306694745551795,9.999999747378752e-05
1653,1.0,0.00014286371879279613,9.999999747378752e-05
1654,1.0,5.644990233122371e-05,9.999999747378752e-05
1655,1.0,0.00022220610117074102,9.999999747378752e-05
1656,1.0,0.00028504952206276357,9.999999747378752e-05
1657,1.0,0.00015572604024782777,9.999999747378752e-05
1658,1.0,0.0002478269161656499,9.999999747378752e-05
1659,1.0,0.00014059421664569527,9.999999747378752e-05
1660,1.0,0.00013065688835922629,9.999999747378752e-05
1661,1.0,7.368624210357666e-05,9.999999747378752e-05
1662,1.0,7.742672460153699e-05,9.999999747378752e-05
1663,1.0,0.0009296401403844357,9.999999747378752e-05
1664,1.0,0.00035060785012319684,9.999999747378752e-05
1665,1.0,0.0024880538694560528,9.999999747378752e-05
1666,1.0,0.0024427033495157957,9.999999747378752e-05
1667,1.0,0.0004822209884878248,9.999999747378752e-05
1668,1.0,0.0002662368060555309,9.999999747378752e-05
1669,1.0,0.0006032274686731398,9.999999747378752e-05
1670,1.0,0.00023161825083661824,9.999999747378752e-05
1671,1.0,0.00016396332648582757,9.999999747378752e-05
1672,1.0,0.00022611174790654331,9.999999747378752e-05
1673,1.0,0.00014592641673516482,9.999999747378752e-05
1674,1.0,0.0002140085562132299,9.999999747378752e-05
1675,1.0,0.0002512452192604542,9.999999747378752e-05
1676,1.0,0.00020529809989966452,9.999999747378752e-05
1677,1.0,0.0001632476196391508,9.999999747378752e-05
1678,1.0,7.443567301379517e-05,9.999999747378752e-05
1679,1.0,7.72044513723813e-05,9.999999747378752e-05
1680,1.0,0.00015054718824103475,9.999999747378752e-05
1681,1.0,0.00010053117148345336,9.999999747378752e-05
1682,1.0,6.586257950402796e-05,9.999999747378752e-05
1683,1.0,0.00010362469765823334,9.999999747378752e-05
1684,1.0,6.577573367394507e-05,9.999999747378752e-05
1685,1.0,5.968347250018269e-05,9.999999747378752e-05
1686,1.0,8.602311572758481e-05,9.999999747378752e-05
1687,1.0,0.00012594023428391665,9.999999747378752e-05
1688,1.0,6.37259436189197e-05,9.999999747378752e-05
1689,1.0,6.572844722541049e-05,9.999999747378752e-05
1690,1.0,9.208139090333134e-05,9.999999747378752e-05
1691,1.0,0.00012279026850592345,9.999999747378752e-05
1692,1.0,0.00011894698400283232,9.999999747378752e-05
1693,1.0,7.903230289230123e-05,9.999999747378752e-05
1694,1.0,0.00020663205941673368,9.999999747378752e-05
1695,1.0,9.008120832731947e-05,9.999999747378752e-05
1696,1.0,9.728356235427782e-05,9.999999747378752e-05
1697,1.0,7.971346349222586e-05,9.999999747378752e-05
1698,1.0,5.9125275583937764e-05,9.999999747378752e-05
1699,1.0,8.817090565571561e-05,9.999999747378752e-05
1700,1.0,5.796831101179123e-05,9.999999747378752e-05
1701,1.0,9.592132846591994e-05,9.999999747378752e-05
1702,1.0,0.00011012129834853113,9.999999747378752e-05
1703,1.0,8.56271872180514e-05,9.999999747378752e-05
1704,1.0,7.69623729865998e-05,9.999999747378752e-05
1705,1.0,9.704283729661256e-05,9.999999747378752e-05
1706,1.0,9.307470463681966e-05,9.999999747378752e-05
1707,1.0,5.558577322517522e-05,9.999999747378752e-05
1708,1.0,4.478381379158236e-05,9.999999747378752e-05
1709,1.0,6.772627966711298e-05,9.999999747378752e-05
1710,1.0,8.186871855286881e-05,9.999999747378752e-05
1711,1.0,7.586926949443296e-05,9.999999747378752e-05
1712,1.0,4.69860497105401e-05,9.999999747378752e-05
1713,1.0,6.693284376524389e-05,9.999999747378752e-05
1714,1.0,9.652573498897254e-05,9.999999747378752e-05
1715,1.0,9.098719601752236e-05,9.999999747378752e-05
1716,1.0,4.786634963238612e-05,9.999999747378752e-05
1717,1.0,0.00011323623039061204,9.999999747378752e-05
1718,1.0,7.681910938117653e-05,9.999999747378752e-05
1719,1.0,5.276784941088408e-05,9.999999747378752e-05
1720,1.0,5.4943338909652084e-05,9.999999747378752e-05
1721,1.0,8.046288712648675e-05,9.999999747378752e-05
1722,1.0,5.667659570463002e-05,9.999999747378752e-05
1723,1.0,6.403979932656512e-05,9.999999747378752e-05
1724,1.0,4.403819912113249e-05,9.999999747378752e-05
1725,1.0,5.955635424470529e-05,9.999999747378752e-05
1726,1.0,6.070414019632153e-05,9.999999747378752e-05
1727,1.0,5.152039375388995e-05,9.999999747378752e-05
1728,1.0,5.533177318284288e-05,9.999999747378752e-05
1729,1.0,4.8601272283121943e-05,9.999999747378752e-05
1730,1.0,4.215049193589948e-05,9.999999747378752e-05
1731,1.0,7.691051723668352e-05,9.999999747378752e-05
1732,1.0,4.679141420638189e-05,9.999999747378752e-05
1733,1.0,8.056634396780282e-05,9.999999747378752e-05
1734,1.0,8.680162864038721e-05,9.999999747378752e-05
1735,1.0,9.157916792901233e-05,9.999999747378752e-05
1736,1.0,9.350802429253235e-05,9.999999747378752e-05
1737,1.0,5.513732321560383e-05,9.999999747378752e-05
1738,1.0,8.20990462671034e-05,9.999999747378752e-05
1739,1.0,5.528502515517175e-05,9.999999747378752e-05
1740,1.0,0.00013024201325606555,9.999999747378752e-05
1741,1.0,0.0001145295609603636,9.999999747378752e-05
1742,1.0,5.0209840992465615e-05,9.999999747378752e-05
1743,1.0,9.285902342526242e-05,9.999999747378752e-05
1744,1.0,7.603145786561072e-05,9.999999747378752e-05
1745,1.0,5.529454938368872e-05,9.999999747378752e-05
1746,1.0,7.03532641637139e-05,9.999999747378752e-05
1747,1.0,0.00011997373803751543,9.999999747378752e-05
1748,1.0,9.48812230490148e-05,9.999999747378752e-05
1749,1.0,0.0001550413726363331,9.999999747378752e-05
1750,1.0,8.694906864548102e-05,9.999999747378752e-05
1751,1.0,5.982056609354913e-05,9.999999747378752e-05
1752,1.0,0.0001189066024380736,9.999999747378752e-05
1753,1.0,0.00010822310287039727,9.999999747378752e-05
1754,1.0,0.0018306407146155834,9.999999747378752e-05
1755,1.0,0.008088481612503529,9.999999747378752e-05
1756,1.0,0.0019147673156112432,9.999999747378752e-05
1757,1.0,0.0007268899935297668,9.999999747378752e-05
1758,1.0,0.00034128857078030705,9.999999747378752e-05
1759,1.0,0.0002788779092952609,9.999999747378752e-05
1760,1.0,0.00033260651980526745,9.999999747378752e-05
1761,1.0,0.0003776380908675492,9.999999747378752e-05
1762,1.0,0.00015857216203585267,9.999999747378752e-05
1763,1.0,0.0003154184378217906,9.999999747378752e-05
1764,1.0,0.00012242604861967266,9.999999747378752e-05
1765,1.0,0.00018330868624616414,9.999999747378752e-05
1766,1.0,0.0003136865852866322,9.999999747378752e-05
1767,1.0,0.00018387679301667958,9.999999747378752e-05
1768,1.0,0.00015331986651290208,9.999999747378752e-05
1769,1.0,8.069220348261297e-05,9.999999747378752e-05
1770,1.0,0.00023407128173857927,9.999999747378752e-05
1771,1.0,0.0001534039038233459,9.999999747378752e-05
1772,1.0,0.00014904582349117845,9.999999747378752e-05
1773,1.0,8.812536543700844e-05,9.999999747378752e-05
1774,1.0,0.0001716559927444905,9.999999747378752e-05
1775,1.0,8.593253005528823e-05,9.999999747378752e-05
1776,1.0,9.422421135241166e-05,9.999999747378752e-05
1777,1.0,6.477892020484433e-05,9.999999747378752e-05
1778,1.0,9.792644414119422e-05,9.999999747378752e-05
1779,1.0,0.00016665132716298103,9.999999747378752e-05
1780,1.0,6.098876110627316e-05,9.999999747378752e-05
1781,1.0,6.775246583856642e-05,9.999999747378752e-05
1782,1.0,6.147263775346801e-05,9.999999747378752e-05
1783,1.0,6.113808194641024e-05,9.999999747378752e-05
1784,1.0,5.604036050499417e-05,9.999999747378752e-05
1785,1.0,7.047090912237763e-05,9.999999747378752e-05
1786,1.0,6.425625906558707e-05,9.999999747378752e-05
1787,1.0,7.16489739716053e-05,9.999999747378752e-05
1788,1.0,0.00036953925155103207,9.999999747378752e-05
1789,1.0,7.085062679834664e-05,9.999999747378752e-05
1790,1.0,8.719824836589396e-05,9.999999747378752e-05
1791,1.0,9.1995854745619e-05,9.999999747378752e-05
1792,1.0,5.507981404662132e-05,9.999999747378752e-05
1793,1.0,9.310631867265329e-05,9.999999747378752e-05
1794,1.0,5.8386642194818705e-05,9.999999747378752e-05
1795,1.0,5.621520904242061e-05,9.999999747378752e-05
1796,1.0,6.23131709289737e-05,9.999999747378752e-05
1797,1.0,9.737282380228862e-05,9.999999747378752e-05
1798,1.0,0.00010547570127528161,9.999999747378752e-05
1799,1.0,6.659558857791126e-05,9.999999747378752e-05
1800,1.0,6.55484400340356e-05,9.999999747378752e-05
1801,1.0,4.945429463987239e-05,9.999999747378752e-05
1802,1.0,3.9614384149899706e-05,9.999999747378752e-05
1803,1.0,4.5655910071218386e-05,9.999999747378752e-05
1804,1.0,6.864723400212824e-05,9.999999747378752e-05
1805,1.0,0.00011688484664773569,9.999999747378752e-05
1806,1.0,8.672574767842889e-05,9.999999747378752e-05
1807,1.0,9.874453098746017e-05,9.999999747378752e-05
1808,1.0,6.212740845512599e-05,9.999999747378752e-05
1809,1.0,3.4342963772360235e-05,9.999999747378752e-05
1810,1.0,4.436709059518762e-05,9.999999747378752e-05
1811,1.0,9.560647595208138e-05,9.999999747378752e-05
1812,1.0,7.485556125175208e-05,9.999999747378752e-05
1813,1.0,3.477984500932507e-05,9.999999747378752e-05
1814,1.0,6.298085645539686e-05,9.999999747378752e-05
1815,1.0,4.605395224643871e-05,9.999999747378752e-05
1816,1.0,7.95222440501675e-05,9.999999747378752e-05
1817,1.0,7.298720447579399e-05,9.999999747378752e-05
1818,1.0,5.183618122828193e-05,9.999999747378752e-05
1819,1.0,0.00017349154222756624,9.999999747378752e-05
1820,1.0,0.00010865611693589017,9.999999747378752e-05
1821,1.0,9.561087063048035e-05,9.999999747378752e-05
1822,1.0,8.054115460254252e-05,9.999999747378752e-05
1823,1.0,3.778318568947725e-05,9.999999747378752e-05
1824,1.0,7.416890002787113e-05,9.999999747378752e-05
1825,1.0,8.814464672468603e-05,9.999999747378752e-05
1826,1.0,4.318940045777708e-05,9.999999747378752e-05
1827,1.0,5.119994602864608e-05,9.999999747378752e-05
1828,1.0,4.6048418880673125e-05,9.999999747378752e-05
1829,1.0,6.636147736571729e-05,9.999999747378752e-05
1830,1.0,6.872254743939266e-05,9.999999747378752e-05
1831,1.0,6.361263513099402e-05,9.999999747378752e-05
1832,1.0,5.432701073004864e-05,9.999999747378752e-05
1833,1.0,4.795752829522826e-05,9.999999747378752e-05
1834,1.0,5.405240153777413e-05,9.999999747378752e-05
1835,1.0,4.509135760599747e-05,9.999999747378752e-05
1836,1.0,8.302724017994478e-05,9.999999747378752e-05
1837,1.0,6.249246507650241e-05,9.999999747378752e-05
1838,1.0,5.136797335580923e-05,9.999999747378752e-05
1839,1.0,4.440592601895332e-05,9.999999747378752e-05
1840,1.0,0.0001076818080036901,9.999999747378752e-05
1841,1.0,6.412142829503864e-05,9.999999747378752e-05
1842,1.0,4.7889843699522316e-05,9.999999747378752e-05
1843,1.0,7.205329166026786e-05,9.999999747378752e-05
1844,1.0,0.0003361987182870507,9.999999747378752e-05
1845,1.0,0.00017823286179918796,9.999999747378752e-05
1846,1.0,8.561830327380449e-05,9.999999747378752e-05
1847,1.0,6.301063694991171e-05,9.999999747378752e-05
1848,1.0,7.738145359326154e-05,9.999999747378752e-05
1849,1.0,4.036477912450209e-05,9.999999747378752e-05
1850,1.0,6.708822911605239e-05,9.999999747378752e-05
1851,1.0,4.401703699841164e-05,9.999999747378752e-05
1852,1.0,3.535300129442476e-05,9.999999747378752e-05
1853,1.0,5.5686923587927595e-05,9.999999747378752e-05
1854,1.0,9.256256453227252e-05,9.999999747378752e-05
1855,1.0,5.1799663197016343e-05,9.999999747378752e-05
1856,1.0,7.054742309264839e-05,9.999999747378752e-05
1857,1.0,4.1426126699661836e-05,9.999999747378752e-05
1858,1.0,0.00012401524872984737,9.999999747378752e-05
1859,1.0,4.06428225687705e-05,9.999999747378752e-05
1860,1.0,3.967945303884335e-05,9.999999747378752e-05
1861,1.0,3.8793470594100654e-05,9.999999747378752e-05
1862,1.0,3.747990558622405e-05,9.999999747378752e-05
1863,1.0,3.464588735369034e-05,9.999999747378752e-05
1864,1.0,9.115705324802548e-05,9.999999747378752e-05
1865,1.0,5.040419637225568e-05,9.999999747378752e-05
1866,1.0,6.73855101922527e-05,9.999999747378752e-05
1867,1.0,4.781889219884761e-05,9.999999747378752e-05
1868,1.0,5.745697853853926e-05,9.999999747378752e-05
1869,1.0,2.4750863303779624e-05,9.999999747378752e-05
1870,1.0,4.895582242170349e-05,9.999999747378752e-05
1871,1.0,5.75805279368069e-05,9.999999747378752e-05
1872,1.0,6.282032700255513e-05,9.999999747378752e-05
1873,1.0,7.29687963030301e-05,9.999999747378752e-05
1874,1.0,3.342720083310269e-05,9.999999747378752e-05
1875,1.0,0.00014767830725759268,9.999999747378752e-05
1876,1.0,7.690403435844928e-05,9.999999747378752e-05
1877,1.0,5.8991929108742625e-05,9.999999747378752e-05
1878,1.0,3.016389200638514e-05,9.999999747378752e-05
1879,1.0,4.471223655855283e-05,9.999999747378752e-05
1880,1.0,5.2203402447048575e-05,9.999999747378752e-05
1881,1.0,9.951235551852733e-05,9.999999747378752e-05
1882,1.0,4.640249244403094e-05,9.999999747378752e-05
1883,1.0,2.9786015147692524e-05,9.999999747378752e-05
1884,1.0,4.9629798013484105e-05,9.999999747378752e-05
1885,1.0,0.0003357658570166677,9.999999747378752e-05
1886,1.0,0.0001999629894271493,9.999999747378752e-05
1887,1.0,9.73961505223997e-05,9.999999747378752e-05
1888,1.0,4.8541478463448584e-05,9.999999747378752e-05
1889,1.0,6.789623876102269e-05,9.999999747378752e-05
1890,1.0,3.164644294884056e-05,9.999999747378752e-05
1891,1.0,4.869017720920965e-05,9.999999747378752e-05
1892,1.0,3.506826760713011e-05,9.999999747378752e-05
1893,1.0,4.030734271509573e-05,9.999999747378752e-05
1894,1.0,0.00010771784582175314,9.999999747378752e-05
1895,1.0,6.596020102733746e-05,9.999999747378752e-05
1896,1.0,0.0003866825718432665,9.999999747378752e-05
1897,1.0,0.0002183195174438879,9.999999747378752e-05
1898,1.0,8.528206672053784e-05,9.999999747378752e-05
1899,1.0,0.00016353055252693594,9.999999747378752e-05
1900,1.0,0.00019648188026621938,9.999999747378752e-05
1901,1.0,8.473556226817891e-05,9.999999747378752e-05
1902,1.0,0.0001630624756217003,9.999999747378752e-05
1903,1.0,7.856819138396531e-05,9.999999747378752e-05
1904,1.0,3.529115201672539e-05,9.999999747378752e-05
1905,1.0,2.6708899895311333e-05,9.999999747378752e-05
1906,1.0,3.540214311215095e-05,9.999999747378752e-05
1907,1.0,8.140314457705244e-05,9.999999747378752e-05
1908,1.0,7.70730257499963e-05,9.999999747378752e-05
1909,1.0,4.4286138290772215e-05,9.999999747378752e-05
1910,1.0,3.474837649264373e-05,9.999999747378752e-05
1911,1.0,7.972437015268952e-05,9.999999747378752e-05
1912,1.0,0.00010594863124424592,9.999999747378752e-05
1913,1.0,5.342368604033254e-05,9.999999747378752e-05
1914,1.0,4.2260904592694715e-05,9.999999747378752e-05
1915,1.0,8.941919804783538e-05,9.999999747378752e-05
1916,1.0,7.290447683772072e-05,9.999999747378752e-05
1917,1.0,4.800724491360597e-05,9.999999747378752e-05
1918,1.0,6.948139343876392e-05,9.999999747378752e-05
1919,1.0,5.326592508936301e-05,9.999999747378752e-05
1920,1.0,2.761671566986479e-05,9.999999747378752e-05
1921,1.0,3.82620892196428e-05,9.999999747378752e-05
1922,1.0,3.784530781558715e-05,9.999999747378752e-05
1923,1.0,3.80330893676728e-05,9.999999747378752e-05
1924,1.0,3.8574497011723e-05,9.999999747378752e-05
1925,1.0,2.97386031888891e-05,9.999999747378752e-05
1926,1.0,3.2821430067997426e-05,9.999999747378752e-05
1927,1.0,6.071150710340589e-05,9.999999747378752e-05
1928,1.0,5.691031401511282e-05,9.999999747378752e-05
1929,1.0,3.6637757148128e-05,9.999999747378752e-05
1930,1.0,3.5187083994969726e-05,9.999999747378752e-05
1931,1.0,3.624061355367303e-05,9.999999747378752e-05
1932,1.0,2.4546168788219802e-05,9.999999747378752e-05
1933,1.0,5.197696737013757e-05,9.999999747378752e-05
1934,1.0,3.574489164748229e-05,9.999999747378752e-05
1935,1.0,2.3804099328117445e-05,9.999999747378752e-05
1936,1.0,4.907038601231761e-05,9.999999747378752e-05
1937,1.0,8.01610731286928e-05,9.999999747378752e-05
1938,1.0,3.176456448272802e-05,9.999999747378752e-05
1939,1.0,3.336563167977147e-05,9.999999747378752e-05
1940,1.0,5.565695391851477e-05,9.999999747378752e-05
1941,1.0,3.907034624717198e-05,9.999999747378752e-05
1942,1.0,4.846898082178086e-05,9.999999747378752e-05
1943,1.0,8.612405508756638e-05,9.999999747378752e-05
1944,1.0,3.285208367742598e-05,9.999999747378752e-05
1945,1.0,7.507889677071944e-05,9.999999747378752e-05
1946,1.0,4.2108255001949146e-05,9.999999747378752e-05
1947,1.0,2.2061096387915313e-05,9.999999747378752e-05
1948,1.0,0.00012331570906098932,9.999999747378752e-05
1949,1.0,5.518546822713688e-05,9.999999747378752e-05
1950,1.0,2.9920383894932456e-05,9.999999747378752e-05
1951,1.0,0.00033349558361805975,9.999999747378752e-05
1952,1.0,0.00016629301535431296,9.999999747378752e-05
1953,1.0,9.630247950553894e-05,9.999999747378752e-05
1954,1.0,9.081159078050405e-05,9.999999747378752e-05
1955,1.0,8.424443512922153e-05,9.999999747378752e-05
1956,1.0,4.1198214603355154e-05,9.999999747378752e-05
1957,1.0,3.956251384806819e-05,9.999999747378752e-05
1958,1.0,2.954049523395952e-05,9.999999747378752e-05
1959,1.0,3.545437357388437e-05,9.999999747378752e-05
1960,1.0,3.373016443219967e-05,9.999999747378752e-05
1961,1.0,3.88175540138036e-05,9.999999747378752e-05
1962,1.0,4.6620807552244514e-05,9.999999747378752e-05
1963,1.0,3.269979788456112e-05,9.999999747378752e-05
1964,1.0,0.00010550873412285,9.999999747378752e-05
1965,1.0,6.496335117844865e-05,9.999999747378752e-05
1966,1.0,5.264133505988866e-05,9.999999747378752e-05
1967,1.0,8.067475573625416e-05,9.999999747378752e-05
1968,1.0,4.093871029908769e-05,9.999999747378752e-05
1969,1.0,2.9498934964067303e-05,9.999999747378752e-05
1970,1.0,0.00014965781883802265,9.999999747378752e-05
1971,1.0,0.0024947470519691706,9.999999747378752e-05
1972,0.9975000023841858,0.004194604232907295,9.999999747378752e-05
1973,1.0,0.00245492160320282,9.999999747378752e-05
1974,1.0,0.0008092179195955396,9.999999747378752e-05
1975,1.0,0.0007098866044543684,9.999999747378752e-05
1976,1.0,0.0003329642058815807,9.999999747378752e-05
1977,1.0,0.0002521460992284119,9.999999747378752e-05
1978,1.0,0.00013616521027870476,9.999999747378752e-05
1979,1.0,0.0002132398949470371,9.999999747378752e-05
1980,1.0,0.00017297279555350542,9.999999747378752e-05
1981,1.0,0.00016879074973985553,9.999999747378752e-05
1982,1.0,6.514231790788472e-05,9.999999747378752e-05
1983,1.0,8.596383850090206e-05,9.999999747378752e-05
1984,1.0,0.00012033051461912692,9.999999747378752e-05
1985,1.0,0.00026640589931048453,9.999999747378752e-05
1986,1.0,8.420336234848946e-05,9.999999747378752e-05
1987,1.0,4.892774813924916e-05,9.999999747378752e-05
1988,1.0,5.225467975833453e-05,9.999999747378752e-05
1989,1.0,7.544741674792022e-05,9.999999747378752e-05
1990,1.0,7.618701783940196e-05,9.999999747378752e-05
1991,1.0,0.00010572702012723312,9.999999747378752e-05
1992,1.0,0.00013593178300652653,9.999999747378752e-05
1993,1.0,6.128593668108806e-05,9.999999747378752e-05
1994,1.0,4.1030041757039726e-05,9.999999747378752e-05
1995,1.0,8.167925989255309e-05,9.999999747378752e-05
1996,1.0,4.205148070468567e-05,9.999999747378752e-05
1997,1.0,8.102752326522022e-05,9.999999747378752e-05
1998,1.0,9.899227734422311e-05,9.999999747378752e-05
1999,1.0,4.1573759517632425e-05,9.999999747378752e-05
