,categorical_accuracy,loss,learning_rate
0,0.6499999761581421,0.7100415825843811,0.0010000000474974513
1,0.699999988079071,0.6145762205123901,0.0010000000474974513
2,0.699999988079071,0.6351460218429565,0.0010000000474974513
3,0.6000000238418579,0.6108490228652954,0.0010000000474974513
4,0.8500000238418579,0.4980204105377197,0.0010000000474974513
5,0.75,0.45467719435691833,0.0010000000474974513
6,0.6499999761581421,0.503126323223114,0.0010000000474974513
7,0.699999988079071,0.6324666142463684,0.0010000000474974513
8,0.699999988079071,0.5456910133361816,0.0010000000474974513
9,0.800000011920929,0.4815084934234619,0.0010000000474974513
10,0.8999999761581421,0.3636573851108551,0.0010000000474974513
11,0.8500000238418579,0.35334014892578125,0.0010000000474974513
12,0.6499999761581421,0.651558518409729,0.0010000000474974513
13,0.800000011920929,0.457764208316803,0.0010000000474974513
14,0.800000011920929,0.4710926413536072,0.0010000000474974513
15,0.8999999761581421,0.36740270256996155,0.0010000000474974513
16,0.75,0.5505086183547974,0.0010000000474974513
17,0.8500000238418579,0.4459346830844879,0.0010000000474974513
18,0.800000011920929,0.4092344343662262,0.0010000000474974513
19,0.8999999761581421,0.3173092305660248,0.0010000000474974513
20,0.8999999761581421,0.2990218997001648,0.0010000000474974513
21,0.550000011920929,0.5855611562728882,0.0010000000474974513
22,0.800000011920929,0.5118700861930847,0.0010000000474974513
23,0.8500000238418579,0.3838594853878021,0.0010000000474974513
24,0.699999988079071,0.43091854453086853,0.0010000000474974513
25,0.800000011920929,0.5268964767456055,0.0010000000474974513
26,0.8999999761581421,0.3382341265678406,0.0010000000474974513
27,0.800000011920929,0.3863954544067383,0.0010000000474974513
28,0.8999999761581421,0.3000759482383728,0.0010000000474974513
29,0.8999999761581421,0.3105317950248718,0.0010000000474974513
30,0.800000011920929,0.3958253860473633,0.0010000000474974513
31,0.800000011920929,0.44645318388938904,0.0010000000474974513
32,0.75,0.46672874689102173,0.0010000000474974513
33,0.699999988079071,0.6027103662490845,0.0010000000474974513
34,0.8500000238418579,0.4819842278957367,0.0010000000474974513
35,0.8999999761581421,0.40416330099105835,0.0010000000474974513
36,0.949999988079071,0.27041807770729065,0.0010000000474974513
37,0.949999988079071,0.2644645869731903,0.0010000000474974513
38,0.800000011920929,0.4791163504123688,0.0010000000474974513
39,0.800000011920929,0.4859080910682678,0.0010000000474974513
40,0.8999999761581421,0.3771108090877533,0.0010000000474974513
41,0.8999999761581421,0.3665523827075958,0.0010000000474974513
42,0.8500000238418579,0.39173832535743713,0.0010000000474974513
43,0.75,0.5843414664268494,0.0010000000474974513
44,0.8500000238418579,0.34976333379745483,0.0010000000474974513
45,0.8500000238418579,0.3194136321544647,0.0010000000474974513
46,0.8999999761581421,0.3638288378715515,0.0010000000474974513
47,0.800000011920929,0.407175213098526,0.0010000000474974513
48,0.8999999761581421,0.32895880937576294,0.0010000000474974513
49,0.75,0.41422539949417114,0.0010000000474974513
50,0.800000011920929,0.5511007905006409,0.0010000000474974513
51,0.8500000238418579,0.43422359228134155,0.0010000000474974513
52,0.8999999761581421,0.25245794653892517,0.0010000000474974513
53,0.949999988079071,0.3351649045944214,0.0010000000474974513
54,0.8999999761581421,0.2592664062976837,0.0010000000474974513
55,0.8500000238418579,0.24740508198738098,0.0010000000474974513
56,0.800000011920929,0.4477735161781311,0.0010000000474974513
57,0.75,0.4472263753414154,0.0010000000474974513
58,0.8999999761581421,0.30985480546951294,0.0010000000474974513
59,0.75,0.4836293160915375,0.0010000000474974513
60,0.8999999761581421,0.3373745083808899,0.0010000000474974513
61,0.800000011920929,0.4150518476963043,0.0010000000474974513
62,0.8999999761581421,0.25676077604293823,0.0010000000474974513
63,0.800000011920929,0.40321826934814453,0.0010000000474974513
64,0.800000011920929,0.42375677824020386,0.0010000000474974513
65,0.8999999761581421,0.31658706068992615,0.0010000000474974513
66,0.75,0.41591089963912964,0.0010000000474974513
67,0.949999988079071,0.29831135272979736,0.0010000000474974513
68,0.949999988079071,0.23384252190589905,0.0010000000474974513
69,0.699999988079071,0.5539781451225281,0.0010000000474974513
70,0.8500000238418579,0.461331307888031,0.0010000000474974513
71,0.8999999761581421,0.2928449511528015,0.0010000000474974513
72,0.800000011920929,0.3534071743488312,0.0010000000474974513
73,0.800000011920929,0.4317131042480469,0.0010000000474974513
74,0.75,0.4120498299598694,0.0010000000474974513
75,0.8999999761581421,0.316864550113678,0.0010000000474974513
76,0.949999988079071,0.3186984658241272,0.0010000000474974513
77,0.8999999761581421,0.2872491776943207,0.0010000000474974513
78,0.75,0.4098857343196869,0.0010000000474974513
79,0.8999999761581421,0.30350619554519653,0.0010000000474974513
80,0.8500000238418579,0.29710182547569275,0.0010000000474974513
81,0.8999999761581421,0.18825577199459076,0.0010000000474974513
82,0.8500000238418579,0.34126535058021545,0.0010000000474974513
83,0.949999988079071,0.22290194034576416,0.0010000000474974513
84,0.800000011920929,0.3459993302822113,0.0010000000474974513
85,0.75,0.42616477608680725,0.0010000000474974513
86,0.949999988079071,0.22003035247325897,0.0010000000474974513
87,0.8500000238418579,0.29549580812454224,0.0010000000474974513
88,0.8999999761581421,0.2845291495323181,0.0010000000474974513
89,0.6499999761581421,0.49641484022140503,0.0010000000474974513
90,0.8999999761581421,0.23333053290843964,0.0010000000474974513
91,0.699999988079071,0.4032541811466217,0.0010000000474974513
92,0.949999988079071,0.23076295852661133,0.0010000000474974513
93,0.8999999761581421,0.4112027585506439,0.0010000000474974513
94,0.800000011920929,0.36642467975616455,0.0010000000474974513
95,0.800000011920929,0.4031824469566345,0.0010000000474974513
96,0.8500000238418579,0.30059128999710083,0.0010000000474974513
97,0.8999999761581421,0.27691948413848877,0.0010000000474974513
98,0.800000011920929,0.2935088276863098,0.0010000000474974513
99,0.8999999761581421,0.35351577401161194,0.0010000000474974513
100,0.800000011920929,0.44547590613365173,0.0010000000474974513
101,0.75,0.554410994052887,0.0010000000474974513
102,0.8500000238418579,0.33298739790916443,0.0010000000474974513
103,0.800000011920929,0.3457258939743042,0.0010000000474974513
104,0.8999999761581421,0.2940061092376709,0.0010000000474974513
105,0.6499999761581421,0.4856069087982178,0.0010000000474974513
106,0.949999988079071,0.27512484788894653,0.0010000000474974513
107,0.800000011920929,0.304904043674469,0.0010000000474974513
108,0.949999988079071,0.17927616834640503,0.0010000000474974513
109,0.8999999761581421,0.29601383209228516,0.0010000000474974513
110,0.8500000238418579,0.24962201714515686,0.0010000000474974513
111,0.8500000238418579,0.3170546889305115,0.0010000000474974513
112,0.8999999761581421,0.2787243723869324,0.0010000000474974513
113,0.800000011920929,0.3827257752418518,0.0010000000474974513
114,0.8500000238418579,0.33007580041885376,0.0010000000474974513
115,0.8999999761581421,0.18992722034454346,0.0010000000474974513
116,1.0,0.2063385546207428,0.0010000000474974513
117,0.75,0.3443808853626251,0.0010000000474974513
118,0.8999999761581421,0.2817401885986328,0.0010000000474974513
119,1.0,0.1430615335702896,0.0010000000474974513
120,1.0,0.13630960881710052,0.0010000000474974513
121,1.0,0.18795278668403625,0.0010000000474974513
122,0.949999988079071,0.2307467758655548,0.0010000000474974513
123,0.8999999761581421,0.25367221236228943,0.0010000000474974513
124,0.949999988079071,0.204494908452034,0.0010000000474974513
125,0.8999999761581421,0.25463202595710754,0.0010000000474974513
126,0.75,0.39919599890708923,0.0010000000474974513
127,0.8999999761581421,0.3302399814128876,0.0010000000474974513
128,0.800000011920929,0.42207422852516174,0.0010000000474974513
129,0.8999999761581421,0.2362821102142334,0.0010000000474974513
130,0.800000011920929,0.38225477933883667,0.0010000000474974513
131,0.8500000238418579,0.35191890597343445,0.0010000000474974513
132,0.8999999761581421,0.31566932797431946,0.0010000000474974513
133,0.8500000238418579,0.3805900514125824,0.0010000000474974513
134,0.8999999761581421,0.2285357415676117,0.0010000000474974513
135,1.0,0.20997615158557892,0.0010000000474974513
136,0.949999988079071,0.260073721408844,0.0010000000474974513
137,0.8999999761581421,0.2665781080722809,0.0010000000474974513
138,0.8999999761581421,0.20534376800060272,0.0010000000474974513
139,0.800000011920929,0.3189137279987335,0.0010000000474974513
140,0.949999988079071,0.178158700466156,0.0010000000474974513
141,0.800000011920929,0.2757846713066101,0.0010000000474974513
142,1.0,0.18699327111244202,0.0010000000474974513
143,0.8999999761581421,0.21516039967536926,0.0010000000474974513
144,0.8500000238418579,0.28959646821022034,0.0010000000474974513
145,0.8999999761581421,0.3022177815437317,0.0010000000474974513
146,0.949999988079071,0.21803025901317596,0.0010000000474974513
147,0.949999988079071,0.14430293440818787,0.0010000000474974513
148,1.0,0.1858077049255371,0.0010000000474974513
149,0.949999988079071,0.19001521170139313,0.0010000000474974513
150,0.949999988079071,0.31031566858291626,0.0010000000474974513
151,0.8999999761581421,0.30658891797065735,0.0010000000474974513
152,0.949999988079071,0.24170903861522675,0.0010000000474974513
153,0.8999999761581421,0.28870540857315063,0.0010000000474974513
154,0.75,0.41013455390930176,0.0010000000474974513
155,0.8500000238418579,0.26499325037002563,0.0010000000474974513
156,0.949999988079071,0.26118388772010803,0.0010000000474974513
157,0.8500000238418579,0.2983746826648712,0.0010000000474974513
158,1.0,0.11836089938879013,0.0010000000474974513
159,1.0,0.18487893044948578,0.0010000000474974513
160,1.0,0.19357356429100037,0.0010000000474974513
161,0.949999988079071,0.17816725373268127,0.0010000000474974513
162,0.8999999761581421,0.18895947933197021,0.0010000000474974513
163,0.8999999761581421,0.2307066172361374,0.0010000000474974513
164,0.8999999761581421,0.21687105298042297,0.0010000000474974513
165,0.8999999761581421,0.20100626349449158,0.0010000000474974513
166,0.8999999761581421,0.1932934820652008,0.0010000000474974513
167,0.949999988079071,0.19009160995483398,0.0010000000474974513
168,0.8999999761581421,0.26620957255363464,0.0010000000474974513
169,0.949999988079071,0.23340579867362976,0.0010000000474974513
170,0.949999988079071,0.14567826688289642,0.0010000000474974513
171,0.949999988079071,0.15278291702270508,0.0010000000474974513
172,0.949999988079071,0.16588780283927917,0.0010000000474974513
173,0.8999999761581421,0.23493392765522003,0.0010000000474974513
174,0.949999988079071,0.23067644238471985,0.0010000000474974513
175,0.949999988079071,0.2516118884086609,0.0010000000474974513
176,1.0,0.18800227344036102,0.0010000000474974513
177,1.0,0.19227060675621033,0.0010000000474974513
178,0.949999988079071,0.25356626510620117,0.0010000000474974513
179,1.0,0.10541434586048126,0.0010000000474974513
180,0.949999988079071,0.17183561623096466,0.0010000000474974513
181,0.949999988079071,0.20250165462493896,0.0010000000474974513
182,0.949999988079071,0.23842021822929382,0.0010000000474974513
183,0.800000011920929,0.29889920353889465,0.0010000000474974513
184,0.949999988079071,0.23007746040821075,0.0010000000474974513
185,0.8999999761581421,0.22114519774913788,0.0010000000474974513
186,0.8999999761581421,0.3288304805755615,0.0010000000474974513
187,0.949999988079071,0.23763203620910645,0.0010000000474974513
188,1.0,0.10006997734308243,0.0010000000474974513
189,0.8999999761581421,0.23694145679473877,0.0010000000474974513
190,0.949999988079071,0.13806888461112976,0.0010000000474974513
191,0.8999999761581421,0.1866213083267212,0.0010000000474974513
192,1.0,0.15298689901828766,0.0010000000474974513
193,1.0,0.12614119052886963,0.0010000000474974513
194,0.949999988079071,0.20737497508525848,0.0010000000474974513
195,1.0,0.1419680267572403,0.0010000000474974513
196,0.949999988079071,0.12241479009389877,0.0010000000474974513
197,0.949999988079071,0.09654199331998825,0.0010000000474974513
198,0.8999999761581421,0.22290083765983582,0.0010000000474974513
199,0.8999999761581421,0.20157627761363983,0.0010000000474974513
200,0.8999999761581421,0.2572910189628601,0.0010000000474974513
201,0.949999988079071,0.17950904369354248,0.0010000000474974513
202,0.949999988079071,0.14225256443023682,0.0010000000474974513
203,0.949999988079071,0.14694055914878845,0.0010000000474974513
204,0.949999988079071,0.1574202924966812,0.0010000000474974513
205,0.8999999761581421,0.2724311053752899,0.0010000000474974513
206,0.949999988079071,0.26350873708724976,0.0010000000474974513
207,0.8999999761581421,0.31016185879707336,0.0010000000474974513
208,1.0,0.19070254266262054,0.0010000000474974513
209,0.949999988079071,0.17516843974590302,0.0010000000474974513
210,1.0,0.13317149877548218,0.0010000000474974513
211,1.0,0.11372824758291245,0.0010000000474974513
212,0.949999988079071,0.19320553541183472,0.0010000000474974513
213,1.0,0.1401388943195343,0.0010000000474974513
214,1.0,0.06324140727519989,0.0010000000474974513
215,0.949999988079071,0.16188985109329224,0.0010000000474974513
216,0.8999999761581421,0.21863174438476562,0.0010000000474974513
217,0.8999999761581421,0.22025935351848602,0.0010000000474974513
218,1.0,0.1327270269393921,0.0010000000474974513
219,1.0,0.09639400243759155,0.0010000000474974513
220,1.0,0.09529102593660355,0.0010000000474974513
221,1.0,0.12378696352243423,0.0010000000474974513
222,0.8999999761581421,0.2169676274061203,0.0010000000474974513
223,0.949999988079071,0.15397843718528748,0.0010000000474974513
224,0.949999988079071,0.15625548362731934,0.0010000000474974513
225,0.949999988079071,0.12611818313598633,0.0010000000474974513
226,0.949999988079071,0.21409335732460022,0.0010000000474974513
227,1.0,0.09013637155294418,0.0010000000474974513
228,0.949999988079071,0.23568253219127655,0.0010000000474974513
229,1.0,0.11711623519659042,0.0010000000474974513
230,0.8999999761581421,0.22242140769958496,0.0010000000474974513
231,1.0,0.1112375259399414,0.0010000000474974513
232,0.949999988079071,0.12996737658977509,0.0010000000474974513
233,0.949999988079071,0.09514082223176956,0.0010000000474974513
234,0.8999999761581421,0.3173374533653259,0.0010000000474974513
235,1.0,0.13869261741638184,0.0010000000474974513
236,0.949999988079071,0.178953617811203,0.0010000000474974513
237,1.0,0.17408637702465057,0.0010000000474974513
238,1.0,0.1546754539012909,0.0010000000474974513
239,1.0,0.12172522395849228,0.0010000000474974513
240,1.0,0.1395597755908966,0.0010000000474974513
241,0.949999988079071,0.1322818249464035,0.0010000000474974513
242,0.949999988079071,0.15412122011184692,0.0010000000474974513
243,1.0,0.09368883073329926,0.0010000000474974513
244,1.0,0.07230360805988312,0.0010000000474974513
245,1.0,0.10597477108240128,0.0010000000474974513
246,1.0,0.1308729350566864,0.0010000000474974513
247,0.949999988079071,0.1847892552614212,0.0010000000474974513
248,1.0,0.129779651761055,0.0010000000474974513
249,1.0,0.1265036016702652,0.0010000000474974513
250,1.0,0.16078326106071472,0.0010000000474974513
251,1.0,0.07951869070529938,0.0010000000474974513
252,1.0,0.11305002123117447,0.0010000000474974513
253,0.8999999761581421,0.18685860931873322,0.0010000000474974513
254,0.949999988079071,0.22382871806621552,0.0010000000474974513
255,0.949999988079071,0.16238079965114594,0.0010000000474974513
256,0.949999988079071,0.14177092909812927,0.0010000000474974513
257,1.0,0.1414719671010971,0.0010000000474974513
258,0.949999988079071,0.13786114752292633,0.0010000000474974513
259,0.8999999761581421,0.27187246084213257,0.0010000000474974513
260,0.949999988079071,0.12847334146499634,0.0010000000474974513
261,1.0,0.15645280480384827,0.0010000000474974513
262,1.0,0.13162025809288025,0.0010000000474974513
263,1.0,0.0841696560382843,0.0010000000474974513
264,1.0,0.09707692265510559,0.0010000000474974513
265,1.0,0.05909999459981918,0.0005000000237487257
266,1.0,0.05489950254559517,0.0005000000237487257
267,1.0,0.03565121814608574,0.0005000000237487257
268,1.0,0.053338777273893356,0.0005000000237487257
269,1.0,0.0798046812415123,0.0005000000237487257
270,1.0,0.06810791790485382,0.0005000000237487257
271,1.0,0.07038138061761856,0.0005000000237487257
272,1.0,0.08022018522024155,0.0005000000237487257
273,1.0,0.06657285243272781,0.0005000000237487257
274,1.0,0.05333373695611954,0.0005000000237487257
275,1.0,0.041434552520513535,0.0005000000237487257
276,1.0,0.045403722673654556,0.0005000000237487257
277,0.949999988079071,0.16527584195137024,0.0005000000237487257
278,1.0,0.05894571542739868,0.0005000000237487257
279,1.0,0.056819964200258255,0.0005000000237487257
280,1.0,0.06414370983839035,0.0005000000237487257
281,1.0,0.04523884877562523,0.0005000000237487257
282,1.0,0.09914854168891907,0.0005000000237487257
283,1.0,0.03775913640856743,0.0005000000237487257
284,1.0,0.03317997232079506,0.0005000000237487257
285,1.0,0.0645107850432396,0.0005000000237487257
286,1.0,0.05852603167295456,0.0005000000237487257
287,1.0,0.0359821692109108,0.0005000000237487257
288,1.0,0.031595226377248764,0.0005000000237487257
289,1.0,0.0561378113925457,0.0005000000237487257
290,1.0,0.04723743349313736,0.0005000000237487257
291,1.0,0.06306107342243195,0.0005000000237487257
292,1.0,0.04629374295473099,0.0005000000237487257
293,1.0,0.08829285949468613,0.0005000000237487257
294,1.0,0.07734538614749908,0.0005000000237487257
295,0.8999999761581421,0.30083125829696655,0.0005000000237487257
296,0.8999999761581421,0.2762077748775482,0.0005000000237487257
297,0.8999999761581421,0.2627667486667633,0.0005000000237487257
298,0.949999988079071,0.21216818690299988,0.0005000000237487257
299,1.0,0.1048407331109047,0.0005000000237487257
300,1.0,0.11272523552179337,0.0005000000237487257
301,1.0,0.07505365461111069,0.0005000000237487257
302,1.0,0.10486683994531631,0.0005000000237487257
303,1.0,0.0887724906206131,0.0005000000237487257
304,1.0,0.057259105145931244,0.0005000000237487257
305,1.0,0.047508515417575836,0.0005000000237487257
306,1.0,0.07506899535655975,0.0005000000237487257
307,1.0,0.09685683995485306,0.0005000000237487257
308,1.0,0.05927097052335739,0.0005000000237487257
309,1.0,0.08223170042037964,0.0005000000237487257
310,1.0,0.07142394036054611,0.0005000000237487257
311,1.0,0.06098882108926773,0.0005000000237487257
312,1.0,0.04480433464050293,0.0005000000237487257
313,1.0,0.0581708624958992,0.0005000000237487257
314,1.0,0.07113149762153625,0.0005000000237487257
315,1.0,0.03514033555984497,0.0005000000237487257
316,1.0,0.05557674169540405,0.0005000000237487257
317,1.0,0.07610094547271729,0.0005000000237487257
318,1.0,0.08723542839288712,0.0005000000237487257
319,1.0,0.036251358687877655,0.0005000000237487257
320,1.0,0.13146407902240753,0.0005000000237487257
321,0.949999988079071,0.10906003415584564,0.0005000000237487257
322,1.0,0.07780613005161285,0.0005000000237487257
323,1.0,0.1273980438709259,0.0005000000237487257
324,1.0,0.04506007581949234,0.0005000000237487257
325,0.949999988079071,0.09499071538448334,0.0005000000237487257
326,1.0,0.06157008558511734,0.0005000000237487257
327,1.0,0.047175757586956024,0.0005000000237487257
328,1.0,0.05746106430888176,0.0005000000237487257
329,1.0,0.04143565893173218,0.0005000000237487257
330,1.0,0.05724819749593735,0.0005000000237487257
331,1.0,0.07004083693027496,0.0005000000237487257
332,1.0,0.06883691996335983,0.0005000000237487257
333,1.0,0.03318050876259804,0.0005000000237487257
334,1.0,0.03383401781320572,0.0005000000237487257
335,1.0,0.03199737146496773,0.0005000000237487257
336,1.0,0.035681258887052536,0.0005000000237487257
337,1.0,0.05123639106750488,0.0005000000237487257
338,1.0,0.024010291323065758,0.0005000000237487257
339,1.0,0.09776224195957184,0.0005000000237487257
340,1.0,0.09246593713760376,0.0005000000237487257
341,1.0,0.0492931567132473,0.0005000000237487257
342,0.949999988079071,0.10149940103292465,0.0005000000237487257
343,1.0,0.07671396434307098,0.0005000000237487257
344,1.0,0.032421667128801346,0.0005000000237487257
345,1.0,0.11261161416769028,0.0005000000237487257
346,1.0,0.07171983271837234,0.0005000000237487257
347,1.0,0.10221821069717407,0.0005000000237487257
348,1.0,0.053215283900499344,0.0005000000237487257
349,1.0,0.07107134163379669,0.0005000000237487257
350,1.0,0.04401030391454697,0.0005000000237487257
351,1.0,0.03561299294233322,0.0005000000237487257
352,1.0,0.05829954147338867,0.0005000000237487257
353,1.0,0.042635463178157806,0.0005000000237487257
354,1.0,0.052129387855529785,0.0005000000237487257
355,1.0,0.03286566585302353,0.0005000000237487257
356,1.0,0.041364748030900955,0.0005000000237487257
357,1.0,0.03483095020055771,0.0005000000237487257
358,1.0,0.043617378920316696,0.0005000000237487257
359,1.0,0.025397267192602158,0.0005000000237487257
360,0.949999988079071,0.15487773716449738,0.0005000000237487257
361,1.0,0.07128368318080902,0.0005000000237487257
362,1.0,0.07078401744365692,0.0005000000237487257
363,1.0,0.044880982488393784,0.0005000000237487257
364,1.0,0.06933314353227615,0.0005000000237487257
365,0.949999988079071,0.09384659677743912,0.0005000000237487257
366,0.949999988079071,0.1176442876458168,0.0005000000237487257
367,0.949999988079071,0.15368779003620148,0.0005000000237487257
368,1.0,0.06263186037540436,0.0005000000237487257
369,1.0,0.07849519699811935,0.0005000000237487257
370,1.0,0.04771662876009941,0.0005000000237487257
371,1.0,0.061530184000730515,0.0005000000237487257
372,1.0,0.04735790938138962,0.0005000000237487257
373,1.0,0.04524186998605728,0.0005000000237487257
374,1.0,0.024834798648953438,0.0005000000237487257
375,1.0,0.03549367934465408,0.0005000000237487257
376,1.0,0.041832245886325836,0.0005000000237487257
377,1.0,0.02496182918548584,0.0005000000237487257
378,1.0,0.02786174975335598,0.0005000000237487257
379,1.0,0.034753959625959396,0.0005000000237487257
380,1.0,0.037309981882572174,0.0005000000237487257
381,1.0,0.015656406059861183,0.0005000000237487257
382,1.0,0.042199332267045975,0.0005000000237487257
383,1.0,0.018430789932608604,0.0005000000237487257
384,1.0,0.05595238134264946,0.0005000000237487257
385,1.0,0.027091551572084427,0.0005000000237487257
386,1.0,0.027443230152130127,0.0005000000237487257
387,1.0,0.022104300558567047,0.0005000000237487257
388,1.0,0.030837541446089745,0.0005000000237487257
389,1.0,0.04373686760663986,0.0005000000237487257
390,1.0,0.03627845644950867,0.0005000000237487257
391,1.0,0.02856048382818699,0.0005000000237487257
392,1.0,0.028080880641937256,0.0005000000237487257
393,1.0,0.03597958758473396,0.0005000000237487257
394,1.0,0.02910730615258217,0.0005000000237487257
395,1.0,0.022049229592084885,0.0005000000237487257
396,1.0,0.021963469684123993,0.0005000000237487257
397,1.0,0.024581046774983406,0.0005000000237487257
398,1.0,0.02863972820341587,0.0005000000237487257
399,1.0,0.033937953412532806,0.0005000000237487257
400,1.0,0.029146859422326088,0.0005000000237487257
401,1.0,0.031651176512241364,0.0005000000237487257
402,1.0,0.026938360184431076,0.0005000000237487257
403,1.0,0.024593695998191833,0.0005000000237487257
404,1.0,0.01956985518336296,0.0005000000237487257
405,1.0,0.03923887759447098,0.0005000000237487257
406,1.0,0.06893778592348099,0.0005000000237487257
407,1.0,0.0364081934094429,0.0005000000237487257
408,1.0,0.036299269646406174,0.0005000000237487257
409,1.0,0.052290040999650955,0.0005000000237487257
410,0.949999988079071,0.07658402621746063,0.0005000000237487257
411,1.0,0.06272407621145248,0.0005000000237487257
412,1.0,0.0312897264957428,0.0005000000237487257
413,1.0,0.05691134184598923,0.0005000000237487257
414,1.0,0.026539325714111328,0.0005000000237487257
415,1.0,0.0327196903526783,0.0005000000237487257
416,1.0,0.02244444191455841,0.0005000000237487257
417,1.0,0.01530209369957447,0.0005000000237487257
418,1.0,0.024995148181915283,0.0005000000237487257
419,1.0,0.017586279660463333,0.0005000000237487257
420,1.0,0.023672863841056824,0.0005000000237487257
421,1.0,0.027706393972039223,0.0005000000237487257
422,1.0,0.020871955901384354,0.0005000000237487257
423,1.0,0.04150211066007614,0.0005000000237487257
424,1.0,0.05783911421895027,0.0005000000237487257
425,0.800000011920929,0.3447936177253723,0.0005000000237487257
426,0.949999988079071,0.17566528916358948,0.0005000000237487257
427,0.8500000238418579,0.2672085464000702,0.0005000000237487257
428,1.0,0.09540834277868271,0.0005000000237487257
429,1.0,0.05787781625986099,0.0005000000237487257
430,1.0,0.06867820024490356,0.0005000000237487257
431,0.949999988079071,0.18164511024951935,0.0005000000237487257
432,0.949999988079071,0.17043325304985046,0.0005000000237487257
433,0.949999988079071,0.1699906289577484,0.0005000000237487257
434,0.949999988079071,0.13212430477142334,0.0005000000237487257
435,1.0,0.08473361283540726,0.0005000000237487257
436,1.0,0.030620306730270386,0.0005000000237487257
437,1.0,0.061714671552181244,0.0005000000237487257
438,1.0,0.03788860887289047,0.0005000000237487257
439,1.0,0.04714874178171158,0.0005000000237487257
440,1.0,0.03306218981742859,0.0005000000237487257
441,1.0,0.05733269453048706,0.0005000000237487257
442,1.0,0.07452462613582611,0.0005000000237487257
443,1.0,0.038177989423274994,0.0005000000237487257
444,1.0,0.06655710935592651,0.0005000000237487257
445,1.0,0.05040806531906128,0.0005000000237487257
446,1.0,0.032951485365629196,0.0005000000237487257
447,1.0,0.023023124784231186,0.0005000000237487257
448,1.0,0.03512733802199364,0.0005000000237487257
449,1.0,0.030236799269914627,0.0005000000237487257
450,1.0,0.025366107001900673,0.0005000000237487257
451,1.0,0.024737272411584854,0.0005000000237487257
452,1.0,0.04103605076670647,0.0005000000237487257
453,1.0,0.023384060710668564,0.0005000000237487257
454,1.0,0.029232388362288475,0.0005000000237487257
455,1.0,0.022075515240430832,0.0005000000237487257
456,1.0,0.060176409780979156,0.0005000000237487257
457,1.0,0.029619434848427773,0.0005000000237487257
458,1.0,0.026918882504105568,0.0005000000237487257
459,1.0,0.030394896864891052,0.0005000000237487257
460,1.0,0.03221927210688591,0.0005000000237487257
461,1.0,0.04413920268416405,0.0005000000237487257
462,1.0,0.035433329641819,0.0005000000237487257
463,1.0,0.0250844843685627,0.0005000000237487257
464,1.0,0.046614743769168854,0.0005000000237487257
465,1.0,0.03232378140091896,0.0005000000237487257
466,1.0,0.07136653363704681,0.0005000000237487257
467,1.0,0.06657066196203232,0.0005000000237487257
468,1.0,0.04895438626408577,0.0002500000118743628
469,1.0,0.040462858974933624,0.0002500000118743628
470,1.0,0.024553248658776283,0.0002500000118743628
471,1.0,0.025844896212220192,0.0002500000118743628
472,1.0,0.03169310837984085,0.0002500000118743628
473,1.0,0.022695766761898994,0.0002500000118743628
474,1.0,0.017229722812771797,0.0002500000118743628
475,1.0,0.024716457352042198,0.0002500000118743628
476,1.0,0.02590830996632576,0.0002500000118743628
477,1.0,0.016048163175582886,0.0002500000118743628
478,1.0,0.02058253064751625,0.0002500000118743628
479,1.0,0.017306581139564514,0.0002500000118743628
480,1.0,0.019867481663823128,0.0002500000118743628
481,1.0,0.011934963054955006,0.0002500000118743628
482,1.0,0.01754564419388771,0.0002500000118743628
483,1.0,0.02760809101164341,0.0002500000118743628
484,1.0,0.01849101111292839,0.0002500000118743628
485,1.0,0.027828508988022804,0.0002500000118743628
486,1.0,0.02024346962571144,0.0002500000118743628
487,1.0,0.033450476825237274,0.0002500000118743628
488,1.0,0.019045863300561905,0.0002500000118743628
489,1.0,0.01606173627078533,0.0002500000118743628
490,1.0,0.029348477721214294,0.0002500000118743628
491,1.0,0.0233414676040411,0.0002500000118743628
492,1.0,0.015446985140442848,0.0002500000118743628
493,1.0,0.022128816694021225,0.0002500000118743628
494,1.0,0.02119729295372963,0.0002500000118743628
495,1.0,0.021659348160028458,0.0002500000118743628
496,1.0,0.02496841922402382,0.0002500000118743628
497,1.0,0.019303467124700546,0.0002500000118743628
498,1.0,0.01368549931794405,0.0002500000118743628
499,1.0,0.01423054002225399,0.0002500000118743628
500,1.0,0.01143568754196167,0.0002500000118743628
501,1.0,0.015254074707627296,0.0002500000118743628
502,1.0,0.02035481110215187,0.0002500000118743628
503,1.0,0.02210516482591629,0.0002500000118743628
504,1.0,0.02395811304450035,0.0002500000118743628
505,1.0,0.016296157613396645,0.0002500000118743628
506,1.0,0.05407539755105972,0.0002500000118743628
507,1.0,0.013021339662373066,0.0002500000118743628
508,1.0,0.020508214831352234,0.0002500000118743628
509,1.0,0.021474217996001244,0.0002500000118743628
510,1.0,0.025639256462454796,0.0002500000118743628
511,1.0,0.019925829023122787,0.0002500000118743628
512,1.0,0.018147382885217667,0.0002500000118743628
513,1.0,0.012304101139307022,0.0002500000118743628
514,1.0,0.017343606799840927,0.0002500000118743628
515,1.0,0.013613362796604633,0.0002500000118743628
516,1.0,0.02406061254441738,0.0002500000118743628
517,1.0,0.01892215572297573,0.0002500000118743628
518,1.0,0.014083007350564003,0.0002500000118743628
519,1.0,0.022439371794462204,0.0002500000118743628
520,1.0,0.016546182334423065,0.0002500000118743628
521,1.0,0.02029019594192505,0.0002500000118743628
522,1.0,0.01514839380979538,0.0002500000118743628
523,1.0,0.031277842819690704,0.0002500000118743628
524,1.0,0.02588544227182865,0.0002500000118743628
525,1.0,0.03474798426032066,0.0002500000118743628
526,1.0,0.048728395253419876,0.0002500000118743628
527,1.0,0.03433966636657715,0.0002500000118743628
528,1.0,0.010777963325381279,0.0002500000118743628
529,1.0,0.024096591398119926,0.0002500000118743628
530,1.0,0.015512129291892052,0.0002500000118743628
531,1.0,0.039576705545186996,0.0002500000118743628
532,1.0,0.022594990208745003,0.0002500000118743628
533,1.0,0.022608788684010506,0.0002500000118743628
534,1.0,0.03211355581879616,0.0002500000118743628
535,1.0,0.024372953921556473,0.0002500000118743628
536,1.0,0.028917009010910988,0.0002500000118743628
537,1.0,0.01941271871328354,0.0002500000118743628
538,1.0,0.017615700140595436,0.0002500000118743628
539,1.0,0.01496846228837967,0.0002500000118743628
540,1.0,0.012114214710891247,0.0002500000118743628
541,1.0,0.019675154238939285,0.0002500000118743628
542,1.0,0.017285076901316643,0.0002500000118743628
543,1.0,0.01210787519812584,0.0002500000118743628
544,1.0,0.015161390416324139,0.0002500000118743628
545,1.0,0.009740650653839111,0.0002500000118743628
546,1.0,0.026527728885412216,0.0002500000118743628
547,1.0,0.009718135930597782,0.0002500000118743628
548,1.0,0.019034946337342262,0.0002500000118743628
549,1.0,0.011846003122627735,0.0002500000118743628
550,1.0,0.013303065672516823,0.0002500000118743628
551,1.0,0.03369688615202904,0.0002500000118743628
552,1.0,0.020314723253250122,0.0002500000118743628
553,1.0,0.021142542362213135,0.0002500000118743628
554,1.0,0.01117946021258831,0.0002500000118743628
555,1.0,0.015316911041736603,0.0002500000118743628
556,1.0,0.02118728682398796,0.0002500000118743628
557,1.0,0.011667728424072266,0.0002500000118743628
558,1.0,0.018783867359161377,0.0002500000118743628
559,1.0,0.010265730321407318,0.0002500000118743628
560,1.0,0.014879828318953514,0.0002500000118743628
561,1.0,0.019950004294514656,0.0002500000118743628
562,1.0,0.011797876097261906,0.0002500000118743628
563,1.0,0.017269035801291466,0.0002500000118743628
564,1.0,0.012019982561469078,0.0002500000118743628
565,1.0,0.008323388174176216,0.0002500000118743628
566,1.0,0.011861348524689674,0.0002500000118743628
567,1.0,0.008199642412364483,0.0002500000118743628
568,1.0,0.009547257795929909,0.0002500000118743628
569,1.0,0.036758072674274445,0.0002500000118743628
570,1.0,0.018437610939145088,0.0002500000118743628
571,1.0,0.018068039789795876,0.0002500000118743628
572,1.0,0.01030522771179676,0.0002500000118743628
573,1.0,0.013023081235587597,0.0002500000118743628
574,1.0,0.006803466938436031,0.0002500000118743628
575,1.0,0.011869991198182106,0.0002500000118743628
576,1.0,0.02106437459588051,0.0002500000118743628
577,1.0,0.010119901038706303,0.0002500000118743628
578,1.0,0.013007293455302715,0.0002500000118743628
579,1.0,0.011380983516573906,0.0002500000118743628
580,1.0,0.036211200058460236,0.0002500000118743628
581,1.0,0.008027110248804092,0.0002500000118743628
582,1.0,0.015261572785675526,0.0002500000118743628
583,1.0,0.011563808657228947,0.0002500000118743628
584,1.0,0.023117901757359505,0.0002500000118743628
585,1.0,0.013308820314705372,0.0002500000118743628
586,1.0,0.03120078705251217,0.0002500000118743628
587,1.0,0.00908514391630888,0.0002500000118743628
588,1.0,0.018512040376663208,0.0002500000118743628
589,1.0,0.015491249039769173,0.0002500000118743628
590,1.0,0.028502732515335083,0.0002500000118743628
591,1.0,0.01650395058095455,0.0002500000118743628
592,1.0,0.014663313515484333,0.0002500000118743628
593,1.0,0.014389483258128166,0.0002500000118743628
594,1.0,0.013908256776630878,0.0002500000118743628
595,1.0,0.014330126345157623,0.0002500000118743628
596,1.0,0.014628690667450428,0.0002500000118743628
597,1.0,0.013773101381957531,0.0002500000118743628
598,1.0,0.009866919368505478,0.0002500000118743628
599,1.0,0.012384789064526558,0.0002500000118743628
600,1.0,0.009397614747285843,0.0002500000118743628
601,1.0,0.01722453348338604,0.0002500000118743628
602,1.0,0.011259140446782112,0.0002500000118743628
603,1.0,0.028268903493881226,0.0002500000118743628
604,1.0,0.04561014100909233,0.0002500000118743628
605,1.0,0.054832279682159424,0.0002500000118743628
606,1.0,0.02950039505958557,0.0002500000118743628
607,1.0,0.02187614142894745,0.0002500000118743628
608,1.0,0.05629544332623482,0.0002500000118743628
609,1.0,0.049009934067726135,0.0002500000118743628
610,1.0,0.023562010377645493,0.0002500000118743628
611,1.0,0.07107735425233841,0.0002500000118743628
612,1.0,0.0315626859664917,0.0002500000118743628
613,1.0,0.0507010743021965,0.0002500000118743628
614,1.0,0.02973913587629795,0.0002500000118743628
615,1.0,0.02216050773859024,0.0002500000118743628
616,1.0,0.015561757609248161,0.0002500000118743628
617,1.0,0.006309474352747202,0.0002500000118743628
618,1.0,0.021811719983816147,0.0002500000118743628
619,1.0,0.016631416976451874,0.0002500000118743628
620,1.0,0.011150822974741459,0.0002500000118743628
621,1.0,0.008806167170405388,0.0002500000118743628
622,1.0,0.027041342109441757,0.0002500000118743628
623,1.0,0.01729954592883587,0.0002500000118743628
624,1.0,0.014783103950321674,0.0002500000118743628
625,1.0,0.015686729922890663,0.0002500000118743628
626,1.0,0.01593470200896263,0.0002500000118743628
627,1.0,0.006223747972398996,0.0002500000118743628
628,1.0,0.02150922268629074,0.0002500000118743628
629,1.0,0.009152760729193687,0.0002500000118743628
630,1.0,0.0144160445779562,0.0002500000118743628
631,1.0,0.010764002799987793,0.0002500000118743628
632,1.0,0.009393876418471336,0.0002500000118743628
633,1.0,0.009104814380407333,0.0002500000118743628
634,1.0,0.01001087948679924,0.0002500000118743628
635,1.0,0.009164116345345974,0.0002500000118743628
636,1.0,0.006750497035682201,0.0002500000118743628
637,1.0,0.00758975837379694,0.0002500000118743628
638,1.0,0.00840861164033413,0.0002500000118743628
639,1.0,0.010122956708073616,0.0002500000118743628
640,1.0,0.007653865963220596,0.0002500000118743628
641,1.0,0.009958718903362751,0.0002500000118743628
642,1.0,0.014427855610847473,0.0002500000118743628
643,1.0,0.006876260042190552,0.0002500000118743628
644,1.0,0.009308607317507267,0.0002500000118743628
645,1.0,0.0062162009999156,0.0002500000118743628
646,1.0,0.005362226627767086,0.0002500000118743628
647,1.0,0.01508584339171648,0.0002500000118743628
648,1.0,0.01000647246837616,0.0002500000118743628
649,1.0,0.006646590773016214,0.0002500000118743628
650,1.0,0.010162798687815666,0.0002500000118743628
651,1.0,0.005918622016906738,0.0002500000118743628
652,1.0,0.00494732428342104,0.0002500000118743628
653,1.0,0.005662392824888229,0.0002500000118743628
654,1.0,0.010208537802100182,0.0002500000118743628
655,1.0,0.013276438228785992,0.0002500000118743628
656,1.0,0.005042474716901779,0.0002500000118743628
657,1.0,0.00690423185005784,0.0002500000118743628
658,1.0,0.005756931379437447,0.0002500000118743628
659,1.0,0.010269992053508759,0.0002500000118743628
660,1.0,0.01499523501843214,0.0002500000118743628
661,1.0,0.012445645406842232,0.0002500000118743628
662,1.0,0.011808324605226517,0.0002500000118743628
663,1.0,0.009447559714317322,0.0002500000118743628
664,1.0,0.03159888833761215,0.0002500000118743628
665,1.0,0.008537666872143745,0.0002500000118743628
666,1.0,0.01648908667266369,0.0002500000118743628
667,1.0,0.012723198160529137,0.0002500000118743628
668,1.0,0.009296806529164314,0.0002500000118743628
669,1.0,0.010367818176746368,0.0002500000118743628
670,1.0,0.011629292741417885,0.0002500000118743628
671,1.0,0.008301050402224064,0.0002500000118743628
672,1.0,0.005893410183489323,0.0002500000118743628
673,1.0,0.011642294935882092,0.0002500000118743628
674,1.0,0.006239935755729675,0.0002500000118743628
675,1.0,0.0071828304789960384,0.0002500000118743628
676,1.0,0.006213885731995106,0.0002500000118743628
677,1.0,0.007576865144073963,0.0002500000118743628
678,1.0,0.01044689305126667,0.0002500000118743628
679,1.0,0.013118709437549114,0.0002500000118743628
680,1.0,0.008014095947146416,0.0002500000118743628
681,1.0,0.006877142004668713,0.0002500000118743628
682,1.0,0.007251528091728687,0.0002500000118743628
683,1.0,0.0050256699323654175,0.0002500000118743628
684,1.0,0.010322107002139091,0.0002500000118743628
685,1.0,0.007698665373027325,0.0002500000118743628
686,1.0,0.00944388099014759,0.0002500000118743628
687,1.0,0.008661624975502491,0.0002500000118743628
688,1.0,0.00782211683690548,0.0002500000118743628
689,1.0,0.006077791564166546,0.0002500000118743628
690,1.0,0.008472044952213764,0.0002500000118743628
691,1.0,0.01044503040611744,0.0002500000118743628
692,1.0,0.007427302189171314,0.0002500000118743628
693,1.0,0.006872955709695816,0.0002500000118743628
694,1.0,0.008617057465016842,0.0002500000118743628
695,1.0,0.0062685138545930386,0.0002500000118743628
696,1.0,0.008041885681450367,0.0002500000118743628
697,1.0,0.02040693536400795,0.0002500000118743628
698,1.0,0.016163943335413933,0.0002500000118743628
699,1.0,0.014046220108866692,0.0002500000118743628
700,1.0,0.015278478153049946,0.0002500000118743628
701,1.0,0.007824384607374668,0.0002500000118743628
702,1.0,0.009616604074835777,0.0002500000118743628
703,1.0,0.009228864684700966,0.0001250000059371814
704,1.0,0.007579576224088669,0.0001250000059371814
705,1.0,0.00486992159858346,0.0001250000059371814
706,1.0,0.019085686653852463,0.0001250000059371814
707,1.0,0.005925544071942568,0.0001250000059371814
708,1.0,0.0070284889079630375,0.0001250000059371814
709,1.0,0.007204894907772541,0.0001250000059371814
710,1.0,0.004066354129463434,0.0001250000059371814
711,1.0,0.005749375093728304,0.0001250000059371814
712,1.0,0.00338711217045784,0.0001250000059371814
713,1.0,0.0053979167714715,0.0001250000059371814
714,1.0,0.0047855256125330925,0.0001250000059371814
715,1.0,0.004803231917321682,0.0001250000059371814
716,1.0,0.007194805890321732,0.0001250000059371814
717,1.0,0.004720061086118221,0.0001250000059371814
718,1.0,0.006081690546125174,0.0001250000059371814
719,1.0,0.007005388382822275,0.0001250000059371814
720,1.0,0.009091383777558804,0.0001250000059371814
721,1.0,0.006304035894572735,0.0001250000059371814
722,1.0,0.014209483750164509,0.0001250000059371814
723,1.0,0.01027984730899334,0.0001250000059371814
724,1.0,0.0127726374194026,0.0001250000059371814
725,1.0,0.006591922137886286,0.0001250000059371814
726,1.0,0.0058748601004481316,0.0001250000059371814
727,1.0,0.005524494685232639,0.0001250000059371814
728,1.0,0.014178740791976452,0.0001250000059371814
729,1.0,0.011173451319336891,0.0001250000059371814
730,1.0,0.005276026204228401,0.0001250000059371814
731,1.0,0.003853909205645323,0.0001250000059371814
732,1.0,0.004974982235580683,0.0001250000059371814
733,1.0,0.008120880462229252,0.0001250000059371814
734,1.0,0.005209668539464474,0.0001250000059371814
735,1.0,0.0047821709886193275,0.0001250000059371814
736,1.0,0.004905421752482653,0.0001250000059371814
737,1.0,0.00606298353523016,0.0001250000059371814
738,1.0,0.004674925003200769,0.0001250000059371814
739,1.0,0.0046713766641914845,0.0001250000059371814
740,1.0,0.009097492322325706,0.0001250000059371814
741,1.0,0.008098558522760868,0.0001250000059371814
742,1.0,0.011911160312592983,0.0001250000059371814
743,1.0,0.0033978812862187624,0.0001250000059371814
744,1.0,0.009882220067083836,0.0001250000059371814
745,1.0,0.004209619481116533,0.0001250000059371814
746,1.0,0.00784077774733305,0.0001250000059371814
747,1.0,0.00869852863252163,0.0001250000059371814
748,1.0,0.004781982861459255,0.0001250000059371814
749,1.0,0.006850440986454487,0.0001250000059371814
750,1.0,0.005384068004786968,0.0001250000059371814
751,1.0,0.0075329928658902645,0.0001250000059371814
752,1.0,0.015630220994353294,0.0001250000059371814
753,1.0,0.019040700048208237,0.0001250000059371814
754,1.0,0.01193032506853342,0.0001250000059371814
755,1.0,0.009039931930601597,0.0001250000059371814
756,1.0,0.008236616849899292,0.0001250000059371814
757,1.0,0.005681431852281094,0.0001250000059371814
758,1.0,0.004324533510953188,0.0001250000059371814
759,1.0,0.0039965324103832245,0.0001250000059371814
760,1.0,0.004715398419648409,0.0001250000059371814
761,1.0,0.009723435156047344,0.0001250000059371814
762,1.0,0.006119015626609325,0.0001250000059371814
763,1.0,0.015859421342611313,9.999999747378752e-05
764,1.0,0.008524262346327305,9.999999747378752e-05
765,1.0,0.005843235645443201,9.999999747378752e-05
766,1.0,0.006918853614479303,9.999999747378752e-05
767,1.0,0.003364669857546687,9.999999747378752e-05
768,1.0,0.005418913904577494,9.999999747378752e-05
769,1.0,0.00291251577436924,9.999999747378752e-05
770,1.0,0.006351080723106861,9.999999747378752e-05
771,1.0,0.005909315310418606,9.999999747378752e-05
772,1.0,0.007446520030498505,9.999999747378752e-05
773,1.0,0.004824197851121426,9.999999747378752e-05
774,1.0,0.004464580677449703,9.999999747378752e-05
775,1.0,0.00630206149071455,9.999999747378752e-05
776,1.0,0.00628768652677536,9.999999747378752e-05
777,1.0,0.0040205130353569984,9.999999747378752e-05
778,1.0,0.005141506437212229,9.999999747378752e-05
779,1.0,0.003250399138778448,9.999999747378752e-05
780,1.0,0.0065891011618077755,9.999999747378752e-05
781,1.0,0.014606446027755737,9.999999747378752e-05
782,1.0,0.007727102842181921,9.999999747378752e-05
783,1.0,0.005516725592315197,9.999999747378752e-05
784,1.0,0.0067888586781919,9.999999747378752e-05
785,1.0,0.004807052202522755,9.999999747378752e-05
786,1.0,0.004662128631025553,9.999999747378752e-05
787,1.0,0.005011571571230888,9.999999747378752e-05
788,1.0,0.006213287822902203,9.999999747378752e-05
789,1.0,0.004089711233973503,9.999999747378752e-05
790,1.0,0.004811072256416082,9.999999747378752e-05
791,1.0,0.005041356664150953,9.999999747378752e-05
792,1.0,0.01011931337416172,9.999999747378752e-05
793,1.0,0.006427618209272623,9.999999747378752e-05
794,1.0,0.0035735953133553267,9.999999747378752e-05
795,1.0,0.007288627326488495,9.999999747378752e-05
796,1.0,0.0071464404463768005,9.999999747378752e-05
797,1.0,0.006643557455390692,9.999999747378752e-05
798,1.0,0.002625503111630678,9.999999747378752e-05
799,1.0,0.0054067932069301605,9.999999747378752e-05
800,1.0,0.0074934870935976505,9.999999747378752e-05
801,1.0,0.006691053509712219,9.999999747378752e-05
802,1.0,0.019403602927923203,9.999999747378752e-05
803,1.0,0.007776020560413599,9.999999747378752e-05
804,1.0,0.007315382361412048,9.999999747378752e-05
805,1.0,0.008430195972323418,9.999999747378752e-05
806,1.0,0.007914271205663681,9.999999747378752e-05
807,1.0,0.007114294916391373,9.999999747378752e-05
808,1.0,0.008323879912495613,9.999999747378752e-05
809,1.0,0.013393404893577099,9.999999747378752e-05
810,1.0,0.005649466998875141,9.999999747378752e-05
811,1.0,0.00564961601048708,9.999999747378752e-05
812,1.0,0.00816009659320116,9.999999747378752e-05
813,1.0,0.006420896854251623,9.999999747378752e-05
814,1.0,0.004463383927941322,9.999999747378752e-05
815,1.0,0.00444045290350914,9.999999747378752e-05
816,1.0,0.004794194363057613,9.999999747378752e-05
817,1.0,0.004115556366741657,9.999999747378752e-05
818,1.0,0.005702862050384283,9.999999747378752e-05
819,1.0,0.004768894985318184,9.999999747378752e-05
820,1.0,0.009027361869812012,9.999999747378752e-05
821,1.0,0.0044593107886612415,9.999999747378752e-05
822,1.0,0.004053577780723572,9.999999747378752e-05
823,1.0,0.005504947155714035,9.999999747378752e-05
824,1.0,0.004512989427894354,9.999999747378752e-05
825,1.0,0.006207860074937344,9.999999747378752e-05
826,1.0,0.006542605813592672,9.999999747378752e-05
827,1.0,0.004597177263349295,9.999999747378752e-05
828,1.0,0.005680963397026062,9.999999747378752e-05
829,1.0,0.0048407698050141335,9.999999747378752e-05
830,1.0,0.008652771823108196,9.999999747378752e-05
831,1.0,0.0030616747681051493,9.999999747378752e-05
832,1.0,0.005422153510153294,9.999999747378752e-05
833,1.0,0.008815097622573376,9.999999747378752e-05
834,1.0,0.0056719849817454815,9.999999747378752e-05
835,1.0,0.004073138348758221,9.999999747378752e-05
836,1.0,0.0034396995324641466,9.999999747378752e-05
837,1.0,0.005236128345131874,9.999999747378752e-05
838,1.0,0.004265994764864445,9.999999747378752e-05
839,1.0,0.004827407188713551,9.999999747378752e-05
840,1.0,0.005943948868662119,9.999999747378752e-05
841,1.0,0.005689550191164017,9.999999747378752e-05
842,1.0,0.005082946270704269,9.999999747378752e-05
843,1.0,0.0042344569228589535,9.999999747378752e-05
844,1.0,0.005776751320809126,9.999999747378752e-05
845,1.0,0.0030223994981497526,9.999999747378752e-05
846,1.0,0.00569843128323555,9.999999747378752e-05
847,1.0,0.0054361410439014435,9.999999747378752e-05
848,1.0,0.008105261251330376,9.999999747378752e-05
849,1.0,0.004855116829276085,9.999999747378752e-05
850,1.0,0.005303964018821716,9.999999747378752e-05
851,1.0,0.004163556266576052,9.999999747378752e-05
852,1.0,0.002741518896073103,9.999999747378752e-05
853,1.0,0.003299857024103403,9.999999747378752e-05
854,1.0,0.006974729709327221,9.999999747378752e-05
855,1.0,0.002822450827807188,9.999999747378752e-05
856,1.0,0.004375680815428495,9.999999747378752e-05
857,1.0,0.006530707236379385,9.999999747378752e-05
858,1.0,0.0042239162139594555,9.999999747378752e-05
859,1.0,0.0052264234982430935,9.999999747378752e-05
860,1.0,0.004100162070244551,9.999999747378752e-05
861,1.0,0.019255783408880234,9.999999747378752e-05
862,1.0,0.01786375604569912,9.999999747378752e-05
863,1.0,0.009265166707336903,9.999999747378752e-05
864,1.0,0.013571332208812237,9.999999747378752e-05
865,1.0,0.009834525175392628,9.999999747378752e-05
866,1.0,0.008874772116541862,9.999999747378752e-05
867,1.0,0.0041456883773207664,9.999999747378752e-05
868,1.0,0.00854737963527441,9.999999747378752e-05
869,1.0,0.004653314594179392,9.999999747378752e-05
870,1.0,0.016557732596993446,9.999999747378752e-05
871,1.0,0.005266481079161167,9.999999747378752e-05
872,1.0,0.010401909239590168,9.999999747378752e-05
873,1.0,0.008621110580861568,9.999999747378752e-05
874,1.0,0.005569538567215204,9.999999747378752e-05
875,1.0,0.0055527756921947,9.999999747378752e-05
876,1.0,0.010966317728161812,9.999999747378752e-05
877,1.0,0.00400451710447669,9.999999747378752e-05
878,1.0,0.006875752005726099,9.999999747378752e-05
879,1.0,0.013505185022950172,9.999999747378752e-05
880,1.0,0.005800694227218628,9.999999747378752e-05
881,1.0,0.006860548164695501,9.999999747378752e-05
882,1.0,0.0019845173228532076,9.999999747378752e-05
883,1.0,0.005170007236301899,9.999999747378752e-05
884,1.0,0.005216232966631651,9.999999747378752e-05
885,1.0,0.0039466978050768375,9.999999747378752e-05
886,1.0,0.004132435657083988,9.999999747378752e-05
887,1.0,0.0037327148020267487,9.999999747378752e-05
888,1.0,0.004909224808216095,9.999999747378752e-05
889,1.0,0.0045040869154036045,9.999999747378752e-05
890,1.0,0.005030597094446421,9.999999747378752e-05
891,1.0,0.003833634313195944,9.999999747378752e-05
892,1.0,0.003903679084032774,9.999999747378752e-05
893,1.0,0.007109304424375296,9.999999747378752e-05
894,1.0,0.003920779563486576,9.999999747378752e-05
895,1.0,0.003969063051044941,9.999999747378752e-05
896,1.0,0.003668044926598668,9.999999747378752e-05
897,1.0,0.0038909136783331633,9.999999747378752e-05
898,1.0,0.0058619179762899876,9.999999747378752e-05
899,1.0,0.0026480730157345533,9.999999747378752e-05
900,1.0,0.0038239643909037113,9.999999747378752e-05
901,1.0,0.006929066032171249,9.999999747378752e-05
902,1.0,0.003893078537657857,9.999999747378752e-05
903,1.0,0.004898929502815008,9.999999747378752e-05
904,1.0,0.012153754010796547,9.999999747378752e-05
905,1.0,0.011710223741829395,9.999999747378752e-05
906,1.0,0.0060597993433475494,9.999999747378752e-05
907,1.0,0.0041765691712498665,9.999999747378752e-05
908,1.0,0.0041342563927173615,9.999999747378752e-05
909,1.0,0.0041795410215854645,9.999999747378752e-05
910,1.0,0.002875326666980982,9.999999747378752e-05
911,1.0,0.005637797527015209,9.999999747378752e-05
912,1.0,0.004632717929780483,9.999999747378752e-05
913,1.0,0.004467118065804243,9.999999747378752e-05
914,1.0,0.00462561659514904,9.999999747378752e-05
915,1.0,0.004213459324091673,9.999999747378752e-05
916,1.0,0.0048413462936878204,9.999999747378752e-05
917,1.0,0.00443046260625124,9.999999747378752e-05
918,1.0,0.0037018167786300182,9.999999747378752e-05
919,1.0,0.0030185594223439693,9.999999747378752e-05
920,1.0,0.004634073469787836,9.999999747378752e-05
921,1.0,0.01226225309073925,9.999999747378752e-05
922,1.0,0.006460064556449652,9.999999747378752e-05
923,1.0,0.005866482388228178,9.999999747378752e-05
924,1.0,0.005222255364060402,9.999999747378752e-05
925,1.0,0.0034302324056625366,9.999999747378752e-05
926,1.0,0.004677372053265572,9.999999747378752e-05
927,1.0,0.003973194397985935,9.999999747378752e-05
928,1.0,0.0033557985443621874,9.999999747378752e-05
929,1.0,0.0033967867493629456,9.999999747378752e-05
930,1.0,0.0038230610080063343,9.999999747378752e-05
931,1.0,0.0027569131925702095,9.999999747378752e-05
932,1.0,0.0025836529675871134,9.999999747378752e-05
933,1.0,0.002129308646544814,9.999999747378752e-05
934,1.0,0.0025885715149343014,9.999999747378752e-05
935,1.0,0.0033973357640206814,9.999999747378752e-05
936,1.0,0.002269819611683488,9.999999747378752e-05
937,1.0,0.004428247921168804,9.999999747378752e-05
938,1.0,0.003714511636644602,9.999999747378752e-05
939,1.0,0.004528965801000595,9.999999747378752e-05
940,1.0,0.005212494637817144,9.999999747378752e-05
941,1.0,0.003125622868537903,9.999999747378752e-05
942,1.0,0.003325337078422308,9.999999747378752e-05
943,1.0,0.003605587873607874,9.999999747378752e-05
944,1.0,0.0059579117223620415,9.999999747378752e-05
945,1.0,0.00424510333687067,9.999999747378752e-05
946,1.0,0.007516545243561268,9.999999747378752e-05
947,1.0,0.0041494048200547695,9.999999747378752e-05
948,1.0,0.004179683513939381,9.999999747378752e-05
949,1.0,0.019298261031508446,9.999999747378752e-05
950,1.0,0.003090261947363615,9.999999747378752e-05
951,1.0,0.00707336375489831,9.999999747378752e-05
952,1.0,0.01148519478738308,9.999999747378752e-05
953,1.0,0.004626326262950897,9.999999747378752e-05
954,1.0,0.0034575932659208775,9.999999747378752e-05
955,1.0,0.008186587132513523,9.999999747378752e-05
956,1.0,0.002798102330416441,9.999999747378752e-05
957,1.0,0.00454369280487299,9.999999747378752e-05
958,1.0,0.0024434863589704037,9.999999747378752e-05
959,1.0,0.012743936851620674,9.999999747378752e-05
960,1.0,0.003171284217387438,9.999999747378752e-05
961,1.0,0.0032055911142379045,9.999999747378752e-05
962,1.0,0.008697766810655594,9.999999747378752e-05
963,1.0,0.00417911633849144,9.999999747378752e-05
964,1.0,0.003502366365864873,9.999999747378752e-05
965,1.0,0.00826614536345005,9.999999747378752e-05
966,1.0,0.007927976548671722,9.999999747378752e-05
967,1.0,0.0034416397102177143,9.999999747378752e-05
968,1.0,0.003717475337907672,9.999999747378752e-05
969,1.0,0.0077931866981089115,9.999999747378752e-05
970,1.0,0.00496802618727088,9.999999747378752e-05
971,1.0,0.005479577463120222,9.999999747378752e-05
972,1.0,0.008273336105048656,9.999999747378752e-05
973,1.0,0.004120189230889082,9.999999747378752e-05
974,1.0,0.008928878232836723,9.999999747378752e-05
975,1.0,0.005961933173239231,9.999999747378752e-05
976,1.0,0.005262938793748617,9.999999747378752e-05
977,1.0,0.003459248226135969,9.999999747378752e-05
978,1.0,0.00707582663744688,9.999999747378752e-05
979,1.0,0.0032405995298177004,9.999999747378752e-05
980,1.0,0.003586647566407919,9.999999747378752e-05
981,1.0,0.007068089209496975,9.999999747378752e-05
982,1.0,0.0030652571003884077,9.999999747378752e-05
983,1.0,0.003494029399007559,9.999999747378752e-05
984,1.0,0.002916322322562337,9.999999747378752e-05
985,1.0,0.004679772071540356,9.999999747378752e-05
986,1.0,0.004373563919216394,9.999999747378752e-05
987,1.0,0.003118394408375025,9.999999747378752e-05
988,1.0,0.003083998803049326,9.999999747378752e-05
989,1.0,0.001608269289135933,9.999999747378752e-05
990,1.0,0.0030054175294935703,9.999999747378752e-05
991,1.0,0.0026364780496805906,9.999999747378752e-05
992,1.0,0.002997676143422723,9.999999747378752e-05
993,1.0,0.0040788245387375355,9.999999747378752e-05
994,1.0,0.00413203239440918,9.999999747378752e-05
995,1.0,0.00315176323056221,9.999999747378752e-05
996,1.0,0.0027132597751915455,9.999999747378752e-05
997,1.0,0.003657277673482895,9.999999747378752e-05
998,1.0,0.0038736052811145782,9.999999747378752e-05
999,1.0,0.003677000757306814,9.999999747378752e-05
1000,1.0,0.0025686253793537617,9.999999747378752e-05
1001,1.0,0.00865387823432684,9.999999747378752e-05
1002,1.0,0.00490580266341567,9.999999747378752e-05
1003,1.0,0.003001078264787793,9.999999747378752e-05
1004,1.0,0.002674988703802228,9.999999747378752e-05
1005,1.0,0.0042141275480389595,9.999999747378752e-05
1006,1.0,0.003105957293882966,9.999999747378752e-05
1007,1.0,0.002567513147369027,9.999999747378752e-05
1008,1.0,0.006060598883777857,9.999999747378752e-05
1009,1.0,0.0026108291931450367,9.999999747378752e-05
1010,1.0,0.007554195821285248,9.999999747378752e-05
1011,1.0,0.004679396282881498,9.999999747378752e-05
1012,1.0,0.005233566276729107,9.999999747378752e-05
1013,1.0,0.0020621460862457752,9.999999747378752e-05
1014,1.0,0.006456133909523487,9.999999747378752e-05
1015,1.0,0.005051932297646999,9.999999747378752e-05
1016,1.0,0.014759361743927002,9.999999747378752e-05
1017,1.0,0.011285011656582355,9.999999747378752e-05
1018,1.0,0.007514053490012884,9.999999747378752e-05
1019,1.0,0.011914745904505253,9.999999747378752e-05
1020,1.0,0.006388388574123383,9.999999747378752e-05
1021,1.0,0.008543375879526138,9.999999747378752e-05
1022,1.0,0.006618368439376354,9.999999747378752e-05
1023,1.0,0.005092117004096508,9.999999747378752e-05
1024,1.0,0.006488839630037546,9.999999747378752e-05
1025,1.0,0.002780728507786989,9.999999747378752e-05
1026,1.0,0.004067481495440006,9.999999747378752e-05
1027,1.0,0.0033181444741785526,9.999999747378752e-05
1028,1.0,0.004462136887013912,9.999999747378752e-05
1029,1.0,0.003362576011568308,9.999999747378752e-05
1030,1.0,0.003258387790992856,9.999999747378752e-05
1031,1.0,0.003552413312718272,9.999999747378752e-05
1032,1.0,0.00378849427215755,9.999999747378752e-05
1033,1.0,0.0031402744352817535,9.999999747378752e-05
1034,1.0,0.0012956061400473118,9.999999747378752e-05
1035,1.0,0.0029060442466288805,9.999999747378752e-05
1036,1.0,0.003518135752528906,9.999999747378752e-05
1037,1.0,0.010806930251419544,9.999999747378752e-05
1038,1.0,0.0068268016912043095,9.999999747378752e-05
1039,1.0,0.008205095306038857,9.999999747378752e-05
1040,1.0,0.005321859382092953,9.999999747378752e-05
1041,1.0,0.00665570143610239,9.999999747378752e-05
1042,1.0,0.004202838521450758,9.999999747378752e-05
1043,1.0,0.005597880110144615,9.999999747378752e-05
1044,1.0,0.006391511298716068,9.999999747378752e-05
1045,1.0,0.0036701734643429518,9.999999747378752e-05
1046,1.0,0.003103033173829317,9.999999747378752e-05
1047,1.0,0.003593548433855176,9.999999747378752e-05
1048,1.0,0.0024443124420940876,9.999999747378752e-05
1049,1.0,0.0036694593727588654,9.999999747378752e-05
1050,1.0,0.0017620377475395799,9.999999747378752e-05
1051,1.0,0.002629615366458893,9.999999747378752e-05
1052,1.0,0.0032081077806651592,9.999999747378752e-05
1053,1.0,0.004603999201208353,9.999999747378752e-05
1054,1.0,0.0048340437933802605,9.999999747378752e-05
1055,1.0,0.007016616873443127,9.999999747378752e-05
1056,1.0,0.003446475137025118,9.999999747378752e-05
1057,1.0,0.00308523653075099,9.999999747378752e-05
1058,1.0,0.007442684378474951,9.999999747378752e-05
1059,1.0,0.0035770137328654528,9.999999747378752e-05
1060,1.0,0.003615341614931822,9.999999747378752e-05
1061,1.0,0.005104666575789452,9.999999747378752e-05
1062,1.0,0.004648204892873764,9.999999747378752e-05
1063,1.0,0.00510685658082366,9.999999747378752e-05
1064,1.0,0.002357707591727376,9.999999747378752e-05
1065,1.0,0.0028090376872569323,9.999999747378752e-05
1066,1.0,0.003869148436933756,9.999999747378752e-05
1067,1.0,0.002916009398177266,9.999999747378752e-05
1068,1.0,0.004979341756552458,9.999999747378752e-05
1069,1.0,0.01424503605812788,9.999999747378752e-05
1070,1.0,0.008492449298501015,9.999999747378752e-05
1071,1.0,0.007379637099802494,9.999999747378752e-05
1072,1.0,0.0031051954720169306,9.999999747378752e-05
1073,1.0,0.004456866066902876,9.999999747378752e-05
1074,1.0,0.0027470216155052185,9.999999747378752e-05
1075,1.0,0.002838902408257127,9.999999747378752e-05
1076,1.0,0.0021254955790936947,9.999999747378752e-05
1077,1.0,0.002221051137894392,9.999999747378752e-05
1078,1.0,0.003345918608829379,9.999999747378752e-05
1079,1.0,0.003364377189427614,9.999999747378752e-05
1080,1.0,0.003943746909499168,9.999999747378752e-05
1081,1.0,0.0024388295132666826,9.999999747378752e-05
1082,1.0,0.0023284037597477436,9.999999747378752e-05
1083,1.0,0.006225788965821266,9.999999747378752e-05
1084,1.0,0.003719388972967863,9.999999747378752e-05
1085,1.0,0.002985379658639431,9.999999747378752e-05
1086,1.0,0.0055683976970613,9.999999747378752e-05
1087,1.0,0.0031408530194312334,9.999999747378752e-05
1088,1.0,0.0056210351176559925,9.999999747378752e-05
1089,1.0,0.002612376119941473,9.999999747378752e-05
1090,1.0,0.0031383982859551907,9.999999747378752e-05
1091,1.0,0.0036076675169169903,9.999999747378752e-05
1092,1.0,0.0018226841930299997,9.999999747378752e-05
1093,1.0,0.0020670772064477205,9.999999747378752e-05
1094,1.0,0.002657233737409115,9.999999747378752e-05
1095,1.0,0.003358096582815051,9.999999747378752e-05
1096,1.0,0.0023802737705409527,9.999999747378752e-05
1097,1.0,0.002816519932821393,9.999999747378752e-05
1098,1.0,0.002738300012424588,9.999999747378752e-05
1099,1.0,0.002921688836067915,9.999999747378752e-05
1100,1.0,0.0029610313940793276,9.999999747378752e-05
1101,1.0,0.0024363447446376085,9.999999747378752e-05
1102,1.0,0.007273896597325802,9.999999747378752e-05
1103,1.0,0.00382770667783916,9.999999747378752e-05
1104,1.0,0.0074577368795871735,9.999999747378752e-05
1105,1.0,0.0040300325490534306,9.999999747378752e-05
1106,1.0,0.002279766136780381,9.999999747378752e-05
1107,1.0,0.0015590954571962357,9.999999747378752e-05
1108,1.0,0.0031538414768874645,9.999999747378752e-05
1109,1.0,0.001557542011141777,9.999999747378752e-05
1110,1.0,0.004289713688194752,9.999999747378752e-05
1111,1.0,0.006777825765311718,9.999999747378752e-05
1112,1.0,0.006865613162517548,9.999999747378752e-05
1113,1.0,0.006802640855312347,9.999999747378752e-05
1114,1.0,0.004563594236969948,9.999999747378752e-05
1115,1.0,0.002646619686856866,9.999999747378752e-05
1116,1.0,0.0020889099687337875,9.999999747378752e-05
1117,1.0,0.0027649300172924995,9.999999747378752e-05
1118,1.0,0.003135913284495473,9.999999747378752e-05
1119,1.0,0.00326902000233531,9.999999747378752e-05
1120,1.0,0.0012572661507874727,9.999999747378752e-05
1121,1.0,0.001975050661712885,9.999999747378752e-05
1122,1.0,0.009215963073074818,9.999999747378752e-05
1123,1.0,0.005929117556661367,9.999999747378752e-05
1124,1.0,0.004065935965627432,9.999999747378752e-05
1125,1.0,0.005128284450620413,9.999999747378752e-05
1126,1.0,0.004609708208590746,9.999999747378752e-05
1127,1.0,0.002409433713182807,9.999999747378752e-05
1128,1.0,0.005864646285772324,9.999999747378752e-05
1129,1.0,0.0028637193609029055,9.999999747378752e-05
1130,1.0,0.0039607686921954155,9.999999747378752e-05
1131,1.0,0.0023575604427605867,9.999999747378752e-05
1132,1.0,0.001940679969266057,9.999999747378752e-05
1133,1.0,0.002477122936397791,9.999999747378752e-05
1134,1.0,0.0021702428348362446,9.999999747378752e-05
1135,1.0,0.0015689197462052107,9.999999747378752e-05
1136,1.0,0.001376852160319686,9.999999747378752e-05
1137,1.0,0.0024795918725430965,9.999999747378752e-05
1138,1.0,0.0029697022400796413,9.999999747378752e-05
1139,1.0,0.004299812950193882,9.999999747378752e-05
1140,1.0,0.0013780085137113929,9.999999747378752e-05
1141,1.0,0.0027146348729729652,9.999999747378752e-05
1142,1.0,0.0026640472933650017,9.999999747378752e-05
1143,1.0,0.002964030485600233,9.999999747378752e-05
1144,1.0,0.0024742712266743183,9.999999747378752e-05
1145,1.0,0.002184630138799548,9.999999747378752e-05
1146,1.0,0.002089530462399125,9.999999747378752e-05
1147,1.0,0.0017608331982046366,9.999999747378752e-05
1148,1.0,0.002587952185422182,9.999999747378752e-05
1149,1.0,0.0016349222278222442,9.999999747378752e-05
1150,1.0,0.0022740871645510197,9.999999747378752e-05
1151,1.0,0.0015332947950810194,9.999999747378752e-05
1152,1.0,0.00213277037255466,9.999999747378752e-05
1153,1.0,0.0024150318931788206,9.999999747378752e-05
1154,1.0,0.001880005351267755,9.999999747378752e-05
1155,1.0,0.002001053187996149,9.999999747378752e-05
1156,1.0,0.004087929613888264,9.999999747378752e-05
1157,1.0,0.002594807418063283,9.999999747378752e-05
1158,1.0,0.001599781448021531,9.999999747378752e-05
1159,1.0,0.0029747006483376026,9.999999747378752e-05
1160,1.0,0.001507422886788845,9.999999747378752e-05
1161,1.0,0.0027181024197489023,9.999999747378752e-05
1162,1.0,0.0045316205359995365,9.999999747378752e-05
1163,1.0,0.0024894156958907843,9.999999747378752e-05
1164,1.0,0.011035313829779625,9.999999747378752e-05
1165,1.0,0.008375521749258041,9.999999747378752e-05
1166,1.0,0.003887935308739543,9.999999747378752e-05
1167,1.0,0.003504399908706546,9.999999747378752e-05
1168,1.0,0.006082782056182623,9.999999747378752e-05
1169,1.0,0.005061246454715729,9.999999747378752e-05
1170,1.0,0.002362082479521632,9.999999747378752e-05
1171,1.0,0.003153827739879489,9.999999747378752e-05
1172,1.0,0.0021155637223273516,9.999999747378752e-05
1173,1.0,0.002416237024590373,9.999999747378752e-05
1174,1.0,0.001710996381007135,9.999999747378752e-05
1175,1.0,0.0016963923117145896,9.999999747378752e-05
1176,1.0,0.0021044001914560795,9.999999747378752e-05
1177,1.0,0.0015518751461058855,9.999999747378752e-05
1178,1.0,0.002172281267121434,9.999999747378752e-05
1179,1.0,0.002122265752404928,9.999999747378752e-05
1180,1.0,0.002370136557146907,9.999999747378752e-05
1181,1.0,0.002132680732756853,9.999999747378752e-05
1182,1.0,0.003533611074090004,9.999999747378752e-05
1183,1.0,0.0036013920325785875,9.999999747378752e-05
1184,1.0,0.001507001230493188,9.999999747378752e-05
1185,1.0,0.002505843760445714,9.999999747378752e-05
1186,1.0,0.0017035065684467554,9.999999747378752e-05
1187,1.0,0.005051018670201302,9.999999747378752e-05
1188,1.0,0.008522029966115952,9.999999747378752e-05
1189,1.0,0.0022504853550344706,9.999999747378752e-05
1190,1.0,0.0021253498271107674,9.999999747378752e-05
1191,1.0,0.0021713734604418278,9.999999747378752e-05
1192,1.0,0.0011420876253396273,9.999999747378752e-05
1193,1.0,0.00167719810269773,9.999999747378752e-05
1194,1.0,0.004498829133808613,9.999999747378752e-05
1195,1.0,0.0024401366245001554,9.999999747378752e-05
1196,1.0,0.002584320493042469,9.999999747378752e-05
1197,1.0,0.0020926734432578087,9.999999747378752e-05
1198,1.0,0.0024591556284576654,9.999999747378752e-05
1199,1.0,0.003985029645264149,9.999999747378752e-05
1200,1.0,0.0032194543164223433,9.999999747378752e-05
1201,1.0,0.0020793071016669273,9.999999747378752e-05
1202,1.0,0.002807128708809614,9.999999747378752e-05
1203,1.0,0.0044182948768138885,9.999999747378752e-05
1204,1.0,0.0018399519613012671,9.999999747378752e-05
1205,1.0,0.0027120206505060196,9.999999747378752e-05
1206,1.0,0.002990619745105505,9.999999747378752e-05
1207,1.0,0.002438153838738799,9.999999747378752e-05
1208,1.0,0.001810518093407154,9.999999747378752e-05
1209,1.0,0.0017508864402770996,9.999999747378752e-05
1210,1.0,0.0023180244024842978,9.999999747378752e-05
1211,1.0,0.002073738956823945,9.999999747378752e-05
1212,1.0,0.001930269761942327,9.999999747378752e-05
1213,1.0,0.0023121058475226164,9.999999747378752e-05
1214,1.0,0.0031920429319143295,9.999999747378752e-05
1215,1.0,0.0015806093579158187,9.999999747378752e-05
1216,1.0,0.0016000733012333512,9.999999747378752e-05
1217,1.0,0.0020044525153934956,9.999999747378752e-05
1218,1.0,0.002950227353721857,9.999999747378752e-05
1219,1.0,0.0020025873091071844,9.999999747378752e-05
1220,1.0,0.001831639208830893,9.999999747378752e-05
1221,1.0,0.0023217101115733385,9.999999747378752e-05
1222,1.0,0.0032786268275231123,9.999999747378752e-05
1223,1.0,0.002555655315518379,9.999999747378752e-05
1224,1.0,0.002634773263707757,9.999999747378752e-05
1225,1.0,0.0023636221885681152,9.999999747378752e-05
1226,1.0,0.0017655191477388144,9.999999747378752e-05
1227,1.0,0.0011297877645120025,9.999999747378752e-05
1228,1.0,0.001567557454109192,9.999999747378752e-05
1229,1.0,0.0018706846749410033,9.999999747378752e-05
1230,1.0,0.0016678959364071488,9.999999747378752e-05
1231,1.0,0.00223842216655612,9.999999747378752e-05
1232,1.0,0.003621503012254834,9.999999747378752e-05
1233,1.0,0.0033142431639134884,9.999999747378752e-05
1234,1.0,0.002693094778805971,9.999999747378752e-05
1235,1.0,0.001654627500101924,9.999999747378752e-05
1236,1.0,0.001582559198141098,9.999999747378752e-05
1237,1.0,0.0017786730313673615,9.999999747378752e-05
1238,1.0,0.001862475648522377,9.999999747378752e-05
1239,1.0,0.003514914307743311,9.999999747378752e-05
1240,1.0,0.0024711049627512693,9.999999747378752e-05
1241,1.0,0.0008082079002633691,9.999999747378752e-05
1242,1.0,0.0016498882323503494,9.999999747378752e-05
1243,1.0,0.0017324602231383324,9.999999747378752e-05
1244,1.0,0.0029684293549507856,9.999999747378752e-05
1245,1.0,0.007620637305080891,9.999999747378752e-05
1246,1.0,0.0039369938895106316,9.999999747378752e-05
1247,1.0,0.005344398785382509,9.999999747378752e-05
1248,1.0,0.0033054251689463854,9.999999747378752e-05
1249,1.0,0.003026847494766116,9.999999747378752e-05
1250,1.0,0.00467721838504076,9.999999747378752e-05
1251,1.0,0.002546604024246335,9.999999747378752e-05
1252,1.0,0.0017010450828820467,9.999999747378752e-05
1253,1.0,0.002213147934526205,9.999999747378752e-05
1254,1.0,0.001914245425723493,9.999999747378752e-05
1255,1.0,0.0016518611228093505,9.999999747378752e-05
1256,1.0,0.0026283382903784513,9.999999747378752e-05
1257,1.0,0.0019236777443438768,9.999999747378752e-05
1258,1.0,0.001623794436454773,9.999999747378752e-05
1259,1.0,0.002442789264023304,9.999999747378752e-05
1260,1.0,0.0020117771346122026,9.999999747378752e-05
1261,1.0,0.0014767812099307775,9.999999747378752e-05
1262,1.0,0.0014601147267967463,9.999999747378752e-05
1263,1.0,0.0015392877394333482,9.999999747378752e-05
1264,1.0,0.002169860526919365,9.999999747378752e-05
1265,1.0,0.0010609353194013238,9.999999747378752e-05
1266,1.0,0.002484470373019576,9.999999747378752e-05
1267,1.0,0.001274898648262024,9.999999747378752e-05
1268,1.0,0.001944133429788053,9.999999747378752e-05
1269,1.0,0.0018568082014098763,9.999999747378752e-05
1270,1.0,0.002425841521471739,9.999999747378752e-05
1271,1.0,0.0018243647646158934,9.999999747378752e-05
1272,1.0,0.0015280533116310835,9.999999747378752e-05
1273,1.0,0.0012069202493876219,9.999999747378752e-05
1274,1.0,0.0014960987027734518,9.999999747378752e-05
1275,1.0,0.0016138857463374734,9.999999747378752e-05
1276,1.0,0.0019919550977647305,9.999999747378752e-05
1277,1.0,0.0020103927236050367,9.999999747378752e-05
1278,1.0,0.010001443326473236,9.999999747378752e-05
1279,1.0,0.02451334521174431,9.999999747378752e-05
1280,1.0,0.07036583125591278,9.999999747378752e-05
1281,0.949999988079071,0.12140052020549774,9.999999747378752e-05
1282,1.0,0.04372289404273033,9.999999747378752e-05
1283,1.0,0.05745186656713486,9.999999747378752e-05
1284,1.0,0.0263015478849411,9.999999747378752e-05
1285,1.0,0.01379770040512085,9.999999747378752e-05
1286,1.0,0.007773763034492731,9.999999747378752e-05
1287,1.0,0.007306871470063925,9.999999747378752e-05
1288,1.0,0.005884029436856508,9.999999747378752e-05
1289,1.0,0.006891321390867233,9.999999747378752e-05
1290,1.0,0.0029504024423658848,9.999999747378752e-05
1291,1.0,0.005914648063480854,9.999999747378752e-05
1292,1.0,0.00396798737347126,9.999999747378752e-05
1293,1.0,0.00541897164657712,9.999999747378752e-05
1294,1.0,0.002135912887752056,9.999999747378752e-05
1295,1.0,0.0034224637784063816,9.999999747378752e-05
1296,1.0,0.0018943052273243666,9.999999747378752e-05
1297,1.0,0.009561756625771523,9.999999747378752e-05
1298,1.0,0.003102505812421441,9.999999747378752e-05
1299,1.0,0.004076376091688871,9.999999747378752e-05
1300,1.0,0.006241251714527607,9.999999747378752e-05
1301,1.0,0.004153790883719921,9.999999747378752e-05
1302,1.0,0.004538566805422306,9.999999747378752e-05
1303,1.0,0.0040064966306090355,9.999999747378752e-05
1304,1.0,0.0024728693533688784,9.999999747378752e-05
1305,1.0,0.0030921907164156437,9.999999747378752e-05
1306,1.0,0.003966681659221649,9.999999747378752e-05
1307,1.0,0.004486113786697388,9.999999747378752e-05
1308,1.0,0.003050582716241479,9.999999747378752e-05
1309,1.0,0.0027207431849092245,9.999999747378752e-05
1310,1.0,0.0017739320173859596,9.999999747378752e-05
1311,1.0,0.002497322391718626,9.999999747378752e-05
1312,1.0,0.0016625765711069107,9.999999747378752e-05
1313,1.0,0.005743454676121473,9.999999747378752e-05
1314,1.0,0.0024254487361758947,9.999999747378752e-05
1315,1.0,0.010308296419680119,9.999999747378752e-05
1316,1.0,0.0041008624248206615,9.999999747378752e-05
1317,1.0,0.001959838205948472,9.999999747378752e-05
1318,1.0,0.0028559754136949778,9.999999747378752e-05
1319,1.0,0.003697030944749713,9.999999747378752e-05
1320,1.0,0.0024429126642644405,9.999999747378752e-05
1321,1.0,0.002365808468312025,9.999999747378752e-05
1322,1.0,0.0023147508036345243,9.999999747378752e-05
1323,1.0,0.0039343335665762424,9.999999747378752e-05
1324,1.0,0.00171736441552639,9.999999747378752e-05
1325,1.0,0.00137204653583467,9.999999747378752e-05
1326,1.0,0.002466790145263076,9.999999747378752e-05
1327,1.0,0.001953446539118886,9.999999747378752e-05
1328,1.0,0.0024325333070009947,9.999999747378752e-05
1329,1.0,0.0017753280699253082,9.999999747378752e-05
1330,1.0,0.002786702010780573,9.999999747378752e-05
1331,1.0,0.0015394299989566207,9.999999747378752e-05
1332,1.0,0.003367191879078746,9.999999747378752e-05
1333,1.0,0.004363694228231907,9.999999747378752e-05
1334,1.0,0.0016541971126571298,9.999999747378752e-05
1335,1.0,0.002218529349192977,9.999999747378752e-05
1336,1.0,0.005438001360744238,9.999999747378752e-05
1337,1.0,0.0029194981325417757,9.999999747378752e-05
1338,1.0,0.004058172460645437,9.999999747378752e-05
1339,1.0,0.0022085714153945446,9.999999747378752e-05
1340,1.0,0.002753789769485593,9.999999747378752e-05
1341,1.0,0.0021894413512200117,9.999999747378752e-05
1342,1.0,0.003163666930049658,9.999999747378752e-05
1343,1.0,0.0018458081176504493,9.999999747378752e-05
1344,1.0,0.0023278158623725176,9.999999747378752e-05
1345,1.0,0.0036137565039098263,9.999999747378752e-05
1346,1.0,0.0020099030807614326,9.999999747378752e-05
1347,1.0,0.0019027531379833817,9.999999747378752e-05
1348,1.0,0.0015958694275468588,9.999999747378752e-05
1349,1.0,0.0017071787733584642,9.999999747378752e-05
1350,1.0,0.002594876568764448,9.999999747378752e-05
1351,1.0,0.0018342705443501472,9.999999747378752e-05
1352,1.0,0.002125066937878728,9.999999747378752e-05
1353,1.0,0.0016139596700668335,9.999999747378752e-05
1354,1.0,0.0028381203301250935,9.999999747378752e-05
1355,1.0,0.001749690854921937,9.999999747378752e-05
1356,1.0,0.0019177014473825693,9.999999747378752e-05
1357,1.0,0.003032096428796649,9.999999747378752e-05
1358,1.0,0.0014853819739073515,9.999999747378752e-05
1359,1.0,0.0015709430444985628,9.999999747378752e-05
1360,1.0,0.002269088290631771,9.999999747378752e-05
1361,1.0,0.0027635530568659306,9.999999747378752e-05
1362,1.0,0.0019262827700003982,9.999999747378752e-05
1363,1.0,0.0022412468679249287,9.999999747378752e-05
1364,1.0,0.0014281758340075612,9.999999747378752e-05
1365,1.0,0.0024912606459110975,9.999999747378752e-05
1366,1.0,0.002644313033670187,9.999999747378752e-05
1367,1.0,0.001502683269791305,9.999999747378752e-05
1368,1.0,0.0016800420125946403,9.999999747378752e-05
1369,1.0,0.0010377230355516076,9.999999747378752e-05
1370,1.0,0.003271782072260976,9.999999747378752e-05
1371,1.0,0.0013044301886111498,9.999999747378752e-05
1372,1.0,0.0006082477630116045,9.999999747378752e-05
1373,1.0,0.0016246713930740952,9.999999747378752e-05
1374,1.0,0.0009629953419789672,9.999999747378752e-05
1375,1.0,0.0018966917414218187,9.999999747378752e-05
1376,1.0,0.0013816191349178553,9.999999747378752e-05
1377,1.0,0.0019597767386585474,9.999999747378752e-05
1378,1.0,0.007555291056632996,9.999999747378752e-05
1379,1.0,0.0035978828091174364,9.999999747378752e-05
1380,1.0,0.002315277000889182,9.999999747378752e-05
1381,1.0,0.0010000879410654306,9.999999747378752e-05
1382,1.0,0.004625536035746336,9.999999747378752e-05
1383,1.0,0.0010768442880362272,9.999999747378752e-05
1384,1.0,0.0014688794035464525,9.999999747378752e-05
1385,1.0,0.0018477629637345672,9.999999747378752e-05
1386,1.0,0.0016854234272614121,9.999999747378752e-05
1387,1.0,0.0017685042694211006,9.999999747378752e-05
1388,1.0,0.0015068278880789876,9.999999747378752e-05
1389,1.0,0.004129332024604082,9.999999747378752e-05
1390,1.0,0.002803885145112872,9.999999747378752e-05
1391,1.0,0.003171327756717801,9.999999747378752e-05
1392,1.0,0.0013761185109615326,9.999999747378752e-05
1393,1.0,0.0029122326523065567,9.999999747378752e-05
1394,1.0,0.0011572623625397682,9.999999747378752e-05
1395,1.0,0.0012451499933376908,9.999999747378752e-05
1396,1.0,0.0017228542128577828,9.999999747378752e-05
1397,1.0,0.001974055077880621,9.999999747378752e-05
1398,1.0,0.0017447518184781075,9.999999747378752e-05
1399,1.0,0.0023278428707271814,9.999999747378752e-05
1400,1.0,0.0016061707865446806,9.999999747378752e-05
1401,1.0,0.002765434328466654,9.999999747378752e-05
1402,1.0,0.001529222121462226,9.999999747378752e-05
1403,1.0,0.002506745047867298,9.999999747378752e-05
1404,1.0,0.0025862487964332104,9.999999747378752e-05
1405,1.0,0.0015771836042404175,9.999999747378752e-05
1406,1.0,0.00183671189006418,9.999999747378752e-05
1407,1.0,0.0011936506489291787,9.999999747378752e-05
1408,1.0,0.0015168583486229181,9.999999747378752e-05
1409,1.0,0.007587709464132786,9.999999747378752e-05
1410,1.0,0.0010559428483247757,9.999999747378752e-05
1411,1.0,0.0029765807557851076,9.999999747378752e-05
1412,1.0,0.0036127541679888964,9.999999747378752e-05
1413,1.0,0.001962444745004177,9.999999747378752e-05
1414,1.0,0.0019300160929560661,9.999999747378752e-05
1415,1.0,0.001479051192291081,9.999999747378752e-05
1416,1.0,0.0048916093073785305,9.999999747378752e-05
1417,1.0,0.0014772731810808182,9.999999747378752e-05
1418,1.0,0.002147303894162178,9.999999747378752e-05
1419,1.0,0.0019582605455070734,9.999999747378752e-05
1420,1.0,0.0016601926181465387,9.999999747378752e-05
1421,1.0,0.0025015738792717457,9.999999747378752e-05
1422,1.0,0.0013451608829200268,9.999999747378752e-05
1423,1.0,0.0012098343577235937,9.999999747378752e-05
1424,1.0,0.0011034698691219091,9.999999747378752e-05
1425,1.0,0.001990050543099642,9.999999747378752e-05
1426,1.0,0.0018579394090920687,9.999999747378752e-05
1427,1.0,0.0016482183709740639,9.999999747378752e-05
1428,1.0,0.0025830715894699097,9.999999747378752e-05
1429,1.0,0.001371318707242608,9.999999747378752e-05
1430,1.0,0.002725092926993966,9.999999747378752e-05
1431,1.0,0.0015248330309987068,9.999999747378752e-05
1432,1.0,0.001950948848389089,9.999999747378752e-05
1433,1.0,0.0019283242290839553,9.999999747378752e-05
1434,1.0,0.0012648695847019553,9.999999747378752e-05
1435,1.0,0.0017869094153866172,9.999999747378752e-05
1436,1.0,0.0022918067406862974,9.999999747378752e-05
1437,1.0,0.0009998107561841607,9.999999747378752e-05
1438,1.0,0.0013412231346592307,9.999999747378752e-05
1439,1.0,0.0011278324527665973,9.999999747378752e-05
1440,1.0,0.002427755855023861,9.999999747378752e-05
1441,1.0,0.0019275329541414976,9.999999747378752e-05
1442,1.0,0.0011612859088927507,9.999999747378752e-05
1443,1.0,0.0016668515745550394,9.999999747378752e-05
1444,1.0,0.0010590475285425782,9.999999747378752e-05
1445,1.0,0.001061579561792314,9.999999747378752e-05
1446,1.0,0.0013691477943211794,9.999999747378752e-05
1447,1.0,0.001860855845734477,9.999999747378752e-05
1448,1.0,0.002422331366688013,9.999999747378752e-05
1449,1.0,0.0017485773423686624,9.999999747378752e-05
1450,1.0,0.0016033342108130455,9.999999747378752e-05
1451,1.0,0.0024742791429162025,9.999999747378752e-05
1452,1.0,0.0019061602652072906,9.999999747378752e-05
1453,1.0,0.002232552971690893,9.999999747378752e-05
1454,1.0,0.0008856522617861629,9.999999747378752e-05
1455,1.0,0.0012421109713613987,9.999999747378752e-05
1456,1.0,0.0014157373225316405,9.999999747378752e-05
1457,1.0,0.0027409398462623358,9.999999747378752e-05
1458,1.0,0.0013514257734641433,9.999999747378752e-05
1459,1.0,0.0013927299296483397,9.999999747378752e-05
1460,1.0,0.0017038097139447927,9.999999747378752e-05
1461,1.0,0.0017068613087758422,9.999999747378752e-05
1462,1.0,0.0010571215534582734,9.999999747378752e-05
1463,1.0,0.0011519292602315545,9.999999747378752e-05
1464,1.0,0.006378648336976767,9.999999747378752e-05
1465,1.0,0.0015726219862699509,9.999999747378752e-05
1466,1.0,0.0027631819248199463,9.999999747378752e-05
1467,1.0,0.002775277476757765,9.999999747378752e-05
1468,1.0,0.001605257042683661,9.999999747378752e-05
1469,1.0,0.001038679969497025,9.999999747378752e-05
1470,1.0,0.00167231191881001,9.999999747378752e-05
1471,1.0,0.0014845498371869326,9.999999747378752e-05
1472,1.0,0.002113805618137121,9.999999747378752e-05
1473,1.0,0.0022719523403793573,9.999999747378752e-05
1474,1.0,0.0010362513130530715,9.999999747378752e-05
1475,1.0,0.002488333499059081,9.999999747378752e-05
1476,1.0,0.0013365743216127157,9.999999747378752e-05
1477,1.0,0.0023245576303452253,9.999999747378752e-05
1478,1.0,0.002410955959931016,9.999999747378752e-05
1479,1.0,0.001282076700590551,9.999999747378752e-05
1480,1.0,0.0009139190660789609,9.999999747378752e-05
1481,1.0,0.0021171155385673046,9.999999747378752e-05
1482,1.0,0.000961184618063271,9.999999747378752e-05
1483,1.0,0.0017323506763204932,9.999999747378752e-05
1484,1.0,0.0011079227551817894,9.999999747378752e-05
1485,1.0,0.0012689207214862108,9.999999747378752e-05
1486,1.0,0.0015098911244422197,9.999999747378752e-05
1487,1.0,0.0009071042877621949,9.999999747378752e-05
1488,1.0,0.0012077277060598135,9.999999747378752e-05
1489,1.0,0.0009587070089764893,9.999999747378752e-05
1490,1.0,0.0063502914272248745,9.999999747378752e-05
1491,1.0,0.0028955452144145966,9.999999747378752e-05
1492,1.0,0.0016845309874042869,9.999999747378752e-05
1493,1.0,0.002958643715828657,9.999999747378752e-05
1494,1.0,0.001227921573445201,9.999999747378752e-05
1495,1.0,0.001863956800661981,9.999999747378752e-05
1496,1.0,0.001211010618135333,9.999999747378752e-05
1497,1.0,0.0013213377678766847,9.999999747378752e-05
1498,1.0,0.0017385318642482162,9.999999747378752e-05
1499,1.0,0.0014105790760368109,9.999999747378752e-05
1500,1.0,0.0010643771383911371,9.999999747378752e-05
1501,1.0,0.0008901053224690259,9.999999747378752e-05
1502,1.0,0.001928317709825933,9.999999747378752e-05
1503,1.0,0.0012565709184855223,9.999999747378752e-05
1504,1.0,0.0016588171711191535,9.999999747378752e-05
1505,1.0,0.0022845929488539696,9.999999747378752e-05
1506,1.0,0.0016389075899496675,9.999999747378752e-05
1507,1.0,0.0018254148308187723,9.999999747378752e-05
1508,1.0,0.0013214892242103815,9.999999747378752e-05
1509,1.0,0.0012161366175860167,9.999999747378752e-05
1510,1.0,0.0013678870163857937,9.999999747378752e-05
1511,1.0,0.001371307997033,9.999999747378752e-05
1512,1.0,0.0016222549602389336,9.999999747378752e-05
1513,1.0,0.0008445577695965767,9.999999747378752e-05
1514,1.0,0.0014076723018661141,9.999999747378752e-05
1515,1.0,0.0011307408567517996,9.999999747378752e-05
1516,1.0,0.0016099866479635239,9.999999747378752e-05
1517,1.0,0.0010706959292292595,9.999999747378752e-05
1518,1.0,0.0015437534311786294,9.999999747378752e-05
1519,1.0,0.0014325303491204977,9.999999747378752e-05
1520,1.0,0.005170845426619053,9.999999747378752e-05
1521,1.0,0.002429204760119319,9.999999747378752e-05
1522,1.0,0.0015773708000779152,9.999999747378752e-05
1523,1.0,0.0013190398458391428,9.999999747378752e-05
1524,1.0,0.0015213371952995658,9.999999747378752e-05
1525,1.0,0.0009848491754382849,9.999999747378752e-05
1526,1.0,0.0014349783305078745,9.999999747378752e-05
1527,1.0,0.0012609567493200302,9.999999747378752e-05
1528,1.0,0.0010113992029801011,9.999999747378752e-05
1529,1.0,0.0022396163549274206,9.999999747378752e-05
1530,1.0,0.0007755814585834742,9.999999747378752e-05
1531,1.0,0.0018674787133932114,9.999999747378752e-05
1532,1.0,0.0011765055824071169,9.999999747378752e-05
1533,1.0,0.0015123458579182625,9.999999747378752e-05
1534,1.0,0.0013393443077802658,9.999999747378752e-05
1535,1.0,0.0007079687784425914,9.999999747378752e-05
1536,1.0,0.0010102847591042519,9.999999747378752e-05
1537,1.0,0.0010330586228519678,9.999999747378752e-05
1538,1.0,0.0018055641558021307,9.999999747378752e-05
1539,1.0,0.0035991568583995104,9.999999747378752e-05
1540,1.0,0.0027176975272595882,9.999999747378752e-05
1541,1.0,0.002146516926586628,9.999999747378752e-05
1542,1.0,0.001059069880284369,9.999999747378752e-05
1543,1.0,0.0014467587461695075,9.999999747378752e-05
1544,1.0,0.0016292029758915305,9.999999747378752e-05
1545,1.0,0.0015174951404333115,9.999999747378752e-05
1546,1.0,0.0025515034794807434,9.999999747378752e-05
1547,1.0,0.0008970085764303803,9.999999747378752e-05
1548,1.0,0.0015343993436545134,9.999999747378752e-05
1549,1.0,0.002672932343557477,9.999999747378752e-05
1550,1.0,0.0011953935027122498,9.999999747378752e-05
1551,1.0,0.0009066054481081665,9.999999747378752e-05
1552,1.0,0.001411074073985219,9.999999747378752e-05
1553,1.0,0.0013316606637090445,9.999999747378752e-05
1554,1.0,0.0012941064778715372,9.999999747378752e-05
1555,1.0,0.0028671869076788425,9.999999747378752e-05
1556,1.0,0.0008929013274610043,9.999999747378752e-05
1557,1.0,0.000649798137601465,9.999999747378752e-05
1558,1.0,0.004442108329385519,9.999999747378752e-05
1559,1.0,0.0035839355550706387,9.999999747378752e-05
1560,1.0,0.002267198171466589,9.999999747378752e-05
1561,1.0,0.0012330019380897284,9.999999747378752e-05
1562,1.0,0.0012920742155984044,9.999999747378752e-05
1563,1.0,0.0009077423019334674,9.999999747378752e-05
1564,1.0,0.0021684777457267046,9.999999747378752e-05
1565,1.0,0.0008495805668644607,9.999999747378752e-05
1566,1.0,0.0011558136902749538,9.999999747378752e-05
1567,1.0,0.0016456678276881576,9.999999747378752e-05
1568,1.0,0.0008649731171317399,9.999999747378752e-05
1569,1.0,0.0009752347832545638,9.999999747378752e-05
1570,1.0,0.0017801865469664335,9.999999747378752e-05
1571,1.0,0.002540416782721877,9.999999747378752e-05
1572,1.0,0.0006730156019330025,9.999999747378752e-05
1573,1.0,0.0016974782338365912,9.999999747378752e-05
1574,1.0,0.0006257247878238559,9.999999747378752e-05
1575,1.0,0.001190414885058999,9.999999747378752e-05
1576,1.0,0.0012707783607766032,9.999999747378752e-05
1577,1.0,0.000799239962361753,9.999999747378752e-05
1578,1.0,0.0012484770268201828,9.999999747378752e-05
1579,1.0,0.0012341508409008384,9.999999747378752e-05
1580,1.0,0.0011228217044845223,9.999999747378752e-05
1581,1.0,0.0010987564455717802,9.999999747378752e-05
1582,1.0,0.0020978893153369427,9.999999747378752e-05
1583,1.0,0.0009982868796214461,9.999999747378752e-05
1584,1.0,0.003448364557698369,9.999999747378752e-05
1585,1.0,0.003214303869754076,9.999999747378752e-05
1586,1.0,0.001263779471628368,9.999999747378752e-05
1587,1.0,0.002872684272006154,9.999999747378752e-05
1588,1.0,0.0013168451841920614,9.999999747378752e-05
1589,1.0,0.0009960024617612362,9.999999747378752e-05
1590,1.0,0.0009700616938062012,9.999999747378752e-05
1591,1.0,0.0010781701421365142,9.999999747378752e-05
1592,1.0,0.0012855275999754667,9.999999747378752e-05
1593,1.0,0.000996688730083406,9.999999747378752e-05
1594,1.0,0.0012316408101469278,9.999999747378752e-05
1595,1.0,0.0013436482986435294,9.999999747378752e-05
1596,1.0,0.0010646152077242732,9.999999747378752e-05
1597,1.0,0.0015647867694497108,9.999999747378752e-05
1598,1.0,0.004691713489592075,9.999999747378752e-05
1599,1.0,0.003400321351364255,9.999999747378752e-05
1600,1.0,0.0014088834868744016,9.999999747378752e-05
1601,1.0,0.0012265377445146441,9.999999747378752e-05
1602,1.0,0.0013104465324431658,9.999999747378752e-05
1603,1.0,0.0008159425924532115,9.999999747378752e-05
1604,1.0,0.0010760158766061068,9.999999747378752e-05
1605,1.0,0.001316381385549903,9.999999747378752e-05
1606,1.0,0.001766282832249999,9.999999747378752e-05
1607,1.0,0.0013731408398598433,9.999999747378752e-05
1608,1.0,0.0009464011527597904,9.999999747378752e-05
1609,1.0,0.0008206407655961812,9.999999747378752e-05
1610,1.0,0.001257526339031756,9.999999747378752e-05
1611,1.0,0.0009026159532368183,9.999999747378752e-05
1612,1.0,0.002576046157628298,9.999999747378752e-05
1613,1.0,0.0011077127419412136,9.999999747378752e-05
1614,1.0,0.001079139532521367,9.999999747378752e-05
1615,1.0,0.0014408179558813572,9.999999747378752e-05
1616,1.0,0.001173010328784585,9.999999747378752e-05
1617,1.0,0.0007494852179661393,9.999999747378752e-05
1618,1.0,0.005114343948662281,9.999999747378752e-05
1619,1.0,0.002278800355270505,9.999999747378752e-05
1620,1.0,0.001383153023198247,9.999999747378752e-05
1621,1.0,0.0013797765132039785,9.999999747378752e-05
1622,1.0,0.0012999442405998707,9.999999747378752e-05
1623,1.0,0.0006667360430583358,9.999999747378752e-05
1624,1.0,0.0013777993153780699,9.999999747378752e-05
1625,1.0,0.0012658374616876245,9.999999747378752e-05
1626,1.0,0.0012731614988297224,9.999999747378752e-05
1627,1.0,0.0007658170070499182,9.999999747378752e-05
1628,1.0,0.0007811718387529254,9.999999747378752e-05
1629,1.0,0.000996293849311769,9.999999747378752e-05
1630,1.0,0.0009840421844273806,9.999999747378752e-05
1631,1.0,0.0008162073791027069,9.999999747378752e-05
1632,1.0,0.0011434216285124421,9.999999747378752e-05
1633,1.0,0.0010681215208023787,9.999999747378752e-05
1634,1.0,0.0008659508312121034,9.999999747378752e-05
1635,1.0,0.0013198849046602845,9.999999747378752e-05
1636,1.0,0.0014430148294195533,9.999999747378752e-05
1637,1.0,0.0013562346575781703,9.999999747378752e-05
1638,1.0,0.0007850586553104222,9.999999747378752e-05
1639,1.0,0.0009719668887555599,9.999999747378752e-05
1640,1.0,0.0010674115037545562,9.999999747378752e-05
1641,1.0,0.0015283713582903147,9.999999747378752e-05
1642,1.0,0.0006018701242282987,9.999999747378752e-05
1643,1.0,0.0012579882750287652,9.999999747378752e-05
1644,1.0,0.0018968519289046526,9.999999747378752e-05
1645,1.0,0.0009610336273908615,9.999999747378752e-05
1646,1.0,0.0008186474442481995,9.999999747378752e-05
1647,1.0,0.002640301128849387,9.999999747378752e-05
1648,1.0,0.0009536860743537545,9.999999747378752e-05
1649,1.0,0.0013133740285411477,9.999999747378752e-05
1650,1.0,0.000946994055993855,9.999999747378752e-05
1651,1.0,0.0012443388113752007,9.999999747378752e-05
1652,1.0,0.0013326439075171947,9.999999747378752e-05
1653,1.0,0.0024933756794780493,9.999999747378752e-05
1654,1.0,0.0015850750496611,9.999999747378752e-05
1655,1.0,0.0010084465611726046,9.999999747378752e-05
1656,1.0,0.0008617612766101956,9.999999747378752e-05
1657,1.0,0.0010710526257753372,9.999999747378752e-05
1658,1.0,0.0006815744563937187,9.999999747378752e-05
1659,1.0,0.000614859745837748,9.999999747378752e-05
1660,1.0,0.0008595695835538208,9.999999747378752e-05
1661,1.0,0.0004347146605141461,9.999999747378752e-05
1662,1.0,0.0009561690385453403,9.999999747378752e-05
1663,1.0,0.0006432472728192806,9.999999747378752e-05
1664,1.0,0.0017779942136257887,9.999999747378752e-05
1665,1.0,0.0010513453744351864,9.999999747378752e-05
1666,1.0,0.0011499272659420967,9.999999747378752e-05
1667,1.0,0.0009619083139114082,9.999999747378752e-05
1668,1.0,0.0010907065588980913,9.999999747378752e-05
1669,1.0,0.0009196233004331589,9.999999747378752e-05
1670,1.0,0.0008232301915995777,9.999999747378752e-05
1671,1.0,0.0037271673791110516,9.999999747378752e-05
1672,1.0,0.0025251153856515884,9.999999747378752e-05
1673,1.0,0.0010698225814849138,9.999999747378752e-05
1674,1.0,0.0008235640707425773,9.999999747378752e-05
1675,1.0,0.0011082892306149006,9.999999747378752e-05
1676,1.0,0.0013926199171692133,9.999999747378752e-05
1677,1.0,0.001185996225103736,9.999999747378752e-05
1678,1.0,0.001981293084099889,9.999999747378752e-05
1679,1.0,0.001067394157871604,9.999999747378752e-05
1680,1.0,0.0009323236299678683,9.999999747378752e-05
1681,1.0,0.0009439117275178432,9.999999747378752e-05
1682,1.0,0.0004599330422934145,9.999999747378752e-05
1683,1.0,0.0007910444401204586,9.999999747378752e-05
1684,1.0,0.0010668516624718904,9.999999747378752e-05
1685,1.0,0.0013419903116300702,9.999999747378752e-05
1686,1.0,0.001258400152437389,9.999999747378752e-05
1687,1.0,0.0014042728580534458,9.999999747378752e-05
1688,1.0,0.0009905422339215875,9.999999747378752e-05
1689,1.0,0.001002697041258216,9.999999747378752e-05
1690,1.0,0.0009919913718476892,9.999999747378752e-05
1691,1.0,0.002232647966593504,9.999999747378752e-05
1692,1.0,0.0013767201453447342,9.999999747378752e-05
1693,1.0,0.006089095026254654,9.999999747378752e-05
1694,1.0,0.00977311097085476,9.999999747378752e-05
1695,1.0,0.0030530996154993773,9.999999747378752e-05
1696,1.0,0.00734981382265687,9.999999747378752e-05
1697,1.0,0.013079376891255379,9.999999747378752e-05
1698,1.0,0.005477905739098787,9.999999747378752e-05
1699,1.0,0.0021189232356846333,9.999999747378752e-05
1700,1.0,0.001531531335785985,9.999999747378752e-05
1701,1.0,0.001710311509668827,9.999999747378752e-05
1702,1.0,0.0012566099176183343,9.999999747378752e-05
1703,1.0,0.0013936400646343827,9.999999747378752e-05
1704,1.0,0.0022950402926653624,9.999999747378752e-05
1705,1.0,0.002220247406512499,9.999999747378752e-05
1706,1.0,0.0015238585183396935,9.999999747378752e-05
1707,1.0,0.0012028570054098964,9.999999747378752e-05
1708,1.0,0.0011971776839345694,9.999999747378752e-05
1709,1.0,0.001048562116920948,9.999999747378752e-05
1710,1.0,0.000795658677816391,9.999999747378752e-05
1711,1.0,0.0010311002843081951,9.999999747378752e-05
1712,1.0,0.0007622918346896768,9.999999747378752e-05
1713,1.0,0.0010784676996991038,9.999999747378752e-05
1714,1.0,0.0007628639577887952,9.999999747378752e-05
1715,1.0,0.0018685560207813978,9.999999747378752e-05
1716,1.0,0.0015313178300857544,9.999999747378752e-05
1717,1.0,0.00082072225632146,9.999999747378752e-05
1718,1.0,0.006505749188363552,9.999999747378752e-05
1719,1.0,0.0027211455162614584,9.999999747378752e-05
1720,1.0,0.0037727952003479004,9.999999747378752e-05
1721,1.0,0.0018202936043962836,9.999999747378752e-05
1722,1.0,0.0024494328536093235,9.999999747378752e-05
1723,1.0,0.0015193134313449264,9.999999747378752e-05
1724,1.0,0.0029850543942302465,9.999999747378752e-05
1725,1.0,0.0016745664179325104,9.999999747378752e-05
1726,1.0,0.0008061635307967663,9.999999747378752e-05
1727,1.0,0.0011089666513726115,9.999999747378752e-05
1728,1.0,0.001687156385742128,9.999999747378752e-05
1729,1.0,0.0012981577310711145,9.999999747378752e-05
1730,1.0,0.0010409124661237001,9.999999747378752e-05
1731,1.0,0.0008263228228315711,9.999999747378752e-05
1732,1.0,0.0014580638380721211,9.999999747378752e-05
1733,1.0,0.0004407983797136694,9.999999747378752e-05
1734,1.0,0.0005331366555765271,9.999999747378752e-05
1735,1.0,0.0005771038704551756,9.999999747378752e-05
1736,1.0,0.0007366056088358164,9.999999747378752e-05
1737,1.0,0.0007210113108158112,9.999999747378752e-05
1738,1.0,0.0004254890081938356,9.999999747378752e-05
1739,1.0,0.00077679572859779,9.999999747378752e-05
1740,1.0,0.0014162511797621846,9.999999747378752e-05
1741,1.0,0.0007511996082030237,9.999999747378752e-05
1742,1.0,0.0009321290999650955,9.999999747378752e-05
1743,1.0,0.000643078878056258,9.999999747378752e-05
1744,1.0,0.0008328328840434551,9.999999747378752e-05
1745,1.0,0.000860407657455653,9.999999747378752e-05
1746,1.0,0.0005545666208490729,9.999999747378752e-05
1747,1.0,0.0008388029527850449,9.999999747378752e-05
1748,1.0,0.0004298115090932697,9.999999747378752e-05
1749,1.0,0.0004568689037114382,9.999999747378752e-05
1750,1.0,0.0007815551944077015,9.999999747378752e-05
1751,1.0,0.0005406776326708496,9.999999747378752e-05
1752,1.0,0.0003960749600082636,9.999999747378752e-05
1753,1.0,0.0011536062229424715,9.999999747378752e-05
1754,1.0,0.0004821948241442442,9.999999747378752e-05
1755,1.0,0.0007668131147511303,9.999999747378752e-05
1756,1.0,0.0008793385932222009,9.999999747378752e-05
1757,1.0,0.0009965907083824277,9.999999747378752e-05
1758,1.0,0.000832993711810559,9.999999747378752e-05
1759,1.0,0.0006922894390299916,9.999999747378752e-05
1760,1.0,0.0007564852712675929,9.999999747378752e-05
1761,1.0,0.001124447793699801,9.999999747378752e-05
1762,1.0,0.00045311800204217434,9.999999747378752e-05
1763,1.0,0.0007286088657565415,9.999999747378752e-05
1764,1.0,0.0032032884191721678,9.999999747378752e-05
1765,1.0,0.00586097314953804,9.999999747378752e-05
1766,1.0,0.0032986891455948353,9.999999747378752e-05
1767,1.0,0.00912055280059576,9.999999747378752e-05
1768,1.0,0.0037756531964987516,9.999999747378752e-05
1769,1.0,0.002997757401317358,9.999999747378752e-05
1770,1.0,0.0015835169469937682,9.999999747378752e-05
1771,1.0,0.00251164473593235,9.999999747378752e-05
1772,1.0,0.001145926071330905,9.999999747378752e-05
1773,1.0,0.001065789139829576,9.999999747378752e-05
1774,1.0,0.0014163317391648889,9.999999747378752e-05
1775,1.0,0.0013424304779618979,9.999999747378752e-05
1776,1.0,0.0009439612040296197,9.999999747378752e-05
1777,1.0,0.0007898731273598969,9.999999747378752e-05
1778,1.0,0.000925644941162318,9.999999747378752e-05
1779,1.0,0.0007015341543592513,9.999999747378752e-05
1780,1.0,0.0009234134922735393,9.999999747378752e-05
1781,1.0,0.0009226896800100803,9.999999747378752e-05
1782,1.0,0.0013249331386759877,9.999999747378752e-05
1783,1.0,0.002372107934206724,9.999999747378752e-05
1784,1.0,0.00101212109439075,9.999999747378752e-05
1785,1.0,0.0020331130363047123,9.999999747378752e-05
1786,1.0,0.0007480054046027362,9.999999747378752e-05
1787,1.0,0.0010929901618510485,9.999999747378752e-05
1788,1.0,0.0016134934267029166,9.999999747378752e-05
1789,1.0,0.0008582010632380843,9.999999747378752e-05
1790,1.0,0.0007680961862206459,9.999999747378752e-05
1791,1.0,0.0007772307144477963,9.999999747378752e-05
1792,1.0,0.0006833545630797744,9.999999747378752e-05
1793,1.0,0.0009963858174160123,9.999999747378752e-05
1794,1.0,0.0006627473630942404,9.999999747378752e-05
1795,1.0,0.0006232707528397441,9.999999747378752e-05
1796,1.0,0.0011113215005025268,9.999999747378752e-05
1797,1.0,0.0007354208501055837,9.999999747378752e-05
1798,1.0,0.0003814550000242889,9.999999747378752e-05
1799,1.0,0.0010498152114450932,9.999999747378752e-05
1800,1.0,0.0031926031224429607,9.999999747378752e-05
1801,1.0,0.0007564618717879057,9.999999747378752e-05
1802,1.0,0.0014810895081609488,9.999999747378752e-05
1803,1.0,0.001652183709666133,9.999999747378752e-05
1804,1.0,0.0014569313498213887,9.999999747378752e-05
1805,1.0,0.0006277241045609117,9.999999747378752e-05
1806,1.0,0.0009906049817800522,9.999999747378752e-05
1807,1.0,0.0003908041981048882,9.999999747378752e-05
1808,1.0,0.00083135039312765,9.999999747378752e-05
1809,1.0,0.0005641324678435922,9.999999747378752e-05
1810,1.0,0.0011271092807874084,9.999999747378752e-05
1811,1.0,0.0011184316826984286,9.999999747378752e-05
1812,1.0,0.0008791445870883763,9.999999747378752e-05
1813,1.0,0.0005115146050229669,9.999999747378752e-05
1814,1.0,0.000948346103541553,9.999999747378752e-05
1815,1.0,0.0007970348815433681,9.999999747378752e-05
1816,1.0,0.0006736181676387787,9.999999747378752e-05
1817,1.0,0.0008277153829112649,9.999999747378752e-05
1818,1.0,0.0008038190426304936,9.999999747378752e-05
1819,1.0,0.0006451870431192219,9.999999747378752e-05
1820,1.0,0.0006160101038403809,9.999999747378752e-05
1821,1.0,0.0006382290739566088,9.999999747378752e-05
1822,1.0,0.0005777020705863833,9.999999747378752e-05
1823,1.0,0.0005148447817191482,9.999999747378752e-05
1824,1.0,0.0008202606695704162,9.999999747378752e-05
1825,1.0,0.0005486063892021775,9.999999747378752e-05
1826,1.0,0.0029366775415837765,9.999999747378752e-05
1827,1.0,0.0007948243292048573,9.999999747378752e-05
1828,1.0,0.003226757049560547,9.999999747378752e-05
1829,1.0,0.0025013918057084084,9.999999747378752e-05
1830,1.0,0.0026202420704066753,9.999999747378752e-05
1831,1.0,0.0017157442634925246,9.999999747378752e-05
1832,1.0,0.0009004611638374627,9.999999747378752e-05
1833,1.0,0.003667860757559538,9.999999747378752e-05
1834,1.0,0.001074032625183463,9.999999747378752e-05
1835,1.0,0.0008343140361830592,9.999999747378752e-05
1836,1.0,0.0008587336051277816,9.999999747378752e-05
1837,1.0,0.0006571431295014918,9.999999747378752e-05
1838,1.0,0.0006523392512463033,9.999999747378752e-05
1839,1.0,0.0005805157124996185,9.999999747378752e-05
1840,1.0,0.0009787229355424643,9.999999747378752e-05
1841,1.0,0.00043275003554299474,9.999999747378752e-05
1842,1.0,0.00065231928601861,9.999999747378752e-05
1843,1.0,0.001224879059009254,9.999999747378752e-05
1844,1.0,0.000653317547403276,9.999999747378752e-05
1845,1.0,0.0008580051362514496,9.999999747378752e-05
1846,1.0,0.0006395830423571169,9.999999747378752e-05
1847,1.0,0.000629630230832845,9.999999747378752e-05
1848,1.0,0.0010853058192878962,9.999999747378752e-05
1849,1.0,0.0004690110799856484,9.999999747378752e-05
1850,1.0,0.0020488903392106295,9.999999747378752e-05
1851,1.0,0.0007051680004224181,9.999999747378752e-05
1852,1.0,0.0005994053790345788,9.999999747378752e-05
1853,1.0,0.000638249795883894,9.999999747378752e-05
1854,1.0,0.004379960708320141,9.999999747378752e-05
1855,1.0,0.0015417226823046803,9.999999747378752e-05
1856,1.0,0.0011960407719016075,9.999999747378752e-05
1857,1.0,0.000747638288885355,9.999999747378752e-05
1858,1.0,0.0006733262562192976,9.999999747378752e-05
1859,1.0,0.0013769061770290136,9.999999747378752e-05
1860,1.0,0.000456925859907642,9.999999747378752e-05
1861,1.0,0.0013625385472550988,9.999999747378752e-05
1862,1.0,0.0006731591420248151,9.999999747378752e-05
1863,1.0,0.0008796587353572249,9.999999747378752e-05
1864,1.0,0.00045976723777130246,9.999999747378752e-05
1865,1.0,0.0005953513900749385,9.999999747378752e-05
1866,1.0,0.0006498763104900718,9.999999747378752e-05
1867,1.0,0.0005370298167690635,9.999999747378752e-05
1868,1.0,0.0007006098167039454,9.999999747378752e-05
1869,1.0,0.0004471809952519834,9.999999747378752e-05
1870,1.0,0.0006723564001731575,9.999999747378752e-05
1871,1.0,0.00042150673107244074,9.999999747378752e-05
1872,1.0,0.0007339036674238741,9.999999747378752e-05
1873,1.0,0.001035133725963533,9.999999747378752e-05
1874,1.0,0.0005068465834483504,9.999999747378752e-05
1875,1.0,0.0005523634026758373,9.999999747378752e-05
1876,1.0,0.0007021683850325644,9.999999747378752e-05
1877,1.0,0.0018996590515598655,9.999999747378752e-05
1878,1.0,0.0007604489219374955,9.999999747378752e-05
1879,1.0,0.0012577753514051437,9.999999747378752e-05
1880,1.0,0.0007962047238834202,9.999999747378752e-05
1881,1.0,0.0006404424784705043,9.999999747378752e-05
1882,1.0,0.0007755459519103169,9.999999747378752e-05
1883,1.0,0.0005349639104679227,9.999999747378752e-05
1884,1.0,0.0005955187371000648,9.999999747378752e-05
1885,1.0,0.0011834267061203718,9.999999747378752e-05
1886,1.0,0.000827031210064888,9.999999747378752e-05
1887,1.0,0.0007130379672162235,9.999999747378752e-05
1888,1.0,0.00041022669756785035,9.999999747378752e-05
1889,1.0,0.0009326747385784984,9.999999747378752e-05
1890,1.0,0.0005426453426480293,9.999999747378752e-05
1891,1.0,0.0006943618645891547,9.999999747378752e-05
1892,1.0,0.0007276239921338856,9.999999747378752e-05
1893,1.0,0.0006890433141961694,9.999999747378752e-05
1894,1.0,0.0013586912536993623,9.999999747378752e-05
1895,1.0,0.0003127484524156898,9.999999747378752e-05
1896,1.0,0.00303160329349339,9.999999747378752e-05
1897,1.0,0.0012626684037968516,9.999999747378752e-05
1898,1.0,0.0010419704485684633,9.999999747378752e-05
1899,1.0,0.001116967061534524,9.999999747378752e-05
1900,1.0,0.0008421296370215714,9.999999747378752e-05
1901,1.0,0.002384263090789318,9.999999747378752e-05
1902,1.0,0.0005704014911316335,9.999999747378752e-05
1903,1.0,0.0013712265063077211,9.999999747378752e-05
1904,1.0,0.0028265523724257946,9.999999747378752e-05
1905,1.0,0.0020281714387238026,9.999999747378752e-05
1906,1.0,0.000839842832647264,9.999999747378752e-05
1907,1.0,0.0008513424545526505,9.999999747378752e-05
1908,1.0,0.001406028401106596,9.999999747378752e-05
1909,1.0,0.0011777321342378855,9.999999747378752e-05
1910,1.0,0.0006064352346584201,9.999999747378752e-05
1911,1.0,0.0005810041911900043,9.999999747378752e-05
1912,1.0,0.000668139080516994,9.999999747378752e-05
1913,1.0,0.0007710718782618642,9.999999747378752e-05
1914,1.0,0.0005569338682107627,9.999999747378752e-05
1915,1.0,0.0014399293577298522,9.999999747378752e-05
1916,1.0,0.0007020869525149465,9.999999747378752e-05
1917,1.0,0.0016740277642384171,9.999999747378752e-05
1918,1.0,0.0009261610684916377,9.999999747378752e-05
1919,1.0,0.0005199936567805707,9.999999747378752e-05
1920,1.0,0.0011185224866494536,9.999999747378752e-05
1921,1.0,0.0007625225698575377,9.999999747378752e-05
1922,1.0,0.00048026948934420943,9.999999747378752e-05
1923,1.0,0.0007103158859536052,9.999999747378752e-05
1924,1.0,0.001679628505371511,9.999999747378752e-05
1925,1.0,0.0006526570650748909,9.999999747378752e-05
1926,1.0,0.0009234618628397584,9.999999747378752e-05
1927,1.0,0.0009154067374765873,9.999999747378752e-05
1928,1.0,0.0007672029314562678,9.999999747378752e-05
1929,1.0,0.0005162837915122509,9.999999747378752e-05
1930,1.0,0.0004791509418282658,9.999999747378752e-05
1931,1.0,0.00025004451163113117,9.999999747378752e-05
1932,1.0,0.0002972290385514498,9.999999747378752e-05
1933,1.0,0.0004956749617122114,9.999999747378752e-05
1934,1.0,0.0005745928501710296,9.999999747378752e-05
1935,1.0,0.0008756478200666606,9.999999747378752e-05
1936,1.0,0.0004938378115184605,9.999999747378752e-05
1937,1.0,0.00046897484571672976,9.999999747378752e-05
1938,1.0,0.0004031266435049474,9.999999747378752e-05
1939,1.0,0.00036830047611147165,9.999999747378752e-05
1940,1.0,0.00034148411941714585,9.999999747378752e-05
1941,1.0,0.0008993648807518184,9.999999747378752e-05
1942,1.0,0.0014909898163750768,9.999999747378752e-05
1943,1.0,0.0006573003483936191,9.999999747378752e-05
1944,1.0,0.0004537540371529758,9.999999747378752e-05
1945,1.0,0.0005323071382008493,9.999999747378752e-05
1946,1.0,0.0004828617093153298,9.999999747378752e-05
1947,1.0,0.00032179770641960204,9.999999747378752e-05
1948,1.0,0.0013901882339268923,9.999999747378752e-05
1949,1.0,0.0008352046133950353,9.999999747378752e-05
1950,1.0,0.0006818055408075452,9.999999747378752e-05
1951,1.0,0.0003845553728751838,9.999999747378752e-05
1952,1.0,0.0006751203327439725,9.999999747378752e-05
1953,1.0,0.0005905927973799407,9.999999747378752e-05
1954,1.0,0.0005157385021448135,9.999999747378752e-05
1955,1.0,0.0009453006205148995,9.999999747378752e-05
1956,1.0,0.0009490121155977249,9.999999747378752e-05
1957,1.0,0.0005592632805928588,9.999999747378752e-05
1958,1.0,0.0005114209488965571,9.999999747378752e-05
1959,1.0,0.0003166001115459949,9.999999747378752e-05
1960,1.0,0.0004124250262975693,9.999999747378752e-05
1961,1.0,0.0002699312171898782,9.999999747378752e-05
1962,1.0,0.00018758226360660046,9.999999747378752e-05
1963,1.0,0.0008231193642131984,9.999999747378752e-05
1964,1.0,0.00048534554662182927,9.999999747378752e-05
1965,1.0,0.000492881634272635,9.999999747378752e-05
1966,1.0,0.00033044489100575447,9.999999747378752e-05
1967,1.0,0.0004433795693330467,9.999999747378752e-05
1968,1.0,0.0007227647583931684,9.999999747378752e-05
1969,1.0,0.0006308385054580867,9.999999747378752e-05
1970,1.0,0.0005967799224890769,9.999999747378752e-05
1971,1.0,0.0005178726860322058,9.999999747378752e-05
1972,1.0,0.0008535747183486819,9.999999747378752e-05
1973,1.0,0.0013656426453962922,9.999999747378752e-05
1974,1.0,0.0007506468100473285,9.999999747378752e-05
1975,1.0,0.0004842029884457588,9.999999747378752e-05
1976,1.0,0.000597016594838351,9.999999747378752e-05
1977,1.0,0.00046021369053050876,9.999999747378752e-05
1978,1.0,0.0006439923890866339,9.999999747378752e-05
1979,1.0,0.0007607049192301929,9.999999747378752e-05
1980,1.0,0.0004800701863132417,9.999999747378752e-05
1981,1.0,0.0004269705095794052,9.999999747378752e-05
1982,1.0,0.0004341652966104448,9.999999747378752e-05
1983,1.0,0.0005421178066171706,9.999999747378752e-05
1984,1.0,0.0004208388854749501,9.999999747378752e-05
1985,1.0,0.001699036336503923,9.999999747378752e-05
1986,1.0,0.00044305837946012616,9.999999747378752e-05
1987,1.0,0.0011625627521425486,9.999999747378752e-05
1988,1.0,0.0009950660169124603,9.999999747378752e-05
1989,1.0,0.0003674775653053075,9.999999747378752e-05
1990,1.0,0.00036058941623196006,9.999999747378752e-05
1991,1.0,0.0004994511255063117,9.999999747378752e-05
1992,1.0,0.0015138770686462522,9.999999747378752e-05
1993,1.0,0.0006394809461198747,9.999999747378752e-05
1994,1.0,0.0005176977720111609,9.999999747378752e-05
1995,1.0,0.00039219175232574344,9.999999747378752e-05
1996,1.0,0.0005107213510200381,9.999999747378752e-05
1997,1.0,0.001651438302360475,9.999999747378752e-05
1998,1.0,0.0006316903163678944,9.999999747378752e-05
1999,1.0,0.0005722803762182593,9.999999747378752e-05
