,categorical_accuracy,loss,learning_rate
0,0.44107142090797424,2.170698881149292,0.0010000000474974513
1,0.6839285492897034,1.6914547681808472,0.0010000000474974513
2,0.8303571343421936,1.388967752456665,0.0010000000474974513
3,0.8696428537368774,1.1464375257492065,0.0010000000474974513
4,0.8857142925262451,0.9840566515922546,0.0010000000474974513
5,0.9125000238418579,0.815436065196991,0.0010000000474974513
6,0.9178571701049805,0.7109610438346863,0.0010000000474974513
7,0.9392856955528259,0.5892324447631836,0.0010000000474974513
8,0.9535714387893677,0.5041150450706482,0.0010000000474974513
9,0.9553571343421936,0.44083738327026367,0.0010000000474974513
10,0.9607142806053162,0.39164596796035767,0.0010000000474974513
11,0.9589285850524902,0.37286049127578735,0.0010000000474974513
12,0.9714285731315613,0.31902673840522766,0.0010000000474974513
13,0.9750000238418579,0.2887377142906189,0.0010000000474974513
14,0.9732142686843872,0.2506175935268402,0.0010000000474974513
15,0.9750000238418579,0.22349148988723755,0.0010000000474974513
16,0.9803571701049805,0.20045426487922668,0.0010000000474974513
17,0.987500011920929,0.18758375942707062,0.0010000000474974513
18,0.9910714030265808,0.16798977553844452,0.0010000000474974513
19,0.9892857074737549,0.15236222743988037,0.0010000000474974513
20,0.9892857074737549,0.1420600563287735,0.0010000000474974513
21,0.9892857074737549,0.12620551884174347,0.0010000000474974513
22,0.9982143044471741,0.10684721171855927,0.0010000000474974513
23,0.9964285492897034,0.09553666412830353,0.0010000000474974513
24,0.9964285492897034,0.08587116003036499,0.0010000000474974513
25,0.9982143044471741,0.08788340538740158,0.0010000000474974513
26,0.9982143044471741,0.0816439837217331,0.0010000000474974513
27,0.9964285492897034,0.06450683623552322,0.0010000000474974513
28,0.9982143044471741,0.08026459068059921,0.0010000000474974513
29,0.9982143044471741,0.05511617660522461,0.0010000000474974513
30,0.9982143044471741,0.049398113042116165,0.0010000000474974513
31,1.0,0.04813496768474579,0.0010000000474974513
32,0.9982143044471741,0.04615762084722519,0.0010000000474974513
33,0.9964285492897034,0.05998144671320915,0.0010000000474974513
34,1.0,0.04442264139652252,0.0010000000474974513
35,1.0,0.035057201981544495,0.0010000000474974513
36,0.9892857074737549,0.07304678857326508,0.0010000000474974513
37,0.9982143044471741,0.06251690536737442,0.0010000000474974513
38,0.9982143044471741,0.04908580332994461,0.0010000000474974513
39,1.0,0.03741256520152092,0.0010000000474974513
40,1.0,0.03398846462368965,0.0010000000474974513
41,1.0,0.02796005643904209,0.0010000000474974513
42,1.0,0.02169216237962246,0.0010000000474974513
43,1.0,0.017973288893699646,0.0010000000474974513
44,1.0,0.016839616000652313,0.0010000000474974513
45,1.0,0.017113681882619858,0.0010000000474974513
46,1.0,0.014133060351014137,0.0010000000474974513
47,1.0,0.012213451787829399,0.0010000000474974513
48,1.0,0.01328064501285553,0.0010000000474974513
49,1.0,0.010942238382995129,0.0010000000474974513
50,1.0,0.014889690093696117,0.0010000000474974513
51,0.9982143044471741,0.02432139776647091,0.0010000000474974513
52,0.9982143044471741,0.02862250804901123,0.0010000000474974513
53,1.0,0.02132517658174038,0.0010000000474974513
54,1.0,0.012585875578224659,0.0010000000474974513
55,1.0,0.01230650581419468,0.0010000000474974513
56,1.0,0.011941931210458279,0.0010000000474974513
57,1.0,0.010367990471422672,0.0010000000474974513
58,1.0,0.007694585714489222,0.0010000000474974513
59,1.0,0.007514067925512791,0.0010000000474974513
60,1.0,0.007178730797022581,0.0010000000474974513
61,1.0,0.005460167303681374,0.0010000000474974513
62,1.0,0.00540661858394742,0.0010000000474974513
63,1.0,0.0059430040419101715,0.0010000000474974513
64,1.0,0.006150085479021072,0.0010000000474974513
65,1.0,0.005882430821657181,0.0010000000474974513
66,1.0,0.005199084989726543,0.0010000000474974513
67,1.0,0.0043938010931015015,0.0010000000474974513
68,1.0,0.004244932904839516,0.0010000000474974513
69,1.0,0.0043791369535028934,0.0010000000474974513
70,1.0,0.005040369927883148,0.0010000000474974513
71,1.0,0.0040101162157952785,0.0010000000474974513
72,1.0,0.0067190201953053474,0.0010000000474974513
73,1.0,0.007383981719613075,0.0010000000474974513
74,1.0,0.008297317661345005,0.0010000000474974513
75,1.0,0.00805775448679924,0.0010000000474974513
76,1.0,0.00412278575822711,0.0010000000474974513
77,1.0,0.003279593540355563,0.0010000000474974513
78,1.0,0.002843559253960848,0.0010000000474974513
79,1.0,0.004167510662227869,0.0010000000474974513
80,1.0,0.004461590200662613,0.0010000000474974513
81,1.0,0.0033680221531540155,0.0010000000474974513
82,1.0,0.00347584648989141,0.0010000000474974513
83,1.0,0.007608100306242704,0.0010000000474974513
84,0.9357143044471741,0.2946126163005829,0.0010000000474974513
85,0.9660714268684387,0.17467164993286133,0.0010000000474974513
86,0.9839285612106323,0.09413936734199524,0.0010000000474974513
87,0.9928571581840515,0.050280213356018066,0.0010000000474974513
88,1.0,0.023707646876573563,0.0010000000474974513
89,1.0,0.013282809406518936,0.0010000000474974513
90,1.0,0.009150592610239983,0.0010000000474974513
91,1.0,0.007784593850374222,0.0010000000474974513
92,1.0,0.00769927678629756,0.0010000000474974513
93,1.0,0.0055152494460344315,0.0010000000474974513
94,1.0,0.005538919009268284,0.0010000000474974513
95,1.0,0.005035993177443743,0.0010000000474974513
96,1.0,0.003926422912627459,0.0010000000474974513
97,1.0,0.004726185463368893,0.0010000000474974513
98,1.0,0.0038248265627771616,0.0010000000474974513
99,1.0,0.00392270740121603,0.0010000000474974513
100,1.0,0.002734858775511384,0.0010000000474974513
101,1.0,0.002851329743862152,0.0010000000474974513
102,1.0,0.0023113442584872246,0.0010000000474974513
103,1.0,0.002769913524389267,0.0010000000474974513
104,0.9982143044471741,0.012928299605846405,0.0010000000474974513
105,1.0,0.012471823953092098,0.0010000000474974513
106,1.0,0.005849342793226242,0.0010000000474974513
107,1.0,0.005114739760756493,0.0010000000474974513
108,0.9964285492897034,0.020692210644483566,0.0010000000474974513
109,0.9910714030265808,0.05226034298539162,0.0010000000474974513
110,0.9785714149475098,0.10139843076467514,0.0010000000474974513
111,0.987500011920929,0.0776929035782814,0.0010000000474974513
112,0.9892857074737549,0.06907769292593002,0.0010000000474974513
113,0.9946428537368774,0.04823964834213257,0.0010000000474974513
114,0.9964285492897034,0.021177593618631363,0.0010000000474974513
115,0.9946428537368774,0.022692086175084114,0.0010000000474974513
116,1.0,0.012782728299498558,0.0010000000474974513
117,1.0,0.013088728301227093,0.0010000000474974513
118,1.0,0.006879004649817944,0.0010000000474974513
119,1.0,0.003867498831823468,0.0010000000474974513
120,1.0,0.003093755804002285,0.0010000000474974513
121,1.0,0.0025014677084982395,0.0010000000474974513
122,1.0,0.002701669931411743,0.0010000000474974513
123,1.0,0.0021800908725708723,0.0010000000474974513
124,1.0,0.0020549523178488016,0.0010000000474974513
125,1.0,0.0020575181115418673,0.0010000000474974513
126,1.0,0.001509903115220368,0.0010000000474974513
127,1.0,0.0014101883862167597,0.0010000000474974513
128,1.0,0.001492033712565899,0.0010000000474974513
129,1.0,0.001975513994693756,0.0010000000474974513
130,1.0,0.002061154693365097,0.0010000000474974513
131,1.0,0.001942785456776619,0.0010000000474974513
132,1.0,0.0015369374305009842,0.0010000000474974513
133,1.0,0.0013108393177390099,0.0010000000474974513
134,1.0,0.0015640071360394359,0.0010000000474974513
135,1.0,0.0011517936363816261,0.0010000000474974513
136,1.0,0.0016033437568694353,0.0010000000474974513
137,0.9982143044471741,0.008309428580105305,0.0010000000474974513
138,0.9982143044471741,0.03110305592417717,0.0010000000474974513
139,1.0,0.01383270975202322,0.0010000000474974513
140,0.9982143044471741,0.01202517282217741,0.0010000000474974513
141,1.0,0.0060344175435602665,0.0010000000474974513
142,1.0,0.0033610339742153883,0.0010000000474974513
143,1.0,0.0020065840799361467,0.0010000000474974513
144,1.0,0.00156108767259866,0.0010000000474974513
145,1.0,0.0011244859779253602,0.0010000000474974513
146,1.0,0.0010743358870968223,0.0010000000474974513
147,1.0,0.00155980687122792,0.0010000000474974513
148,1.0,0.0009469807264395058,0.0010000000474974513
149,1.0,0.0013257719110697508,0.0010000000474974513
150,1.0,0.0011242175241932273,0.0010000000474974513
151,1.0,0.001182608655653894,0.0010000000474974513
152,1.0,0.0011332954745739698,0.0010000000474974513
153,1.0,0.0016388362273573875,0.0010000000474974513
154,1.0,0.0010367727372795343,0.0010000000474974513
155,1.0,0.0007028481340967119,0.0010000000474974513
156,1.0,0.0012221394572407007,0.0010000000474974513
157,1.0,0.0008715574513189495,0.0010000000474974513
158,1.0,0.0007627019076608121,0.0010000000474974513
159,1.0,0.0006165644153952599,0.0010000000474974513
160,1.0,0.0008768073748797178,0.0010000000474974513
161,1.0,0.000699056196026504,0.0010000000474974513
162,1.0,0.0005541768623515964,0.0010000000474974513
163,1.0,0.0005911734770052135,0.0010000000474974513
164,1.0,0.0006712320609949529,0.0010000000474974513
165,1.0,0.0007406060467474163,0.0010000000474974513
166,1.0,0.0004934727330692112,0.0010000000474974513
167,1.0,0.0006477680872194469,0.0010000000474974513
168,1.0,0.0006041153101250529,0.0010000000474974513
169,1.0,0.0006595493177883327,0.0010000000474974513
170,1.0,0.0005904269637539983,0.0010000000474974513
171,1.0,0.000528419332113117,0.0010000000474974513
172,1.0,0.0005720118642784655,0.0010000000474974513
173,1.0,0.0005373982712626457,0.0010000000474974513
174,1.0,0.0006227570702321827,0.0010000000474974513
175,1.0,0.000501528789754957,0.0010000000474974513
176,1.0,0.00047737141721881926,0.0010000000474974513
177,1.0,0.0005306595703586936,0.0010000000474974513
178,1.0,0.00040393773815594614,0.0010000000474974513
179,1.0,0.0005091207567602396,0.0010000000474974513
180,1.0,0.0007051218999549747,0.0010000000474974513
181,1.0,0.000541152898222208,0.0010000000474974513
182,1.0,0.0005075811059214175,0.0010000000474974513
183,1.0,0.0003388827608432621,0.0010000000474974513
184,1.0,0.0005250570829957724,0.0010000000474974513
185,1.0,0.0008808698039501905,0.0010000000474974513
186,1.0,0.0008978622499853373,0.0010000000474974513
187,1.0,0.0005983483861200511,0.0010000000474974513
188,1.0,0.0003271436726208776,0.0010000000474974513
189,1.0,0.00040811780490912497,0.0010000000474974513
190,1.0,0.0004054107703268528,0.0010000000474974513
191,1.0,0.0004163066332694143,0.0010000000474974513
192,1.0,0.0003477794525679201,0.0010000000474974513
193,1.0,0.000391776324249804,0.0010000000474974513
194,1.0,0.0004597441293299198,0.0010000000474974513
195,1.0,0.0005034376517869532,0.0010000000474974513
196,1.0,0.0004125882114749402,0.0010000000474974513
197,1.0,0.0003463972534518689,0.0010000000474974513
198,1.0,0.0006421100697480142,0.0010000000474974513
199,1.0,0.003485680790618062,0.0010000000474974513
200,0.9803571701049805,0.07133069634437561,0.0010000000474974513
201,0.9428571462631226,0.25264766812324524,0.0010000000474974513
202,0.9892857074737549,0.07234939932823181,0.0010000000474974513
203,0.9857142567634583,0.07199931144714355,0.0010000000474974513
204,0.9964285492897034,0.025635546073317528,0.0010000000474974513
205,1.0,0.008611624129116535,0.0010000000474974513
206,1.0,0.004724559374153614,0.0010000000474974513
207,1.0,0.0034997849725186825,0.0010000000474974513
208,1.0,0.0031087687239050865,0.0010000000474974513
209,1.0,0.003218341153115034,0.0010000000474974513
210,1.0,0.0035958094522356987,0.0010000000474974513
211,1.0,0.00277324509806931,0.0010000000474974513
212,1.0,0.0022987350821495056,0.0010000000474974513
213,1.0,0.0020477171055972576,0.0010000000474974513
214,1.0,0.001540458993986249,0.0010000000474974513
215,1.0,0.001729402458295226,0.0010000000474974513
216,1.0,0.0018224659143015742,0.0010000000474974513
217,1.0,0.0013585927663370967,0.0010000000474974513
218,1.0,0.0013712795916944742,0.0010000000474974513
219,1.0,0.0011235945858061314,0.0010000000474974513
220,1.0,0.0012201325735077262,0.0010000000474974513
221,1.0,0.0012221280485391617,0.0010000000474974513
222,1.0,0.0015782922273501754,0.0010000000474974513
223,1.0,0.0013414948480203748,0.0010000000474974513
224,1.0,0.000817227060906589,0.0010000000474974513
225,1.0,0.0009653206216171384,0.0010000000474974513
226,1.0,0.0009156546439044178,0.0010000000474974513
227,1.0,0.0014074877835810184,0.0010000000474974513
228,1.0,0.0007656718371436,0.0010000000474974513
229,1.0,0.0009647211991250515,0.0005000000237487257
230,1.0,0.0006997691816650331,0.0005000000237487257
231,1.0,0.000751882151234895,0.0005000000237487257
232,1.0,0.000603491032961756,0.0005000000237487257
233,1.0,0.0006486523197963834,0.0005000000237487257
234,1.0,0.0007172374753281474,0.0005000000237487257
235,1.0,0.000656826188787818,0.0005000000237487257
236,1.0,0.0007170688477344811,0.0005000000237487257
237,1.0,0.0009042159654200077,0.0005000000237487257
238,1.0,0.000686024664901197,0.0005000000237487257
239,1.0,0.0007634566281922162,0.0005000000237487257
240,1.0,0.00089349749032408,0.0005000000237487257
241,1.0,0.0007331176893785596,0.0005000000237487257
242,1.0,0.0007364188204519451,0.0005000000237487257
243,1.0,0.0007327189669013023,0.0005000000237487257
244,1.0,0.0007185150752775371,0.0005000000237487257
245,1.0,0.0005418042419478297,0.0005000000237487257
246,1.0,0.0012849780032411218,0.0005000000237487257
247,1.0,0.0006371123599819839,0.0005000000237487257
248,1.0,0.0009783670539036393,0.0005000000237487257
249,1.0,0.0007481514476239681,0.0005000000237487257
250,1.0,0.0007049384294077754,0.0005000000237487257
251,1.0,0.0010472146095708013,0.0005000000237487257
252,1.0,0.0006054599652998149,0.0005000000237487257
253,1.0,0.0006804530858062208,0.0005000000237487257
254,1.0,0.000801689107902348,0.0005000000237487257
255,1.0,0.0006499600131064653,0.0005000000237487257
256,1.0,0.00046166713582351804,0.0005000000237487257
257,1.0,0.0005632272805087268,0.0005000000237487257
258,1.0,0.0004608373565133661,0.0005000000237487257
259,1.0,0.0003898489521816373,0.0005000000237487257
260,1.0,0.0004028474213555455,0.0005000000237487257
261,1.0,0.00040860148146748543,0.0005000000237487257
262,1.0,0.0004309265350457281,0.0005000000237487257
263,1.0,0.0004941941006109118,0.0005000000237487257
264,1.0,0.0005138321430422366,0.0005000000237487257
265,1.0,0.0005494048818945885,0.0005000000237487257
266,1.0,0.0006716986536048353,0.0005000000237487257
267,1.0,0.0005179361323826015,0.0005000000237487257
268,1.0,0.0005017759976908565,0.0005000000237487257
269,1.0,0.000339600897859782,0.0005000000237487257
270,1.0,0.0003752027696464211,0.0005000000237487257
271,1.0,0.0004167278530076146,0.0005000000237487257
272,1.0,0.00038992916233837605,0.0005000000237487257
273,1.0,0.00043196012848056853,0.0005000000237487257
274,1.0,0.0003844267630483955,0.0005000000237487257
275,1.0,0.00033063156297430396,0.0005000000237487257
276,1.0,0.00045004813000559807,0.0005000000237487257
277,1.0,0.0004392640548758209,0.0005000000237487257
278,1.0,0.00030406200676225126,0.0005000000237487257
279,1.0,0.0004435196169652045,0.0002500000118743628
280,1.0,0.00038916192715987563,0.0002500000118743628
281,1.0,0.0007362443138845265,0.0002500000118743628
282,1.0,0.00039230569382198155,0.0002500000118743628
283,1.0,0.0004434532602317631,0.0002500000118743628
284,1.0,0.00032731291139498353,0.0002500000118743628
285,1.0,0.0004925354733131826,0.0002500000118743628
286,1.0,0.00033535665716044605,0.0002500000118743628
287,1.0,0.0002776285691652447,0.0002500000118743628
288,1.0,0.0004717781557701528,0.0002500000118743628
289,1.0,0.00032723977346904576,0.0002500000118743628
290,1.0,0.00035454437602311373,0.0002500000118743628
291,1.0,0.00037663039984181523,0.0002500000118743628
292,1.0,0.00035692501114681363,0.0002500000118743628
293,1.0,0.0002847229188773781,0.0002500000118743628
294,1.0,0.00033560505835339427,0.0002500000118743628
295,1.0,0.00032427397673018277,0.0002500000118743628
296,1.0,0.0003683663671836257,0.0002500000118743628
297,1.0,0.00033048680052161217,0.0002500000118743628
298,1.0,0.00031377829145640135,0.0002500000118743628
299,1.0,0.000391333713196218,0.0002500000118743628
300,1.0,0.0003119800239801407,0.0002500000118743628
301,1.0,0.0003674269828479737,0.0002500000118743628
302,1.0,0.0005081320414319634,0.0002500000118743628
303,1.0,0.0004568262374959886,0.0002500000118743628
304,1.0,0.00041206422611139715,0.0002500000118743628
305,1.0,0.00027407973539084196,0.0002500000118743628
306,1.0,0.00030037335818633437,0.0002500000118743628
307,1.0,0.0002272194979013875,0.0002500000118743628
308,1.0,0.00024615853908471763,0.0002500000118743628
309,1.0,0.00028341414872556925,0.0002500000118743628
310,1.0,0.0002646700304467231,0.0002500000118743628
311,1.0,0.00044245447497814894,0.0002500000118743628
312,1.0,0.0004375646822154522,0.0002500000118743628
313,1.0,0.00036487317993305624,0.0002500000118743628
314,1.0,0.0003065394703298807,0.0002500000118743628
315,1.0,0.0002571654040366411,0.0002500000118743628
316,1.0,0.0003304111596662551,0.0002500000118743628
317,1.0,0.0002805776603054255,0.0002500000118743628
318,1.0,0.0003035673580598086,0.0002500000118743628
319,1.0,0.00022686405282001942,0.0002500000118743628
320,1.0,0.000238950495258905,0.0002500000118743628
321,1.0,0.00027123172185383737,0.0002500000118743628
322,1.0,0.00019812404934782535,0.0002500000118743628
323,1.0,0.0002446008147671819,0.0002500000118743628
324,1.0,0.0002425548736937344,0.0002500000118743628
325,1.0,0.0002571505028754473,0.0002500000118743628
326,1.0,0.0004596220678649843,0.0002500000118743628
327,1.0,0.00033401965629309416,0.0002500000118743628
328,1.0,0.0001944779505720362,0.0002500000118743628
329,1.0,0.00023827733821235597,0.0002500000118743628
330,1.0,0.00021342778927646577,0.0002500000118743628
331,1.0,0.00022732366051059216,0.0002500000118743628
332,1.0,0.00020007336570415646,0.0002500000118743628
333,1.0,0.0002637365541886538,0.0002500000118743628
334,1.0,0.00039960487629286945,0.0002500000118743628
335,1.0,0.00027677215985022485,0.0002500000118743628
336,1.0,0.00024411137565039098,0.0002500000118743628
337,1.0,0.0002518861147109419,0.0002500000118743628
338,1.0,0.00020205232431180775,0.0001250000059371814
339,1.0,0.00019867521768901497,0.0001250000059371814
340,1.0,0.00017795918392948806,0.0001250000059371814
341,1.0,0.0002575991384219378,0.0001250000059371814
342,1.0,0.0002735948655754328,0.0001250000059371814
343,1.0,0.00022980879293754697,0.0001250000059371814
344,1.0,0.00019243841234128922,0.0001250000059371814
345,1.0,0.00023182308359537274,0.0001250000059371814
346,1.0,0.0002276304003316909,0.0001250000059371814
347,1.0,0.00018572696717455983,0.0001250000059371814
348,1.0,0.00033636103034950793,0.0001250000059371814
349,1.0,0.0002593270328361541,0.0001250000059371814
350,1.0,0.00014366816321853548,0.0001250000059371814
351,1.0,0.0002801857772283256,0.0001250000059371814
352,1.0,0.00018560873286332935,0.0001250000059371814
353,1.0,0.00018151251424569637,0.0001250000059371814
354,1.0,0.0001867730898084119,0.0001250000059371814
355,1.0,0.00019735419482458383,0.0001250000059371814
356,1.0,0.00017017505888361484,0.0001250000059371814
357,1.0,0.00020272487017791718,0.0001250000059371814
358,1.0,0.0002191158419009298,0.0001250000059371814
359,1.0,0.00019883792265318334,0.0001250000059371814
360,1.0,0.00022005781647749245,0.0001250000059371814
361,1.0,0.00017027654394041747,0.0001250000059371814
362,1.0,0.00014232924149837345,0.0001250000059371814
363,1.0,0.0001853675494203344,0.0001250000059371814
364,1.0,0.00016879543545655906,0.0001250000059371814
365,1.0,0.00019012154371012002,0.0001250000059371814
366,1.0,0.00013040390331298113,0.0001250000059371814
367,1.0,0.00014129950432106853,0.0001250000059371814
368,1.0,0.00019236240768805146,0.0001250000059371814
369,1.0,0.00024055063840933144,0.0001250000059371814
370,1.0,0.00012354755017440766,0.0001250000059371814
371,1.0,0.00014699816529173404,0.0001250000059371814
372,1.0,0.00015532076940871775,0.0001250000059371814
373,1.0,0.00018593505956232548,0.0001250000059371814
374,1.0,0.0002917192177847028,0.0001250000059371814
375,1.0,0.0001909820275614038,0.0001250000059371814
376,1.0,0.00020197399135213345,0.0001250000059371814
377,1.0,0.00024576898431405425,0.0001250000059371814
378,1.0,0.00014607720368076116,0.0001250000059371814
379,1.0,0.00020263492478989065,0.0001250000059371814
380,1.0,0.0006011326913721859,0.0001250000059371814
381,1.0,0.0002731173299252987,0.0001250000059371814
382,1.0,0.00022489429102279246,0.0001250000059371814
383,1.0,0.00020006191334687173,0.0001250000059371814
384,1.0,0.00019443902419880033,0.0001250000059371814
385,1.0,0.00012430372589733452,0.0001250000059371814
386,1.0,0.0001352662657154724,0.0001250000059371814
387,1.0,0.00023824095842428505,0.0001250000059371814
388,1.0,0.0001910469145514071,0.0001250000059371814
389,1.0,0.00013717744150198996,0.0001250000059371814
390,1.0,0.00022141236695460975,0.0001250000059371814
391,1.0,0.00017058431694749743,0.0001250000059371814
392,1.0,0.0002204116462962702,0.0001250000059371814
393,1.0,0.00014995885430835187,0.0001250000059371814
394,1.0,0.0001661082060309127,0.0001250000059371814
395,1.0,0.00022252302733249962,0.0001250000059371814
396,1.0,0.00014025291602592915,0.0001250000059371814
397,1.0,0.00026489264564588666,0.0001250000059371814
398,1.0,0.00011356587492628023,0.0001250000059371814
399,1.0,0.00011951058695558459,0.0001250000059371814
400,1.0,0.00020129788026679307,0.0001250000059371814
401,1.0,0.0001291995431529358,9.999999747378752e-05
402,1.0,0.0001484637032262981,9.999999747378752e-05
403,1.0,0.00010443312203278765,9.999999747378752e-05
404,1.0,0.00019317922124173492,9.999999747378752e-05
405,1.0,0.00011307155364193022,9.999999747378752e-05
406,1.0,0.00013355813280213624,9.999999747378752e-05
407,1.0,9.815227531362325e-05,9.999999747378752e-05
408,1.0,0.00012144040374550968,9.999999747378752e-05
409,1.0,0.00012019530549878255,9.999999747378752e-05
410,1.0,0.00010631550685502589,9.999999747378752e-05
411,1.0,0.00018342453404329717,9.999999747378752e-05
412,1.0,0.00011770960554713383,9.999999747378752e-05
413,1.0,9.837717516347766e-05,9.999999747378752e-05
414,1.0,0.00012054347462253645,9.999999747378752e-05
415,1.0,0.00013975224283058196,9.999999747378752e-05
416,1.0,0.00013893349387217313,9.999999747378752e-05
417,1.0,0.00011802357039414346,9.999999747378752e-05
418,1.0,0.00016475362644996494,9.999999747378752e-05
419,1.0,0.00015111568791326135,9.999999747378752e-05
420,1.0,0.00013685513113159686,9.999999747378752e-05
421,1.0,0.0001698320993455127,9.999999747378752e-05
422,1.0,0.00020632598898373544,9.999999747378752e-05
423,1.0,0.00012167113163741305,9.999999747378752e-05
424,1.0,0.00012532698747236282,9.999999747378752e-05
425,1.0,0.00013052417489234358,9.999999747378752e-05
426,1.0,0.00011822804663097486,9.999999747378752e-05
427,1.0,0.00012488766515161842,9.999999747378752e-05
428,1.0,0.00011792809527833015,9.999999747378752e-05
429,1.0,0.00015232503938023,9.999999747378752e-05
430,1.0,0.00011873718904098496,9.999999747378752e-05
431,1.0,0.0001253764348803088,9.999999747378752e-05
432,1.0,8.68208080646582e-05,9.999999747378752e-05
433,1.0,9.135663276538253e-05,9.999999747378752e-05
434,1.0,0.00015501420421060175,9.999999747378752e-05
435,1.0,9.558818419463933e-05,9.999999747378752e-05
436,1.0,0.00010932364239124581,9.999999747378752e-05
437,1.0,0.0001239195407833904,9.999999747378752e-05
438,1.0,0.0001321222516708076,9.999999747378752e-05
439,1.0,8.839585643727332e-05,9.999999747378752e-05
440,1.0,0.00013686543388757855,9.999999747378752e-05
441,1.0,0.00014475933858193457,9.999999747378752e-05
442,1.0,0.00010497971379663795,9.999999747378752e-05
443,1.0,0.00016214372590184212,9.999999747378752e-05
444,1.0,0.00014584993186872452,9.999999747378752e-05
445,1.0,0.00016110156138893217,9.999999747378752e-05
446,1.0,9.802773274714127e-05,9.999999747378752e-05
447,1.0,0.00011495254875626415,9.999999747378752e-05
448,1.0,0.00018433923833072186,9.999999747378752e-05
449,1.0,8.471991895930842e-05,9.999999747378752e-05
450,1.0,0.00010391459363745525,9.999999747378752e-05
451,1.0,0.00010144415136892349,9.999999747378752e-05
452,1.0,8.688706293469295e-05,9.999999747378752e-05
453,1.0,9.61252226261422e-05,9.999999747378752e-05
454,1.0,0.00011793734302045777,9.999999747378752e-05
455,1.0,0.0001258063712157309,9.999999747378752e-05
456,1.0,8.409469592152163e-05,9.999999747378752e-05
457,1.0,8.669079397805035e-05,9.999999747378752e-05
458,1.0,0.00010240213305223733,9.999999747378752e-05
459,1.0,0.0001444578665541485,9.999999747378752e-05
460,1.0,7.581615500384942e-05,9.999999747378752e-05
461,1.0,5.5257991334656253e-05,9.999999747378752e-05
462,1.0,8.817188063403592e-05,9.999999747378752e-05
463,1.0,0.00010727468179538846,9.999999747378752e-05
464,1.0,6.586663948837668e-05,9.999999747378752e-05
465,1.0,0.00010262994328513741,9.999999747378752e-05
466,1.0,8.712928683962673e-05,9.999999747378752e-05
467,1.0,9.935209527611732e-05,9.999999747378752e-05
468,1.0,6.405058957170695e-05,9.999999747378752e-05
469,1.0,7.331291999435052e-05,9.999999747378752e-05
470,1.0,9.350405161967501e-05,9.999999747378752e-05
471,1.0,7.772904791636392e-05,9.999999747378752e-05
472,1.0,6.971081893425435e-05,9.999999747378752e-05
473,1.0,8.036029612412676e-05,9.999999747378752e-05
474,1.0,6.0340324125718325e-05,9.999999747378752e-05
475,1.0,8.904544665711e-05,9.999999747378752e-05
476,1.0,7.836071017663926e-05,9.999999747378752e-05
477,1.0,7.94634033809416e-05,9.999999747378752e-05
478,1.0,0.00010934921010630205,9.999999747378752e-05
479,1.0,8.646767673781142e-05,9.999999747378752e-05
480,1.0,6.477248098235577e-05,9.999999747378752e-05
481,1.0,7.721909059910104e-05,9.999999747378752e-05
482,1.0,5.516914825420827e-05,9.999999747378752e-05
483,1.0,0.00012389454059302807,9.999999747378752e-05
484,1.0,9.39342426136136e-05,9.999999747378752e-05
485,1.0,0.00011147900659125298,9.999999747378752e-05
486,1.0,7.318648567888886e-05,9.999999747378752e-05
487,1.0,0.0001012875436572358,9.999999747378752e-05
488,1.0,6.109911191742867e-05,9.999999747378752e-05
489,1.0,8.52565499371849e-05,9.999999747378752e-05
490,1.0,5.5748292652424425e-05,9.999999747378752e-05
491,1.0,6.732491601724178e-05,9.999999747378752e-05
492,1.0,6.832808867329732e-05,9.999999747378752e-05
493,1.0,7.077644841047004e-05,9.999999747378752e-05
494,1.0,6.40440994175151e-05,9.999999747378752e-05
495,1.0,0.00023354760196525604,9.999999747378752e-05
496,1.0,0.0002463145647197962,9.999999747378752e-05
497,1.0,0.00015543680638074875,9.999999747378752e-05
498,1.0,0.00019078116747550666,9.999999747378752e-05
499,1.0,8.190127846319228e-05,9.999999747378752e-05
500,1.0,9.067969949683174e-05,9.999999747378752e-05
501,1.0,7.624206045875326e-05,9.999999747378752e-05
502,1.0,5.697852247976698e-05,9.999999747378752e-05
503,1.0,7.184169953688979e-05,9.999999747378752e-05
504,1.0,0.0001212423958349973,9.999999747378752e-05
505,1.0,6.648248381679878e-05,9.999999747378752e-05
506,1.0,9.460392175242305e-05,9.999999747378752e-05
507,1.0,6.14213859080337e-05,9.999999747378752e-05
508,1.0,6.52825110591948e-05,9.999999747378752e-05
509,1.0,6.202296208357438e-05,9.999999747378752e-05
510,1.0,6.56967458780855e-05,9.999999747378752e-05
511,1.0,5.775331374024972e-05,9.999999747378752e-05
512,1.0,8.077012171270326e-05,9.999999747378752e-05
513,1.0,5.109929770696908e-05,9.999999747378752e-05
514,1.0,4.597627412294969e-05,9.999999747378752e-05
515,1.0,4.8755107854958624e-05,9.999999747378752e-05
516,1.0,4.9672835302772e-05,9.999999747378752e-05
517,1.0,5.651363971992396e-05,9.999999747378752e-05
518,1.0,6.423352897400036e-05,9.999999747378752e-05
519,1.0,3.910146187990904e-05,9.999999747378752e-05
520,1.0,8.420392987318337e-05,9.999999747378752e-05
521,1.0,6.12082367297262e-05,9.999999747378752e-05
522,1.0,9.188603144139051e-05,9.999999747378752e-05
523,1.0,6.421016587410122e-05,9.999999747378752e-05
524,1.0,6.263345858315006e-05,9.999999747378752e-05
525,1.0,6.679939542664215e-05,9.999999747378752e-05
526,1.0,4.181473923381418e-05,9.999999747378752e-05
527,1.0,6.624292291235179e-05,9.999999747378752e-05
528,1.0,3.055307024624199e-05,9.999999747378752e-05
529,1.0,0.0002276953891851008,9.999999747378752e-05
530,1.0,9.767063602339476e-05,9.999999747378752e-05
531,1.0,0.00011971253843512386,9.999999747378752e-05
532,1.0,7.352956163231283e-05,9.999999747378752e-05
533,1.0,5.3319668950280175e-05,9.999999747378752e-05
534,1.0,4.2823245166800916e-05,9.999999747378752e-05
535,1.0,4.766762867802754e-05,9.999999747378752e-05
536,1.0,4.3195977923460305e-05,9.999999747378752e-05
537,1.0,3.4090284316334873e-05,9.999999747378752e-05
538,1.0,5.3937561460770667e-05,9.999999747378752e-05
539,1.0,4.4011365389451385e-05,9.999999747378752e-05
540,1.0,4.059751518070698e-05,9.999999747378752e-05
541,1.0,5.399093424784951e-05,9.999999747378752e-05
542,1.0,3.943387855542824e-05,9.999999747378752e-05
543,1.0,3.80256497010123e-05,9.999999747378752e-05
544,1.0,4.829204044654034e-05,9.999999747378752e-05
545,1.0,4.312453165766783e-05,9.999999747378752e-05
546,1.0,3.8561563997063786e-05,9.999999747378752e-05
547,1.0,4.335068661021069e-05,9.999999747378752e-05
548,1.0,3.506494249450043e-05,9.999999747378752e-05
549,1.0,9.324624988948926e-05,9.999999747378752e-05
550,1.0,0.00011574546078918502,9.999999747378752e-05
551,1.0,0.0004505966790020466,9.999999747378752e-05
552,1.0,9.594201401341707e-05,9.999999747378752e-05
553,1.0,8.211549720726907e-05,9.999999747378752e-05
554,1.0,0.00010731122165452689,9.999999747378752e-05
555,1.0,7.461265340680256e-05,9.999999747378752e-05
556,1.0,6.727979052811861e-05,9.999999747378752e-05
557,1.0,5.464814239530824e-05,9.999999747378752e-05
558,1.0,3.716997161973268e-05,9.999999747378752e-05
559,1.0,4.642633939511143e-05,9.999999747378752e-05
560,1.0,4.7748118959134445e-05,9.999999747378752e-05
561,1.0,4.946574699715711e-05,9.999999747378752e-05
562,1.0,5.526845052372664e-05,9.999999747378752e-05
563,1.0,6.236610352061689e-05,9.999999747378752e-05
564,1.0,3.509910311549902e-05,9.999999747378752e-05
565,1.0,7.66434459364973e-05,9.999999747378752e-05
566,1.0,3.812643262790516e-05,9.999999747378752e-05
567,1.0,8.187956700567156e-05,9.999999747378752e-05
568,1.0,3.6849432945018634e-05,9.999999747378752e-05
569,1.0,4.193895074422471e-05,9.999999747378752e-05
570,1.0,8.365159737877548e-05,9.999999747378752e-05
571,1.0,3.795455631916411e-05,9.999999747378752e-05
572,1.0,4.7628705942770466e-05,9.999999747378752e-05
573,1.0,3.295017086202279e-05,9.999999747378752e-05
574,1.0,3.1630337616661564e-05,9.999999747378752e-05
575,1.0,3.550836845533922e-05,9.999999747378752e-05
576,1.0,4.2026309529319406e-05,9.999999747378752e-05
577,1.0,3.859520438709296e-05,9.999999747378752e-05
578,1.0,5.3280091378837824e-05,9.999999747378752e-05
579,1.0,3.14893877657596e-05,9.999999747378752e-05
580,1.0,3.830657806247473e-05,9.999999747378752e-05
581,1.0,1.913306550704874e-05,9.999999747378752e-05
582,1.0,2.484603646735195e-05,9.999999747378752e-05
583,1.0,3.4221488022012636e-05,9.999999747378752e-05
584,1.0,4.360696402727626e-05,9.999999747378752e-05
585,1.0,3.3229836844839156e-05,9.999999747378752e-05
586,1.0,2.5186018319800496e-05,9.999999747378752e-05
587,1.0,3.6785135307582095e-05,9.999999747378752e-05
588,1.0,2.537337968533393e-05,9.999999747378752e-05
589,1.0,2.4644696168252267e-05,9.999999747378752e-05
590,1.0,3.249372457503341e-05,9.999999747378752e-05
591,1.0,4.085933687747456e-05,9.999999747378752e-05
592,1.0,4.02895784645807e-05,9.999999747378752e-05
593,1.0,3.164395457133651e-05,9.999999747378752e-05
594,1.0,3.050025952688884e-05,9.999999747378752e-05
595,1.0,3.188543996657245e-05,9.999999747378752e-05
596,1.0,2.928995127149392e-05,9.999999747378752e-05
597,1.0,3.291689426987432e-05,9.999999747378752e-05
598,1.0,2.9220398573670536e-05,9.999999747378752e-05
599,1.0,3.052528700209223e-05,9.999999747378752e-05
600,1.0,3.071643732255325e-05,9.999999747378752e-05
601,1.0,3.678834036691114e-05,9.999999747378752e-05
602,1.0,6.139990728115663e-05,9.999999747378752e-05
603,1.0,3.80034907720983e-05,9.999999747378752e-05
604,1.0,2.886276342906058e-05,9.999999747378752e-05
605,1.0,2.4100165319396183e-05,9.999999747378752e-05
606,1.0,1.9843511836370453e-05,9.999999747378752e-05
607,1.0,2.0698733351309784e-05,9.999999747378752e-05
608,1.0,2.0673280232585967e-05,9.999999747378752e-05
609,1.0,4.1436509491177276e-05,9.999999747378752e-05
610,1.0,2.6950272513204254e-05,9.999999747378752e-05
611,1.0,3.6838100641034544e-05,9.999999747378752e-05
612,1.0,4.030490526929498e-05,9.999999747378752e-05
613,1.0,3.724872294696979e-05,9.999999747378752e-05
614,1.0,3.531391121214256e-05,9.999999747378752e-05
615,1.0,6.0810587456217036e-05,9.999999747378752e-05
616,1.0,2.0571662389556877e-05,9.999999747378752e-05
617,1.0,2.4899491108953953e-05,9.999999747378752e-05
618,1.0,2.5951507268473506e-05,9.999999747378752e-05
619,1.0,1.6579730072407983e-05,9.999999747378752e-05
620,1.0,3.67801621905528e-05,9.999999747378752e-05
621,1.0,3.463897155597806e-05,9.999999747378752e-05
622,1.0,5.4743282817071304e-05,9.999999747378752e-05
623,1.0,0.00011023091792594641,9.999999747378752e-05
624,1.0,4.4449141569202766e-05,9.999999747378752e-05
625,1.0,3.016308619407937e-05,9.999999747378752e-05
626,1.0,4.689330671681091e-05,9.999999747378752e-05
627,1.0,2.586221307865344e-05,9.999999747378752e-05
628,1.0,3.9641068724449724e-05,9.999999747378752e-05
629,1.0,3.1815805414225906e-05,9.999999747378752e-05
630,1.0,2.0783962099812925e-05,9.999999747378752e-05
631,1.0,2.688702807063237e-05,9.999999747378752e-05
632,1.0,2.78005263680825e-05,9.999999747378752e-05
633,1.0,0.00012218483607284725,9.999999747378752e-05
634,1.0,0.0001254937524208799,9.999999747378752e-05
635,1.0,3.996274608653039e-05,9.999999747378752e-05
636,1.0,8.697616431163624e-05,9.999999747378752e-05
637,1.0,3.285290586063638e-05,9.999999747378752e-05
638,1.0,3.141975321341306e-05,9.999999747378752e-05
639,1.0,3.451448355917819e-05,9.999999747378752e-05
640,1.0,2.0771318304468878e-05,9.999999747378752e-05
641,1.0,2.957401920866687e-05,9.999999747378752e-05
642,1.0,2.1024939997005276e-05,9.999999747378752e-05
643,1.0,4.687107866629958e-05,9.999999747378752e-05
644,1.0,1.8367843949818052e-05,9.999999747378752e-05
645,1.0,3.9302485674852505e-05,9.999999747378752e-05
646,1.0,2.581806438683998e-05,9.999999747378752e-05
647,1.0,2.8751703212037683e-05,9.999999747378752e-05
648,1.0,1.9999732103315182e-05,9.999999747378752e-05
649,1.0,2.7184843929717317e-05,9.999999747378752e-05
650,1.0,2.085791675199289e-05,9.999999747378752e-05
651,1.0,4.519272260949947e-05,9.999999747378752e-05
652,1.0,3.300885873613879e-05,9.999999747378752e-05
653,1.0,0.00010648132592905313,9.999999747378752e-05
654,1.0,0.00013062750804238021,9.999999747378752e-05
655,1.0,3.7510559195652604e-05,9.999999747378752e-05
656,1.0,3.923071926692501e-05,9.999999747378752e-05
657,1.0,2.4815157303237356e-05,9.999999747378752e-05
658,1.0,2.9609289413201623e-05,9.999999747378752e-05
659,1.0,2.8881035177619196e-05,9.999999747378752e-05
660,1.0,1.9987766791018657e-05,9.999999747378752e-05
661,1.0,3.620972347562201e-05,9.999999747378752e-05
662,1.0,3.2046584237832576e-05,9.999999747378752e-05
663,1.0,2.0843757738475688e-05,9.999999747378752e-05
664,1.0,1.492331375629874e-05,9.999999747378752e-05
665,1.0,1.8514467228669673e-05,9.999999747378752e-05
666,1.0,1.6388499716413207e-05,9.999999747378752e-05
667,1.0,3.444204412517138e-05,9.999999747378752e-05
668,1.0,1.8047134290100075e-05,9.999999747378752e-05
669,1.0,2.3706164938630536e-05,9.999999747378752e-05
670,1.0,1.3479599147103727e-05,9.999999747378752e-05
671,1.0,2.9649512725882232e-05,9.999999747378752e-05
672,1.0,1.4174801435729023e-05,9.999999747378752e-05
673,1.0,2.636884164530784e-05,9.999999747378752e-05
674,1.0,1.9650036847451702e-05,9.999999747378752e-05
675,1.0,4.431385968928225e-05,9.999999747378752e-05
676,1.0,2.821999260049779e-05,9.999999747378752e-05
677,1.0,2.2231213733903132e-05,9.999999747378752e-05
678,1.0,2.3379850972560234e-05,9.999999747378752e-05
679,1.0,2.2022823031875305e-05,9.999999747378752e-05
680,1.0,1.59864139277488e-05,9.999999747378752e-05
681,1.0,1.1630128938122652e-05,9.999999747378752e-05
682,1.0,2.1618807295453735e-05,9.999999747378752e-05
683,1.0,1.6907735698623583e-05,9.999999747378752e-05
684,1.0,2.898787715821527e-05,9.999999747378752e-05
685,1.0,1.694445381872356e-05,9.999999747378752e-05
686,1.0,2.0205679902574047e-05,9.999999747378752e-05
687,1.0,2.4730625227675773e-05,9.999999747378752e-05
688,1.0,1.535806768515613e-05,9.999999747378752e-05
689,1.0,1.5873529264354147e-05,9.999999747378752e-05
690,1.0,1.5390600310638547e-05,9.999999747378752e-05
691,1.0,1.9732733562705107e-05,9.999999747378752e-05
692,1.0,2.1945508706266992e-05,9.999999747378752e-05
693,1.0,1.4751561138837133e-05,9.999999747378752e-05
694,1.0,1.8788246961776167e-05,9.999999747378752e-05
695,1.0,1.1657447430479806e-05,9.999999747378752e-05
696,1.0,1.7259008018299937e-05,9.999999747378752e-05
697,1.0,1.3040066733083222e-05,9.999999747378752e-05
698,1.0,1.5775020074215718e-05,9.999999747378752e-05
699,1.0,1.212818460771814e-05,9.999999747378752e-05
700,1.0,2.2779930077376775e-05,9.999999747378752e-05
701,1.0,9.70357814367162e-06,9.999999747378752e-05
702,1.0,1.4766764252271969e-05,9.999999747378752e-05
703,1.0,1.3645180843013804e-05,9.999999747378752e-05
704,1.0,1.4019125956110656e-05,9.999999747378752e-05
705,1.0,1.805469219107181e-05,9.999999747378752e-05
706,1.0,2.239713830931578e-05,9.999999747378752e-05
707,1.0,2.2211868781596422e-05,9.999999747378752e-05
708,1.0,1.4471044778474607e-05,9.999999747378752e-05
709,1.0,1.4907879631209653e-05,9.999999747378752e-05
710,1.0,2.5891285986290313e-05,9.999999747378752e-05
711,1.0,1.8768914742395282e-05,9.999999747378752e-05
712,1.0,1.093574974220246e-05,9.999999747378752e-05
713,1.0,2.1196625311858952e-05,9.999999747378752e-05
714,1.0,2.5896206352626905e-05,9.999999747378752e-05
715,1.0,1.816117946873419e-05,9.999999747378752e-05
716,1.0,2.6780575353768654e-05,9.999999747378752e-05
717,1.0,1.5909366993582807e-05,9.999999747378752e-05
718,1.0,1.0789319276227616e-05,9.999999747378752e-05
719,1.0,1.0924765774689149e-05,9.999999747378752e-05
720,1.0,2.1967220163787715e-05,9.999999747378752e-05
721,1.0,1.547878491692245e-05,9.999999747378752e-05
722,1.0,1.9456825611996464e-05,9.999999747378752e-05
723,1.0,1.4227292922441848e-05,9.999999747378752e-05
724,1.0,4.2438343371031806e-05,9.999999747378752e-05
725,1.0,1.266328945348505e-05,9.999999747378752e-05
726,1.0,2.2839458324597217e-05,9.999999747378752e-05
727,1.0,1.9333554519107565e-05,9.999999747378752e-05
728,1.0,1.2047643394907936e-05,9.999999747378752e-05
729,1.0,8.639075531391427e-06,9.999999747378752e-05
730,1.0,1.946472912095487e-05,9.999999747378752e-05
731,1.0,1.1738067769329064e-05,9.999999747378752e-05
732,1.0,1.2270416846149601e-05,9.999999747378752e-05
733,1.0,1.1474204256956e-05,9.999999747378752e-05
734,1.0,1.5088051441125572e-05,9.999999747378752e-05
735,1.0,8.388646165258251e-06,9.999999747378752e-05
736,1.0,8.823144526104443e-06,9.999999747378752e-05
737,1.0,1.9197228539269418e-05,9.999999747378752e-05
738,1.0,1.0815004316100385e-05,9.999999747378752e-05
739,1.0,8.385799446841702e-06,9.999999747378752e-05
740,1.0,9.81638459052192e-06,9.999999747378752e-05
741,1.0,1.045319004333578e-05,9.999999747378752e-05
742,1.0,1.4728832866239827e-05,9.999999747378752e-05
743,1.0,1.0056800419988576e-05,9.999999747378752e-05
744,1.0,1.2094560588593595e-05,9.999999747378752e-05
745,1.0,1.2215461538289674e-05,9.999999747378752e-05
746,1.0,1.7951784684555605e-05,9.999999747378752e-05
747,1.0,9.51407946558902e-06,9.999999747378752e-05
748,1.0,9.008940651256125e-06,9.999999747378752e-05
749,1.0,2.1116178686497733e-05,9.999999747378752e-05
750,1.0,1.9457442249404266e-05,9.999999747378752e-05
751,1.0,1.8846547391149215e-05,9.999999747378752e-05
752,1.0,1.3479822882800363e-05,9.999999747378752e-05
753,1.0,1.0850632861547638e-05,9.999999747378752e-05
754,1.0,1.2854102351411711e-05,9.999999747378752e-05
755,1.0,2.1227097022347152e-05,9.999999747378752e-05
756,1.0,1.0326718438591342e-05,9.999999747378752e-05
757,1.0,1.3936344657849986e-05,9.999999747378752e-05
758,1.0,1.2049421457049903e-05,9.999999747378752e-05
759,1.0,1.2768849046551622e-05,9.999999747378752e-05
760,1.0,9.453589882468805e-06,9.999999747378752e-05
761,1.0,7.82862935011508e-06,9.999999747378752e-05
762,1.0,5.4753862059442326e-05,9.999999747378752e-05
763,0.9982143044471741,0.0027143259067088366,9.999999747378752e-05
764,1.0,0.0004426184459589422,9.999999747378752e-05
765,1.0,0.00010681749699870124,9.999999747378752e-05
766,1.0,9.421884169569239e-05,9.999999747378752e-05
767,1.0,7.498126797145233e-05,9.999999747378752e-05
768,1.0,7.046163227641955e-05,9.999999747378752e-05
769,1.0,7.232299685711041e-05,9.999999747378752e-05
770,1.0,3.57300705218222e-05,9.999999747378752e-05
771,1.0,4.090556831215508e-05,9.999999747378752e-05
772,1.0,3.689021832542494e-05,9.999999747378752e-05
773,1.0,5.047851664130576e-05,9.999999747378752e-05
774,1.0,6.874988321214914e-05,9.999999747378752e-05
775,1.0,4.3708783778129146e-05,9.999999747378752e-05
776,1.0,3.395495514268987e-05,9.999999747378752e-05
777,1.0,3.473459219094366e-05,9.999999747378752e-05
778,1.0,3.5530396417016163e-05,9.999999747378752e-05
779,1.0,2.6721798349171877e-05,9.999999747378752e-05
780,1.0,2.3078997401171364e-05,9.999999747378752e-05
781,1.0,2.5505278244963847e-05,9.999999747378752e-05
782,1.0,6.156956078484654e-05,9.999999747378752e-05
783,1.0,2.1792233383166604e-05,9.999999747378752e-05
784,1.0,3.008481508004479e-05,9.999999747378752e-05
785,1.0,3.9765480323694646e-05,9.999999747378752e-05
786,1.0,1.6841386241139844e-05,9.999999747378752e-05
787,1.0,2.6679685106500983e-05,9.999999747378752e-05
788,1.0,3.053446198464371e-05,9.999999747378752e-05
789,1.0,2.1157966330065392e-05,9.999999747378752e-05
790,1.0,3.125998409814201e-05,9.999999747378752e-05
791,1.0,3.603244113037363e-05,9.999999747378752e-05
792,1.0,1.7550441043567844e-05,9.999999747378752e-05
793,1.0,1.5679459465900436e-05,9.999999747378752e-05
794,1.0,3.075408312724903e-05,9.999999747378752e-05
795,1.0,2.179272451030556e-05,9.999999747378752e-05
796,1.0,2.679770113900304e-05,9.999999747378752e-05
797,1.0,2.3005091861705296e-05,9.999999747378752e-05
798,1.0,2.0515177311608568e-05,9.999999747378752e-05
799,1.0,2.204492557211779e-05,9.999999747378752e-05
800,1.0,1.7164446035167202e-05,9.999999747378752e-05
801,1.0,1.1738075045286678e-05,9.999999747378752e-05
802,1.0,1.3422825759334955e-05,9.999999747378752e-05
803,1.0,1.4086433111515362e-05,9.999999747378752e-05
804,1.0,2.1211702915024944e-05,9.999999747378752e-05
805,1.0,1.8860298951040022e-05,9.999999747378752e-05
806,1.0,1.7176234905491583e-05,9.999999747378752e-05
807,1.0,1.3706599929719232e-05,9.999999747378752e-05
808,1.0,1.300006806559395e-05,9.999999747378752e-05
809,1.0,1.1351404282322619e-05,9.999999747378752e-05
810,1.0,2.0402194422786124e-05,9.999999747378752e-05
811,1.0,1.96814817172708e-05,9.999999747378752e-05
812,1.0,1.1612493835855275e-05,9.999999747378752e-05
813,1.0,1.9095199604635127e-05,9.999999747378752e-05
814,1.0,9.569629582983907e-06,9.999999747378752e-05
815,1.0,1.0278366062266286e-05,9.999999747378752e-05
816,1.0,1.4083930182096083e-05,9.999999747378752e-05
817,1.0,1.6827223589643836e-05,9.999999747378752e-05
818,1.0,1.1474560778879095e-05,9.999999747378752e-05
819,1.0,1.4623175957240164e-05,9.999999747378752e-05
820,1.0,1.225684809469385e-05,9.999999747378752e-05
821,1.0,1.9346496628713794e-05,9.999999747378752e-05
822,1.0,9.762937224877533e-06,9.999999747378752e-05
823,1.0,1.2856970897701103e-05,9.999999747378752e-05
824,1.0,1.2077833162038587e-05,9.999999747378752e-05
825,1.0,1.4445798115048092e-05,9.999999747378752e-05
826,1.0,9.137322194874287e-06,9.999999747378752e-05
827,1.0,9.454529390495736e-06,9.999999747378752e-05
828,1.0,1.2004258678643964e-05,9.999999747378752e-05
829,1.0,1.2556604815472383e-05,9.999999747378752e-05
830,1.0,1.386404073855374e-05,9.999999747378752e-05
831,1.0,1.5838670151424594e-05,9.999999747378752e-05
832,1.0,1.2003700248897076e-05,9.999999747378752e-05
833,1.0,1.5045263353385963e-05,9.999999747378752e-05
834,1.0,1.103374052036088e-05,9.999999747378752e-05
835,1.0,3.088804078288376e-05,9.999999747378752e-05
836,1.0,1.1726780940080062e-05,9.999999747378752e-05
837,1.0,2.631318784551695e-05,9.999999747378752e-05
838,1.0,1.2067912393831648e-05,9.999999747378752e-05
839,1.0,1.2638619409699459e-05,9.999999747378752e-05
840,1.0,1.2863261872553267e-05,9.999999747378752e-05
841,1.0,9.152832717518322e-06,9.999999747378752e-05
842,1.0,1.010584946925519e-05,9.999999747378752e-05
843,1.0,1.2468970453483053e-05,9.999999747378752e-05
844,1.0,7.206858299468877e-06,9.999999747378752e-05
845,1.0,1.0722166734922212e-05,9.999999747378752e-05
846,1.0,1.751288800733164e-05,9.999999747378752e-05
847,1.0,9.149549441644922e-06,9.999999747378752e-05
848,1.0,1.1313373761367984e-05,9.999999747378752e-05
849,1.0,8.525918019586243e-06,9.999999747378752e-05
850,1.0,1.3355271221371368e-05,9.999999747378752e-05
851,1.0,1.087856162484968e-05,9.999999747378752e-05
852,1.0,1.2553938177006785e-05,9.999999747378752e-05
853,1.0,7.578431450383505e-06,9.999999747378752e-05
854,1.0,7.629282208654331e-06,9.999999747378752e-05
855,1.0,2.3357588361250237e-05,9.999999747378752e-05
856,1.0,1.2299195986997802e-05,9.999999747378752e-05
857,1.0,1.2884441275673453e-05,9.999999747378752e-05
858,1.0,1.4577398360415827e-05,9.999999747378752e-05
859,1.0,7.411598289763788e-06,9.999999747378752e-05
860,1.0,1.4015077795193065e-05,9.999999747378752e-05
861,1.0,6.143140581116313e-06,9.999999747378752e-05
862,1.0,8.951235940912738e-06,9.999999747378752e-05
863,1.0,6.717566975567024e-06,9.999999747378752e-05
864,1.0,1.538877586426679e-05,9.999999747378752e-05
865,1.0,1.3444626347336452e-05,9.999999747378752e-05
866,1.0,7.2111010922526475e-06,9.999999747378752e-05
867,1.0,7.983243449416477e-06,9.999999747378752e-05
868,1.0,5.553544724534731e-06,9.999999747378752e-05
869,1.0,9.408574442204554e-06,9.999999747378752e-05
870,1.0,1.5071430425450671e-05,9.999999747378752e-05
871,1.0,2.3107193555915728e-05,9.999999747378752e-05
872,1.0,9.370583939016797e-06,9.999999747378752e-05
873,1.0,1.0571994607744273e-05,9.999999747378752e-05
874,1.0,1.2871754734078422e-05,9.999999747378752e-05
875,1.0,8.327684554387815e-06,9.999999747378752e-05
876,1.0,9.853203664533794e-06,9.999999747378752e-05
877,1.0,8.415674528805539e-06,9.999999747378752e-05
878,1.0,6.582851710845716e-06,9.999999747378752e-05
879,1.0,2.1719743017456494e-05,9.999999747378752e-05
880,1.0,7.322181772906333e-06,9.999999747378752e-05
881,1.0,9.762379704625346e-06,9.999999747378752e-05
882,1.0,1.1100826668553054e-05,9.999999747378752e-05
883,1.0,1.0338635547668673e-05,9.999999747378752e-05
884,1.0,6.611800927203149e-06,9.999999747378752e-05
885,1.0,8.089134098554496e-06,9.999999747378752e-05
886,1.0,8.679745405970607e-06,9.999999747378752e-05
887,1.0,7.331600045290543e-06,9.999999747378752e-05
888,1.0,6.455742550315335e-06,9.999999747378752e-05
889,1.0,5.078524736745749e-06,9.999999747378752e-05
890,1.0,6.997952823439846e-06,9.999999747378752e-05
891,1.0,7.269633351825178e-05,9.999999747378752e-05
892,1.0,3.9335747715085745e-05,9.999999747378752e-05
893,1.0,1.2764777238771785e-05,9.999999747378752e-05
894,1.0,8.014621016627643e-06,9.999999747378752e-05
895,1.0,1.356198663415853e-05,9.999999747378752e-05
896,1.0,1.2454885109036695e-05,9.999999747378752e-05
897,1.0,6.216982910700608e-06,9.999999747378752e-05
898,1.0,6.3321617744804826e-06,9.999999747378752e-05
899,1.0,8.79628805705579e-06,9.999999747378752e-05
900,1.0,7.696230568399187e-06,9.999999747378752e-05
901,1.0,5.87472732149763e-06,9.999999747378752e-05
902,1.0,8.022080692171585e-06,9.999999747378752e-05
903,1.0,2.233103077742271e-05,9.999999747378752e-05
904,1.0,1.0938479135802481e-05,9.999999747378752e-05
905,1.0,5.679275545844575e-06,9.999999747378752e-05
906,1.0,1.5004594388301484e-05,9.999999747378752e-05
907,1.0,7.341599030041834e-06,9.999999747378752e-05
908,1.0,1.4269250641518738e-05,9.999999747378752e-05
909,1.0,1.0229778126813471e-05,9.999999747378752e-05
910,1.0,5.061272531747818e-06,9.999999747378752e-05
911,1.0,5.922350737819215e-06,9.999999747378752e-05
912,1.0,7.014323273324408e-06,9.999999747378752e-05
913,1.0,5.988179054838838e-06,9.999999747378752e-05
914,1.0,7.451832061633468e-06,9.999999747378752e-05
915,1.0,8.62666820466984e-06,9.999999747378752e-05
916,1.0,7.055657533783233e-06,9.999999747378752e-05
917,1.0,5.602337296295445e-06,9.999999747378752e-05
918,1.0,1.9458397218841128e-05,9.999999747378752e-05
919,1.0,7.592389465571614e-06,9.999999747378752e-05
920,1.0,7.696784450672567e-06,9.999999747378752e-05
921,1.0,7.339772309933323e-06,9.999999747378752e-05
922,1.0,7.054906745906919e-06,9.999999747378752e-05
923,1.0,4.453149813343771e-06,9.999999747378752e-05
924,1.0,4.876207640336361e-06,9.999999747378752e-05
925,1.0,5.093439085612772e-06,9.999999747378752e-05
926,1.0,5.758070074080024e-06,9.999999747378752e-05
927,1.0,8.783963494352065e-06,9.999999747378752e-05
928,1.0,1.2122932275815401e-05,9.999999747378752e-05
929,1.0,8.88707199919736e-06,9.999999747378752e-05
930,1.0,6.93287211106508e-06,9.999999747378752e-05
931,1.0,9.52267691900488e-06,9.999999747378752e-05
932,1.0,5.129079909238499e-06,9.999999747378752e-05
933,1.0,4.6318364184116945e-06,9.999999747378752e-05
934,1.0,5.480079835251672e-06,9.999999747378752e-05
935,1.0,4.572025773086352e-06,9.999999747378752e-05
936,1.0,5.791214789496735e-06,9.999999747378752e-05
937,1.0,6.679099897155538e-06,9.999999747378752e-05
938,1.0,7.844683750590775e-06,9.999999747378752e-05
939,1.0,4.20594460592838e-06,9.999999747378752e-05
940,1.0,5.541323389479658e-06,9.999999747378752e-05
941,1.0,4.268622433301061e-06,9.999999747378752e-05
942,1.0,4.81399183627218e-06,9.999999747378752e-05
943,1.0,5.847833563166205e-06,9.999999747378752e-05
944,1.0,7.975100743351504e-06,9.999999747378752e-05
945,1.0,7.991369784576818e-06,9.999999747378752e-05
946,1.0,8.535872439097147e-06,9.999999747378752e-05
947,1.0,1.1353720765328035e-05,9.999999747378752e-05
948,1.0,5.0214857765240595e-06,9.999999747378752e-05
949,1.0,4.948345576849533e-06,9.999999747378752e-05
950,1.0,5.857246833329555e-06,9.999999747378752e-05
951,1.0,4.787357738678111e-06,9.999999747378752e-05
952,1.0,5.841480742674321e-06,9.999999747378752e-05
953,1.0,6.532194220199017e-06,9.999999747378752e-05
954,1.0,6.2043641264608596e-06,9.999999747378752e-05
955,1.0,1.780529237294104e-05,9.999999747378752e-05
956,1.0,5.725520168198273e-06,9.999999747378752e-05
957,1.0,5.8916411944665015e-06,9.999999747378752e-05
958,1.0,6.9441425694094505e-06,9.999999747378752e-05
959,1.0,5.927150141360471e-06,9.999999747378752e-05
960,1.0,4.864660240855301e-06,9.999999747378752e-05
961,1.0,4.413184797158465e-06,9.999999747378752e-05
962,1.0,7.123845989553956e-06,9.999999747378752e-05
963,1.0,1.0398101039754692e-05,9.999999747378752e-05
964,1.0,9.076275091501884e-06,9.999999747378752e-05
965,1.0,5.974074156256393e-06,9.999999747378752e-05
966,1.0,4.8235692702292e-06,9.999999747378752e-05
967,1.0,5.4465658649860416e-06,9.999999747378752e-05
968,1.0,3.879523319483269e-06,9.999999747378752e-05
969,1.0,4.113916929782135e-06,9.999999747378752e-05
970,1.0,9.22614799492294e-06,9.999999747378752e-05
971,1.0,6.199413292051759e-06,9.999999747378752e-05
972,1.0,2.4001068595680408e-05,9.999999747378752e-05
973,1.0,8.912138582672924e-06,9.999999747378752e-05
974,1.0,5.018093816033797e-06,9.999999747378752e-05
975,1.0,5.383353254728718e-06,9.999999747378752e-05
976,1.0,8.89442344487179e-06,9.999999747378752e-05
977,1.0,6.8257572820584755e-06,9.999999747378752e-05
978,1.0,3.7543982216448057e-06,9.999999747378752e-05
979,1.0,6.9839556999795604e-06,9.999999747378752e-05
980,1.0,4.755217560159508e-06,9.999999747378752e-05
981,1.0,3.6445567275222857e-06,9.999999747378752e-05
982,1.0,3.236912334614317e-06,9.999999747378752e-05
983,1.0,6.527425739477621e-06,9.999999747378752e-05
984,1.0,3.017437848029658e-06,9.999999747378752e-05
985,1.0,4.87163651996525e-06,9.999999747378752e-05
986,1.0,3.825031399173895e-06,9.999999747378752e-05
987,1.0,3.655606178654125e-06,9.999999747378752e-05
988,1.0,3.260096946178237e-06,9.999999747378752e-05
989,1.0,5.332960881787585e-06,9.999999747378752e-05
990,1.0,3.603459617806948e-06,9.999999747378752e-05
991,1.0,2.2577130494028097e-06,9.999999747378752e-05
992,1.0,4.234154403093271e-06,9.999999747378752e-05
993,1.0,3.490855306154117e-06,9.999999747378752e-05
994,1.0,3.8348421185219195e-06,9.999999747378752e-05
995,1.0,2.6591903861117316e-06,9.999999747378752e-05
996,1.0,5.074032287666341e-06,9.999999747378752e-05
997,1.0,8.315793820656836e-06,9.999999747378752e-05
998,1.0,5.565241735894233e-06,9.999999747378752e-05
999,1.0,4.357572834123857e-06,9.999999747378752e-05
1000,1.0,4.952784820488887e-06,9.999999747378752e-05
1001,1.0,3.44506725014071e-06,9.999999747378752e-05
1002,1.0,9.080745257961098e-06,9.999999747378752e-05
1003,1.0,7.716390427958686e-06,9.999999747378752e-05
1004,1.0,4.571508725348394e-06,9.999999747378752e-05
1005,1.0,8.397123565373477e-06,9.999999747378752e-05
1006,1.0,8.109363989206031e-06,9.999999747378752e-05
1007,1.0,4.861666184297064e-06,9.999999747378752e-05
1008,1.0,3.0099981813691556e-06,9.999999747378752e-05
1009,1.0,4.8398724175058305e-06,9.999999747378752e-05
1010,1.0,3.232429435229278e-06,9.999999747378752e-05
1011,1.0,4.559411081572762e-06,9.999999747378752e-05
1012,1.0,4.007873485534219e-06,9.999999747378752e-05
1013,1.0,3.4240031254739733e-06,9.999999747378752e-05
1014,1.0,2.329882136109518e-06,9.999999747378752e-05
1015,1.0,5.063863227405818e-06,9.999999747378752e-05
1016,1.0,4.172777153144125e-06,9.999999747378752e-05
1017,1.0,3.209647047697217e-06,9.999999747378752e-05
1018,1.0,3.940103397326311e-06,9.999999747378752e-05
1019,1.0,9.30952955968678e-06,9.999999747378752e-05
1020,1.0,4.871187229582574e-06,9.999999747378752e-05
1021,1.0,4.275604169379221e-06,9.999999747378752e-05
1022,1.0,4.468924544198671e-06,9.999999747378752e-05
1023,1.0,5.428406893770443e-06,9.999999747378752e-05
1024,1.0,4.246529442752944e-06,9.999999747378752e-05
1025,1.0,3.4252702789672185e-06,9.999999747378752e-05
1026,1.0,4.568120402836939e-06,9.999999747378752e-05
1027,1.0,4.701279522123514e-06,9.999999747378752e-05
1028,1.0,5.466635229822714e-06,9.999999747378752e-05
1029,1.0,3.921620191249531e-06,9.999999747378752e-05
1030,1.0,2.467930471539148e-06,9.999999747378752e-05
1031,1.0,6.630019015574362e-06,9.999999747378752e-05
1032,1.0,2.4695229967619525e-06,9.999999747378752e-05
1033,1.0,4.2164710976067e-06,9.999999747378752e-05
1034,1.0,4.069170245202258e-06,9.999999747378752e-05
1035,1.0,2.175541339966003e-06,9.999999747378752e-05
1036,1.0,2.928866479123826e-06,9.999999747378752e-05
1037,1.0,2.9787015591864474e-06,9.999999747378752e-05
1038,1.0,3.069776084885234e-06,9.999999747378752e-05
1039,1.0,7.027001174719771e-06,9.999999747378752e-05
1040,1.0,2.758781874945271e-06,9.999999747378752e-05
1041,1.0,3.5600226055976236e-06,9.999999747378752e-05
1042,1.0,4.0777326830720995e-06,9.999999747378752e-05
1043,1.0,3.031704409295344e-06,9.999999747378752e-05
1044,1.0,3.138102783850627e-06,9.999999747378752e-05
1045,1.0,3.004615564350388e-06,9.999999747378752e-05
1046,1.0,2.6038344458356733e-06,9.999999747378752e-05
1047,1.0,2.812864977386198e-06,9.999999747378752e-05
1048,1.0,4.3230584196862765e-06,9.999999747378752e-05
1049,1.0,2.5604103939258493e-06,9.999999747378752e-05
1050,1.0,3.0546318612323375e-06,9.999999747378752e-05
1051,1.0,2.052085619652644e-06,9.999999747378752e-05
1052,1.0,3.130429377051769e-06,9.999999747378752e-05
1053,1.0,2.923998181358911e-06,9.999999747378752e-05
1054,1.0,2.6255058855895186e-06,9.999999747378752e-05
1055,1.0,2.270633331136196e-06,9.999999747378752e-05
1056,1.0,5.699711891793413e-06,9.999999747378752e-05
1057,1.0,3.76309822058829e-06,9.999999747378752e-05
1058,1.0,4.035543042846257e-06,9.999999747378752e-05
1059,1.0,2.6155421437579207e-06,9.999999747378752e-05
1060,1.0,2.2617662125412608e-06,9.999999747378752e-05
1061,1.0,3.3386231734766625e-06,9.999999747378752e-05
1062,1.0,7.350439318543067e-06,9.999999747378752e-05
1063,1.0,2.9801565233356087e-06,9.999999747378752e-05
1064,1.0,2.4205494355555857e-06,9.999999747378752e-05
1065,1.0,4.0788218029774725e-06,9.999999747378752e-05
1066,1.0,4.527395049080951e-06,9.999999747378752e-05
1067,1.0,1.919880560308229e-06,9.999999747378752e-05
1068,1.0,4.900035946775461e-06,9.999999747378752e-05
1069,1.0,7.485415608243784e-06,9.999999747378752e-05
1070,1.0,3.7919842270639492e-06,9.999999747378752e-05
1071,1.0,4.017653736809734e-06,9.999999747378752e-05
1072,1.0,0.00012072723620804027,9.999999747378752e-05
1073,0.9982143044471741,0.010977428406476974,9.999999747378752e-05
1074,0.9982143044471741,0.0025513735599815845,9.999999747378752e-05
1075,1.0,0.0002966035099234432,9.999999747378752e-05
1076,1.0,0.00044774418347515166,9.999999747378752e-05
1077,1.0,8.046588482102379e-05,9.999999747378752e-05
1078,1.0,9.575759759172797e-05,9.999999747378752e-05
1079,1.0,5.5699958465993404e-05,9.999999747378752e-05
1080,1.0,0.00015615284792147577,9.999999747378752e-05
1081,1.0,8.521014387952164e-05,9.999999747378752e-05
1082,1.0,4.909465496893972e-05,9.999999747378752e-05
1083,1.0,0.00022800218721386045,9.999999747378752e-05
1084,1.0,7.480567728634924e-05,9.999999747378752e-05
1085,1.0,2.189084807469044e-05,9.999999747378752e-05
1086,1.0,9.491010860074311e-05,9.999999747378752e-05
1087,1.0,4.768587677972391e-05,9.999999747378752e-05
1088,1.0,2.390685403952375e-05,9.999999747378752e-05
1089,1.0,5.04685849591624e-05,9.999999747378752e-05
1090,1.0,2.611510717542842e-05,9.999999747378752e-05
1091,1.0,2.8861577447969466e-05,9.999999747378752e-05
1092,1.0,4.4819673348683864e-05,9.999999747378752e-05
1093,1.0,2.944336119981017e-05,9.999999747378752e-05
1094,1.0,2.930915798060596e-05,9.999999747378752e-05
1095,1.0,2.306661735929083e-05,9.999999747378752e-05
1096,1.0,6.062818647478707e-05,9.999999747378752e-05
1097,1.0,2.5128019842668436e-05,9.999999747378752e-05
1098,1.0,4.6345121518243104e-05,9.999999747378752e-05
1099,1.0,3.4916989534394816e-05,9.999999747378752e-05
1100,1.0,2.3758853785693645e-05,9.999999747378752e-05
1101,1.0,4.116591298952699e-05,9.999999747378752e-05
1102,1.0,2.0171299183857627e-05,9.999999747378752e-05
1103,1.0,3.168085459037684e-05,9.999999747378752e-05
1104,1.0,2.6047697247122414e-05,9.999999747378752e-05
1105,1.0,1.8735936464508995e-05,9.999999747378752e-05
1106,1.0,2.4171904442482628e-05,9.999999747378752e-05
1107,1.0,3.242975435568951e-05,9.999999747378752e-05
1108,1.0,1.9384400729904883e-05,9.999999747378752e-05
1109,1.0,1.52057455125032e-05,9.999999747378752e-05
1110,1.0,1.4942163943487685e-05,9.999999747378752e-05
1111,1.0,1.8189815818914212e-05,9.999999747378752e-05
1112,1.0,1.856097333075013e-05,9.999999747378752e-05
1113,1.0,1.8986689610756002e-05,9.999999747378752e-05
1114,1.0,2.142678204108961e-05,9.999999747378752e-05
1115,1.0,1.7001884771161713e-05,9.999999747378752e-05
1116,1.0,1.9747711121453904e-05,9.999999747378752e-05
1117,1.0,1.3875003787688911e-05,9.999999747378752e-05
1118,1.0,2.2916176021681167e-05,9.999999747378752e-05
1119,1.0,2.456804759276565e-05,9.999999747378752e-05
1120,1.0,4.336645361036062e-05,9.999999747378752e-05
1121,1.0,1.4437778190767858e-05,9.999999747378752e-05
1122,1.0,1.4261462638387457e-05,9.999999747378752e-05
1123,1.0,1.8019192793872207e-05,9.999999747378752e-05
1124,1.0,9.110779501497746e-06,9.999999747378752e-05
1125,1.0,2.2238044039113447e-05,9.999999747378752e-05
1126,1.0,1.1426943274273071e-05,9.999999747378752e-05
1127,1.0,9.334426067653112e-06,9.999999747378752e-05
1128,1.0,2.8968655897188e-05,9.999999747378752e-05
1129,1.0,1.2501019227784127e-05,9.999999747378752e-05
1130,1.0,1.6150384908542037e-05,9.999999747378752e-05
1131,1.0,8.38886080600787e-06,9.999999747378752e-05
1132,1.0,9.418890840606764e-06,9.999999747378752e-05
1133,1.0,8.049752068473026e-06,9.999999747378752e-05
1134,1.0,4.861208435613662e-05,9.999999747378752e-05
1135,1.0,1.2489805158111267e-05,9.999999747378752e-05
1136,1.0,1.841017910919618e-05,9.999999747378752e-05
1137,1.0,1.2663571396842599e-05,9.999999747378752e-05
1138,1.0,1.0928712072200142e-05,9.999999747378752e-05
1139,1.0,2.4712147933314554e-05,9.999999747378752e-05
1140,1.0,7.330918833758915e-06,9.999999747378752e-05
1141,1.0,9.635502465243917e-06,9.999999747378752e-05
1142,1.0,2.0781350031029433e-05,9.999999747378752e-05
1143,1.0,1.027795769914519e-05,9.999999747378752e-05
1144,1.0,1.0174078852287494e-05,9.999999747378752e-05
1145,1.0,1.4091739103605505e-05,9.999999747378752e-05
1146,1.0,8.23346090328414e-06,9.999999747378752e-05
1147,1.0,1.5082970094226766e-05,9.999999747378752e-05
1148,1.0,3.590451160562225e-05,9.999999747378752e-05
1149,1.0,1.845581027737353e-05,9.999999747378752e-05
1150,1.0,1.1990576240350492e-05,9.999999747378752e-05
1151,1.0,9.19846206670627e-06,9.999999747378752e-05
1152,1.0,1.7845975889940746e-05,9.999999747378752e-05
1153,1.0,2.138039781129919e-05,9.999999747378752e-05
1154,1.0,1.0407215086161159e-05,9.999999747378752e-05
1155,1.0,9.772861631063279e-06,9.999999747378752e-05
1156,1.0,7.822045517968945e-06,9.999999747378752e-05
1157,1.0,2.6659552531782538e-05,9.999999747378752e-05
1158,1.0,1.1108661965408828e-05,9.999999747378752e-05
1159,1.0,1.0481436220288742e-05,9.999999747378752e-05
1160,1.0,1.800982136046514e-05,9.999999747378752e-05
1161,1.0,9.785881047719158e-06,9.999999747378752e-05
1162,1.0,1.0826659490703605e-05,9.999999747378752e-05
1163,1.0,1.425289246981265e-05,9.999999747378752e-05
1164,1.0,7.238228135975078e-06,9.999999747378752e-05
1165,1.0,6.051540367479902e-06,9.999999747378752e-05
1166,1.0,8.931634511100128e-06,9.999999747378752e-05
1167,1.0,9.584508916304912e-06,9.999999747378752e-05
1168,1.0,1.2583516763697844e-05,9.999999747378752e-05
1169,1.0,8.884412636689376e-06,9.999999747378752e-05
1170,1.0,5.226112989475951e-06,9.999999747378752e-05
1171,1.0,6.780413968954235e-06,9.999999747378752e-05
1172,1.0,1.8338932932238095e-05,9.999999747378752e-05
1173,1.0,5.270803285384318e-06,9.999999747378752e-05
1174,1.0,9.672458872955758e-06,9.999999747378752e-05
1175,1.0,5.624576715490548e-06,9.999999747378752e-05
1176,1.0,1.3027726708969567e-05,9.999999747378752e-05
1177,1.0,8.92616662895307e-06,9.999999747378752e-05
1178,1.0,4.62114849142381e-06,9.999999747378752e-05
1179,1.0,6.572746315214317e-06,9.999999747378752e-05
1180,1.0,4.80998005514266e-06,9.999999747378752e-05
1181,1.0,8.426625754509587e-06,9.999999747378752e-05
1182,1.0,5.026669896324165e-06,9.999999747378752e-05
1183,1.0,4.127537067688536e-06,9.999999747378752e-05
1184,1.0,7.066467333061155e-06,9.999999747378752e-05
1185,1.0,6.236950412130682e-06,9.999999747378752e-05
1186,1.0,1.744415203575045e-05,9.999999747378752e-05
1187,1.0,4.205892764730379e-06,9.999999747378752e-05
1188,1.0,4.888827788818162e-06,9.999999747378752e-05
1189,1.0,1.6144003893714398e-05,9.999999747378752e-05
1190,1.0,6.289386874414049e-06,9.999999747378752e-05
1191,1.0,1.9828035874525085e-05,9.999999747378752e-05
1192,1.0,8.55701910040807e-06,9.999999747378752e-05
1193,1.0,8.732201422390062e-06,9.999999747378752e-05
1194,1.0,5.299250915413722e-06,9.999999747378752e-05
1195,1.0,4.837863343709614e-06,9.999999747378752e-05
1196,1.0,6.9297193476813845e-06,9.999999747378752e-05
1197,1.0,5.671262897521956e-06,9.999999747378752e-05
1198,1.0,7.18967976354179e-06,9.999999747378752e-05
1199,1.0,9.528323062113486e-06,9.999999747378752e-05
1200,1.0,5.036022685089847e-06,9.999999747378752e-05
1201,1.0,4.3230866140220314e-06,9.999999747378752e-05
1202,1.0,3.3752655781427165e-06,9.999999747378752e-05
1203,1.0,5.192955541133415e-06,9.999999747378752e-05
1204,1.0,6.624695288337534e-06,9.999999747378752e-05
1205,1.0,9.334207788924687e-06,9.999999747378752e-05
1206,1.0,4.321878805058077e-06,9.999999747378752e-05
1207,1.0,5.25229052072973e-06,9.999999747378752e-05
1208,1.0,7.208591341623105e-06,9.999999747378752e-05
1209,1.0,5.652255822496954e-06,9.999999747378752e-05
1210,1.0,7.711372745689005e-06,9.999999747378752e-05
1211,1.0,5.010037966712844e-06,9.999999747378752e-05
1212,1.0,6.328719337034272e-06,9.999999747378752e-05
1213,1.0,4.411429927131394e-06,9.999999747378752e-05
1214,1.0,6.33990157439257e-06,9.999999747378752e-05
1215,1.0,6.960462087590713e-06,9.999999747378752e-05
1216,1.0,5.121345111547271e-06,9.999999747378752e-05
1217,1.0,4.518222795013571e-06,9.999999747378752e-05
1218,1.0,4.492233074415708e-06,9.999999747378752e-05
1219,1.0,4.442651061253855e-06,9.999999747378752e-05
1220,1.0,4.515902674029348e-06,9.999999747378752e-05
1221,1.0,7.896531315054744e-06,9.999999747378752e-05
1222,1.0,7.001591711741639e-06,9.999999747378752e-05
1223,1.0,4.60974479210563e-06,9.999999747378752e-05
1224,1.0,4.263502887624782e-06,9.999999747378752e-05
1225,1.0,3.754135150302318e-06,9.999999747378752e-05
1226,1.0,4.868452379014343e-06,9.999999747378752e-05
1227,1.0,4.645389253710164e-06,9.999999747378752e-05
1228,1.0,3.9974379433260765e-06,9.999999747378752e-05
1229,1.0,1.0446858141222037e-05,9.999999747378752e-05
1230,1.0,2.9774319045827724e-06,9.999999747378752e-05
1231,1.0,4.193900167592801e-06,9.999999747378752e-05
1232,1.0,3.676860387713532e-06,9.999999747378752e-05
1233,1.0,6.6386769503878895e-06,9.999999747378752e-05
1234,1.0,3.085763864874025e-06,9.999999747378752e-05
1235,1.0,4.152816927671665e-06,9.999999747378752e-05
1236,1.0,7.244279458973324e-06,9.999999747378752e-05
1237,1.0,3.330129857204156e-06,9.999999747378752e-05
1238,1.0,6.321165528788697e-06,9.999999747378752e-05
1239,1.0,3.520645122989663e-06,9.999999747378752e-05
1240,1.0,3.112153763140668e-06,9.999999747378752e-05
1241,1.0,3.656257149486919e-06,9.999999747378752e-05
1242,1.0,6.3403326748812106e-06,9.999999747378752e-05
1243,1.0,2.293483021276188e-06,9.999999747378752e-05
1244,1.0,5.2606992539949715e-06,9.999999747378752e-05
1245,1.0,5.2660543587990105e-06,9.999999747378752e-05
1246,1.0,4.608772542269435e-06,9.999999747378752e-05
1247,1.0,6.302605015662266e-06,9.999999747378752e-05
1248,1.0,3.1941056022333214e-06,9.999999747378752e-05
1249,1.0,4.651266863220371e-06,9.999999747378752e-05
1250,1.0,3.898533122992376e-06,9.999999747378752e-05
1251,1.0,3.2899915822781622e-06,9.999999747378752e-05
1252,1.0,4.295804501452949e-06,9.999999747378752e-05
1253,1.0,8.454798262391705e-06,9.999999747378752e-05
1254,1.0,2.1610594558296725e-06,9.999999747378752e-05
1255,1.0,2.2836882180854445e-06,9.999999747378752e-05
1256,1.0,2.3686225176788867e-06,9.999999747378752e-05
1257,1.0,3.5044395190197974e-06,9.999999747378752e-05
1258,1.0,7.3504220381437335e-06,9.999999747378752e-05
1259,1.0,4.877440460404614e-06,9.999999747378752e-05
1260,1.0,7.4795216278289445e-06,9.999999747378752e-05
1261,1.0,2.7519763534655795e-06,9.999999747378752e-05
1262,1.0,3.8945731830608565e-06,9.999999747378752e-05
1263,1.0,3.121741883660434e-06,9.999999747378752e-05
1264,1.0,3.811591568592121e-06,9.999999747378752e-05
1265,1.0,2.7775254238804337e-06,9.999999747378752e-05
1266,1.0,7.232300049508922e-06,9.999999747378752e-05
1267,1.0,2.5359304345329292e-06,9.999999747378752e-05
1268,1.0,2.881197815440828e-06,9.999999747378752e-05
1269,1.0,7.369279501290293e-06,9.999999747378752e-05
1270,1.0,2.3500983843405265e-06,9.999999747378752e-05
1271,1.0,4.03617559641134e-06,9.999999747378752e-05
1272,1.0,4.349315986473812e-06,9.999999747378752e-05
1273,1.0,2.635724285937613e-06,9.999999747378752e-05
1274,1.0,3.2936893603618955e-06,9.999999747378752e-05
1275,1.0,4.467454800760606e-06,9.999999747378752e-05
1276,1.0,7.411154001601972e-06,9.999999747378752e-05
1277,1.0,5.589292413787916e-06,9.999999747378752e-05
1278,1.0,2.4013838810788e-06,9.999999747378752e-05
1279,1.0,3.855795057461364e-06,9.999999747378752e-05
1280,1.0,2.3767024686094373e-06,9.999999747378752e-05
1281,1.0,5.573255293711554e-06,9.999999747378752e-05
1282,1.0,3.397065938770538e-06,9.999999747378752e-05
1283,1.0,3.6768915379070677e-06,9.999999747378752e-05
1284,1.0,3.664086989374482e-06,9.999999747378752e-05
1285,1.0,2.5156552965199808e-06,9.999999747378752e-05
1286,1.0,1.6354931631212821e-06,9.999999747378752e-05
1287,1.0,5.485911970026791e-06,9.999999747378752e-05
1288,1.0,5.676428827428026e-06,9.999999747378752e-05
1289,1.0,2.351586317672627e-06,9.999999747378752e-05
1290,1.0,3.597713657654822e-06,9.999999747378752e-05
1291,1.0,3.1410661449626787e-06,9.999999747378752e-05
1292,1.0,3.2976943202811526e-06,9.999999747378752e-05
1293,1.0,3.716789933605469e-06,9.999999747378752e-05
1294,1.0,2.699835249586613e-06,9.999999747378752e-05
1295,1.0,5.259434146864805e-06,9.999999747378752e-05
1296,1.0,2.5801903120736824e-06,9.999999747378752e-05
1297,1.0,1.9049864476983203e-06,9.999999747378752e-05
1298,1.0,5.909940682613524e-06,9.999999747378752e-05
1299,1.0,2.6185241495113587e-06,9.999999747378752e-05
1300,1.0,2.487599431333365e-06,9.999999747378752e-05
1301,1.0,1.7949300854525063e-06,9.999999747378752e-05
1302,1.0,1.6648756400172715e-06,9.999999747378752e-05
1303,1.0,2.1329726678231964e-06,9.999999747378752e-05
1304,1.0,2.6104132757609477e-06,9.999999747378752e-05
1305,1.0,2.8630965971387923e-06,9.999999747378752e-05
1306,1.0,3.4019965369225247e-06,9.999999747378752e-05
1307,1.0,4.459091542230453e-06,9.999999747378752e-05
1308,1.0,2.8356218990666093e-06,9.999999747378752e-05
1309,1.0,3.3176465876749717e-06,9.999999747378752e-05
1310,1.0,2.7100265924673295e-06,9.999999747378752e-05
1311,1.0,2.1748830931755947e-06,9.999999747378752e-05
1312,1.0,2.416307097519166e-06,9.999999747378752e-05
1313,1.0,2.1031455617048778e-06,9.999999747378752e-05
1314,1.0,1.928405936268973e-06,9.999999747378752e-05
1315,1.0,4.858522970607737e-06,9.999999747378752e-05
1316,1.0,1.925190417750855e-06,9.999999747378752e-05
1317,1.0,2.218746885773726e-06,9.999999747378752e-05
1318,1.0,4.5776205297443084e-06,9.999999747378752e-05
1319,1.0,4.3544241634663194e-06,9.999999747378752e-05
1320,1.0,3.6131857541477075e-06,9.999999747378752e-05
1321,1.0,1.6222995782300131e-06,9.999999747378752e-05
1322,1.0,2.6708505629358115e-06,9.999999747378752e-05
1323,1.0,2.1938442387181567e-06,9.999999747378752e-05
1324,1.0,2.0428715288289823e-06,9.999999747378752e-05
1325,1.0,1.3964454410597682e-06,9.999999747378752e-05
1326,1.0,2.1963921881251736e-06,9.999999747378752e-05
1327,1.0,2.168502760468982e-06,9.999999747378752e-05
1328,1.0,2.835382701960043e-06,9.999999747378752e-05
1329,1.0,1.7736373365551117e-06,9.999999747378752e-05
1330,1.0,3.7511083519348176e-06,9.999999747378752e-05
1331,1.0,4.52776885140338e-06,9.999999747378752e-05
1332,1.0,5.6506528380850796e-06,9.999999747378752e-05
1333,1.0,1.6203795212277328e-06,9.999999747378752e-05
1334,1.0,3.148647238049307e-06,9.999999747378752e-05
1335,1.0,2.10273128686822e-06,9.999999747378752e-05
1336,1.0,2.5384210857737344e-06,9.999999747378752e-05
1337,1.0,1.9554324808268575e-06,9.999999747378752e-05
1338,1.0,4.14333908338449e-06,9.999999747378752e-05
1339,1.0,2.2427818748838035e-06,9.999999747378752e-05
1340,1.0,1.8440811118125566e-06,9.999999747378752e-05
1341,1.0,2.030152245424688e-06,9.999999747378752e-05
1342,1.0,1.8185584167440538e-06,9.999999747378752e-05
1343,1.0,1.7372458387399092e-06,9.999999747378752e-05
1344,1.0,1.7796011206883122e-06,9.999999747378752e-05
1345,1.0,1.933232169903931e-06,9.999999747378752e-05
1346,1.0,1.6161218354682205e-06,9.999999747378752e-05
1347,1.0,9.296160783378582e-07,9.999999747378752e-05
1348,1.0,1.6770001138866064e-06,9.999999747378752e-05
1349,1.0,2.6005420750152553e-06,9.999999747378752e-05
1350,1.0,3.55627344106324e-06,9.999999747378752e-05
1351,1.0,1.5697149819970946e-06,9.999999747378752e-05
1352,1.0,3.0161379527271492e-06,9.999999747378752e-05
1353,1.0,1.7836403003457235e-06,9.999999747378752e-05
1354,1.0,1.170585733234475e-06,9.999999747378752e-05
1355,1.0,6.9617981353076175e-06,9.999999747378752e-05
1356,1.0,2.2495994471682934e-06,9.999999747378752e-05
1357,1.0,3.435742200963432e-06,9.999999747378752e-05
1358,1.0,2.0024417608510703e-06,9.999999747378752e-05
1359,1.0,2.5352626380481524e-06,9.999999747378752e-05
1360,1.0,1.8545247257861774e-06,9.999999747378752e-05
1361,1.0,2.330925553906127e-06,9.999999747378752e-05
1362,1.0,1.2946926517543034e-06,9.999999747378752e-05
1363,1.0,1.4566707022822811e-06,9.999999747378752e-05
1364,1.0,1.3353499070944963e-06,9.999999747378752e-05
1365,1.0,1.3336388064999483e-06,9.999999747378752e-05
1366,1.0,1.9117894680675818e-06,9.999999747378752e-05
1367,1.0,1.6178255464183167e-06,9.999999747378752e-05
1368,1.0,2.1898863451497164e-06,9.999999747378752e-05
1369,1.0,2.2461731532530393e-06,9.999999747378752e-05
1370,1.0,5.415968189481646e-06,9.999999747378752e-05
1371,1.0,5.097687790112104e-06,9.999999747378752e-05
1372,1.0,1.6503871620443533e-06,9.999999747378752e-05
1373,1.0,2.0545287497952813e-06,9.999999747378752e-05
1374,1.0,1.4471009990302264e-06,9.999999747378752e-05
1375,1.0,5.819134912599111e-06,9.999999747378752e-05
1376,1.0,3.187430365869659e-06,9.999999747378752e-05
1377,1.0,3.2178741093957797e-06,9.999999747378752e-05
1378,1.0,1.7753379779605893e-06,9.999999747378752e-05
1379,1.0,9.736806987348245e-07,9.999999747378752e-05
1380,1.0,1.4409296227313462e-06,9.999999747378752e-05
1381,1.0,1.8998579207618604e-06,9.999999747378752e-05
1382,1.0,2.03967965717311e-06,9.999999747378752e-05
1383,1.0,2.618545295263175e-06,9.999999747378752e-05
1384,1.0,1.4579096614397713e-06,9.999999747378752e-05
1385,1.0,1.2925363535032375e-06,9.999999747378752e-05
1386,1.0,5.076541583548533e-06,9.999999747378752e-05
1387,1.0,1.5201020460153813e-06,9.999999747378752e-05
1388,1.0,1.7759704178388347e-06,9.999999747378752e-05
1389,1.0,1.2389166386128636e-06,9.999999747378752e-05
1390,1.0,2.161894826713251e-06,9.999999747378752e-05
1391,1.0,2.0501606741163414e-06,9.999999747378752e-05
1392,1.0,2.8168224162072875e-06,9.999999747378752e-05
1393,1.0,1.5473566463697352e-06,9.999999747378752e-05
1394,1.0,1.8287479406353668e-06,9.999999747378752e-05
1395,1.0,1.0183756558035384e-06,9.999999747378752e-05
1396,1.0,1.0364753961766837e-06,9.999999747378752e-05
1397,1.0,1.484561607867363e-06,9.999999747378752e-05
1398,1.0,1.0173158671022975e-06,9.999999747378752e-05
1399,1.0,1.9337185221957043e-06,9.999999747378752e-05
1400,1.0,1.934113470269949e-06,9.999999747378752e-05
1401,1.0,1.5328854487961507e-06,9.999999747378752e-05
1402,1.0,2.2499405076814583e-06,9.999999747378752e-05
1403,1.0,2.104958639392862e-06,9.999999747378752e-05
1404,1.0,1.9279602838651044e-06,9.999999747378752e-05
1405,1.0,1.6646403082631878e-06,9.999999747378752e-05
1406,1.0,1.9384012830414576e-06,9.999999747378752e-05
1407,1.0,8.832075195641664e-07,9.999999747378752e-05
1408,1.0,1.4283637028711382e-06,9.999999747378752e-05
1409,1.0,1.8538593167249928e-06,9.999999747378752e-05
1410,1.0,1.6199264791794121e-06,9.999999747378752e-05
1411,1.0,3.375022060936317e-06,9.999999747378752e-05
1412,1.0,2.5274596282542916e-06,9.999999747378752e-05
1413,1.0,1.5431056681336486e-06,9.999999747378752e-05
1414,1.0,2.5377885322086513e-06,9.999999747378752e-05
1415,1.0,1.3970643522043247e-06,9.999999747378752e-05
1416,1.0,1.7606287201488158e-06,9.999999747378752e-05
1417,1.0,1.84683631232474e-06,9.999999747378752e-05
1418,1.0,2.8389747512846952e-06,9.999999747378752e-05
1419,1.0,1.0356192206018022e-06,9.999999747378752e-05
1420,1.0,1.4153835081742727e-06,9.999999747378752e-05
1421,1.0,2.113351001753472e-06,9.999999747378752e-05
1422,1.0,1.0628683639879455e-06,9.999999747378752e-05
1423,1.0,7.631500693605631e-07,9.999999747378752e-05
1424,1.0,1.5616151358699426e-06,9.999999747378752e-05
1425,1.0,7.74218847254815e-07,9.999999747378752e-05
1426,1.0,2.105895873683039e-06,9.999999747378752e-05
1427,1.0,1.7180715303766192e-06,9.999999747378752e-05
1428,1.0,1.8434278672430082e-06,9.999999747378752e-05
1429,1.0,8.72778059601842e-07,9.999999747378752e-05
1430,1.0,9.334457899967674e-07,9.999999747378752e-05
1431,1.0,2.3612133190908935e-06,9.999999747378752e-05
1432,1.0,1.3406639709501178e-06,9.999999747378752e-05
1433,1.0,1.2929807553518913e-06,9.999999747378752e-05
1434,1.0,1.759141696311417e-06,9.999999747378752e-05
1435,1.0,1.1486597486509709e-06,9.999999747378752e-05
1436,1.0,8.949140806180367e-07,9.999999747378752e-05
1437,1.0,3.854239366773982e-06,9.999999747378752e-05
1438,1.0,2.100168785545975e-06,9.999999747378752e-05
1439,1.0,1.8730407873590593e-06,9.999999747378752e-05
1440,1.0,1.6382496141886804e-06,9.999999747378752e-05
1441,1.0,9.71125245996518e-07,9.999999747378752e-05
1442,1.0,1.212946699524764e-06,9.999999747378752e-05
1443,1.0,1.2625399676835514e-06,9.999999747378752e-05
1444,1.0,2.2795818495069398e-06,9.999999747378752e-05
1445,1.0,1.1925088756470359e-06,9.999999747378752e-05
1446,1.0,1.0468972959642997e-06,9.999999747378752e-05
1447,1.0,1.4836905393167399e-06,9.999999747378752e-05
1448,1.0,7.205744054772367e-07,9.999999747378752e-05
1449,1.0,9.823971822697786e-07,9.999999747378752e-05
1450,1.0,1.1452426633695723e-06,9.999999747378752e-05
1451,1.0,1.0139116284335614e-06,9.999999747378752e-05
1452,1.0,1.1433382951508975e-06,9.999999747378752e-05
1453,1.0,9.737157597555779e-06,9.999999747378752e-05
1454,1.0,0.0007255614036694169,9.999999747378752e-05
1455,1.0,0.0014531230553984642,9.999999747378752e-05
1456,1.0,0.0022324726451188326,9.999999747378752e-05
1457,1.0,0.00020382551883812994,9.999999747378752e-05
1458,1.0,0.00011874964548042044,9.999999747378752e-05
1459,1.0,0.00011156385153299198,9.999999747378752e-05
1460,1.0,7.788468792568892e-05,9.999999747378752e-05
1461,1.0,5.1833849283866584e-05,9.999999747378752e-05
1462,1.0,5.905400757910684e-05,9.999999747378752e-05
1463,1.0,2.864578527805861e-05,9.999999747378752e-05
1464,1.0,3.1507872336078435e-05,9.999999747378752e-05
1465,1.0,3.2551124604651704e-05,9.999999747378752e-05
1466,1.0,3.798683610511944e-05,9.999999747378752e-05
1467,1.0,2.294461773999501e-05,9.999999747378752e-05
1468,1.0,2.9132757845218293e-05,9.999999747378752e-05
1469,1.0,2.3226391931530088e-05,9.999999747378752e-05
1470,1.0,2.62815628957469e-05,9.999999747378752e-05
1471,1.0,1.5234271813824307e-05,9.999999747378752e-05
1472,1.0,1.4796513823966961e-05,9.999999747378752e-05
1473,1.0,1.954694016603753e-05,9.999999747378752e-05
1474,1.0,6.949272938072681e-05,9.999999747378752e-05
1475,1.0,2.194714397774078e-05,9.999999747378752e-05
1476,1.0,2.044850953097921e-05,9.999999747378752e-05
1477,1.0,5.1973172958241776e-05,9.999999747378752e-05
1478,1.0,1.1377410373825114e-05,9.999999747378752e-05
1479,1.0,1.0588430995994713e-05,9.999999747378752e-05
1480,1.0,1.3760695765085984e-05,9.999999747378752e-05
1481,1.0,1.5761988834128715e-05,9.999999747378752e-05
1482,1.0,1.3575794582720846e-05,9.999999747378752e-05
1483,1.0,1.03008933365345e-05,9.999999747378752e-05
1484,1.0,9.405185664945748e-06,9.999999747378752e-05
1485,1.0,1.0792218745336868e-05,9.999999747378752e-05
1486,1.0,1.0477599971636664e-05,9.999999747378752e-05
1487,1.0,1.0067803486890625e-05,9.999999747378752e-05
1488,1.0,1.681125650065951e-05,9.999999747378752e-05
1489,1.0,2.2353187887347303e-05,9.999999747378752e-05
1490,1.0,1.5749939848319627e-05,9.999999747378752e-05
1491,1.0,1.5012016774562653e-05,9.999999747378752e-05
1492,1.0,9.540189239487518e-06,9.999999747378752e-05
1493,1.0,1.3540046893467661e-05,9.999999747378752e-05
1494,1.0,1.8176735466113314e-05,9.999999747378752e-05
1495,1.0,1.114190945372684e-05,9.999999747378752e-05
1496,1.0,1.2955513739143498e-05,9.999999747378752e-05
1497,1.0,7.352469765464775e-06,9.999999747378752e-05
1498,1.0,9.459773536946159e-06,9.999999747378752e-05
1499,1.0,8.824706128507387e-06,9.999999747378752e-05
1500,1.0,8.20313289295882e-06,9.999999747378752e-05
1501,1.0,6.281408332142746e-06,9.999999747378752e-05
1502,1.0,1.0611553079797886e-05,9.999999747378752e-05
1503,1.0,1.52375514517189e-05,9.999999747378752e-05
1504,1.0,4.813869509234792e-06,9.999999747378752e-05
1505,1.0,2.0045446945005096e-05,9.999999747378752e-05
1506,1.0,8.549386620870791e-06,9.999999747378752e-05
1507,1.0,1.4457841643888969e-05,9.999999747378752e-05
1508,1.0,1.2618988876056392e-05,9.999999747378752e-05
1509,1.0,1.2050934856233653e-05,9.999999747378752e-05
1510,1.0,6.449641659855843e-06,9.999999747378752e-05
1511,1.0,5.201175554248039e-06,9.999999747378752e-05
1512,1.0,1.0867518540180754e-05,9.999999747378752e-05
1513,1.0,8.539658665540628e-06,9.999999747378752e-05
1514,1.0,6.826844128227094e-06,9.999999747378752e-05
1515,1.0,6.2204412643041e-06,9.999999747378752e-05
1516,1.0,8.890679964679293e-06,9.999999747378752e-05
1517,1.0,6.992951966822147e-06,9.999999747378752e-05
1518,1.0,4.723458459920948e-06,9.999999747378752e-05
1519,1.0,5.865254934178665e-06,9.999999747378752e-05
1520,1.0,4.766111487697344e-06,9.999999747378752e-05
1521,1.0,6.301774646999547e-06,9.999999747378752e-05
1522,1.0,7.314481990761124e-06,9.999999747378752e-05
1523,1.0,6.940348612261005e-06,9.999999747378752e-05
1524,1.0,4.1513585529173724e-06,9.999999747378752e-05
1525,1.0,5.327438884705771e-06,9.999999747378752e-05
1526,1.0,3.3659121072560083e-06,9.999999747378752e-05
1527,1.0,5.519657861441374e-06,9.999999747378752e-05
1528,1.0,5.061309821030591e-06,9.999999747378752e-05
1529,1.0,5.5374989642587025e-06,9.999999747378752e-05
1530,1.0,4.3108057070639916e-06,9.999999747378752e-05
1531,1.0,5.990294994262513e-06,9.999999747378752e-05
1532,1.0,3.256496256653918e-06,9.999999747378752e-05
1533,1.0,4.799410362466006e-06,9.999999747378752e-05
1534,1.0,9.830098861129954e-06,9.999999747378752e-05
1535,1.0,5.701986538042547e-06,9.999999747378752e-05
1536,1.0,7.245514098030981e-06,9.999999747378752e-05
1537,1.0,2.1430965716717765e-05,9.999999747378752e-05
1538,1.0,5.5999284995778e-06,9.999999747378752e-05
1539,1.0,3.091278585998225e-06,9.999999747378752e-05
1540,1.0,5.122218226460973e-06,9.999999747378752e-05
1541,1.0,7.569263743789634e-06,9.999999747378752e-05
1542,1.0,6.765679245290812e-06,9.999999747378752e-05
1543,1.0,4.115364390600007e-06,9.999999747378752e-05
1544,1.0,3.4482895898690913e-06,9.999999747378752e-05
1545,1.0,3.618137952798861e-06,9.999999747378752e-05
1546,1.0,2.850750888683251e-06,9.999999747378752e-05
1547,1.0,8.669345334055834e-06,9.999999747378752e-05
1548,1.0,4.141212230024394e-06,9.999999747378752e-05
1549,1.0,4.237590474076569e-06,9.999999747378752e-05
1550,1.0,2.792857230815571e-06,9.999999747378752e-05
1551,1.0,4.189765604678541e-06,9.999999747378752e-05
1552,1.0,2.733463361437316e-06,9.999999747378752e-05
1553,1.0,4.437808911461616e-06,9.999999747378752e-05
1554,1.0,2.9865457236155635e-06,9.999999747378752e-05
1555,1.0,4.118168362765573e-06,9.999999747378752e-05
1556,1.0,3.5374155231693294e-06,9.999999747378752e-05
1557,1.0,4.215307853883132e-06,9.999999747378752e-05
1558,1.0,2.268997377541382e-06,9.999999747378752e-05
1559,1.0,4.117229309485992e-06,9.999999747378752e-05
1560,1.0,2.432059091006522e-06,9.999999747378752e-05
1561,1.0,2.706188752199523e-06,9.999999747378752e-05
1562,1.0,3.4257063816767186e-06,9.999999747378752e-05
1563,1.0,3.2319915135303745e-06,9.999999747378752e-05
1564,1.0,1.0162915714317933e-05,9.999999747378752e-05
1565,1.0,8.411331691604573e-06,9.999999747378752e-05
1566,1.0,3.0227274692151695e-06,9.999999747378752e-05
1567,1.0,2.7106756533612497e-05,9.999999747378752e-05
1568,1.0,4.3731370169552974e-06,9.999999747378752e-05
1569,1.0,3.049114411624032e-06,9.999999747378752e-05
1570,1.0,4.159139734838391e-06,9.999999747378752e-05
1571,1.0,5.398370831244392e-06,9.999999747378752e-05
1572,1.0,6.421165380743332e-06,9.999999747378752e-05
1573,1.0,5.7026904869417194e-06,9.999999747378752e-05
1574,1.0,2.406514113317826e-06,9.999999747378752e-05
1575,1.0,3.571464503693278e-06,9.999999747378752e-05
1576,1.0,4.355444161774358e-06,9.999999747378752e-05
1577,1.0,4.467663075047312e-06,9.999999747378752e-05
1578,1.0,1.9020110357814701e-06,9.999999747378752e-05
1579,1.0,6.20415903540561e-06,9.999999747378752e-05
1580,1.0,1.1063818419643212e-05,9.999999747378752e-05
1581,1.0,3.3788417113100877e-06,9.999999747378752e-05
1582,1.0,3.5867785754817305e-06,9.999999747378752e-05
1583,1.0,6.051953278074507e-06,9.999999747378752e-05
1584,1.0,3.6194601307215635e-06,9.999999747378752e-05
1585,1.0,2.854336571544991e-06,9.999999747378752e-05
1586,1.0,2.4311636934726266e-06,9.999999747378752e-05
1587,1.0,2.339876346013625e-06,9.999999747378752e-05
1588,1.0,3.563055543054361e-06,9.999999747378752e-05
1589,1.0,2.7065721042163204e-06,9.999999747378752e-05
1590,1.0,2.5393239866389195e-06,9.999999747378752e-05
1591,1.0,4.083573912794236e-06,9.999999747378752e-05
1592,1.0,1.7332067727693357e-06,9.999999747378752e-05
1593,1.0,3.7234372030070517e-06,9.999999747378752e-05
1594,1.0,2.101883637806168e-06,9.999999747378752e-05
1595,1.0,2.9133334464859217e-06,9.999999747378752e-05
1596,1.0,3.021219072252279e-06,9.999999747378752e-05
1597,1.0,1.3227888757683104e-06,9.999999747378752e-05
1598,1.0,3.5910306905861944e-06,9.999999747378752e-05
1599,1.0,2.8850752187281614e-06,9.999999747378752e-05
1600,1.0,4.667268513003364e-06,9.999999747378752e-05
1601,1.0,4.7734442887303885e-06,9.999999747378752e-05
1602,1.0,5.471229087561369e-06,9.999999747378752e-05
1603,1.0,2.27707096200902e-06,9.999999747378752e-05
1604,1.0,3.1523538837063825e-06,9.999999747378752e-05
1605,1.0,2.8027707230648957e-06,9.999999747378752e-05
1606,1.0,1.7598088106751675e-06,9.999999747378752e-05
1607,1.0,1.8330372313357657e-06,9.999999747378752e-05
1608,1.0,4.018782874481985e-06,9.999999747378752e-05
1609,1.0,8.484016689180862e-06,9.999999747378752e-05
1610,1.0,2.300693495271844e-06,9.999999747378752e-05
1611,1.0,1.9488093130348716e-06,9.999999747378752e-05
1612,1.0,1.8851850427381578e-06,9.999999747378752e-05
1613,1.0,4.2023780224553775e-06,9.999999747378752e-05
1614,1.0,1.6778585631982423e-06,9.999999747378752e-05
1615,1.0,3.1911165478959447e-06,9.999999747378752e-05
1616,1.0,3.1688834951637546e-06,9.999999747378752e-05
1617,1.0,1.8636864069776493e-06,9.999999747378752e-05
1618,1.0,1.6608123587502632e-06,9.999999747378752e-05
1619,1.0,1.6910528302105376e-06,9.999999747378752e-05
1620,1.0,1.7495865449745907e-06,9.999999747378752e-05
1621,1.0,1.0449919045640854e-06,9.999999747378752e-05
1622,1.0,3.5393450161791407e-06,9.999999747378752e-05
1623,1.0,2.763002385108848e-06,9.999999747378752e-05
1624,1.0,2.647867404448334e-06,9.999999747378752e-05
1625,1.0,5.7452148212178145e-06,9.999999747378752e-05
1626,1.0,1.588649865880143e-06,9.999999747378752e-05
1627,1.0,1.199537109641824e-06,9.999999747378752e-05
1628,1.0,2.358354777243221e-06,9.999999747378752e-05
1629,1.0,3.30012198901386e-06,9.999999747378752e-05
1630,1.0,2.7372398108127527e-06,9.999999747378752e-05
1631,1.0,2.312163587703253e-06,9.999999747378752e-05
1632,1.0,3.080349415540695e-06,9.999999747378752e-05
1633,1.0,1.8217525621366804e-06,9.999999747378752e-05
1634,1.0,2.27724012802355e-06,9.999999747378752e-05
1635,1.0,4.001027264166623e-06,9.999999747378752e-05
1636,1.0,2.0309594219725113e-06,9.999999747378752e-05
1637,1.0,1.1712229479599046e-06,9.999999747378752e-05
1638,1.0,1.3357642956179916e-06,9.999999747378752e-05
1639,1.0,3.064389602513984e-06,9.999999747378752e-05
1640,1.0,1.6263276165773277e-06,9.999999747378752e-05
1641,1.0,9.50052367443277e-07,9.999999747378752e-05
1642,1.0,1.950115574800293e-06,9.999999747378752e-05
1643,1.0,1.704882151898346e-06,9.999999747378752e-05
1644,1.0,2.6097584395756712e-06,9.999999747378752e-05
1645,1.0,1.2133672271374962e-06,9.999999747378752e-05
1646,1.0,4.235495453031035e-06,9.999999747378752e-05
1647,1.0,2.0911584215355106e-06,9.999999747378752e-05
1648,1.0,1.599945676389325e-06,9.999999747378752e-05
1649,1.0,2.1180494513828307e-06,9.999999747378752e-05
1650,1.0,1.1848429721794673e-06,9.999999747378752e-05
1651,1.0,2.5335334612464067e-06,9.999999747378752e-05
1652,1.0,2.0594916350091808e-06,9.999999747378752e-05
1653,1.0,1.4373067642736714e-06,9.999999747378752e-05
1654,1.0,1.3329903367775842e-06,9.999999747378752e-05
1655,1.0,8.821436381367675e-07,9.999999747378752e-05
1656,1.0,1.0057396139018238e-05,9.999999747378752e-05
1657,1.0,1.1469539913377957e-06,9.999999747378752e-05
1658,1.0,1.621225578674057e-06,9.999999747378752e-05
1659,1.0,1.0952284128507017e-06,9.999999747378752e-05
1660,1.0,1.618664214220189e-06,9.999999747378752e-05
1661,1.0,1.7821485016611405e-06,9.999999747378752e-05
1662,1.0,1.1627113281065249e-06,9.999999747378752e-05
1663,1.0,2.573107167336275e-06,9.999999747378752e-05
1664,1.0,1.7889402670334675e-06,9.999999747378752e-05
1665,1.0,1.0671249128790805e-06,9.999999747378752e-05
1666,1.0,2.422640136501286e-06,9.999999747378752e-05
1667,1.0,1.986082907023956e-06,9.999999747378752e-05
1668,1.0,8.919320748645987e-07,9.999999747378752e-05
1669,1.0,1.334487933490891e-06,9.999999747378752e-05
1670,1.0,2.572739958850434e-06,9.999999747378752e-05
1671,1.0,1.9676904230436776e-06,9.999999747378752e-05
1672,1.0,1.143120812230336e-06,9.999999747378752e-05
1673,1.0,4.060984792886302e-06,9.999999747378752e-05
1674,1.0,1.1150257250847062e-06,9.999999747378752e-05
1675,1.0,7.250458224916656e-07,9.999999747378752e-05
1676,1.0,2.0450452211662196e-06,9.999999747378752e-05
1677,1.0,1.3921641084380099e-06,9.999999747378752e-05
1678,1.0,2.4866808416845743e-06,9.999999747378752e-05
1679,1.0,1.4396409824257717e-06,9.999999747378752e-05
1680,1.0,2.397067419224186e-06,9.999999747378752e-05
1681,1.0,5.881687457076623e-07,9.999999747378752e-05
1682,1.0,1.2429420621629106e-06,9.999999747378752e-05
1683,1.0,8.864009259923478e-07,9.999999747378752e-05
1684,1.0,3.6796470794797642e-06,9.999999747378752e-05
1685,1.0,1.5895087699391297e-06,9.999999747378752e-05
1686,1.0,8.915077955862216e-07,9.999999747378752e-05
1687,1.0,1.758446614985587e-06,9.999999747378752e-05
1688,1.0,1.269139602300129e-06,9.999999747378752e-05
1689,1.0,1.1348217867634958e-06,9.999999747378752e-05
1690,1.0,2.2246142634685384e-06,9.999999747378752e-05
1691,1.0,1.317675696554943e-06,9.999999747378752e-05
1692,1.0,1.1301386848572292e-06,9.999999747378752e-05
1693,1.0,8.140198701767076e-07,9.999999747378752e-05
1694,1.0,1.2748738527079695e-06,9.999999747378752e-05
1695,1.0,2.5734973405633355e-06,9.999999747378752e-05
1696,1.0,4.864155584982655e-07,9.999999747378752e-05
1697,1.0,2.4583023332525045e-06,9.999999747378752e-05
1698,1.0,1.2968140481461887e-06,9.999999747378752e-05
1699,1.0,1.074149281521386e-06,9.999999747378752e-05
1700,1.0,4.895572146779159e-06,9.999999747378752e-05
1701,1.0,1.9834706108667888e-06,9.999999747378752e-05
1702,1.0,1.6086266896309098e-06,9.999999747378752e-05
1703,1.0,1.2146383596700616e-06,9.999999747378752e-05
1704,1.0,1.6618662357359426e-06,9.999999747378752e-05
1705,1.0,1.2925448800160666e-06,9.999999747378752e-05
1706,1.0,6.332969064715144e-07,9.999999747378752e-05
1707,1.0,6.377677550517546e-07,9.999999747378752e-05
1708,1.0,9.836786603045766e-07,9.999999747378752e-05
1709,1.0,1.4800527878833236e-06,9.999999747378752e-05
1710,1.0,1.2921185543746105e-06,9.999999747378752e-05
1711,1.0,8.591525784140686e-07,9.999999747378752e-05
1712,1.0,1.4215360124580911e-06,9.999999747378752e-05
1713,1.0,1.0300833537257859e-06,9.999999747378752e-05
1714,1.0,6.584153311450791e-07,9.999999747378752e-05
1715,1.0,1.3461667549563572e-06,9.999999747378752e-05
1716,1.0,1.0128379699381185e-06,9.999999747378752e-05
1717,1.0,5.830589770994266e-07,9.999999747378752e-05
1718,1.0,1.8491738273951341e-06,9.999999747378752e-05
1719,1.0,9.643110843171598e-07,9.999999747378752e-05
1720,1.0,1.1914177093785838e-06,9.999999747378752e-05
1721,1.0,7.390949576802086e-07,9.999999747378752e-05
1722,1.0,1.3110510508340667e-06,9.999999747378752e-05
1723,1.0,3.67107531928923e-06,9.999999747378752e-05
1724,1.0,8.057235163505538e-07,9.999999747378752e-05
1725,1.0,9.438748520551599e-07,9.999999747378752e-05
1726,1.0,1.0385962241343805e-06,9.999999747378752e-05
1727,1.0,1.7446773199480958e-06,9.999999747378752e-05
1728,1.0,7.084411777213973e-07,9.999999747378752e-05
1729,1.0,1.071381689143891e-06,9.999999747378752e-05
1730,1.0,1.011991571431281e-06,9.999999747378752e-05
1731,1.0,1.6215573168665287e-06,9.999999747378752e-05
1732,1.0,5.455879545479547e-06,9.999999747378752e-05
1733,1.0,1.2003789606751525e-06,9.999999747378752e-05
1734,1.0,2.8918718726345105e-06,9.999999747378752e-05
1735,1.0,3.3143130622192984e-06,9.999999747378752e-05
1736,1.0,1.53905887145811e-06,9.999999747378752e-05
1737,1.0,8.921477956391755e-07,9.999999747378752e-05
1738,1.0,1.2173920822533546e-06,9.999999747378752e-05
1739,1.0,2.715733444347279e-06,9.999999747378752e-05
1740,1.0,1.043497832142748e-06,9.999999747378752e-05
1741,1.0,1.0583941048025736e-06,9.999999747378752e-05
1742,1.0,6.46919829705439e-07,9.999999747378752e-05
1743,1.0,5.151529762770224e-07,9.999999747378752e-05
1744,1.0,5.332471459951194e-07,9.999999747378752e-05
1745,1.0,1.1876071539518307e-06,9.999999747378752e-05
1746,1.0,5.696475113836641e-07,9.999999747378752e-05
1747,1.0,8.272168656731083e-07,9.999999747378752e-05
1748,1.0,7.065234512992902e-07,9.999999747378752e-05
1749,1.0,1.1181855370523408e-06,9.999999747378752e-05
1750,1.0,8.167869509634329e-07,9.999999747378752e-05
1751,1.0,6.262703777792922e-07,9.999999747378752e-05
1752,1.0,7.950782787702337e-07,9.999999747378752e-05
1753,1.0,5.892319450140349e-07,9.999999747378752e-05
1754,1.0,6.994988552833092e-07,9.999999747378752e-05
1755,1.0,6.060487862669106e-07,9.999999747378752e-05
1756,1.0,1.6083668015198782e-06,9.999999747378752e-05
1757,1.0,7.842223226361966e-07,9.999999747378752e-05
1758,1.0,5.715636461900431e-07,9.999999747378752e-05
1759,1.0,5.936988145549549e-07,9.999999747378752e-05
1760,1.0,8.966173936642008e-07,9.999999747378752e-05
1761,1.0,8.37864718050696e-07,9.999999747378752e-05
1762,1.0,6.2776143749943e-07,9.999999747378752e-05
1763,1.0,6.08603045293421e-07,9.999999747378752e-05
1764,1.0,1.1494981890791678e-06,9.999999747378752e-05
1765,1.0,4.336228585088975e-07,9.999999747378752e-05
1766,1.0,4.808804305866943e-07,9.999999747378752e-05
1767,1.0,1.8576241700429819e-06,9.999999747378752e-05
1768,1.0,8.138106863952999e-07,9.999999747378752e-05
1769,1.0,5.975345516162633e-07,9.999999747378752e-05
1770,1.0,2.932182951553841e-06,9.999999747378752e-05
1771,1.0,7.031159157122602e-07,9.999999747378752e-05
1772,1.0,2.0349214082671097e-06,9.999999747378752e-05
1773,1.0,1.2635933899218799e-06,9.999999747378752e-05
1774,1.0,7.139742592698894e-07,9.999999747378752e-05
1775,1.0,9.253527650798787e-07,9.999999747378752e-05
1776,1.0,5.704974910258898e-07,9.999999747378752e-05
1777,1.0,7.131219490474905e-07,9.999999747378752e-05
1778,1.0,6.318050509435125e-07,9.999999747378752e-05
1779,1.0,9.626040764487698e-07,9.999999747378752e-05
1780,1.0,4.206369794701459e-07,9.999999747378752e-05
1781,1.0,1.1554358252396923e-06,9.999999747378752e-05
1782,1.0,7.201485914265504e-07,9.999999747378752e-05
1783,1.0,6.807673571529449e-07,9.999999747378752e-05
1784,1.0,9.385532280248299e-07,9.999999747378752e-05
1785,1.0,7.011950060586969e-07,9.999999747378752e-05
1786,1.0,8.248800895671593e-07,9.999999747378752e-05
1787,1.0,1.3265911320559098e-06,9.999999747378752e-05
1788,1.0,6.056226311557111e-07,9.999999747378752e-05
1789,1.0,6.8970433630966e-07,9.999999747378752e-05
1790,1.0,6.401066343642015e-07,9.999999747378752e-05
1791,1.0,6.128605605226767e-07,9.999999747378752e-05
1792,1.0,6.124297442511306e-07,9.999999747378752e-05
1793,1.0,5.949731303189765e-07,9.999999747378752e-05
1794,1.0,1.0019768978963839e-06,9.999999747378752e-05
1795,1.0,7.28231839275395e-07,9.999999747378752e-05
1796,1.0,9.819757451623445e-07,9.999999747378752e-05
1797,1.0,8.30623264391761e-07,9.999999747378752e-05
1798,1.0,1.2024910347463447e-06,9.999999747378752e-05
1799,1.0,8.836206575324468e-07,9.999999747378752e-05
1800,1.0,6.079583272367017e-07,9.999999747378752e-05
1801,1.0,5.070625661574013e-07,9.999999747378752e-05
1802,1.0,5.298376208884292e-07,9.999999747378752e-05
1803,1.0,8.404013556173595e-07,9.999999747378752e-05
1804,1.0,5.336723916116171e-07,9.999999747378752e-05
1805,1.0,6.622453838645015e-07,9.999999747378752e-05
1806,1.0,8.04648607299896e-07,9.999999747378752e-05
1807,1.0,9.338644986200961e-07,9.999999747378752e-05
1808,1.0,7.712279739280348e-07,9.999999747378752e-05
1809,1.0,9.955429050023668e-07,9.999999747378752e-05
1810,1.0,4.206372921089496e-07,9.999999747378752e-05
1811,1.0,3.9615665059500316e-07,9.999999747378752e-05
1812,1.0,4.661885384393827e-07,9.999999747378752e-05
1813,1.0,1.8365889218330267e-06,9.999999747378752e-05
1814,1.0,1.2767815178449382e-06,9.999999747378752e-05
1815,1.0,7.999749414011603e-07,9.999999747378752e-05
1816,1.0,8.542548926016025e-07,9.999999747378752e-05
1817,1.0,3.595430371206021e-07,9.999999747378752e-05
1818,1.0,6.25202119408641e-07,9.999999747378752e-05
1819,1.0,9.304557124778512e-07,9.999999747378752e-05
1820,1.0,6.935385385986592e-07,9.999999747378752e-05
1821,1.0,1.4072289786781766e-06,9.999999747378752e-05
1822,1.0,1.3682266626346973e-06,9.999999747378752e-05
1823,1.0,3.0541675641870825e-06,9.999999747378752e-05
1824,1.0,1.3571508361565066e-06,9.999999747378752e-05
1825,1.0,1.5781183719809633e-06,9.999999747378752e-05
1826,1.0,2.1677903987438185e-06,9.999999747378752e-05
1827,1.0,7.354742024290317e-07,9.999999747378752e-05
1828,1.0,9.000173690765223e-07,9.999999747378752e-05
1829,1.0,5.29627811829414e-07,9.999999747378752e-05
1830,1.0,4.810928544429771e-07,9.999999747378752e-05
1831,1.0,7.697456680944015e-07,9.999999747378752e-05
1832,1.0,8.46008970256662e-06,9.999999747378752e-05
1833,1.0,0.0008111913339234889,9.999999747378752e-05
1834,1.0,0.0011575206881389022,9.999999747378752e-05
1835,1.0,3.110118268523365e-05,9.999999747378752e-05
1836,1.0,2.7708239940693602e-05,9.999999747378752e-05
1837,1.0,2.818588836817071e-05,9.999999747378752e-05
1838,1.0,1.8650303900358267e-05,9.999999747378752e-05
1839,1.0,1.766465720720589e-05,9.999999747378752e-05
1840,1.0,1.016523856378626e-05,9.999999747378752e-05
1841,1.0,1.7538033716846257e-05,9.999999747378752e-05
1842,1.0,1.5141988114919513e-05,9.999999747378752e-05
1843,1.0,8.691164111951366e-06,9.999999747378752e-05
1844,1.0,1.07611476778402e-05,9.999999747378752e-05
1845,1.0,9.457035957893822e-06,9.999999747378752e-05
1846,1.0,2.4385224605794065e-05,9.999999747378752e-05
1847,1.0,8.444217201031279e-06,9.999999747378752e-05
1848,1.0,4.880309643340297e-05,9.999999747378752e-05
1849,1.0,4.9470145313534886e-06,9.999999747378752e-05
1850,1.0,6.247731562325498e-06,9.999999747378752e-05
1851,1.0,6.340555955830496e-06,9.999999747378752e-05
1852,1.0,6.0001652855135035e-06,9.999999747378752e-05
1853,1.0,9.480687367613427e-06,9.999999747378752e-05
1854,1.0,6.526745437440695e-06,9.999999747378752e-05
1855,1.0,5.186447197047528e-06,9.999999747378752e-05
1856,1.0,1.275266276934417e-05,9.999999747378752e-05
1857,1.0,4.647573859983822e-06,9.999999747378752e-05
1858,1.0,4.336603524279781e-06,9.999999747378752e-05
1859,1.0,7.710358659096528e-06,9.999999747378752e-05
1860,1.0,5.657736437569838e-06,9.999999747378752e-05
1861,1.0,4.7347289182653185e-06,9.999999747378752e-05
1862,1.0,2.9927477953606285e-06,9.999999747378752e-05
1863,1.0,5.2233740461815614e-06,9.999999747378752e-05
1864,1.0,7.303293386939913e-06,9.999999747378752e-05
1865,1.0,3.972746071667643e-06,9.999999747378752e-05
1866,1.0,7.149381872295635e-06,9.999999747378752e-05
1867,1.0,4.250162874086527e-06,9.999999747378752e-05
1868,1.0,4.958058980264468e-06,9.999999747378752e-05
1869,1.0,2.5610399916331517e-06,9.999999747378752e-05
1870,1.0,1.055159646057291e-05,9.999999747378752e-05
1871,1.0,3.817781816906063e-06,9.999999747378752e-05
1872,1.0,3.3624637580942363e-06,9.999999747378752e-05
1873,1.0,3.0348621748998994e-06,9.999999747378752e-05
1874,1.0,3.5567388749768725e-06,9.999999747378752e-05
1875,1.0,2.457545406286954e-06,9.999999747378752e-05
1876,1.0,4.997188170818845e-06,9.999999747378752e-05
1877,1.0,2.5478232146269875e-06,9.999999747378752e-05
1878,1.0,6.991987447690917e-06,9.999999747378752e-05
1879,1.0,2.355838887524442e-06,9.999999747378752e-05
1880,1.0,4.167444330960279e-06,9.999999747378752e-05
1881,1.0,2.7489697913551936e-06,9.999999747378752e-05
1882,1.0,1.7708043742459267e-05,9.999999747378752e-05
1883,1.0,2.474402208463289e-06,9.999999747378752e-05
1884,1.0,3.372854735061992e-06,9.999999747378752e-05
1885,1.0,3.572659807105083e-06,9.999999747378752e-05
1886,1.0,6.923241016920656e-06,9.999999747378752e-05
1887,1.0,2.849317979780608e-06,9.999999747378752e-05
1888,1.0,1.9867270566464867e-06,9.999999747378752e-05
1889,1.0,2.999799562530825e-06,9.999999747378752e-05
1890,1.0,7.119121164578246e-06,9.999999747378752e-05
1891,1.0,2.1120913515915163e-06,9.999999747378752e-05
1892,1.0,2.7564080937736435e-06,9.999999747378752e-05
1893,1.0,2.2368496956914896e-06,9.999999747378752e-05
1894,1.0,1.7182893543576938e-06,9.999999747378752e-05
1895,1.0,1.2482848887884757e-06,9.999999747378752e-05
1896,1.0,1.855371465353528e-06,9.999999747378752e-05
1897,1.0,2.777043391688494e-06,9.999999747378752e-05
1898,1.0,1.6480483964187442e-06,9.999999747378752e-05
1899,1.0,3.41429313266417e-06,9.999999747378752e-05
1900,1.0,1.3996286725159734e-06,9.999999747378752e-05
1901,1.0,2.591153133835178e-06,9.999999747378752e-05
1902,1.0,4.436672497831751e-06,9.999999747378752e-05
1903,1.0,2.2699412056681467e-06,9.999999747378752e-05
1904,1.0,3.3486207939859014e-06,9.999999747378752e-05
1905,1.0,4.6618761189165525e-06,9.999999747378752e-05
1906,1.0,3.629566890595015e-06,9.999999747378752e-05
1907,1.0,1.4677539184049238e-06,9.999999747378752e-05
1908,1.0,5.019857326260535e-06,9.999999747378752e-05
1909,1.0,2.525054924262804e-06,9.999999747378752e-05
1910,1.0,2.3010991299088346e-06,9.999999747378752e-05
1911,1.0,1.9311326013848884e-06,9.999999747378752e-05
1912,1.0,1.585892050570692e-06,9.999999747378752e-05
1913,1.0,3.1893066534394166e-06,9.999999747378752e-05
1914,1.0,1.337260414402408e-06,9.999999747378752e-05
1915,1.0,1.3847301261193934e-06,9.999999747378752e-05
1916,1.0,3.0893088478478603e-06,9.999999747378752e-05
1917,1.0,2.221456043116632e-06,9.999999747378752e-05
1918,1.0,2.6432692266098456e-06,9.999999747378752e-05
1919,1.0,2.8596207357622916e-06,9.999999747378752e-05
1920,1.0,1.828554331950727e-06,9.999999747378752e-05
1921,1.0,1.9849769614666e-06,9.999999747378752e-05
1922,1.0,2.6161483219766524e-06,9.999999747378752e-05
1923,1.0,2.11209317058092e-06,9.999999747378752e-05
1924,1.0,1.6073838651209371e-06,9.999999747378752e-05
1925,1.0,2.4434732495137723e-06,9.999999747378752e-05
1926,1.0,1.737645334287663e-06,9.999999747378752e-05
1927,1.0,1.1054449942093925e-06,9.999999747378752e-05
1928,1.0,2.461877556925174e-06,9.999999747378752e-05
1929,1.0,2.497373998266994e-06,9.999999747378752e-05
1930,1.0,1.1669601462926948e-06,9.999999747378752e-05
1931,1.0,1.2410413319230429e-06,9.999999747378752e-05
1932,1.0,2.030614496106864e-06,9.999999747378752e-05
1933,1.0,1.1773937558245962e-06,9.999999747378752e-05
1934,1.0,2.03478566618287e-06,9.999999747378752e-05
1935,1.0,1.8593834738567239e-06,9.999999747378752e-05
1936,1.0,1.7955633211386157e-06,9.999999747378752e-05
1937,1.0,9.289750551033649e-07,9.999999747378752e-05
1938,1.0,9.643117664381862e-07,9.999999747378752e-05
1939,1.0,5.74347359361127e-06,9.999999747378752e-05
1940,1.0,1.5548058627246064e-06,9.999999747378752e-05
1941,1.0,2.507157660147641e-06,9.999999747378752e-05
1942,1.0,3.576477411115775e-06,9.999999747378752e-05
1943,1.0,1.8179171092924662e-06,9.999999747378752e-05
1944,1.0,1.1405680879761348e-06,9.999999747378752e-05
1945,1.0,1.4281491758083575e-06,9.999999747378752e-05
1946,1.0,8.1487650049894e-07,9.999999747378752e-05
1947,1.0,9.996451808547135e-07,9.999999747378752e-05
1948,1.0,7.586780839119456e-07,9.999999747378752e-05
1949,1.0,1.142041469393007e-06,9.999999747378752e-05
1950,1.0,1.7957603404283873e-06,9.999999747378752e-05
1951,1.0,4.44381294073537e-06,9.999999747378752e-05
1952,1.0,1.0552043931966182e-06,9.999999747378752e-05
1953,1.0,2.646485881996341e-06,9.999999747378752e-05
1954,1.0,1.0354083315178286e-06,9.999999747378752e-05
1955,1.0,1.3170279089536052e-06,9.999999747378752e-05
1956,1.0,1.2657355910050683e-06,9.999999747378752e-05
1957,1.0,1.6056851563917007e-06,9.999999747378752e-05
1958,1.0,1.20868560316012e-06,9.999999747378752e-05
1959,1.0,1.1350205113558332e-06,9.999999747378752e-05
1960,1.0,1.5914134792183177e-06,9.999999747378752e-05
1961,1.0,9.511142025075969e-07,9.999999747378752e-05
1962,1.0,1.2142052128183423e-06,9.999999747378752e-05
1963,1.0,1.0571119446467492e-06,9.999999747378752e-05
1964,1.0,9.078981406673847e-07,9.999999747378752e-05
1965,1.0,1.0266819572279928e-06,9.999999747378752e-05
1966,1.0,3.327976855871384e-06,9.999999747378752e-05
1967,1.0,1.0200774340773933e-06,9.999999747378752e-05
1968,1.0,1.1841998457384761e-06,9.999999747378752e-05
1969,1.0,1.3398056353253196e-06,9.999999747378752e-05
1970,1.0,1.2782953717760392e-06,9.999999747378752e-05
1971,1.0,1.5179831507339259e-06,9.999999747378752e-05
1972,1.0,1.0271018027196988e-06,9.999999747378752e-05
1973,1.0,1.2423026873875642e-06,9.999999747378752e-05
1974,1.0,1.2150615020800615e-06,9.999999747378752e-05
1975,1.0,8.717106538824737e-07,9.999999747378752e-05
1976,1.0,1.3438465202852967e-06,9.999999747378752e-05
1977,1.0,6.373418841576495e-07,9.999999747378752e-05
1978,1.0,8.272222089544812e-07,9.999999747378752e-05
1979,1.0,4.14234409618075e-06,9.999999747378752e-05
1980,1.0,1.1075712791352998e-06,9.999999747378752e-05
1981,1.0,5.4985167707855e-07,9.999999747378752e-05
1982,1.0,2.2265287498157704e-06,9.999999747378752e-05
1983,1.0,1.3670146472577471e-06,9.999999747378752e-05
1984,1.0,7.273858955159085e-07,9.999999747378752e-05
1985,1.0,1.2501864148362074e-06,9.999999747378752e-05
1986,1.0,1.1890956557181198e-06,9.999999747378752e-05
1987,1.0,6.82470272295177e-07,9.999999747378752e-05
1988,1.0,7.022665045042231e-07,9.999999747378752e-05
1989,1.0,1.089679244614672e-06,9.999999747378752e-05
1990,1.0,1.6188694189622765e-06,9.999999747378752e-05
1991,1.0,1.6929056982917245e-06,9.999999747378752e-05
1992,1.0,1.0943417692033108e-06,9.999999747378752e-05
1993,1.0,7.99547478891327e-07,9.999999747378752e-05
1994,1.0,1.3757588703811052e-06,9.999999747378752e-05
1995,1.0,7.795344458827458e-07,9.999999747378752e-05
1996,1.0,9.315266993326077e-07,9.999999747378752e-05
1997,1.0,5.856114171365334e-07,9.999999747378752e-05
1998,1.0,1.1982401701970957e-06,9.999999747378752e-05
1999,1.0,8.008266263459518e-07,9.999999747378752e-05
