,categorical_accuracy,loss,learning_rate
0,0.6474999785423279,1.1593694686889648,0.0010000000474974513
1,0.7250000238418579,0.803122341632843,0.0010000000474974513
2,0.7774999737739563,0.7421185970306396,0.0010000000474974513
3,0.7599999904632568,0.6970621347427368,0.0010000000474974513
4,0.7649999856948853,0.6824797987937927,0.0010000000474974513
5,0.7825000286102295,0.6428279876708984,0.0010000000474974513
6,0.7900000214576721,0.6189736127853394,0.0010000000474974513
7,0.7674999833106995,0.6117038130760193,0.0010000000474974513
8,0.7850000262260437,0.5739836096763611,0.0010000000474974513
9,0.7749999761581421,0.5885879993438721,0.0010000000474974513
10,0.7900000214576721,0.5681094527244568,0.0010000000474974513
11,0.8050000071525574,0.5500340461730957,0.0010000000474974513
12,0.8199999928474426,0.5108144283294678,0.0010000000474974513
13,0.8100000023841858,0.5102795958518982,0.0010000000474974513
14,0.800000011920929,0.5230653882026672,0.0010000000474974513
15,0.7975000143051147,0.5396425127983093,0.0010000000474974513
16,0.7925000190734863,0.5097450017929077,0.0010000000474974513
17,0.8025000095367432,0.5037822127342224,0.0010000000474974513
18,0.8075000047683716,0.5014293193817139,0.0010000000474974513
19,0.8149999976158142,0.47200915217399597,0.0010000000474974513
20,0.800000011920929,0.4866096079349518,0.0010000000474974513
21,0.8125,0.48701903223991394,0.0010000000474974513
22,0.8050000071525574,0.4641139507293701,0.0010000000474974513
23,0.8324999809265137,0.46359264850616455,0.0010000000474974513
24,0.7900000214576721,0.5004538893699646,0.0010000000474974513
25,0.7925000190734863,0.518882691860199,0.0010000000474974513
26,0.8274999856948853,0.45967942476272583,0.0010000000474974513
27,0.8174999952316284,0.48368552327156067,0.0010000000474974513
28,0.8199999928474426,0.4618077576160431,0.0010000000474974513
29,0.8174999952316284,0.4324866235256195,0.0010000000474974513
30,0.8050000071525574,0.452810674905777,0.0010000000474974513
31,0.8299999833106995,0.4343040883541107,0.0010000000474974513
32,0.8199999928474426,0.4430575668811798,0.0010000000474974513
33,0.8199999928474426,0.4569326639175415,0.0010000000474974513
34,0.8324999809265137,0.40772101283073425,0.0010000000474974513
35,0.8274999856948853,0.45079681277275085,0.0010000000474974513
36,0.8374999761581421,0.4104127585887909,0.0010000000474974513
37,0.8050000071525574,0.43838009238243103,0.0010000000474974513
38,0.8224999904632568,0.44545120000839233,0.0010000000474974513
39,0.8149999976158142,0.4265899658203125,0.0010000000474974513
40,0.8575000166893005,0.3906472325325012,0.0010000000474974513
41,0.8174999952316284,0.4336504638195038,0.0010000000474974513
42,0.8349999785423279,0.44877663254737854,0.0010000000474974513
43,0.8224999904632568,0.42014193534851074,0.0010000000474974513
44,0.8224999904632568,0.44290831685066223,0.0010000000474974513
45,0.8299999833106995,0.41005924344062805,0.0010000000474974513
46,0.8174999952316284,0.4199431240558624,0.0010000000474974513
47,0.8324999809265137,0.4381025731563568,0.0010000000474974513
48,0.8525000214576721,0.41204920411109924,0.0010000000474974513
49,0.8199999928474426,0.4130268394947052,0.0010000000474974513
50,0.8374999761581421,0.40036457777023315,0.0010000000474974513
51,0.8274999856948853,0.471669465303421,0.0010000000474974513
52,0.8174999952316284,0.4430476427078247,0.0010000000474974513
53,0.8525000214576721,0.4056020975112915,0.0010000000474974513
54,0.8274999856948853,0.4068067669868469,0.0010000000474974513
55,0.8575000166893005,0.37773239612579346,0.0010000000474974513
56,0.8299999833106995,0.40224674344062805,0.0010000000474974513
57,0.8199999928474426,0.4214400053024292,0.0010000000474974513
58,0.8324999809265137,0.3928911089897156,0.0010000000474974513
59,0.8450000286102295,0.40936896204948425,0.0010000000474974513
60,0.8274999856948853,0.40286627411842346,0.0010000000474974513
61,0.8399999737739563,0.41240084171295166,0.0010000000474974513
62,0.8600000143051147,0.3832382559776306,0.0010000000474974513
63,0.8525000214576721,0.3946766257286072,0.0010000000474974513
64,0.862500011920929,0.3660041093826294,0.0010000000474974513
65,0.8575000166893005,0.36438238620758057,0.0010000000474974513
66,0.8525000214576721,0.40744128823280334,0.0010000000474974513
67,0.8424999713897705,0.3962782025337219,0.0010000000474974513
68,0.8424999713897705,0.3846990168094635,0.0010000000474974513
69,0.8550000190734863,0.4030119776725769,0.0010000000474974513
70,0.8575000166893005,0.3734990358352661,0.0010000000474974513
71,0.8525000214576721,0.3698256313800812,0.0010000000474974513
72,0.8475000262260437,0.3728717863559723,0.0010000000474974513
73,0.862500011920929,0.3614652156829834,0.0010000000474974513
74,0.8224999904632568,0.407426118850708,0.0010000000474974513
75,0.8675000071525574,0.3450605273246765,0.0010000000474974513
76,0.8500000238418579,0.3611244559288025,0.0010000000474974513
77,0.8450000286102295,0.38652247190475464,0.0010000000474974513
78,0.8424999713897705,0.3902456760406494,0.0010000000474974513
79,0.8424999713897705,0.40998387336730957,0.0010000000474974513
80,0.8575000166893005,0.3650811016559601,0.0010000000474974513
81,0.8675000071525574,0.34758326411247253,0.0010000000474974513
82,0.8650000095367432,0.3669961988925934,0.0010000000474974513
83,0.8600000143051147,0.3671453893184662,0.0010000000474974513
84,0.8575000166893005,0.38034260272979736,0.0010000000474974513
85,0.862500011920929,0.33979880809783936,0.0010000000474974513
86,0.8475000262260437,0.34446632862091064,0.0010000000474974513
87,0.8374999761581421,0.37449002265930176,0.0010000000474974513
88,0.8700000047683716,0.3288704752922058,0.0010000000474974513
89,0.8399999737739563,0.37192603945732117,0.0010000000474974513
90,0.8374999761581421,0.3728637993335724,0.0010000000474974513
91,0.8500000238418579,0.357361763715744,0.0010000000474974513
92,0.875,0.3252345323562622,0.0010000000474974513
93,0.8600000143051147,0.3463999032974243,0.0010000000474974513
94,0.8450000286102295,0.36952725052833557,0.0010000000474974513
95,0.8774999976158142,0.35475704073905945,0.0010000000474974513
96,0.887499988079071,0.32812952995300293,0.0010000000474974513
97,0.862500011920929,0.3360629379749298,0.0010000000474974513
98,0.8550000190734863,0.36053285002708435,0.0010000000474974513
99,0.8600000143051147,0.3414500057697296,0.0010000000474974513
100,0.8824999928474426,0.32197678089141846,0.0010000000474974513
101,0.8650000095367432,0.3491019010543823,0.0010000000474974513
102,0.8774999976158142,0.3220529854297638,0.0010000000474974513
103,0.8675000071525574,0.3298104405403137,0.0010000000474974513
104,0.8650000095367432,0.35042884945869446,0.0010000000474974513
105,0.8650000095367432,0.3570529818534851,0.0010000000474974513
106,0.8725000023841858,0.36732834577560425,0.0010000000474974513
107,0.862500011920929,0.3519016206264496,0.0010000000474974513
108,0.8824999928474426,0.32866615056991577,0.0010000000474974513
109,0.875,0.32081127166748047,0.0010000000474974513
110,0.8700000047683716,0.34262803196907043,0.0010000000474974513
111,0.8700000047683716,0.3433385491371155,0.0010000000474974513
112,0.875,0.32147303223609924,0.0010000000474974513
113,0.8799999952316284,0.30510765314102173,0.0010000000474974513
114,0.8774999976158142,0.3305739164352417,0.0010000000474974513
115,0.8949999809265137,0.312737375497818,0.0010000000474974513
116,0.8675000071525574,0.3471735715866089,0.0010000000474974513
117,0.887499988079071,0.3090512156486511,0.0010000000474974513
118,0.8824999928474426,0.3266501724720001,0.0010000000474974513
119,0.8799999952316284,0.3086307942867279,0.0010000000474974513
120,0.875,0.3287063241004944,0.0010000000474974513
121,0.8774999976158142,0.32698899507522583,0.0010000000474974513
122,0.8824999928474426,0.3076583743095398,0.0010000000474974513
123,0.8650000095367432,0.3352172374725342,0.0010000000474974513
124,0.875,0.3231760263442993,0.0010000000474974513
125,0.8924999833106995,0.2944476008415222,0.0010000000474974513
126,0.8675000071525574,0.32149890065193176,0.0010000000474974513
127,0.8700000047683716,0.3168467581272125,0.0010000000474974513
128,0.8675000071525574,0.31847646832466125,0.0010000000474974513
129,0.8675000071525574,0.33913424611091614,0.0010000000474974513
130,0.8725000023841858,0.31256893277168274,0.0010000000474974513
131,0.9049999713897705,0.287342369556427,0.0010000000474974513
132,0.8999999761581421,0.2918061316013336,0.0010000000474974513
133,0.8675000071525574,0.30086493492126465,0.0010000000474974513
134,0.8725000023841858,0.3055824041366577,0.0010000000474974513
135,0.8824999928474426,0.31054121255874634,0.0010000000474974513
136,0.887499988079071,0.3156617283821106,0.0010000000474974513
137,0.8700000047683716,0.31314098834991455,0.0010000000474974513
138,0.887499988079071,0.3006157875061035,0.0010000000474974513
139,0.8550000190734863,0.3348272740840912,0.0010000000474974513
140,0.9100000262260437,0.2687271535396576,0.0010000000474974513
141,0.9049999713897705,0.27882352471351624,0.0010000000474974513
142,0.8924999833106995,0.3005036413669586,0.0010000000474974513
143,0.875,0.2851916253566742,0.0010000000474974513
144,0.9075000286102295,0.28837302327156067,0.0010000000474974513
145,0.8849999904632568,0.3087913990020752,0.0010000000474974513
146,0.8849999904632568,0.30391040444374084,0.0010000000474974513
147,0.8774999976158142,0.3452528119087219,0.0010000000474974513
148,0.887499988079071,0.31052443385124207,0.0010000000474974513
149,0.8799999952316284,0.286410927772522,0.0010000000474974513
150,0.9024999737739563,0.2898329198360443,0.0010000000474974513
151,0.8899999856948853,0.28955796360969543,0.0010000000474974513
152,0.8999999761581421,0.29197177290916443,0.0010000000474974513
153,0.8949999809265137,0.2954391539096832,0.0010000000474974513
154,0.9049999713897705,0.273654967546463,0.0010000000474974513
155,0.9024999737739563,0.27852606773376465,0.0010000000474974513
156,0.9175000190734863,0.25436559319496155,0.0010000000474974513
157,0.887499988079071,0.29053664207458496,0.0010000000474974513
158,0.8899999856948853,0.27884894609451294,0.0010000000474974513
159,0.8974999785423279,0.28078213334083557,0.0010000000474974513
160,0.8999999761581421,0.28481003642082214,0.0010000000474974513
161,0.8999999761581421,0.27384278178215027,0.0010000000474974513
162,0.8899999856948853,0.275402307510376,0.0010000000474974513
163,0.8949999809265137,0.285552054643631,0.0010000000474974513
164,0.9100000262260437,0.29888758063316345,0.0010000000474974513
165,0.8824999928474426,0.306501179933548,0.0010000000474974513
166,0.8974999785423279,0.2751670777797699,0.0010000000474974513
167,0.8924999833106995,0.294275164604187,0.0010000000474974513
168,0.8949999809265137,0.2867659628391266,0.0010000000474974513
169,0.9125000238418579,0.27645450830459595,0.0010000000474974513
170,0.9125000238418579,0.2680424749851227,0.0010000000474974513
171,0.9100000262260437,0.26581108570098877,0.0010000000474974513
172,0.9075000286102295,0.2584497630596161,0.0010000000474974513
173,0.9150000214576721,0.2662311792373657,0.0010000000474974513
174,0.9150000214576721,0.25783324241638184,0.0010000000474974513
175,0.9100000262260437,0.2499149888753891,0.0010000000474974513
176,0.9100000262260437,0.24998019635677338,0.0010000000474974513
177,0.9200000166893005,0.2522864043712616,0.0010000000474974513
178,0.9100000262260437,0.26986458897590637,0.0010000000474974513
179,0.8999999761581421,0.2536246180534363,0.0010000000474974513
180,0.9100000262260437,0.25645196437835693,0.0010000000474974513
181,0.8974999785423279,0.23589196801185608,0.0010000000474974513
182,0.9275000095367432,0.22439947724342346,0.0010000000474974513
183,0.8949999809265137,0.2697056829929352,0.0010000000474974513
184,0.925000011920929,0.24911090731620789,0.0010000000474974513
185,0.9075000286102295,0.2450496107339859,0.0010000000474974513
186,0.887499988079071,0.2867688834667206,0.0010000000474974513
187,0.9049999713897705,0.254047155380249,0.0010000000474974513
188,0.9200000166893005,0.24431942403316498,0.0010000000474974513
189,0.9325000047683716,0.2385319471359253,0.0010000000474974513
190,0.9200000166893005,0.23191361129283905,0.0010000000474974513
191,0.9100000262260437,0.23636141419410706,0.0010000000474974513
192,0.9125000238418579,0.23958444595336914,0.0010000000474974513
193,0.9175000190734863,0.22789299488067627,0.0010000000474974513
194,0.9325000047683716,0.22657577693462372,0.0010000000474974513
195,0.9049999713897705,0.25652357935905457,0.0010000000474974513
196,0.9125000238418579,0.24275478720664978,0.0010000000474974513
197,0.9175000190734863,0.25529149174690247,0.0010000000474974513
198,0.9100000262260437,0.24586069583892822,0.0010000000474974513
199,0.9300000071525574,0.24251803755760193,0.0010000000474974513
200,0.9200000166893005,0.2373654693365097,0.0010000000474974513
201,0.9325000047683716,0.23208123445510864,0.0010000000474974513
202,0.9125000238418579,0.24561826884746552,0.0010000000474974513
203,0.9350000023841858,0.2156601846218109,0.0010000000474974513
204,0.925000011920929,0.21366453170776367,0.0010000000474974513
205,0.9125000238418579,0.24440233409404755,0.0010000000474974513
206,0.9200000166893005,0.22834627330303192,0.0010000000474974513
207,0.9125000238418579,0.23593157529830933,0.0010000000474974513
208,0.9125000238418579,0.2345953732728958,0.0010000000474974513
209,0.9275000095367432,0.2425415813922882,0.0010000000474974513
210,0.9175000190734863,0.2428172528743744,0.0010000000474974513
211,0.9150000214576721,0.24052497744560242,0.0010000000474974513
212,0.9175000190734863,0.2474345564842224,0.0010000000474974513
213,0.9275000095367432,0.21896570920944214,0.0010000000474974513
214,0.9100000262260437,0.23699873685836792,0.0010000000474974513
215,0.9125000238418579,0.23868797719478607,0.0010000000474974513
216,0.9325000047683716,0.2291347086429596,0.0010000000474974513
217,0.9300000071525574,0.21087822318077087,0.0010000000474974513
218,0.925000011920929,0.22137023508548737,0.0010000000474974513
219,0.9225000143051147,0.21243959665298462,0.0010000000474974513
220,0.9325000047683716,0.21945059299468994,0.0010000000474974513
221,0.9424999952316284,0.19765663146972656,0.0010000000474974513
222,0.9200000166893005,0.23638193309307098,0.0010000000474974513
223,0.9225000143051147,0.21678012609481812,0.0010000000474974513
224,0.9325000047683716,0.21639637649059296,0.0010000000474974513
225,0.9175000190734863,0.21618086099624634,0.0010000000474974513
226,0.9350000023841858,0.19775471091270447,0.0010000000474974513
227,0.9350000023841858,0.21334640681743622,0.0010000000474974513
228,0.925000011920929,0.2296769767999649,0.0010000000474974513
229,0.9375,0.20633232593536377,0.0010000000474974513
230,0.949999988079071,0.18815256655216217,0.0010000000474974513
231,0.9325000047683716,0.21260720491409302,0.0010000000474974513
232,0.8999999761581421,0.2600012719631195,0.0010000000474974513
233,0.925000011920929,0.22336304187774658,0.0010000000474974513
234,0.925000011920929,0.2102200835943222,0.0010000000474974513
235,0.9474999904632568,0.19404590129852295,0.0010000000474974513
236,0.9399999976158142,0.20087289810180664,0.0010000000474974513
237,0.9399999976158142,0.19691535830497742,0.0010000000474974513
238,0.9424999952316284,0.2014717161655426,0.0010000000474974513
239,0.949999988079071,0.1838492602109909,0.0010000000474974513
240,0.9350000023841858,0.19363468885421753,0.0010000000474974513
241,0.9225000143051147,0.1906755119562149,0.0010000000474974513
242,0.9399999976158142,0.1722075492143631,0.0010000000474974513
243,0.9350000023841858,0.189656600356102,0.0010000000474974513
244,0.9375,0.1851632446050644,0.0010000000474974513
245,0.9225000143051147,0.20732437074184418,0.0010000000474974513
246,0.9175000190734863,0.20853514969348907,0.0010000000474974513
247,0.9375,0.1776113659143448,0.0010000000474974513
248,0.9300000071525574,0.1869564950466156,0.0010000000474974513
249,0.9300000071525574,0.19342422485351562,0.0010000000474974513
250,0.9375,0.1887764036655426,0.0010000000474974513
251,0.9375,0.17937703430652618,0.0010000000474974513
252,0.9350000023841858,0.18172039091587067,0.0010000000474974513
253,0.9424999952316284,0.17674607038497925,0.0010000000474974513
254,0.9399999976158142,0.19194889068603516,0.0010000000474974513
255,0.9325000047683716,0.18695761263370514,0.0010000000474974513
256,0.9549999833106995,0.15784215927124023,0.0010000000474974513
257,0.9549999833106995,0.15654189884662628,0.0010000000474974513
258,0.9325000047683716,0.18451236188411713,0.0010000000474974513
259,0.9375,0.18211975693702698,0.0010000000474974513
260,0.9474999904632568,0.1699218899011612,0.0010000000474974513
261,0.9350000023841858,0.19918286800384521,0.0010000000474974513
262,0.9399999976158142,0.1836320459842682,0.0010000000474974513
263,0.925000011920929,0.20237688720226288,0.0010000000474974513
264,0.9200000166893005,0.20485593378543854,0.0010000000474974513
265,0.9375,0.21346604824066162,0.0010000000474974513
266,0.9350000023841858,0.18996715545654297,0.0010000000474974513
267,0.9375,0.18484388291835785,0.0010000000474974513
268,0.9399999976158142,0.18970951437950134,0.0010000000474974513
269,0.9325000047683716,0.19173990190029144,0.0010000000474974513
270,0.9449999928474426,0.16157469153404236,0.0010000000474974513
271,0.9449999928474426,0.1568119078874588,0.0010000000474974513
272,0.9524999856948853,0.1642347276210785,0.0010000000474974513
273,0.9474999904632568,0.15949223935604095,0.0010000000474974513
274,0.949999988079071,0.16655679047107697,0.0010000000474974513
275,0.949999988079071,0.17707286775112152,0.0010000000474974513
276,0.9399999976158142,0.16591840982437134,0.0010000000474974513
277,0.9524999856948853,0.1395438313484192,0.0010000000474974513
278,0.9449999928474426,0.14463545382022858,0.0010000000474974513
279,0.949999988079071,0.14950084686279297,0.0010000000474974513
280,0.9549999833106995,0.1379077285528183,0.0010000000474974513
281,0.9474999904632568,0.14916987717151642,0.0010000000474974513
282,0.949999988079071,0.1421126127243042,0.0010000000474974513
283,0.9474999904632568,0.1540312021970749,0.0010000000474974513
284,0.9350000023841858,0.1788109987974167,0.0010000000474974513
285,0.9449999928474426,0.16457639634609222,0.0010000000474974513
286,0.949999988079071,0.16093866527080536,0.0010000000474974513
287,0.9599999785423279,0.13999150693416595,0.0010000000474974513
288,0.9599999785423279,0.14930205047130585,0.0010000000474974513
289,0.9574999809265137,0.13726244866847992,0.0010000000474974513
290,0.9524999856948853,0.13637059926986694,0.0010000000474974513
291,0.9449999928474426,0.16564401984214783,0.0010000000474974513
292,0.9424999952316284,0.16159206628799438,0.0010000000474974513
293,0.9375,0.17376823723316193,0.0010000000474974513
294,0.9424999952316284,0.17112624645233154,0.0010000000474974513
295,0.9399999976158142,0.16277945041656494,0.0010000000474974513
296,0.9474999904632568,0.15467190742492676,0.0010000000474974513
297,0.949999988079071,0.1612008512020111,0.0010000000474974513
298,0.9449999928474426,0.18927139043807983,0.0010000000474974513
299,0.9599999785423279,0.15813718736171722,0.0010000000474974513
300,0.9649999737739563,0.13197022676467896,0.0010000000474974513
301,0.9674999713897705,0.13965822756290436,0.0010000000474974513
302,0.9599999785423279,0.12486022710800171,0.0010000000474974513
303,0.9474999904632568,0.15766751766204834,0.0010000000474974513
304,0.9574999809265137,0.14042378962039948,0.0010000000474974513
305,0.9549999833106995,0.13142165541648865,0.0010000000474974513
306,0.949999988079071,0.14300787448883057,0.0010000000474974513
307,0.949999988079071,0.1383552998304367,0.0010000000474974513
308,0.9649999737739563,0.11523770540952682,0.0010000000474974513
309,0.9725000262260437,0.1121053397655487,0.0010000000474974513
310,0.9375,0.15797190368175507,0.0010000000474974513
311,0.9599999785423279,0.14505520462989807,0.0010000000474974513
312,0.9574999809265137,0.14423324167728424,0.0010000000474974513
313,0.9399999976158142,0.16650478541851044,0.0010000000474974513
314,0.949999988079071,0.1409512460231781,0.0010000000474974513
315,0.9624999761581421,0.12171556800603867,0.0010000000474974513
316,0.9624999761581421,0.14168959856033325,0.0010000000474974513
317,0.9474999904632568,0.16544540226459503,0.0010000000474974513
318,0.949999988079071,0.15157409012317657,0.0010000000474974513
319,0.9150000214576721,0.18054746091365814,0.0010000000474974513
320,0.9399999976158142,0.17307081818580627,0.0010000000474974513
321,0.9599999785423279,0.13185830414295197,0.0010000000474974513
322,0.9624999761581421,0.1259305775165558,0.0010000000474974513
323,0.9624999761581421,0.12405379116535187,0.0010000000474974513
324,0.9674999713897705,0.09430111944675446,0.0010000000474974513
325,0.9624999761581421,0.10508162528276443,0.0010000000474974513
326,0.9674999713897705,0.10669710487127304,0.0010000000474974513
327,0.9599999785423279,0.12846887111663818,0.0010000000474974513
328,0.9474999904632568,0.15607774257659912,0.0010000000474974513
329,0.9574999809265137,0.13311508297920227,0.0010000000474974513
330,0.9449999928474426,0.15258494019508362,0.0010000000474974513
331,0.9624999761581421,0.11044520139694214,0.0010000000474974513
332,0.9624999761581421,0.10700790584087372,0.0010000000474974513
333,0.9750000238418579,0.09742683172225952,0.0010000000474974513
334,0.9700000286102295,0.09877726435661316,0.0010000000474974513
335,0.9449999928474426,0.11812063306570053,0.0010000000474974513
336,0.9574999809265137,0.1251147836446762,0.0010000000474974513
337,0.9424999952316284,0.14352914690971375,0.0010000000474974513
338,0.9599999785423279,0.12807653844356537,0.0010000000474974513
339,0.9599999785423279,0.12862646579742432,0.0010000000474974513
340,0.9725000262260437,0.10752363502979279,0.0010000000474974513
341,0.9825000166893005,0.08672519028186798,0.0010000000474974513
342,0.9700000286102295,0.09937263280153275,0.0010000000474974513
343,0.9700000286102295,0.09025223553180695,0.0010000000474974513
344,0.9700000286102295,0.08702830225229263,0.0010000000474974513
345,0.9649999737739563,0.12151594460010529,0.0010000000474974513
346,0.9649999737739563,0.11024806648492813,0.0010000000474974513
347,0.9449999928474426,0.16056771576404572,0.0010000000474974513
348,0.9350000023841858,0.15885193645954132,0.0010000000474974513
349,0.9700000286102295,0.10446719080209732,0.0010000000474974513
350,0.9700000286102295,0.10488742589950562,0.0010000000474974513
351,0.9750000238418579,0.08341550081968307,0.0010000000474974513
352,0.9700000286102295,0.1000647321343422,0.0010000000474974513
353,0.9725000262260437,0.08413579314947128,0.0010000000474974513
354,0.9624999761581421,0.09708776324987411,0.0010000000474974513
355,0.9599999785423279,0.10348519682884216,0.0010000000474974513
356,0.9649999737739563,0.1207413598895073,0.0010000000474974513
357,0.9599999785423279,0.10766430199146271,0.0010000000474974513
358,0.9725000262260437,0.10356452316045761,0.0010000000474974513
359,0.9725000262260437,0.10498488694429398,0.0010000000474974513
360,0.9399999976158142,0.14134962856769562,0.0010000000474974513
361,0.9524999856948853,0.13676004111766815,0.0010000000474974513
362,0.9649999737739563,0.10213105380535126,0.0010000000474974513
363,0.9574999809265137,0.11230037361383438,0.0010000000474974513
364,0.9750000238418579,0.0876474380493164,0.0010000000474974513
365,0.9750000238418579,0.09449556469917297,0.0010000000474974513
366,0.9725000262260437,0.1060272678732872,0.0010000000474974513
367,0.9725000262260437,0.09851899743080139,0.0010000000474974513
368,0.9574999809265137,0.107248954474926,0.0010000000474974513
369,0.9700000286102295,0.11289076507091522,0.0010000000474974513
370,0.9750000238418579,0.0743861049413681,0.0010000000474974513
371,0.9750000238418579,0.07892441004514694,0.0010000000474974513
372,0.9674999713897705,0.10184776037931442,0.0010000000474974513
373,0.949999988079071,0.14940644800662994,0.0010000000474974513
374,0.9725000262260437,0.0911542996764183,0.0010000000474974513
375,0.9750000238418579,0.09834037721157074,0.0010000000474974513
376,0.9649999737739563,0.130207821726799,0.0010000000474974513
377,0.9700000286102295,0.08606398850679398,0.0010000000474974513
378,0.9725000262260437,0.0738152414560318,0.0010000000474974513
379,0.9800000190734863,0.07823671400547028,0.0010000000474974513
380,0.9775000214576721,0.09143328666687012,0.0010000000474974513
381,0.9524999856948853,0.12801121175289154,0.0010000000474974513
382,0.9674999713897705,0.09431557357311249,0.0010000000474974513
383,0.9850000143051147,0.07080557942390442,0.0010000000474974513
384,0.987500011920929,0.05489785224199295,0.0010000000474974513
385,0.9825000166893005,0.04939005896449089,0.0010000000474974513
386,0.987500011920929,0.05277307331562042,0.0010000000474974513
387,0.9900000095367432,0.05377931892871857,0.0010000000474974513
388,0.9925000071525574,0.05421820282936096,0.0010000000474974513
389,0.9674999713897705,0.07471048086881638,0.0010000000474974513
390,0.9700000286102295,0.08990577608346939,0.0010000000474974513
391,0.9549999833106995,0.11177787184715271,0.0010000000474974513
392,0.9750000238418579,0.08573807030916214,0.0010000000474974513
393,0.9825000166893005,0.06699254363775253,0.0010000000474974513
394,0.9800000190734863,0.06039132550358772,0.0010000000474974513
395,0.9750000238418579,0.06325646489858627,0.0010000000474974513
396,0.9925000071525574,0.04489816725254059,0.0010000000474974513
397,0.987500011920929,0.05068397521972656,0.0010000000474974513
398,0.9624999761581421,0.10469337552785873,0.0010000000474974513
399,0.9725000262260437,0.08235549926757812,0.0010000000474974513
400,0.9549999833106995,0.11513468623161316,0.0010000000474974513
401,0.9649999737739563,0.09444223344326019,0.0010000000474974513
402,0.9700000286102295,0.08916585892438889,0.0010000000474974513
403,0.9574999809265137,0.13827231526374817,0.0010000000474974513
404,0.9574999809265137,0.11837468296289444,0.0010000000474974513
405,0.9474999904632568,0.13837268948554993,0.0010000000474974513
406,0.9524999856948853,0.1370675414800644,0.0010000000474974513
407,0.9674999713897705,0.09848915785551071,0.0010000000474974513
408,0.9850000143051147,0.06247773766517639,0.0010000000474974513
409,0.9800000190734863,0.053596243262290955,0.0010000000474974513
410,0.9850000143051147,0.05514940619468689,0.0010000000474974513
411,0.9950000047683716,0.04081161320209503,0.0010000000474974513
412,0.987500011920929,0.05498981475830078,0.0010000000474974513
413,0.9725000262260437,0.0661311075091362,0.0010000000474974513
414,0.987500011920929,0.05446670576930046,0.0010000000474974513
415,0.9825000166893005,0.05606170743703842,0.0010000000474974513
416,0.9925000071525574,0.0403110608458519,0.0010000000474974513
417,0.987500011920929,0.04946335405111313,0.0010000000474974513
418,0.9900000095367432,0.05207223817706108,0.0010000000474974513
419,0.9449999928474426,0.13795849680900574,0.0010000000474974513
420,0.9700000286102295,0.10671866685152054,0.0010000000474974513
421,0.9674999713897705,0.1051398366689682,0.0010000000474974513
422,0.9649999737739563,0.09636641293764114,0.0010000000474974513
423,0.9775000214576721,0.06828015297651291,0.0010000000474974513
424,0.9850000143051147,0.05135268345475197,0.0010000000474974513
425,0.987500011920929,0.0494278185069561,0.0010000000474974513
426,0.987500011920929,0.043987106531858444,0.0010000000474974513
427,0.9925000071525574,0.041418854147195816,0.0010000000474974513
428,0.987500011920929,0.04541473090648651,0.0010000000474974513
429,0.987500011920929,0.054370954632759094,0.0010000000474974513
430,0.9850000143051147,0.06618069857358932,0.0010000000474974513
431,0.987500011920929,0.040850114077329636,0.0010000000474974513
432,0.9975000023841858,0.03199984133243561,0.0010000000474974513
433,0.9950000047683716,0.027726931497454643,0.0010000000474974513
434,0.987500011920929,0.053598448634147644,0.0010000000474974513
435,0.9725000262260437,0.08968352526426315,0.0010000000474974513
436,0.9825000166893005,0.07625555247068405,0.0010000000474974513
437,0.9624999761581421,0.10656826198101044,0.0010000000474974513
438,0.9750000238418579,0.07734605669975281,0.0010000000474974513
439,0.9775000214576721,0.06135988608002663,0.0010000000474974513
440,0.9825000166893005,0.06181468814611435,0.0010000000474974513
441,0.9850000143051147,0.04821641370654106,0.0010000000474974513
442,0.9950000047683716,0.04100767523050308,0.0010000000474974513
443,0.9950000047683716,0.03322535753250122,0.0010000000474974513
444,0.9825000166893005,0.05524178594350815,0.0010000000474974513
445,0.9725000262260437,0.07953019440174103,0.0010000000474974513
446,0.987500011920929,0.0686374306678772,0.0010000000474974513
447,0.9725000262260437,0.06902746856212616,0.0010000000474974513
448,0.9900000095367432,0.05427779257297516,0.0010000000474974513
449,0.987500011920929,0.053979307413101196,0.0010000000474974513
450,0.9800000190734863,0.04715157672762871,0.0010000000474974513
451,0.9900000095367432,0.04656624794006348,0.0010000000474974513
452,0.987500011920929,0.04462025314569473,0.0010000000474974513
453,0.9850000143051147,0.05312100425362587,0.0010000000474974513
454,0.9925000071525574,0.03933831676840782,0.0010000000474974513
455,0.9850000143051147,0.048681482672691345,0.0010000000474974513
456,0.9725000262260437,0.060571908950805664,0.0010000000474974513
457,0.9900000095367432,0.052006255835294724,0.0010000000474974513
458,0.987500011920929,0.05485328286886215,0.0010000000474974513
459,0.9825000166893005,0.05907152220606804,0.0010000000474974513
460,0.9800000190734863,0.05217929184436798,0.0010000000474974513
461,0.9900000095367432,0.03420360013842583,0.0010000000474974513
462,0.9850000143051147,0.05621568113565445,0.0010000000474974513
463,0.9700000286102295,0.0604313388466835,0.0010000000474974513
464,0.9900000095367432,0.046337589621543884,0.0010000000474974513
465,0.9825000166893005,0.04711107909679413,0.0010000000474974513
466,0.9950000047683716,0.034329041838645935,0.0010000000474974513
467,0.9850000143051147,0.050306178629398346,0.0010000000474974513
468,0.9599999785423279,0.08156903088092804,0.0010000000474974513
469,0.9850000143051147,0.048028524965047836,0.0010000000474974513
470,0.9750000238418579,0.058325838297605515,0.0010000000474974513
471,0.9750000238418579,0.08511044830083847,0.0010000000474974513
472,0.9700000286102295,0.10463239997625351,0.0010000000474974513
473,0.9674999713897705,0.09148598462343216,0.0010000000474974513
474,0.9775000214576721,0.07755007594823837,0.0010000000474974513
475,0.9950000047683716,0.039139095693826675,0.0010000000474974513
476,0.987500011920929,0.03302035480737686,0.0010000000474974513
477,1.0,0.018755042925477028,0.0010000000474974513
478,0.9925000071525574,0.024006308987736702,0.0010000000474974513
479,1.0,0.021123003214597702,0.0010000000474974513
480,0.9950000047683716,0.018817845731973648,0.0010000000474974513
481,1.0,0.017238784581422806,0.0010000000474974513
482,1.0,0.017488893121480942,0.0010000000474974513
483,1.0,0.015140466392040253,0.0010000000474974513
484,0.9975000023841858,0.015180056914687157,0.0010000000474974513
485,0.9975000023841858,0.020623940974473953,0.0010000000474974513
486,0.9925000071525574,0.03656146675348282,0.0010000000474974513
487,0.9950000047683716,0.03595561906695366,0.0010000000474974513
488,0.987500011920929,0.030506260693073273,0.0010000000474974513
489,0.9975000023841858,0.02125883847475052,0.0010000000474974513
490,1.0,0.019077997654676437,0.0010000000474974513
491,1.0,0.016811972483992577,0.0010000000474974513
492,0.987500011920929,0.044728897511959076,0.0010000000474974513
493,0.9850000143051147,0.0522797591984272,0.0010000000474974513
494,0.9975000023841858,0.024220850318670273,0.0010000000474974513
495,0.987500011920929,0.02876843884587288,0.0010000000474974513
496,0.9775000214576721,0.06156362593173981,0.0010000000474974513
497,0.9700000286102295,0.08637285232543945,0.0010000000474974513
498,0.9850000143051147,0.05521097779273987,0.0010000000474974513
499,0.9900000095367432,0.05316035822033882,0.0010000000474974513
500,0.987500011920929,0.04326445981860161,0.0010000000474974513
501,0.9900000095367432,0.04220538213849068,0.0010000000474974513
502,0.9850000143051147,0.04756385460495949,0.0010000000474974513
503,0.9574999809265137,0.09729614108800888,0.0010000000474974513
504,0.9775000214576721,0.08303925395011902,0.0010000000474974513
505,0.9599999785423279,0.10166069865226746,0.0010000000474974513
506,0.9800000190734863,0.06826389580965042,0.0010000000474974513
507,0.9950000047683716,0.031349603086709976,0.0010000000474974513
508,0.9975000023841858,0.02199498564004898,0.0010000000474974513
509,0.9975000023841858,0.027018828317523003,0.0010000000474974513
510,0.987500011920929,0.03517879545688629,0.0010000000474974513
511,0.9975000023841858,0.028388621285557747,0.0010000000474974513
512,0.9975000023841858,0.018748242408037186,0.0010000000474974513
513,0.9975000023841858,0.024374715983867645,0.0010000000474974513
514,0.9950000047683716,0.02513432689011097,0.0010000000474974513
515,0.9975000023841858,0.01822800748050213,0.0010000000474974513
516,1.0,0.015093773603439331,0.0010000000474974513
517,1.0,0.01060118991881609,0.0010000000474974513
518,1.0,0.009270983748137951,0.0010000000474974513
519,1.0,0.006158703006803989,0.0010000000474974513
520,1.0,0.0067373113706707954,0.0010000000474974513
521,1.0,0.005427717696875334,0.0010000000474974513
522,1.0,0.004320122301578522,0.0010000000474974513
523,0.9975000023841858,0.009518066421151161,0.0010000000474974513
524,0.9800000190734863,0.056696776300668716,0.0010000000474974513
525,0.9599999785423279,0.11709867417812347,0.0010000000474974513
526,0.9599999785423279,0.10794319957494736,0.0010000000474974513
527,0.9850000143051147,0.06490606814622879,0.0010000000474974513
528,0.9800000190734863,0.09221257269382477,0.0010000000474974513
529,0.9900000095367432,0.04265943542122841,0.0010000000474974513
530,0.9800000190734863,0.06068708375096321,0.0010000000474974513
531,0.9649999737739563,0.08782421052455902,0.0010000000474974513
532,0.9850000143051147,0.05897064134478569,0.0010000000474974513
533,0.987500011920929,0.04024360701441765,0.0010000000474974513
534,0.9750000238418579,0.06545198708772659,0.0010000000474974513
535,0.987500011920929,0.045880332589149475,0.0010000000474974513
536,0.9975000023841858,0.021728355437517166,0.0010000000474974513
537,1.0,0.01519849430769682,0.0010000000474974513
538,0.9975000023841858,0.01758994162082672,0.0010000000474974513
539,0.9950000047683716,0.01831669732928276,0.0010000000474974513
540,0.9975000023841858,0.022777780890464783,0.0010000000474974513
541,0.9950000047683716,0.014626012183725834,0.0010000000474974513
542,0.9900000095367432,0.025003748014569283,0.0010000000474974513
543,0.9900000095367432,0.03294319286942482,0.0010000000474974513
544,0.9800000190734863,0.05264924094080925,0.0010000000474974513
545,0.9950000047683716,0.026717571541666985,0.0010000000474974513
546,0.9975000023841858,0.03213505819439888,0.0010000000474974513
547,1.0,0.012618344277143478,0.0010000000474974513
548,0.9975000023841858,0.015068309381604195,0.0010000000474974513
549,0.9975000023841858,0.01684378832578659,0.0010000000474974513
550,0.9850000143051147,0.04235422611236572,0.0010000000474974513
551,0.9975000023841858,0.02255607210099697,0.0010000000474974513
552,0.9975000023841858,0.016901085153222084,0.0010000000474974513
553,0.9925000071525574,0.024309668689966202,0.0010000000474974513
554,0.9950000047683716,0.02865811437368393,0.0010000000474974513
555,1.0,0.010175865143537521,0.0010000000474974513
556,0.9975000023841858,0.008560946211218834,0.0010000000474974513
557,0.9975000023841858,0.015685919672250748,0.0010000000474974513
558,1.0,0.013214192353188992,0.0010000000474974513
559,0.9975000023841858,0.013161656446754932,0.0010000000474974513
560,0.987500011920929,0.03251459822058678,0.0010000000474974513
561,0.9800000190734863,0.05415932834148407,0.0010000000474974513
562,0.9725000262260437,0.07866746932268143,0.0010000000474974513
563,0.9549999833106995,0.09897040575742722,0.0010000000474974513
564,0.9674999713897705,0.08665163069963455,0.0010000000474974513
565,0.9624999761581421,0.09651307761669159,0.0010000000474974513
566,0.9674999713897705,0.0898113027215004,0.0010000000474974513
567,0.9750000238418579,0.07021781802177429,0.0010000000474974513
568,0.9800000190734863,0.05412227660417557,0.0010000000474974513
569,0.9800000190734863,0.06258539110422134,0.0010000000474974513
570,0.9725000262260437,0.07512526959180832,0.0010000000474974513
571,0.9599999785423279,0.10491614043712616,0.0010000000474974513
572,0.9700000286102295,0.06423494964838028,0.0010000000474974513
573,0.987500011920929,0.04018935188651085,0.0005000000237487257
574,1.0,0.018091175705194473,0.0005000000237487257
575,0.9975000023841858,0.017896436154842377,0.0005000000237487257
576,1.0,0.015106839127838612,0.0005000000237487257
577,1.0,0.012006096541881561,0.0005000000237487257
578,1.0,0.009456019848585129,0.0005000000237487257
579,1.0,0.00923285074532032,0.0005000000237487257
580,1.0,0.011924263089895248,0.0005000000237487257
581,1.0,0.009614182636141777,0.0005000000237487257
582,1.0,0.007441750727593899,0.0005000000237487257
583,1.0,0.007851237431168556,0.0005000000237487257
584,0.9950000047683716,0.014814993366599083,0.0005000000237487257
585,1.0,0.01215394213795662,0.0005000000237487257
586,1.0,0.006528251338750124,0.0005000000237487257
587,1.0,0.006554098799824715,0.0005000000237487257
588,1.0,0.005864189472049475,0.0005000000237487257
589,1.0,0.006438670679926872,0.0005000000237487257
590,1.0,0.005341983400285244,0.0005000000237487257
591,1.0,0.004276415798813105,0.0005000000237487257
592,1.0,0.0056072985753417015,0.0005000000237487257
593,1.0,0.004957160446792841,0.0005000000237487257
594,1.0,0.0038872116710990667,0.0005000000237487257
595,1.0,0.0055231619626283646,0.0005000000237487257
596,0.9950000047683716,0.009645473212003708,0.0005000000237487257
597,0.9950000047683716,0.014104597270488739,0.0005000000237487257
598,0.9950000047683716,0.0156368687748909,0.0005000000237487257
599,1.0,0.008673952892422676,0.0005000000237487257
600,1.0,0.0064584012143313885,0.0005000000237487257
601,1.0,0.00591176375746727,0.0005000000237487257
602,1.0,0.004057455807924271,0.0005000000237487257
603,1.0,0.0033282495569437742,0.0005000000237487257
604,1.0,0.005666000302881002,0.0005000000237487257
605,1.0,0.005250892136245966,0.0005000000237487257
606,1.0,0.006155171897262335,0.0005000000237487257
607,1.0,0.006115416064858437,0.0005000000237487257
608,1.0,0.0050116549246013165,0.0005000000237487257
609,1.0,0.004652386996895075,0.0005000000237487257
610,1.0,0.003561741439625621,0.0005000000237487257
611,1.0,0.0034994580782949924,0.0005000000237487257
612,1.0,0.003975849598646164,0.0005000000237487257
613,1.0,0.0030930056236684322,0.0005000000237487257
614,1.0,0.0030525061301887035,0.0005000000237487257
615,1.0,0.002947726286947727,0.0005000000237487257
616,1.0,0.0032466354314237833,0.0005000000237487257
617,1.0,0.005252671428024769,0.0005000000237487257
618,1.0,0.002479533664882183,0.0005000000237487257
619,1.0,0.0030824842397123575,0.0005000000237487257
620,1.0,0.0031697130762040615,0.0005000000237487257
621,1.0,0.0031219569500535727,0.0005000000237487257
622,1.0,0.0029644062742590904,0.0005000000237487257
623,1.0,0.003615886904299259,0.0005000000237487257
624,1.0,0.004638605285435915,0.0005000000237487257
625,1.0,0.004634820390492678,0.0005000000237487257
626,1.0,0.0036871328484266996,0.0005000000237487257
627,1.0,0.003778237383812666,0.0005000000237487257
628,0.9975000023841858,0.011170493438839912,0.0005000000237487257
629,0.9950000047683716,0.01482886541634798,0.0005000000237487257
630,1.0,0.012461967766284943,0.0005000000237487257
631,0.9975000023841858,0.013711189851164818,0.0005000000237487257
632,0.9950000047683716,0.014334985055029392,0.0005000000237487257
633,1.0,0.015472677536308765,0.0005000000237487257
634,0.9975000023841858,0.011853598058223724,0.0005000000237487257
635,1.0,0.00806025043129921,0.0005000000237487257
636,1.0,0.004678336903452873,0.0005000000237487257
637,1.0,0.0035999808460474014,0.0005000000237487257
638,1.0,0.003924025222659111,0.0005000000237487257
639,1.0,0.004606913309544325,0.0005000000237487257
640,1.0,0.0042524575255811214,0.0005000000237487257
641,1.0,0.003760949708521366,0.0005000000237487257
642,1.0,0.0021734987385571003,0.0005000000237487257
643,1.0,0.0038861886132508516,0.0005000000237487257
644,1.0,0.002442738274112344,0.0005000000237487257
645,1.0,0.0019333880627527833,0.0005000000237487257
646,1.0,0.001611553248949349,0.0005000000237487257
647,1.0,0.0038732353132218122,0.0005000000237487257
648,1.0,0.0038362741470336914,0.0005000000237487257
649,1.0,0.00246680760756135,0.0005000000237487257
650,1.0,0.007732334081083536,0.0005000000237487257
651,0.9975000023841858,0.007577264681458473,0.0005000000237487257
652,0.9975000023841858,0.00852285884320736,0.0005000000237487257
653,0.9925000071525574,0.013558571226894855,0.0005000000237487257
654,0.9975000023841858,0.009436126798391342,0.0005000000237487257
655,0.9925000071525574,0.03401857614517212,0.0005000000237487257
656,0.9975000023841858,0.019174182787537575,0.0005000000237487257
657,1.0,0.009180968627333641,0.0005000000237487257
658,1.0,0.00746541004627943,0.0005000000237487257
659,0.9975000023841858,0.008587341755628586,0.0005000000237487257
660,0.9950000047683716,0.01752512902021408,0.0005000000237487257
661,0.9975000023841858,0.012814550660550594,0.0005000000237487257
662,1.0,0.006596885155886412,0.0005000000237487257
663,1.0,0.003363685216754675,0.0005000000237487257
664,1.0,0.0029226476326584816,0.0005000000237487257
665,1.0,0.003054075874388218,0.0005000000237487257
666,1.0,0.0029683441389352083,0.0005000000237487257
667,1.0,0.0060430183075368404,0.0005000000237487257
668,0.9850000143051147,0.03152041509747505,0.0005000000237487257
669,0.9925000071525574,0.027122702449560165,0.0005000000237487257
670,1.0,0.01383962668478489,0.0005000000237487257
671,0.9850000143051147,0.052749425172805786,0.0005000000237487257
672,0.9825000166893005,0.05503607913851738,0.0005000000237487257
673,0.9925000071525574,0.032390955835580826,0.0005000000237487257
674,0.987500011920929,0.034455813467502594,0.0005000000237487257
675,0.9900000095367432,0.02890673838555813,0.0005000000237487257
676,0.9925000071525574,0.02088560163974762,0.0005000000237487257
677,0.9975000023841858,0.017217643558979034,0.0005000000237487257
678,0.9975000023841858,0.011281006038188934,0.0005000000237487257
679,0.9975000023841858,0.012039750814437866,0.0005000000237487257
680,1.0,0.00789986178278923,0.0005000000237487257
681,1.0,0.007065347861498594,0.0005000000237487257
682,1.0,0.0026852532755583525,0.0005000000237487257
683,1.0,0.004852137994021177,0.0005000000237487257
684,0.9975000023841858,0.006584408227354288,0.0005000000237487257
685,1.0,0.0037590896245092154,0.0005000000237487257
686,1.0,0.004643223714083433,0.0005000000237487257
687,1.0,0.006426301784813404,0.0005000000237487257
688,1.0,0.004674749448895454,0.0005000000237487257
689,1.0,0.0033681595232337713,0.0005000000237487257
690,1.0,0.004650683607906103,0.0005000000237487257
691,1.0,0.002587141003459692,0.0005000000237487257
692,1.0,0.0017142583383247256,0.0005000000237487257
693,1.0,0.0013857712037861347,0.0005000000237487257
694,1.0,0.001305831945501268,0.0005000000237487257
695,1.0,0.0013675503432750702,0.0005000000237487257
696,1.0,0.0021969573572278023,0.0005000000237487257
697,1.0,0.0018904386088252068,0.0005000000237487257
698,0.9975000023841858,0.007350101601332426,0.0005000000237487257
699,1.0,0.004348014947026968,0.0005000000237487257
700,1.0,0.002155627589672804,0.0005000000237487257
701,1.0,0.0019492252031341195,0.0005000000237487257
702,1.0,0.0013534383615478873,0.0005000000237487257
703,1.0,0.0010123512474820018,0.0005000000237487257
704,1.0,0.0016127323033288121,0.0005000000237487257
705,1.0,0.0020759550388902426,0.0005000000237487257
706,1.0,0.00253623747266829,0.0005000000237487257
707,1.0,0.0014689348172396421,0.0005000000237487257
708,1.0,0.001476398203521967,0.0005000000237487257
709,1.0,0.0009048720239661634,0.0005000000237487257
710,1.0,0.0011266522342339158,0.0005000000237487257
711,1.0,0.00897506158798933,0.0005000000237487257
712,0.9975000023841858,0.010573753155767918,0.0005000000237487257
713,0.987500011920929,0.04011528193950653,0.0005000000237487257
714,0.9800000190734863,0.055254869163036346,0.0005000000237487257
715,0.9975000023841858,0.020214879885315895,0.0005000000237487257
716,1.0,0.0061696493066847324,0.0005000000237487257
717,1.0,0.004088401794433594,0.0005000000237487257
718,0.9975000023841858,0.006152660120278597,0.0005000000237487257
719,0.9975000023841858,0.009621893987059593,0.0005000000237487257
720,1.0,0.005531865172088146,0.0005000000237487257
721,1.0,0.0033704820089042187,0.0005000000237487257
722,1.0,0.003058160189539194,0.0005000000237487257
723,1.0,0.0014288037782534957,0.0005000000237487257
724,1.0,0.002540148561820388,0.0005000000237487257
725,1.0,0.001522556529380381,0.0005000000237487257
726,1.0,0.0013448973186314106,0.0005000000237487257
727,1.0,0.0015339030651375651,0.0005000000237487257
728,1.0,0.0011963866418227553,0.0005000000237487257
729,1.0,0.001278519630432129,0.0005000000237487257
730,1.0,0.00225750426761806,0.0005000000237487257
731,1.0,0.0019417675212025642,0.0005000000237487257
732,1.0,0.0025036362931132317,0.0005000000237487257
733,1.0,0.003148088464513421,0.0005000000237487257
734,1.0,0.0025987476110458374,0.0005000000237487257
735,1.0,0.00205705757252872,0.0005000000237487257
736,1.0,0.0015730926534160972,0.0005000000237487257
737,1.0,0.00398951955139637,0.0005000000237487257
738,1.0,0.002327839843928814,0.0005000000237487257
739,1.0,0.002073019975796342,0.0005000000237487257
740,1.0,0.0018115171696990728,0.0005000000237487257
741,1.0,0.0017198395216837525,0.0005000000237487257
742,1.0,0.0011478890664875507,0.0005000000237487257
743,1.0,0.0010328314965590835,0.0005000000237487257
744,1.0,0.0011261120671406388,0.0005000000237487257
745,1.0,0.0020465529523789883,0.0005000000237487257
746,1.0,0.0011242794571444392,0.0005000000237487257
747,1.0,0.0008566281176172197,0.0005000000237487257
748,1.0,0.001622992567718029,0.0005000000237487257
749,1.0,0.0007486935937777162,0.0005000000237487257
750,1.0,0.0014915978536009789,0.0005000000237487257
751,1.0,0.0010602263500913978,0.0005000000237487257
752,1.0,0.0013976588379591703,0.0005000000237487257
753,1.0,0.0013191517209634185,0.0005000000237487257
754,1.0,0.0008162310696206987,0.0005000000237487257
755,1.0,0.0010245557641610503,0.0005000000237487257
756,1.0,0.0009615661692805588,0.0005000000237487257
757,1.0,0.0006891920347698033,0.0005000000237487257
758,1.0,0.0009128674864768982,0.0005000000237487257
759,1.0,0.0009592936839908361,0.0005000000237487257
760,1.0,0.0010314970277249813,0.0005000000237487257
761,1.0,0.0009806947782635689,0.0005000000237487257
762,1.0,0.0008011540048755705,0.0005000000237487257
763,1.0,0.0015453618252649903,0.0005000000237487257
764,1.0,0.0034067430533468723,0.0005000000237487257
765,1.0,0.0030722019728273153,0.0005000000237487257
766,0.9975000023841858,0.011157109402120113,0.0005000000237487257
767,1.0,0.005781857762485743,0.0005000000237487257
768,1.0,0.004554591607302427,0.0005000000237487257
769,0.9825000166893005,0.0415617898106575,0.0005000000237487257
770,0.9424999952316284,0.15650135278701782,0.0005000000237487257
771,0.9474999904632568,0.16162163019180298,0.0005000000237487257
772,0.9825000166893005,0.055800095200538635,0.0005000000237487257
773,0.9825000166893005,0.055574607104063034,0.0005000000237487257
774,0.9800000190734863,0.0746590718626976,0.0005000000237487257
775,0.9900000095367432,0.031721699982881546,0.0005000000237487257
776,0.9925000071525574,0.020869648084044456,0.0005000000237487257
777,0.9975000023841858,0.016734223812818527,0.0005000000237487257
778,1.0,0.006939690560102463,0.0005000000237487257
779,1.0,0.005476575344800949,0.0005000000237487257
780,1.0,0.0036432750057429075,0.0005000000237487257
781,1.0,0.00412342231720686,0.0005000000237487257
782,1.0,0.00188766373321414,0.0005000000237487257
783,1.0,0.002049024449661374,0.0005000000237487257
784,1.0,0.003121268469840288,0.0005000000237487257
785,1.0,0.0022218097001314163,0.0005000000237487257
786,1.0,0.002318206476047635,0.0005000000237487257
787,1.0,0.002253929851576686,0.0005000000237487257
788,1.0,0.0031649451702833176,0.0005000000237487257
789,1.0,0.001943854265846312,0.0005000000237487257
790,1.0,0.004103193525224924,0.0005000000237487257
791,1.0,0.0017379516502842307,0.0005000000237487257
792,1.0,0.0023045118432492018,0.0005000000237487257
793,1.0,0.001886692363768816,0.0005000000237487257
794,1.0,0.002582050859928131,0.0005000000237487257
795,1.0,0.0023802563082426786,0.0005000000237487257
796,0.9975000023841858,0.00798656977713108,0.0005000000237487257
797,0.9950000047683716,0.009547949768602848,0.0005000000237487257
798,1.0,0.00911753997206688,0.0005000000237487257
799,1.0,0.004907101858407259,0.0005000000237487257
800,1.0,0.002439939882606268,0.0002500000118743628
801,1.0,0.002205893164500594,0.0002500000118743628
802,1.0,0.0025637384969741106,0.0002500000118743628
803,1.0,0.0015830701449885964,0.0002500000118743628
804,1.0,0.0032135983929038048,0.0002500000118743628
805,1.0,0.0021691296715289354,0.0002500000118743628
806,1.0,0.0015713301254436374,0.0002500000118743628
807,1.0,0.0014305253280326724,0.0002500000118743628
808,1.0,0.0009162817732430995,0.0002500000118743628
809,1.0,0.0009820391424000263,0.0002500000118743628
810,1.0,0.0014973345678299665,0.0002500000118743628
811,1.0,0.0018773868214339018,0.0002500000118743628
812,1.0,0.0013114647008478642,0.0002500000118743628
813,1.0,0.0018781714607030153,0.0002500000118743628
814,1.0,0.0014229981461539865,0.0002500000118743628
815,1.0,0.0018814419163390994,0.0002500000118743628
816,1.0,0.0031434742268174887,0.0002500000118743628
817,1.0,0.000944350496865809,0.0002500000118743628
818,1.0,0.000936215918045491,0.0002500000118743628
819,1.0,0.0012562631163746119,0.0002500000118743628
820,1.0,0.0012137009762227535,0.0002500000118743628
821,1.0,0.00098895700648427,0.0002500000118743628
822,1.0,0.0014722166815772653,0.0002500000118743628
823,1.0,0.0012604286894202232,0.0002500000118743628
824,1.0,0.0007462842622771859,0.0002500000118743628
825,1.0,0.0011620600707828999,0.0002500000118743628
826,1.0,0.0015681548975408077,0.0002500000118743628
827,1.0,0.001375719322822988,0.0002500000118743628
828,1.0,0.0007426666561514139,0.0002500000118743628
829,1.0,0.0007490933057852089,0.0002500000118743628
830,1.0,0.0010191162582486868,0.0002500000118743628
831,1.0,0.00089450046652928,0.0002500000118743628
832,1.0,0.001042881514877081,0.0002500000118743628
833,1.0,0.0009905429324135184,0.0002500000118743628
834,1.0,0.000970806460827589,0.0002500000118743628
835,1.0,0.001112271100282669,0.0002500000118743628
836,1.0,0.000982363591901958,0.0002500000118743628
837,1.0,0.00097826833371073,0.0002500000118743628
838,1.0,0.001024821656756103,0.0002500000118743628
839,1.0,0.0011173079255968332,0.0002500000118743628
840,1.0,0.0007919840281829238,0.0002500000118743628
841,1.0,0.0009772456251084805,0.0002500000118743628
842,1.0,0.0010850311955437064,0.0002500000118743628
843,1.0,0.0007762418827041984,0.0002500000118743628
844,1.0,0.0007131961174309254,0.0002500000118743628
845,1.0,0.0006865127943456173,0.0002500000118743628
846,1.0,0.0014187977649271488,0.0002500000118743628
847,1.0,0.0006751061300747097,0.0002500000118743628
848,1.0,0.0009166739764623344,0.0002500000118743628
849,1.0,0.000703018915373832,0.0002500000118743628
850,1.0,0.0009345903526991606,0.0001250000059371814
851,1.0,0.0012770630419254303,0.0001250000059371814
852,1.0,0.0009733721381053329,0.0001250000059371814
853,1.0,0.0010477055329829454,0.0001250000059371814
854,1.0,0.0007780127925798297,0.0001250000059371814
855,1.0,0.0008999795536510646,0.0001250000059371814
856,1.0,0.0008366983965970576,0.0001250000059371814
857,1.0,0.0006328969611786306,0.0001250000059371814
858,1.0,0.0006735266069881618,0.0001250000059371814
859,1.0,0.000565983064007014,0.0001250000059371814
860,1.0,0.0015270578442141414,0.0001250000059371814
861,1.0,0.0005841715610586107,0.0001250000059371814
862,1.0,0.0015173522988334298,0.0001250000059371814
863,1.0,0.0010947183473035693,0.0001250000059371814
864,1.0,0.0010202076518908143,0.0001250000059371814
865,1.0,0.0008819832582958043,0.0001250000059371814
866,1.0,0.001715090125799179,0.0001250000059371814
867,1.0,0.0008484168210998178,0.0001250000059371814
868,1.0,0.0005847187130711973,0.0001250000059371814
869,1.0,0.0007535841432400048,0.0001250000059371814
870,1.0,0.0010871787089854479,0.0001250000059371814
871,1.0,0.0006694496260024607,0.0001250000059371814
872,1.0,0.0007481153588742018,0.0001250000059371814
873,1.0,0.0006739884847775102,0.0001250000059371814
874,1.0,0.0006590851116925478,0.0001250000059371814
875,1.0,0.0012213638983666897,0.0001250000059371814
876,1.0,0.000904915330465883,0.0001250000059371814
877,1.0,0.0009444024180993438,0.0001250000059371814
878,1.0,0.0005607557250186801,0.0001250000059371814
879,1.0,0.0005076113739050925,0.0001250000059371814
880,1.0,0.0005473215715028346,0.0001250000059371814
881,1.0,0.0006506291101686656,0.0001250000059371814
882,1.0,0.0005516326054930687,0.0001250000059371814
883,1.0,0.001053819665685296,0.0001250000059371814
884,1.0,0.0009765846189111471,0.0001250000059371814
885,1.0,0.00133028463460505,0.0001250000059371814
886,1.0,0.0010769980726763606,0.0001250000059371814
887,1.0,0.0008222450269386172,0.0001250000059371814
888,1.0,0.000640464888419956,0.0001250000059371814
889,1.0,0.000634767406154424,0.0001250000059371814
890,1.0,0.0009549470851197839,0.0001250000059371814
891,1.0,0.0004970429581589997,0.0001250000059371814
892,1.0,0.0007307566120289266,0.0001250000059371814
893,1.0,0.0003976344596594572,0.0001250000059371814
894,1.0,0.0009997530141845345,0.0001250000059371814
895,1.0,0.000529071781784296,0.0001250000059371814
896,1.0,0.0007555356714874506,0.0001250000059371814
897,1.0,0.0016603412805125117,0.0001250000059371814
898,1.0,0.000771742663346231,0.0001250000059371814
899,1.0,0.0008553428342565894,0.0001250000059371814
900,1.0,0.000995090464130044,0.0001250000059371814
901,1.0,0.0007280922145582736,0.0001250000059371814
902,1.0,0.0010322851594537497,0.0001250000059371814
903,1.0,0.0038455938920378685,0.0001250000059371814
904,1.0,0.0014701086329296231,0.0001250000059371814
905,1.0,0.0010335564147680998,0.0001250000059371814
906,1.0,0.000956217001657933,0.0001250000059371814
907,1.0,0.001916853478178382,0.0001250000059371814
908,1.0,0.001622893032617867,0.0001250000059371814
909,1.0,0.000864995876327157,0.0001250000059371814
910,1.0,0.0006135437870398164,0.0001250000059371814
911,1.0,0.0006295098573900759,0.0001250000059371814
912,1.0,0.0007714398670941591,0.0001250000059371814
913,1.0,0.0005797470803372562,0.0001250000059371814
914,1.0,0.0006984080537222326,0.0001250000059371814
915,1.0,0.0007742813904769719,0.0001250000059371814
916,1.0,0.0006815727101638913,0.0001250000059371814
917,1.0,0.0009551122784614563,0.0001250000059371814
918,1.0,0.000585605448577553,0.0001250000059371814
919,1.0,0.0008919935207813978,0.0001250000059371814
920,1.0,0.0004577120125759393,0.0001250000059371814
921,1.0,0.0006373927462846041,0.0001250000059371814
922,1.0,0.001292627421207726,0.0001250000059371814
923,1.0,0.0004813896375708282,0.0001250000059371814
924,1.0,0.00045714128646068275,0.0001250000059371814
925,1.0,0.0004363451444078237,0.0001250000059371814
926,1.0,0.0006376394885592163,0.0001250000059371814
927,1.0,0.000512179802171886,0.0001250000059371814
928,1.0,0.0004971158341504633,0.0001250000059371814
929,1.0,0.000759314454626292,0.0001250000059371814
930,1.0,0.0006242318195290864,0.0001250000059371814
931,1.0,0.0004770092200487852,0.0001250000059371814
932,1.0,0.00042411754839122295,0.0001250000059371814
933,1.0,0.00037292754859663546,0.0001250000059371814
934,1.0,0.0009300821111537516,0.0001250000059371814
935,1.0,0.0006235815235413611,0.0001250000059371814
936,1.0,0.0007456985767930746,0.0001250000059371814
937,1.0,0.0006226550322026014,0.0001250000059371814
938,1.0,0.0008347689872607589,0.0001250000059371814
939,1.0,0.000395160197513178,0.0001250000059371814
940,1.0,0.0005765400710515678,0.0001250000059371814
941,1.0,0.0005527922185137868,0.0001250000059371814
942,1.0,0.0009668369311839342,0.0001250000059371814
943,1.0,0.0004902916261926293,0.0001250000059371814
944,1.0,0.0005362730007618666,9.999999747378752e-05
945,1.0,0.0008809746941551566,9.999999747378752e-05
946,1.0,0.000775315158534795,9.999999747378752e-05
947,1.0,0.0007088924758136272,9.999999747378752e-05
948,1.0,0.0005454173660837114,9.999999747378752e-05
949,1.0,0.0013835947029292583,9.999999747378752e-05
950,1.0,0.0005994776147417724,9.999999747378752e-05
951,1.0,0.0005551024223677814,9.999999747378752e-05
952,1.0,0.00047800299944356084,9.999999747378752e-05
953,1.0,0.00037388180498965085,9.999999747378752e-05
954,1.0,0.0005912746419198811,9.999999747378752e-05
955,1.0,0.000673342146910727,9.999999747378752e-05
956,1.0,0.0006421024445444345,9.999999747378752e-05
957,1.0,0.000592054333537817,9.999999747378752e-05
958,1.0,0.0006290570017881691,9.999999747378752e-05
959,1.0,0.0006579015171155334,9.999999747378752e-05
960,1.0,0.0004929110291413963,9.999999747378752e-05
961,1.0,0.0005342966760508716,9.999999747378752e-05
962,1.0,0.0007145088165998459,9.999999747378752e-05
963,1.0,0.0004905709065496922,9.999999747378752e-05
964,1.0,0.00040121283382177353,9.999999747378752e-05
965,1.0,0.0010752519592642784,9.999999747378752e-05
966,1.0,0.0005174969555810094,9.999999747378752e-05
967,1.0,0.0007999071385711432,9.999999747378752e-05
968,1.0,0.0004936415934935212,9.999999747378752e-05
969,1.0,0.00047034412273205817,9.999999747378752e-05
970,1.0,0.000313162716338411,9.999999747378752e-05
971,1.0,0.0011971036437898874,9.999999747378752e-05
972,1.0,0.0013069799169898033,9.999999747378752e-05
973,1.0,0.0007181318360380828,9.999999747378752e-05
974,1.0,0.0034399470314383507,9.999999747378752e-05
975,0.9975000023841858,0.004748188424855471,9.999999747378752e-05
976,1.0,0.003577418625354767,9.999999747378752e-05
977,1.0,0.0014261215692386031,9.999999747378752e-05
978,1.0,0.0009212790173478425,9.999999747378752e-05
979,1.0,0.0007215352379716933,9.999999747378752e-05
980,1.0,0.0007182872504927218,9.999999747378752e-05
981,1.0,0.0007065420504659414,9.999999747378752e-05
982,0.9950000047683716,0.007831198163330555,9.999999747378752e-05
983,1.0,0.0034791440702974796,9.999999747378752e-05
984,1.0,0.001849257037974894,9.999999747378752e-05
985,1.0,0.0009356374503113329,9.999999747378752e-05
986,1.0,0.0009969742968678474,9.999999747378752e-05
987,1.0,0.0006705190171487629,9.999999747378752e-05
988,1.0,0.000652050890494138,9.999999747378752e-05
989,1.0,0.0005124982562847435,9.999999747378752e-05
990,1.0,0.00034493525163270533,9.999999747378752e-05
991,1.0,0.0007129489677026868,9.999999747378752e-05
992,1.0,0.000789960497058928,9.999999747378752e-05
993,1.0,0.00046925697824917734,9.999999747378752e-05
994,1.0,0.0008481867844238877,9.999999747378752e-05
995,1.0,0.0004538687935564667,9.999999747378752e-05
996,1.0,0.000907590554561466,9.999999747378752e-05
997,1.0,0.0005966988392174244,9.999999747378752e-05
998,1.0,0.001007288577966392,9.999999747378752e-05
999,1.0,0.0008768498082645237,9.999999747378752e-05
1000,1.0,0.0005005124839954078,9.999999747378752e-05
1001,1.0,0.00044575065840035677,9.999999747378752e-05
1002,1.0,0.00040595154860056937,9.999999747378752e-05
1003,1.0,0.0002817519416566938,9.999999747378752e-05
1004,1.0,0.0005511474446393549,9.999999747378752e-05
1005,1.0,0.0022061513736844063,9.999999747378752e-05
1006,1.0,0.001422589411959052,9.999999747378752e-05
1007,1.0,0.0004519058275036514,9.999999747378752e-05
1008,1.0,0.0005443525151349604,9.999999747378752e-05
1009,1.0,0.0011592787923291326,9.999999747378752e-05
1010,1.0,0.0005784810055047274,9.999999747378752e-05
1011,1.0,0.00038749445229768753,9.999999747378752e-05
1012,1.0,0.000530869816429913,9.999999747378752e-05
1013,1.0,0.0005088482866995037,9.999999747378752e-05
1014,1.0,0.0006104084313847125,9.999999747378752e-05
1015,1.0,0.0011256412835791707,9.999999747378752e-05
1016,1.0,0.0003920753952115774,9.999999747378752e-05
1017,1.0,0.0007975160842761397,9.999999747378752e-05
1018,1.0,0.0005497753736563027,9.999999747378752e-05
1019,1.0,0.0004200602415949106,9.999999747378752e-05
1020,1.0,0.00035673592356033623,9.999999747378752e-05
1021,1.0,0.0003765278961509466,9.999999747378752e-05
1022,1.0,0.0008648926741443574,9.999999747378752e-05
1023,1.0,0.0005787261761724949,9.999999747378752e-05
1024,1.0,0.000523089081980288,9.999999747378752e-05
1025,1.0,0.0003374490770511329,9.999999747378752e-05
1026,1.0,0.0003501690225675702,9.999999747378752e-05
1027,1.0,0.0004456885508261621,9.999999747378752e-05
1028,1.0,0.0002872331242542714,9.999999747378752e-05
1029,1.0,0.00030733415042050183,9.999999747378752e-05
1030,1.0,0.00043499338789843023,9.999999747378752e-05
1031,1.0,0.0005447595031000674,9.999999747378752e-05
1032,1.0,0.0005778097547590733,9.999999747378752e-05
1033,1.0,0.00025543515221215785,9.999999747378752e-05
1034,1.0,0.0004679001576732844,9.999999747378752e-05
1035,1.0,0.0004962320090271533,9.999999747378752e-05
1036,1.0,0.000324579537846148,9.999999747378752e-05
1037,1.0,0.0005755366873927414,9.999999747378752e-05
1038,1.0,0.0005589908687397838,9.999999747378752e-05
1039,1.0,0.00045713369036093354,9.999999747378752e-05
1040,1.0,0.0003309830790385604,9.999999747378752e-05
1041,1.0,0.0003954834828618914,9.999999747378752e-05
1042,1.0,0.0007203368004411459,9.999999747378752e-05
1043,1.0,0.00031533162109553814,9.999999747378752e-05
1044,1.0,0.00051966990577057,9.999999747378752e-05
1045,1.0,0.000349509937223047,9.999999747378752e-05
1046,1.0,0.0005670465179719031,9.999999747378752e-05
1047,1.0,0.0002883293782360852,9.999999747378752e-05
1048,1.0,0.0004317670245654881,9.999999747378752e-05
1049,1.0,0.0005188971990719438,9.999999747378752e-05
1050,1.0,0.00034551139106042683,9.999999747378752e-05
1051,1.0,0.0014120438136160374,9.999999747378752e-05
1052,1.0,0.0011466090800240636,9.999999747378752e-05
1053,1.0,0.0010610312456265092,9.999999747378752e-05
1054,1.0,0.0009975399589166045,9.999999747378752e-05
1055,1.0,0.00051253562560305,9.999999747378752e-05
1056,1.0,0.0004016116145066917,9.999999747378752e-05
1057,1.0,0.0006519815069623291,9.999999747378752e-05
1058,1.0,0.00040773997898213565,9.999999747378752e-05
1059,1.0,0.0002933037467300892,9.999999747378752e-05
1060,1.0,0.0006103373016230762,9.999999747378752e-05
1061,1.0,0.00039154410478658974,9.999999747378752e-05
1062,1.0,0.0004907483817078173,9.999999747378752e-05
1063,1.0,0.00038410333218052983,9.999999747378752e-05
1064,1.0,0.0002541931171435863,9.999999747378752e-05
1065,1.0,0.00039855693466961384,9.999999747378752e-05
1066,1.0,0.0002614647091832012,9.999999747378752e-05
1067,1.0,0.0002996414841618389,9.999999747378752e-05
1068,1.0,0.00033004063880071044,9.999999747378752e-05
1069,1.0,0.0003836835967376828,9.999999747378752e-05
1070,1.0,0.0003180326602887362,9.999999747378752e-05
1071,1.0,0.0003574842994567007,9.999999747378752e-05
1072,1.0,0.0002828457800205797,9.999999747378752e-05
1073,1.0,0.00039028041646815836,9.999999747378752e-05
1074,1.0,0.0003740699903573841,9.999999747378752e-05
1075,1.0,0.00032692935201339424,9.999999747378752e-05
1076,1.0,0.0003246300620958209,9.999999747378752e-05
1077,1.0,0.00028745070449076593,9.999999747378752e-05
1078,1.0,0.0002995478280354291,9.999999747378752e-05
1079,1.0,0.0003156382590532303,9.999999747378752e-05
1080,1.0,0.0003260771627537906,9.999999747378752e-05
1081,1.0,0.00020581865101121366,9.999999747378752e-05
1082,1.0,0.00046239502262324095,9.999999747378752e-05
1083,1.0,0.0002759430790320039,9.999999747378752e-05
1084,1.0,0.00036886835005134344,9.999999747378752e-05
1085,1.0,0.00030126512865535915,9.999999747378752e-05
1086,1.0,0.00032994142384268343,9.999999747378752e-05
1087,1.0,0.00029003198142163455,9.999999747378752e-05
1088,1.0,0.0003096832660958171,9.999999747378752e-05
1089,1.0,0.0002124305028701201,9.999999747378752e-05
1090,1.0,0.00030071628862060606,9.999999747378752e-05
1091,1.0,0.0003213138843420893,9.999999747378752e-05
1092,1.0,0.0003559983160812408,9.999999747378752e-05
1093,1.0,0.0002054386422969401,9.999999747378752e-05
1094,1.0,0.00022858679585624486,9.999999747378752e-05
1095,1.0,0.0001696209656074643,9.999999747378752e-05
1096,1.0,0.0004093668540008366,9.999999747378752e-05
1097,1.0,0.00045218641753308475,9.999999747378752e-05
1098,1.0,0.00043276482028886676,9.999999747378752e-05
1099,1.0,0.0003082375624217093,9.999999747378752e-05
1100,1.0,0.00025876800646074116,9.999999747378752e-05
1101,1.0,0.00023770079133100808,9.999999747378752e-05
1102,1.0,0.0005006488063372672,9.999999747378752e-05
1103,1.0,0.00037363675073720515,9.999999747378752e-05
1104,1.0,0.0002555987739469856,9.999999747378752e-05
1105,1.0,0.000460521288914606,9.999999747378752e-05
1106,1.0,0.00029829336563125253,9.999999747378752e-05
1107,1.0,0.00032028957502916455,9.999999747378752e-05
1108,1.0,0.00021290498261805624,9.999999747378752e-05
1109,1.0,0.0003045294724870473,9.999999747378752e-05
1110,1.0,0.00037308179889805615,9.999999747378752e-05
1111,1.0,0.00031774607487022877,9.999999747378752e-05
1112,1.0,0.0007924221572466195,9.999999747378752e-05
1113,1.0,0.0004231730126775801,9.999999747378752e-05
1114,1.0,0.00018816030933521688,9.999999747378752e-05
1115,1.0,0.0002722055942285806,9.999999747378752e-05
1116,1.0,0.00020459189545363188,9.999999747378752e-05
1117,1.0,0.00021959493460599333,9.999999747378752e-05
1118,1.0,0.00024455616949126124,9.999999747378752e-05
1119,1.0,0.0002354330790694803,9.999999747378752e-05
1120,1.0,0.00031832902459427714,9.999999747378752e-05
1121,1.0,0.00019705646263901144,9.999999747378752e-05
1122,1.0,0.00033495365642011166,9.999999747378752e-05
1123,1.0,0.00039017258677631617,9.999999747378752e-05
1124,1.0,0.00027060118736699224,9.999999747378752e-05
1125,1.0,0.0005050695617683232,9.999999747378752e-05
1126,1.0,0.0005318745970726013,9.999999747378752e-05
1127,1.0,0.00038884353125467896,9.999999747378752e-05
1128,1.0,0.00037829644861631095,9.999999747378752e-05
1129,1.0,0.0004007154202554375,9.999999747378752e-05
1130,1.0,0.0003719588275998831,9.999999747378752e-05
1131,1.0,0.0003445713664405048,9.999999747378752e-05
1132,1.0,0.0001876713358797133,9.999999747378752e-05
1133,1.0,0.00037055014399811625,9.999999747378752e-05
1134,1.0,0.0008460755925625563,9.999999747378752e-05
1135,1.0,0.0003982583002652973,9.999999747378752e-05
1136,1.0,0.0004974041366949677,9.999999747378752e-05
1137,1.0,0.0005204776534810662,9.999999747378752e-05
1138,1.0,0.00042045966256409883,9.999999747378752e-05
1139,1.0,0.00042969867354258895,9.999999747378752e-05
1140,1.0,0.0004642908170353621,9.999999747378752e-05
1141,1.0,0.0002279093605466187,9.999999747378752e-05
1142,1.0,0.00034554817830212414,9.999999747378752e-05
1143,1.0,0.00033218145836144686,9.999999747378752e-05
1144,1.0,0.0002264355425722897,9.999999747378752e-05
1145,1.0,0.000344217725796625,9.999999747378752e-05
1146,1.0,0.0003117373853456229,9.999999747378752e-05
1147,1.0,0.0004902029759250581,9.999999747378752e-05
1148,1.0,0.00023262629110831767,9.999999747378752e-05
1149,1.0,0.000378741038730368,9.999999747378752e-05
1150,1.0,0.0002865125716198236,9.999999747378752e-05
1151,1.0,0.00013765365292783827,9.999999747378752e-05
1152,1.0,0.0001928510027937591,9.999999747378752e-05
1153,1.0,0.0002296811289852485,9.999999747378752e-05
1154,1.0,0.00017407651466783136,9.999999747378752e-05
1155,1.0,0.00023498207156080753,9.999999747378752e-05
1156,1.0,0.000464157055830583,9.999999747378752e-05
1157,1.0,0.000585114408750087,9.999999747378752e-05
1158,1.0,0.0003174960729666054,9.999999747378752e-05
1159,1.0,0.0003873438108712435,9.999999747378752e-05
1160,1.0,0.00038395210867747664,9.999999747378752e-05
1161,1.0,0.0001649142213864252,9.999999747378752e-05
1162,1.0,0.00040228423313237727,9.999999747378752e-05
1163,1.0,0.00027183827478438616,9.999999747378752e-05
1164,1.0,0.00030691258143633604,9.999999747378752e-05
1165,1.0,0.0005156081751920283,9.999999747378752e-05
1166,1.0,0.00054292066488415,9.999999747378752e-05
1167,1.0,0.00047964221448637545,9.999999747378752e-05
1168,1.0,0.00025109731359407306,9.999999747378752e-05
1169,1.0,0.00027601150213740766,9.999999747378752e-05
1170,1.0,0.0002845651179086417,9.999999747378752e-05
1171,1.0,0.00011352260480634868,9.999999747378752e-05
1172,1.0,0.00015407809405587614,9.999999747378752e-05
1173,1.0,0.0003899300063494593,9.999999747378752e-05
1174,1.0,0.00019010031246580184,9.999999747378752e-05
1175,1.0,0.00025736671523191035,9.999999747378752e-05
1176,1.0,0.0002954014635179192,9.999999747378752e-05
1177,1.0,0.00021592379198409617,9.999999747378752e-05
1178,1.0,0.0002764677337836474,9.999999747378752e-05
1179,1.0,0.000257667968980968,9.999999747378752e-05
1180,1.0,0.00018966797506436706,9.999999747378752e-05
1181,1.0,0.00023153284564614296,9.999999747378752e-05
1182,1.0,0.0003296199138276279,9.999999747378752e-05
1183,1.0,0.00023108290042728186,9.999999747378752e-05
1184,1.0,0.00017625949112698436,9.999999747378752e-05
1185,1.0,0.00020546365703921765,9.999999747378752e-05
1186,1.0,0.00022170865850057453,9.999999747378752e-05
1187,1.0,0.00018213131988886744,9.999999747378752e-05
1188,1.0,0.00020637648412957788,9.999999747378752e-05
1189,1.0,0.00022275022638496011,9.999999747378752e-05
1190,1.0,0.00038636664976365864,9.999999747378752e-05
1191,1.0,0.00020908983424305916,9.999999747378752e-05
1192,1.0,0.00030773095204494894,9.999999747378752e-05
1193,1.0,0.00017985461454372853,9.999999747378752e-05
1194,1.0,0.00016764950123615563,9.999999747378752e-05
1195,1.0,0.00018984026974067092,9.999999747378752e-05
1196,1.0,0.00022729173360858113,9.999999747378752e-05
1197,1.0,0.000401816243538633,9.999999747378752e-05
1198,1.0,0.00035426008980721235,9.999999747378752e-05
1199,1.0,0.0008695115684531629,9.999999747378752e-05
1200,1.0,0.00031625412520952523,9.999999747378752e-05
1201,1.0,0.0003361527342349291,9.999999747378752e-05
1202,1.0,0.00027616252191364765,9.999999747378752e-05
1203,1.0,0.00026110868202522397,9.999999747378752e-05
1204,1.0,0.00018867821199819446,9.999999747378752e-05
1205,1.0,0.0005763765657320619,9.999999747378752e-05
1206,1.0,0.001426464761607349,9.999999747378752e-05
1207,1.0,0.001013895613141358,9.999999747378752e-05
1208,1.0,0.0015694409376010299,9.999999747378752e-05
1209,1.0,0.0006310558528639376,9.999999747378752e-05
1210,1.0,0.0056714280508458614,9.999999747378752e-05
1211,1.0,0.003465482499450445,9.999999747378752e-05
1212,1.0,0.0033890807535499334,9.999999747378752e-05
1213,1.0,0.0016286874888464808,9.999999747378752e-05
1214,1.0,0.0005897627561353147,9.999999747378752e-05
1215,1.0,0.0002769178827293217,9.999999747378752e-05
1216,1.0,0.0003462241729721427,9.999999747378752e-05
1217,1.0,0.00029316620202735066,9.999999747378752e-05
1218,1.0,0.0004183506825938821,9.999999747378752e-05
1219,1.0,0.00040900163003243506,9.999999747378752e-05
1220,1.0,0.0005179998115636408,9.999999747378752e-05
1221,1.0,0.0003585057274904102,9.999999747378752e-05
1222,1.0,0.0003181656065862626,9.999999747378752e-05
1223,1.0,0.0002864437992684543,9.999999747378752e-05
1224,1.0,0.00022612321481574327,9.999999747378752e-05
1225,1.0,0.00023641040024813265,9.999999747378752e-05
1226,1.0,0.0004649047914426774,9.999999747378752e-05
1227,1.0,0.001414669444784522,9.999999747378752e-05
1228,1.0,0.00043481308966875076,9.999999747378752e-05
1229,1.0,0.0004442308854777366,9.999999747378752e-05
1230,1.0,0.00042983077582903206,9.999999747378752e-05
1231,1.0,0.00025568349519744515,9.999999747378752e-05
1232,1.0,0.00016407188377343118,9.999999747378752e-05
1233,1.0,0.0002896126825362444,9.999999747378752e-05
1234,1.0,0.00017116010712925345,9.999999747378752e-05
1235,1.0,0.00016053777653723955,9.999999747378752e-05
1236,1.0,0.00019334001990500838,9.999999747378752e-05
1237,1.0,0.00023241637973114848,9.999999747378752e-05
1238,1.0,0.00020212942035868764,9.999999747378752e-05
1239,1.0,0.00027662431239150465,9.999999747378752e-05
1240,1.0,0.00018485721375327557,9.999999747378752e-05
1241,1.0,0.0003154653823003173,9.999999747378752e-05
1242,1.0,0.00025868613738566637,9.999999747378752e-05
1243,1.0,0.00034624719410203397,9.999999747378752e-05
1244,1.0,0.0002760467177722603,9.999999747378752e-05
1245,1.0,0.0003229057474527508,9.999999747378752e-05
1246,1.0,0.0002934648364316672,9.999999747378752e-05
1247,1.0,0.0001848162355599925,9.999999747378752e-05
1248,1.0,0.00020720432803500444,9.999999747378752e-05
1249,1.0,0.0003330031468067318,9.999999747378752e-05
1250,1.0,0.00024994200794026256,9.999999747378752e-05
1251,1.0,0.00014281008043326437,9.999999747378752e-05
1252,1.0,0.0001280146825592965,9.999999747378752e-05
1253,1.0,0.00015948577492963523,9.999999747378752e-05
1254,1.0,0.00021797306544613093,9.999999747378752e-05
1255,1.0,0.0001689998316578567,9.999999747378752e-05
1256,1.0,0.0002306005044374615,9.999999747378752e-05
1257,1.0,0.0003037532151211053,9.999999747378752e-05
1258,1.0,0.00017722389020491391,9.999999747378752e-05
1259,1.0,0.00014142729924060404,9.999999747378752e-05
1260,1.0,0.00022079615155234933,9.999999747378752e-05
1261,1.0,0.00013311328075360507,9.999999747378752e-05
1262,1.0,0.00018414802616462111,9.999999747378752e-05
1263,1.0,0.00019307287584524602,9.999999747378752e-05
1264,1.0,0.001007129205390811,9.999999747378752e-05
1265,1.0,0.0009425657335668802,9.999999747378752e-05
1266,1.0,0.0002471543266437948,9.999999747378752e-05
1267,1.0,0.00022379096481017768,9.999999747378752e-05
1268,1.0,0.00011690779501805082,9.999999747378752e-05
1269,1.0,0.0005550080677494407,9.999999747378752e-05
1270,1.0,0.00035305984783917665,9.999999747378752e-05
1271,1.0,0.00019289804913569242,9.999999747378752e-05
1272,1.0,0.00028006499633193016,9.999999747378752e-05
1273,1.0,0.00021805289725307375,9.999999747378752e-05
1274,1.0,0.00013939930067863315,9.999999747378752e-05
1275,1.0,0.0005098552792333066,9.999999747378752e-05
1276,1.0,0.00027198356110602617,9.999999747378752e-05
1277,1.0,0.0001428664254490286,9.999999747378752e-05
1278,1.0,0.00031490667606703937,9.999999747378752e-05
1279,1.0,0.00021201629715505987,9.999999747378752e-05
1280,1.0,0.00013411206600721925,9.999999747378752e-05
1281,1.0,0.0001676530810073018,9.999999747378752e-05
1282,1.0,0.00014902740076649934,9.999999747378752e-05
1283,1.0,0.00010373180703027174,9.999999747378752e-05
1284,1.0,0.0002647923829499632,9.999999747378752e-05
1285,1.0,0.00022435776190832257,9.999999747378752e-05
1286,1.0,0.00015924371837172657,9.999999747378752e-05
1287,1.0,0.00010368297080276534,9.999999747378752e-05
1288,1.0,0.00020644818141590804,9.999999747378752e-05
1289,1.0,0.00011275499855400994,9.999999747378752e-05
1290,1.0,0.00012902298476547003,9.999999747378752e-05
1291,1.0,0.00015833381621632725,9.999999747378752e-05
1292,1.0,0.000222209986532107,9.999999747378752e-05
1293,1.0,0.0001778812729753554,9.999999747378752e-05
1294,1.0,7.353842374868691e-05,9.999999747378752e-05
1295,1.0,0.0001180164617835544,9.999999747378752e-05
1296,1.0,0.00013495895836967975,9.999999747378752e-05
1297,1.0,0.00013068574480712414,9.999999747378752e-05
1298,1.0,0.00014632209786213934,9.999999747378752e-05
1299,1.0,0.00023597200924996287,9.999999747378752e-05
1300,1.0,0.00019015271391253918,9.999999747378752e-05
1301,1.0,0.00014311382255982608,9.999999747378752e-05
1302,1.0,0.00021439339616335928,9.999999747378752e-05
1303,1.0,0.00015807519957888871,9.999999747378752e-05
1304,1.0,0.00015395990340039134,9.999999747378752e-05
1305,1.0,0.0001397446758346632,9.999999747378752e-05
1306,1.0,0.00017139782721642405,9.999999747378752e-05
1307,1.0,0.0001777290308382362,9.999999747378752e-05
1308,1.0,0.00015002423606347293,9.999999747378752e-05
1309,1.0,0.0001518392818979919,9.999999747378752e-05
1310,1.0,0.0001209892870974727,9.999999747378752e-05
1311,1.0,8.893859921954572e-05,9.999999747378752e-05
1312,1.0,0.0006911099189892411,9.999999747378752e-05
1313,1.0,0.00026273552794009447,9.999999747378752e-05
1314,1.0,0.0001980811939574778,9.999999747378752e-05
1315,1.0,0.00015490694204345345,9.999999747378752e-05
1316,1.0,0.0002601183659862727,9.999999747378752e-05
1317,1.0,0.00013978031347505748,9.999999747378752e-05
1318,1.0,0.00022388128854800016,9.999999747378752e-05
1319,1.0,0.00016304105520248413,9.999999747378752e-05
1320,1.0,0.00011850601731566712,9.999999747378752e-05
1321,1.0,0.0002155032125301659,9.999999747378752e-05
1322,1.0,0.00010677268437575549,9.999999747378752e-05
1323,1.0,0.00013128502178005874,9.999999747378752e-05
1324,1.0,0.00018244558305013925,9.999999747378752e-05
1325,1.0,0.0002849505399353802,9.999999747378752e-05
1326,1.0,0.0003422972222324461,9.999999747378752e-05
1327,1.0,0.00019463177886791527,9.999999747378752e-05
1328,1.0,0.00018364306015428156,9.999999747378752e-05
1329,1.0,0.0001016363748931326,9.999999747378752e-05
1330,1.0,0.00023377931211143732,9.999999747378752e-05
1331,1.0,0.00017591122013982385,9.999999747378752e-05
1332,1.0,0.0001643949799472466,9.999999747378752e-05
1333,1.0,0.00029606145108118653,9.999999747378752e-05
1334,1.0,0.0004954102914780378,9.999999747378752e-05
1335,1.0,0.00021845419541932642,9.999999747378752e-05
1336,1.0,0.00015745479322504252,9.999999747378752e-05
1337,1.0,0.00010390898387413472,9.999999747378752e-05
1338,1.0,9.512242104392499e-05,9.999999747378752e-05
1339,1.0,0.00012126584624638781,9.999999747378752e-05
1340,1.0,9.584926010575145e-05,9.999999747378752e-05
1341,1.0,0.0001334685948677361,9.999999747378752e-05
1342,1.0,0.00012508001236710697,9.999999747378752e-05
1343,1.0,0.00018281345546711236,9.999999747378752e-05
1344,1.0,0.00013001420302316546,9.999999747378752e-05
1345,1.0,0.00012021512520732358,9.999999747378752e-05
1346,1.0,0.00033031386556103826,9.999999747378752e-05
1347,1.0,9.898521238937974e-05,9.999999747378752e-05
1348,1.0,0.0001702126464806497,9.999999747378752e-05
1349,1.0,0.00015377026284113526,9.999999747378752e-05
1350,1.0,0.00013793734251521528,9.999999747378752e-05
1351,1.0,0.0005088552716188133,9.999999747378752e-05
1352,1.0,0.00030177831649780273,9.999999747378752e-05
1353,1.0,0.0001645206066314131,9.999999747378752e-05
1354,1.0,0.00014255220594350249,9.999999747378752e-05
1355,1.0,0.0003074583364650607,9.999999747378752e-05
1356,1.0,0.0001651914935791865,9.999999747378752e-05
1357,1.0,0.000354405608959496,9.999999747378752e-05
1358,1.0,0.0003087364020757377,9.999999747378752e-05
1359,1.0,0.00019712983339559287,9.999999747378752e-05
1360,1.0,0.000141982440254651,9.999999747378752e-05
1361,1.0,0.00022494026052299887,9.999999747378752e-05
1362,1.0,0.00018067346536554396,9.999999747378752e-05
1363,1.0,0.00018602042109705508,9.999999747378752e-05
1364,1.0,0.00010291766375303268,9.999999747378752e-05
1365,1.0,0.00016851176042109728,9.999999747378752e-05
1366,1.0,0.00023832349688746035,9.999999747378752e-05
1367,1.0,0.00010975989425787702,9.999999747378752e-05
1368,1.0,9.606472303858027e-05,9.999999747378752e-05
1369,1.0,0.00014183249732013792,9.999999747378752e-05
1370,1.0,0.00014539799303747714,9.999999747378752e-05
1371,1.0,0.00013229917385615408,9.999999747378752e-05
1372,1.0,0.00013849181414116174,9.999999747378752e-05
1373,1.0,0.00012141488696215674,9.999999747378752e-05
1374,1.0,0.00018946852651424706,9.999999747378752e-05
1375,1.0,0.0002689525717869401,9.999999747378752e-05
1376,1.0,9.703899559099227e-05,9.999999747378752e-05
1377,1.0,9.290603338740766e-05,9.999999747378752e-05
1378,1.0,0.00012224931560922414,9.999999747378752e-05
1379,1.0,8.578639244660735e-05,9.999999747378752e-05
1380,1.0,0.00022943346993997693,9.999999747378752e-05
1381,1.0,0.00014112313510850072,9.999999747378752e-05
1382,1.0,0.0006053555989637971,9.999999747378752e-05
1383,1.0,0.000898997182957828,9.999999747378752e-05
1384,1.0,0.0006405983003787696,9.999999747378752e-05
1385,1.0,0.00027512654196470976,9.999999747378752e-05
1386,1.0,0.00012641774083022028,9.999999747378752e-05
1387,1.0,0.00017802478396333754,9.999999747378752e-05
1388,1.0,0.0005521354614757001,9.999999747378752e-05
1389,1.0,0.0005103363073430955,9.999999747378752e-05
1390,1.0,0.0010300463763996959,9.999999747378752e-05
1391,1.0,0.0004714184324257076,9.999999747378752e-05
1392,0.9975000023841858,0.00617007352411747,9.999999747378752e-05
1393,1.0,0.004478851333260536,9.999999747378752e-05
1394,1.0,0.0010561310919001698,9.999999747378752e-05
1395,1.0,0.0013236526865512133,9.999999747378752e-05
1396,1.0,0.000627233530394733,9.999999747378752e-05
1397,1.0,0.0007877711905166507,9.999999747378752e-05
1398,1.0,0.002963815815746784,9.999999747378752e-05
1399,1.0,0.00086110649863258,9.999999747378752e-05
1400,1.0,0.00036109815118834376,9.999999747378752e-05
1401,1.0,0.00041885077371262014,9.999999747378752e-05
1402,1.0,0.00036088048364035785,9.999999747378752e-05
1403,1.0,0.00033041174174286425,9.999999747378752e-05
1404,1.0,0.0003071616811212152,9.999999747378752e-05
1405,1.0,0.000388584187021479,9.999999747378752e-05
1406,1.0,0.00020478358783293515,9.999999747378752e-05
1407,1.0,0.000217301188968122,9.999999747378752e-05
1408,1.0,0.00039765064138919115,9.999999747378752e-05
1409,1.0,0.00019217208318877965,9.999999747378752e-05
1410,1.0,0.00016837340081110597,9.999999747378752e-05
1411,1.0,0.00022194269695319235,9.999999747378752e-05
1412,1.0,0.0002463682321831584,9.999999747378752e-05
1413,1.0,0.00014615054533351213,9.999999747378752e-05
1414,1.0,0.00021260211360640824,9.999999747378752e-05
1415,1.0,0.00015091089881025255,9.999999747378752e-05
1416,1.0,0.0002496677916496992,9.999999747378752e-05
1417,1.0,0.0002229239617008716,9.999999747378752e-05
1418,1.0,0.00018432685465086251,9.999999747378752e-05
1419,1.0,0.00033012483618222177,9.999999747378752e-05
1420,1.0,0.0003408356860745698,9.999999747378752e-05
1421,1.0,0.0001508689165348187,9.999999747378752e-05
1422,1.0,0.000171748994034715,9.999999747378752e-05
1423,1.0,0.00013122083328198642,9.999999747378752e-05
1424,1.0,0.0001534674083814025,9.999999747378752e-05
1425,1.0,0.00017466522695031017,9.999999747378752e-05
1426,1.0,0.00011517600796651095,9.999999747378752e-05
1427,1.0,9.854266681941226e-05,9.999999747378752e-05
1428,1.0,0.00010498310439288616,9.999999747378752e-05
1429,1.0,7.575691415695474e-05,9.999999747378752e-05
1430,1.0,0.0001700820284895599,9.999999747378752e-05
1431,1.0,0.00010928194387815893,9.999999747378752e-05
1432,1.0,0.00012080414308002219,9.999999747378752e-05
1433,1.0,0.00014590621867682785,9.999999747378752e-05
1434,1.0,0.0001164075147244148,9.999999747378752e-05
1435,1.0,0.00014420785009860992,9.999999747378752e-05
1436,1.0,0.00014919550449121743,9.999999747378752e-05
1437,1.0,0.00012328047887422144,9.999999747378752e-05
1438,1.0,0.0001571026077726856,9.999999747378752e-05
1439,1.0,0.00011678788723656908,9.999999747378752e-05
1440,1.0,0.00010100355575559661,9.999999747378752e-05
1441,1.0,0.00013307915651239455,9.999999747378752e-05
1442,1.0,9.564582433085889e-05,9.999999747378752e-05
1443,1.0,0.00011565725435502827,9.999999747378752e-05
1444,1.0,0.00012868360499851406,9.999999747378752e-05
1445,1.0,0.00011579465353861451,9.999999747378752e-05
1446,1.0,9.75218354142271e-05,9.999999747378752e-05
1447,1.0,0.00010797055438160896,9.999999747378752e-05
1448,1.0,0.00018129729141946882,9.999999747378752e-05
1449,1.0,0.0002164076577173546,9.999999747378752e-05
1450,1.0,0.00021867573377676308,9.999999747378752e-05
1451,1.0,0.0001520949008408934,9.999999747378752e-05
1452,1.0,0.00017573706281837076,9.999999747378752e-05
1453,1.0,8.324730151798576e-05,9.999999747378752e-05
1454,1.0,0.0002468015009071678,9.999999747378752e-05
1455,1.0,0.00011029992310795933,9.999999747378752e-05
1456,1.0,0.0005662412149831653,9.999999747378752e-05
1457,1.0,0.00031136273173615336,9.999999747378752e-05
1458,1.0,0.00010091597505379468,9.999999747378752e-05
1459,1.0,0.00022730481578037143,9.999999747378752e-05
1460,1.0,0.0003614143643062562,9.999999747378752e-05
1461,1.0,0.00022635134519077837,9.999999747378752e-05
1462,1.0,0.0001801316102501005,9.999999747378752e-05
1463,1.0,0.00019651494221761823,9.999999747378752e-05
1464,1.0,9.023952588904649e-05,9.999999747378752e-05
1465,1.0,0.00011125533637823537,9.999999747378752e-05
1466,1.0,0.0001258854754269123,9.999999747378752e-05
1467,1.0,6.970749382162467e-05,9.999999747378752e-05
1468,1.0,8.693049312569201e-05,9.999999747378752e-05
1469,1.0,7.868497777963057e-05,9.999999747378752e-05
1470,1.0,0.0003781802661251277,9.999999747378752e-05
1471,1.0,0.00014804369129706174,9.999999747378752e-05
1472,1.0,8.476578659610823e-05,9.999999747378752e-05
1473,1.0,0.0001019626870402135,9.999999747378752e-05
1474,1.0,0.0007132261525839567,9.999999747378752e-05
1475,1.0,0.00037297370727173984,9.999999747378752e-05
1476,1.0,0.00013733578089158982,9.999999747378752e-05
1477,1.0,9.14883057703264e-05,9.999999747378752e-05
1478,1.0,6.787374877603725e-05,9.999999747378752e-05
1479,1.0,0.00010350460797781125,9.999999747378752e-05
1480,1.0,8.786862599663436e-05,9.999999747378752e-05
1481,1.0,8.2080987340305e-05,9.999999747378752e-05
1482,1.0,8.683255146024749e-05,9.999999747378752e-05
1483,1.0,8.457189687760547e-05,9.999999747378752e-05
1484,1.0,0.00019571304437704384,9.999999747378752e-05
1485,1.0,0.0001112372410716489,9.999999747378752e-05
1486,1.0,0.0002237509615952149,9.999999747378752e-05
1487,1.0,0.00016860557661857456,9.999999747378752e-05
1488,1.0,0.00033408126910217106,9.999999747378752e-05
1489,1.0,0.00013115502952132374,9.999999747378752e-05
1490,1.0,9.441841393709183e-05,9.999999747378752e-05
1491,1.0,0.00016180911916308105,9.999999747378752e-05
1492,1.0,6.379710248438641e-05,9.999999747378752e-05
1493,1.0,0.00012282701209187508,9.999999747378752e-05
1494,1.0,8.829686703393236e-05,9.999999747378752e-05
1495,1.0,0.00010361598833696917,9.999999747378752e-05
1496,1.0,7.097517664078623e-05,9.999999747378752e-05
1497,1.0,0.00012197118485346437,9.999999747378752e-05
1498,1.0,7.172481127781793e-05,9.999999747378752e-05
1499,1.0,0.00030750271980650723,9.999999747378752e-05
1500,1.0,0.00021075393306091428,9.999999747378752e-05
1501,1.0,8.847187564242631e-05,9.999999747378752e-05
1502,1.0,0.00011706767691066489,9.999999747378752e-05
1503,1.0,0.00011117985559394583,9.999999747378752e-05
1504,1.0,7.075635221553966e-05,9.999999747378752e-05
1505,1.0,8.836013148538768e-05,9.999999747378752e-05
1506,1.0,0.0002731038548517972,9.999999747378752e-05
1507,1.0,0.0002102311555063352,9.999999747378752e-05
1508,1.0,0.00011711409024428576,9.999999747378752e-05
1509,1.0,0.00010203716374235228,9.999999747378752e-05
1510,1.0,0.00010919707710854709,9.999999747378752e-05
1511,1.0,7.74260115576908e-05,9.999999747378752e-05
1512,1.0,8.19140113890171e-05,9.999999747378752e-05
1513,1.0,0.0001220152189489454,9.999999747378752e-05
1514,1.0,6.756171933375299e-05,9.999999747378752e-05
1515,1.0,8.717981836525723e-05,9.999999747378752e-05
1516,1.0,7.709777128184214e-05,9.999999747378752e-05
1517,1.0,6.828071491327137e-05,9.999999747378752e-05
1518,1.0,0.0002955922100227326,9.999999747378752e-05
1519,1.0,7.927783735794947e-05,9.999999747378752e-05
1520,1.0,0.0001286045735469088,9.999999747378752e-05
1521,1.0,0.00021216910681687295,9.999999747378752e-05
1522,1.0,0.00018298806389793754,9.999999747378752e-05
1523,1.0,8.222476753871888e-05,9.999999747378752e-05
1524,1.0,7.240140257636085e-05,9.999999747378752e-05
1525,1.0,6.0784808738389984e-05,9.999999747378752e-05
1526,1.0,8.657276339363307e-05,9.999999747378752e-05
1527,1.0,0.00010812748223543167,9.999999747378752e-05
1528,1.0,7.132107566576451e-05,9.999999747378752e-05
1529,1.0,0.00014512288908008486,9.999999747378752e-05
1530,1.0,7.63020507292822e-05,9.999999747378752e-05
1531,1.0,7.642168930033222e-05,9.999999747378752e-05
1532,1.0,9.763391426531598e-05,9.999999747378752e-05
1533,1.0,0.00012286864512134343,9.999999747378752e-05
1534,1.0,6.589254189748317e-05,9.999999747378752e-05
1535,1.0,6.12799558439292e-05,9.999999747378752e-05
1536,1.0,5.744166992371902e-05,9.999999747378752e-05
1537,1.0,0.0001084687391994521,9.999999747378752e-05
1538,1.0,8.081319538177922e-05,9.999999747378752e-05
1539,1.0,0.00014497335359919816,9.999999747378752e-05
1540,1.0,6.74630791763775e-05,9.999999747378752e-05
1541,1.0,4.962098682881333e-05,9.999999747378752e-05
1542,1.0,6.403778388630599e-05,9.999999747378752e-05
1543,1.0,0.00025550101418048143,9.999999747378752e-05
1544,1.0,0.00012460547441150993,9.999999747378752e-05
1545,1.0,9.843597945291549e-05,9.999999747378752e-05
1546,1.0,7.324321632040665e-05,9.999999747378752e-05
1547,1.0,0.00013599391968455166,9.999999747378752e-05
1548,1.0,0.00011499712854856625,9.999999747378752e-05
1549,1.0,0.00015326347784139216,9.999999747378752e-05
1550,1.0,0.00023717335716355592,9.999999747378752e-05
1551,1.0,7.747043127892539e-05,9.999999747378752e-05
1552,1.0,9.460294677410275e-05,9.999999747378752e-05
1553,1.0,8.830999286146834e-05,9.999999747378752e-05
1554,1.0,5.4443626140709966e-05,9.999999747378752e-05
1555,1.0,0.00020879461953882128,9.999999747378752e-05
1556,1.0,0.00012349961616564542,9.999999747378752e-05
1557,1.0,8.309796248795465e-05,9.999999747378752e-05
1558,1.0,0.0001295717229368165,9.999999747378752e-05
1559,1.0,5.726058952859603e-05,9.999999747378752e-05
1560,1.0,7.796351565048099e-05,9.999999747378752e-05
1561,1.0,4.262259608367458e-05,9.999999747378752e-05
1562,1.0,9.116203727899119e-05,9.999999747378752e-05
1563,1.0,6.507462967419997e-05,9.999999747378752e-05
1564,1.0,4.579105006996542e-05,9.999999747378752e-05
1565,1.0,4.7400706534972414e-05,9.999999747378752e-05
1566,1.0,5.992893056827597e-05,9.999999747378752e-05
1567,1.0,0.00022841717873234302,9.999999747378752e-05
1568,1.0,0.00015272073505911976,9.999999747378752e-05
1569,1.0,8.380655344808474e-05,9.999999747378752e-05
1570,1.0,0.0001098022548831068,9.999999747378752e-05
1571,1.0,3.618239497882314e-05,9.999999747378752e-05
1572,1.0,3.960961475968361e-05,9.999999747378752e-05
1573,1.0,5.261989645077847e-05,9.999999747378752e-05
1574,1.0,9.099500312004238e-05,9.999999747378752e-05
1575,1.0,0.00013260617561172694,9.999999747378752e-05
1576,1.0,0.0001299234718317166,9.999999747378752e-05
1577,1.0,6.315643258858472e-05,9.999999747378752e-05
1578,1.0,0.00019172897737007588,9.999999747378752e-05
1579,1.0,6.510095408884808e-05,9.999999747378752e-05
1580,1.0,4.114110561204143e-05,9.999999747378752e-05
1581,1.0,8.257965237135068e-05,9.999999747378752e-05
1582,1.0,5.713215432479046e-05,9.999999747378752e-05
1583,1.0,5.71087803109549e-05,9.999999747378752e-05
1584,1.0,5.095621963846497e-05,9.999999747378752e-05
1585,1.0,7.280704448930919e-05,9.999999747378752e-05
1586,1.0,6.578548345714808e-05,9.999999747378752e-05
1587,1.0,0.00025507595273666084,9.999999747378752e-05
1588,1.0,0.0001023024960886687,9.999999747378752e-05
1589,1.0,8.464851271128282e-05,9.999999747378752e-05
1590,1.0,6.144182407297194e-05,9.999999747378752e-05
1591,1.0,6.009620119584724e-05,9.999999747378752e-05
1592,1.0,7.739590364508331e-05,9.999999747378752e-05
1593,1.0,6.919856969034299e-05,9.999999747378752e-05
1594,1.0,0.00010300933354301378,9.999999747378752e-05
1595,1.0,0.00010642532288329676,9.999999747378752e-05
1596,1.0,0.00015201891073957086,9.999999747378752e-05
1597,1.0,8.037562656681985e-05,9.999999747378752e-05
1598,1.0,0.00015698414063081145,9.999999747378752e-05
1599,1.0,8.207516657421365e-05,9.999999747378752e-05
1600,1.0,0.0001143308327300474,9.999999747378752e-05
1601,1.0,4.7848239773884416e-05,9.999999747378752e-05
1602,1.0,9.229819988831878e-05,9.999999747378752e-05
1603,1.0,5.351838990463875e-05,9.999999747378752e-05
1604,1.0,0.0010850366670638323,9.999999747378752e-05
1605,1.0,0.003292043460533023,9.999999747378752e-05
1606,1.0,0.004163135774433613,9.999999747378752e-05
1607,1.0,0.004785832017660141,9.999999747378752e-05
1608,1.0,0.0011290507391095161,9.999999747378752e-05
1609,1.0,0.0003067221259698272,9.999999747378752e-05
1610,1.0,0.0003101470647379756,9.999999747378752e-05
1611,1.0,0.00016175032942555845,9.999999747378752e-05
1612,1.0,0.0002698913449421525,9.999999747378752e-05
1613,1.0,0.00044113773037679493,9.999999747378752e-05
1614,1.0,0.00037873140536248684,9.999999747378752e-05
1615,1.0,0.00019225094001740217,9.999999747378752e-05
1616,1.0,0.00019320647697895765,9.999999747378752e-05
1617,1.0,0.0003544642822816968,9.999999747378752e-05
1618,1.0,0.00011706365330610424,9.999999747378752e-05
1619,1.0,0.0001199911639560014,9.999999747378752e-05
1620,1.0,0.0001495548349339515,9.999999747378752e-05
1621,1.0,8.881411486072466e-05,9.999999747378752e-05
1622,1.0,0.0001166022484540008,9.999999747378752e-05
1623,1.0,0.00011588892812142149,9.999999747378752e-05
1624,1.0,0.0002219654415966943,9.999999747378752e-05
1625,1.0,0.00020014349138364196,9.999999747378752e-05
1626,1.0,0.00010377635044278577,9.999999747378752e-05
1627,1.0,0.00014327488315757364,9.999999747378752e-05
1628,1.0,0.00013919809134677052,9.999999747378752e-05
1629,1.0,0.00022723460278939456,9.999999747378752e-05
1630,1.0,9.699963266029954e-05,9.999999747378752e-05
1631,1.0,0.00012532509572338313,9.999999747378752e-05
1632,1.0,0.00016662357666064054,9.999999747378752e-05
1633,1.0,9.024772589327767e-05,9.999999747378752e-05
1634,1.0,5.2318522648420185e-05,9.999999747378752e-05
1635,1.0,6.0592217778321356e-05,9.999999747378752e-05
1636,1.0,0.0002877797815017402,9.999999747378752e-05
1637,1.0,0.00010365054913563654,9.999999747378752e-05
1638,1.0,0.0001873828878160566,9.999999747378752e-05
1639,1.0,6.211464642547071e-05,9.999999747378752e-05
1640,1.0,9.358196257380769e-05,9.999999747378752e-05
1641,1.0,7.676468521822244e-05,9.999999747378752e-05
1642,1.0,9.795380174182355e-05,9.999999747378752e-05
1643,1.0,6.667363049928099e-05,9.999999747378752e-05
1644,1.0,0.0003004523168783635,9.999999747378752e-05
1645,1.0,0.00013065856182947755,9.999999747378752e-05
1646,1.0,0.00012273789616301656,9.999999747378752e-05
1647,1.0,0.00024293955357279629,9.999999747378752e-05
1648,1.0,0.00016879994655027986,9.999999747378752e-05
1649,1.0,0.00011278298916295171,9.999999747378752e-05
1650,1.0,0.00017227862554136664,9.999999747378752e-05
1651,1.0,6.297673098742962e-05,9.999999747378752e-05
1652,1.0,0.0001226139283971861,9.999999747378752e-05
1653,1.0,0.0004476452013477683,9.999999747378752e-05
1654,1.0,8.273324056062847e-05,9.999999747378752e-05
1655,1.0,0.0002304970839759335,9.999999747378752e-05
1656,1.0,0.00010186493454966694,9.999999747378752e-05
1657,1.0,0.00011658396397251636,9.999999747378752e-05
1658,1.0,0.00013061347999610007,9.999999747378752e-05
1659,1.0,6.557636515935883e-05,9.999999747378752e-05
1660,1.0,7.87210010457784e-05,9.999999747378752e-05
1661,1.0,6.967231456656009e-05,9.999999747378752e-05
1662,1.0,6.366095476550981e-05,9.999999747378752e-05
1663,1.0,7.672159699723125e-05,9.999999747378752e-05
1664,1.0,0.0001073047606041655,9.999999747378752e-05
1665,1.0,6.625805690418929e-05,9.999999747378752e-05
1666,1.0,7.498956983909011e-05,9.999999747378752e-05
1667,1.0,7.61645205784589e-05,9.999999747378752e-05
1668,1.0,5.466540460474789e-05,9.999999747378752e-05
1669,1.0,7.388280937448144e-05,9.999999747378752e-05
1670,1.0,0.00010464512160979211,9.999999747378752e-05
1671,1.0,0.00021731277229264379,9.999999747378752e-05
1672,1.0,6.658045458607376e-05,9.999999747378752e-05
1673,1.0,8.68478964548558e-05,9.999999747378752e-05
1674,1.0,0.0001088241406250745,9.999999747378752e-05
1675,1.0,0.0001280375145142898,9.999999747378752e-05
1676,1.0,9.35509306145832e-05,9.999999747378752e-05
1677,1.0,7.753783575026318e-05,9.999999747378752e-05
1678,1.0,5.791085277451202e-05,9.999999747378752e-05
1679,1.0,4.726761835627258e-05,9.999999747378752e-05
1680,1.0,6.242596282390878e-05,9.999999747378752e-05
1681,1.0,7.514574826927856e-05,9.999999747378752e-05
1682,1.0,7.980467489687726e-05,9.999999747378752e-05
1683,1.0,6.950089300516993e-05,9.999999747378752e-05
1684,1.0,7.671729690628126e-05,9.999999747378752e-05
1685,1.0,0.00011839318176498637,9.999999747378752e-05
1686,1.0,5.803194653708488e-05,9.999999747378752e-05
1687,1.0,6.639937055297196e-05,9.999999747378752e-05
1688,1.0,6.014441532897763e-05,9.999999747378752e-05
1689,1.0,0.00020177298574708402,9.999999747378752e-05
1690,1.0,0.0001227579778060317,9.999999747378752e-05
1691,1.0,8.666524081490934e-05,9.999999747378752e-05
1692,1.0,7.090310100466013e-05,9.999999747378752e-05
1693,1.0,7.646799349458888e-05,9.999999747378752e-05
1694,1.0,4.60209084849339e-05,9.999999747378752e-05
1695,1.0,0.000201040631509386,9.999999747378752e-05
1696,1.0,8.39936183183454e-05,9.999999747378752e-05
1697,1.0,0.00012991346011403948,9.999999747378752e-05
1698,1.0,5.78559011046309e-05,9.999999747378752e-05
1699,1.0,5.5273252655752e-05,9.999999747378752e-05
1700,1.0,7.03591140336357e-05,9.999999747378752e-05
1701,1.0,5.6029581173788756e-05,9.999999747378752e-05
1702,1.0,5.947744648437947e-05,9.999999747378752e-05
1703,1.0,3.638940688688308e-05,9.999999747378752e-05
1704,1.0,6.690763257211074e-05,9.999999747378752e-05
1705,1.0,4.823931885766797e-05,9.999999747378752e-05
1706,1.0,5.8385678130434826e-05,9.999999747378752e-05
1707,1.0,7.531257142545655e-05,9.999999747378752e-05
1708,1.0,5.5477521527791396e-05,9.999999747378752e-05
1709,1.0,4.271282523404807e-05,9.999999747378752e-05
1710,1.0,5.537168908631429e-05,9.999999747378752e-05
1711,1.0,0.0009116365108639002,9.999999747378752e-05
1712,1.0,0.0005168019561097026,9.999999747378752e-05
1713,1.0,0.000155466899741441,9.999999747378752e-05
1714,1.0,0.0001064312455127947,9.999999747378752e-05
1715,1.0,0.00025011354591697454,9.999999747378752e-05
1716,1.0,0.00016311492072418332,9.999999747378752e-05
1717,1.0,5.73316247027833e-05,9.999999747378752e-05
1718,1.0,8.083610009634867e-05,9.999999747378752e-05
1719,1.0,9.834658703766763e-05,9.999999747378752e-05
1720,1.0,0.0001457595790270716,9.999999747378752e-05
1721,1.0,7.76734304963611e-05,9.999999747378752e-05
1722,1.0,6.98885996825993e-05,9.999999747378752e-05
1723,1.0,6.914569530636072e-05,9.999999747378752e-05
1724,1.0,7.341307355090976e-05,9.999999747378752e-05
1725,1.0,0.00012737204087898135,9.999999747378752e-05
1726,1.0,5.077595778857358e-05,9.999999747378752e-05
1727,1.0,7.2532391641289e-05,9.999999747378752e-05
1728,1.0,5.1325409003766254e-05,9.999999747378752e-05
1729,1.0,0.00010720393038354814,9.999999747378752e-05
1730,1.0,6.441983714466915e-05,9.999999747378752e-05
1731,1.0,0.00010070145799545571,9.999999747378752e-05
1732,1.0,6.744751590304077e-05,9.999999747378752e-05
1733,1.0,0.00023564312141388655,9.999999747378752e-05
1734,1.0,6.542170740431175e-05,9.999999747378752e-05
1735,1.0,8.208690996980295e-05,9.999999747378752e-05
1736,1.0,8.422296377830207e-05,9.999999747378752e-05
1737,1.0,5.642716132570058e-05,9.999999747378752e-05
1738,1.0,3.0347369829542004e-05,9.999999747378752e-05
1739,1.0,0.00010743900202214718,9.999999747378752e-05
1740,1.0,8.236951543949544e-05,9.999999747378752e-05
1741,1.0,6.16248871665448e-05,9.999999747378752e-05
1742,1.0,3.467622445896268e-05,9.999999747378752e-05
1743,1.0,0.00020421748922672123,9.999999747378752e-05
1744,1.0,8.977550169220194e-05,9.999999747378752e-05
1745,1.0,0.00014965428272262216,9.999999747378752e-05
1746,1.0,6.327981827780604e-05,9.999999747378752e-05
1747,1.0,7.345278572756797e-05,9.999999747378752e-05
1748,1.0,4.981153324479237e-05,9.999999747378752e-05
1749,1.0,9.426537144463509e-05,9.999999747378752e-05
1750,1.0,7.005677616689354e-05,9.999999747378752e-05
1751,1.0,5.1187005738029256e-05,9.999999747378752e-05
1752,1.0,7.032605935819447e-05,9.999999747378752e-05
1753,1.0,6.571108679054305e-05,9.999999747378752e-05
1754,1.0,9.439874702366069e-05,9.999999747378752e-05
1755,1.0,4.3874304537894204e-05,9.999999747378752e-05
1756,1.0,6.039861182216555e-05,9.999999747378752e-05
1757,1.0,4.770076702698134e-05,9.999999747378752e-05
1758,1.0,5.769920608145185e-05,9.999999747378752e-05
1759,1.0,4.5577831770060584e-05,9.999999747378752e-05
1760,1.0,4.154090856900439e-05,9.999999747378752e-05
1761,1.0,7.358398579526693e-05,9.999999747378752e-05
1762,1.0,0.0002145391481462866,9.999999747378752e-05
1763,1.0,4.9453810788691044e-05,9.999999747378752e-05
1764,1.0,6.908061186550185e-05,9.999999747378752e-05
1765,1.0,5.159864667803049e-05,9.999999747378752e-05
1766,1.0,3.933835250791162e-05,9.999999747378752e-05
1767,1.0,3.293830741313286e-05,9.999999747378752e-05
1768,1.0,3.5038803616771474e-05,9.999999747378752e-05
1769,1.0,5.139628774486482e-05,9.999999747378752e-05
1770,1.0,2.6502257242100313e-05,9.999999747378752e-05
1771,1.0,9.183517977362499e-05,9.999999747378752e-05
1772,1.0,6.619063788093626e-05,9.999999747378752e-05
1773,1.0,5.0948572607012466e-05,9.999999747378752e-05
1774,1.0,4.7994333726819605e-05,9.999999747378752e-05
1775,1.0,6.247754936339334e-05,9.999999747378752e-05
1776,1.0,4.1050632717087865e-05,9.999999747378752e-05
1777,1.0,3.906066922354512e-05,9.999999747378752e-05
1778,1.0,5.239653546595946e-05,9.999999747378752e-05
1779,1.0,3.846562685794197e-05,9.999999747378752e-05
1780,1.0,0.00015069970686454326,9.999999747378752e-05
1781,1.0,6.75365881761536e-05,9.999999747378752e-05
1782,1.0,5.2301111281849444e-05,9.999999747378752e-05
1783,1.0,3.126055162283592e-05,9.999999747378752e-05
1784,1.0,3.454527541180141e-05,9.999999747378752e-05
1785,1.0,6.358636892400682e-05,9.999999747378752e-05
1786,1.0,3.698161890497431e-05,9.999999747378752e-05
1787,1.0,2.7570971724344417e-05,9.999999747378752e-05
1788,1.0,3.222937084501609e-05,9.999999747378752e-05
1789,1.0,4.664564039558172e-05,9.999999747378752e-05
1790,1.0,0.0001610386389074847,9.999999747378752e-05
1791,1.0,0.00012099520245101303,9.999999747378752e-05
1792,1.0,7.818126323400065e-05,9.999999747378752e-05
1793,1.0,6.811369530623779e-05,9.999999747378752e-05
1794,1.0,6.864422175567597e-05,9.999999747378752e-05
1795,1.0,0.00017084232240449637,9.999999747378752e-05
1796,1.0,6.600625056307763e-05,9.999999747378752e-05
1797,1.0,4.0938200982054695e-05,9.999999747378752e-05
1798,1.0,4.371131944935769e-05,9.999999747378752e-05
1799,1.0,0.00010320667206542566,9.999999747378752e-05
1800,1.0,5.881503238924779e-05,9.999999747378752e-05
1801,1.0,4.169355452177115e-05,9.999999747378752e-05
1802,1.0,6.312479672487825e-05,9.999999747378752e-05
1803,1.0,6.640876381425187e-05,9.999999747378752e-05
1804,1.0,4.46950871264562e-05,9.999999747378752e-05
1805,1.0,2.612754724395927e-05,9.999999747378752e-05
1806,1.0,3.2401316275354475e-05,9.999999747378752e-05
1807,1.0,5.6539975048508495e-05,9.999999747378752e-05
1808,1.0,2.692507769097574e-05,9.999999747378752e-05
1809,1.0,4.381845792522654e-05,9.999999747378752e-05
1810,1.0,3.982279304182157e-05,9.999999747378752e-05
1811,1.0,2.8797017876058817e-05,9.999999747378752e-05
1812,1.0,4.909723065793514e-05,9.999999747378752e-05
1813,1.0,2.974601011374034e-05,9.999999747378752e-05
1814,1.0,3.0181239708326757e-05,9.999999747378752e-05
1815,1.0,0.0003108523378614336,9.999999747378752e-05
1816,1.0,0.0007087712874636054,9.999999747378752e-05
1817,1.0,0.0008511435007676482,9.999999747378752e-05
1818,1.0,0.00035814661532640457,9.999999747378752e-05
1819,1.0,0.00017051509348675609,9.999999747378752e-05
1820,1.0,0.00017390426364727318,9.999999747378752e-05
1821,1.0,0.00023765004880260676,9.999999747378752e-05
1822,1.0,0.00019116395560558885,9.999999747378752e-05
1823,1.0,0.00018230547721032053,9.999999747378752e-05
1824,1.0,8.679151505930349e-05,9.999999747378752e-05
1825,1.0,5.052872438682243e-05,9.999999747378752e-05
1826,1.0,3.9859038224676624e-05,9.999999747378752e-05
1827,1.0,4.610652104020119e-05,9.999999747378752e-05
1828,1.0,4.09549284086097e-05,9.999999747378752e-05
1829,1.0,4.2937917896779254e-05,9.999999747378752e-05
1830,1.0,9.372876229463145e-05,9.999999747378752e-05
1831,1.0,6.336519436445087e-05,9.999999747378752e-05
1832,1.0,0.00023093591153156012,9.999999747378752e-05
1833,1.0,0.00010493441368453205,9.999999747378752e-05
1834,1.0,3.843353988486342e-05,9.999999747378752e-05
1835,1.0,7.830657705198973e-05,9.999999747378752e-05
1836,1.0,4.663765867007896e-05,9.999999747378752e-05
1837,1.0,0.00043007597560063004,9.999999747378752e-05
1838,1.0,0.0002031913900282234,9.999999747378752e-05
1839,1.0,0.00011344449740136042,9.999999747378752e-05
1840,1.0,3.6319539503892884e-05,9.999999747378752e-05
1841,1.0,6.257589848246425e-05,9.999999747378752e-05
1842,1.0,4.3682426621671766e-05,9.999999747378752e-05
1843,1.0,7.467526302207261e-05,9.999999747378752e-05
1844,1.0,3.6629411624744534e-05,9.999999747378752e-05
1845,1.0,0.0001219405239680782,9.999999747378752e-05
1846,1.0,7.263889710884541e-05,9.999999747378752e-05
1847,1.0,4.8351314035244286e-05,9.999999747378752e-05
1848,1.0,2.833865801221691e-05,9.999999747378752e-05
1849,1.0,2.558773303462658e-05,9.999999747378752e-05
1850,1.0,0.0001192483032355085,9.999999747378752e-05
1851,1.0,6.469553773058578e-05,9.999999747378752e-05
1852,1.0,3.1279359973268583e-05,9.999999747378752e-05
1853,1.0,5.643831173074432e-05,9.999999747378752e-05
1854,1.0,3.1102368666324764e-05,9.999999747378752e-05
1855,1.0,7.786839705659077e-05,9.999999747378752e-05
1856,1.0,5.728222822654061e-05,9.999999747378752e-05
1857,1.0,5.5566324590472504e-05,9.999999747378752e-05
1858,1.0,4.8974263336276636e-05,9.999999747378752e-05
1859,1.0,7.298577838810161e-05,9.999999747378752e-05
1860,1.0,0.00018973111582454294,9.999999747378752e-05
1861,1.0,0.00017605890752747655,9.999999747378752e-05
1862,1.0,8.823442476568744e-05,9.999999747378752e-05
1863,1.0,4.373832052806392e-05,9.999999747378752e-05
1864,1.0,0.00015020501450635493,9.999999747378752e-05
1865,1.0,9.726885036798194e-05,9.999999747378752e-05
1866,1.0,5.029116800869815e-05,9.999999747378752e-05
1867,1.0,0.00013894439325667918,9.999999747378752e-05
1868,1.0,0.00011020623060176149,9.999999747378752e-05
1869,1.0,7.260341953951865e-05,9.999999747378752e-05
1870,1.0,3.098585511907004e-05,9.999999747378752e-05
1871,1.0,3.09077586280182e-05,9.999999747378752e-05
1872,1.0,6.535950524266809e-05,9.999999747378752e-05
1873,1.0,0.0001470503193559125,9.999999747378752e-05
1874,1.0,0.00011880222882609814,9.999999747378752e-05
1875,1.0,7.324416219489649e-05,9.999999747378752e-05
1876,1.0,7.250339695019647e-05,9.999999747378752e-05
1877,1.0,3.687750722747296e-05,9.999999747378752e-05
1878,1.0,4.429653927218169e-05,9.999999747378752e-05
1879,1.0,4.621644620783627e-05,9.999999747378752e-05
1880,1.0,0.00011656653805403039,9.999999747378752e-05
1881,1.0,5.9137259086128324e-05,9.999999747378752e-05
1882,1.0,5.1732011343119666e-05,9.999999747378752e-05
1883,1.0,0.00015728083963040262,9.999999747378752e-05
1884,1.0,8.594716928200796e-05,9.999999747378752e-05
1885,1.0,5.755643724114634e-05,9.999999747378752e-05
1886,1.0,4.281880319467746e-05,9.999999747378752e-05
1887,1.0,6.604592635994777e-05,9.999999747378752e-05
1888,1.0,6.24812746536918e-05,9.999999747378752e-05
1889,1.0,6.164661317598075e-05,9.999999747378752e-05
1890,1.0,3.471355375950225e-05,9.999999747378752e-05
1891,1.0,2.742262586252764e-05,9.999999747378752e-05
1892,1.0,2.5645147616160102e-05,9.999999747378752e-05
1893,1.0,2.052782838291023e-05,9.999999747378752e-05
1894,1.0,3.645992910605855e-05,9.999999747378752e-05
1895,1.0,8.80648658494465e-05,9.999999747378752e-05
1896,1.0,3.712944817380048e-05,9.999999747378752e-05
1897,1.0,0.00026679286384023726,9.999999747378752e-05
1898,1.0,0.0001763657055562362,9.999999747378752e-05
1899,1.0,0.00013681073323823512,9.999999747378752e-05
1900,1.0,0.0018820312106981874,9.999999747378752e-05
1901,0.9950000047683716,0.006465443409979343,9.999999747378752e-05
1902,0.9925000071525574,0.020325636491179466,9.999999747378752e-05
1903,0.9975000023841858,0.009665974415838718,9.999999747378752e-05
1904,0.9975000023841858,0.0035632362123578787,9.999999747378752e-05
1905,1.0,0.00120861257892102,9.999999747378752e-05
1906,1.0,0.0006035317201167345,9.999999747378752e-05
1907,1.0,0.0008280843612737954,9.999999747378752e-05
1908,1.0,0.0005662580369971693,9.999999747378752e-05
1909,1.0,0.00027683668304234743,9.999999747378752e-05
1910,1.0,0.0002515786327421665,9.999999747378752e-05
1911,1.0,0.00029080233070999384,9.999999747378752e-05
1912,1.0,0.0001503213425166905,9.999999747378752e-05
1913,1.0,0.0003072927938774228,9.999999747378752e-05
1914,1.0,0.0002648055087774992,9.999999747378752e-05
1915,1.0,0.00018499184807296842,9.999999747378752e-05
1916,1.0,0.0002384376566624269,9.999999747378752e-05
1917,1.0,0.00015871570212766528,9.999999747378752e-05
1918,1.0,0.000154485140228644,9.999999747378752e-05
1919,1.0,0.00012975306890439242,9.999999747378752e-05
1920,1.0,0.00026623252779245377,9.999999747378752e-05
1921,1.0,0.0001730584481265396,9.999999747378752e-05
1922,1.0,0.00020130988559685647,9.999999747378752e-05
1923,1.0,0.00011513009667396545,9.999999747378752e-05
1924,1.0,0.00022143698879517615,9.999999747378752e-05
1925,1.0,0.00014375858881976455,9.999999747378752e-05
1926,1.0,0.0002749430132098496,9.999999747378752e-05
1927,1.0,0.0001814771821955219,9.999999747378752e-05
1928,1.0,0.00015961304598022252,9.999999747378752e-05
1929,1.0,0.00012925871124025434,9.999999747378752e-05
1930,1.0,0.00016849805251695216,9.999999747378752e-05
1931,1.0,0.0001571465836605057,9.999999747378752e-05
1932,1.0,0.00012545571371447295,9.999999747378752e-05
1933,1.0,0.00010603612463455647,9.999999747378752e-05
1934,1.0,0.0001036462199408561,9.999999747378752e-05
1935,1.0,0.00022736703976988792,9.999999747378752e-05
1936,1.0,0.00014207101776264608,9.999999747378752e-05
1937,1.0,0.00032854717574082315,9.999999747378752e-05
1938,1.0,0.0001188001042464748,9.999999747378752e-05
1939,1.0,6.9115572841838e-05,9.999999747378752e-05
1940,1.0,9.71387853496708e-05,9.999999747378752e-05
1941,1.0,9.70897453953512e-05,9.999999747378752e-05
1942,1.0,0.00023630641226191074,9.999999747378752e-05
1943,1.0,0.00011987711332039908,9.999999747378752e-05
1944,1.0,0.00010221775301033631,9.999999747378752e-05
1945,1.0,0.00010077925981022418,9.999999747378752e-05
1946,1.0,0.00013767124619334936,9.999999747378752e-05
1947,1.0,7.759693107800558e-05,9.999999747378752e-05
1948,1.0,0.00016721879364922643,9.999999747378752e-05
1949,1.0,0.00010338491119910032,9.999999747378752e-05
1950,1.0,9.63686325121671e-05,9.999999747378752e-05
1951,1.0,8.840460213832557e-05,9.999999747378752e-05
1952,1.0,0.00011702411575242877,9.999999747378752e-05
1953,1.0,0.000277014885796234,9.999999747378752e-05
1954,1.0,9.199305350193754e-05,9.999999747378752e-05
1955,1.0,8.729103137739003e-05,9.999999747378752e-05
1956,1.0,0.0001140761814895086,9.999999747378752e-05
1957,1.0,8.601611625635996e-05,9.999999747378752e-05
1958,1.0,0.00014161839499138296,9.999999747378752e-05
1959,1.0,0.0003488363581709564,9.999999747378752e-05
1960,1.0,0.00011791022552642971,9.999999747378752e-05
1961,1.0,0.0001188340611406602,9.999999747378752e-05
1962,1.0,0.0001006920138024725,9.999999747378752e-05
1963,1.0,6.925276102265343e-05,9.999999747378752e-05
1964,1.0,0.00014981426647864282,9.999999747378752e-05
1965,1.0,0.00010924707748927176,9.999999747378752e-05
1966,1.0,8.462252299068496e-05,9.999999747378752e-05
1967,1.0,0.0001762644824339077,9.999999747378752e-05
1968,1.0,0.00015667788102291524,9.999999747378752e-05
1969,1.0,5.8172201534034684e-05,9.999999747378752e-05
1970,1.0,0.00017668398504611105,9.999999747378752e-05
1971,1.0,9.941766620613635e-05,9.999999747378752e-05
1972,1.0,8.015112689463422e-05,9.999999747378752e-05
1973,1.0,7.542152161477134e-05,9.999999747378752e-05
1974,1.0,6.28143607173115e-05,9.999999747378752e-05
1975,1.0,7.471584831364453e-05,9.999999747378752e-05
1976,1.0,3.270478191552684e-05,9.999999747378752e-05
1977,1.0,6.040102744009346e-05,9.999999747378752e-05
1978,1.0,5.426610368886031e-05,9.999999747378752e-05
1979,1.0,5.9942802181467414e-05,9.999999747378752e-05
1980,1.0,5.7015466154552996e-05,9.999999747378752e-05
1981,1.0,4.9240741645917296e-05,9.999999747378752e-05
1982,1.0,6.481070886366069e-05,9.999999747378752e-05
1983,1.0,4.951823575538583e-05,9.999999747378752e-05
1984,1.0,5.619172952719964e-05,9.999999747378752e-05
1985,1.0,0.00010167621803702787,9.999999747378752e-05
1986,1.0,5.625245103146881e-05,9.999999747378752e-05
1987,1.0,3.857174306176603e-05,9.999999747378752e-05
1988,1.0,4.0904666093410924e-05,9.999999747378752e-05
1989,1.0,4.816812361241318e-05,9.999999747378752e-05
1990,1.0,8.758958574617282e-05,9.999999747378752e-05
1991,1.0,5.9832422266481444e-05,9.999999747378752e-05
1992,1.0,4.3585907405940816e-05,9.999999747378752e-05
1993,1.0,7.531776645919308e-05,9.999999747378752e-05
1994,1.0,7.689879566896707e-05,9.999999747378752e-05
1995,1.0,0.00020315064466558397,9.999999747378752e-05
1996,1.0,0.00011369367712177336,9.999999747378752e-05
1997,1.0,8.290011464850977e-05,9.999999747378752e-05
1998,1.0,4.1026451071957126e-05,9.999999747378752e-05
1999,1.0,7.825354259693995e-05,9.999999747378752e-05
