,categorical_accuracy,loss,learning_rate
0,0.6175000071525574,1.161982774734497,0.0010000000474974513
1,0.7724999785423279,0.7302843332290649,0.0010000000474974513
2,0.7524999976158142,0.6959688663482666,0.0010000000474974513
3,0.7699999809265137,0.6689170002937317,0.0010000000474974513
4,0.7875000238418579,0.6724987626075745,0.0010000000474974513
5,0.7699999809265137,0.6409186720848083,0.0010000000474974513
6,0.7724999785423279,0.6135269999504089,0.0010000000474974513
7,0.7850000262260437,0.5990821719169617,0.0010000000474974513
8,0.7875000238418579,0.5663136839866638,0.0010000000474974513
9,0.7975000143051147,0.5504416227340698,0.0010000000474974513
10,0.7975000143051147,0.5632834434509277,0.0010000000474974513
11,0.800000011920929,0.5444257259368896,0.0010000000474974513
12,0.7850000262260437,0.5474638938903809,0.0010000000474974513
13,0.7825000286102295,0.5545428991317749,0.0010000000474974513
14,0.8025000095367432,0.5398692488670349,0.0010000000474974513
15,0.7900000214576721,0.539210319519043,0.0010000000474974513
16,0.8199999928474426,0.5005313754081726,0.0010000000474974513
17,0.8025000095367432,0.5140814185142517,0.0010000000474974513
18,0.8100000023841858,0.4837825894355774,0.0010000000474974513
19,0.8125,0.48141419887542725,0.0010000000474974513
20,0.7850000262260437,0.5047056078910828,0.0010000000474974513
21,0.8125,0.48997238278388977,0.0010000000474974513
22,0.8224999904632568,0.49655091762542725,0.0010000000474974513
23,0.8025000095367432,0.5075634717941284,0.0010000000474974513
24,0.8025000095367432,0.48825132846832275,0.0010000000474974513
25,0.8100000023841858,0.48590999841690063,0.0010000000474974513
26,0.8075000047683716,0.4802067279815674,0.0010000000474974513
27,0.8174999952316284,0.4733881652355194,0.0010000000474974513
28,0.8100000023841858,0.46329277753829956,0.0010000000474974513
29,0.8100000023841858,0.46150273084640503,0.0010000000474974513
30,0.8149999976158142,0.433931440114975,0.0010000000474974513
31,0.8299999833106995,0.4408996105194092,0.0010000000474974513
32,0.8274999856948853,0.446745365858078,0.0010000000474974513
33,0.8224999904632568,0.44555336236953735,0.0010000000474974513
34,0.8324999809265137,0.4395979344844818,0.0010000000474974513
35,0.8025000095367432,0.48289817571640015,0.0010000000474974513
36,0.8274999856948853,0.4184151887893677,0.0010000000474974513
37,0.8025000095367432,0.45346832275390625,0.0010000000474974513
38,0.8224999904632568,0.4436175227165222,0.0010000000474974513
39,0.8199999928474426,0.4621022045612335,0.0010000000474974513
40,0.824999988079071,0.44593071937561035,0.0010000000474974513
41,0.8299999833106995,0.4253121614456177,0.0010000000474974513
42,0.8075000047683716,0.4528292715549469,0.0010000000474974513
43,0.8149999976158142,0.47067195177078247,0.0010000000474974513
44,0.8324999809265137,0.3982579708099365,0.0010000000474974513
45,0.8050000071525574,0.42782413959503174,0.0010000000474974513
46,0.8199999928474426,0.4082648456096649,0.0010000000474974513
47,0.8299999833106995,0.4086950719356537,0.0010000000474974513
48,0.8274999856948853,0.4305301606655121,0.0010000000474974513
49,0.8399999737739563,0.3863585293292999,0.0010000000474974513
50,0.8199999928474426,0.4108513593673706,0.0010000000474974513
51,0.824999988079071,0.43804463744163513,0.0010000000474974513
52,0.824999988079071,0.42798224091529846,0.0010000000474974513
53,0.8299999833106995,0.42123860120773315,0.0010000000474974513
54,0.8349999785423279,0.4126414954662323,0.0010000000474974513
55,0.8399999737739563,0.3963657021522522,0.0010000000474974513
56,0.8575000166893005,0.38041868805885315,0.0010000000474974513
57,0.8299999833106995,0.41802021861076355,0.0010000000474974513
58,0.8399999737739563,0.40065518021583557,0.0010000000474974513
59,0.8324999809265137,0.39020758867263794,0.0010000000474974513
60,0.8374999761581421,0.4009978473186493,0.0010000000474974513
61,0.8374999761581421,0.4044368267059326,0.0010000000474974513
62,0.8349999785423279,0.4266192317008972,0.0010000000474974513
63,0.862500011920929,0.36853328347206116,0.0010000000474974513
64,0.8224999904632568,0.38409537076950073,0.0010000000474974513
65,0.8424999713897705,0.3791176974773407,0.0010000000474974513
66,0.8475000262260437,0.3764283061027527,0.0010000000474974513
67,0.8324999809265137,0.38427841663360596,0.0010000000474974513
68,0.8525000214576721,0.3811659514904022,0.0010000000474974513
69,0.8399999737739563,0.4049704074859619,0.0010000000474974513
70,0.8550000190734863,0.3861733675003052,0.0010000000474974513
71,0.8349999785423279,0.40334275364875793,0.0010000000474974513
72,0.8399999737739563,0.3875112533569336,0.0010000000474974513
73,0.8374999761581421,0.37334927916526794,0.0010000000474974513
74,0.8424999713897705,0.37879955768585205,0.0010000000474974513
75,0.8399999737739563,0.37662017345428467,0.0010000000474974513
76,0.8399999737739563,0.3971530497074127,0.0010000000474974513
77,0.8399999737739563,0.3772624135017395,0.0010000000474974513
78,0.8374999761581421,0.4025507867336273,0.0010000000474974513
79,0.8500000238418579,0.38892388343811035,0.0010000000474974513
80,0.8500000238418579,0.37454116344451904,0.0010000000474974513
81,0.824999988079071,0.4012777805328369,0.0010000000474974513
82,0.8450000286102295,0.36003831028938293,0.0010000000474974513
83,0.8600000143051147,0.3547488749027252,0.0010000000474974513
84,0.862500011920929,0.35378196835517883,0.0010000000474974513
85,0.862500011920929,0.3644530773162842,0.0010000000474974513
86,0.8675000071525574,0.3448822498321533,0.0010000000474974513
87,0.875,0.3331497609615326,0.0010000000474974513
88,0.8774999976158142,0.3393782377243042,0.0010000000474974513
89,0.8650000095367432,0.3574422597885132,0.0010000000474974513
90,0.8675000071525574,0.3778340220451355,0.0010000000474974513
91,0.8550000190734863,0.3444979190826416,0.0010000000474974513
92,0.8824999928474426,0.34326303005218506,0.0010000000474974513
93,0.8550000190734863,0.3472968339920044,0.0010000000474974513
94,0.8424999713897705,0.39808589220046997,0.0010000000474974513
95,0.8650000095367432,0.3398421108722687,0.0010000000474974513
96,0.8500000238418579,0.3553408682346344,0.0010000000474974513
97,0.8774999976158142,0.35572558641433716,0.0010000000474974513
98,0.8224999904632568,0.37805110216140747,0.0010000000474974513
99,0.8675000071525574,0.33532005548477173,0.0010000000474974513
100,0.8700000047683716,0.33216720819473267,0.0010000000474974513
101,0.8600000143051147,0.36283645033836365,0.0010000000474974513
102,0.8774999976158142,0.3181731402873993,0.0010000000474974513
103,0.8575000166893005,0.3364644944667816,0.0010000000474974513
104,0.8600000143051147,0.3705313801765442,0.0010000000474974513
105,0.8600000143051147,0.367399662733078,0.0010000000474974513
106,0.8700000047683716,0.3185400068759918,0.0010000000474974513
107,0.8899999856948853,0.3346349000930786,0.0010000000474974513
108,0.8899999856948853,0.30165794491767883,0.0010000000474974513
109,0.8824999928474426,0.3250303566455841,0.0010000000474974513
110,0.875,0.3155451714992523,0.0010000000474974513
111,0.875,0.33905041217803955,0.0010000000474974513
112,0.8675000071525574,0.3295333981513977,0.0010000000474974513
113,0.8924999833106995,0.3221682608127594,0.0010000000474974513
114,0.8650000095367432,0.3378369212150574,0.0010000000474974513
115,0.8725000023841858,0.331880122423172,0.0010000000474974513
116,0.8799999952316284,0.3144932687282562,0.0010000000474974513
117,0.8799999952316284,0.3328453004360199,0.0010000000474974513
118,0.8799999952316284,0.3284830152988434,0.0010000000474974513
119,0.8575000166893005,0.3230510652065277,0.0010000000474974513
120,0.8725000023841858,0.3325381875038147,0.0010000000474974513
121,0.8924999833106995,0.2918342649936676,0.0010000000474974513
122,0.8774999976158142,0.2956322431564331,0.0010000000474974513
123,0.8799999952316284,0.3045676648616791,0.0010000000474974513
124,0.8799999952316284,0.30970385670661926,0.0010000000474974513
125,0.8949999809265137,0.2978874146938324,0.0010000000474974513
126,0.8999999761581421,0.28812602162361145,0.0010000000474974513
127,0.8675000071525574,0.3258019983768463,0.0010000000474974513
128,0.8700000047683716,0.3173002004623413,0.0010000000474974513
129,0.8949999809265137,0.29219284653663635,0.0010000000474974513
130,0.8949999809265137,0.30737581849098206,0.0010000000474974513
131,0.8999999761581421,0.2921963930130005,0.0010000000474974513
132,0.8999999761581421,0.29060259461402893,0.0010000000474974513
133,0.8924999833106995,0.30990609526634216,0.0010000000474974513
134,0.8824999928474426,0.31782862544059753,0.0010000000474974513
135,0.8949999809265137,0.29456067085266113,0.0010000000474974513
136,0.8600000143051147,0.3390044867992401,0.0010000000474974513
137,0.8824999928474426,0.31035706400871277,0.0010000000474974513
138,0.8824999928474426,0.3315834403038025,0.0010000000474974513
139,0.8974999785423279,0.3080557584762573,0.0010000000474974513
140,0.8725000023841858,0.30749285221099854,0.0010000000474974513
141,0.8849999904632568,0.2989475429058075,0.0010000000474974513
142,0.8899999856948853,0.31691065430641174,0.0010000000474974513
143,0.8774999976158142,0.313778281211853,0.0010000000474974513
144,0.8899999856948853,0.30337414145469666,0.0010000000474974513
145,0.8774999976158142,0.29509487748146057,0.0010000000474974513
146,0.8824999928474426,0.3196542263031006,0.0010000000474974513
147,0.9049999713897705,0.28282278776168823,0.0010000000474974513
148,0.8999999761581421,0.2798531651496887,0.0010000000474974513
149,0.8675000071525574,0.3218137323856354,0.0010000000474974513
150,0.8924999833106995,0.2988746166229248,0.0010000000474974513
151,0.9075000286102295,0.267152339220047,0.0010000000474974513
152,0.9049999713897705,0.2612646520137787,0.0010000000474974513
153,0.9075000286102295,0.27214205265045166,0.0010000000474974513
154,0.8999999761581421,0.26906338334083557,0.0010000000474974513
155,0.8899999856948853,0.28583213686943054,0.0010000000474974513
156,0.8675000071525574,0.3227978050708771,0.0010000000474974513
157,0.8799999952316284,0.2957783639431,0.0010000000474974513
158,0.8824999928474426,0.29071471095085144,0.0010000000474974513
159,0.9049999713897705,0.274993896484375,0.0010000000474974513
160,0.8849999904632568,0.28882718086242676,0.0010000000474974513
161,0.8949999809265137,0.28244900703430176,0.0010000000474974513
162,0.8824999928474426,0.3128032982349396,0.0010000000474974513
163,0.8849999904632568,0.29796531796455383,0.0010000000474974513
164,0.9125000238418579,0.2746105194091797,0.0010000000474974513
165,0.9049999713897705,0.2554604113101959,0.0010000000474974513
166,0.9075000286102295,0.24478140473365784,0.0010000000474974513
167,0.9075000286102295,0.27142566442489624,0.0010000000474974513
168,0.9150000214576721,0.24958857893943787,0.0010000000474974513
169,0.9049999713897705,0.2658405601978302,0.0010000000474974513
170,0.9075000286102295,0.27054300904273987,0.0010000000474974513
171,0.9125000238418579,0.25293147563934326,0.0010000000474974513
172,0.8899999856948853,0.29438212513923645,0.0010000000474974513
173,0.8949999809265137,0.2683284878730774,0.0010000000474974513
174,0.8899999856948853,0.3072177767753601,0.0010000000474974513
175,0.9175000190734863,0.2455178052186966,0.0010000000474974513
176,0.9100000262260437,0.261732280254364,0.0010000000474974513
177,0.9225000143051147,0.2578485608100891,0.0010000000474974513
178,0.9049999713897705,0.2436549812555313,0.0010000000474974513
179,0.8924999833106995,0.2943153977394104,0.0010000000474974513
180,0.9100000262260437,0.2730076014995575,0.0010000000474974513
181,0.925000011920929,0.24679143726825714,0.0010000000474974513
182,0.9125000238418579,0.2558405101299286,0.0010000000474974513
183,0.9275000095367432,0.23103870451450348,0.0010000000474974513
184,0.9125000238418579,0.24725991487503052,0.0010000000474974513
185,0.9125000238418579,0.23874901235103607,0.0010000000474974513
186,0.925000011920929,0.24270418286323547,0.0010000000474974513
187,0.9350000023841858,0.23973321914672852,0.0010000000474974513
188,0.8999999761581421,0.2569965720176697,0.0010000000474974513
189,0.9125000238418579,0.24876180291175842,0.0010000000474974513
190,0.925000011920929,0.25007379055023193,0.0010000000474974513
191,0.9100000262260437,0.25768721103668213,0.0010000000474974513
192,0.9275000095367432,0.23570184409618378,0.0010000000474974513
193,0.9275000095367432,0.22333431243896484,0.0010000000474974513
194,0.9100000262260437,0.25127971172332764,0.0010000000474974513
195,0.9150000214576721,0.23269781470298767,0.0010000000474974513
196,0.9200000166893005,0.23846741020679474,0.0010000000474974513
197,0.9225000143051147,0.2298140674829483,0.0010000000474974513
198,0.9350000023841858,0.21637319028377533,0.0010000000474974513
199,0.9300000071525574,0.24636459350585938,0.0010000000474974513
200,0.925000011920929,0.2280234843492508,0.0010000000474974513
201,0.9300000071525574,0.2347838431596756,0.0010000000474974513
202,0.9150000214576721,0.24670186638832092,0.0010000000474974513
203,0.9175000190734863,0.24331513047218323,0.0010000000474974513
204,0.9200000166893005,0.23788751661777496,0.0010000000474974513
205,0.9300000071525574,0.23099592328071594,0.0010000000474974513
206,0.9075000286102295,0.25569018721580505,0.0010000000474974513
207,0.9300000071525574,0.2312830686569214,0.0010000000474974513
208,0.9275000095367432,0.2332182079553604,0.0010000000474974513
209,0.925000011920929,0.257947713136673,0.0010000000474974513
210,0.9175000190734863,0.24819324910640717,0.0010000000474974513
211,0.9150000214576721,0.23065657913684845,0.0010000000474974513
212,0.9125000238418579,0.22705966234207153,0.0010000000474974513
213,0.9225000143051147,0.236122265458107,0.0010000000474974513
214,0.9175000190734863,0.24868200719356537,0.0010000000474974513
215,0.9350000023841858,0.20977206528186798,0.0010000000474974513
216,0.9125000238418579,0.25107094645500183,0.0010000000474974513
217,0.9200000166893005,0.23926524817943573,0.0010000000474974513
218,0.9300000071525574,0.19488361477851868,0.0010000000474974513
219,0.925000011920929,0.21687963604927063,0.0010000000474974513
220,0.9350000023841858,0.1999208629131317,0.0010000000474974513
221,0.9325000047683716,0.19285152852535248,0.0010000000474974513
222,0.9375,0.1885606199502945,0.0010000000474974513
223,0.925000011920929,0.1916704922914505,0.0010000000474974513
224,0.9075000286102295,0.2514270842075348,0.0010000000474974513
225,0.9325000047683716,0.2205052375793457,0.0010000000474974513
226,0.9225000143051147,0.21297259628772736,0.0010000000474974513
227,0.9350000023841858,0.20732702314853668,0.0010000000474974513
228,0.9225000143051147,0.20851720869541168,0.0010000000474974513
229,0.9474999904632568,0.1873592585325241,0.0010000000474974513
230,0.925000011920929,0.21999236941337585,0.0010000000474974513
231,0.925000011920929,0.22021928429603577,0.0010000000474974513
232,0.9375,0.19764748215675354,0.0010000000474974513
233,0.9375,0.20314854383468628,0.0010000000474974513
234,0.9325000047683716,0.2037215679883957,0.0010000000474974513
235,0.9375,0.18381066620349884,0.0010000000474974513
236,0.9449999928474426,0.17881543934345245,0.0010000000474974513
237,0.9325000047683716,0.19869977235794067,0.0010000000474974513
238,0.9150000214576721,0.19817979633808136,0.0010000000474974513
239,0.9300000071525574,0.18078109622001648,0.0010000000474974513
240,0.9325000047683716,0.20498651266098022,0.0010000000474974513
241,0.9225000143051147,0.24080520868301392,0.0010000000474974513
242,0.925000011920929,0.22319386899471283,0.0010000000474974513
243,0.9200000166893005,0.2275790274143219,0.0010000000474974513
244,0.9399999976158142,0.19704298675060272,0.0010000000474974513
245,0.9424999952316284,0.18466494977474213,0.0010000000474974513
246,0.9375,0.18505240976810455,0.0010000000474974513
247,0.9399999976158142,0.18213604390621185,0.0010000000474974513
248,0.9300000071525574,0.21827079355716705,0.0010000000474974513
249,0.9275000095367432,0.2337275743484497,0.0010000000474974513
250,0.9075000286102295,0.2550685405731201,0.0010000000474974513
251,0.9399999976158142,0.18283969163894653,0.0010000000474974513
252,0.925000011920929,0.19688531756401062,0.0010000000474974513
253,0.9399999976158142,0.1799314171075821,0.0010000000474974513
254,0.9375,0.1743132770061493,0.0010000000474974513
255,0.9399999976158142,0.17668350040912628,0.0010000000474974513
256,0.9200000166893005,0.20729675889015198,0.0010000000474974513
257,0.925000011920929,0.21448035538196564,0.0010000000474974513
258,0.9275000095367432,0.22184142470359802,0.0010000000474974513
259,0.9075000286102295,0.25352203845977783,0.0010000000474974513
260,0.9449999928474426,0.1838720440864563,0.0010000000474974513
261,0.9350000023841858,0.1894344687461853,0.0010000000474974513
262,0.9549999833106995,0.1754099726676941,0.0010000000474974513
263,0.9399999976158142,0.1666146218776703,0.0010000000474974513
264,0.9350000023841858,0.19466067850589752,0.0010000000474974513
265,0.9325000047683716,0.20482036471366882,0.0010000000474974513
266,0.949999988079071,0.17961765825748444,0.0010000000474974513
267,0.9350000023841858,0.19478735327720642,0.0010000000474974513
268,0.9350000023841858,0.18312038481235504,0.0010000000474974513
269,0.9375,0.17112481594085693,0.0010000000474974513
270,0.9449999928474426,0.17413413524627686,0.0010000000474974513
271,0.9375,0.17643575370311737,0.0010000000474974513
272,0.9325000047683716,0.18081428110599518,0.0010000000474974513
273,0.9524999856948853,0.16238979995250702,0.0010000000474974513
274,0.9524999856948853,0.18093034625053406,0.0010000000474974513
275,0.9524999856948853,0.14617571234703064,0.0010000000474974513
276,0.9524999856948853,0.15500330924987793,0.0010000000474974513
277,0.9624999761581421,0.12843050062656403,0.0010000000474974513
278,0.9424999952316284,0.1694398671388626,0.0010000000474974513
279,0.9300000071525574,0.20577532052993774,0.0010000000474974513
280,0.949999988079071,0.16025018692016602,0.0010000000474974513
281,0.9524999856948853,0.16119107604026794,0.0010000000474974513
282,0.9474999904632568,0.1671094447374344,0.0010000000474974513
283,0.949999988079071,0.19084398448467255,0.0010000000474974513
284,0.9350000023841858,0.2076108604669571,0.0010000000474974513
285,0.949999988079071,0.16275666654109955,0.0010000000474974513
286,0.9624999761581421,0.14287620782852173,0.0010000000474974513
287,0.9574999809265137,0.12907323241233826,0.0010000000474974513
288,0.9574999809265137,0.13677950203418732,0.0010000000474974513
289,0.949999988079071,0.14665009081363678,0.0010000000474974513
290,0.9350000023841858,0.18098512291908264,0.0010000000474974513
291,0.9424999952316284,0.16748686134815216,0.0010000000474974513
292,0.9549999833106995,0.1315125972032547,0.0010000000474974513
293,0.9524999856948853,0.14982324838638306,0.0010000000474974513
294,0.9399999976158142,0.16723886132240295,0.0010000000474974513
295,0.9599999785423279,0.13998180627822876,0.0010000000474974513
296,0.9549999833106995,0.1431213617324829,0.0010000000474974513
297,0.9549999833106995,0.15586939454078674,0.0010000000474974513
298,0.9449999928474426,0.15659600496292114,0.0010000000474974513
299,0.9350000023841858,0.16291892528533936,0.0010000000474974513
300,0.9474999904632568,0.14745491743087769,0.0010000000474974513
301,0.9350000023841858,0.166499525308609,0.0010000000474974513
302,0.9325000047683716,0.19758298993110657,0.0010000000474974513
303,0.9325000047683716,0.17750996351242065,0.0010000000474974513
304,0.949999988079071,0.16299273073673248,0.0010000000474974513
305,0.949999988079071,0.1466696709394455,0.0010000000474974513
306,0.9599999785423279,0.12915295362472534,0.0010000000474974513
307,0.9449999928474426,0.148452028632164,0.0010000000474974513
308,0.9549999833106995,0.12440258264541626,0.0010000000474974513
309,0.9300000071525574,0.18472297489643097,0.0010000000474974513
310,0.9549999833106995,0.14797233045101166,0.0010000000474974513
311,0.9449999928474426,0.14755260944366455,0.0010000000474974513
312,0.9725000262260437,0.10438986867666245,0.0010000000474974513
313,0.949999988079071,0.13068018853664398,0.0010000000474974513
314,0.9599999785423279,0.11470064520835876,0.0010000000474974513
315,0.9700000286102295,0.1370847076177597,0.0010000000474974513
316,0.9524999856948853,0.13190267980098724,0.0010000000474974513
317,0.9574999809265137,0.12446412444114685,0.0010000000474974513
318,0.9750000238418579,0.10870295763015747,0.0010000000474974513
319,0.9725000262260437,0.09862177073955536,0.0010000000474974513
320,0.9750000238418579,0.09560731798410416,0.0010000000474974513
321,0.9700000286102295,0.10593315213918686,0.0010000000474974513
322,0.9474999904632568,0.14168797433376312,0.0010000000474974513
323,0.9700000286102295,0.11163724958896637,0.0010000000474974513
324,0.9624999761581421,0.11741897463798523,0.0010000000474974513
325,0.9775000214576721,0.1005406379699707,0.0010000000474974513
326,0.9800000190734863,0.09504764527082443,0.0010000000474974513
327,0.9624999761581421,0.1153964027762413,0.0010000000474974513
328,0.9424999952316284,0.1475185602903366,0.0010000000474974513
329,0.9599999785423279,0.13426628708839417,0.0010000000474974513
330,0.9524999856948853,0.1300836205482483,0.0010000000474974513
331,0.9049999713897705,0.21497274935245514,0.0010000000474974513
332,0.9375,0.1676458865404129,0.0010000000474974513
333,0.9424999952316284,0.16224798560142517,0.0010000000474974513
334,0.9574999809265137,0.1440030187368393,0.0010000000474974513
335,0.9649999737739563,0.11292117834091187,0.0010000000474974513
336,0.9624999761581421,0.11187877506017685,0.0010000000474974513
337,0.9474999904632568,0.1197795644402504,0.0010000000474974513
338,0.9549999833106995,0.11495163291692734,0.0010000000474974513
339,0.9549999833106995,0.1273142248392105,0.0010000000474974513
340,0.9574999809265137,0.10564732551574707,0.0010000000474974513
341,0.9599999785423279,0.12102196365594864,0.0010000000474974513
342,0.9725000262260437,0.1260794848203659,0.0010000000474974513
343,0.9574999809265137,0.1184718906879425,0.0010000000474974513
344,0.9725000262260437,0.09068369120359421,0.0010000000474974513
345,0.9775000214576721,0.08698450028896332,0.0010000000474974513
346,0.9775000214576721,0.09035863727331161,0.0010000000474974513
347,0.9775000214576721,0.0889536440372467,0.0010000000474974513
348,0.9649999737739563,0.1006464883685112,0.0010000000474974513
349,0.9674999713897705,0.10483434796333313,0.0010000000474974513
350,0.9674999713897705,0.1033913642168045,0.0010000000474974513
351,0.9800000190734863,0.0827021524310112,0.0010000000474974513
352,0.9800000190734863,0.07667569816112518,0.0010000000474974513
353,0.9624999761581421,0.10167475789785385,0.0010000000474974513
354,0.9674999713897705,0.10268297046422958,0.0010000000474974513
355,0.9775000214576721,0.09179006516933441,0.0010000000474974513
356,0.9574999809265137,0.1267658770084381,0.0010000000474974513
357,0.9725000262260437,0.1084739938378334,0.0010000000474974513
358,0.9649999737739563,0.09506027400493622,0.0010000000474974513
359,0.9800000190734863,0.08366192877292633,0.0010000000474974513
360,0.9674999713897705,0.07175669819116592,0.0010000000474974513
361,0.987500011920929,0.061343297362327576,0.0010000000474974513
362,0.9800000190734863,0.07193398475646973,0.0010000000474974513
363,0.9750000238418579,0.06696207076311111,0.0010000000474974513
364,0.9800000190734863,0.07259292900562286,0.0010000000474974513
365,0.9825000166893005,0.06698518991470337,0.0010000000474974513
366,0.9750000238418579,0.07016320526599884,0.0010000000474974513
367,0.9750000238418579,0.08582030236721039,0.0010000000474974513
368,0.9800000190734863,0.10242857038974762,0.0010000000474974513
369,0.9674999713897705,0.0960637554526329,0.0010000000474974513
370,0.9674999713897705,0.09245143830776215,0.0010000000474974513
371,0.9750000238418579,0.08051490038633347,0.0010000000474974513
372,0.9800000190734863,0.06178225576877594,0.0010000000474974513
373,0.9674999713897705,0.09219292551279068,0.0010000000474974513
374,0.987500011920929,0.06309282779693604,0.0010000000474974513
375,0.9825000166893005,0.058033399283885956,0.0010000000474974513
376,0.9649999737739563,0.0974978506565094,0.0010000000474974513
377,0.9424999952316284,0.15726113319396973,0.0010000000474974513
378,0.9574999809265137,0.12220223248004913,0.0010000000474974513
379,0.9449999928474426,0.13354621827602386,0.0010000000474974513
380,0.9624999761581421,0.0893462598323822,0.0010000000474974513
381,0.9800000190734863,0.08096469193696976,0.0010000000474974513
382,0.9850000143051147,0.07668060064315796,0.0010000000474974513
383,0.9750000238418579,0.077163927257061,0.0010000000474974513
384,0.9800000190734863,0.06488718837499619,0.0010000000474974513
385,0.9900000095367432,0.05297110974788666,0.0010000000474974513
386,0.9725000262260437,0.07889993488788605,0.0010000000474974513
387,0.9825000166893005,0.07415462285280228,0.0010000000474974513
388,0.9549999833106995,0.13206633925437927,0.0010000000474974513
389,0.9599999785423279,0.13560473918914795,0.0010000000474974513
390,0.9549999833106995,0.10869754105806351,0.0010000000474974513
391,0.9375,0.1724456399679184,0.0010000000474974513
392,0.9624999761581421,0.10706384479999542,0.0010000000474974513
393,0.9825000166893005,0.08059918135404587,0.0010000000474974513
394,0.9775000214576721,0.07662790268659592,0.0010000000474974513
395,0.9775000214576721,0.0827699825167656,0.0010000000474974513
396,0.9750000238418579,0.073977991938591,0.0010000000474974513
397,0.9825000166893005,0.06132965907454491,0.0010000000474974513
398,0.987500011920929,0.05868673697113991,0.0010000000474974513
399,0.9800000190734863,0.07652417570352554,0.0010000000474974513
400,0.9825000166893005,0.06209792196750641,0.0010000000474974513
401,0.9750000238418579,0.0632053092122078,0.0010000000474974513
402,0.9750000238418579,0.09174598753452301,0.0010000000474974513
403,0.9800000190734863,0.07944981753826141,0.0010000000474974513
404,0.9850000143051147,0.058467354625463486,0.0010000000474974513
405,0.9850000143051147,0.04994683712720871,0.0010000000474974513
406,0.9900000095367432,0.043041761964559555,0.0010000000474974513
407,0.9800000190734863,0.06745176762342453,0.0010000000474974513
408,0.9725000262260437,0.08435563743114471,0.0010000000474974513
409,0.9800000190734863,0.0803518295288086,0.0010000000474974513
410,0.9850000143051147,0.06699823588132858,0.0010000000474974513
411,0.9850000143051147,0.054169997572898865,0.0010000000474974513
412,0.9850000143051147,0.05547872185707092,0.0010000000474974513
413,0.9599999785423279,0.09916611015796661,0.0010000000474974513
414,0.9825000166893005,0.06696612387895584,0.0010000000474974513
415,0.9925000071525574,0.04422106221318245,0.0010000000474974513
416,0.9825000166893005,0.05632466450333595,0.0010000000474974513
417,0.9900000095367432,0.05847960337996483,0.0010000000474974513
418,0.9925000071525574,0.040538545697927475,0.0010000000474974513
419,0.9850000143051147,0.056314144283533096,0.0010000000474974513
420,0.9800000190734863,0.05103209987282753,0.0010000000474974513
421,0.987500011920929,0.06596357375383377,0.0010000000474974513
422,0.9649999737739563,0.09954778850078583,0.0010000000474974513
423,0.9750000238418579,0.09251802414655685,0.0010000000474974513
424,0.9750000238418579,0.07256928086280823,0.0010000000474974513
425,0.987500011920929,0.061347246170043945,0.0010000000474974513
426,0.987500011920929,0.048748679459095,0.0010000000474974513
427,0.9775000214576721,0.07724449783563614,0.0010000000474974513
428,0.9700000286102295,0.098472461104393,0.0010000000474974513
429,0.9674999713897705,0.08297885209321976,0.0010000000474974513
430,0.9674999713897705,0.083918496966362,0.0010000000474974513
431,0.9725000262260437,0.08225345611572266,0.0010000000474974513
432,0.9825000166893005,0.06986299157142639,0.0010000000474974513
433,0.9900000095367432,0.04425450786948204,0.0010000000474974513
434,0.9674999713897705,0.06603977829217911,0.0010000000474974513
435,0.987500011920929,0.058786287903785706,0.0010000000474974513
436,0.9725000262260437,0.0737677663564682,0.0010000000474974513
437,0.9850000143051147,0.05358352139592171,0.0010000000474974513
438,0.9925000071525574,0.03612499311566353,0.0010000000474974513
439,0.9775000214576721,0.06548149883747101,0.0010000000474974513
440,0.9825000166893005,0.058194175362586975,0.0010000000474974513
441,0.9900000095367432,0.046579908579587936,0.0010000000474974513
442,0.9900000095367432,0.042421888560056686,0.0010000000474974513
443,0.9975000023841858,0.025694768875837326,0.0010000000474974513
444,0.9950000047683716,0.0275515578687191,0.0010000000474974513
445,0.9900000095367432,0.04048435762524605,0.0010000000474974513
446,0.9925000071525574,0.04054440185427666,0.0010000000474974513
447,0.9925000071525574,0.03372691199183464,0.0010000000474974513
448,0.9900000095367432,0.03697163239121437,0.0010000000474974513
449,1.0,0.022765375673770905,0.0010000000474974513
450,0.9975000023841858,0.02310653030872345,0.0010000000474974513
451,0.9900000095367432,0.027271371334791183,0.0010000000474974513
452,0.9725000262260437,0.07508527487516403,0.0010000000474974513
453,0.9925000071525574,0.040759727358818054,0.0010000000474974513
454,0.9900000095367432,0.037318095564842224,0.0010000000474974513
455,0.9750000238418579,0.06550343334674835,0.0010000000474974513
456,0.9825000166893005,0.06506644189357758,0.0010000000474974513
457,0.9700000286102295,0.07789916545152664,0.0010000000474974513
458,0.9725000262260437,0.07149601727724075,0.0010000000474974513
459,0.9900000095367432,0.04412137344479561,0.0010000000474974513
460,0.9950000047683716,0.02601274661719799,0.0010000000474974513
461,1.0,0.021782774478197098,0.0010000000474974513
462,0.9925000071525574,0.0316946916282177,0.0010000000474974513
463,0.9850000143051147,0.04417124390602112,0.0010000000474974513
464,0.9950000047683716,0.03618856891989708,0.0010000000474974513
465,0.9925000071525574,0.03472326695919037,0.0010000000474974513
466,0.987500011920929,0.040189385414123535,0.0010000000474974513
467,0.9950000047683716,0.03785094618797302,0.0010000000474974513
468,1.0,0.018856868147850037,0.0010000000474974513
469,0.9975000023841858,0.016515983268618584,0.0010000000474974513
470,1.0,0.01608525775372982,0.0010000000474974513
471,0.9950000047683716,0.023340942338109016,0.0010000000474974513
472,1.0,0.017085855826735497,0.0010000000474974513
473,0.9950000047683716,0.01819170080125332,0.0010000000474974513
474,0.9975000023841858,0.017377937212586403,0.0010000000474974513
475,0.9950000047683716,0.023282555863261223,0.0010000000474974513
476,0.9950000047683716,0.0340266190469265,0.0010000000474974513
477,0.9975000023841858,0.027296017855405807,0.0010000000474974513
478,0.9950000047683716,0.03049669973552227,0.0010000000474974513
479,0.9825000166893005,0.03978635370731354,0.0010000000474974513
480,0.9800000190734863,0.045551009476184845,0.0010000000474974513
481,0.9975000023841858,0.022967329248785973,0.0010000000474974513
482,0.9775000214576721,0.05683409795165062,0.0010000000474974513
483,0.987500011920929,0.043803952634334564,0.0010000000474974513
484,1.0,0.02984299510717392,0.0010000000474974513
485,0.9950000047683716,0.02691320702433586,0.0010000000474974513
486,0.9975000023841858,0.024270569905638695,0.0010000000474974513
487,0.9925000071525574,0.034305278211832047,0.0010000000474974513
488,1.0,0.019209187477827072,0.0010000000474974513
489,0.9975000023841858,0.022243473678827286,0.0010000000474974513
490,0.9975000023841858,0.02079317718744278,0.0010000000474974513
491,0.9925000071525574,0.03161083161830902,0.0010000000474974513
492,0.9900000095367432,0.026085810735821724,0.0010000000474974513
493,0.9975000023841858,0.016235733404755592,0.0010000000474974513
494,0.987500011920929,0.02911265194416046,0.0010000000474974513
495,0.987500011920929,0.04130228981375694,0.0010000000474974513
496,0.9850000143051147,0.04916806519031525,0.0010000000474974513
497,0.9950000047683716,0.033231478184461594,0.0010000000474974513
498,0.9825000166893005,0.04669860377907753,0.0010000000474974513
499,0.9725000262260437,0.07762442529201508,0.0010000000474974513
500,0.9624999761581421,0.09819358587265015,0.0010000000474974513
501,0.9825000166893005,0.054199349135160446,0.0010000000474974513
502,0.9950000047683716,0.0350990891456604,0.0010000000474974513
503,0.9750000238418579,0.05609794706106186,0.0010000000474974513
504,0.9975000023841858,0.024115391075611115,0.0010000000474974513
505,0.9975000023841858,0.022203395143151283,0.0010000000474974513
506,1.0,0.012708229012787342,0.0010000000474974513
507,0.9975000023841858,0.02150575816631317,0.0010000000474974513
508,1.0,0.022819705307483673,0.0010000000474974513
509,0.987500011920929,0.04442258179187775,0.0010000000474974513
510,0.9700000286102295,0.08039182424545288,0.0010000000474974513
511,0.9800000190734863,0.05591615289449692,0.0010000000474974513
512,0.9825000166893005,0.055855557322502136,0.0010000000474974513
513,0.987500011920929,0.04053569957613945,0.0010000000474974513
514,1.0,0.0191116314381361,0.0010000000474974513
515,0.9975000023841858,0.018090570345520973,0.0010000000474974513
516,0.9925000071525574,0.02620186284184456,0.0010000000474974513
517,0.9950000047683716,0.030675863847136497,0.0010000000474974513
518,1.0,0.015718044713139534,0.0010000000474974513
519,1.0,0.010322275571525097,0.0010000000474974513
520,0.9950000047683716,0.016610778868198395,0.0010000000474974513
521,0.987500011920929,0.04294862225651741,0.0010000000474974513
522,0.9775000214576721,0.07231847941875458,0.0010000000474974513
523,0.9925000071525574,0.032594624906778336,0.0010000000474974513
524,0.9800000190734863,0.04824664443731308,0.0010000000474974513
525,0.9599999785423279,0.10112367570400238,0.0010000000474974513
526,0.9850000143051147,0.05122070387005806,0.0010000000474974513
527,0.9900000095367432,0.04491572827100754,0.0010000000474974513
528,0.9900000095367432,0.041429515928030014,0.0010000000474974513
529,1.0,0.015251565724611282,0.0010000000474974513
530,1.0,0.012983061373233795,0.0010000000474974513
531,0.9900000095367432,0.030255816876888275,0.0010000000474974513
532,0.9900000095367432,0.03781993314623833,0.0010000000474974513
533,0.9950000047683716,0.03327130153775215,0.0010000000474974513
534,0.9775000214576721,0.0640304833650589,0.0010000000474974513
535,0.9925000071525574,0.044478148221969604,0.0010000000474974513
536,0.9950000047683716,0.02224585972726345,0.0010000000474974513
537,0.9950000047683716,0.02824820950627327,0.0010000000474974513
538,0.9975000023841858,0.01679404266178608,0.0010000000474974513
539,1.0,0.01372513547539711,0.0010000000474974513
540,0.9975000023841858,0.015311832539737225,0.0010000000474974513
541,0.9925000071525574,0.022470245137810707,0.0010000000474974513
542,1.0,0.01170160248875618,0.0010000000474974513
543,1.0,0.00895602535456419,0.0010000000474974513
544,1.0,0.006921693682670593,0.0010000000474974513
545,1.0,0.005792075302451849,0.0010000000474974513
546,1.0,0.009599538519978523,0.0010000000474974513
547,1.0,0.0077382829040288925,0.0010000000474974513
548,1.0,0.005594547837972641,0.0010000000474974513
549,1.0,0.010283411480486393,0.0010000000474974513
550,1.0,0.009739129804074764,0.0010000000474974513
551,1.0,0.00860961340367794,0.0010000000474974513
552,0.9950000047683716,0.015181772410869598,0.0010000000474974513
553,0.9900000095367432,0.034296318888664246,0.0010000000474974513
554,0.9624999761581421,0.08366122841835022,0.0010000000474974513
555,0.9449999928474426,0.10820440948009491,0.0010000000474974513
556,0.9399999976158142,0.17827410995960236,0.0010000000474974513
557,0.9750000238418579,0.07950131595134735,0.0010000000474974513
558,0.9825000166893005,0.06575251370668411,0.0010000000474974513
559,0.9825000166893005,0.04861001670360565,0.0010000000474974513
560,0.9900000095367432,0.04142674803733826,0.0010000000474974513
561,0.987500011920929,0.03458212688565254,0.0010000000474974513
562,0.9775000214576721,0.05846532806754112,0.0010000000474974513
563,0.9900000095367432,0.037334736436605453,0.0010000000474974513
564,0.9725000262260437,0.06771722435951233,0.0010000000474974513
565,0.9900000095367432,0.042275961488485336,0.0010000000474974513
566,0.9975000023841858,0.031457312405109406,0.0010000000474974513
567,0.9950000047683716,0.022336557507514954,0.0010000000474974513
568,0.9850000143051147,0.03453768417239189,0.0010000000474974513
569,0.9900000095367432,0.03615684434771538,0.0010000000474974513
570,0.9975000023841858,0.026234203949570656,0.0010000000474974513
571,0.9975000023841858,0.018269650638103485,0.0010000000474974513
572,1.0,0.014830388128757477,0.0010000000474974513
573,1.0,0.011927137151360512,0.0010000000474974513
574,1.0,0.007418617140501738,0.0010000000474974513
575,1.0,0.0050132195465266705,0.0010000000474974513
576,1.0,0.007157689426094294,0.0010000000474974513
577,0.9975000023841858,0.011434422805905342,0.0010000000474974513
578,0.9975000023841858,0.01161919441074133,0.0010000000474974513
579,1.0,0.008144194260239601,0.0010000000474974513
580,0.9975000023841858,0.01332811824977398,0.0010000000474974513
581,0.9950000047683716,0.0157325342297554,0.0010000000474974513
582,0.9975000023841858,0.011006887070834637,0.0010000000474974513
583,1.0,0.00785577017813921,0.0010000000474974513
584,1.0,0.007279762998223305,0.0010000000474974513
585,1.0,0.005502627696841955,0.0010000000474974513
586,1.0,0.004936126060783863,0.0010000000474974513
587,1.0,0.007200043182820082,0.0010000000474974513
588,0.9950000047683716,0.023122815415263176,0.0010000000474974513
589,0.9975000023841858,0.022231590002775192,0.0010000000474974513
590,0.9950000047683716,0.022877216339111328,0.0010000000474974513
591,0.9950000047683716,0.025178229436278343,0.0010000000474974513
592,0.9900000095367432,0.030805202201008797,0.0010000000474974513
593,0.9975000023841858,0.02543148212134838,0.0010000000474974513
594,0.9975000023841858,0.019951067864894867,0.0010000000474974513
595,0.9900000095367432,0.024083830416202545,0.0010000000474974513
596,0.9950000047683716,0.0272623710334301,0.0010000000474974513
597,0.9925000071525574,0.037616655230522156,0.0010000000474974513
598,0.9700000286102295,0.06943944841623306,0.0010000000474974513
599,0.9750000238418579,0.0590723380446434,0.0010000000474974513
600,0.9674999713897705,0.08538728952407837,0.0010000000474974513
601,0.9900000095367432,0.057121701538562775,0.0010000000474974513
602,0.9925000071525574,0.04589000344276428,0.0010000000474974513
603,0.9700000286102295,0.08073282241821289,0.0010000000474974513
604,0.9449999928474426,0.13433560729026794,0.0010000000474974513
605,0.9599999785423279,0.10110099613666534,0.0010000000474974513
606,0.9775000214576721,0.05881707742810249,0.0010000000474974513
607,0.9775000214576721,0.0599939338862896,0.0010000000474974513
608,0.9925000071525574,0.030626444146037102,0.0010000000474974513
609,0.9975000023841858,0.02815905585885048,0.0010000000474974513
610,0.9925000071525574,0.02519448846578598,0.0010000000474974513
611,0.9925000071525574,0.044684551656246185,0.0010000000474974513
612,0.9950000047683716,0.03286796063184738,0.0010000000474974513
613,1.0,0.016437754034996033,0.0010000000474974513
614,0.9825000166893005,0.0412895530462265,0.0010000000474974513
615,0.9950000047683716,0.027537593618035316,0.0010000000474974513
616,0.9975000023841858,0.02004721388220787,0.0010000000474974513
617,0.9975000023841858,0.014727503061294556,0.0010000000474974513
618,0.9900000095367432,0.027468828484416008,0.0010000000474974513
619,0.987500011920929,0.07015751302242279,0.0010000000474974513
620,0.9775000214576721,0.08077603578567505,0.0010000000474974513
621,0.9900000095367432,0.03966015577316284,0.0010000000474974513
622,0.987500011920929,0.03905918821692467,0.0010000000474974513
623,0.9925000071525574,0.0216678399592638,0.0010000000474974513
624,1.0,0.0121409110724926,0.0010000000474974513
625,0.9925000071525574,0.02596338465809822,0.0010000000474974513
626,1.0,0.009057143703103065,0.0005000000237487257
627,1.0,0.00863705575466156,0.0005000000237487257
628,1.0,0.0044441805221140385,0.0005000000237487257
629,1.0,0.0037537035532295704,0.0005000000237487257
630,1.0,0.005148011259734631,0.0005000000237487257
631,1.0,0.0037705441936850548,0.0005000000237487257
632,1.0,0.003909429535269737,0.0005000000237487257
633,1.0,0.003283970057964325,0.0005000000237487257
634,1.0,0.005103460047394037,0.0005000000237487257
635,1.0,0.0034851073287427425,0.0005000000237487257
636,1.0,0.004249136429280043,0.0005000000237487257
637,1.0,0.004143294412642717,0.0005000000237487257
638,1.0,0.004532817751169205,0.0005000000237487257
639,1.0,0.004452889785170555,0.0005000000237487257
640,1.0,0.0040603214874863625,0.0005000000237487257
641,1.0,0.002796549117192626,0.0005000000237487257
642,1.0,0.0018576064612716436,0.0005000000237487257
643,1.0,0.0024300587829202414,0.0005000000237487257
644,1.0,0.002985534258186817,0.0005000000237487257
645,1.0,0.0033112498931586742,0.0005000000237487257
646,1.0,0.004773717373609543,0.0005000000237487257
647,1.0,0.001922423136420548,0.0005000000237487257
648,1.0,0.005816474091261625,0.0005000000237487257
649,1.0,0.009651243686676025,0.0005000000237487257
650,1.0,0.0036228715907782316,0.0005000000237487257
651,1.0,0.0027292920276522636,0.0005000000237487257
652,1.0,0.003265474224463105,0.0005000000237487257
653,1.0,0.0023632703814655542,0.0005000000237487257
654,1.0,0.004242226481437683,0.0005000000237487257
655,1.0,0.0029867012053728104,0.0005000000237487257
656,1.0,0.0019033771241083741,0.0005000000237487257
657,1.0,0.002232524799183011,0.0005000000237487257
658,1.0,0.0020254270639270544,0.0005000000237487257
659,1.0,0.003084333846345544,0.0005000000237487257
660,1.0,0.0016505926614627242,0.0005000000237487257
661,1.0,0.0020258016884326935,0.0005000000237487257
662,1.0,0.00162139639724046,0.0005000000237487257
663,1.0,0.001354562002234161,0.0005000000237487257
664,1.0,0.002465917496010661,0.0005000000237487257
665,1.0,0.002994310576468706,0.0005000000237487257
666,1.0,0.0024009766057133675,0.0005000000237487257
667,1.0,0.0021597149316221476,0.0005000000237487257
668,1.0,0.0020564417354762554,0.0005000000237487257
669,1.0,0.0022949744015932083,0.0005000000237487257
670,1.0,0.002099434146657586,0.0005000000237487257
671,1.0,0.0021437525283545256,0.0005000000237487257
672,1.0,0.002116261050105095,0.0005000000237487257
673,1.0,0.0032166859600692987,0.0005000000237487257
674,1.0,0.0017982955323532224,0.0005000000237487257
675,1.0,0.001468832604587078,0.0005000000237487257
676,1.0,0.0014284432400017977,0.0005000000237487257
677,1.0,0.0012944984482601285,0.0005000000237487257
678,1.0,0.002618074184283614,0.0005000000237487257
679,0.9975000023841858,0.008633330464363098,0.0005000000237487257
680,0.9925000071525574,0.01857697404921055,0.0005000000237487257
681,0.9975000023841858,0.011029090732336044,0.0005000000237487257
682,1.0,0.005561274476349354,0.0005000000237487257
683,1.0,0.013696378096938133,0.0005000000237487257
684,0.9900000095367432,0.025986559689044952,0.0005000000237487257
685,1.0,0.00675804540514946,0.0005000000237487257
686,1.0,0.004187567159533501,0.0005000000237487257
687,1.0,0.0031693237833678722,0.0005000000237487257
688,1.0,0.00270449067465961,0.0005000000237487257
689,1.0,0.0017715123249217868,0.0005000000237487257
690,1.0,0.001898032845929265,0.0005000000237487257
691,1.0,0.0036815479397773743,0.0005000000237487257
692,1.0,0.001536250812932849,0.0005000000237487257
693,1.0,0.0015334588242694736,0.0005000000237487257
694,1.0,0.0018970123492181301,0.0005000000237487257
695,1.0,0.002553785452619195,0.0005000000237487257
696,1.0,0.0016392547404393554,0.0005000000237487257
697,1.0,0.001443039276637137,0.0005000000237487257
698,1.0,0.001505141844972968,0.0005000000237487257
699,1.0,0.0011590981157496572,0.0005000000237487257
700,1.0,0.0021705206017941236,0.0005000000237487257
701,1.0,0.0057782502844929695,0.0005000000237487257
702,0.9975000023841858,0.004899049177765846,0.0005000000237487257
703,0.9975000023841858,0.018610680475831032,0.0005000000237487257
704,0.9725000262260437,0.07148393988609314,0.0005000000237487257
705,0.9624999761581421,0.09964440017938614,0.0005000000237487257
706,0.9950000047683716,0.026124127209186554,0.0005000000237487257
707,0.9975000023841858,0.017062757164239883,0.0005000000237487257
708,1.0,0.009646054357290268,0.0005000000237487257
709,1.0,0.012629345990717411,0.0005000000237487257
710,1.0,0.006734770722687244,0.0005000000237487257
711,1.0,0.007909716106951237,0.0005000000237487257
712,1.0,0.005786037538200617,0.0005000000237487257
713,1.0,0.009469692595303059,0.0005000000237487257
714,1.0,0.002663771854713559,0.0005000000237487257
715,1.0,0.005433348007500172,0.0005000000237487257
716,1.0,0.002412902656942606,0.0005000000237487257
717,1.0,0.0027893176302313805,0.0005000000237487257
718,1.0,0.003975121304392815,0.0005000000237487257
719,1.0,0.002957926131784916,0.0005000000237487257
720,1.0,0.006635533180087805,0.0005000000237487257
721,1.0,0.003570818342268467,0.0005000000237487257
722,1.0,0.0023578722029924393,0.0005000000237487257
723,1.0,0.0013205541763454676,0.0005000000237487257
724,1.0,0.003106262069195509,0.0005000000237487257
725,1.0,0.00287096225656569,0.0005000000237487257
726,1.0,0.0011389643186703324,0.0005000000237487257
727,1.0,0.0013225717702880502,0.0005000000237487257
728,1.0,0.0015850865747779608,0.0005000000237487257
729,1.0,0.0013793213292956352,0.0005000000237487257
730,1.0,0.002773074898868799,0.0005000000237487257
731,1.0,0.0020463161636143923,0.0005000000237487257
732,1.0,0.002372395247220993,0.0005000000237487257
733,1.0,0.0013558411737903953,0.0005000000237487257
734,1.0,0.0014347076648846269,0.0005000000237487257
735,1.0,0.0010287031764164567,0.0005000000237487257
736,1.0,0.0019149079453200102,0.0005000000237487257
737,1.0,0.001362521550618112,0.0005000000237487257
738,1.0,0.001379841472953558,0.0005000000237487257
739,1.0,0.0014328502584248781,0.0005000000237487257
740,1.0,0.0013093773741275072,0.0005000000237487257
741,0.9975000023841858,0.007285004947334528,0.0005000000237487257
742,1.0,0.0066915517672896385,0.0005000000237487257
743,1.0,0.0019520355854183435,0.0005000000237487257
744,1.0,0.0012141554616391659,0.0005000000237487257
745,1.0,0.0013332432135939598,0.0005000000237487257
746,1.0,0.0013624285347759724,0.0005000000237487257
747,1.0,0.0014174683019518852,0.0005000000237487257
748,1.0,0.002132271183654666,0.0005000000237487257
749,1.0,0.000891776813659817,0.0005000000237487257
750,1.0,0.0009849818889051676,0.0005000000237487257
751,1.0,0.003135121427476406,0.0005000000237487257
752,0.9975000023841858,0.005804106593132019,0.0005000000237487257
753,0.9900000095367432,0.028671031817793846,0.0005000000237487257
754,0.9800000190734863,0.06008906289935112,0.0005000000237487257
755,0.9900000095367432,0.04674525186419487,0.0005000000237487257
756,0.9975000023841858,0.024575259536504745,0.0005000000237487257
757,1.0,0.011617789044976234,0.0005000000237487257
758,0.9900000095367432,0.02114647813141346,0.0005000000237487257
759,0.9925000071525574,0.023708045482635498,0.0005000000237487257
760,0.9975000023841858,0.01219233125448227,0.0005000000237487257
761,1.0,0.003870669985190034,0.0005000000237487257
762,1.0,0.005777326878160238,0.0005000000237487257
763,1.0,0.00592237850651145,0.0005000000237487257
764,1.0,0.002939177444204688,0.0005000000237487257
765,1.0,0.0015703428070992231,0.0005000000237487257
766,1.0,0.002507551806047559,0.0005000000237487257
767,1.0,0.0023678087163716555,0.0005000000237487257
768,1.0,0.002340855309739709,0.0005000000237487257
769,1.0,0.0024540096055716276,0.0005000000237487257
770,1.0,0.0017136954702436924,0.0005000000237487257
771,1.0,0.001295151887461543,0.0005000000237487257
772,1.0,0.0014277808368206024,0.0005000000237487257
773,1.0,0.0025711534544825554,0.0005000000237487257
774,1.0,0.002003234112635255,0.0005000000237487257
775,1.0,0.0014342347858473659,0.0005000000237487257
776,1.0,0.0010417794110253453,0.0005000000237487257
777,1.0,0.0007714275270700455,0.0005000000237487257
778,1.0,0.0014437574427574873,0.0005000000237487257
779,1.0,0.0012874569511041045,0.0005000000237487257
780,1.0,0.0023571981582790613,0.0005000000237487257
781,1.0,0.001725884503684938,0.0005000000237487257
782,1.0,0.0022368780337274075,0.0005000000237487257
783,1.0,0.0019817398861050606,0.0005000000237487257
784,1.0,0.0014815031317993999,0.0005000000237487257
785,1.0,0.002571528311818838,0.0005000000237487257
786,1.0,0.0012422429863363504,0.0005000000237487257
787,1.0,0.0009878400014713407,0.0005000000237487257
788,1.0,0.0008853357285261154,0.0005000000237487257
789,1.0,0.0013116456102579832,0.0005000000237487257
790,1.0,0.003195168450474739,0.0005000000237487257
791,1.0,0.002968615386635065,0.0005000000237487257
792,1.0,0.0020897549111396074,0.0005000000237487257
793,1.0,0.001354887499473989,0.0005000000237487257
794,1.0,0.0008000120287761092,0.0005000000237487257
795,1.0,0.0007751254597678781,0.0005000000237487257
796,1.0,0.000906133558601141,0.0005000000237487257
797,1.0,0.0008508844766765833,0.0005000000237487257
798,1.0,0.0010037822648882866,0.0005000000237487257
799,1.0,0.0011979460250586271,0.0005000000237487257
800,1.0,0.0011349132983013988,0.0005000000237487257
801,1.0,0.0008366520632989705,0.0005000000237487257
802,1.0,0.00043373630614951253,0.0005000000237487257
803,1.0,0.0007950603030622005,0.0005000000237487257
804,1.0,0.0006190409185364842,0.0005000000237487257
805,1.0,0.0014862131793051958,0.0005000000237487257
806,1.0,0.0006106868968345225,0.0005000000237487257
807,1.0,0.0010361636523157358,0.0005000000237487257
808,1.0,0.0008648341172374785,0.0005000000237487257
809,1.0,0.000871935102622956,0.0005000000237487257
810,1.0,0.0005826750420965254,0.0005000000237487257
811,1.0,0.0025264855939894915,0.0005000000237487257
812,1.0,0.0009609322878532112,0.0005000000237487257
813,1.0,0.0008827597484923899,0.0005000000237487257
814,1.0,0.000905821449123323,0.0005000000237487257
815,1.0,0.001132757868617773,0.0005000000237487257
816,1.0,0.0011441661044955254,0.0005000000237487257
817,1.0,0.0009878347627818584,0.0005000000237487257
818,1.0,0.0007075011963024735,0.0005000000237487257
819,1.0,0.0005483065033331513,0.0005000000237487257
820,1.0,0.0010008859680965543,0.0005000000237487257
821,1.0,0.0008313158177770674,0.0005000000237487257
822,1.0,0.0018567967927083373,0.0005000000237487257
823,1.0,0.0012118670856580138,0.0005000000237487257
824,1.0,0.0007439376204274595,0.0005000000237487257
825,1.0,0.0005550524801947176,0.0005000000237487257
826,1.0,0.0009876113617792726,0.0005000000237487257
827,1.0,0.0005229279631748796,0.0005000000237487257
828,1.0,0.0006015228573232889,0.0005000000237487257
829,1.0,0.0006254951003938913,0.0005000000237487257
830,1.0,0.0006933602853678167,0.0005000000237487257
831,1.0,0.00033355780760757625,0.0005000000237487257
832,1.0,0.0005016351351514459,0.0005000000237487257
833,1.0,0.0005911985062994063,0.0005000000237487257
834,1.0,0.00046414739335887134,0.0005000000237487257
835,1.0,0.0007146265124902129,0.0005000000237487257
836,1.0,0.0006239530630409718,0.0005000000237487257
837,1.0,0.001134520978666842,0.0005000000237487257
838,1.0,0.0007011709385551512,0.0005000000237487257
839,1.0,0.0005494712386280298,0.0005000000237487257
840,1.0,0.0005334250745363533,0.0005000000237487257
841,1.0,0.0005188446957617998,0.0005000000237487257
842,1.0,0.0005360537325032055,0.0005000000237487257
843,1.0,0.0004993725451640785,0.0005000000237487257
844,1.0,0.0002991564688272774,0.0005000000237487257
845,1.0,0.0006426383624784648,0.0005000000237487257
846,1.0,0.000533721991814673,0.0005000000237487257
847,1.0,0.0009335569920949638,0.0005000000237487257
848,1.0,0.0006182824145071208,0.0005000000237487257
849,1.0,0.0006496550631709397,0.0005000000237487257
850,1.0,0.0003460141597315669,0.0005000000237487257
851,1.0,0.0004998528165742755,0.0005000000237487257
852,1.0,0.00042244751239195466,0.0005000000237487257
853,1.0,0.00038572351331822574,0.0005000000237487257
854,1.0,0.0004151900939177722,0.0005000000237487257
855,1.0,0.00031990473507903516,0.0005000000237487257
856,1.0,0.00020278460578992963,0.0005000000237487257
857,1.0,0.0005264155915938318,0.0005000000237487257
858,1.0,0.0004963081446476281,0.0005000000237487257
859,1.0,0.00029139837715774775,0.0005000000237487257
860,1.0,0.00037821990554220974,0.0005000000237487257
861,1.0,0.00034766673343256116,0.0005000000237487257
862,1.0,0.0002789819845929742,0.0005000000237487257
863,1.0,0.00029860588256269693,0.0005000000237487257
864,1.0,0.0003348079335410148,0.0005000000237487257
865,1.0,0.0005877883522771299,0.0005000000237487257
866,1.0,0.0007454759906977415,0.0005000000237487257
867,1.0,0.0008361094514839351,0.0005000000237487257
868,1.0,0.002165161306038499,0.0005000000237487257
869,1.0,0.00484123919159174,0.0005000000237487257
870,0.987500011920929,0.04486631974577904,0.0005000000237487257
871,0.9399999976158142,0.15330703556537628,0.0005000000237487257
872,0.9549999833106995,0.10149091482162476,0.0005000000237487257
873,0.9850000143051147,0.05176512897014618,0.0005000000237487257
874,0.9950000047683716,0.022872591391205788,0.0005000000237487257
875,0.9925000071525574,0.026412425562739372,0.0005000000237487257
876,0.9925000071525574,0.030326444655656815,0.0005000000237487257
877,0.9950000047683716,0.022874511778354645,0.0005000000237487257
878,0.9975000023841858,0.010216531343758106,0.0005000000237487257
879,0.9975000023841858,0.012193254195153713,0.0005000000237487257
880,1.0,0.007636406924575567,0.0005000000237487257
881,1.0,0.0036918241530656815,0.0005000000237487257
882,1.0,0.003988123964518309,0.0005000000237487257
883,1.0,0.0021982183679938316,0.0005000000237487257
884,1.0,0.0023918133229017258,0.0005000000237487257
885,1.0,0.0019624719861894846,0.0005000000237487257
886,1.0,0.0013991919113323092,0.0005000000237487257
887,1.0,0.0046764034777879715,0.0005000000237487257
888,1.0,0.002446163911372423,0.0005000000237487257
889,1.0,0.0020010867156088352,0.0005000000237487257
890,1.0,0.0036918658297508955,0.0005000000237487257
891,1.0,0.0018097800202667713,0.0005000000237487257
892,1.0,0.002501704031601548,0.0005000000237487257
893,1.0,0.004259539768099785,0.0005000000237487257
894,1.0,0.001538874232210219,0.0005000000237487257
895,1.0,0.0021856462117284536,0.0005000000237487257
896,1.0,0.0017148901242762804,0.0005000000237487257
897,1.0,0.00138467934448272,0.0005000000237487257
898,1.0,0.0015091306995600462,0.0005000000237487257
899,1.0,0.0007791577372699976,0.0005000000237487257
900,1.0,0.0009099912131205201,0.0005000000237487257
901,1.0,0.0008891011239029467,0.0005000000237487257
902,1.0,0.0008661552565172315,0.0005000000237487257
903,1.0,0.0014965758891776204,0.0005000000237487257
904,1.0,0.0007847837405279279,0.0005000000237487257
905,1.0,0.0006727554136887193,0.0005000000237487257
906,1.0,0.001283019664697349,0.0005000000237487257
907,1.0,0.0005445607239380479,0.0002500000118743628
908,1.0,0.0007359771407209337,0.0002500000118743628
909,1.0,0.0009490456432104111,0.0002500000118743628
910,1.0,0.0008903477573767304,0.0002500000118743628
911,1.0,0.0007257869001477957,0.0002500000118743628
912,1.0,0.0009259909857064486,0.0002500000118743628
913,1.0,0.0007973086321726441,0.0002500000118743628
914,1.0,0.0007637782255187631,0.0002500000118743628
915,1.0,0.001174761331640184,0.0002500000118743628
916,1.0,0.0006359373801387846,0.0002500000118743628
917,1.0,0.000768328900448978,0.0002500000118743628
918,1.0,0.0007272456423379481,0.0002500000118743628
919,1.0,0.0008950678166002035,0.0002500000118743628
920,1.0,0.0005590916844084859,0.0002500000118743628
921,1.0,0.0009904677281156182,0.0002500000118743628
922,1.0,0.0008329108241014183,0.0002500000118743628
923,1.0,0.0006167420651763678,0.0002500000118743628
924,1.0,0.0005279097822494805,0.0002500000118743628
925,1.0,0.0005026703584007919,0.0002500000118743628
926,1.0,0.0006665171822533011,0.0002500000118743628
927,1.0,0.0006130699766799808,0.0002500000118743628
928,1.0,0.0013007436646148562,0.0002500000118743628
929,1.0,0.0009572794078849256,0.0002500000118743628
930,0.9975000023841858,0.0035209099296480417,0.0002500000118743628
931,1.0,0.00217745965346694,0.0002500000118743628
932,1.0,0.0012657929910346866,0.0002500000118743628
933,1.0,0.0010185654973611236,0.0002500000118743628
934,1.0,0.0017727118683978915,0.0002500000118743628
935,1.0,0.0011857312638312578,0.0002500000118743628
936,1.0,0.0005233158590272069,0.0002500000118743628
937,1.0,0.0014801878714933991,0.0002500000118743628
938,1.0,0.0006680682417936623,0.0002500000118743628
939,1.0,0.0006489531951956451,0.0002500000118743628
940,1.0,0.0006884256727062166,0.0002500000118743628
941,1.0,0.0006910018855705857,0.0002500000118743628
942,1.0,0.0011347653344273567,0.0002500000118743628
943,1.0,0.0008323226356878877,0.0002500000118743628
944,1.0,0.0007236481178551912,0.0002500000118743628
945,1.0,0.0005207581561990082,0.0002500000118743628
946,1.0,0.0009128300007432699,0.0002500000118743628
947,1.0,0.0006166304810903966,0.0002500000118743628
948,1.0,0.0005948767066001892,0.0002500000118743628
949,1.0,0.0005126880132593215,0.0002500000118743628
950,1.0,0.00036854707286693156,0.0002500000118743628
951,1.0,0.0004731638473458588,0.0002500000118743628
952,1.0,0.0006500150775536895,0.0002500000118743628
953,1.0,0.0006368325557559729,0.0002500000118743628
954,1.0,0.00048141073784790933,0.0002500000118743628
955,1.0,0.0006555592408403754,0.0002500000118743628
956,1.0,0.0004230383492540568,0.0002500000118743628
957,1.0,0.0005257182056084275,0.0001250000059371814
958,1.0,0.0006299835513345897,0.0001250000059371814
959,1.0,0.0009110553073696792,0.0001250000059371814
960,1.0,0.000536859268322587,0.0001250000059371814
961,1.0,0.0005493276403285563,0.0001250000059371814
962,1.0,0.0004075578472111374,0.0001250000059371814
963,1.0,0.00038314462290145457,0.0001250000059371814
964,1.0,0.0003665623953565955,0.0001250000059371814
965,1.0,0.0004740456060972065,0.0001250000059371814
966,1.0,0.0003370975027792156,0.0001250000059371814
967,1.0,0.00033123473986051977,0.0001250000059371814
968,1.0,0.00036631934926845133,0.0001250000059371814
969,1.0,0.0009461052250117064,0.0001250000059371814
970,1.0,0.0005267156520858407,0.0001250000059371814
971,1.0,0.0005784185486845672,0.0001250000059371814
972,1.0,0.00037861510645598173,0.0001250000059371814
973,1.0,0.00044820288894698024,0.0001250000059371814
974,1.0,0.0005029333988204598,0.0001250000059371814
975,1.0,0.0005796933546662331,0.0001250000059371814
976,1.0,0.00039466231828555465,0.0001250000059371814
977,1.0,0.00044137221993878484,0.0001250000059371814
978,1.0,0.0008127145702019334,0.0001250000059371814
979,1.0,0.0003555660950951278,0.0001250000059371814
980,1.0,0.000464676326373592,0.0001250000059371814
981,1.0,0.0010522509692236781,0.0001250000059371814
982,1.0,0.0004430131521075964,0.0001250000059371814
983,1.0,0.00035343464696779847,0.0001250000059371814
984,1.0,0.0004213707288727164,0.0001250000059371814
985,1.0,0.000772557279560715,0.0001250000059371814
986,1.0,0.0003926228091586381,0.0001250000059371814
987,1.0,0.0004188322927802801,0.0001250000059371814
988,1.0,0.0004095572221558541,0.0001250000059371814
989,1.0,0.0020583164878189564,0.0001250000059371814
990,1.0,0.0007868842803873122,0.0001250000059371814
991,1.0,0.0003986490482930094,0.0001250000059371814
992,1.0,0.0004692282236646861,0.0001250000059371814
993,1.0,0.0005066306330263615,0.0001250000059371814
994,1.0,0.0005776006728410721,0.0001250000059371814
995,1.0,0.00035775647847913206,0.0001250000059371814
996,1.0,0.0004921588115394115,0.0001250000059371814
997,1.0,0.000251096353167668,0.0001250000059371814
998,1.0,0.00025124073727056384,0.0001250000059371814
999,1.0,0.0004113436443731189,0.0001250000059371814
1000,1.0,0.00030807466828264296,0.0001250000059371814
1001,1.0,0.0005396080086939037,0.0001250000059371814
1002,1.0,0.00046677779755555093,0.0001250000059371814
1003,1.0,0.00032960259704850614,0.0001250000059371814
1004,1.0,0.00028646152350120246,0.0001250000059371814
1005,1.0,0.0003308221639599651,0.0001250000059371814
1006,1.0,0.0005852552712894976,0.0001250000059371814
1007,1.0,0.0007160594104789197,9.999999747378752e-05
1008,1.0,0.001216174103319645,9.999999747378752e-05
1009,1.0,0.0006852622609585524,9.999999747378752e-05
1010,1.0,0.0005275912117213011,9.999999747378752e-05
1011,1.0,0.0004423395439516753,9.999999747378752e-05
1012,1.0,0.0003402615257073194,9.999999747378752e-05
1013,1.0,0.0003409727942198515,9.999999747378752e-05
1014,1.0,0.0010651196353137493,9.999999747378752e-05
1015,1.0,0.00040402685408480465,9.999999747378752e-05
1016,1.0,0.00035012851003557444,9.999999747378752e-05
1017,1.0,0.0009907822823151946,9.999999747378752e-05
1018,1.0,0.0004959761863574386,9.999999747378752e-05
1019,1.0,0.0006982435006648302,9.999999747378752e-05
1020,1.0,0.0003523037885315716,9.999999747378752e-05
1021,1.0,0.0004516684275586158,9.999999747378752e-05
1022,1.0,0.0003214098105672747,9.999999747378752e-05
1023,1.0,0.0002638768346514553,9.999999747378752e-05
1024,1.0,0.0006612840807065368,9.999999747378752e-05
1025,1.0,0.00037569840787909925,9.999999747378752e-05
1026,1.0,0.0004203299176879227,9.999999747378752e-05
1027,1.0,0.0005254525458440185,9.999999747378752e-05
1028,1.0,0.00036780451773665845,9.999999747378752e-05
1029,1.0,0.0002896619262173772,9.999999747378752e-05
1030,1.0,0.00043903940240852535,9.999999747378752e-05
1031,1.0,0.0004997188225388527,9.999999747378752e-05
1032,1.0,0.0005299320910125971,9.999999747378752e-05
1033,1.0,0.0002689407265279442,9.999999747378752e-05
1034,1.0,0.00028456118889153004,9.999999747378752e-05
1035,1.0,0.0004658747056964785,9.999999747378752e-05
1036,1.0,0.0008652777760289609,9.999999747378752e-05
1037,1.0,0.0003938990703318268,9.999999747378752e-05
1038,1.0,0.00037642839015461504,9.999999747378752e-05
1039,1.0,0.0003134166181553155,9.999999747378752e-05
1040,1.0,0.0003002994926646352,9.999999747378752e-05
1041,1.0,0.0002941372513305396,9.999999747378752e-05
1042,1.0,0.0004338252474553883,9.999999747378752e-05
1043,1.0,0.00047456633183173835,9.999999747378752e-05
1044,1.0,0.0003142134810332209,9.999999747378752e-05
1045,1.0,0.0003294200578238815,9.999999747378752e-05
1046,1.0,0.00036093610106036067,9.999999747378752e-05
1047,1.0,0.00026312883710488677,9.999999747378752e-05
1048,1.0,0.0004384289786685258,9.999999747378752e-05
1049,1.0,0.0003497581637930125,9.999999747378752e-05
1050,1.0,0.0005390893784351647,9.999999747378752e-05
1051,1.0,0.0005347900441847742,9.999999747378752e-05
1052,1.0,0.00044812410487793386,9.999999747378752e-05
1053,1.0,0.0007241304265335202,9.999999747378752e-05
1054,1.0,0.0004328087961766869,9.999999747378752e-05
1055,1.0,0.00040533169521950185,9.999999747378752e-05
1056,1.0,0.00032264157198369503,9.999999747378752e-05
1057,1.0,0.00017767299141269177,9.999999747378752e-05
1058,1.0,0.00016598228830844164,9.999999747378752e-05
1059,1.0,0.0002099345001624897,9.999999747378752e-05
1060,1.0,0.0002992555673699826,9.999999747378752e-05
1061,1.0,0.0005625089397653937,9.999999747378752e-05
1062,1.0,0.0005011825123801827,9.999999747378752e-05
1063,1.0,0.0005950565100647509,9.999999747378752e-05
1064,1.0,0.0004564773407764733,9.999999747378752e-05
1065,1.0,0.00040431736852042377,9.999999747378752e-05
1066,1.0,0.0002732906141318381,9.999999747378752e-05
1067,1.0,0.00021885414025746286,9.999999747378752e-05
1068,1.0,0.0004283521557226777,9.999999747378752e-05
1069,1.0,0.0010945179965347052,9.999999747378752e-05
1070,1.0,0.0006769929896108806,9.999999747378752e-05
1071,1.0,0.00034714184585027397,9.999999747378752e-05
1072,1.0,0.0010578492656350136,9.999999747378752e-05
1073,1.0,0.00046577793546020985,9.999999747378752e-05
1074,1.0,0.0002772886655293405,9.999999747378752e-05
1075,1.0,0.0003231175651308149,9.999999747378752e-05
1076,1.0,0.001374994870275259,9.999999747378752e-05
1077,1.0,0.00035278723225928843,9.999999747378752e-05
1078,1.0,0.00021755580382887274,9.999999747378752e-05
1079,1.0,0.0002880781830754131,9.999999747378752e-05
1080,1.0,0.00044511008309200406,9.999999747378752e-05
1081,1.0,0.0002835779159795493,9.999999747378752e-05
1082,1.0,0.00027948032948188484,9.999999747378752e-05
1083,1.0,0.0003392961516510695,9.999999747378752e-05
1084,1.0,0.00043019643635489047,9.999999747378752e-05
1085,1.0,0.0004106253618374467,9.999999747378752e-05
1086,1.0,0.0006518886075355113,9.999999747378752e-05
1087,1.0,0.00022369055659510195,9.999999747378752e-05
1088,1.0,0.00028820434818044305,9.999999747378752e-05
1089,1.0,0.00033826485741883516,9.999999747378752e-05
1090,1.0,0.0004335226258262992,9.999999747378752e-05
1091,1.0,0.000498170149512589,9.999999747378752e-05
1092,1.0,0.0003259493678342551,9.999999747378752e-05
1093,1.0,0.00023198913550004363,9.999999747378752e-05
1094,1.0,0.000417285569710657,9.999999747378752e-05
1095,1.0,0.00024226294772233814,9.999999747378752e-05
1096,1.0,0.0001624446304049343,9.999999747378752e-05
1097,1.0,0.00023419439094141126,9.999999747378752e-05
1098,1.0,0.0003088788071181625,9.999999747378752e-05
1099,1.0,0.00028225191636011004,9.999999747378752e-05
1100,1.0,0.0003407928452361375,9.999999747378752e-05
1101,1.0,0.0006257468485273421,9.999999747378752e-05
1102,1.0,0.00044261114089749753,9.999999747378752e-05
1103,1.0,0.0003491304814815521,9.999999747378752e-05
1104,1.0,0.00031791251967661083,9.999999747378752e-05
1105,1.0,0.00026105952565558255,9.999999747378752e-05
1106,1.0,0.00021138196461834013,9.999999747378752e-05
1107,1.0,0.0002548233314882964,9.999999747378752e-05
1108,1.0,0.0001988988951779902,9.999999747378752e-05
1109,1.0,0.0003044097393285483,9.999999747378752e-05
1110,1.0,0.00022115992032922804,9.999999747378752e-05
1111,1.0,0.0003463112225290388,9.999999747378752e-05
1112,1.0,0.0001993344776565209,9.999999747378752e-05
1113,1.0,0.00016460275219287723,9.999999747378752e-05
1114,1.0,0.0002602743625175208,9.999999747378752e-05
1115,1.0,0.0002932112547568977,9.999999747378752e-05
1116,1.0,0.00025121838552877307,9.999999747378752e-05
1117,1.0,0.00018947559874504805,9.999999747378752e-05
1118,1.0,0.00032057371572591364,9.999999747378752e-05
1119,1.0,0.0002421600220259279,9.999999747378752e-05
1120,1.0,0.0002390667359577492,9.999999747378752e-05
1121,1.0,0.00026918519870378077,9.999999747378752e-05
1122,1.0,0.00026405698736198246,9.999999747378752e-05
1123,1.0,0.00026125909062102437,9.999999747378752e-05
1124,1.0,0.0003702320100273937,9.999999747378752e-05
1125,1.0,0.00017701662727631629,9.999999747378752e-05
1126,1.0,0.000216110740439035,9.999999747378752e-05
1127,1.0,0.00020820385543629527,9.999999747378752e-05
1128,1.0,0.00016116956248879433,9.999999747378752e-05
1129,1.0,0.0004684237064793706,9.999999747378752e-05
1130,1.0,0.00036660433397628367,9.999999747378752e-05
1131,1.0,0.0001613875647308305,9.999999747378752e-05
1132,1.0,0.0001655852101976052,9.999999747378752e-05
1133,1.0,0.00023635136312805116,9.999999747378752e-05
1134,1.0,0.00017368639237247407,9.999999747378752e-05
1135,1.0,0.00016774142568465322,9.999999747378752e-05
1136,1.0,0.00018864245794247836,9.999999747378752e-05
1137,1.0,0.00019142172823194414,9.999999747378752e-05
1138,1.0,0.00033353775506839156,9.999999747378752e-05
1139,1.0,0.00029512657783925533,9.999999747378752e-05
1140,1.0,0.00017410334839951247,9.999999747378752e-05
1141,1.0,0.00023744115605950356,9.999999747378752e-05
1142,1.0,0.0001377876615151763,9.999999747378752e-05
1143,1.0,0.00045088602928444743,9.999999747378752e-05
1144,1.0,0.00028837373247370124,9.999999747378752e-05
1145,1.0,0.00026422302471473813,9.999999747378752e-05
1146,1.0,0.0004981643287464976,9.999999747378752e-05
1147,1.0,0.00027313860482536256,9.999999747378752e-05
1148,1.0,0.0002373894676566124,9.999999747378752e-05
1149,1.0,0.0002670538960956037,9.999999747378752e-05
1150,1.0,0.0002616218407638371,9.999999747378752e-05
1151,1.0,0.00027774821501225233,9.999999747378752e-05
1152,1.0,0.0002585601177997887,9.999999747378752e-05
1153,1.0,0.0002502971328794956,9.999999747378752e-05
1154,1.0,0.00027430098270997405,9.999999747378752e-05
1155,1.0,0.00020584306912496686,9.999999747378752e-05
1156,1.0,0.0007669742917641997,9.999999747378752e-05
1157,1.0,0.000231772952247411,9.999999747378752e-05
1158,1.0,0.00043213809840381145,9.999999747378752e-05
1159,1.0,0.0001951728918356821,9.999999747378752e-05
1160,1.0,0.0002814937324728817,9.999999747378752e-05
1161,1.0,0.0004144854610785842,9.999999747378752e-05
1162,1.0,0.00032749821548350155,9.999999747378752e-05
1163,1.0,0.00018817656382452697,9.999999747378752e-05
1164,1.0,0.00027393264463171363,9.999999747378752e-05
1165,1.0,0.0003844482416752726,9.999999747378752e-05
1166,1.0,0.0007581025129184127,9.999999747378752e-05
1167,1.0,0.0008112441864795983,9.999999747378752e-05
1168,1.0,0.0005268409731797874,9.999999747378752e-05
1169,1.0,0.00023415053146891296,9.999999747378752e-05
1170,1.0,0.000235931554925628,9.999999747378752e-05
1171,1.0,0.00018483505118638277,9.999999747378752e-05
1172,1.0,0.00014016020577400923,9.999999747378752e-05
1173,1.0,0.00023421706282533705,9.999999747378752e-05
1174,1.0,0.00013378118455875665,9.999999747378752e-05
1175,1.0,0.0002504424483049661,9.999999747378752e-05
1176,1.0,0.00044086817069910467,9.999999747378752e-05
1177,1.0,0.0002754505258053541,9.999999747378752e-05
1178,1.0,0.000494413950946182,9.999999747378752e-05
1179,1.0,0.00023924811102915555,9.999999747378752e-05
1180,1.0,0.00018244388047605753,9.999999747378752e-05
1181,1.0,0.00022532852017320693,9.999999747378752e-05
1182,1.0,0.00018689582066144794,9.999999747378752e-05
1183,1.0,0.00014297838788479567,9.999999747378752e-05
1184,1.0,0.00010033477155957371,9.999999747378752e-05
1185,1.0,0.00037381763104349375,9.999999747378752e-05
1186,1.0,0.0007744405302219093,9.999999747378752e-05
1187,1.0,0.0002459629322402179,9.999999747378752e-05
1188,1.0,0.0002684161008801311,9.999999747378752e-05
1189,1.0,0.0003699486260302365,9.999999747378752e-05
1190,1.0,0.0004422249330673367,9.999999747378752e-05
1191,1.0,0.0002120743301929906,9.999999747378752e-05
1192,1.0,0.0002205003402195871,9.999999747378752e-05
1193,1.0,0.0001559438678668812,9.999999747378752e-05
1194,1.0,0.00013477005995810032,9.999999747378752e-05
1195,1.0,0.00045530698844231665,9.999999747378752e-05
1196,1.0,0.0002102531143464148,9.999999747378752e-05
1197,1.0,0.00021708843996748328,9.999999747378752e-05
1198,1.0,0.00019174395129084587,9.999999747378752e-05
1199,1.0,0.0001751560776028782,9.999999747378752e-05
1200,1.0,0.00018949068908113986,9.999999747378752e-05
1201,1.0,0.0002792667655739933,9.999999747378752e-05
1202,1.0,0.00023934192722663283,9.999999747378752e-05
1203,1.0,0.0003847111074719578,9.999999747378752e-05
1204,1.0,0.0002259312168462202,9.999999747378752e-05
1205,1.0,0.0002079320838674903,9.999999747378752e-05
1206,1.0,0.00013834470883011818,9.999999747378752e-05
1207,1.0,0.0001115630439016968,9.999999747378752e-05
1208,1.0,9.690344450064003e-05,9.999999747378752e-05
1209,1.0,0.0001284176396438852,9.999999747378752e-05
1210,1.0,0.00019641178369056433,9.999999747378752e-05
1211,1.0,0.00016964372480288148,9.999999747378752e-05
1212,1.0,0.0001823774364311248,9.999999747378752e-05
1213,1.0,0.00014996586833149195,9.999999747378752e-05
1214,1.0,0.00015737656212877482,9.999999747378752e-05
1215,1.0,0.000240209890762344,9.999999747378752e-05
1216,1.0,0.00015382900892291218,9.999999747378752e-05
1217,1.0,0.0001523064711363986,9.999999747378752e-05
1218,1.0,0.00014583932352252305,9.999999747378752e-05
1219,1.0,0.00022447749506682158,9.999999747378752e-05
1220,1.0,0.0002754892338998616,9.999999747378752e-05
1221,1.0,0.00010184470738749951,9.999999747378752e-05
1222,1.0,0.0001506716653238982,9.999999747378752e-05
1223,1.0,0.000386173342121765,9.999999747378752e-05
1224,1.0,0.0004039969062432647,9.999999747378752e-05
1225,1.0,0.0001914838358061388,9.999999747378752e-05
1226,1.0,0.00026305922074243426,9.999999747378752e-05
1227,1.0,0.00023376038006972522,9.999999747378752e-05
1228,1.0,0.0012320592068135738,9.999999747378752e-05
1229,1.0,0.0014231071108952165,9.999999747378752e-05
1230,1.0,0.0006135691073723137,9.999999747378752e-05
1231,1.0,0.0036207104567438364,9.999999747378752e-05
1232,0.9975000023841858,0.009974164888262749,9.999999747378752e-05
1233,0.9975000023841858,0.009199749678373337,9.999999747378752e-05
1234,1.0,0.0027068937197327614,9.999999747378752e-05
1235,1.0,0.0006950295646674931,9.999999747378752e-05
1236,1.0,0.000396871124394238,9.999999747378752e-05
1237,1.0,0.0014187085907906294,9.999999747378752e-05
1238,1.0,0.0005387060227803886,9.999999747378752e-05
1239,1.0,0.000542307912837714,9.999999747378752e-05
1240,1.0,0.0004756790294777602,9.999999747378752e-05
1241,1.0,0.00032722801552154124,9.999999747378752e-05
1242,1.0,0.0006606020033359528,9.999999747378752e-05
1243,1.0,0.00039150752127170563,9.999999747378752e-05
1244,1.0,0.0002255797735415399,9.999999747378752e-05
1245,1.0,0.00044369950774125755,9.999999747378752e-05
1246,1.0,0.00027025924646295607,9.999999747378752e-05
1247,1.0,0.0002970289206132293,9.999999747378752e-05
1248,1.0,0.00023873327882029116,9.999999747378752e-05
1249,1.0,0.00019357947167009115,9.999999747378752e-05
1250,1.0,0.00035938926157541573,9.999999747378752e-05
1251,1.0,0.00020512181799858809,9.999999747378752e-05
1252,1.0,0.0002546684700064361,9.999999747378752e-05
1253,1.0,0.00032708284561522305,9.999999747378752e-05
1254,1.0,0.0002960014680866152,9.999999747378752e-05
1255,1.0,0.0002850340388249606,9.999999747378752e-05
1256,1.0,0.00022371996601577848,9.999999747378752e-05
1257,1.0,0.00016925722593441606,9.999999747378752e-05
1258,1.0,0.00017786063835956156,9.999999747378752e-05
1259,1.0,0.00014466390712186694,9.999999747378752e-05
1260,1.0,0.00029199980781413615,9.999999747378752e-05
1261,1.0,0.00044152431655675173,9.999999747378752e-05
1262,1.0,0.0001923490926856175,9.999999747378752e-05
1263,1.0,0.00026260604499839246,9.999999747378752e-05
1264,1.0,0.0004417301679495722,9.999999747378752e-05
1265,1.0,0.00016446625522803515,9.999999747378752e-05
1266,1.0,0.00024356585345230997,9.999999747378752e-05
1267,1.0,0.00024060177383944392,9.999999747378752e-05
1268,1.0,0.00026025547413155437,9.999999747378752e-05
1269,1.0,0.00022070134582463652,9.999999747378752e-05
1270,1.0,0.00032904616091400385,9.999999747378752e-05
1271,1.0,0.0002205268683610484,9.999999747378752e-05
1272,1.0,0.00021434793598018587,9.999999747378752e-05
1273,1.0,0.0002765348763205111,9.999999747378752e-05
1274,1.0,0.0001713777455734089,9.999999747378752e-05
1275,1.0,0.00015266091213561594,9.999999747378752e-05
1276,1.0,0.00014222862955648452,9.999999747378752e-05
1277,1.0,0.0002481884730514139,9.999999747378752e-05
1278,1.0,0.0006917512509971857,9.999999747378752e-05
1279,1.0,0.00015737263311166316,9.999999747378752e-05
1280,1.0,0.00022297693067230284,9.999999747378752e-05
1281,1.0,0.00017708692757878453,9.999999747378752e-05
1282,1.0,0.0001941725058713928,9.999999747378752e-05
1283,1.0,0.00043014533002860844,9.999999747378752e-05
1284,1.0,0.0004072719020769,9.999999747378752e-05
1285,1.0,0.00018642295617610216,9.999999747378752e-05
1286,1.0,0.00014358662883751094,9.999999747378752e-05
1287,1.0,0.0001520941441413015,9.999999747378752e-05
1288,1.0,0.00032638185075484216,9.999999747378752e-05
1289,1.0,0.00013498459884431213,9.999999747378752e-05
1290,1.0,0.0001374623825540766,9.999999747378752e-05
1291,1.0,0.00013428837701212615,9.999999747378752e-05
1292,1.0,0.00011666728823911399,9.999999747378752e-05
1293,1.0,9.236024925485253e-05,9.999999747378752e-05
1294,1.0,0.00012025708565488458,9.999999747378752e-05
1295,1.0,0.00015032614464871585,9.999999747378752e-05
1296,1.0,0.00015719616203568876,9.999999747378752e-05
1297,1.0,0.00015942899335641414,9.999999747378752e-05
1298,1.0,0.0002116529067279771,9.999999747378752e-05
1299,1.0,0.00020844954997301102,9.999999747378752e-05
1300,1.0,0.0001904563105199486,9.999999747378752e-05
1301,1.0,0.00010628839663695544,9.999999747378752e-05
1302,1.0,0.0002025759604293853,9.999999747378752e-05
1303,1.0,0.0001287565683014691,9.999999747378752e-05
1304,1.0,0.00012656276521738619,9.999999747378752e-05
1305,1.0,0.00010683825530577451,9.999999747378752e-05
1306,1.0,0.00012729616719298065,9.999999747378752e-05
1307,1.0,0.00010211922926828265,9.999999747378752e-05
1308,1.0,0.00010448513785377145,9.999999747378752e-05
1309,1.0,0.00014719238970428705,9.999999747378752e-05
1310,1.0,0.0001461451902287081,9.999999747378752e-05
1311,1.0,0.00016442254127468914,9.999999747378752e-05
1312,1.0,0.0001278081035707146,9.999999747378752e-05
1313,1.0,0.00014224377810023725,9.999999747378752e-05
1314,1.0,0.000186051256605424,9.999999747378752e-05
1315,1.0,0.00012180132034700364,9.999999747378752e-05
1316,1.0,0.00011853137402795255,9.999999747378752e-05
1317,1.0,9.324419079348445e-05,9.999999747378752e-05
1318,1.0,0.0003971341357100755,9.999999747378752e-05
1319,1.0,0.0002770574647001922,9.999999747378752e-05
1320,1.0,0.00013951639994047582,9.999999747378752e-05
1321,1.0,0.00023848518321756274,9.999999747378752e-05
1322,1.0,0.00016884547949302942,9.999999747378752e-05
1323,1.0,9.461452282266691e-05,9.999999747378752e-05
1324,1.0,0.00044478438212536275,9.999999747378752e-05
1325,1.0,0.00016247047460637987,9.999999747378752e-05
1326,1.0,0.00014181221195030957,9.999999747378752e-05
1327,1.0,0.00015963762416504323,9.999999747378752e-05
1328,1.0,0.001355455839075148,9.999999747378752e-05
1329,1.0,0.00030719576170668006,9.999999747378752e-05
1330,1.0,0.00031205362756736577,9.999999747378752e-05
1331,1.0,0.00013433447747956961,9.999999747378752e-05
1332,1.0,0.0002943682193290442,9.999999747378752e-05
1333,1.0,0.0002059044927591458,9.999999747378752e-05
1334,1.0,0.0002451227337587625,9.999999747378752e-05
1335,1.0,0.00013616698561236262,9.999999747378752e-05
1336,1.0,0.00015290894953068346,9.999999747378752e-05
1337,1.0,0.00020026168203912675,9.999999747378752e-05
1338,1.0,0.00016003372729755938,9.999999747378752e-05
1339,1.0,0.00017419818323105574,9.999999747378752e-05
1340,1.0,0.00015081388119142503,9.999999747378752e-05
1341,1.0,8.914781938074157e-05,9.999999747378752e-05
1342,1.0,0.00013458628382068127,9.999999747378752e-05
1343,1.0,0.00012542172044049948,9.999999747378752e-05
1344,1.0,9.253373718820512e-05,9.999999747378752e-05
1345,1.0,0.0001225051237270236,9.999999747378752e-05
1346,1.0,0.0001512481685495004,9.999999747378752e-05
1347,1.0,0.00017655988631304353,9.999999747378752e-05
1348,1.0,0.0003918654110748321,9.999999747378752e-05
1349,1.0,0.0002114843373419717,9.999999747378752e-05
1350,1.0,0.0001297755225095898,9.999999747378752e-05
1351,1.0,9.245103865396231e-05,9.999999747378752e-05
1352,1.0,0.0007133292383514345,9.999999747378752e-05
1353,1.0,0.00048292672727257013,9.999999747378752e-05
1354,1.0,0.0002453960187267512,9.999999747378752e-05
1355,1.0,0.0001361039321636781,9.999999747378752e-05
1356,1.0,0.00012772959598805755,9.999999747378752e-05
1357,1.0,8.575303218094632e-05,9.999999747378752e-05
1358,1.0,0.00010466549429111183,9.999999747378752e-05
1359,1.0,0.00012164479267084971,9.999999747378752e-05
1360,1.0,0.0001100360241252929,9.999999747378752e-05
1361,1.0,0.00015628252003807575,9.999999747378752e-05
1362,1.0,0.0006103169289417565,9.999999747378752e-05
1363,1.0,0.0007616074290126562,9.999999747378752e-05
1364,1.0,0.0006190210697241127,9.999999747378752e-05
1365,1.0,0.0005371623556129634,9.999999747378752e-05
1366,1.0,0.00036749138962477446,9.999999747378752e-05
1367,1.0,0.0004091126611456275,9.999999747378752e-05
1368,1.0,0.0003054241824429482,9.999999747378752e-05
1369,1.0,0.0001593866036273539,9.999999747378752e-05
1370,1.0,0.0005441493703983724,9.999999747378752e-05
1371,1.0,0.00027971071540378034,9.999999747378752e-05
1372,1.0,0.0001438279141439125,9.999999747378752e-05
1373,1.0,0.00010857408778974786,9.999999747378752e-05
1374,1.0,0.00018081892631016672,9.999999747378752e-05
1375,1.0,0.00013760948786512017,9.999999747378752e-05
1376,1.0,0.00018278583593200892,9.999999747378752e-05
1377,1.0,0.00013226621376816183,9.999999747378752e-05
1378,1.0,0.0002615497796796262,9.999999747378752e-05
1379,1.0,0.00011419325164752081,9.999999747378752e-05
1380,1.0,0.00017305969959124923,9.999999747378752e-05
1381,1.0,0.00011864420957863331,9.999999747378752e-05
1382,1.0,0.00016851152759045362,9.999999747378752e-05
1383,1.0,9.90410553640686e-05,9.999999747378752e-05
1384,1.0,0.00016924287774600089,9.999999747378752e-05
1385,1.0,8.795414032647386e-05,9.999999747378752e-05
1386,1.0,0.0002870186872314662,9.999999747378752e-05
1387,1.0,0.00020810238493140787,9.999999747378752e-05
1388,1.0,9.82395067694597e-05,9.999999747378752e-05
1389,1.0,0.0001310835941694677,9.999999747378752e-05
1390,1.0,8.966874156612903e-05,9.999999747378752e-05
1391,1.0,0.0001032521395245567,9.999999747378752e-05
1392,1.0,0.00011317893950035796,9.999999747378752e-05
1393,1.0,0.0001690695498837158,9.999999747378752e-05
1394,1.0,9.454876999370754e-05,9.999999747378752e-05
1395,1.0,0.00015794743376318365,9.999999747378752e-05
1396,1.0,0.00020640628645196557,9.999999747378752e-05
1397,1.0,0.0001576132490299642,9.999999747378752e-05
1398,1.0,0.00011751356214517727,9.999999747378752e-05
1399,1.0,6.25789980404079e-05,9.999999747378752e-05
1400,1.0,8.911537588573992e-05,9.999999747378752e-05
1401,1.0,0.00011747425742214546,9.999999747378752e-05
1402,1.0,7.920063944766298e-05,9.999999747378752e-05
1403,1.0,7.90375197539106e-05,9.999999747378752e-05
1404,1.0,0.00011839251237688586,9.999999747378752e-05
1405,1.0,0.00017473568732384592,9.999999747378752e-05
1406,1.0,7.189852476585656e-05,9.999999747378752e-05
1407,1.0,7.931039726827294e-05,9.999999747378752e-05
1408,1.0,6.693784234812483e-05,9.999999747378752e-05
1409,1.0,7.134689803933725e-05,9.999999747378752e-05
1410,1.0,7.104951509973034e-05,9.999999747378752e-05
1411,1.0,5.934648652328178e-05,9.999999747378752e-05
1412,1.0,6.227014819160104e-05,9.999999747378752e-05
1413,1.0,0.00011160458234371617,9.999999747378752e-05
1414,1.0,6.483989272965118e-05,9.999999747378752e-05
1415,1.0,6.081819083192386e-05,9.999999747378752e-05
1416,1.0,6.481388845713809e-05,9.999999747378752e-05
1417,1.0,7.660654227947816e-05,9.999999747378752e-05
1418,1.0,0.0001388453529216349,9.999999747378752e-05
1419,1.0,8.260239701485261e-05,9.999999747378752e-05
1420,1.0,0.00021365928114391863,9.999999747378752e-05
1421,1.0,7.622307020938024e-05,9.999999747378752e-05
1422,1.0,7.388679659925401e-05,9.999999747378752e-05
1423,1.0,0.00013490449055097997,9.999999747378752e-05
1424,1.0,7.779407314956188e-05,9.999999747378752e-05
1425,1.0,7.10405147401616e-05,9.999999747378752e-05
1426,1.0,9.432726801605895e-05,9.999999747378752e-05
1427,1.0,6.646627298323438e-05,9.999999747378752e-05
1428,1.0,0.00011213951802346855,9.999999747378752e-05
1429,1.0,0.0001074418323696591,9.999999747378752e-05
1430,1.0,9.321869583800435e-05,9.999999747378752e-05
1431,1.0,0.00012367589806672186,9.999999747378752e-05
1432,1.0,0.00010104287503054366,9.999999747378752e-05
1433,1.0,0.0001345930650131777,9.999999747378752e-05
1434,1.0,6.472007953561842e-05,9.999999747378752e-05
1435,1.0,0.00010109765571542084,9.999999747378752e-05
1436,1.0,0.00014924675633665174,9.999999747378752e-05
1437,1.0,0.0001707855990389362,9.999999747378752e-05
1438,1.0,8.761746721575037e-05,9.999999747378752e-05
1439,1.0,0.0002428320440230891,9.999999747378752e-05
1440,1.0,9.566115477355197e-05,9.999999747378752e-05
1441,1.0,0.00010384847701061517,9.999999747378752e-05
1442,1.0,0.00010554133041296154,9.999999747378752e-05
1443,1.0,0.00013891130220144987,9.999999747378752e-05
1444,1.0,9.80029726633802e-05,9.999999747378752e-05
1445,1.0,6.823893636465073e-05,9.999999747378752e-05
1446,1.0,6.871050572954118e-05,9.999999747378752e-05
1447,1.0,6.759310053894296e-05,9.999999747378752e-05
1448,1.0,9.039755968842655e-05,9.999999747378752e-05
1449,1.0,9.980727918446064e-05,9.999999747378752e-05
1450,1.0,7.002049824222922e-05,9.999999747378752e-05
1451,1.0,8.062326378421858e-05,9.999999747378752e-05
1452,1.0,0.00011916783842025325,9.999999747378752e-05
1453,1.0,9.395012602908537e-05,9.999999747378752e-05
1454,1.0,9.175124432658777e-05,9.999999747378752e-05
1455,1.0,7.330451626330614e-05,9.999999747378752e-05
1456,1.0,7.483246008632705e-05,9.999999747378752e-05
1457,1.0,8.413765317527577e-05,9.999999747378752e-05
1458,1.0,0.00013662585115525872,9.999999747378752e-05
1459,1.0,8.851183520164341e-05,9.999999747378752e-05
1460,1.0,5.936095112701878e-05,9.999999747378752e-05
1461,1.0,8.254949352703989e-05,9.999999747378752e-05
1462,1.0,0.00035777443554252386,9.999999747378752e-05
1463,1.0,0.00016154335753526539,9.999999747378752e-05
1464,1.0,0.00019533660088200122,9.999999747378752e-05
1465,1.0,0.0001397036830894649,9.999999747378752e-05
1466,1.0,7.517826452385634e-05,9.999999747378752e-05
1467,1.0,5.7895063946489245e-05,9.999999747378752e-05
1468,1.0,0.0011050512548536062,9.999999747378752e-05
1469,1.0,0.0011310330592095852,9.999999747378752e-05
1470,1.0,0.00045544386375695467,9.999999747378752e-05
1471,1.0,0.0005438866792246699,9.999999747378752e-05
1472,1.0,0.00042417104123160243,9.999999747378752e-05
1473,1.0,0.0002671986003406346,9.999999747378752e-05
1474,1.0,0.00021491730876732618,9.999999747378752e-05
1475,1.0,0.00014515279326587915,9.999999747378752e-05
1476,1.0,0.00012285001866985112,9.999999747378752e-05
1477,1.0,0.00027577709988690913,9.999999747378752e-05
1478,1.0,0.0006997340824455023,9.999999747378752e-05
1479,1.0,0.0002978917327709496,9.999999747378752e-05
1480,1.0,0.00016398336447309703,9.999999747378752e-05
1481,1.0,0.000107341751572676,9.999999747378752e-05
1482,1.0,0.00011796070612035692,9.999999747378752e-05
1483,1.0,6.904180918354541e-05,9.999999747378752e-05
1484,1.0,0.00011921094846911728,9.999999747378752e-05
1485,1.0,0.0001625896111363545,9.999999747378752e-05
1486,1.0,0.00012636079918593168,9.999999747378752e-05
1487,1.0,7.712271326454356e-05,9.999999747378752e-05
1488,1.0,0.00012001259165117517,9.999999747378752e-05
1489,1.0,0.00010334064427297562,9.999999747378752e-05
1490,1.0,0.0009987514931708574,9.999999747378752e-05
1491,1.0,0.00017653951363172382,9.999999747378752e-05
1492,1.0,0.00016178957594092935,9.999999747378752e-05
1493,1.0,8.989559137262404e-05,9.999999747378752e-05
1494,1.0,0.00011257475853199139,9.999999747378752e-05
1495,1.0,9.413619409315288e-05,9.999999747378752e-05
1496,1.0,0.00011500895925564691,9.999999747378752e-05
1497,1.0,0.0001228686305694282,9.999999747378752e-05
1498,1.0,0.0003647729754447937,9.999999747378752e-05
1499,1.0,0.0001727606577333063,9.999999747378752e-05
1500,1.0,0.0001182143678306602,9.999999747378752e-05
1501,1.0,0.00011669102968880907,9.999999747378752e-05
1502,1.0,0.00016703833534847945,9.999999747378752e-05
1503,1.0,0.00016584851255174726,9.999999747378752e-05
1504,1.0,0.00017360107449349016,9.999999747378752e-05
1505,1.0,0.000119619449833408,9.999999747378752e-05
1506,1.0,6.600435153814033e-05,9.999999747378752e-05
1507,1.0,6.529453094117343e-05,9.999999747378752e-05
1508,1.0,8.635441918158904e-05,9.999999747378752e-05
1509,1.0,9.892608795780689e-05,9.999999747378752e-05
1510,1.0,0.00017331646813545376,9.999999747378752e-05
1511,1.0,0.00012225449609104544,9.999999747378752e-05
1512,1.0,0.00020029973529744893,9.999999747378752e-05
1513,1.0,0.00010784887854242697,9.999999747378752e-05
1514,1.0,0.00010293991363141686,9.999999747378752e-05
1515,1.0,4.712613736046478e-05,9.999999747378752e-05
1516,1.0,0.0005201830063015223,9.999999747378752e-05
1517,0.9975000023841858,0.010402334854006767,9.999999747378752e-05
1518,1.0,0.0044206674210727215,9.999999747378752e-05
1519,1.0,0.0008359945495612919,9.999999747378752e-05
1520,1.0,0.0006212256848812103,9.999999747378752e-05
1521,1.0,0.0005456712679006159,9.999999747378752e-05
1522,1.0,0.00036051389179192483,9.999999747378752e-05
1523,1.0,0.00032010197173804045,9.999999747378752e-05
1524,1.0,0.00025995398755185306,9.999999747378752e-05
1525,1.0,0.0002455856592860073,9.999999747378752e-05
1526,1.0,0.0004562583053484559,9.999999747378752e-05
1527,1.0,0.00023521677940152586,9.999999747378752e-05
1528,1.0,0.00016408352530561388,9.999999747378752e-05
1529,1.0,0.00021945597836747766,9.999999747378752e-05
1530,1.0,0.0001654452207731083,9.999999747378752e-05
1531,1.0,0.00020243045582901686,9.999999747378752e-05
1532,1.0,0.0001863690122263506,9.999999747378752e-05
1533,1.0,0.0003487140347715467,9.999999747378752e-05
1534,1.0,0.00015048748173285276,9.999999747378752e-05
1535,1.0,0.0004853691498283297,9.999999747378752e-05
1536,1.0,0.00018108909716829658,9.999999747378752e-05
1537,1.0,0.00013747945195063949,9.999999747378752e-05
1538,1.0,0.00022195169003680348,9.999999747378752e-05
1539,1.0,0.0001238016557181254,9.999999747378752e-05
1540,1.0,0.00018563924822956324,9.999999747378752e-05
1541,1.0,0.00012833492655772716,9.999999747378752e-05
1542,1.0,0.0003771984193008393,9.999999747378752e-05
1543,1.0,0.0003474365221336484,9.999999747378752e-05
1544,1.0,0.00013598192890640348,9.999999747378752e-05
1545,1.0,0.0001651856437092647,9.999999747378752e-05
1546,1.0,0.00010843485506484285,9.999999747378752e-05
1547,1.0,0.0002996908442582935,9.999999747378752e-05
1548,1.0,0.0001428510877303779,9.999999747378752e-05
1549,1.0,0.00017217073764186352,9.999999747378752e-05
1550,1.0,7.93403378338553e-05,9.999999747378752e-05
1551,1.0,0.0001148271476267837,9.999999747378752e-05
1552,1.0,0.00011373258894309402,9.999999747378752e-05
1553,1.0,5.8185574744129553e-05,9.999999747378752e-05
1554,1.0,0.00018037730478681624,9.999999747378752e-05
1555,1.0,0.0001227442844538018,9.999999747378752e-05
1556,1.0,6.038412902853452e-05,9.999999747378752e-05
1557,1.0,0.000111539447971154,9.999999747378752e-05
1558,1.0,0.00013799653970636427,9.999999747378752e-05
1559,1.0,7.603885751450434e-05,9.999999747378752e-05
1560,1.0,7.886046660132706e-05,9.999999747378752e-05
1561,1.0,9.648595005273819e-05,9.999999747378752e-05
1562,1.0,0.00022244917636271566,9.999999747378752e-05
1563,1.0,0.00012908039207104594,9.999999747378752e-05
1564,1.0,0.00023734429851174355,9.999999747378752e-05
1565,1.0,0.00012114999117329717,9.999999747378752e-05
1566,1.0,0.0001505216641817242,9.999999747378752e-05
1567,1.0,8.202828757930547e-05,9.999999747378752e-05
1568,1.0,7.08907246007584e-05,9.999999747378752e-05
1569,1.0,0.00010878066677832976,9.999999747378752e-05
1570,1.0,0.00012074060941813514,9.999999747378752e-05
1571,1.0,0.00011169022036483511,9.999999747378752e-05
1572,1.0,7.48633683542721e-05,9.999999747378752e-05
1573,1.0,0.00016187914297915995,9.999999747378752e-05
1574,1.0,7.111531886039302e-05,9.999999747378752e-05
1575,1.0,7.3016453825403e-05,9.999999747378752e-05
1576,1.0,8.293164137285203e-05,9.999999747378752e-05
1577,1.0,0.00010033673606812954,9.999999747378752e-05
1578,1.0,9.740557288751006e-05,9.999999747378752e-05
1579,1.0,6.86351049807854e-05,9.999999747378752e-05
1580,1.0,0.0001604943972779438,9.999999747378752e-05
1581,1.0,6.657302583334967e-05,9.999999747378752e-05
1582,1.0,0.00010205309808952734,9.999999747378752e-05
1583,1.0,9.885369945550337e-05,9.999999747378752e-05
1584,1.0,8.641609019832686e-05,9.999999747378752e-05
1585,1.0,0.00014041768736205995,9.999999747378752e-05
1586,1.0,8.293498103739694e-05,9.999999747378752e-05
1587,1.0,5.696193329640664e-05,9.999999747378752e-05
1588,1.0,0.00032255833502858877,9.999999747378752e-05
1589,1.0,0.00033335297484882176,9.999999747378752e-05
1590,1.0,0.00017080194083973765,9.999999747378752e-05
1591,1.0,5.6788678193697706e-05,9.999999747378752e-05
1592,1.0,0.00014276770525611937,9.999999747378752e-05
1593,1.0,0.00011973546497756615,9.999999747378752e-05
1594,1.0,9.397313260706142e-05,9.999999747378752e-05
1595,1.0,9.73810747382231e-05,9.999999747378752e-05
1596,1.0,0.00010741184814833105,9.999999747378752e-05
1597,1.0,0.00039076211396604776,9.999999747378752e-05
1598,1.0,0.00028608812135644257,9.999999747378752e-05
1599,1.0,0.0002082887658616528,9.999999747378752e-05
1600,1.0,0.00018621115304995328,9.999999747378752e-05
1601,1.0,0.00010081387881655246,9.999999747378752e-05
1602,1.0,9.039652650244534e-05,9.999999747378752e-05
1603,1.0,0.0001397995074512437,9.999999747378752e-05
1604,1.0,0.0002483799762558192,9.999999747378752e-05
1605,1.0,0.00017768031102605164,9.999999747378752e-05
1606,1.0,9.056890121428296e-05,9.999999747378752e-05
1607,1.0,8.963044092524797e-05,9.999999747378752e-05
1608,1.0,5.130045974510722e-05,9.999999747378752e-05
1609,1.0,8.550375059712678e-05,9.999999747378752e-05
1610,1.0,3.758358070626855e-05,9.999999747378752e-05
1611,1.0,6.786522862967104e-05,9.999999747378752e-05
1612,1.0,6.730546738253906e-05,9.999999747378752e-05
1613,1.0,5.449929813039489e-05,9.999999747378752e-05
1614,1.0,5.2860475989291444e-05,9.999999747378752e-05
1615,1.0,6.162546924315393e-05,9.999999747378752e-05
1616,1.0,7.181096589192748e-05,9.999999747378752e-05
1617,1.0,8.377791527891532e-05,9.999999747378752e-05
1618,1.0,6.073495023883879e-05,9.999999747378752e-05
1619,1.0,7.980733789736405e-05,9.999999747378752e-05
1620,1.0,3.9582238969160244e-05,9.999999747378752e-05
1621,1.0,4.80063863506075e-05,9.999999747378752e-05
1622,1.0,0.00014946199371479452,9.999999747378752e-05
1623,1.0,8.196914859581739e-05,9.999999747378752e-05
1624,1.0,5.609349682345055e-05,9.999999747378752e-05
1625,1.0,7.662799180252478e-05,9.999999747378752e-05
1626,1.0,5.225210770731792e-05,9.999999747378752e-05
1627,1.0,5.734879960073158e-05,9.999999747378752e-05
1628,1.0,5.303438592818566e-05,9.999999747378752e-05
1629,1.0,0.00019820481247734278,9.999999747378752e-05
1630,1.0,0.00016236187366303056,9.999999747378752e-05
1631,1.0,0.0001047317564371042,9.999999747378752e-05
1632,1.0,6.927360664121807e-05,9.999999747378752e-05
1633,1.0,6.440564175136387e-05,9.999999747378752e-05
1634,1.0,7.041238859528676e-05,9.999999747378752e-05
1635,1.0,4.782609539688565e-05,9.999999747378752e-05
1636,1.0,7.291325891856104e-05,9.999999747378752e-05
1637,1.0,8.770954445935786e-05,9.999999747378752e-05
1638,1.0,6.181174103403464e-05,9.999999747378752e-05
1639,1.0,8.015476487344131e-05,9.999999747378752e-05
1640,1.0,5.580863944487646e-05,9.999999747378752e-05
1641,1.0,0.00010426132212160155,9.999999747378752e-05
1642,1.0,6.048826617188752e-05,9.999999747378752e-05
1643,1.0,8.530223567504436e-05,9.999999747378752e-05
1644,1.0,5.8797151723410934e-05,9.999999747378752e-05
1645,1.0,4.9934391427086666e-05,9.999999747378752e-05
1646,1.0,6.402810686267912e-05,9.999999747378752e-05
1647,1.0,8.175645780283958e-05,9.999999747378752e-05
1648,1.0,4.3822416046168655e-05,9.999999747378752e-05
1649,1.0,5.480056643136777e-05,9.999999747378752e-05
1650,1.0,4.245634045219049e-05,9.999999747378752e-05
1651,1.0,6.357698293868452e-05,9.999999747378752e-05
1652,1.0,8.473551861243322e-05,9.999999747378752e-05
1653,1.0,9.982130723074079e-05,9.999999747378752e-05
1654,1.0,4.7993282350944355e-05,9.999999747378752e-05
1655,1.0,8.67999842739664e-05,9.999999747378752e-05
1656,1.0,7.056621689116582e-05,9.999999747378752e-05
1657,1.0,3.816432217718102e-05,9.999999747378752e-05
1658,1.0,4.39017458120361e-05,9.999999747378752e-05
1659,1.0,5.5843134759925306e-05,9.999999747378752e-05
1660,1.0,0.0006917357677593827,9.999999747378752e-05
1661,0.9950000047683716,0.007054988294839859,9.999999747378752e-05
1662,1.0,0.004935706965625286,9.999999747378752e-05
1663,0.9975000023841858,0.0033508941996842623,9.999999747378752e-05
1664,1.0,0.0014238652074709535,9.999999747378752e-05
1665,1.0,0.0009696753113530576,9.999999747378752e-05
1666,1.0,0.00022897947928868234,9.999999747378752e-05
1667,1.0,0.00046547941747121513,9.999999747378752e-05
1668,1.0,0.00030155116110108793,9.999999747378752e-05
1669,1.0,0.00024270037829410285,9.999999747378752e-05
1670,1.0,0.00012195295857964084,9.999999747378752e-05
1671,1.0,0.00014563786680810153,9.999999747378752e-05
1672,1.0,0.0002484819560777396,9.999999747378752e-05
1673,1.0,0.0003649442223832011,9.999999747378752e-05
1674,1.0,7.773961260681972e-05,9.999999747378752e-05
1675,1.0,0.0001972856989596039,9.999999747378752e-05
1676,1.0,0.00013718809350393713,9.999999747378752e-05
1677,1.0,0.00015862108557485044,9.999999747378752e-05
1678,1.0,0.0002587201597634703,9.999999747378752e-05
1679,1.0,0.0005915490910410881,9.999999747378752e-05
1680,1.0,0.00018961142632178962,9.999999747378752e-05
1681,1.0,0.0005714829312637448,9.999999747378752e-05
1682,1.0,0.0001329427323071286,9.999999747378752e-05
1683,1.0,0.00011118178372271359,9.999999747378752e-05
1684,1.0,0.0001943702227436006,9.999999747378752e-05
1685,1.0,0.00012073612015228719,9.999999747378752e-05
1686,1.0,0.00017213626415468752,9.999999747378752e-05
1687,1.0,0.00014924326387699693,9.999999747378752e-05
1688,1.0,0.00015354706556536257,9.999999747378752e-05
1689,1.0,7.819940219633281e-05,9.999999747378752e-05
1690,1.0,9.693204629002139e-05,9.999999747378752e-05
1691,1.0,9.568740642862394e-05,9.999999747378752e-05
1692,1.0,0.00016286784375552088,9.999999747378752e-05
1693,1.0,0.0001729246723698452,9.999999747378752e-05
1694,1.0,9.627740655560046e-05,9.999999747378752e-05
1695,1.0,0.0015302055981010199,9.999999747378752e-05
1696,1.0,0.0015608356334269047,9.999999747378752e-05
1697,1.0,0.0008186482009477913,9.999999747378752e-05
1698,1.0,0.0001537533535156399,9.999999747378752e-05
1699,1.0,0.00021232444851193577,9.999999747378752e-05
1700,1.0,0.00039448231109417975,9.999999747378752e-05
1701,1.0,0.000136774659040384,9.999999747378752e-05
1702,1.0,0.00011161411384819075,9.999999747378752e-05
1703,1.0,0.00019579428771976382,9.999999747378752e-05
1704,1.0,0.00010572462633717805,9.999999747378752e-05
1705,1.0,0.00039018341340124607,9.999999747378752e-05
1706,1.0,0.00017053222109097987,9.999999747378752e-05
1707,1.0,0.0004084355023223907,9.999999747378752e-05
1708,1.0,0.00018000468844547868,9.999999747378752e-05
1709,1.0,0.0001298290299018845,9.999999747378752e-05
1710,1.0,8.140064892359078e-05,9.999999747378752e-05
1711,1.0,8.503182471031323e-05,9.999999747378752e-05
1712,1.0,8.463810081593692e-05,9.999999747378752e-05
1713,1.0,7.785162597429007e-05,9.999999747378752e-05
1714,1.0,6.575234874617308e-05,9.999999747378752e-05
1715,1.0,7.216408266685903e-05,9.999999747378752e-05
1716,1.0,7.621711847605184e-05,9.999999747378752e-05
1717,1.0,0.00018116660066880286,9.999999747378752e-05
1718,1.0,7.056018512230366e-05,9.999999747378752e-05
1719,1.0,0.00015105670900084078,9.999999747378752e-05
1720,1.0,9.345261059934273e-05,9.999999747378752e-05
1721,1.0,7.834302232367918e-05,9.999999747378752e-05
1722,1.0,0.00010844376811292022,9.999999747378752e-05
1723,1.0,8.880849782144651e-05,9.999999747378752e-05
1724,1.0,7.598865340696648e-05,9.999999747378752e-05
1725,1.0,9.828955080593005e-05,9.999999747378752e-05
1726,1.0,7.905837992439047e-05,9.999999747378752e-05
1727,1.0,6.118506280472502e-05,9.999999747378752e-05
1728,1.0,9.708483412396163e-05,9.999999747378752e-05
1729,1.0,9.617925388738513e-05,9.999999747378752e-05
1730,1.0,0.00010447891691001132,9.999999747378752e-05
1731,1.0,9.92846762528643e-05,9.999999747378752e-05
1732,1.0,7.179148815339431e-05,9.999999747378752e-05
1733,1.0,0.00010863702482311055,9.999999747378752e-05
1734,1.0,7.090307190082967e-05,9.999999747378752e-05
1735,1.0,5.256580334389582e-05,9.999999747378752e-05
1736,1.0,0.00011144562449771911,9.999999747378752e-05
1737,1.0,8.90962837729603e-05,9.999999747378752e-05
1738,1.0,6.760790711268783e-05,9.999999747378752e-05
1739,1.0,6.850165664218366e-05,9.999999747378752e-05
1740,1.0,5.517825047718361e-05,9.999999747378752e-05
1741,1.0,6.165602098917589e-05,9.999999747378752e-05
1742,1.0,5.3217681852402166e-05,9.999999747378752e-05
1743,1.0,6.556828157044947e-05,9.999999747378752e-05
1744,1.0,4.2531275539658964e-05,9.999999747378752e-05
1745,1.0,7.456437742803246e-05,9.999999747378752e-05
1746,1.0,7.18783849151805e-05,9.999999747378752e-05
1747,1.0,7.792448013788089e-05,9.999999747378752e-05
1748,1.0,8.370543946512043e-05,9.999999747378752e-05
1749,1.0,7.459568587364629e-05,9.999999747378752e-05
1750,1.0,8.305810479214415e-05,9.999999747378752e-05
1751,1.0,6.553563434863463e-05,9.999999747378752e-05
1752,1.0,0.00014190009096637368,9.999999747378752e-05
1753,1.0,9.521964966552332e-05,9.999999747378752e-05
1754,1.0,8.923431596485898e-05,9.999999747378752e-05
1755,1.0,5.8728590374812484e-05,9.999999747378752e-05
1756,1.0,0.0003390196361579001,9.999999747378752e-05
1757,1.0,0.00021610507974401116,9.999999747378752e-05
1758,1.0,7.865599036449566e-05,9.999999747378752e-05
1759,1.0,7.407098746625707e-05,9.999999747378752e-05
1760,1.0,5.2617586334235966e-05,9.999999747378752e-05
1761,1.0,9.878544369712472e-05,9.999999747378752e-05
1762,1.0,6.462111923610792e-05,9.999999747378752e-05
1763,1.0,3.890894731739536e-05,9.999999747378752e-05
1764,1.0,7.110615115379915e-05,9.999999747378752e-05
1765,1.0,6.703266990371048e-05,9.999999747378752e-05
1766,1.0,7.755553087918088e-05,9.999999747378752e-05
1767,1.0,7.555164484074339e-05,9.999999747378752e-05
1768,1.0,5.0052829465130344e-05,9.999999747378752e-05
1769,1.0,7.493935845559463e-05,9.999999747378752e-05
1770,1.0,6.509615195682272e-05,9.999999747378752e-05
1771,1.0,7.273776282090694e-05,9.999999747378752e-05
1772,1.0,5.356442488846369e-05,9.999999747378752e-05
1773,1.0,6.669650611001998e-05,9.999999747378752e-05
1774,1.0,7.519932114519179e-05,9.999999747378752e-05
1775,1.0,8.318509935634211e-05,9.999999747378752e-05
1776,1.0,7.817504956619814e-05,9.999999747378752e-05
1777,1.0,7.35165158403106e-05,9.999999747378752e-05
1778,1.0,8.493776113027707e-05,9.999999747378752e-05
1779,1.0,0.00010306667536497116,9.999999747378752e-05
1780,1.0,6.543761264765635e-05,9.999999747378752e-05
1781,1.0,4.9775364459492266e-05,9.999999747378752e-05
1782,1.0,0.000198317677131854,9.999999747378752e-05
1783,1.0,0.00013819531886838377,9.999999747378752e-05
1784,1.0,7.921981887193397e-05,9.999999747378752e-05
1785,1.0,6.28799680271186e-05,9.999999747378752e-05
1786,1.0,6.378853868227452e-05,9.999999747378752e-05
1787,1.0,3.562458368833177e-05,9.999999747378752e-05
1788,1.0,7.024731166893616e-05,9.999999747378752e-05
1789,1.0,6.268692231969908e-05,9.999999747378752e-05
1790,1.0,3.152439967379905e-05,9.999999747378752e-05
1791,1.0,0.00030880660051479936,9.999999747378752e-05
1792,1.0,0.0003780723491217941,9.999999747378752e-05
1793,1.0,0.0007116033229976892,9.999999747378752e-05
1794,1.0,0.00024923367891460657,9.999999747378752e-05
1795,1.0,0.00014706855290569365,9.999999747378752e-05
1796,1.0,0.00013697502436116338,9.999999747378752e-05
1797,1.0,7.667676254641265e-05,9.999999747378752e-05
1798,1.0,0.00013351878442335874,9.999999747378752e-05
1799,1.0,7.090851431712508e-05,9.999999747378752e-05
1800,1.0,0.000161450618179515,9.999999747378752e-05
1801,1.0,7.06618811818771e-05,9.999999747378752e-05
1802,1.0,0.00010847266821656376,9.999999747378752e-05
1803,1.0,0.00013042123464401811,9.999999747378752e-05
1804,1.0,5.7277669839095324e-05,9.999999747378752e-05
1805,1.0,0.00023049593437463045,9.999999747378752e-05
1806,1.0,6.966506771277636e-05,9.999999747378752e-05
1807,1.0,9.244326793123037e-05,9.999999747378752e-05
1808,1.0,7.122803071979433e-05,9.999999747378752e-05
1809,1.0,0.00016821899043861777,9.999999747378752e-05
1810,1.0,0.0001773720287019387,9.999999747378752e-05
1811,1.0,6.704743282170966e-05,9.999999747378752e-05
1812,1.0,8.119791891658679e-05,9.999999747378752e-05
1813,1.0,7.483404624508694e-05,9.999999747378752e-05
1814,1.0,9.465613402426243e-05,9.999999747378752e-05
1815,1.0,4.921191793982871e-05,9.999999747378752e-05
1816,1.0,4.325903864810243e-05,9.999999747378752e-05
1817,1.0,6.78093419992365e-05,9.999999747378752e-05
1818,1.0,5.826263077324256e-05,9.999999747378752e-05
1819,1.0,7.660672417841852e-05,9.999999747378752e-05
1820,1.0,3.2592251955065876e-05,9.999999747378752e-05
1821,1.0,3.722770998138003e-05,9.999999747378752e-05
1822,1.0,6.654089520452544e-05,9.999999747378752e-05
1823,1.0,4.341603198554367e-05,9.999999747378752e-05
1824,1.0,4.4485492253443226e-05,9.999999747378752e-05
1825,1.0,0.00017924499115906656,9.999999747378752e-05
1826,1.0,7.928930426714942e-05,9.999999747378752e-05
1827,1.0,7.315802213270217e-05,9.999999747378752e-05
1828,1.0,4.3381649447837844e-05,9.999999747378752e-05
1829,1.0,3.6903995351167396e-05,9.999999747378752e-05
1830,1.0,4.4066393456887454e-05,9.999999747378752e-05
1831,1.0,0.00013052651775069535,9.999999747378752e-05
1832,1.0,6.586967356270179e-05,9.999999747378752e-05
1833,1.0,0.00016441188927274197,9.999999747378752e-05
1834,1.0,4.58763497590553e-05,9.999999747378752e-05
1835,1.0,3.683873001136817e-05,9.999999747378752e-05
1836,1.0,5.85728048463352e-05,9.999999747378752e-05
1837,1.0,3.952879342250526e-05,9.999999747378752e-05
1838,1.0,4.4349410018185154e-05,9.999999747378752e-05
1839,1.0,5.7404035032959655e-05,9.999999747378752e-05
1840,1.0,4.382804036140442e-05,9.999999747378752e-05
1841,1.0,3.6455887311603874e-05,9.999999747378752e-05
1842,1.0,4.040309795527719e-05,9.999999747378752e-05
1843,1.0,5.003686965210363e-05,9.999999747378752e-05
1844,1.0,6.329469033516943e-05,9.999999747378752e-05
1845,1.0,5.801878432976082e-05,9.999999747378752e-05
1846,1.0,0.000139082403620705,9.999999747378752e-05
1847,1.0,4.256115425960161e-05,9.999999747378752e-05
1848,1.0,9.754937491379678e-05,9.999999747378752e-05
1849,1.0,0.00081184710143134,9.999999747378752e-05
1850,1.0,0.00010118028876604512,9.999999747378752e-05
1851,1.0,6.382642459357157e-05,9.999999747378752e-05
1852,1.0,0.00019273905490990728,9.999999747378752e-05
1853,1.0,0.00012841500574722886,9.999999747378752e-05
1854,1.0,8.153688395395875e-05,9.999999747378752e-05
1855,1.0,0.0001240944111486897,9.999999747378752e-05
1856,1.0,5.469367897603661e-05,9.999999747378752e-05
1857,1.0,5.074905857327394e-05,9.999999747378752e-05
1858,1.0,0.00018064858159050345,9.999999747378752e-05
1859,1.0,0.00015162168710958213,9.999999747378752e-05
1860,1.0,0.0005763699882663786,9.999999747378752e-05
1861,1.0,0.0006370890769176185,9.999999747378752e-05
1862,1.0,0.00011098194227088243,9.999999747378752e-05
1863,1.0,0.0001695343671599403,9.999999747378752e-05
1864,1.0,6.590486009372398e-05,9.999999747378752e-05
1865,1.0,0.00010094295430462807,9.999999747378752e-05
1866,1.0,5.236740980762988e-05,9.999999747378752e-05
1867,1.0,9.346257866127416e-05,9.999999747378752e-05
1868,1.0,8.904260903364047e-05,9.999999747378752e-05
1869,1.0,0.000362932012649253,9.999999747378752e-05
1870,1.0,0.00010192835907218978,9.999999747378752e-05
1871,1.0,8.60353175085038e-05,9.999999747378752e-05
1872,1.0,8.688095840625465e-05,9.999999747378752e-05
1873,1.0,4.957621786161326e-05,9.999999747378752e-05
1874,1.0,5.9857426094822586e-05,9.999999747378752e-05
1875,1.0,5.2341591072035953e-05,9.999999747378752e-05
1876,1.0,4.481428914004937e-05,9.999999747378752e-05
1877,1.0,0.00010030210250988603,9.999999747378752e-05
1878,1.0,4.567924770526588e-05,9.999999747378752e-05
1879,1.0,3.144434958812781e-05,9.999999747378752e-05
1880,1.0,5.738816980738193e-05,9.999999747378752e-05
1881,1.0,0.00012103361950721592,9.999999747378752e-05
1882,1.0,7.678711699554697e-05,9.999999747378752e-05
1883,1.0,0.00010049043339677155,9.999999747378752e-05
1884,1.0,8.387486741412431e-05,9.999999747378752e-05
1885,1.0,4.472577347769402e-05,9.999999747378752e-05
1886,1.0,4.453591463970952e-05,9.999999747378752e-05
1887,1.0,3.495323471724987e-05,9.999999747378752e-05
1888,1.0,4.242466820869595e-05,9.999999747378752e-05
1889,1.0,7.165480201365426e-05,9.999999747378752e-05
1890,1.0,6.2892388086766e-05,9.999999747378752e-05
1891,1.0,4.183310011285357e-05,9.999999747378752e-05
1892,1.0,7.655441004317254e-05,9.999999747378752e-05
1893,1.0,6.199826748343185e-05,9.999999747378752e-05
1894,1.0,0.0001499081263318658,9.999999747378752e-05
1895,1.0,3.702033427543938e-05,9.999999747378752e-05
1896,1.0,5.3046282118884847e-05,9.999999747378752e-05
1897,1.0,3.452032251516357e-05,9.999999747378752e-05
1898,1.0,2.938379839179106e-05,9.999999747378752e-05
1899,1.0,2.5126391847152263e-05,9.999999747378752e-05
1900,1.0,6.154725997475907e-05,9.999999747378752e-05
1901,1.0,3.4875109122367576e-05,9.999999747378752e-05
1902,1.0,3.8094352930784225e-05,9.999999747378752e-05
1903,1.0,9.485348709858954e-05,9.999999747378752e-05
1904,1.0,5.5040669394657016e-05,9.999999747378752e-05
1905,1.0,2.6831188733922318e-05,9.999999747378752e-05
1906,1.0,2.6346377126174048e-05,9.999999747378752e-05
1907,1.0,7.57740781409666e-05,9.999999747378752e-05
1908,1.0,4.787899524671957e-05,9.999999747378752e-05
1909,1.0,4.386805449030362e-05,9.999999747378752e-05
1910,1.0,0.00018829993496183306,9.999999747378752e-05
1911,1.0,0.00010634134378051385,9.999999747378752e-05
1912,1.0,8.684083877597004e-05,9.999999747378752e-05
1913,1.0,0.00010115678742295131,9.999999747378752e-05
1914,1.0,3.064213888137601e-05,9.999999747378752e-05
1915,1.0,4.617803278961219e-05,9.999999747378752e-05
1916,1.0,0.00014376742183230817,9.999999747378752e-05
1917,1.0,6.160528573673218e-05,9.999999747378752e-05
1918,1.0,4.552325117401779e-05,9.999999747378752e-05
1919,1.0,6.543818744830787e-05,9.999999747378752e-05
1920,1.0,3.384185038157739e-05,9.999999747378752e-05
1921,1.0,4.8469752073287964e-05,9.999999747378752e-05
1922,1.0,3.0549032089766115e-05,9.999999747378752e-05
1923,1.0,4.3329098843969405e-05,9.999999747378752e-05
1924,1.0,4.226197779644281e-05,9.999999747378752e-05
1925,1.0,2.91108572127996e-05,9.999999747378752e-05
1926,1.0,3.7304685974959284e-05,9.999999747378752e-05
1927,1.0,6.651275180047378e-05,9.999999747378752e-05
1928,1.0,2.4368204321945086e-05,9.999999747378752e-05
1929,1.0,6.772588676540181e-05,9.999999747378752e-05
1930,1.0,4.585206988849677e-05,9.999999747378752e-05
1931,1.0,7.08553779986687e-05,9.999999747378752e-05
1932,1.0,5.7815370382741094e-05,9.999999747378752e-05
1933,1.0,7.587741856696084e-05,9.999999747378752e-05
1934,1.0,3.390692290849984e-05,9.999999747378752e-05
1935,1.0,5.888312080060132e-05,9.999999747378752e-05
1936,1.0,4.632119453162886e-05,9.999999747378752e-05
1937,1.0,5.460707325255498e-05,9.999999747378752e-05
1938,1.0,0.00010551307059358805,9.999999747378752e-05
1939,1.0,4.720477227238007e-05,9.999999747378752e-05
1940,1.0,3.0326573323691264e-05,9.999999747378752e-05
1941,1.0,4.3446008930914104e-05,9.999999747378752e-05
1942,1.0,4.010252814623527e-05,9.999999747378752e-05
1943,1.0,5.406547279562801e-05,9.999999747378752e-05
1944,1.0,6.473896792158484e-05,9.999999747378752e-05
1945,1.0,3.575360824470408e-05,9.999999747378752e-05
1946,1.0,4.1803414205787703e-05,9.999999747378752e-05
1947,1.0,7.568014552816749e-05,9.999999747378752e-05
1948,1.0,5.357660847948864e-05,9.999999747378752e-05
1949,1.0,6.444037717301399e-05,9.999999747378752e-05
1950,1.0,3.0947969207772985e-05,9.999999747378752e-05
1951,1.0,3.8083220715634525e-05,9.999999747378752e-05
1952,1.0,5.074881482869387e-05,9.999999747378752e-05
1953,1.0,0.00030953981331549585,9.999999747378752e-05
1954,1.0,0.00012058604625053704,9.999999747378752e-05
1955,1.0,6.972472328925505e-05,9.999999747378752e-05
1956,1.0,4.4067553972126916e-05,9.999999747378752e-05
1957,1.0,8.813737804302946e-05,9.999999747378752e-05
1958,1.0,5.243698615231551e-05,9.999999747378752e-05
1959,1.0,5.2234325266908854e-05,9.999999747378752e-05
1960,1.0,0.00014109125186223537,9.999999747378752e-05
1961,1.0,6.0948688769713044e-05,9.999999747378752e-05
1962,1.0,0.00011371550499461591,9.999999747378752e-05
1963,1.0,5.527644316316582e-05,9.999999747378752e-05
1964,1.0,2.5949166229111142e-05,9.999999747378752e-05
1965,1.0,2.683344791876152e-05,9.999999747378752e-05
1966,1.0,2.1645442757289857e-05,9.999999747378752e-05
1967,1.0,3.532122718752362e-05,9.999999747378752e-05
1968,1.0,4.634979268303141e-05,9.999999747378752e-05
1969,1.0,4.90659149363637e-05,9.999999747378752e-05
1970,1.0,4.156365685048513e-05,9.999999747378752e-05
1971,1.0,2.9539589377236553e-05,9.999999747378752e-05
1972,1.0,3.661752998596057e-05,9.999999747378752e-05
1973,1.0,2.679973840713501e-05,9.999999747378752e-05
1974,1.0,3.541624028002843e-05,9.999999747378752e-05
1975,1.0,2.7913411031477153e-05,9.999999747378752e-05
1976,1.0,1.665891795710195e-05,9.999999747378752e-05
1977,1.0,2.5220782845281065e-05,9.999999747378752e-05
1978,1.0,4.4659143895842135e-05,9.999999747378752e-05
1979,1.0,3.3322743547614664e-05,9.999999747378752e-05
1980,1.0,0.00010743678285507485,9.999999747378752e-05
1981,1.0,4.807679579243995e-05,9.999999747378752e-05
1982,1.0,0.0001247589971171692,9.999999747378752e-05
1983,1.0,3.789230322581716e-05,9.999999747378752e-05
1984,1.0,2.6938108931062743e-05,9.999999747378752e-05
1985,1.0,3.406079486012459e-05,9.999999747378752e-05
1986,1.0,3.980269320891239e-05,9.999999747378752e-05
1987,1.0,3.475429548416287e-05,9.999999747378752e-05
1988,1.0,7.298494892893359e-05,9.999999747378752e-05
1989,1.0,0.00023889943258836865,9.999999747378752e-05
1990,1.0,0.0011595241958275437,9.999999747378752e-05
1991,1.0,0.0034612908493727446,9.999999747378752e-05
1992,1.0,0.0014904998242855072,9.999999747378752e-05
1993,1.0,0.0004473438602872193,9.999999747378752e-05
1994,1.0,0.0001712475932436064,9.999999747378752e-05
1995,1.0,0.0003507079090923071,9.999999747378752e-05
1996,1.0,0.00024877890245988965,9.999999747378752e-05
1997,1.0,0.00010361973545514047,9.999999747378752e-05
1998,1.0,6.858753476990387e-05,9.999999747378752e-05
1999,1.0,0.00020596622198354453,9.999999747378752e-05
