,categorical_accuracy,loss,learning_rate
0,0.5808823704719543,0.6573817133903503,0.0010000000474974513
1,0.6176470518112183,0.6254082322120667,0.0010000000474974513
2,0.6323529481887817,0.5947508811950684,0.0010000000474974513
3,0.6838235259056091,0.5869689583778381,0.0010000000474974513
4,0.654411792755127,0.5990146398544312,0.0010000000474974513
5,0.6397058963775635,0.5851284861564636,0.0010000000474974513
6,0.7132353186607361,0.5532011389732361,0.0010000000474974513
7,0.6764705777168274,0.5629107356071472,0.0010000000474974513
8,0.7352941036224365,0.5279255509376526,0.0010000000474974513
9,0.7058823704719543,0.5360617637634277,0.0010000000474974513
10,0.7352941036224365,0.48855388164520264,0.0010000000474974513
11,0.8235294222831726,0.4563688039779663,0.0010000000474974513
12,0.8014705777168274,0.4405612349510193,0.0010000000474974513
13,0.8602941036224365,0.4189669191837311,0.0010000000474974513
14,0.7867646813392639,0.45905426144599915,0.0010000000474974513
15,0.8014705777168274,0.46453627943992615,0.0010000000474974513
16,0.875,0.36622926592826843,0.0010000000474974513
17,0.8602941036224365,0.3472464978694916,0.0010000000474974513
18,0.9264705777168274,0.34227123856544495,0.0010000000474974513
19,0.8308823704719543,0.40098845958709717,0.0010000000474974513
20,0.8529411554336548,0.35968026518821716,0.0010000000474974513
21,0.8529411554336548,0.41668152809143066,0.0010000000474974513
22,0.8014705777168274,0.40648844838142395,0.0010000000474974513
23,0.8235294222831726,0.39843273162841797,0.0010000000474974513
24,0.8161764740943909,0.4273817837238312,0.0010000000474974513
25,0.9117646813392639,0.3357541561126709,0.0010000000474974513
26,0.9338235259056091,0.3052513301372528,0.0010000000474974513
27,0.9338235259056091,0.28834009170532227,0.0010000000474974513
28,0.904411792755127,0.2921712398529053,0.0010000000474974513
29,0.9117646813392639,0.3091912269592285,0.0010000000474974513
30,0.8970588445663452,0.2826910614967346,0.0010000000474974513
31,0.9338235259056091,0.23769880831241608,0.0010000000474974513
32,0.9191176295280457,0.2603940963745117,0.0010000000474974513
33,0.904411792755127,0.2829427123069763,0.0010000000474974513
34,0.904411792755127,0.27892354130744934,0.0010000000474974513
35,0.8676470518112183,0.32015666365623474,0.0010000000474974513
36,0.875,0.29921337962150574,0.0010000000474974513
37,0.9558823704719543,0.21034902334213257,0.0010000000474974513
38,0.970588207244873,0.17574571073055267,0.0010000000474974513
39,0.970588207244873,0.15367820858955383,0.0010000000474974513
40,0.9411764740943909,0.19831836223602295,0.0010000000474974513
41,0.875,0.3400849997997284,0.0010000000474974513
42,0.9264705777168274,0.23130567371845245,0.0010000000474974513
43,0.8897058963775635,0.25534266233444214,0.0010000000474974513
44,0.8382353186607361,0.31014248728752136,0.0010000000474974513
45,0.9117646813392639,0.25072285532951355,0.0010000000474974513
46,0.9632353186607361,0.1712360382080078,0.0010000000474974513
47,0.9411764740943909,0.21065226197242737,0.0010000000474974513
48,0.9558823704719543,0.15987533330917358,0.0010000000474974513
49,0.9852941036224365,0.11591129750013351,0.0010000000474974513
50,0.9926470518112183,0.09017977863550186,0.0010000000474974513
51,0.9558823704719543,0.15598450601100922,0.0010000000474974513
52,0.9852941036224365,0.15915240347385406,0.0010000000474974513
53,0.9411764740943909,0.13015182316303253,0.0010000000474974513
54,0.9779411554336548,0.12358185648918152,0.0010000000474974513
55,0.9338235259056091,0.18963608145713806,0.0010000000474974513
56,0.875,0.26894664764404297,0.0010000000474974513
57,0.8970588445663452,0.22383317351341248,0.0010000000474974513
58,0.9264705777168274,0.20964139699935913,0.0010000000474974513
59,0.9338235259056091,0.1705399751663208,0.0010000000474974513
60,0.9632353186607361,0.13837845623493195,0.0010000000474974513
61,0.9485294222831726,0.1521976739168167,0.0010000000474974513
62,0.9632353186607361,0.13827958703041077,0.0010000000474974513
63,0.9852941036224365,0.08474902808666229,0.0010000000474974513
64,0.9558823704719543,0.15634381771087646,0.0010000000474974513
65,0.9117646813392639,0.19801636040210724,0.0010000000474974513
66,0.9632353186607361,0.16223925352096558,0.0010000000474974513
67,0.9852941036224365,0.09631434082984924,0.0010000000474974513
68,0.9852941036224365,0.08635764569044113,0.0010000000474974513
69,0.9779411554336548,0.11262378841638565,0.0010000000474974513
70,0.9632353186607361,0.10324683040380478,0.0010000000474974513
71,1.0,0.08242710679769516,0.0010000000474974513
72,0.9779411554336548,0.0810818299651146,0.0010000000474974513
73,0.9852941036224365,0.08034560084342957,0.0010000000474974513
74,1.0,0.06354745477437973,0.0010000000474974513
75,0.9852941036224365,0.07303375005722046,0.0010000000474974513
76,0.9779411554336548,0.08334887027740479,0.0010000000474974513
77,0.9779411554336548,0.07812574505805969,0.0010000000474974513
78,0.9779411554336548,0.07976984232664108,0.0010000000474974513
79,0.9926470518112183,0.06859639286994934,0.0010000000474974513
80,1.0,0.062327202409505844,0.0010000000474974513
81,0.9485294222831726,0.17285066843032837,0.0010000000474974513
82,0.9264705777168274,0.1760616898536682,0.0010000000474974513
83,0.8308823704719543,0.33831989765167236,0.0010000000474974513
84,0.9338235259056091,0.21458905935287476,0.0010000000474974513
85,0.9558823704719543,0.17469878494739532,0.0010000000474974513
86,0.9779411554336548,0.13281118869781494,0.0010000000474974513
87,0.9926470518112183,0.10976822674274445,0.0010000000474974513
88,0.9558823704719543,0.11445993185043335,0.0010000000474974513
89,0.9779411554336548,0.10036971420049667,0.0010000000474974513
90,0.9338235259056091,0.15307630598545074,0.0010000000474974513
91,0.9485294222831726,0.16311781108379364,0.0010000000474974513
92,0.970588207244873,0.11207956075668335,0.0010000000474974513
93,0.9779411554336548,0.09620646387338638,0.0010000000474974513
94,0.9779411554336548,0.10820265859365463,0.0010000000474974513
95,0.9558823704719543,0.1290675848722458,0.0010000000474974513
96,0.9338235259056091,0.17957313358783722,0.0010000000474974513
97,0.9558823704719543,0.10486713796854019,0.0010000000474974513
98,0.970588207244873,0.09270670264959335,0.0010000000474974513
99,0.9852941036224365,0.0769878625869751,0.0010000000474974513
100,0.970588207244873,0.10825444757938385,0.0010000000474974513
101,1.0,0.05539923533797264,0.0010000000474974513
102,0.9779411554336548,0.09867041558027267,0.0010000000474974513
103,0.9779411554336548,0.08703964948654175,0.0010000000474974513
104,0.9926470518112183,0.084100142121315,0.0010000000474974513
105,0.9852941036224365,0.06679416447877884,0.0010000000474974513
106,0.9852941036224365,0.054251160472631454,0.0010000000474974513
107,0.9411764740943909,0.10767991095781326,0.0010000000474974513
108,0.9852941036224365,0.08369427174329758,0.0010000000474974513
109,0.9117646813392639,0.18879655003547668,0.0010000000474974513
110,0.9632353186607361,0.10100123286247253,0.0010000000474974513
111,0.9926470518112183,0.057189393788576126,0.0010000000474974513
112,0.9411764740943909,0.12111889570951462,0.0010000000474974513
113,0.9558823704719543,0.12596333026885986,0.0010000000474974513
114,1.0,0.08026479929685593,0.0010000000474974513
115,0.9779411554336548,0.07855946570634842,0.0010000000474974513
116,0.9558823704719543,0.14385487139225006,0.0010000000474974513
117,0.9485294222831726,0.13418231904506683,0.0010000000474974513
118,0.970588207244873,0.12337815016508102,0.0010000000474974513
119,0.9485294222831726,0.11262696981430054,0.0010000000474974513
120,0.9779411554336548,0.09934572130441666,0.0010000000474974513
121,0.9779411554336548,0.10363311320543289,0.0010000000474974513
122,0.9926470518112183,0.05148986726999283,0.0010000000474974513
123,0.9779411554336548,0.08449967950582504,0.0010000000474974513
124,0.9852941036224365,0.07039263099431992,0.0010000000474974513
125,0.970588207244873,0.06373637914657593,0.0010000000474974513
126,0.970588207244873,0.07330480962991714,0.0010000000474974513
127,1.0,0.0435490757226944,0.0010000000474974513
128,1.0,0.04762309789657593,0.0010000000474974513
129,0.9926470518112183,0.04086656495928764,0.0010000000474974513
130,0.9779411554336548,0.07382196933031082,0.0010000000474974513
131,0.9852941036224365,0.05879058688879013,0.0010000000474974513
132,0.9632353186607361,0.0897040069103241,0.0010000000474974513
133,0.970588207244873,0.08996272087097168,0.0010000000474974513
134,0.9779411554336548,0.08193819969892502,0.0010000000474974513
135,0.9852941036224365,0.06353157758712769,0.0010000000474974513
136,0.9852941036224365,0.0914393737912178,0.0010000000474974513
137,0.9632353186607361,0.09540463984012604,0.0010000000474974513
138,0.9852941036224365,0.06907202303409576,0.0010000000474974513
139,0.9632353186607361,0.0862031802535057,0.0010000000474974513
140,0.9926470518112183,0.04493841901421547,0.0010000000474974513
141,0.9852941036224365,0.07564570009708405,0.0010000000474974513
142,0.9926470518112183,0.04357720538973808,0.0010000000474974513
143,0.9926470518112183,0.0556429959833622,0.0010000000474974513
144,0.9779411554336548,0.07752976566553116,0.0010000000474974513
145,0.9191176295280457,0.1911209374666214,0.0010000000474974513
146,0.9558823704719543,0.1529211848974228,0.0010000000474974513
147,0.9926470518112183,0.08669716119766235,0.0010000000474974513
148,0.9779411554336548,0.08804495632648468,0.0010000000474974513
149,0.9926470518112183,0.04368190839886665,0.0010000000474974513
150,0.9852941036224365,0.06703001260757446,0.0010000000474974513
151,0.9926470518112183,0.03948131203651428,0.0010000000474974513
152,0.9264705777168274,0.12010439485311508,0.0010000000474974513
153,0.9852941036224365,0.07363981008529663,0.0010000000474974513
154,0.9852941036224365,0.07934635132551193,0.0010000000474974513
155,0.9779411554336548,0.0625462681055069,0.0010000000474974513
156,0.9926470518112183,0.053511857986450195,0.0010000000474974513
157,0.9779411554336548,0.06604795902967453,0.0010000000474974513
158,0.9852941036224365,0.07466951012611389,0.0010000000474974513
159,1.0,0.0380336157977581,0.0010000000474974513
160,0.9191176295280457,0.16186705231666565,0.0010000000474974513
161,0.9852941036224365,0.07011818140745163,0.0010000000474974513
162,0.970588207244873,0.10657575726509094,0.0010000000474974513
163,0.9852941036224365,0.04898861423134804,0.0010000000474974513
164,0.9926470518112183,0.050365742295980453,0.0010000000474974513
165,0.9264705777168274,0.1553782969713211,0.0010000000474974513
166,0.9852941036224365,0.08902053534984589,0.0010000000474974513
167,0.9852941036224365,0.09101931005716324,0.0010000000474974513
168,1.0,0.04152972251176834,0.0010000000474974513
169,0.9558823704719543,0.1203952506184578,0.0010000000474974513
170,0.9779411554336548,0.07722575217485428,0.0010000000474974513
171,0.9779411554336548,0.06223258376121521,0.0010000000474974513
172,0.9852941036224365,0.040400631725788116,0.0010000000474974513
173,1.0,0.020271645858883858,0.0010000000474974513
174,0.970588207244873,0.06676797568798065,0.0010000000474974513
175,0.9926470518112183,0.057774659246206284,0.0010000000474974513
176,0.9852941036224365,0.0554451085627079,0.0010000000474974513
177,0.9926470518112183,0.04570616036653519,0.0010000000474974513
178,1.0,0.037457339465618134,0.0010000000474974513
179,0.9926470518112183,0.020730983465909958,0.0010000000474974513
180,1.0,0.03310145437717438,0.0010000000474974513
181,0.9926470518112183,0.035836394876241684,0.0010000000474974513
182,0.8676470518112183,0.22598324716091156,0.0010000000474974513
183,0.9191176295280457,0.17849887907505035,0.0010000000474974513
184,0.9558823704719543,0.11601724475622177,0.0010000000474974513
185,0.904411792755127,0.200935959815979,0.0010000000474974513
186,0.8897058963775635,0.2534312605857849,0.0010000000474974513
187,0.8897058963775635,0.2371288239955902,0.0010000000474974513
188,0.970588207244873,0.15492737293243408,0.0010000000474974513
189,0.9852941036224365,0.10457247495651245,0.0010000000474974513
190,0.9779411554336548,0.091171994805336,0.0010000000474974513
191,0.9926470518112183,0.04696115851402283,0.0010000000474974513
192,1.0,0.027312742546200752,0.0010000000474974513
193,0.970588207244873,0.07543281465768814,0.0010000000474974513
194,0.970588207244873,0.07909499108791351,0.0010000000474974513
195,0.970588207244873,0.09848768264055252,0.0010000000474974513
196,0.9632353186607361,0.10113876312971115,0.0010000000474974513
197,0.9852941036224365,0.07615082710981369,0.0010000000474974513
198,0.9926470518112183,0.045000359416007996,0.0010000000474974513
199,0.9852941036224365,0.04590441286563873,0.0010000000474974513
200,1.0,0.016766415908932686,0.0010000000474974513
201,1.0,0.024523679167032242,0.0010000000474974513
202,0.9779411554336548,0.061153531074523926,0.0010000000474974513
203,1.0,0.025890527293086052,0.0010000000474974513
204,1.0,0.024730734527111053,0.0010000000474974513
205,0.9852941036224365,0.034539565443992615,0.0010000000474974513
206,0.9926470518112183,0.030603699386119843,0.0010000000474974513
207,0.9779411554336548,0.07348718494176865,0.0010000000474974513
208,1.0,0.02175557054579258,0.0010000000474974513
209,1.0,0.024367285892367363,0.0010000000474974513
210,0.9926470518112183,0.05503223091363907,0.0010000000474974513
211,1.0,0.01879141852259636,0.0010000000474974513
212,0.9852941036224365,0.03655503690242767,0.0010000000474974513
213,1.0,0.02661481499671936,0.0010000000474974513
214,0.9926470518112183,0.04789525270462036,0.0010000000474974513
215,0.9852941036224365,0.052869949489831924,0.0010000000474974513
216,0.9779411554336548,0.07589799165725708,0.0010000000474974513
217,1.0,0.04422547668218613,0.0010000000474974513
218,0.9852941036224365,0.048488862812519073,0.0010000000474974513
219,1.0,0.03069695271551609,0.0010000000474974513
220,0.970588207244873,0.08313585817813873,0.0010000000474974513
221,0.9926470518112183,0.055008113384246826,0.0010000000474974513
222,0.9926470518112183,0.0628972053527832,0.0010000000474974513
223,0.9852941036224365,0.06474360078573227,0.0010000000474974513
224,0.845588207244873,0.3705267906188965,0.0010000000474974513
225,0.8897058963775635,0.24936513602733612,0.0010000000474974513
226,0.970588207244873,0.12906144559383392,0.0010000000474974513
227,0.9926470518112183,0.059646058827638626,0.0010000000474974513
228,0.9779411554336548,0.06536789238452911,0.0010000000474974513
229,0.9779411554336548,0.05833316594362259,0.0010000000474974513
230,0.9852941036224365,0.06784436106681824,0.0010000000474974513
231,0.9926470518112183,0.05223633348941803,0.0010000000474974513
232,0.9926470518112183,0.06304177641868591,0.0010000000474974513
233,0.9852941036224365,0.04572030529379845,0.0010000000474974513
234,0.9926470518112183,0.03518449142575264,0.0010000000474974513
235,0.970588207244873,0.11961080133914948,0.0010000000474974513
236,0.970588207244873,0.11541976779699326,0.0010000000474974513
237,0.9632353186607361,0.08921587467193604,0.0010000000474974513
238,0.9926470518112183,0.054772477596998215,0.0010000000474974513
239,0.9852941036224365,0.058696214109659195,0.0010000000474974513
240,1.0,0.03805634751915932,0.0010000000474974513
241,1.0,0.04169022664427757,0.0010000000474974513
242,0.9926470518112183,0.027567042037844658,0.0010000000474974513
243,0.9779411554336548,0.0488833449780941,0.0010000000474974513
244,0.9852941036224365,0.09126148372888565,0.0010000000474974513
245,0.9926470518112183,0.04998214542865753,0.0010000000474974513
246,0.9926470518112183,0.03436250239610672,0.0010000000474974513
247,0.9926470518112183,0.04304623603820801,0.0010000000474974513
248,0.9852941036224365,0.04418517276644707,0.0010000000474974513
249,0.970588207244873,0.06171606481075287,0.0010000000474974513
250,1.0,0.029645320028066635,0.0010000000474974513
251,1.0,0.011506380513310432,0.0005000000237487257
252,0.9852941036224365,0.05528919771313667,0.0005000000237487257
253,1.0,0.0191779974848032,0.0005000000237487257
254,1.0,0.0157218836247921,0.0005000000237487257
255,0.9926470518112183,0.028112607076764107,0.0005000000237487257
256,1.0,0.017885517328977585,0.0005000000237487257
257,1.0,0.017750710248947144,0.0005000000237487257
258,1.0,0.01341232005506754,0.0005000000237487257
259,1.0,0.015656162053346634,0.0005000000237487257
260,1.0,0.012203671038150787,0.0005000000237487257
261,1.0,0.009202154353260994,0.0005000000237487257
262,1.0,0.00820130668580532,0.0005000000237487257
263,1.0,0.008995942771434784,0.0005000000237487257
264,1.0,0.013789176009595394,0.0005000000237487257
265,1.0,0.010533936321735382,0.0005000000237487257
266,1.0,0.0147484065964818,0.0005000000237487257
267,1.0,0.022180777043104172,0.0005000000237487257
268,1.0,0.018740113824605942,0.0005000000237487257
269,1.0,0.016666844487190247,0.0005000000237487257
270,1.0,0.017929887399077415,0.0005000000237487257
271,1.0,0.030369779095053673,0.0005000000237487257
272,0.9926470518112183,0.01663278229534626,0.0005000000237487257
273,0.9852941036224365,0.036669690161943436,0.0005000000237487257
274,0.9779411554336548,0.03987053409218788,0.0005000000237487257
275,0.9926470518112183,0.042545996606349945,0.0005000000237487257
276,1.0,0.018395189195871353,0.0005000000237487257
277,0.9926470518112183,0.03922644257545471,0.0005000000237487257
278,0.9852941036224365,0.035503000020980835,0.0005000000237487257
279,1.0,0.014446553774178028,0.0005000000237487257
280,1.0,0.024200256913900375,0.0005000000237487257
281,0.9926470518112183,0.027968570590019226,0.0005000000237487257
282,0.9926470518112183,0.02691955678164959,0.0005000000237487257
283,1.0,0.01921919733285904,0.0005000000237487257
284,1.0,0.015151460655033588,0.0005000000237487257
285,1.0,0.010794242843985558,0.0005000000237487257
286,1.0,0.008063767105340958,0.0005000000237487257
287,0.9926470518112183,0.03656971454620361,0.0005000000237487257
288,1.0,0.009951751679182053,0.0005000000237487257
289,1.0,0.009661328047513962,0.0005000000237487257
290,0.9926470518112183,0.027741722762584686,0.0005000000237487257
291,1.0,0.023879865184426308,0.0005000000237487257
292,1.0,0.01579856127500534,0.0005000000237487257
293,0.9852941036224365,0.045912906527519226,0.0005000000237487257
294,1.0,0.02705424651503563,0.0005000000237487257
295,1.0,0.01762164756655693,0.0005000000237487257
296,1.0,0.005633522756397724,0.0005000000237487257
297,1.0,0.014223108068108559,0.0005000000237487257
298,1.0,0.009789643809199333,0.0005000000237487257
299,1.0,0.007389903999865055,0.0005000000237487257
300,1.0,0.005219851154834032,0.0005000000237487257
301,1.0,0.008764811791479588,0.0005000000237487257
302,1.0,0.018128948286175728,0.0005000000237487257
303,1.0,0.017216306179761887,0.0005000000237487257
304,1.0,0.004854755941778421,0.0005000000237487257
305,1.0,0.004874501843005419,0.0005000000237487257
306,1.0,0.028734151273965836,0.0005000000237487257
307,1.0,0.012697734870016575,0.0005000000237487257
308,1.0,0.006362559739500284,0.0005000000237487257
309,1.0,0.012499664910137653,0.0005000000237487257
310,1.0,0.0046778530813753605,0.0005000000237487257
311,1.0,0.007905181497335434,0.0005000000237487257
312,1.0,0.005291372071951628,0.0005000000237487257
313,1.0,0.013690674677491188,0.0005000000237487257
314,1.0,0.008878770284354687,0.0005000000237487257
315,0.9852941036224365,0.025169245898723602,0.0005000000237487257
316,0.9926470518112183,0.031979650259017944,0.0005000000237487257
317,1.0,0.02012765407562256,0.0005000000237487257
318,0.9926470518112183,0.03774202615022659,0.0005000000237487257
319,0.9852941036224365,0.052876923233270645,0.0005000000237487257
320,1.0,0.020419247448444366,0.0005000000237487257
321,1.0,0.012793176807463169,0.0005000000237487257
322,0.9926470518112183,0.02963346242904663,0.0005000000237487257
323,1.0,0.005100873298943043,0.0005000000237487257
324,1.0,0.005950503516942263,0.0005000000237487257
325,1.0,0.010145630687475204,0.0005000000237487257
326,1.0,0.006947764195501804,0.0005000000237487257
327,1.0,0.004864213988184929,0.0005000000237487257
328,1.0,0.016009921208024025,0.0005000000237487257
329,1.0,0.006220575887709856,0.0005000000237487257
330,1.0,0.009846435859799385,0.0005000000237487257
331,1.0,0.002926795044913888,0.0005000000237487257
332,1.0,0.006011545192450285,0.0005000000237487257
333,1.0,0.003951923921704292,0.0005000000237487257
334,1.0,0.002905440516769886,0.0005000000237487257
335,1.0,0.003465175163000822,0.0005000000237487257
336,0.9779411554336548,0.04430457949638367,0.0005000000237487257
337,0.9852941036224365,0.06846205145120621,0.0005000000237487257
338,1.0,0.01991203986108303,0.0005000000237487257
339,0.9779411554336548,0.030215701088309288,0.0005000000237487257
340,0.9779411554336548,0.04190815985202789,0.0005000000237487257
341,0.970588207244873,0.07554054260253906,0.0005000000237487257
342,0.9558823704719543,0.09130271524190903,0.0005000000237487257
343,1.0,0.028654737398028374,0.0005000000237487257
344,0.970588207244873,0.06460892409086227,0.0005000000237487257
345,1.0,0.04266834631562233,0.0005000000237487257
346,1.0,0.017945948988199234,0.0005000000237487257
347,1.0,0.017401954159140587,0.0005000000237487257
348,1.0,0.009659906849265099,0.0005000000237487257
349,0.9926470518112183,0.01542570348829031,0.0005000000237487257
350,1.0,0.013777613639831543,0.0005000000237487257
351,1.0,0.008719317615032196,0.0005000000237487257
352,1.0,0.011188618838787079,0.0005000000237487257
353,0.9779411554336548,0.03794290870428085,0.0005000000237487257
354,0.9852941036224365,0.04147209972143173,0.0005000000237487257
355,0.9852941036224365,0.056332264095544815,0.0005000000237487257
356,0.970588207244873,0.07651270925998688,0.0005000000237487257
357,0.9852941036224365,0.04577147215604782,0.0005000000237487257
358,0.9926470518112183,0.03399290889501572,0.0005000000237487257
359,1.0,0.02691575326025486,0.0005000000237487257
360,1.0,0.029188081622123718,0.0005000000237487257
361,0.9926470518112183,0.03482614830136299,0.0005000000237487257
362,0.9926470518112183,0.031300343573093414,0.0005000000237487257
363,1.0,0.018611719831824303,0.0005000000237487257
364,1.0,0.011851942166686058,0.0005000000237487257
365,1.0,0.018386006355285645,0.0005000000237487257
366,1.0,0.013381446711719036,0.0005000000237487257
367,1.0,0.01502445712685585,0.0005000000237487257
368,0.9926470518112183,0.02612248994410038,0.0005000000237487257
369,0.9852941036224365,0.03376436233520508,0.0005000000237487257
370,0.9926470518112183,0.0374612957239151,0.0005000000237487257
371,1.0,0.017200034111738205,0.0005000000237487257
372,0.9779411554336548,0.060575757175683975,0.0005000000237487257
373,1.0,0.010987662710249424,0.0005000000237487257
374,0.9852941036224365,0.04472119361162186,0.0005000000237487257
375,0.9852941036224365,0.029444623738527298,0.0005000000237487257
376,1.0,0.01782909780740738,0.0005000000237487257
377,1.0,0.005044182762503624,0.0005000000237487257
378,1.0,0.008311647921800613,0.0005000000237487257
379,1.0,0.004317304585129023,0.0005000000237487257
380,1.0,0.009267042391002178,0.0005000000237487257
381,1.0,0.006230014842003584,0.0005000000237487257
382,1.0,0.004821260459721088,0.0002500000118743628
383,1.0,0.00607361551374197,0.0002500000118743628
384,1.0,0.00725559052079916,0.0002500000118743628
385,1.0,0.00999549962580204,0.0002500000118743628
386,1.0,0.004383567720651627,0.0002500000118743628
387,1.0,0.005813573952764273,0.0002500000118743628
388,1.0,0.005495077930390835,0.0002500000118743628
389,1.0,0.011065422557294369,0.0002500000118743628
390,1.0,0.0042662848718464375,0.0002500000118743628
391,1.0,0.005235954187810421,0.0002500000118743628
392,1.0,0.0035237299744039774,0.0002500000118743628
393,1.0,0.0022634873166680336,0.0002500000118743628
394,1.0,0.0039001742843538523,0.0002500000118743628
395,1.0,0.004445272032171488,0.0002500000118743628
396,1.0,0.006250259932130575,0.0002500000118743628
397,1.0,0.009049608372151852,0.0002500000118743628
398,1.0,0.016266483813524246,0.0002500000118743628
399,1.0,0.007722858339548111,0.0002500000118743628
400,0.9852941036224365,0.024827437475323677,0.0002500000118743628
401,0.9852941036224365,0.029948219656944275,0.0002500000118743628
402,0.9852941036224365,0.03510955721139908,0.0002500000118743628
403,1.0,0.01670425944030285,0.0002500000118743628
404,1.0,0.0164943840354681,0.0002500000118743628
405,1.0,0.004972212947905064,0.0002500000118743628
406,1.0,0.010409836657345295,0.0002500000118743628
407,1.0,0.004251714795827866,0.0002500000118743628
408,1.0,0.006700559519231319,0.0002500000118743628
409,1.0,0.013497740030288696,0.0002500000118743628
410,1.0,0.0055377366952598095,0.0002500000118743628
411,0.9852941036224365,0.0421174056828022,0.0002500000118743628
412,1.0,0.013526041060686111,0.0002500000118743628
413,0.9926470518112183,0.017613938078284264,0.0002500000118743628
414,1.0,0.010965812020003796,0.0002500000118743628
415,1.0,0.007680310867726803,0.0002500000118743628
416,0.9852941036224365,0.05925799906253815,0.0002500000118743628
417,1.0,0.015609937720000744,0.0002500000118743628
418,1.0,0.015445616096258163,0.0002500000118743628
419,1.0,0.009025021456182003,0.0002500000118743628
420,1.0,0.005214294884353876,0.0002500000118743628
421,1.0,0.004704837221652269,0.0002500000118743628
422,0.9852941036224365,0.022693946957588196,0.0002500000118743628
423,1.0,0.007586363703012466,0.0002500000118743628
424,1.0,0.012101610191166401,0.0002500000118743628
425,1.0,0.0104799410328269,0.0002500000118743628
426,1.0,0.009299456141889095,0.0002500000118743628
427,1.0,0.009849049150943756,0.0002500000118743628
428,1.0,0.008975996635854244,0.0002500000118743628
429,1.0,0.004315905272960663,0.0002500000118743628
430,1.0,0.003359855618327856,0.0002500000118743628
431,1.0,0.009326405823230743,0.0002500000118743628
432,1.0,0.00360050774179399,0.0002500000118743628
433,1.0,0.009662526659667492,0.0002500000118743628
434,1.0,0.0031704569701105356,0.0002500000118743628
435,1.0,0.003383404342457652,0.0002500000118743628
436,1.0,0.009083646349608898,0.0002500000118743628
437,1.0,0.008531270548701286,0.0002500000118743628
438,1.0,0.008682669140398502,0.0002500000118743628
439,1.0,0.0063660950399935246,0.0002500000118743628
440,1.0,0.0051551819778978825,0.0002500000118743628
441,1.0,0.005971604026854038,0.0002500000118743628
442,1.0,0.008999044075608253,0.0002500000118743628
443,0.9926470518112183,0.02844584733247757,0.0002500000118743628
444,0.9852941036224365,0.03601721301674843,0.0001250000059371814
445,1.0,0.01727256178855896,0.0001250000059371814
446,1.0,0.012373058125376701,0.0001250000059371814
447,1.0,0.011204834096133709,0.0001250000059371814
448,1.0,0.011637439951300621,0.0001250000059371814
449,1.0,0.012282201088964939,0.0001250000059371814
450,1.0,0.017733396962285042,0.0001250000059371814
451,1.0,0.01080326922237873,0.0001250000059371814
452,1.0,0.004632084630429745,0.0001250000059371814
453,0.9926470518112183,0.015343298204243183,0.0001250000059371814
454,1.0,0.013232815079391003,0.0001250000059371814
455,1.0,0.004821354988962412,0.0001250000059371814
456,1.0,0.0064254384487867355,0.0001250000059371814
457,1.0,0.0087988106533885,0.0001250000059371814
458,1.0,0.005400492809712887,0.0001250000059371814
459,1.0,0.004461630713194609,0.0001250000059371814
460,1.0,0.0068332781083881855,0.0001250000059371814
461,1.0,0.009781153872609138,0.0001250000059371814
462,1.0,0.0023167661856859922,0.0001250000059371814
463,1.0,0.0030848023016005754,0.0001250000059371814
464,1.0,0.004426519386470318,0.0001250000059371814
465,1.0,0.013953445479273796,0.0001250000059371814
466,1.0,0.005371613893657923,0.0001250000059371814
467,1.0,0.003970332443714142,0.0001250000059371814
468,1.0,0.012700271792709827,0.0001250000059371814
469,1.0,0.006648879963904619,0.0001250000059371814
470,1.0,0.023825187236070633,0.0001250000059371814
471,1.0,0.007407609838992357,0.0001250000059371814
472,1.0,0.007163021247833967,0.0001250000059371814
473,1.0,0.0035112854093313217,0.0001250000059371814
474,1.0,0.0053895870223641396,0.0001250000059371814
475,1.0,0.005410009995102882,0.0001250000059371814
476,1.0,0.010207626968622208,0.0001250000059371814
477,1.0,0.008726219646632671,0.0001250000059371814
478,1.0,0.009630300104618073,0.0001250000059371814
479,1.0,0.00597680639475584,0.0001250000059371814
480,0.9926470518112183,0.01993490755558014,0.0001250000059371814
481,1.0,0.005416146945208311,0.0001250000059371814
482,1.0,0.012075550854206085,0.0001250000059371814
483,1.0,0.01221153698861599,0.0001250000059371814
484,1.0,0.00795504916459322,0.0001250000059371814
485,1.0,0.006018809508532286,0.0001250000059371814
486,1.0,0.007339815143495798,0.0001250000059371814
487,1.0,0.00413704477250576,0.0001250000059371814
488,1.0,0.007272143382579088,0.0001250000059371814
489,1.0,0.008295225910842419,0.0001250000059371814
490,0.9926470518112183,0.01860094629228115,0.0001250000059371814
491,1.0,0.00589793361723423,0.0001250000059371814
492,1.0,0.013789325952529907,0.0001250000059371814
493,1.0,0.009875722229480743,0.0001250000059371814
494,1.0,0.0032131101470440626,9.999999747378752e-05
495,1.0,0.009417906403541565,9.999999747378752e-05
496,1.0,0.006542568560689688,9.999999747378752e-05
497,1.0,0.0016351892845705152,9.999999747378752e-05
498,0.9926470518112183,0.015033827163279057,9.999999747378752e-05
499,1.0,0.009559405036270618,9.999999747378752e-05
500,1.0,0.003914758563041687,9.999999747378752e-05
501,1.0,0.0031868263613432646,9.999999747378752e-05
502,1.0,0.004115825053304434,9.999999747378752e-05
503,1.0,0.010060213506221771,9.999999747378752e-05
504,1.0,0.0034406534396111965,9.999999747378752e-05
505,1.0,0.0019518682966008782,9.999999747378752e-05
506,1.0,0.00927041843533516,9.999999747378752e-05
507,1.0,0.006224452052265406,9.999999747378752e-05
508,1.0,0.004865952301770449,9.999999747378752e-05
509,1.0,0.004786351695656776,9.999999747378752e-05
510,1.0,0.0029665250331163406,9.999999747378752e-05
511,1.0,0.0081569142639637,9.999999747378752e-05
512,0.9779411554336548,0.051254693418741226,9.999999747378752e-05
513,1.0,0.005939345341175795,9.999999747378752e-05
514,1.0,0.01325153186917305,9.999999747378752e-05
515,1.0,0.003777465783059597,9.999999747378752e-05
516,1.0,0.002017698483541608,9.999999747378752e-05
517,1.0,0.003454127348959446,9.999999747378752e-05
518,1.0,0.00509509164839983,9.999999747378752e-05
519,1.0,0.006000194698572159,9.999999747378752e-05
520,1.0,0.0029056912753731012,9.999999747378752e-05
521,1.0,0.005892898887395859,9.999999747378752e-05
522,1.0,0.007070019841194153,9.999999747378752e-05
523,1.0,0.003472306067124009,9.999999747378752e-05
524,1.0,0.004215148277580738,9.999999747378752e-05
525,1.0,0.002101789927110076,9.999999747378752e-05
526,1.0,0.004499827511608601,9.999999747378752e-05
527,1.0,0.0031224600970745087,9.999999747378752e-05
528,1.0,0.002438985276967287,9.999999747378752e-05
529,1.0,0.002984374761581421,9.999999747378752e-05
530,1.0,0.008213363587856293,9.999999747378752e-05
531,1.0,0.0030032985378056765,9.999999747378752e-05
532,0.9852941036224365,0.024369487538933754,9.999999747378752e-05
533,1.0,0.0067930640652775764,9.999999747378752e-05
534,1.0,0.009464615024626255,9.999999747378752e-05
535,1.0,0.007616575341671705,9.999999747378752e-05
536,1.0,0.003966234158724546,9.999999747378752e-05
537,1.0,0.019913412630558014,9.999999747378752e-05
538,1.0,0.0071793412789702415,9.999999747378752e-05
539,1.0,0.004915816709399223,9.999999747378752e-05
540,1.0,0.005027732811868191,9.999999747378752e-05
541,1.0,0.007920664735138416,9.999999747378752e-05
542,1.0,0.004493365529924631,9.999999747378752e-05
543,1.0,0.004829540383070707,9.999999747378752e-05
544,1.0,0.0025048423558473587,9.999999747378752e-05
545,1.0,0.0029022207017987967,9.999999747378752e-05
546,1.0,0.0022061506751924753,9.999999747378752e-05
547,1.0,0.00288531556725502,9.999999747378752e-05
548,1.0,0.002464733086526394,9.999999747378752e-05
549,1.0,0.0035965635906904936,9.999999747378752e-05
550,1.0,0.002280155196785927,9.999999747378752e-05
551,1.0,0.0035056902561336756,9.999999747378752e-05
552,1.0,0.002015070989727974,9.999999747378752e-05
553,1.0,0.0038512463215738535,9.999999747378752e-05
554,1.0,0.0020575616508722305,9.999999747378752e-05
555,1.0,0.0025400537997484207,9.999999747378752e-05
556,1.0,0.002677912125363946,9.999999747378752e-05
557,1.0,0.003918149508535862,9.999999747378752e-05
558,1.0,0.006850158795714378,9.999999747378752e-05
559,1.0,0.008802552707493305,9.999999747378752e-05
560,1.0,0.002425123704597354,9.999999747378752e-05
561,1.0,0.004689008463174105,9.999999747378752e-05
562,1.0,0.0036869083996862173,9.999999747378752e-05
563,1.0,0.002762274816632271,9.999999747378752e-05
564,1.0,0.0036176268476992846,9.999999747378752e-05
565,1.0,0.0027821457479149103,9.999999747378752e-05
566,1.0,0.01049757469445467,9.999999747378752e-05
567,1.0,0.0034170085564255714,9.999999747378752e-05
568,1.0,0.003547653090208769,9.999999747378752e-05
569,1.0,0.00528703024610877,9.999999747378752e-05
570,1.0,0.00157258752733469,9.999999747378752e-05
571,1.0,0.007480225991457701,9.999999747378752e-05
572,1.0,0.002809517551213503,9.999999747378752e-05
573,1.0,0.0029991832561790943,9.999999747378752e-05
574,1.0,0.005815078038722277,9.999999747378752e-05
575,1.0,0.0012236986076459289,9.999999747378752e-05
576,1.0,0.0038406962994486094,9.999999747378752e-05
577,1.0,0.007671864703297615,9.999999747378752e-05
578,1.0,0.00390540505759418,9.999999747378752e-05
579,1.0,0.006860393565148115,9.999999747378752e-05
580,1.0,0.0021980423480272293,9.999999747378752e-05
581,1.0,0.009549442678689957,9.999999747378752e-05
582,1.0,0.003764248453080654,9.999999747378752e-05
583,1.0,0.003973375074565411,9.999999747378752e-05
584,1.0,0.009260437451303005,9.999999747378752e-05
585,1.0,0.005027372390031815,9.999999747378752e-05
586,1.0,0.0028164817485958338,9.999999747378752e-05
587,1.0,0.0030147891957312822,9.999999747378752e-05
588,1.0,0.0011799439089372754,9.999999747378752e-05
589,1.0,0.003426301758736372,9.999999747378752e-05
590,1.0,0.002120811492204666,9.999999747378752e-05
591,1.0,0.0027968089561909437,9.999999747378752e-05
592,1.0,0.004287080839276314,9.999999747378752e-05
593,1.0,0.0137164406478405,9.999999747378752e-05
594,1.0,0.0026804166845977306,9.999999747378752e-05
595,1.0,0.0016708426410332322,9.999999747378752e-05
596,1.0,0.003950398415327072,9.999999747378752e-05
597,1.0,0.0017863208195194602,9.999999747378752e-05
598,1.0,0.0015849921619519591,9.999999747378752e-05
599,1.0,0.001488039386458695,9.999999747378752e-05
600,1.0,0.0035980239044874907,9.999999747378752e-05
601,1.0,0.0035624466836452484,9.999999747378752e-05
602,1.0,0.0014164799358695745,9.999999747378752e-05
603,1.0,0.0019457601010799408,9.999999747378752e-05
604,1.0,0.002692658454179764,9.999999747378752e-05
605,1.0,0.007477417588233948,9.999999747378752e-05
606,1.0,0.010582257062196732,9.999999747378752e-05
607,1.0,0.0051659345626831055,9.999999747378752e-05
608,1.0,0.0023519324604421854,9.999999747378752e-05
609,1.0,0.002863661153241992,9.999999747378752e-05
610,1.0,0.002385833067819476,9.999999747378752e-05
611,1.0,0.003855739952996373,9.999999747378752e-05
612,1.0,0.007202243898063898,9.999999747378752e-05
613,1.0,0.004332552198320627,9.999999747378752e-05
614,1.0,0.007600339129567146,9.999999747378752e-05
615,1.0,0.004834569990634918,9.999999747378752e-05
616,1.0,0.013817247934639454,9.999999747378752e-05
617,1.0,0.008480438031256199,9.999999747378752e-05
618,1.0,0.0037719106767326593,9.999999747378752e-05
619,1.0,0.008932851254940033,9.999999747378752e-05
620,1.0,0.0025761290453374386,9.999999747378752e-05
621,1.0,0.0011110322084277868,9.999999747378752e-05
622,1.0,0.0033338626381009817,9.999999747378752e-05
623,1.0,0.00373587803915143,9.999999747378752e-05
624,1.0,0.0030908172484487295,9.999999747378752e-05
625,1.0,0.0046834019012749195,9.999999747378752e-05
626,1.0,0.002276598010212183,9.999999747378752e-05
627,1.0,0.0028408970683813095,9.999999747378752e-05
628,1.0,0.00619048997759819,9.999999747378752e-05
629,1.0,0.003702916204929352,9.999999747378752e-05
630,1.0,0.005490484647452831,9.999999747378752e-05
631,0.9926470518112183,0.009243493899703026,9.999999747378752e-05
632,1.0,0.010351237840950489,9.999999747378752e-05
633,1.0,0.002393182134255767,9.999999747378752e-05
634,1.0,0.005730466917157173,9.999999747378752e-05
635,1.0,0.001245963852852583,9.999999747378752e-05
636,1.0,0.007136198226362467,9.999999747378752e-05
637,1.0,0.0034517140593379736,9.999999747378752e-05
638,1.0,0.012799737975001335,9.999999747378752e-05
639,1.0,0.002796476474031806,9.999999747378752e-05
640,0.9926470518112183,0.015839289873838425,9.999999747378752e-05
641,1.0,0.003761031199246645,9.999999747378752e-05
642,0.9926470518112183,0.016618702560663223,9.999999747378752e-05
643,1.0,0.006090602371841669,9.999999747378752e-05
644,1.0,0.005681959446519613,9.999999747378752e-05
645,1.0,0.01862948201596737,9.999999747378752e-05
646,1.0,0.008114757016301155,9.999999747378752e-05
647,1.0,0.0089317811653018,9.999999747378752e-05
648,1.0,0.01405241433531046,9.999999747378752e-05
649,0.9926470518112183,0.011301803402602673,9.999999747378752e-05
650,1.0,0.004721078090369701,9.999999747378752e-05
651,1.0,0.006533064413815737,9.999999747378752e-05
652,1.0,0.0029126382432878017,9.999999747378752e-05
653,1.0,0.0054045170545578,9.999999747378752e-05
654,1.0,0.0026685725897550583,9.999999747378752e-05
655,1.0,0.002177043352276087,9.999999747378752e-05
656,1.0,0.0013934258604422212,9.999999747378752e-05
657,1.0,0.0033085905015468597,9.999999747378752e-05
658,1.0,0.01459559053182602,9.999999747378752e-05
659,1.0,0.004946700297296047,9.999999747378752e-05
660,1.0,0.012464584782719612,9.999999747378752e-05
661,0.9926470518112183,0.024070611223578453,9.999999747378752e-05
662,1.0,0.003859488759189844,9.999999747378752e-05
663,1.0,0.01328443456441164,9.999999747378752e-05
664,1.0,0.007735218852758408,9.999999747378752e-05
665,1.0,0.003514673560857773,9.999999747378752e-05
666,1.0,0.005918609909713268,9.999999747378752e-05
667,1.0,0.006506185978651047,9.999999747378752e-05
668,1.0,0.006280843634158373,9.999999747378752e-05
669,1.0,0.00391914090141654,9.999999747378752e-05
670,1.0,0.003497461089864373,9.999999747378752e-05
671,1.0,0.0034826723858714104,9.999999747378752e-05
672,1.0,0.006083752494305372,9.999999747378752e-05
673,1.0,0.002204209566116333,9.999999747378752e-05
674,1.0,0.008817208930850029,9.999999747378752e-05
675,1.0,0.002946612425148487,9.999999747378752e-05
676,1.0,0.011145301163196564,9.999999747378752e-05
677,1.0,0.0036518294364213943,9.999999747378752e-05
678,1.0,0.007696554064750671,9.999999747378752e-05
679,0.9926470518112183,0.019688034430146217,9.999999747378752e-05
680,1.0,0.0031870624516159296,9.999999747378752e-05
681,1.0,0.007769207935780287,9.999999747378752e-05
682,1.0,0.001771453651599586,9.999999747378752e-05
683,1.0,0.0014451781753450632,9.999999747378752e-05
684,1.0,0.0017994052032008767,9.999999747378752e-05
685,0.9926470518112183,0.01900263875722885,9.999999747378752e-05
686,1.0,0.007628521416336298,9.999999747378752e-05
687,1.0,0.0020235152915120125,9.999999747378752e-05
688,1.0,0.0023021840024739504,9.999999747378752e-05
689,0.9852941036224365,0.04243198409676552,9.999999747378752e-05
690,1.0,0.011774785816669464,9.999999747378752e-05
691,1.0,0.009940054267644882,9.999999747378752e-05
692,1.0,0.015886779874563217,9.999999747378752e-05
693,1.0,0.003416451858356595,9.999999747378752e-05
694,1.0,0.0071127936244010925,9.999999747378752e-05
695,1.0,0.0019956377800554037,9.999999747378752e-05
696,1.0,0.006329292897135019,9.999999747378752e-05
697,1.0,0.0029929587617516518,9.999999747378752e-05
698,1.0,0.002897420898079872,9.999999747378752e-05
699,1.0,0.0018949521472677588,9.999999747378752e-05
700,1.0,0.002325807698071003,9.999999747378752e-05
701,1.0,0.001907878089696169,9.999999747378752e-05
702,1.0,0.0021642055362462997,9.999999747378752e-05
703,1.0,0.004660119768232107,9.999999747378752e-05
704,1.0,0.0009846944594755769,9.999999747378752e-05
705,1.0,0.001896591274999082,9.999999747378752e-05
706,1.0,0.003541245125234127,9.999999747378752e-05
707,1.0,0.003611962543800473,9.999999747378752e-05
708,1.0,0.002176044275984168,9.999999747378752e-05
709,1.0,0.002583892084658146,9.999999747378752e-05
710,1.0,0.0013704868033528328,9.999999747378752e-05
711,1.0,0.005788668058812618,9.999999747378752e-05
712,1.0,0.0008887785370461643,9.999999747378752e-05
713,1.0,0.0014679533196613193,9.999999747378752e-05
714,1.0,0.00542681897059083,9.999999747378752e-05
715,1.0,0.001637783832848072,9.999999747378752e-05
716,1.0,0.006206677760928869,9.999999747378752e-05
717,1.0,0.001966050360351801,9.999999747378752e-05
718,1.0,0.0015541273169219494,9.999999747378752e-05
719,1.0,0.0029214387759566307,9.999999747378752e-05
720,1.0,0.007510709576308727,9.999999747378752e-05
721,1.0,0.0029809032566845417,9.999999747378752e-05
722,1.0,0.005910038948059082,9.999999747378752e-05
723,1.0,0.002448190003633499,9.999999747378752e-05
724,1.0,0.0036451779305934906,9.999999747378752e-05
725,1.0,0.007273971568793058,9.999999747378752e-05
726,1.0,0.0016167963622137904,9.999999747378752e-05
727,1.0,0.003784259082749486,9.999999747378752e-05
728,1.0,0.0023335448931902647,9.999999747378752e-05
729,1.0,0.0030098550487309694,9.999999747378752e-05
730,1.0,0.0048941029235720634,9.999999747378752e-05
731,1.0,0.0024117319844663143,9.999999747378752e-05
732,1.0,0.0025439707096666098,9.999999747378752e-05
733,1.0,0.0011075902730226517,9.999999747378752e-05
734,1.0,0.003276219591498375,9.999999747378752e-05
735,1.0,0.0022840257734060287,9.999999747378752e-05
736,1.0,0.001152097713202238,9.999999747378752e-05
737,1.0,0.00401819683611393,9.999999747378752e-05
738,1.0,0.002313934499397874,9.999999747378752e-05
739,1.0,0.0020137017127126455,9.999999747378752e-05
740,1.0,0.0013711951905861497,9.999999747378752e-05
741,1.0,0.0013441125629469752,9.999999747378752e-05
742,1.0,0.001630686572752893,9.999999747378752e-05
743,1.0,0.0022263946011662483,9.999999747378752e-05
744,1.0,0.0010982677340507507,9.999999747378752e-05
745,1.0,0.0013737427070736885,9.999999747378752e-05
746,1.0,0.0011285844957455993,9.999999747378752e-05
747,1.0,0.00377783365547657,9.999999747378752e-05
748,1.0,0.002110064495354891,9.999999747378752e-05
749,1.0,0.0021163178607821465,9.999999747378752e-05
750,1.0,0.0017592029180377722,9.999999747378752e-05
751,1.0,0.004011813085526228,9.999999747378752e-05
752,1.0,0.004048066213726997,9.999999747378752e-05
753,1.0,0.00233846646733582,9.999999747378752e-05
754,1.0,0.0018042761366814375,9.999999747378752e-05
755,1.0,0.002564917551353574,9.999999747378752e-05
756,1.0,0.00588206434622407,9.999999747378752e-05
757,1.0,0.0022378196008503437,9.999999747378752e-05
758,1.0,0.0034325523301959038,9.999999747378752e-05
759,1.0,0.0042532263323664665,9.999999747378752e-05
760,1.0,0.0033370554447174072,9.999999747378752e-05
761,1.0,0.0040152654983103275,9.999999747378752e-05
762,1.0,0.0028224652633070946,9.999999747378752e-05
763,1.0,0.0012314696796238422,9.999999747378752e-05
764,1.0,0.002725896192714572,9.999999747378752e-05
765,1.0,0.0025150608271360397,9.999999747378752e-05
766,1.0,0.0034094902221113443,9.999999747378752e-05
767,0.9926470518112183,0.009566251188516617,9.999999747378752e-05
768,0.9926470518112183,0.015620676800608635,9.999999747378752e-05
769,1.0,0.011604571714997292,9.999999747378752e-05
770,1.0,0.0021150829270482063,9.999999747378752e-05
771,1.0,0.004320252686738968,9.999999747378752e-05
772,1.0,0.0013293754309415817,9.999999747378752e-05
773,1.0,0.0025441076140850782,9.999999747378752e-05
774,1.0,0.003305082907900214,9.999999747378752e-05
775,1.0,0.0017843164969235659,9.999999747378752e-05
776,1.0,0.0070593468844890594,9.999999747378752e-05
777,1.0,0.002615570090711117,9.999999747378752e-05
778,1.0,0.0019700757693499327,9.999999747378752e-05
779,1.0,0.0030121661256998777,9.999999747378752e-05
780,1.0,0.001149471616372466,9.999999747378752e-05
781,1.0,0.0012045284966006875,9.999999747378752e-05
782,1.0,0.002102872356772423,9.999999747378752e-05
783,1.0,0.0018567355582490563,9.999999747378752e-05
784,1.0,0.001833135960623622,9.999999747378752e-05
785,1.0,0.0038650850765407085,9.999999747378752e-05
786,1.0,0.00275896186940372,9.999999747378752e-05
787,1.0,0.00497069489210844,9.999999747378752e-05
788,1.0,0.00649737473577261,9.999999747378752e-05
789,1.0,0.002791064325720072,9.999999747378752e-05
790,1.0,0.002498453250154853,9.999999747378752e-05
791,1.0,0.0019099779892712831,9.999999747378752e-05
792,1.0,0.0015127490041777492,9.999999747378752e-05
793,1.0,0.0017740498296916485,9.999999747378752e-05
794,1.0,0.0009156634914688766,9.999999747378752e-05
795,1.0,0.0027757007628679276,9.999999747378752e-05
796,1.0,0.0020403556991368532,9.999999747378752e-05
797,1.0,0.0017276265425607562,9.999999747378752e-05
798,1.0,0.0022492383141070604,9.999999747378752e-05
799,1.0,0.0016350140795111656,9.999999747378752e-05
800,1.0,0.0025018847081810236,9.999999747378752e-05
801,1.0,0.002944664331153035,9.999999747378752e-05
802,1.0,0.003761057509109378,9.999999747378752e-05
803,1.0,0.00398978078737855,9.999999747378752e-05
804,1.0,0.008571618236601353,9.999999747378752e-05
805,1.0,0.002862909808754921,9.999999747378752e-05
806,1.0,0.0028572825249284506,9.999999747378752e-05
807,1.0,0.0012007869081571698,9.999999747378752e-05
808,1.0,0.002161451382562518,9.999999747378752e-05
809,1.0,0.0038420921191573143,9.999999747378752e-05
810,1.0,0.0018453210359439254,9.999999747378752e-05
811,1.0,0.0013034810544922948,9.999999747378752e-05
812,1.0,0.0033152257092297077,9.999999747378752e-05
813,1.0,0.0023510821629315615,9.999999747378752e-05
814,1.0,0.0005409003351815045,9.999999747378752e-05
815,1.0,0.016443857923150063,9.999999747378752e-05
816,1.0,0.007053052540868521,9.999999747378752e-05
817,1.0,0.001955432817339897,9.999999747378752e-05
818,1.0,0.0017703272169455886,9.999999747378752e-05
819,1.0,0.00885776337236166,9.999999747378752e-05
820,1.0,0.020988434553146362,9.999999747378752e-05
821,1.0,0.004373484291136265,9.999999747378752e-05
822,1.0,0.00717333797365427,9.999999747378752e-05
823,1.0,0.0024629542604088783,9.999999747378752e-05
824,1.0,0.0036606458015739918,9.999999747378752e-05
825,1.0,0.008663903921842575,9.999999747378752e-05
826,1.0,0.008495808579027653,9.999999747378752e-05
827,1.0,0.0021439269185066223,9.999999747378752e-05
828,1.0,0.002426927676424384,9.999999747378752e-05
829,1.0,0.0048935567028820515,9.999999747378752e-05
830,1.0,0.0028073368594050407,9.999999747378752e-05
831,1.0,0.010923855938017368,9.999999747378752e-05
832,1.0,0.002558543812483549,9.999999747378752e-05
833,1.0,0.004190180450677872,9.999999747378752e-05
834,1.0,0.013482995331287384,9.999999747378752e-05
835,1.0,0.014047406613826752,9.999999747378752e-05
836,1.0,0.002824248746037483,9.999999747378752e-05
837,1.0,0.0035844254307448864,9.999999747378752e-05
838,1.0,0.004364639054983854,9.999999747378752e-05
839,1.0,0.0017298053717240691,9.999999747378752e-05
840,1.0,0.0014758040197193623,9.999999747378752e-05
841,1.0,0.002187247620895505,9.999999747378752e-05
842,1.0,0.0014506545849144459,9.999999747378752e-05
843,1.0,0.0009842204162850976,9.999999747378752e-05
844,1.0,0.002257716376334429,9.999999747378752e-05
845,1.0,0.0006291223107837141,9.999999747378752e-05
846,1.0,0.005414738319814205,9.999999747378752e-05
847,1.0,0.0025580597575753927,9.999999747378752e-05
848,1.0,0.002727068029344082,9.999999747378752e-05
849,1.0,0.0020613553933799267,9.999999747378752e-05
850,1.0,0.0010727711487561464,9.999999747378752e-05
851,1.0,0.0011746692471206188,9.999999747378752e-05
852,1.0,0.002222787356004119,9.999999747378752e-05
853,1.0,0.006994385272264481,9.999999747378752e-05
854,1.0,0.002554603386670351,9.999999747378752e-05
855,1.0,0.005068627186119556,9.999999747378752e-05
856,0.9852941036224365,0.04320085048675537,9.999999747378752e-05
857,1.0,0.02850833535194397,9.999999747378752e-05
858,0.9926470518112183,0.020550236105918884,9.999999747378752e-05
859,1.0,0.008104627020657063,9.999999747378752e-05
860,1.0,0.005452472250908613,9.999999747378752e-05
861,1.0,0.005830955225974321,9.999999747378752e-05
862,1.0,0.005835658870637417,9.999999747378752e-05
863,1.0,0.0014084299327805638,9.999999747378752e-05
864,1.0,0.00783541239798069,9.999999747378752e-05
865,0.9926470518112183,0.023020470514893532,9.999999747378752e-05
866,0.9779411554336548,0.0782717615365982,9.999999747378752e-05
867,0.9632353186607361,0.0958138033747673,9.999999747378752e-05
868,0.9926470518112183,0.017158765345811844,9.999999747378752e-05
869,1.0,0.02176242135465145,9.999999747378752e-05
870,1.0,0.009083950892090797,9.999999747378752e-05
871,1.0,0.004557010717689991,9.999999747378752e-05
872,1.0,0.019039109349250793,9.999999747378752e-05
873,1.0,0.010275322943925858,9.999999747378752e-05
874,1.0,0.004108069464564323,9.999999747378752e-05
875,0.9852941036224365,0.027625568211078644,9.999999747378752e-05
876,0.9926470518112183,0.023035509511828423,9.999999747378752e-05
877,1.0,0.01295801904052496,9.999999747378752e-05
878,1.0,0.0135306091979146,9.999999747378752e-05
879,1.0,0.006074510049074888,9.999999747378752e-05
880,1.0,0.006700620520859957,9.999999747378752e-05
881,1.0,0.007065298035740852,9.999999747378752e-05
882,0.9926470518112183,0.02848127670586109,9.999999747378752e-05
883,1.0,0.00341704860329628,9.999999747378752e-05
884,1.0,0.009332776069641113,9.999999747378752e-05
885,1.0,0.0026269727386534214,9.999999747378752e-05
886,1.0,0.007258548866957426,9.999999747378752e-05
887,0.9926470518112183,0.018393032252788544,9.999999747378752e-05
888,1.0,0.006165244150906801,9.999999747378752e-05
889,1.0,0.010907252319157124,9.999999747378752e-05
890,1.0,0.008569757454097271,9.999999747378752e-05
891,1.0,0.002950862282887101,9.999999747378752e-05
892,1.0,0.003296748735010624,9.999999747378752e-05
893,1.0,0.01189748290926218,9.999999747378752e-05
894,1.0,0.0024310406297445297,9.999999747378752e-05
895,1.0,0.0018639112822711468,9.999999747378752e-05
896,1.0,0.002214086940512061,9.999999747378752e-05
897,1.0,0.0034558235201984644,9.999999747378752e-05
898,1.0,0.0034281190019100904,9.999999747378752e-05
899,1.0,0.006055392790585756,9.999999747378752e-05
900,1.0,0.0052053253166377544,9.999999747378752e-05
901,1.0,0.005864875856786966,9.999999747378752e-05
902,1.0,0.009357398375868797,9.999999747378752e-05
903,1.0,0.001895827823318541,9.999999747378752e-05
904,1.0,0.004892189055681229,9.999999747378752e-05
905,1.0,0.0017227539792656898,9.999999747378752e-05
906,1.0,0.0024413419887423515,9.999999747378752e-05
907,1.0,0.0015403617871925235,9.999999747378752e-05
908,1.0,0.0035167408641427755,9.999999747378752e-05
909,1.0,0.0018022038275375962,9.999999747378752e-05
910,1.0,0.0044768741354346275,9.999999747378752e-05
911,1.0,0.0025404172483831644,9.999999747378752e-05
912,1.0,0.0020745296496897936,9.999999747378752e-05
913,1.0,0.0021177988965064287,9.999999747378752e-05
914,1.0,0.0024949507787823677,9.999999747378752e-05
915,1.0,0.0018993732519447803,9.999999747378752e-05
916,1.0,0.0027889180928468704,9.999999747378752e-05
917,1.0,0.0019306831527501345,9.999999747378752e-05
918,1.0,0.002000953070819378,9.999999747378752e-05
919,1.0,0.002884366549551487,9.999999747378752e-05
920,1.0,0.01108176726847887,9.999999747378752e-05
921,1.0,0.0029653406236320734,9.999999747378752e-05
922,1.0,0.0030908645130693913,9.999999747378752e-05
923,1.0,0.001961858244612813,9.999999747378752e-05
924,1.0,0.002095820615068078,9.999999747378752e-05
925,1.0,0.006344382651150227,9.999999747378752e-05
926,1.0,0.0029870946891605854,9.999999747378752e-05
927,1.0,0.001547480933368206,9.999999747378752e-05
928,1.0,0.0018407717579975724,9.999999747378752e-05
929,1.0,0.0016221980331465602,9.999999747378752e-05
930,1.0,0.004052134696394205,9.999999747378752e-05
931,1.0,0.0009384122677147388,9.999999747378752e-05
932,1.0,0.0015381533885374665,9.999999747378752e-05
933,1.0,0.0014264319324865937,9.999999747378752e-05
934,0.9926470518112183,0.017432386055588722,9.999999747378752e-05
935,1.0,0.003605712903663516,9.999999747378752e-05
936,1.0,0.0023087719455361366,9.999999747378752e-05
937,1.0,0.0012141880579292774,9.999999747378752e-05
938,1.0,0.004771884065121412,9.999999747378752e-05
939,1.0,0.002710073022171855,9.999999747378752e-05
940,1.0,0.007367855403572321,9.999999747378752e-05
941,1.0,0.003870587097480893,9.999999747378752e-05
942,1.0,0.00807129219174385,9.999999747378752e-05
943,1.0,0.0016153251053765416,9.999999747378752e-05
944,1.0,0.0045836144126951694,9.999999747378752e-05
945,1.0,0.0015744240954518318,9.999999747378752e-05
946,1.0,0.0036098193377256393,9.999999747378752e-05
947,1.0,0.0008720168261788785,9.999999747378752e-05
948,1.0,0.0031960962805896997,9.999999747378752e-05
949,1.0,0.0017805247334763408,9.999999747378752e-05
950,1.0,0.004445831291377544,9.999999747378752e-05
951,1.0,0.0017441661329939961,9.999999747378752e-05
952,1.0,0.002461173804476857,9.999999747378752e-05
953,1.0,0.0018871523207053542,9.999999747378752e-05
954,1.0,0.0010891860583797097,9.999999747378752e-05
955,1.0,0.0020321905612945557,9.999999747378752e-05
956,1.0,0.0012965599307790399,9.999999747378752e-05
957,1.0,0.0023254749830812216,9.999999747378752e-05
958,1.0,0.0011102765565738082,9.999999747378752e-05
959,1.0,0.0035017491318285465,9.999999747378752e-05
960,1.0,0.004977862816303968,9.999999747378752e-05
961,1.0,0.0009605881059542298,9.999999747378752e-05
962,1.0,0.013683147728443146,9.999999747378752e-05
963,1.0,0.0011685611680150032,9.999999747378752e-05
964,1.0,0.0020084180869162083,9.999999747378752e-05
965,1.0,0.003800013568252325,9.999999747378752e-05
966,1.0,0.003351908875629306,9.999999747378752e-05
967,1.0,0.004774967208504677,9.999999747378752e-05
968,1.0,0.005423258524388075,9.999999747378752e-05
969,1.0,0.0015040312428027391,9.999999747378752e-05
970,1.0,0.0013365511549636722,9.999999747378752e-05
971,1.0,0.004524461925029755,9.999999747378752e-05
972,1.0,0.011429179459810257,9.999999747378752e-05
973,1.0,0.0038785571232438087,9.999999747378752e-05
974,1.0,0.0011051135370507836,9.999999747378752e-05
975,1.0,0.0015392089262604713,9.999999747378752e-05
976,1.0,0.0014140461571514606,9.999999747378752e-05
977,1.0,0.0014809691347181797,9.999999747378752e-05
978,1.0,0.003733135759830475,9.999999747378752e-05
979,1.0,0.002584105357527733,9.999999747378752e-05
980,1.0,0.0007001183112151921,9.999999747378752e-05
981,1.0,0.0019402896286919713,9.999999747378752e-05
982,1.0,0.0012695917394012213,9.999999747378752e-05
983,1.0,0.0028781420551240444,9.999999747378752e-05
984,1.0,0.002180784707888961,9.999999747378752e-05
985,1.0,0.0034525711089372635,9.999999747378752e-05
986,1.0,0.00138410076033324,9.999999747378752e-05
987,1.0,0.0010502432705834508,9.999999747378752e-05
988,1.0,0.0030542307067662477,9.999999747378752e-05
989,1.0,0.0032267102506011724,9.999999747378752e-05
990,1.0,0.0015250579454004765,9.999999747378752e-05
991,1.0,0.002685198560357094,9.999999747378752e-05
992,1.0,0.0033831766340881586,9.999999747378752e-05
993,1.0,0.0028484435752034187,9.999999747378752e-05
994,1.0,0.0014456178760156035,9.999999747378752e-05
995,1.0,0.0021206464152783155,9.999999747378752e-05
996,1.0,0.002081732964143157,9.999999747378752e-05
997,0.9926470518112183,0.008126772940158844,9.999999747378752e-05
998,1.0,0.007524045184254646,9.999999747378752e-05
999,1.0,0.007698088884353638,9.999999747378752e-05
1000,1.0,0.0012471508234739304,9.999999747378752e-05
1001,1.0,0.002469075843691826,9.999999747378752e-05
1002,1.0,0.002885811496526003,9.999999747378752e-05
1003,1.0,0.003130359575152397,9.999999747378752e-05
1004,1.0,0.004526624921709299,9.999999747378752e-05
1005,1.0,0.0016106809489428997,9.999999747378752e-05
1006,1.0,0.001954467734321952,9.999999747378752e-05
1007,1.0,0.001969411037862301,9.999999747378752e-05
1008,1.0,0.001595489215105772,9.999999747378752e-05
1009,1.0,0.0028389699291437864,9.999999747378752e-05
1010,1.0,0.002249037381261587,9.999999747378752e-05
1011,1.0,0.0015386439627036452,9.999999747378752e-05
1012,1.0,0.0031819003634154797,9.999999747378752e-05
1013,0.9926470518112183,0.024484191089868546,9.999999747378752e-05
1014,1.0,0.006725329905748367,9.999999747378752e-05
1015,1.0,0.01425545196980238,9.999999747378752e-05
1016,1.0,0.002292792545631528,9.999999747378752e-05
1017,1.0,0.008346577174961567,9.999999747378752e-05
1018,1.0,0.0035891446750611067,9.999999747378752e-05
1019,1.0,0.0013599041849374771,9.999999747378752e-05
1020,0.9926470518112183,0.023358723148703575,9.999999747378752e-05
1021,0.9926470518112183,0.03295378386974335,9.999999747378752e-05
1022,1.0,0.01108562108129263,9.999999747378752e-05
1023,1.0,0.004609035328030586,9.999999747378752e-05
1024,1.0,0.004737884737551212,9.999999747378752e-05
1025,1.0,0.006840719375759363,9.999999747378752e-05
1026,1.0,0.0031041353940963745,9.999999747378752e-05
1027,1.0,0.007965928874909878,9.999999747378752e-05
1028,1.0,0.002757344162091613,9.999999747378752e-05
1029,1.0,0.01277871709316969,9.999999747378752e-05
1030,1.0,0.0017513972707092762,9.999999747378752e-05
1031,1.0,0.010056022554636002,9.999999747378752e-05
1032,1.0,0.002672656439244747,9.999999747378752e-05
1033,1.0,0.0028969263657927513,9.999999747378752e-05
1034,1.0,0.007652979344129562,9.999999747378752e-05
1035,1.0,0.0020260708406567574,9.999999747378752e-05
1036,1.0,0.001682792790234089,9.999999747378752e-05
1037,1.0,0.001300787553191185,9.999999747378752e-05
1038,1.0,0.013761568814516068,9.999999747378752e-05
1039,1.0,0.002686277264729142,9.999999747378752e-05
1040,1.0,0.004617193713784218,9.999999747378752e-05
1041,1.0,0.0017000107327476144,9.999999747378752e-05
1042,1.0,0.010553703643381596,9.999999747378752e-05
1043,1.0,0.004720316734164953,9.999999747378752e-05
1044,1.0,0.002755492925643921,9.999999747378752e-05
1045,1.0,0.003115795087069273,9.999999747378752e-05
1046,1.0,0.008511078543961048,9.999999747378752e-05
1047,1.0,0.0015434303786605597,9.999999747378752e-05
1048,1.0,0.0027757384814321995,9.999999747378752e-05
1049,1.0,0.0019890291150659323,9.999999747378752e-05
1050,1.0,0.002665768377482891,9.999999747378752e-05
1051,1.0,0.00543719157576561,9.999999747378752e-05
1052,1.0,0.0012537594884634018,9.999999747378752e-05
1053,1.0,0.002216949127614498,9.999999747378752e-05
1054,1.0,0.001105806091800332,9.999999747378752e-05
1055,1.0,0.0033858013339340687,9.999999747378752e-05
1056,1.0,0.010265405289828777,9.999999747378752e-05
1057,1.0,0.004311924334615469,9.999999747378752e-05
1058,1.0,0.002709421096369624,9.999999747378752e-05
1059,1.0,0.00203170464374125,9.999999747378752e-05
1060,0.9852941036224365,0.027812620624899864,9.999999747378752e-05
1061,1.0,0.005188900977373123,9.999999747378752e-05
1062,1.0,0.0054362076334655285,9.999999747378752e-05
1063,1.0,0.004251697566360235,9.999999747378752e-05
1064,1.0,0.0020155180245637894,9.999999747378752e-05
1065,1.0,0.005487541202455759,9.999999747378752e-05
1066,1.0,0.0019965763203799725,9.999999747378752e-05
1067,1.0,0.008841154165565968,9.999999747378752e-05
1068,1.0,0.001927991397678852,9.999999747378752e-05
1069,1.0,0.0050926110707223415,9.999999747378752e-05
1070,1.0,0.002413420006632805,9.999999747378752e-05
1071,1.0,0.002013594377785921,9.999999747378752e-05
1072,1.0,0.003256266238167882,9.999999747378752e-05
1073,1.0,0.002194811822846532,9.999999747378752e-05
1074,1.0,0.002514776773750782,9.999999747378752e-05
1075,1.0,0.001349975005723536,9.999999747378752e-05
1076,1.0,0.0018961039604619145,9.999999747378752e-05
1077,0.9926470518112183,0.011684607714414597,9.999999747378752e-05
1078,1.0,0.0027241497300565243,9.999999747378752e-05
1079,1.0,0.009723414666950703,9.999999747378752e-05
1080,0.9926470518112183,0.02231411077082157,9.999999747378752e-05
1081,0.9926470518112183,0.02392609417438507,9.999999747378752e-05
1082,1.0,0.004335024394094944,9.999999747378752e-05
1083,1.0,0.0022968649864196777,9.999999747378752e-05
1084,1.0,0.001335878623649478,9.999999747378752e-05
1085,1.0,0.004177398514002562,9.999999747378752e-05
1086,1.0,0.005870436318218708,9.999999747378752e-05
1087,1.0,0.0012020793510600924,9.999999747378752e-05
1088,1.0,0.0023085419088602066,9.999999747378752e-05
1089,1.0,0.0009998216992244124,9.999999747378752e-05
1090,1.0,0.0017723763594403863,9.999999747378752e-05
1091,1.0,0.0010482355719432235,9.999999747378752e-05
1092,1.0,0.004254485480487347,9.999999747378752e-05
1093,1.0,0.004449155647307634,9.999999747378752e-05
1094,1.0,0.001327867736108601,9.999999747378752e-05
1095,1.0,0.002181812422350049,9.999999747378752e-05
1096,1.0,0.0025332660879939795,9.999999747378752e-05
1097,1.0,0.001206001965329051,9.999999747378752e-05
1098,1.0,0.0008038955274969339,9.999999747378752e-05
1099,1.0,0.0018863329896703362,9.999999747378752e-05
1100,1.0,0.0019446881487965584,9.999999747378752e-05
1101,1.0,0.0019499199697747827,9.999999747378752e-05
1102,1.0,0.0015902871964499354,9.999999747378752e-05
1103,1.0,0.006588170770555735,9.999999747378752e-05
1104,1.0,0.0012225168757140636,9.999999747378752e-05
1105,1.0,0.0013107709819450974,9.999999747378752e-05
1106,1.0,0.0006137572345323861,9.999999747378752e-05
1107,1.0,0.00793536752462387,9.999999747378752e-05
1108,1.0,0.0010637439554557204,9.999999747378752e-05
1109,1.0,0.0008666034555062652,9.999999747378752e-05
1110,1.0,0.0158065352588892,9.999999747378752e-05
1111,1.0,0.002450464991852641,9.999999747378752e-05
1112,1.0,0.012589017860591412,9.999999747378752e-05
1113,1.0,0.00947248749434948,9.999999747378752e-05
1114,1.0,0.0027101989835500717,9.999999747378752e-05
1115,1.0,0.00530573446303606,9.999999747378752e-05
1116,1.0,0.005191897042095661,9.999999747378752e-05
1117,1.0,0.002168190199881792,9.999999747378752e-05
1118,1.0,0.0012613733997568488,9.999999747378752e-05
1119,1.0,0.0018514776602387428,9.999999747378752e-05
1120,1.0,0.00526093877851963,9.999999747378752e-05
1121,1.0,0.002497368725016713,9.999999747378752e-05
1122,1.0,0.0012254968751221895,9.999999747378752e-05
1123,1.0,0.002299958374351263,9.999999747378752e-05
1124,1.0,0.0016168082365766168,9.999999747378752e-05
1125,1.0,0.01315128244459629,9.999999747378752e-05
1126,1.0,0.006913931109011173,9.999999747378752e-05
1127,1.0,0.0035611821804195642,9.999999747378752e-05
1128,1.0,0.009092040359973907,9.999999747378752e-05
1129,1.0,0.0023497766815125942,9.999999747378752e-05
1130,1.0,0.00256630452349782,9.999999747378752e-05
1131,1.0,0.0017179051646962762,9.999999747378752e-05
1132,1.0,0.0012849330669268966,9.999999747378752e-05
1133,1.0,0.0010892366990447044,9.999999747378752e-05
1134,1.0,0.001556048751808703,9.999999747378752e-05
1135,1.0,0.0009518784936517477,9.999999747378752e-05
1136,1.0,0.0026333918794989586,9.999999747378752e-05
1137,1.0,0.0015772019978612661,9.999999747378752e-05
1138,1.0,0.001286185928620398,9.999999747378752e-05
1139,1.0,0.0009530482348054647,9.999999747378752e-05
1140,1.0,0.0009291220339946449,9.999999747378752e-05
1141,1.0,0.00046313213533721864,9.999999747378752e-05
1142,1.0,0.000932086375541985,9.999999747378752e-05
1143,1.0,0.0018673030426725745,9.999999747378752e-05
1144,1.0,0.001381451147608459,9.999999747378752e-05
1145,1.0,0.0014070197939872742,9.999999747378752e-05
1146,1.0,0.004027366638183594,9.999999747378752e-05
1147,1.0,0.001826671650633216,9.999999747378752e-05
1148,1.0,0.0020997466053813696,9.999999747378752e-05
1149,1.0,0.0018068967619910836,9.999999747378752e-05
1150,1.0,0.003065740456804633,9.999999747378752e-05
1151,1.0,0.0004413049900904298,9.999999747378752e-05
1152,1.0,0.0006226791883818805,9.999999747378752e-05
1153,1.0,0.0007261349819600582,9.999999747378752e-05
1154,1.0,0.0012503840262070298,9.999999747378752e-05
1155,1.0,0.0038496493361890316,9.999999747378752e-05
1156,1.0,0.0029440077487379313,9.999999747378752e-05
1157,1.0,0.0012302548857405782,9.999999747378752e-05
1158,1.0,0.004203047603368759,9.999999747378752e-05
1159,1.0,0.000911524286493659,9.999999747378752e-05
1160,1.0,0.006891515105962753,9.999999747378752e-05
1161,1.0,0.000855501217301935,9.999999747378752e-05
1162,1.0,0.0011791106080636382,9.999999747378752e-05
1163,1.0,0.0065596988424658775,9.999999747378752e-05
1164,0.9779411554336548,0.03924676030874252,9.999999747378752e-05
1165,1.0,0.024869902059435844,9.999999747378752e-05
1166,0.9926470518112183,0.027851037681102753,9.999999747378752e-05
1167,1.0,0.00979546457529068,9.999999747378752e-05
1168,1.0,0.012081854045391083,9.999999747378752e-05
1169,1.0,0.003812788985669613,9.999999747378752e-05
1170,1.0,0.016691341996192932,9.999999747378752e-05
1171,1.0,0.002780995797365904,9.999999747378752e-05
1172,1.0,0.002537350170314312,9.999999747378752e-05
1173,1.0,0.004065926186740398,9.999999747378752e-05
1174,0.9852941036224365,0.024790817871689796,9.999999747378752e-05
1175,0.9926470518112183,0.01492193341255188,9.999999747378752e-05
1176,1.0,0.006742808967828751,9.999999747378752e-05
1177,0.9852941036224365,0.027484169229865074,9.999999747378752e-05
1178,1.0,0.00959699135273695,9.999999747378752e-05
1179,1.0,0.002402217360213399,9.999999747378752e-05
1180,1.0,0.004875688813626766,9.999999747378752e-05
1181,1.0,0.004957887809723616,9.999999747378752e-05
1182,1.0,0.002474396023899317,9.999999747378752e-05
1183,1.0,0.001812010072171688,9.999999747378752e-05
1184,0.9852941036224365,0.026262780651450157,9.999999747378752e-05
1185,1.0,0.005713729187846184,9.999999747378752e-05
1186,1.0,0.008805607445538044,9.999999747378752e-05
1187,1.0,0.00359251513145864,9.999999747378752e-05
1188,1.0,0.0034467082004994154,9.999999747378752e-05
1189,1.0,0.0015493480022996664,9.999999747378752e-05
1190,1.0,0.0010293737286701798,9.999999747378752e-05
1191,1.0,0.0016136037884280086,9.999999747378752e-05
1192,1.0,0.0020391102880239487,9.999999747378752e-05
1193,1.0,0.0013818327570334077,9.999999747378752e-05
1194,1.0,0.002070424845442176,9.999999747378752e-05
1195,1.0,0.002303547691553831,9.999999747378752e-05
1196,1.0,0.0036967783235013485,9.999999747378752e-05
1197,1.0,0.002142867539077997,9.999999747378752e-05
1198,1.0,0.005527449771761894,9.999999747378752e-05
1199,1.0,0.0023476993665099144,9.999999747378752e-05
1200,1.0,0.002837052335962653,9.999999747378752e-05
1201,1.0,0.0016937042819336057,9.999999747378752e-05
1202,1.0,0.00343110878020525,9.999999747378752e-05
1203,1.0,0.0009786562295630574,9.999999747378752e-05
1204,1.0,0.0016706830356270075,9.999999747378752e-05
1205,1.0,0.006336606573313475,9.999999747378752e-05
1206,1.0,0.0021710514556616545,9.999999747378752e-05
1207,1.0,0.0009637446491979063,9.999999747378752e-05
1208,1.0,0.0020719259046018124,9.999999747378752e-05
1209,1.0,0.00117396074347198,9.999999747378752e-05
1210,1.0,0.0010323794558644295,9.999999747378752e-05
1211,1.0,0.003649250604212284,9.999999747378752e-05
1212,1.0,0.004111819434911013,9.999999747378752e-05
1213,1.0,0.005584643222391605,9.999999747378752e-05
1214,1.0,0.0012225350365042686,9.999999747378752e-05
1215,1.0,0.003799350932240486,9.999999747378752e-05
1216,1.0,0.0015627180691808462,9.999999747378752e-05
1217,1.0,0.0008422160753980279,9.999999747378752e-05
1218,1.0,0.0007829236565157771,9.999999747378752e-05
1219,1.0,0.0011859842343255877,9.999999747378752e-05
1220,0.9926470518112183,0.020246276631951332,9.999999747378752e-05
1221,1.0,0.003910356666892767,9.999999747378752e-05
1222,1.0,0.009762969799339771,9.999999747378752e-05
1223,1.0,0.0028871875256299973,9.999999747378752e-05
1224,1.0,0.005647875368595123,9.999999747378752e-05
1225,1.0,0.00566300330683589,9.999999747378752e-05
1226,1.0,0.003623626194894314,9.999999747378752e-05
1227,1.0,0.0016340981237590313,9.999999747378752e-05
1228,1.0,0.0027100322768092155,9.999999747378752e-05
1229,1.0,0.0014848570572212338,9.999999747378752e-05
1230,1.0,0.0019242517882958055,9.999999747378752e-05
1231,1.0,0.002139812335371971,9.999999747378752e-05
1232,1.0,0.00179987121373415,9.999999747378752e-05
1233,1.0,0.0016762653831392527,9.999999747378752e-05
1234,1.0,0.0018128488445654511,9.999999747378752e-05
1235,1.0,0.0032102654222398996,9.999999747378752e-05
1236,1.0,0.005944757256656885,9.999999747378752e-05
1237,1.0,0.0024724698159843683,9.999999747378752e-05
1238,1.0,0.0016918741166591644,9.999999747378752e-05
1239,1.0,0.0012532410910353065,9.999999747378752e-05
1240,1.0,0.0014456459321081638,9.999999747378752e-05
1241,1.0,0.0016747979680076241,9.999999747378752e-05
1242,1.0,0.003916729241609573,9.999999747378752e-05
1243,1.0,0.0024753273464739323,9.999999747378752e-05
1244,1.0,0.004305080510675907,9.999999747378752e-05
1245,1.0,0.004911291413009167,9.999999747378752e-05
1246,1.0,0.0027543094474822283,9.999999747378752e-05
1247,0.9926470518112183,0.01149439811706543,9.999999747378752e-05
1248,1.0,0.0032968935556709766,9.999999747378752e-05
1249,1.0,0.003679797053337097,9.999999747378752e-05
1250,1.0,0.012955345213413239,9.999999747378752e-05
1251,1.0,0.005026577040553093,9.999999747378752e-05
1252,0.9926470518112183,0.011268563568592072,9.999999747378752e-05
1253,1.0,0.0010720245772972703,9.999999747378752e-05
1254,1.0,0.0014816347975283861,9.999999747378752e-05
1255,1.0,0.005281568504869938,9.999999747378752e-05
1256,1.0,0.0012202406069263816,9.999999747378752e-05
1257,1.0,0.0018556686118245125,9.999999747378752e-05
1258,1.0,0.0009955349378287792,9.999999747378752e-05
1259,1.0,0.0014498517848551273,9.999999747378752e-05
1260,1.0,0.0010970868170261383,9.999999747378752e-05
1261,1.0,0.0017237125430256128,9.999999747378752e-05
1262,1.0,0.005187555216252804,9.999999747378752e-05
1263,1.0,0.002746115904301405,9.999999747378752e-05
1264,1.0,0.003469213843345642,9.999999747378752e-05
1265,1.0,0.005405316594988108,9.999999747378752e-05
1266,1.0,0.0018613599240779877,9.999999747378752e-05
1267,1.0,0.0010326842311769724,9.999999747378752e-05
1268,1.0,0.012592170387506485,9.999999747378752e-05
1269,1.0,0.00976432953029871,9.999999747378752e-05
1270,1.0,0.006793557666242123,9.999999747378752e-05
1271,1.0,0.00532933697104454,9.999999747378752e-05
1272,1.0,0.002943132072687149,9.999999747378752e-05
1273,1.0,0.002879789099097252,9.999999747378752e-05
1274,1.0,0.003492518328130245,9.999999747378752e-05
1275,1.0,0.0034094362054020166,9.999999747378752e-05
1276,1.0,0.0017457391368225217,9.999999747378752e-05
1277,1.0,0.0021559223532676697,9.999999747378752e-05
1278,1.0,0.0019219879759475589,9.999999747378752e-05
1279,1.0,0.0016429133247584105,9.999999747378752e-05
1280,1.0,0.001425931928679347,9.999999747378752e-05
1281,1.0,0.003978951834142208,9.999999747378752e-05
1282,1.0,0.0009954000124707818,9.999999747378752e-05
1283,1.0,0.0009206514805555344,9.999999747378752e-05
1284,1.0,0.001296385657042265,9.999999747378752e-05
1285,1.0,0.0008950964547693729,9.999999747378752e-05
1286,1.0,0.0014695144491270185,9.999999747378752e-05
1287,1.0,0.004396788775920868,9.999999747378752e-05
1288,1.0,0.002131579676643014,9.999999747378752e-05
1289,1.0,0.001401567249558866,9.999999747378752e-05
1290,1.0,0.0012130104005336761,9.999999747378752e-05
1291,1.0,0.0019114302704110742,9.999999747378752e-05
1292,1.0,0.0009682810632511973,9.999999747378752e-05
1293,1.0,0.0007897293544374406,9.999999747378752e-05
1294,1.0,0.0015475667314603925,9.999999747378752e-05
1295,1.0,0.0018540782621130347,9.999999747378752e-05
1296,1.0,0.000761469709686935,9.999999747378752e-05
1297,1.0,0.0008351263822987676,9.999999747378752e-05
1298,1.0,0.002241892972961068,9.999999747378752e-05
1299,1.0,0.0016586438287049532,9.999999747378752e-05
1300,1.0,0.000562080938834697,9.999999747378752e-05
1301,1.0,0.0018911297665908933,9.999999747378752e-05
1302,1.0,0.003490056609734893,9.999999747378752e-05
1303,1.0,0.0011592898517847061,9.999999747378752e-05
1304,1.0,0.011423680931329727,9.999999747378752e-05
1305,1.0,0.001069304533302784,9.999999747378752e-05
1306,1.0,0.005657933186739683,9.999999747378752e-05
1307,1.0,0.002141883596777916,9.999999747378752e-05
1308,1.0,0.0019257150124758482,9.999999747378752e-05
1309,1.0,0.001953187631443143,9.999999747378752e-05
1310,1.0,0.0025296052917838097,9.999999747378752e-05
1311,1.0,0.0021295701153576374,9.999999747378752e-05
1312,1.0,0.004634945187717676,9.999999747378752e-05
1313,1.0,0.0018705306574702263,9.999999747378752e-05
1314,1.0,0.007736769504845142,9.999999747378752e-05
1315,1.0,0.0026039276272058487,9.999999747378752e-05
1316,1.0,0.0037526532541960478,9.999999747378752e-05
1317,1.0,0.0017935005016624928,9.999999747378752e-05
1318,1.0,0.0046247574500739574,9.999999747378752e-05
1319,1.0,0.0007693570805713534,9.999999747378752e-05
1320,1.0,0.0028575717005878687,9.999999747378752e-05
1321,1.0,0.0028196782805025578,9.999999747378752e-05
1322,1.0,0.0008762534707784653,9.999999747378752e-05
1323,1.0,0.0009017384145408869,9.999999747378752e-05
1324,1.0,0.0035283989273011684,9.999999747378752e-05
1325,1.0,0.0031578533817082644,9.999999747378752e-05
1326,1.0,0.0035566145088523626,9.999999747378752e-05
1327,1.0,0.0005900126998312771,9.999999747378752e-05
1328,1.0,0.002212114864960313,9.999999747378752e-05
1329,1.0,0.003942405339330435,9.999999747378752e-05
1330,1.0,0.001588986488059163,9.999999747378752e-05
1331,1.0,0.0006186455138958991,9.999999747378752e-05
1332,1.0,0.0004830173566006124,9.999999747378752e-05
1333,1.0,0.0010378410806879401,9.999999747378752e-05
1334,1.0,0.0006755469366908073,9.999999747378752e-05
1335,1.0,0.0019112887093797326,9.999999747378752e-05
1336,1.0,0.0008114303345791996,9.999999747378752e-05
1337,1.0,0.0025397129356861115,9.999999747378752e-05
1338,1.0,0.0009789428440853953,9.999999747378752e-05
1339,1.0,0.002146311802789569,9.999999747378752e-05
1340,1.0,0.0016445020446553826,9.999999747378752e-05
1341,1.0,0.006499279290437698,9.999999747378752e-05
1342,1.0,0.0009737048530951142,9.999999747378752e-05
1343,1.0,0.0030779470689594746,9.999999747378752e-05
1344,1.0,0.0022306570317596197,9.999999747378752e-05
1345,1.0,0.0006914954865351319,9.999999747378752e-05
1346,1.0,0.001488993177190423,9.999999747378752e-05
1347,1.0,0.00227435864508152,9.999999747378752e-05
1348,1.0,0.000782514049205929,9.999999747378752e-05
1349,1.0,0.0009304690174758434,9.999999747378752e-05
1350,0.9926470518112183,0.016405606642365456,9.999999747378752e-05
1351,1.0,0.007130517158657312,9.999999747378752e-05
1352,0.9852941036224365,0.04163859784603119,9.999999747378752e-05
1353,1.0,0.016617778688669205,9.999999747378752e-05
1354,0.9926470518112183,0.048315275460481644,9.999999747378752e-05
1355,0.9852941036224365,0.04935469850897789,9.999999747378752e-05
1356,1.0,0.014970884658396244,9.999999747378752e-05
1357,1.0,0.0065802838653326035,9.999999747378752e-05
1358,0.9926470518112183,0.01916191726922989,9.999999747378752e-05
1359,1.0,0.010349001735448837,9.999999747378752e-05
1360,1.0,0.005962145980447531,9.999999747378752e-05
1361,1.0,0.0021224997472018003,9.999999747378752e-05
1362,1.0,0.0062632812187075615,9.999999747378752e-05
1363,1.0,0.004826519638299942,9.999999747378752e-05
1364,1.0,0.0027374892961233854,9.999999747378752e-05
1365,1.0,0.0024233341682702303,9.999999747378752e-05
1366,1.0,0.00337878311984241,9.999999747378752e-05
1367,1.0,0.004227483179420233,9.999999747378752e-05
1368,1.0,0.00968415942043066,9.999999747378752e-05
1369,1.0,0.004629272036254406,9.999999747378752e-05
1370,1.0,0.002196099841967225,9.999999747378752e-05
1371,1.0,0.002469870960339904,9.999999747378752e-05
1372,1.0,0.0034317360259592533,9.999999747378752e-05
1373,1.0,0.0019417027942836285,9.999999747378752e-05
1374,1.0,0.0020815818570554256,9.999999747378752e-05
1375,1.0,0.001928483135998249,9.999999747378752e-05
1376,1.0,0.002245526062324643,9.999999747378752e-05
1377,0.9926470518112183,0.01184957753866911,9.999999747378752e-05
1378,1.0,0.012266925536096096,9.999999747378752e-05
1379,1.0,0.005216372665017843,9.999999747378752e-05
1380,1.0,0.003359401598572731,9.999999747378752e-05
1381,1.0,0.004134062211960554,9.999999747378752e-05
1382,1.0,0.002088179113343358,9.999999747378752e-05
1383,1.0,0.0016926092794165015,9.999999747378752e-05
1384,1.0,0.0035872426815330982,9.999999747378752e-05
1385,1.0,0.0061892191879451275,9.999999747378752e-05
1386,1.0,0.002288366900756955,9.999999747378752e-05
1387,1.0,0.0019973572343587875,9.999999747378752e-05
1388,1.0,0.0015730191953480244,9.999999747378752e-05
1389,1.0,0.0016684618312865496,9.999999747378752e-05
1390,1.0,0.0011537823593243957,9.999999747378752e-05
1391,1.0,0.0016974282916635275,9.999999747378752e-05
1392,1.0,0.002857259940356016,9.999999747378752e-05
1393,1.0,0.002504386007785797,9.999999747378752e-05
1394,1.0,0.002041705185547471,9.999999747378752e-05
1395,1.0,0.0010892442660406232,9.999999747378752e-05
1396,1.0,0.001395232742652297,9.999999747378752e-05
1397,1.0,0.0035138309467583895,9.999999747378752e-05
1398,1.0,0.0011842995882034302,9.999999747378752e-05
1399,1.0,0.004120643250644207,9.999999747378752e-05
1400,1.0,0.00252906302921474,9.999999747378752e-05
1401,1.0,0.0017138285329565406,9.999999747378752e-05
1402,1.0,0.0006576190935447812,9.999999747378752e-05
1403,1.0,0.0030853033531457186,9.999999747378752e-05
1404,1.0,0.0008698278688825667,9.999999747378752e-05
1405,1.0,0.003123953938484192,9.999999747378752e-05
1406,1.0,0.0024593244306743145,9.999999747378752e-05
1407,1.0,0.0034649549052119255,9.999999747378752e-05
1408,1.0,0.0026593010406941175,9.999999747378752e-05
1409,1.0,0.001082611153833568,9.999999747378752e-05
1410,1.0,0.0013568715658038855,9.999999747378752e-05
1411,1.0,0.003103716066107154,9.999999747378752e-05
1412,1.0,0.004721511155366898,9.999999747378752e-05
1413,1.0,0.002727445214986801,9.999999747378752e-05
1414,1.0,0.0006893236422911286,9.999999747378752e-05
1415,1.0,0.000804076436907053,9.999999747378752e-05
1416,1.0,0.0015397686511278152,9.999999747378752e-05
1417,1.0,0.004246678669005632,9.999999747378752e-05
1418,1.0,0.0017467301804572344,9.999999747378752e-05
1419,1.0,0.001857738709077239,9.999999747378752e-05
1420,1.0,0.0006391821661964059,9.999999747378752e-05
1421,1.0,0.0011062134290114045,9.999999747378752e-05
1422,1.0,0.0018525471678003669,9.999999747378752e-05
1423,1.0,0.0012242660159245133,9.999999747378752e-05
1424,1.0,0.0012157571036368608,9.999999747378752e-05
1425,1.0,0.00044188572792336345,9.999999747378752e-05
1426,1.0,0.0006594830192625523,9.999999747378752e-05
1427,1.0,0.0009412516956217587,9.999999747378752e-05
1428,1.0,0.003491205396130681,9.999999747378752e-05
1429,1.0,0.0010419079335406423,9.999999747378752e-05
1430,1.0,0.004949135240167379,9.999999747378752e-05
1431,1.0,0.0005135182873345912,9.999999747378752e-05
1432,1.0,0.001283627119846642,9.999999747378752e-05
1433,1.0,0.0024700798094272614,9.999999747378752e-05
1434,1.0,0.0018128681695088744,9.999999747378752e-05
1435,1.0,0.0011570792412385345,9.999999747378752e-05
1436,1.0,0.0019636396318674088,9.999999747378752e-05
1437,1.0,0.0005776203470304608,9.999999747378752e-05
1438,1.0,0.0007955193868838251,9.999999747378752e-05
1439,1.0,0.0006227346602827311,9.999999747378752e-05
1440,1.0,0.001216862234286964,9.999999747378752e-05
1441,1.0,0.0020694630220532417,9.999999747378752e-05
1442,1.0,0.0027427307795733213,9.999999747378752e-05
1443,1.0,0.0008344449452124536,9.999999747378752e-05
1444,1.0,0.0037055895663797855,9.999999747378752e-05
1445,1.0,0.002006059978157282,9.999999747378752e-05
1446,1.0,0.0020228102803230286,9.999999747378752e-05
1447,1.0,0.0005933289066888392,9.999999747378752e-05
1448,1.0,0.000712114735506475,9.999999747378752e-05
1449,1.0,0.0061841122806072235,9.999999747378752e-05
1450,1.0,0.0014149403432384133,9.999999747378752e-05
1451,1.0,0.004561886191368103,9.999999747378752e-05
1452,1.0,0.002140690805390477,9.999999747378752e-05
1453,1.0,0.0005393768660724163,9.999999747378752e-05
1454,1.0,0.0019621902611106634,9.999999747378752e-05
1455,1.0,0.0010186072904616594,9.999999747378752e-05
1456,1.0,0.002528656739741564,9.999999747378752e-05
1457,1.0,0.0014054090715944767,9.999999747378752e-05
1458,1.0,0.000917490222491324,9.999999747378752e-05
1459,1.0,0.005981091875582933,9.999999747378752e-05
1460,1.0,0.0010691274655982852,9.999999747378752e-05
1461,1.0,0.0013486535754054785,9.999999747378752e-05
1462,1.0,0.001298669958487153,9.999999747378752e-05
1463,1.0,0.0019980911165475845,9.999999747378752e-05
1464,1.0,0.0033326942939311266,9.999999747378752e-05
1465,1.0,0.0007707530166953802,9.999999747378752e-05
1466,1.0,0.0037760331761091948,9.999999747378752e-05
1467,1.0,0.005436691455543041,9.999999747378752e-05
1468,1.0,0.0014276679139584303,9.999999747378752e-05
1469,1.0,0.0019004938658326864,9.999999747378752e-05
1470,1.0,0.0024070069193840027,9.999999747378752e-05
1471,1.0,0.002564989263191819,9.999999747378752e-05
1472,1.0,0.0008047975716181099,9.999999747378752e-05
1473,1.0,0.003151219803839922,9.999999747378752e-05
1474,1.0,0.0031543138902634382,9.999999747378752e-05
1475,0.9926470518112183,0.012130490504205227,9.999999747378752e-05
1476,1.0,0.003344469703733921,9.999999747378752e-05
1477,1.0,0.003895081579685211,9.999999747378752e-05
1478,1.0,0.002188093727454543,9.999999747378752e-05
1479,1.0,0.0006718615768477321,9.999999747378752e-05
1480,1.0,0.0008622152381576598,9.999999747378752e-05
1481,1.0,0.0018427076283842325,9.999999747378752e-05
1482,1.0,0.00044825414079241455,9.999999747378752e-05
1483,1.0,0.0009372389758937061,9.999999747378752e-05
1484,1.0,0.0006563701317645609,9.999999747378752e-05
1485,1.0,0.0023060806561261415,9.999999747378752e-05
1486,1.0,0.0010774467373266816,9.999999747378752e-05
1487,1.0,0.0019891085103154182,9.999999747378752e-05
1488,1.0,0.0029882469680160284,9.999999747378752e-05
1489,1.0,0.0015502847963944077,9.999999747378752e-05
1490,1.0,0.0013416667934507132,9.999999747378752e-05
1491,1.0,0.0011318764882162213,9.999999747378752e-05
1492,1.0,0.0023795871529728174,9.999999747378752e-05
1493,0.9926470518112183,0.008070169948041439,9.999999747378752e-05
1494,0.9926470518112183,0.022876838222146034,9.999999747378752e-05
1495,1.0,0.004349808674305677,9.999999747378752e-05
1496,0.9926470518112183,0.01294771395623684,9.999999747378752e-05
1497,1.0,0.014280165545642376,9.999999747378752e-05
1498,1.0,0.007196312304586172,9.999999747378752e-05
1499,0.9926470518112183,0.019663944840431213,9.999999747378752e-05
1500,1.0,0.006713921669870615,9.999999747378752e-05
1501,1.0,0.005936119239777327,9.999999747378752e-05
1502,1.0,0.002943227766081691,9.999999747378752e-05
1503,1.0,0.00251666153781116,9.999999747378752e-05
1504,1.0,0.0013190461322665215,9.999999747378752e-05
1505,1.0,0.0027958573773503304,9.999999747378752e-05
1506,1.0,0.001702139968983829,9.999999747378752e-05
1507,1.0,0.0018299423390999436,9.999999747378752e-05
1508,1.0,0.0038554321508854628,9.999999747378752e-05
1509,1.0,0.0033826592843979597,9.999999747378752e-05
1510,1.0,0.002802430186420679,9.999999747378752e-05
1511,1.0,0.0022728820331394672,9.999999747378752e-05
1512,1.0,0.000781707582063973,9.999999747378752e-05
1513,1.0,0.0035642541479319334,9.999999747378752e-05
1514,1.0,0.0005319369374774396,9.999999747378752e-05
1515,1.0,0.0011526743182912469,9.999999747378752e-05
1516,1.0,0.0007792605319991708,9.999999747378752e-05
1517,1.0,0.0018840506672859192,9.999999747378752e-05
1518,1.0,0.0012723967665806413,9.999999747378752e-05
1519,1.0,0.001344376476481557,9.999999747378752e-05
1520,1.0,0.002230879617854953,9.999999747378752e-05
1521,1.0,0.002481721341609955,9.999999747378752e-05
1522,1.0,0.0023001786321401596,9.999999747378752e-05
1523,1.0,0.0019421731121838093,9.999999747378752e-05
1524,1.0,0.0013463825453072786,9.999999747378752e-05
1525,1.0,0.0021111643873155117,9.999999747378752e-05
1526,1.0,0.0025986626278609037,9.999999747378752e-05
1527,0.9926470518112183,0.01692109927535057,9.999999747378752e-05
1528,1.0,0.004823511000722647,9.999999747378752e-05
1529,1.0,0.01193341612815857,9.999999747378752e-05
1530,1.0,0.002982592675834894,9.999999747378752e-05
1531,1.0,0.003431597026064992,9.999999747378752e-05
1532,1.0,0.001898365211673081,9.999999747378752e-05
1533,1.0,0.0023331318516284227,9.999999747378752e-05
1534,1.0,0.0018313321052119136,9.999999747378752e-05
1535,1.0,0.0017095092916861176,9.999999747378752e-05
1536,1.0,0.0015842573484405875,9.999999747378752e-05
1537,1.0,0.001614901702851057,9.999999747378752e-05
1538,1.0,0.0013288358459249139,9.999999747378752e-05
1539,1.0,0.0005310382694005966,9.999999747378752e-05
1540,1.0,0.002305768197402358,9.999999747378752e-05
1541,1.0,0.002534208819270134,9.999999747378752e-05
1542,1.0,0.003691241145133972,9.999999747378752e-05
1543,1.0,0.0021661417558789253,9.999999747378752e-05
1544,1.0,0.0021230396814644337,9.999999747378752e-05
1545,1.0,0.0010053517762571573,9.999999747378752e-05
1546,1.0,0.0023090157192200422,9.999999747378752e-05
1547,1.0,0.00292269978672266,9.999999747378752e-05
1548,1.0,0.001497724442742765,9.999999747378752e-05
1549,1.0,0.0016260911943390965,9.999999747378752e-05
1550,1.0,0.000451297644758597,9.999999747378752e-05
1551,1.0,0.0008502829005010426,9.999999747378752e-05
1552,1.0,0.001096711726859212,9.999999747378752e-05
1553,1.0,0.001080628833733499,9.999999747378752e-05
1554,1.0,0.0006554289138875902,9.999999747378752e-05
1555,1.0,0.0006633508601225913,9.999999747378752e-05
1556,1.0,0.0015687798149883747,9.999999747378752e-05
1557,1.0,0.001341947354376316,9.999999747378752e-05
1558,1.0,0.0006268544238992035,9.999999747378752e-05
1559,1.0,0.0006459949072450399,9.999999747378752e-05
1560,1.0,0.0005496844532899559,9.999999747378752e-05
1561,1.0,0.001456040539778769,9.999999747378752e-05
1562,1.0,0.000950164336245507,9.999999747378752e-05
1563,1.0,0.00042288051918148994,9.999999747378752e-05
1564,1.0,0.0006393584772013128,9.999999747378752e-05
1565,1.0,0.0006821465212851763,9.999999747378752e-05
1566,1.0,0.00048135165707208216,9.999999747378752e-05
1567,1.0,0.0012687919661402702,9.999999747378752e-05
1568,1.0,0.0004662297142203897,9.999999747378752e-05
1569,1.0,0.001850377069786191,9.999999747378752e-05
1570,1.0,0.001351271872408688,9.999999747378752e-05
1571,1.0,0.0018526269122958183,9.999999747378752e-05
1572,1.0,0.0010064449161291122,9.999999747378752e-05
1573,1.0,0.0022032810375094414,9.999999747378752e-05
1574,1.0,0.0030176511500030756,9.999999747378752e-05
1575,1.0,0.001736589358188212,9.999999747378752e-05
1576,1.0,0.0009720526868477464,9.999999747378752e-05
1577,1.0,0.00172640779055655,9.999999747378752e-05
1578,1.0,0.0019154539331793785,9.999999747378752e-05
1579,1.0,0.0005196622223593295,9.999999747378752e-05
1580,1.0,0.0007130161975510418,9.999999747378752e-05
1581,1.0,0.004989463370293379,9.999999747378752e-05
1582,1.0,0.002963727805763483,9.999999747378752e-05
1583,1.0,0.004569845739752054,9.999999747378752e-05
1584,1.0,0.004288091324269772,9.999999747378752e-05
1585,1.0,0.000995021197013557,9.999999747378752e-05
1586,1.0,0.0041040945798158646,9.999999747378752e-05
1587,1.0,0.0006692091119475663,9.999999747378752e-05
1588,1.0,0.000989581341855228,9.999999747378752e-05
1589,1.0,0.001602183561772108,9.999999747378752e-05
1590,1.0,0.000465463352156803,9.999999747378752e-05
1591,1.0,0.007283005863428116,9.999999747378752e-05
1592,1.0,0.00292652053758502,9.999999747378752e-05
1593,1.0,0.001184423454105854,9.999999747378752e-05
1594,1.0,0.005841588135808706,9.999999747378752e-05
1595,1.0,0.008942036889493465,9.999999747378752e-05
1596,1.0,0.0025305217131972313,9.999999747378752e-05
1597,0.9926470518112183,0.01230135839432478,9.999999747378752e-05
1598,1.0,0.008173595182597637,9.999999747378752e-05
1599,0.9926470518112183,0.012553606182336807,9.999999747378752e-05
1600,1.0,0.0017647640779614449,9.999999747378752e-05
1601,1.0,0.010881920345127583,9.999999747378752e-05
1602,1.0,0.005818728357553482,9.999999747378752e-05
1603,1.0,0.007549709174782038,9.999999747378752e-05
1604,1.0,0.0015686393016949296,9.999999747378752e-05
1605,1.0,0.004309277515858412,9.999999747378752e-05
1606,1.0,0.0015809284523129463,9.999999747378752e-05
1607,1.0,0.0012920914450660348,9.999999747378752e-05
1608,1.0,0.0022203903645277023,9.999999747378752e-05
1609,1.0,0.0017603527521714568,9.999999747378752e-05
1610,1.0,0.002258524065837264,9.999999747378752e-05
1611,1.0,0.0007230964256450534,9.999999747378752e-05
1612,1.0,0.0023591152857989073,9.999999747378752e-05
1613,1.0,0.0012023495510220528,9.999999747378752e-05
1614,1.0,0.002483416348695755,9.999999747378752e-05
1615,1.0,0.0024815036449581385,9.999999747378752e-05
1616,1.0,0.0014922600239515305,9.999999747378752e-05
1617,1.0,0.0021584404166787863,9.999999747378752e-05
1618,1.0,0.004044237546622753,9.999999747378752e-05
1619,1.0,0.0009831684874370694,9.999999747378752e-05
1620,1.0,0.000700023549143225,9.999999747378752e-05
1621,1.0,0.0010389289818704128,9.999999747378752e-05
1622,1.0,0.0006756839575245976,9.999999747378752e-05
1623,1.0,0.0009237546473741531,9.999999747378752e-05
1624,1.0,0.0009952462278306484,9.999999747378752e-05
1625,1.0,0.000832805351819843,9.999999747378752e-05
1626,1.0,0.000716694223228842,9.999999747378752e-05
1627,1.0,0.0010394653072580695,9.999999747378752e-05
1628,1.0,0.001072307233698666,9.999999747378752e-05
1629,1.0,0.001019764575175941,9.999999747378752e-05
1630,1.0,0.003743628738448024,9.999999747378752e-05
1631,1.0,0.0012635801685974002,9.999999747378752e-05
1632,1.0,0.0011722483905032277,9.999999747378752e-05
1633,1.0,0.0008350222487933934,9.999999747378752e-05
1634,1.0,0.005086458753794432,9.999999747378752e-05
1635,1.0,0.0014570422936230898,9.999999747378752e-05
1636,1.0,0.0012259648647159338,9.999999747378752e-05
1637,1.0,0.0007200496038421988,9.999999747378752e-05
1638,1.0,0.0024968255311250687,9.999999747378752e-05
1639,1.0,0.002386135049164295,9.999999747378752e-05
1640,1.0,0.0005093222134746611,9.999999747378752e-05
1641,1.0,0.0013790408847853541,9.999999747378752e-05
1642,1.0,0.0030189845710992813,9.999999747378752e-05
1643,1.0,0.0020508267916738987,9.999999747378752e-05
1644,1.0,0.0028034383431077003,9.999999747378752e-05
1645,1.0,0.00035497298813425004,9.999999747378752e-05
1646,1.0,0.0008570883655920625,9.999999747378752e-05
1647,1.0,0.0007263945881277323,9.999999747378752e-05
1648,1.0,0.0009471334633417428,9.999999747378752e-05
1649,1.0,0.002330867573618889,9.999999747378752e-05
1650,1.0,0.0018533739494159818,9.999999747378752e-05
1651,1.0,0.0005875451024621725,9.999999747378752e-05
1652,1.0,0.0005844871629960835,9.999999747378752e-05
1653,1.0,0.0011599387507885695,9.999999747378752e-05
1654,1.0,0.0007423334172926843,9.999999747378752e-05
1655,1.0,0.0006273178732953966,9.999999747378752e-05
1656,1.0,0.0006722199614159763,9.999999747378752e-05
1657,1.0,0.0006628040573559701,9.999999747378752e-05
1658,1.0,0.0006001110887154937,9.999999747378752e-05
1659,1.0,0.0008460480603389442,9.999999747378752e-05
1660,1.0,0.0027840223629027605,9.999999747378752e-05
1661,1.0,0.003370582824572921,9.999999747378752e-05
1662,1.0,0.0008669377421028912,9.999999747378752e-05
1663,1.0,0.0022569068241864443,9.999999747378752e-05
1664,1.0,0.0026618416886776686,9.999999747378752e-05
1665,1.0,0.00066592131042853,9.999999747378752e-05
1666,1.0,0.0017181598814204335,9.999999747378752e-05
1667,1.0,0.000991320121102035,9.999999747378752e-05
1668,1.0,0.0006815693923272192,9.999999747378752e-05
1669,1.0,0.0005114612285979092,9.999999747378752e-05
1670,1.0,0.0004774700792040676,9.999999747378752e-05
1671,1.0,0.0004249176708981395,9.999999747378752e-05
1672,1.0,0.0020053633488714695,9.999999747378752e-05
1673,1.0,0.006821076385676861,9.999999747378752e-05
1674,1.0,0.0015293953474611044,9.999999747378752e-05
1675,1.0,0.004964356776326895,9.999999747378752e-05
1676,1.0,0.002130839740857482,9.999999747378752e-05
1677,1.0,0.01954750530421734,9.999999747378752e-05
1678,1.0,0.0020533334463834763,9.999999747378752e-05
1679,1.0,0.009996073320508003,9.999999747378752e-05
1680,1.0,0.0015867254696786404,9.999999747378752e-05
1681,1.0,0.0021046753972768784,9.999999747378752e-05
1682,1.0,0.0019089165143668652,9.999999747378752e-05
1683,1.0,0.003681720234453678,9.999999747378752e-05
1684,1.0,0.0023431028239428997,9.999999747378752e-05
1685,1.0,0.0019086537649855018,9.999999747378752e-05
1686,1.0,0.0013323193415999413,9.999999747378752e-05
1687,1.0,0.0007073355955071747,9.999999747378752e-05
1688,1.0,0.0005216491990722716,9.999999747378752e-05
1689,1.0,0.0012042132439091802,9.999999747378752e-05
1690,1.0,0.0005159527063369751,9.999999747378752e-05
1691,1.0,0.0012065926566720009,9.999999747378752e-05
1692,1.0,0.002646876033395529,9.999999747378752e-05
1693,1.0,0.0005867694271728396,9.999999747378752e-05
1694,1.0,0.00040796122630126774,9.999999747378752e-05
1695,1.0,0.0010496570030227304,9.999999747378752e-05
1696,1.0,0.0006713746697641909,9.999999747378752e-05
1697,1.0,0.0011297613382339478,9.999999747378752e-05
1698,1.0,0.0017507942393422127,9.999999747378752e-05
1699,1.0,0.0007770273950882256,9.999999747378752e-05
1700,1.0,0.00047034292947500944,9.999999747378752e-05
1701,1.0,0.001179809682071209,9.999999747378752e-05
1702,1.0,0.0018564132042229176,9.999999747378752e-05
1703,1.0,0.0006251066224649549,9.999999747378752e-05
1704,1.0,0.00043156807078048587,9.999999747378752e-05
1705,1.0,0.0009881379082798958,9.999999747378752e-05
1706,1.0,0.000588481780141592,9.999999747378752e-05
1707,1.0,0.008740917779505253,9.999999747378752e-05
1708,1.0,0.0030704860109835863,9.999999747378752e-05
1709,1.0,0.0024566841311752796,9.999999747378752e-05
1710,1.0,0.0038995658978819847,9.999999747378752e-05
1711,1.0,0.01108889002352953,9.999999747378752e-05
1712,1.0,0.0033795791678130627,9.999999747378752e-05
1713,1.0,0.007843410596251488,9.999999747378752e-05
1714,0.9926470518112183,0.015091794542968273,9.999999747378752e-05
1715,1.0,0.005693648476153612,9.999999747378752e-05
1716,1.0,0.005105243064463139,9.999999747378752e-05
1717,1.0,0.0009763824637047946,9.999999747378752e-05
1718,1.0,0.0023105298168957233,9.999999747378752e-05
1719,1.0,0.0013468997785821557,9.999999747378752e-05
1720,1.0,0.004721894860267639,9.999999747378752e-05
1721,1.0,0.0014932826161384583,9.999999747378752e-05
1722,1.0,0.002704498590901494,9.999999747378752e-05
1723,1.0,0.013425178825855255,9.999999747378752e-05
1724,1.0,0.0026338016614317894,9.999999747378752e-05
1725,1.0,0.0026281254831701517,9.999999747378752e-05
1726,1.0,0.00395401194691658,9.999999747378752e-05
1727,1.0,0.0063911862671375275,9.999999747378752e-05
1728,1.0,0.007881462574005127,9.999999747378752e-05
1729,1.0,0.0009607176179997623,9.999999747378752e-05
1730,1.0,0.0012758674565702677,9.999999747378752e-05
1731,1.0,0.004445748403668404,9.999999747378752e-05
1732,1.0,0.0007266358006745577,9.999999747378752e-05
1733,1.0,0.0011388239217922091,9.999999747378752e-05
1734,1.0,0.001507110195234418,9.999999747378752e-05
1735,1.0,0.0007181689143180847,9.999999747378752e-05
1736,0.9926470518112183,0.013891131617128849,9.999999747378752e-05
1737,1.0,0.0007459179032593966,9.999999747378752e-05
1738,0.9926470518112183,0.007865390740334988,9.999999747378752e-05
1739,1.0,0.004714018665254116,9.999999747378752e-05
1740,1.0,0.004898244980722666,9.999999747378752e-05
1741,1.0,0.0030296852346509695,9.999999747378752e-05
1742,1.0,0.0005130585632286966,9.999999747378752e-05
1743,1.0,0.00043319049291312695,9.999999747378752e-05
1744,1.0,0.003830481553450227,9.999999747378752e-05
1745,1.0,0.0006424230523407459,9.999999747378752e-05
1746,1.0,0.0020171504002064466,9.999999747378752e-05
1747,1.0,0.0019172020256519318,9.999999747378752e-05
1748,1.0,0.0004864920047111809,9.999999747378752e-05
1749,1.0,0.0003292621695436537,9.999999747378752e-05
1750,1.0,0.0008327509858645499,9.999999747378752e-05
1751,1.0,0.002699608216062188,9.999999747378752e-05
1752,1.0,0.0015498459106311202,9.999999747378752e-05
1753,1.0,0.0008160776924341917,9.999999747378752e-05
1754,1.0,0.003195208264514804,9.999999747378752e-05
1755,1.0,0.0014108838513493538,9.999999747378752e-05
1756,1.0,0.004286113660782576,9.999999747378752e-05
1757,1.0,0.0018115744460374117,9.999999747378752e-05
1758,1.0,0.0005110482452437282,9.999999747378752e-05
1759,1.0,0.00045581880840472877,9.999999747378752e-05
1760,1.0,0.004076759796589613,9.999999747378752e-05
1761,1.0,0.0007983114919625223,9.999999747378752e-05
1762,1.0,0.0008815743494778872,9.999999747378752e-05
1763,1.0,0.00048314189189113677,9.999999747378752e-05
1764,1.0,0.0007983673713169992,9.999999747378752e-05
1765,1.0,0.0009463827009312809,9.999999747378752e-05
1766,1.0,0.0002652379043865949,9.999999747378752e-05
1767,1.0,0.0005961896385997534,9.999999747378752e-05
1768,1.0,0.002717573894187808,9.999999747378752e-05
1769,1.0,0.00040316753438673913,9.999999747378752e-05
1770,1.0,0.002153307432308793,9.999999747378752e-05
1771,1.0,0.0008722266065888107,9.999999747378752e-05
1772,1.0,0.0007717134431004524,9.999999747378752e-05
1773,1.0,0.0005275456933304667,9.999999747378752e-05
1774,1.0,0.0007387727382592857,9.999999747378752e-05
1775,1.0,0.0012910745572298765,9.999999747378752e-05
1776,1.0,0.0010489464038982987,9.999999747378752e-05
1777,1.0,0.0016413092380389571,9.999999747378752e-05
1778,1.0,0.0003319711540825665,9.999999747378752e-05
1779,1.0,0.0018227128311991692,9.999999747378752e-05
1780,1.0,0.0029231414664536715,9.999999747378752e-05
1781,1.0,0.0025906595401465893,9.999999747378752e-05
1782,1.0,0.0010147590655833483,9.999999747378752e-05
1783,1.0,0.0010693857911974192,9.999999747378752e-05
1784,1.0,0.0022355264518409967,9.999999747378752e-05
1785,1.0,0.0021156538277864456,9.999999747378752e-05
1786,1.0,0.0011091576889157295,9.999999747378752e-05
1787,1.0,0.0013609210727736354,9.999999747378752e-05
1788,1.0,0.0006131278933025897,9.999999747378752e-05
1789,1.0,0.001664428971707821,9.999999747378752e-05
1790,1.0,0.0007933620363473892,9.999999747378752e-05
1791,1.0,0.0013881558552384377,9.999999747378752e-05
1792,1.0,0.0029133681673556566,9.999999747378752e-05
1793,1.0,0.0017135170055553317,9.999999747378752e-05
1794,1.0,0.0007121867965906858,9.999999747378752e-05
1795,1.0,0.0005910294130444527,9.999999747378752e-05
1796,1.0,0.0006192367291077971,9.999999747378752e-05
1797,1.0,0.00041099460213445127,9.999999747378752e-05
1798,1.0,0.0012980105821043253,9.999999747378752e-05
1799,1.0,0.00215928559191525,9.999999747378752e-05
1800,1.0,0.0010072836885228753,9.999999747378752e-05
1801,1.0,0.0018248233245685697,9.999999747378752e-05
1802,1.0,0.0007210131734609604,9.999999747378752e-05
1803,1.0,0.0010215896181762218,9.999999747378752e-05
1804,1.0,0.0005705122603103518,9.999999747378752e-05
1805,1.0,0.00048813887406140566,9.999999747378752e-05
1806,1.0,0.0019532074220478535,9.999999747378752e-05
1807,1.0,0.0005573407397605479,9.999999747378752e-05
1808,1.0,0.0007751202792860568,9.999999747378752e-05
1809,1.0,0.0009855447569862008,9.999999747378752e-05
1810,1.0,0.000538721214979887,9.999999747378752e-05
1811,1.0,0.0004605968715623021,9.999999747378752e-05
1812,1.0,0.0011820660438388586,9.999999747378752e-05
1813,1.0,0.0033059546258300543,9.999999747378752e-05
1814,1.0,0.0009824655717238784,9.999999747378752e-05
1815,1.0,0.00410046661272645,9.999999747378752e-05
1816,1.0,0.001251985551789403,9.999999747378752e-05
1817,1.0,0.0009882062440738082,9.999999747378752e-05
1818,1.0,0.0015275073237717152,9.999999747378752e-05
1819,1.0,0.0007773213437758386,9.999999747378752e-05
1820,1.0,0.0033201088663190603,9.999999747378752e-05
1821,0.9926470518112183,0.0450623519718647,9.999999747378752e-05
1822,0.9852941036224365,0.03629224747419357,9.999999747378752e-05
1823,0.9779411554336548,0.07533403486013412,9.999999747378752e-05
1824,0.9926470518112183,0.016403192654252052,9.999999747378752e-05
1825,0.9926470518112183,0.017431318759918213,9.999999747378752e-05
1826,1.0,0.013151664286851883,9.999999747378752e-05
1827,0.9926470518112183,0.026591993868350983,9.999999747378752e-05
1828,1.0,0.0025055150035768747,9.999999747378752e-05
1829,1.0,0.008798806928098202,9.999999747378752e-05
1830,1.0,0.005969729274511337,9.999999747378752e-05
1831,1.0,0.013396104797720909,9.999999747378752e-05
1832,1.0,0.0028103524819016457,9.999999747378752e-05
1833,1.0,0.0030611634720116854,9.999999747378752e-05
1834,1.0,0.003238281002268195,9.999999747378752e-05
1835,1.0,0.004438751842826605,9.999999747378752e-05
1836,1.0,0.002455491106957197,9.999999747378752e-05
1837,1.0,0.0019275188678875566,9.999999747378752e-05
1838,1.0,0.0006872204830870032,9.999999747378752e-05
1839,1.0,0.0029309780802577734,9.999999747378752e-05
1840,1.0,0.0009407527977600694,9.999999747378752e-05
1841,1.0,0.0028205798007547855,9.999999747378752e-05
1842,1.0,0.0020470479503273964,9.999999747378752e-05
1843,1.0,0.0022112198639661074,9.999999747378752e-05
1844,1.0,0.001143509871326387,9.999999747378752e-05
1845,1.0,0.0014185791369527578,9.999999747378752e-05
1846,1.0,0.0024529967922717333,9.999999747378752e-05
1847,1.0,0.00487746624276042,9.999999747378752e-05
1848,1.0,0.006651534698903561,9.999999747378752e-05
1849,1.0,0.0028840017039328814,9.999999747378752e-05
1850,1.0,0.0036129094660282135,9.999999747378752e-05
1851,1.0,0.00828512478619814,9.999999747378752e-05
1852,1.0,0.006430798675864935,9.999999747378752e-05
1853,1.0,0.00816398486495018,9.999999747378752e-05
1854,1.0,0.0011986930621787906,9.999999747378752e-05
1855,1.0,0.0024474437814205885,9.999999747378752e-05
1856,1.0,0.00764303607866168,9.999999747378752e-05
1857,1.0,0.0029753069393336773,9.999999747378752e-05
1858,1.0,0.0012414720840752125,9.999999747378752e-05
1859,1.0,0.0011570350034162402,9.999999747378752e-05
1860,1.0,0.0010750406654551625,9.999999747378752e-05
1861,1.0,0.0018658911576494575,9.999999747378752e-05
1862,1.0,0.0006931326352059841,9.999999747378752e-05
1863,1.0,0.0010327937779948115,9.999999747378752e-05
1864,1.0,0.0010084470268338919,9.999999747378752e-05
1865,1.0,0.0013177560176700354,9.999999747378752e-05
1866,1.0,0.0005785075481981039,9.999999747378752e-05
1867,1.0,0.0013407773803919554,9.999999747378752e-05
1868,1.0,0.0006957327132113278,9.999999747378752e-05
1869,1.0,0.0006653424934484065,9.999999747378752e-05
1870,1.0,0.0008235809509642422,9.999999747378752e-05
1871,1.0,0.001260019838809967,9.999999747378752e-05
1872,1.0,0.0005668930825777352,9.999999747378752e-05
1873,1.0,0.0006258514476940036,9.999999747378752e-05
1874,1.0,0.0015162586933001876,9.999999747378752e-05
1875,1.0,0.0011251685209572315,9.999999747378752e-05
1876,1.0,0.0019054419826716185,9.999999747378752e-05
1877,1.0,0.0011087163584306836,9.999999747378752e-05
1878,1.0,0.001995508559048176,9.999999747378752e-05
1879,1.0,0.0015728493453934789,9.999999747378752e-05
1880,1.0,0.0009105095523409545,9.999999747378752e-05
1881,1.0,0.0016231945483013988,9.999999747378752e-05
1882,1.0,0.0009303330443799496,9.999999747378752e-05
1883,1.0,0.0011917934753000736,9.999999747378752e-05
1884,1.0,0.0013325790641829371,9.999999747378752e-05
1885,1.0,0.0012517055729404092,9.999999747378752e-05
1886,1.0,0.001166478032246232,9.999999747378752e-05
1887,1.0,0.000868100265506655,9.999999747378752e-05
1888,1.0,0.004254939965903759,9.999999747378752e-05
1889,1.0,0.0006861493457108736,9.999999747378752e-05
1890,1.0,0.0011364390375092626,9.999999747378752e-05
1891,1.0,0.0004835009458474815,9.999999747378752e-05
1892,1.0,0.0025885167997330427,9.999999747378752e-05
1893,1.0,0.0003514890850055963,9.999999747378752e-05
1894,1.0,0.00043486044160090387,9.999999747378752e-05
1895,1.0,0.0010174716589972377,9.999999747378752e-05
1896,1.0,0.005823505111038685,9.999999747378752e-05
1897,1.0,0.000398577336454764,9.999999747378752e-05
1898,1.0,0.0007390564423985779,9.999999747378752e-05
1899,0.9852941036224365,0.029057687148451805,9.999999747378752e-05
1900,0.9926470518112183,0.01903407834470272,9.999999747378752e-05
1901,0.9926470518112183,0.02062506228685379,9.999999747378752e-05
1902,1.0,0.007006608881056309,9.999999747378752e-05
1903,1.0,0.007857036776840687,9.999999747378752e-05
1904,1.0,0.004929867573082447,9.999999747378752e-05
1905,1.0,0.0022035546135157347,9.999999747378752e-05
1906,1.0,0.0014342924114316702,9.999999747378752e-05
1907,1.0,0.006484469398856163,9.999999747378752e-05
1908,1.0,0.0022633173502981663,9.999999747378752e-05
1909,1.0,0.0015859277918934822,9.999999747378752e-05
1910,1.0,0.003702842630445957,9.999999747378752e-05
1911,1.0,0.0006867413758300245,9.999999747378752e-05
1912,1.0,0.003284925129264593,9.999999747378752e-05
1913,1.0,0.001097791362553835,9.999999747378752e-05
1914,1.0,0.0014037499204277992,9.999999747378752e-05
1915,1.0,0.0013727254699915648,9.999999747378752e-05
1916,1.0,0.0016179803060367703,9.999999747378752e-05
1917,1.0,0.002269878052175045,9.999999747378752e-05
1918,1.0,0.0011691708350554109,9.999999747378752e-05
1919,1.0,0.0013455958105623722,9.999999747378752e-05
1920,1.0,0.0007933088345453143,9.999999747378752e-05
1921,1.0,0.0010989517904818058,9.999999747378752e-05
1922,1.0,0.002043779008090496,9.999999747378752e-05
1923,1.0,0.0009063309407792985,9.999999747378752e-05
1924,1.0,0.002266272669658065,9.999999747378752e-05
1925,1.0,0.003803338622674346,9.999999747378752e-05
1926,1.0,0.0032047322019934654,9.999999747378752e-05
1927,1.0,0.0017753163119778037,9.999999747378752e-05
1928,1.0,0.0009728308650664985,9.999999747378752e-05
1929,1.0,0.002785980701446533,9.999999747378752e-05
1930,1.0,0.0010964840184897184,9.999999747378752e-05
1931,1.0,0.0007773404358886182,9.999999747378752e-05
1932,1.0,0.0008338647894561291,9.999999747378752e-05
1933,1.0,0.00090268743224442,9.999999747378752e-05
1934,1.0,0.0018176352605223656,9.999999747378752e-05
1935,1.0,0.0014851692831143737,9.999999747378752e-05
1936,1.0,0.0007726804469712079,9.999999747378752e-05
1937,1.0,0.0010847526136785746,9.999999747378752e-05
1938,1.0,0.001087948214262724,9.999999747378752e-05
1939,1.0,0.0005403713439591229,9.999999747378752e-05
1940,1.0,0.0014506032457575202,9.999999747378752e-05
1941,1.0,0.0006819664849899709,9.999999747378752e-05
1942,1.0,0.0027011630591005087,9.999999747378752e-05
1943,1.0,0.0006087752990424633,9.999999747378752e-05
1944,1.0,0.0006444809841923416,9.999999747378752e-05
1945,1.0,0.0006658521015197039,9.999999747378752e-05
1946,1.0,0.0012473518727347255,9.999999747378752e-05
1947,1.0,0.0006225902470760047,9.999999747378752e-05
1948,1.0,0.0035489490255713463,9.999999747378752e-05
1949,1.0,0.000734971254132688,9.999999747378752e-05
1950,1.0,0.000795390922576189,9.999999747378752e-05
1951,1.0,0.0011947250459343195,9.999999747378752e-05
1952,1.0,0.0013581020757555962,9.999999747378752e-05
1953,1.0,0.0009250813163816929,9.999999747378752e-05
1954,1.0,0.001054534106515348,9.999999747378752e-05
1955,1.0,0.0008480246178805828,9.999999747378752e-05
1956,1.0,0.002802995964884758,9.999999747378752e-05
1957,1.0,0.0011707321973517537,9.999999747378752e-05
1958,1.0,0.0024708120618015528,9.999999747378752e-05
1959,1.0,0.0016625365242362022,9.999999747378752e-05
1960,1.0,0.0007471957360394299,9.999999747378752e-05
1961,1.0,0.0006792985950596631,9.999999747378752e-05
1962,1.0,0.006551183294504881,9.999999747378752e-05
1963,1.0,0.004052432253956795,9.999999747378752e-05
1964,1.0,0.0012084110639989376,9.999999747378752e-05
1965,1.0,0.0012215173337608576,9.999999747378752e-05
1966,1.0,0.0014098306419327855,9.999999747378752e-05
1967,1.0,0.0016171755269169807,9.999999747378752e-05
1968,1.0,0.001287146471440792,9.999999747378752e-05
1969,1.0,0.0015026973560452461,9.999999747378752e-05
1970,1.0,0.0006645484827458858,9.999999747378752e-05
1971,1.0,0.0019918468315154314,9.999999747378752e-05
1972,1.0,0.0004495499306358397,9.999999747378752e-05
1973,1.0,0.0013435775181278586,9.999999747378752e-05
1974,1.0,0.0004951131413690746,9.999999747378752e-05
1975,1.0,0.002109563210979104,9.999999747378752e-05
1976,1.0,0.0011656427523121238,9.999999747378752e-05
1977,1.0,0.0014999005943536758,9.999999747378752e-05
1978,1.0,0.0004957448691129684,9.999999747378752e-05
1979,1.0,0.0009422554285265505,9.999999747378752e-05
1980,1.0,0.0010852547129616141,9.999999747378752e-05
1981,1.0,0.006992233917117119,9.999999747378752e-05
1982,1.0,0.001381460577249527,9.999999747378752e-05
1983,1.0,0.014227763749659061,9.999999747378752e-05
1984,1.0,0.005313941743224859,9.999999747378752e-05
1985,1.0,0.006072745192795992,9.999999747378752e-05
1986,1.0,0.0015074987895786762,9.999999747378752e-05
1987,1.0,0.010993443429470062,9.999999747378752e-05
1988,0.9926470518112183,0.01171489991247654,9.999999747378752e-05
1989,1.0,0.0038027679547667503,9.999999747378752e-05
1990,1.0,0.0020675805862993,9.999999747378752e-05
1991,1.0,0.002233282895758748,9.999999747378752e-05
1992,1.0,0.006223616190254688,9.999999747378752e-05
1993,0.9926470518112183,0.013351072557270527,9.999999747378752e-05
1994,1.0,0.0013963792007416487,9.999999747378752e-05
1995,1.0,0.004232186824083328,9.999999747378752e-05
1996,0.9926470518112183,0.007857388816773891,9.999999747378752e-05
1997,1.0,0.001496372278779745,9.999999747378752e-05
1998,0.9926470518112183,0.017928212881088257,9.999999747378752e-05
1999,1.0,0.002768326550722122,9.999999747378752e-05
