,categorical_accuracy,loss,learning_rate
0,0.8167701959609985,0.45589542388916016,0.0010000000474974513
1,0.8198757767677307,0.4560076892375946,0.0010000000474974513
2,0.8198757767677307,0.4417329728603363,0.0010000000474974513
3,0.8198757767677307,0.4373375177383423,0.0010000000474974513
4,0.8198757767677307,0.43580490350723267,0.0010000000474974513
5,0.8198757767677307,0.4298027455806732,0.0010000000474974513
6,0.8198757767677307,0.43305784463882446,0.0010000000474974513
7,0.8136646151542664,0.42589932680130005,0.0010000000474974513
8,0.8198757767677307,0.4256554841995239,0.0010000000474974513
9,0.8136646151542664,0.4314619302749634,0.0010000000474974513
10,0.8229813575744629,0.4231058359146118,0.0010000000474974513
11,0.8198757767677307,0.413779079914093,0.0010000000474974513
12,0.8167701959609985,0.4088312089443207,0.0010000000474974513
13,0.8105590343475342,0.3963407278060913,0.0010000000474974513
14,0.8198757767677307,0.41929376125335693,0.0010000000474974513
15,0.8291925191879272,0.3955242931842804,0.0010000000474974513
16,0.8229813575744629,0.391949325799942,0.0010000000474974513
17,0.8447204828262329,0.4023934006690979,0.0010000000474974513
18,0.8260869383811951,0.3904639482498169,0.0010000000474974513
19,0.8291925191879272,0.38229140639305115,0.0010000000474974513
20,0.8540372848510742,0.3493911027908325,0.0010000000474974513
21,0.8478260636329651,0.35137853026390076,0.0010000000474974513
22,0.8540372848510742,0.3584286570549011,0.0010000000474974513
23,0.8571428656578064,0.34574249386787415,0.0010000000474974513
24,0.8478260636329651,0.34807026386260986,0.0010000000474974513
25,0.8602484464645386,0.33702585101127625,0.0010000000474974513
26,0.8416149020195007,0.3686981797218323,0.0010000000474974513
27,0.850931704044342,0.3287925124168396,0.0010000000474974513
28,0.8633540272712708,0.3093596398830414,0.0010000000474974513
29,0.8447204828262329,0.3358084559440613,0.0010000000474974513
30,0.7950310707092285,0.39860478043556213,0.0010000000474974513
31,0.8633540272712708,0.36290907859802246,0.0010000000474974513
32,0.8540372848510742,0.3304329216480255,0.0010000000474974513
33,0.8447204828262329,0.32088083028793335,0.0010000000474974513
34,0.8757764101028442,0.2975919544696808,0.0010000000474974513
35,0.8602484464645386,0.3141067326068878,0.0010000000474974513
36,0.8850931525230408,0.30883529782295227,0.0010000000474974513
37,0.8633540272712708,0.30873894691467285,0.0010000000474974513
38,0.9006211161613464,0.2742074131965637,0.0010000000474974513
39,0.8819875717163086,0.26708099246025085,0.0010000000474974513
40,0.8975155353546143,0.29358330368995667,0.0010000000474974513
41,0.8788819909095764,0.26362544298171997,0.0010000000474974513
42,0.8726708292961121,0.28692084550857544,0.0010000000474974513
43,0.9223602414131165,0.2644910514354706,0.0010000000474974513
44,0.8850931525230408,0.2661730647087097,0.0010000000474974513
45,0.9130434989929199,0.24424076080322266,0.0010000000474974513
46,0.9192546606063843,0.2288561463356018,0.0010000000474974513
47,0.8633540272712708,0.2856485843658447,0.0010000000474974513
48,0.8757764101028442,0.272775799036026,0.0010000000474974513
49,0.9037266969680786,0.2572735548019409,0.0010000000474974513
50,0.9161490797996521,0.20382577180862427,0.0010000000474974513
51,0.9068322777748108,0.20994558930397034,0.0010000000474974513
52,0.8819875717163086,0.27949008345603943,0.0010000000474974513
53,0.8944099545478821,0.23671822249889374,0.0010000000474974513
54,0.9192546606063843,0.21407164633274078,0.0010000000474974513
55,0.9161490797996521,0.17961524426937103,0.0010000000474974513
56,0.8664596080780029,0.3474752604961395,0.0010000000474974513
57,0.8571428656578064,0.30524009466171265,0.0010000000474974513
58,0.9006211161613464,0.2458079606294632,0.0010000000474974513
59,0.9347826242446899,0.2189110964536667,0.0010000000474974513
60,0.9037266969680786,0.22125966846942902,0.0010000000474974513
61,0.888198733329773,0.2776077687740326,0.0010000000474974513
62,0.9316770434379578,0.2242511510848999,0.0010000000474974513
63,0.9472049474716187,0.1883215457201004,0.0010000000474974513
64,0.9378882050514221,0.1819736659526825,0.0010000000474974513
65,0.9440993666648865,0.1830606311559677,0.0010000000474974513
66,0.9472049474716187,0.1649777591228485,0.0010000000474974513
67,0.9596273303031921,0.14406146109104156,0.0010000000474974513
68,0.9751552939414978,0.12690378725528717,0.0010000000474974513
69,0.9285714030265808,0.1746051013469696,0.0010000000474974513
70,0.9627329111099243,0.13296599686145782,0.0010000000474974513
71,0.9751552939414978,0.12156239151954651,0.0010000000474974513
72,0.9627329111099243,0.1328466683626175,0.0010000000474974513
73,0.9254658222198486,0.2530941963195801,0.0010000000474974513
74,0.8944099545478821,0.23982049524784088,0.0010000000474974513
75,0.9534161686897278,0.17526499927043915,0.0010000000474974513
76,0.9627329111099243,0.18288791179656982,0.0010000000474974513
77,0.95652174949646,0.14811761677265167,0.0010000000474974513
78,0.9658384919166565,0.14526444673538208,0.0010000000474974513
79,0.9689440727233887,0.11696972697973251,0.0010000000474974513
80,0.9751552939414978,0.10499899834394455,0.0010000000474974513
81,0.9906832575798035,0.07756979763507843,0.0010000000474974513
82,0.9875776171684265,0.08332559466362,0.0010000000474974513
83,0.9689440727233887,0.1052275151014328,0.0010000000474974513
84,0.9875776171684265,0.08555974066257477,0.0010000000474974513
85,0.9347826242446899,0.17229586839675903,0.0010000000474974513
86,0.8633540272712708,0.31556233763694763,0.0010000000474974513
87,0.9534161686897278,0.20562519133090973,0.0010000000474974513
88,0.9440993666648865,0.1657485067844391,0.0010000000474974513
89,0.9503105878829956,0.1501721739768982,0.0010000000474974513
90,0.9596273303031921,0.1488824486732483,0.0010000000474974513
91,0.9720497131347656,0.10979010164737701,0.0010000000474974513
92,0.9751552939414978,0.10774732381105423,0.0010000000474974513
93,0.95652174949646,0.12438992410898209,0.0010000000474974513
94,0.9472049474716187,0.15152199566364288,0.0010000000474974513
95,0.9875776171684265,0.10038100183010101,0.0010000000474974513
96,0.9751552939414978,0.10423070192337036,0.0010000000474974513
97,0.9720497131347656,0.085648313164711,0.0010000000474974513
98,0.9844720363616943,0.07633564621210098,0.0010000000474974513
99,0.9875776171684265,0.0683426484465599,0.0010000000474974513
100,0.9844720363616943,0.05291938781738281,0.0010000000474974513
101,0.9813664555549622,0.09202198684215546,0.0010000000474974513
102,0.9813664555549622,0.07702015340328217,0.0010000000474974513
103,0.9937888383865356,0.058706555515527725,0.0010000000474974513
104,0.97826087474823,0.0971091017127037,0.0010000000474974513
105,0.9658384919166565,0.11773192137479782,0.0010000000474974513
106,0.9720497131347656,0.1086941733956337,0.0010000000474974513
107,0.9223602414131165,0.18566082417964935,0.0010000000474974513
108,0.9844720363616943,0.0954592376947403,0.0010000000474974513
109,0.9813664555549622,0.07813180983066559,0.0010000000474974513
110,0.9937888383865356,0.04808899760246277,0.0010000000474974513
111,0.95652174949646,0.1053154245018959,0.0010000000474974513
112,0.9161490797996521,0.20367592573165894,0.0010000000474974513
113,0.9596273303031921,0.12977300584316254,0.0010000000474974513
114,0.9813664555549622,0.09872172772884369,0.0010000000474974513
115,0.9875776171684265,0.07047652453184128,0.0010000000474974513
116,0.9875776171684265,0.07407411187887192,0.0010000000474974513
117,0.97826087474823,0.06872773915529251,0.0010000000474974513
118,0.9968944191932678,0.045206960290670395,0.0010000000474974513
119,0.9937888383865356,0.03800331428647041,0.0010000000474974513
120,1.0,0.03862589970231056,0.0010000000474974513
121,0.9937888383865356,0.0373142771422863,0.0010000000474974513
122,0.9906832575798035,0.053078021854162216,0.0010000000474974513
123,0.9937888383865356,0.03256763890385628,0.0010000000474974513
124,0.9968944191932678,0.030144495889544487,0.0010000000474974513
125,0.9906832575798035,0.0461793877184391,0.0010000000474974513
126,0.9968944191932678,0.02765471301972866,0.0010000000474974513
127,0.9906832575798035,0.03547949716448784,0.0010000000474974513
128,0.9937888383865356,0.03258617967367172,0.0010000000474974513
129,0.9472049474716187,0.12863802909851074,0.0010000000474974513
130,0.9875776171684265,0.05924816429615021,0.0010000000474974513
131,0.9813664555549622,0.06758087128400803,0.0010000000474974513
132,0.9689440727233887,0.08388466387987137,0.0010000000474974513
133,0.9937888383865356,0.039974700659513474,0.0010000000474974513
134,0.9968944191932678,0.02983745187520981,0.0010000000474974513
135,0.9937888383865356,0.03596337512135506,0.0010000000474974513
136,0.9968944191932678,0.025040360167622566,0.0010000000474974513
137,0.9937888383865356,0.02225879766047001,0.0010000000474974513
138,1.0,0.02084362506866455,0.0010000000474974513
139,0.9937888383865356,0.02154642343521118,0.0010000000474974513
140,0.9968944191932678,0.02574554830789566,0.0010000000474974513
141,0.9968944191932678,0.025917338207364082,0.0010000000474974513
142,0.9968944191932678,0.01882592774927616,0.0010000000474974513
143,1.0,0.015300333499908447,0.0010000000474974513
144,0.9906832575798035,0.024738028645515442,0.0010000000474974513
145,0.9937888383865356,0.0312519334256649,0.0010000000474974513
146,0.9875776171684265,0.04082726687192917,0.0010000000474974513
147,0.9906832575798035,0.03219563513994217,0.0010000000474974513
148,1.0,0.021020231768488884,0.0010000000474974513
149,0.9968944191932678,0.02621675282716751,0.0010000000474974513
150,0.9968944191932678,0.027482982724905014,0.0010000000474974513
151,0.9161490797996521,0.25169944763183594,0.0010000000474974513
152,0.9068322777748108,0.2510715126991272,0.0010000000474974513
153,0.9844720363616943,0.08838865906000137,0.0010000000474974513
154,0.9968944191932678,0.045305054634809494,0.0010000000474974513
155,0.9937888383865356,0.047731343656778336,0.0010000000474974513
156,0.9844720363616943,0.060030799359083176,0.0010000000474974513
157,0.95652174949646,0.14108668267726898,0.0010000000474974513
158,0.8695651888847351,0.3205704092979431,0.0010000000474974513
159,0.9161490797996521,0.223691925406456,0.0010000000474974513
160,0.9440993666648865,0.1538643091917038,0.0010000000474974513
161,0.9844720363616943,0.09879688918590546,0.0010000000474974513
162,0.9813664555549622,0.08422879129648209,0.0010000000474974513
163,0.9906832575798035,0.06910006701946259,0.0010000000474974513
164,0.9968944191932678,0.049165647476911545,0.0010000000474974513
165,0.9906832575798035,0.03712430223822594,0.0010000000474974513
166,0.97826087474823,0.0700155720114708,0.0010000000474974513
167,0.9875776171684265,0.05566485598683357,0.0010000000474974513
168,0.9937888383865356,0.03372842073440552,0.0010000000474974513
169,0.9968944191932678,0.028609568253159523,0.0010000000474974513
170,1.0,0.022124605253338814,0.0010000000474974513
171,1.0,0.03309027850627899,0.0010000000474974513
172,0.9937888383865356,0.03181365132331848,0.0010000000474974513
173,1.0,0.019649794325232506,0.0010000000474974513
174,0.9968944191932678,0.029711924493312836,0.0010000000474974513
175,1.0,0.01331261359155178,0.0010000000474974513
176,1.0,0.010571123100817204,0.0010000000474974513
177,1.0,0.013087485916912556,0.0010000000474974513
178,0.9751552939414978,0.08348863571882248,0.0010000000474974513
179,0.9844720363616943,0.04843714088201523,0.0010000000474974513
180,0.9689440727233887,0.0761609673500061,0.0010000000474974513
181,0.9813664555549622,0.09334956109523773,0.0010000000474974513
182,0.9844720363616943,0.06263868510723114,0.0010000000474974513
183,1.0,0.023071423172950745,0.0010000000474974513
184,0.9968944191932678,0.027723724022507668,0.0010000000474974513
185,0.9968944191932678,0.021420741453766823,0.0010000000474974513
186,0.9968944191932678,0.01647769659757614,0.0010000000474974513
187,0.9968944191932678,0.012942984700202942,0.0010000000474974513
188,0.9906832575798035,0.04671727493405342,0.0010000000474974513
189,0.9720497131347656,0.10658993571996689,0.0010000000474974513
190,0.97826087474823,0.08536367118358612,0.0010000000474974513
191,0.9968944191932678,0.055454958230257034,0.0010000000474974513
192,0.9906832575798035,0.04125874117016792,0.0010000000474974513
193,0.9813664555549622,0.07009696960449219,0.0010000000474974513
194,1.0,0.025690685957670212,0.0010000000474974513
195,0.9968944191932678,0.023398203775286674,0.0010000000474974513
196,0.9937888383865356,0.024068301543593407,0.0010000000474974513
197,0.9937888383865356,0.036942191421985626,0.0010000000474974513
198,0.9813664555549622,0.04143252968788147,0.0010000000474974513
199,0.9968944191932678,0.017913907766342163,0.0010000000474974513
200,1.0,0.014391482807695866,0.0010000000474974513
201,1.0,0.015309739857912064,0.0010000000474974513
202,0.9906832575798035,0.04108515754342079,0.0010000000474974513
203,0.9844720363616943,0.03518987447023392,0.0010000000474974513
204,0.9968944191932678,0.030693089589476585,0.0010000000474974513
205,0.97826087474823,0.05637610703706741,0.0010000000474974513
206,0.9968944191932678,0.01316955965012312,0.0010000000474974513
207,0.9937888383865356,0.024835551157593727,0.0010000000474974513
208,0.9192546606063843,0.2513478994369507,0.0010000000474974513
209,0.9534161686897278,0.13875624537467957,0.0010000000474974513
210,0.9875776171684265,0.0674227923154831,0.0010000000474974513
211,1.0,0.03835781291127205,0.0010000000474974513
212,0.9875776171684265,0.044336628168821335,0.0010000000474974513
213,0.95652174949646,0.10337337851524353,0.0010000000474974513
214,0.9844720363616943,0.06063384190201759,0.0010000000474974513
215,0.9875776171684265,0.05239422246813774,0.0010000000474974513
216,0.9937888383865356,0.04661335051059723,0.0010000000474974513
217,0.8602484464645386,0.40678727626800537,0.0010000000474974513
218,0.9689440727233887,0.10231781005859375,0.0010000000474974513
219,0.9906832575798035,0.05412997305393219,0.0010000000474974513
220,0.9968944191932678,0.03414340689778328,0.0010000000474974513
221,0.9844720363616943,0.06455972790718079,0.0010000000474974513
222,0.9906832575798035,0.04948140308260918,0.0010000000474974513
223,1.0,0.0275984276086092,0.0010000000474974513
224,1.0,0.021861577406525612,0.0010000000474974513
225,0.9937888383865356,0.03616955131292343,0.0010000000474974513
226,0.97826087474823,0.0906011313199997,0.0010000000474974513
227,0.9813664555549622,0.08565789461135864,0.0005000000237487257
228,0.9937888383865356,0.058180902153253555,0.0005000000237487257
229,0.9968944191932678,0.028227675706148148,0.0005000000237487257
230,1.0,0.024138137698173523,0.0005000000237487257
231,1.0,0.015373656526207924,0.0005000000237487257
232,1.0,0.014062048867344856,0.0005000000237487257
233,0.9968944191932678,0.014533968642354012,0.0005000000237487257
234,0.9844720363616943,0.06662159413099289,0.0005000000237487257
235,0.9937888383865356,0.03479624539613724,0.0005000000237487257
236,1.0,0.018496843054890633,0.0005000000237487257
237,1.0,0.014835811220109463,0.0005000000237487257
238,0.9937888383865356,0.02795875445008278,0.0005000000237487257
239,0.9968944191932678,0.026893852278590202,0.0005000000237487257
240,1.0,0.010777096264064312,0.0005000000237487257
241,1.0,0.012817258015275002,0.0005000000237487257
242,0.9968944191932678,0.01460306067019701,0.0005000000237487257
243,0.95652174949646,0.09811853617429733,0.0005000000237487257
244,0.9937888383865356,0.03618275001645088,0.0005000000237487257
245,0.9968944191932678,0.02280755341053009,0.0005000000237487257
246,0.9937888383865356,0.021702516824007034,0.0005000000237487257
247,0.9906832575798035,0.03706769645214081,0.0005000000237487257
248,0.9968944191932678,0.022034352645277977,0.0005000000237487257
249,0.9968944191932678,0.0163780115544796,0.0005000000237487257
250,0.9968944191932678,0.01958415098488331,0.0005000000237487257
251,0.9968944191932678,0.013179171830415726,0.0005000000237487257
252,1.0,0.008530084043741226,0.0005000000237487257
253,1.0,0.012256026268005371,0.0005000000237487257
254,1.0,0.0062264129519462585,0.0005000000237487257
255,1.0,0.007971386425197124,0.0005000000237487257
256,0.9968944191932678,0.011205661110579967,0.0005000000237487257
257,0.9937888383865356,0.013607913628220558,0.0005000000237487257
258,0.9968944191932678,0.010281186550855637,0.0005000000237487257
259,1.0,0.008645224384963512,0.0005000000237487257
260,1.0,0.011377842165529728,0.0005000000237487257
261,1.0,0.007273409049957991,0.0005000000237487257
262,0.9968944191932678,0.010254696011543274,0.0005000000237487257
263,1.0,0.007647721096873283,0.0005000000237487257
264,1.0,0.01257640402764082,0.0005000000237487257
265,1.0,0.011634343303740025,0.0005000000237487257
266,0.9968944191932678,0.007785468362271786,0.0005000000237487257
267,0.9968944191932678,0.010006047785282135,0.0005000000237487257
268,1.0,0.009391836822032928,0.0005000000237487257
269,1.0,0.010011762380599976,0.0005000000237487257
270,0.9906832575798035,0.026809150353074074,0.0005000000237487257
271,1.0,0.018028931692242622,0.0005000000237487257
272,0.9937888383865356,0.03639954328536987,0.0005000000237487257
273,0.9937888383865356,0.045301783829927444,0.0005000000237487257
274,1.0,0.027862895280122757,0.0005000000237487257
275,0.9937888383865356,0.020857295021414757,0.0005000000237487257
276,1.0,0.012165225110948086,0.0005000000237487257
277,1.0,0.014139932580292225,0.0005000000237487257
278,1.0,0.00991799682378769,0.0005000000237487257
279,1.0,0.011759540066123009,0.0005000000237487257
280,0.9968944191932678,0.009373053908348083,0.0005000000237487257
281,1.0,0.006709148641675711,0.0005000000237487257
282,1.0,0.006721071433275938,0.0005000000237487257
283,1.0,0.007511212956160307,0.0005000000237487257
284,1.0,0.011507682502269745,0.0005000000237487257
285,1.0,0.006376338191330433,0.0005000000237487257
286,1.0,0.004226737655699253,0.0005000000237487257
287,1.0,0.00654210802167654,0.0005000000237487257
288,1.0,0.005234498530626297,0.0005000000237487257
289,1.0,0.006610425189137459,0.0005000000237487257
290,0.9968944191932678,0.0077491020783782005,0.0005000000237487257
291,1.0,0.005553822033107281,0.0005000000237487257
292,0.9968944191932678,0.006485029589384794,0.0005000000237487257
293,1.0,0.004546836484223604,0.0005000000237487257
294,1.0,0.0074715325608849525,0.0005000000237487257
295,1.0,0.005498836282640696,0.0005000000237487257
296,0.9937888383865356,0.015587488189339638,0.0005000000237487257
297,0.9813664555549622,0.07384840399026871,0.0005000000237487257
298,0.9627329111099243,0.07714687287807465,0.0005000000237487257
299,0.9968944191932678,0.03188508749008179,0.0005000000237487257
300,0.9937888383865356,0.01828874461352825,0.0005000000237487257
301,1.0,0.013079836964607239,0.0005000000237487257
302,0.9937888383865356,0.034813035279512405,0.0005000000237487257
303,0.9844720363616943,0.05230727791786194,0.0005000000237487257
304,0.9906832575798035,0.045195166021585464,0.0005000000237487257
305,0.9503105878829956,0.11061859130859375,0.0005000000237487257
306,0.9968944191932678,0.01961873471736908,0.0005000000237487257
307,1.0,0.010104554705321789,0.0005000000237487257
308,0.9968944191932678,0.018898261711001396,0.0005000000237487257
309,1.0,0.006792276632040739,0.0005000000237487257
310,1.0,0.00860971212387085,0.0005000000237487257
311,1.0,0.011945237405598164,0.0005000000237487257
312,1.0,0.0084946658462286,0.0005000000237487257
313,1.0,0.005000720266252756,0.0005000000237487257
314,0.9968944191932678,0.010573290288448334,0.0005000000237487257
315,0.9968944191932678,0.013058777898550034,0.0005000000237487257
316,1.0,0.007874524220824242,0.0005000000237487257
317,1.0,0.006892308592796326,0.0005000000237487257
318,1.0,0.006480770651251078,0.0005000000237487257
319,1.0,0.006178122479468584,0.0005000000237487257
320,1.0,0.005012947600334883,0.0005000000237487257
321,1.0,0.0048675029538571835,0.0005000000237487257
322,0.9937888383865356,0.01194840669631958,0.0005000000237487257
323,1.0,0.006724415346980095,0.0005000000237487257
324,0.9968944191932678,0.014058902859687805,0.0005000000237487257
325,1.0,0.01142963208258152,0.0005000000237487257
326,0.9968944191932678,0.009705005213618279,0.0005000000237487257
327,0.9968944191932678,0.009082372300326824,0.0005000000237487257
328,1.0,0.008120179176330566,0.0005000000237487257
329,1.0,0.004221021197736263,0.0005000000237487257
330,0.9968944191932678,0.015326552093029022,0.0005000000237487257
331,1.0,0.005949873942881823,0.0005000000237487257
332,0.9968944191932678,0.01381230354309082,0.0005000000237487257
333,0.9968944191932678,0.010875786654651165,0.0005000000237487257
334,1.0,0.008280005306005478,0.0005000000237487257
335,1.0,0.006604812107980251,0.0005000000237487257
336,0.9968944191932678,0.0066009098663926125,0.0005000000237487257
337,1.0,0.006426723673939705,0.0002500000118743628
338,1.0,0.003558591939508915,0.0002500000118743628
339,1.0,0.003107226686552167,0.0002500000118743628
340,0.9968944191932678,0.009443489834666252,0.0002500000118743628
341,0.9968944191932678,0.0061289407312870026,0.0002500000118743628
342,1.0,0.0038151703774929047,0.0002500000118743628
343,1.0,0.004570710938423872,0.0002500000118743628
344,1.0,0.0026874674949795008,0.0002500000118743628
345,1.0,0.0025154459290206432,0.0002500000118743628
346,1.0,0.0031516540329903364,0.0002500000118743628
347,1.0,0.0033090345095843077,0.0002500000118743628
348,1.0,0.0035446714609861374,0.0002500000118743628
349,1.0,0.0026469510048627853,0.0002500000118743628
350,1.0,0.003213325748220086,0.0002500000118743628
351,1.0,0.0028165802359580994,0.0002500000118743628
352,1.0,0.003926370292901993,0.0002500000118743628
353,1.0,0.007863113656640053,0.0002500000118743628
354,1.0,0.0035919893998652697,0.0002500000118743628
355,1.0,0.0035833301953971386,0.0002500000118743628
356,1.0,0.005441685207188129,0.0002500000118743628
357,0.9968944191932678,0.007366927340626717,0.0002500000118743628
358,1.0,0.007270077709108591,0.0002500000118743628
359,0.9968944191932678,0.005869413260370493,0.0002500000118743628
360,1.0,0.004340103827416897,0.0002500000118743628
361,1.0,0.0036750284489244223,0.0002500000118743628
362,1.0,0.0021873365622013807,0.0002500000118743628
363,1.0,0.003522969549521804,0.0002500000118743628
364,1.0,0.0044314186088740826,0.0002500000118743628
365,0.9937888383865356,0.011250012554228306,0.0002500000118743628
366,1.0,0.002353719202801585,0.0002500000118743628
367,1.0,0.0052173868753015995,0.0002500000118743628
368,1.0,0.002560666296631098,0.0002500000118743628
369,1.0,0.0035059023648500443,0.0002500000118743628
370,1.0,0.0026812280993908644,0.0002500000118743628
371,1.0,0.004235092084854841,0.0002500000118743628
372,1.0,0.0037133805453777313,0.0002500000118743628
373,1.0,0.0031693698838353157,0.0002500000118743628
374,1.0,0.00346913724206388,0.0002500000118743628
375,1.0,0.005854508373886347,0.0002500000118743628
376,1.0,0.004560133907943964,0.0002500000118743628
377,1.0,0.003654728876426816,0.0002500000118743628
378,1.0,0.005134040489792824,0.0002500000118743628
379,0.9968944191932678,0.0064394474029541016,0.0002500000118743628
380,1.0,0.010496655479073524,0.0002500000118743628
381,1.0,0.0052178241312503815,0.0002500000118743628
382,1.0,0.003070240840315819,0.0002500000118743628
383,1.0,0.0028140232898294926,0.0002500000118743628
384,1.0,0.0032191271893680096,0.0002500000118743628
385,1.0,0.004430484492331743,0.0002500000118743628
386,1.0,0.0028677694499492645,0.0002500000118743628
387,1.0,0.003666648641228676,0.0002500000118743628
388,1.0,0.003994748927652836,0.0002500000118743628
389,1.0,0.0019387201173231006,0.0002500000118743628
390,1.0,0.002324962755665183,0.0002500000118743628
391,1.0,0.0014146979665383697,0.0002500000118743628
392,1.0,0.00281230709515512,0.0002500000118743628
393,1.0,0.0026345085352659225,0.0002500000118743628
394,1.0,0.004409133922308683,0.0002500000118743628
395,0.9906832575798035,0.027363339439034462,0.0002500000118743628
396,0.9968944191932678,0.02120319940149784,0.0002500000118743628
397,1.0,0.007098224479705095,0.0002500000118743628
398,1.0,0.007350172381848097,0.0002500000118743628
399,1.0,0.006705533713102341,0.0002500000118743628
400,1.0,0.0057959482073783875,0.0002500000118743628
401,1.0,0.0031049626413732767,0.0002500000118743628
402,0.9968944191932678,0.011985820718109608,0.0002500000118743628
403,1.0,0.005339034367352724,0.0002500000118743628
404,1.0,0.006157627794891596,0.0002500000118743628
405,1.0,0.00516118761152029,0.0002500000118743628
406,1.0,0.0026908384170383215,0.0002500000118743628
407,1.0,0.0032392062712460756,0.0002500000118743628
408,1.0,0.004055588040500879,0.0002500000118743628
409,1.0,0.002941847313195467,0.0002500000118743628
410,1.0,0.004983882885426283,0.0002500000118743628
411,1.0,0.005054424051195383,0.0002500000118743628
412,0.9937888383865356,0.0380084328353405,0.0002500000118743628
413,0.9689440727233887,0.08243712782859802,0.0002500000118743628
414,1.0,0.03125413507223129,0.0002500000118743628
415,0.9937888383865356,0.04213285818696022,0.0002500000118743628
416,1.0,0.02556394785642624,0.0002500000118743628
417,1.0,0.014577511698007584,0.0002500000118743628
418,1.0,0.009577549062669277,0.0002500000118743628
419,1.0,0.008399145677685738,0.0002500000118743628
420,1.0,0.01109873317182064,0.0002500000118743628
421,1.0,0.007575769443064928,0.0002500000118743628
422,1.0,0.008038421161472797,0.0002500000118743628
423,1.0,0.006081465166062117,0.0002500000118743628
424,1.0,0.007473462726920843,0.0002500000118743628
425,1.0,0.007630468346178532,0.0002500000118743628
426,1.0,0.009273944422602654,0.0002500000118743628
427,0.9968944191932678,0.017224621027708054,0.0002500000118743628
428,0.9937888383865356,0.03677559643983841,0.0002500000118743628
429,1.0,0.02414909563958645,0.0002500000118743628
430,1.0,0.013933884911239147,0.0002500000118743628
431,1.0,0.009089818224310875,0.0002500000118743628
432,0.9968944191932678,0.011522691696882248,0.0002500000118743628
433,1.0,0.006847478449344635,0.0002500000118743628
434,1.0,0.009959941729903221,0.0002500000118743628
435,1.0,0.0045652431435883045,0.0002500000118743628
436,0.9937888383865356,0.03405735641717911,0.0002500000118743628
437,1.0,0.021503614261746407,0.0002500000118743628
438,1.0,0.025104662403464317,0.0002500000118743628
439,1.0,0.014827791601419449,0.0002500000118743628
440,1.0,0.009741411544382572,0.0002500000118743628
441,1.0,0.00992427859455347,0.0002500000118743628
442,1.0,0.006820651236921549,0.0001250000059371814
443,1.0,0.0046851453371346,0.0001250000059371814
444,1.0,0.005727625917643309,0.0001250000059371814
445,1.0,0.006993316113948822,0.0001250000059371814
446,1.0,0.005515197291970253,0.0001250000059371814
447,1.0,0.006231444887816906,0.0001250000059371814
448,1.0,0.007353835739195347,0.0001250000059371814
449,1.0,0.004691600799560547,0.0001250000059371814
450,1.0,0.0060493494383990765,0.0001250000059371814
451,1.0,0.003381829708814621,0.0001250000059371814
452,1.0,0.004188437480479479,0.0001250000059371814
453,0.9968944191932678,0.00634077750146389,0.0001250000059371814
454,0.9906832575798035,0.032400187104940414,0.0001250000059371814
455,1.0,0.008724994957447052,0.0001250000059371814
456,1.0,0.006577257066965103,0.0001250000059371814
457,1.0,0.0057023558765649796,0.0001250000059371814
458,1.0,0.004508232697844505,0.0001250000059371814
459,1.0,0.00822398904711008,0.0001250000059371814
460,1.0,0.006763470824807882,0.0001250000059371814
461,1.0,0.005819829646497965,0.0001250000059371814
462,1.0,0.0037803391460329294,0.0001250000059371814
463,1.0,0.004420459736138582,0.0001250000059371814
464,1.0,0.00505272438749671,0.0001250000059371814
465,0.9968944191932678,0.012423297390341759,0.0001250000059371814
466,1.0,0.004062039311975241,0.0001250000059371814
467,1.0,0.0043572732247412205,0.0001250000059371814
468,1.0,0.00461603794246912,0.0001250000059371814
469,1.0,0.002662176499143243,0.0001250000059371814
470,1.0,0.003145146183669567,0.0001250000059371814
471,1.0,0.005822653882205486,0.0001250000059371814
472,1.0,0.0033381369430571795,0.0001250000059371814
473,1.0,0.003958047367632389,0.0001250000059371814
474,1.0,0.0033889005426317453,0.0001250000059371814
475,0.9968944191932678,0.00709701981395483,0.0001250000059371814
476,1.0,0.0029999292455613613,0.0001250000059371814
477,1.0,0.0055162860080599785,0.0001250000059371814
478,1.0,0.002920140279456973,0.0001250000059371814
479,1.0,0.0022358165588229895,0.0001250000059371814
480,1.0,0.002121587051078677,0.0001250000059371814
481,1.0,0.0037978116888552904,0.0001250000059371814
482,1.0,0.002302414970472455,0.0001250000059371814
483,1.0,0.005646068602800369,0.0001250000059371814
484,1.0,0.005253646057099104,0.0001250000059371814
485,1.0,0.01184900663793087,0.0001250000059371814
486,0.9968944191932678,0.011385980062186718,0.0001250000059371814
487,1.0,0.012958393432199955,0.0001250000059371814
488,1.0,0.004992897622287273,0.0001250000059371814
489,1.0,0.004150737076997757,0.0001250000059371814
490,1.0,0.00427041994407773,0.0001250000059371814
491,1.0,0.002852469217032194,0.0001250000059371814
492,1.0,0.0031705854926258326,9.999999747378752e-05
493,1.0,0.0029712377581745386,9.999999747378752e-05
494,1.0,0.007071857340633869,9.999999747378752e-05
495,0.9968944191932678,0.005635576788336039,9.999999747378752e-05
496,1.0,0.0028425180353224277,9.999999747378752e-05
497,1.0,0.006188756320625544,9.999999747378752e-05
498,1.0,0.004002225119620562,9.999999747378752e-05
499,1.0,0.004071127623319626,9.999999747378752e-05
500,1.0,0.005249884445220232,9.999999747378752e-05
501,1.0,0.0028381822630763054,9.999999747378752e-05
502,1.0,0.002835941733792424,9.999999747378752e-05
503,1.0,0.002086481312289834,9.999999747378752e-05
504,1.0,0.0031043689232319593,9.999999747378752e-05
505,1.0,0.0031310294289141893,9.999999747378752e-05
506,1.0,0.0032540278043597937,9.999999747378752e-05
507,1.0,0.002619754057377577,9.999999747378752e-05
508,1.0,0.00918581523001194,9.999999747378752e-05
509,1.0,0.0018752015894278884,9.999999747378752e-05
510,1.0,0.0026296493597328663,9.999999747378752e-05
511,1.0,0.0024837569799274206,9.999999747378752e-05
512,1.0,0.0029920930974185467,9.999999747378752e-05
513,1.0,0.004197763279080391,9.999999747378752e-05
514,1.0,0.004842088092118502,9.999999747378752e-05
515,0.9968944191932678,0.006076262332499027,9.999999747378752e-05
516,1.0,0.003159248735755682,9.999999747378752e-05
517,1.0,0.0023279848974198103,9.999999747378752e-05
518,1.0,0.0028907281812280416,9.999999747378752e-05
519,1.0,0.0029160906560719013,9.999999747378752e-05
520,1.0,0.0013610022142529488,9.999999747378752e-05
521,1.0,0.0018865667516365647,9.999999747378752e-05
522,1.0,0.002337760291993618,9.999999747378752e-05
523,1.0,0.004353060852736235,9.999999747378752e-05
524,0.9968944191932678,0.0147650595754385,9.999999747378752e-05
525,1.0,0.013297849334776402,9.999999747378752e-05
526,1.0,0.006628729403018951,9.999999747378752e-05
527,0.9937888383865356,0.025368252769112587,9.999999747378752e-05
528,1.0,0.009770093485713005,9.999999747378752e-05
529,1.0,0.009619386866688728,9.999999747378752e-05
530,1.0,0.006339054089039564,9.999999747378752e-05
531,1.0,0.002716874936595559,9.999999747378752e-05
532,0.9968944191932678,0.005678312387317419,9.999999747378752e-05
533,0.9968944191932678,0.005059333518147469,9.999999747378752e-05
534,1.0,0.0032381548080593348,9.999999747378752e-05
535,1.0,0.004177649971097708,9.999999747378752e-05
536,1.0,0.0030488986521959305,9.999999747378752e-05
537,1.0,0.002971888752654195,9.999999747378752e-05
538,1.0,0.0033121283631771803,9.999999747378752e-05
539,1.0,0.0028492650017142296,9.999999747378752e-05
540,1.0,0.0023653770331293344,9.999999747378752e-05
541,1.0,0.002367198932915926,9.999999747378752e-05
542,0.9968944191932678,0.03349508345127106,9.999999747378752e-05
543,0.9968944191932678,0.03173282742500305,9.999999747378752e-05
544,0.9937888383865356,0.03536820411682129,9.999999747378752e-05
545,1.0,0.006642562337219715,9.999999747378752e-05
546,1.0,0.007219284772872925,9.999999747378752e-05
547,1.0,0.004536507651209831,9.999999747378752e-05
548,1.0,0.004563658498227596,9.999999747378752e-05
549,1.0,0.0027109936345368624,9.999999747378752e-05
550,1.0,0.005076784640550613,9.999999747378752e-05
551,1.0,0.004254564177244902,9.999999747378752e-05
552,1.0,0.004188729915767908,9.999999747378752e-05
553,1.0,0.003128096926957369,9.999999747378752e-05
554,0.9968944191932678,0.006086524110287428,9.999999747378752e-05
555,1.0,0.0062376512214541435,9.999999747378752e-05
556,1.0,0.011634394526481628,9.999999747378752e-05
557,0.9937888383865356,0.03364497423171997,9.999999747378752e-05
558,1.0,0.01786752976477146,9.999999747378752e-05
559,0.9937888383865356,0.02864614874124527,9.999999747378752e-05
560,0.9968944191932678,0.012726709246635437,9.999999747378752e-05
561,1.0,0.015843316912651062,9.999999747378752e-05
562,1.0,0.005645106080919504,9.999999747378752e-05
563,1.0,0.003919918555766344,9.999999747378752e-05
564,1.0,0.0035027731209993362,9.999999747378752e-05
565,1.0,0.002558579435572028,9.999999747378752e-05
566,1.0,0.0036409671884030104,9.999999747378752e-05
567,1.0,0.004203217104077339,9.999999747378752e-05
568,1.0,0.00740406010299921,9.999999747378752e-05
569,1.0,0.0032568261958658695,9.999999747378752e-05
570,1.0,0.004080289974808693,9.999999747378752e-05
571,1.0,0.0021484182216227055,9.999999747378752e-05
572,1.0,0.003103808267042041,9.999999747378752e-05
573,1.0,0.004093365743756294,9.999999747378752e-05
574,1.0,0.00285294558852911,9.999999747378752e-05
575,1.0,0.004802858456969261,9.999999747378752e-05
576,1.0,0.0019325404427945614,9.999999747378752e-05
577,1.0,0.003565438324585557,9.999999747378752e-05
578,1.0,0.0027888331096619368,9.999999747378752e-05
579,1.0,0.005250818096101284,9.999999747378752e-05
580,0.9937888383865356,0.02015836164355278,9.999999747378752e-05
581,1.0,0.013859409838914871,9.999999747378752e-05
582,0.9968944191932678,0.016867611557245255,9.999999747378752e-05
583,1.0,0.005428795237094164,9.999999747378752e-05
584,1.0,0.00617514131590724,9.999999747378752e-05
585,1.0,0.006189684849232435,9.999999747378752e-05
586,1.0,0.0041960119269788265,9.999999747378752e-05
587,1.0,0.002401193371042609,9.999999747378752e-05
588,1.0,0.0022366775665432215,9.999999747378752e-05
589,1.0,0.0028013093397021294,9.999999747378752e-05
590,1.0,0.0025446852669119835,9.999999747378752e-05
591,1.0,0.003303090576082468,9.999999747378752e-05
592,1.0,0.002768566133454442,9.999999747378752e-05
593,0.9968944191932678,0.005839525256305933,9.999999747378752e-05
594,1.0,0.002625655382871628,9.999999747378752e-05
595,1.0,0.0024493522942066193,9.999999747378752e-05
596,0.9968944191932678,0.005711173173040152,9.999999747378752e-05
597,1.0,0.004127525724470615,9.999999747378752e-05
598,1.0,0.002000189619138837,9.999999747378752e-05
599,1.0,0.0027228398248553276,9.999999747378752e-05
600,1.0,0.0025853558909147978,9.999999747378752e-05
601,1.0,0.0017295933794230223,9.999999747378752e-05
602,1.0,0.0025325766764581203,9.999999747378752e-05
603,0.9937888383865356,0.02467573620378971,9.999999747378752e-05
604,1.0,0.013215727172791958,9.999999747378752e-05
605,1.0,0.0098237544298172,9.999999747378752e-05
606,1.0,0.0048352559097111225,9.999999747378752e-05
607,0.9937888383865356,0.01924070157110691,9.999999747378752e-05
608,1.0,0.004723643884062767,9.999999747378752e-05
609,1.0,0.005241301376372576,9.999999747378752e-05
610,1.0,0.005768857896327972,9.999999747378752e-05
611,1.0,0.017888478934764862,9.999999747378752e-05
612,1.0,0.008223411627113819,9.999999747378752e-05
613,1.0,0.006122537422925234,9.999999747378752e-05
614,1.0,0.0026979618705809116,9.999999747378752e-05
615,1.0,0.0038889858406037092,9.999999747378752e-05
616,1.0,0.002491650404408574,9.999999747378752e-05
617,1.0,0.002658404177054763,9.999999747378752e-05
618,0.9968944191932678,0.004358050413429737,9.999999747378752e-05
619,0.9968944191932678,0.015567307360470295,9.999999747378752e-05
620,0.9968944191932678,0.014209735207259655,9.999999747378752e-05
621,1.0,0.008608191274106503,9.999999747378752e-05
622,1.0,0.0051263319328427315,9.999999747378752e-05
623,1.0,0.006702767219394445,9.999999747378752e-05
624,1.0,0.004046224057674408,9.999999747378752e-05
625,1.0,0.004306517541408539,9.999999747378752e-05
626,1.0,0.002713937545195222,9.999999747378752e-05
627,1.0,0.004106441047042608,9.999999747378752e-05
628,1.0,0.0037542395293712616,9.999999747378752e-05
629,1.0,0.0034589534625411034,9.999999747378752e-05
630,1.0,0.003001269418746233,9.999999747378752e-05
631,1.0,0.004246698692440987,9.999999747378752e-05
632,1.0,0.003920891787856817,9.999999747378752e-05
633,0.9968944191932678,0.007423354312777519,9.999999747378752e-05
634,1.0,0.0034929350949823856,9.999999747378752e-05
635,1.0,0.0030585990753024817,9.999999747378752e-05
636,1.0,0.0027141273021698,9.999999747378752e-05
637,1.0,0.002297916216775775,9.999999747378752e-05
638,0.9968944191932678,0.006107596214860678,9.999999747378752e-05
639,1.0,0.0021972956601530313,9.999999747378752e-05
640,0.9937888383865356,0.026998484507203102,9.999999747378752e-05
641,1.0,0.013613582588732243,9.999999747378752e-05
642,1.0,0.01152355968952179,9.999999747378752e-05
643,1.0,0.009592668153345585,9.999999747378752e-05
644,1.0,0.004550927318632603,9.999999747378752e-05
645,1.0,0.005755680147558451,9.999999747378752e-05
646,1.0,0.002652357565239072,9.999999747378752e-05
647,1.0,0.003340604482218623,9.999999747378752e-05
648,1.0,0.0023916440550237894,9.999999747378752e-05
649,1.0,0.002834844635799527,9.999999747378752e-05
650,1.0,0.003124003764241934,9.999999747378752e-05
651,1.0,0.0025316565297544003,9.999999747378752e-05
652,1.0,0.005023096688091755,9.999999747378752e-05
653,0.9968944191932678,0.005129107739776373,9.999999747378752e-05
654,1.0,0.0028175553306937218,9.999999747378752e-05
655,1.0,0.0017199579160660505,9.999999747378752e-05
656,1.0,0.0028389282524585724,9.999999747378752e-05
657,1.0,0.0024206354282796383,9.999999747378752e-05
658,1.0,0.0022290158085525036,9.999999747378752e-05
659,1.0,0.0030683104414492846,9.999999747378752e-05
660,1.0,0.0023560402914881706,9.999999747378752e-05
661,1.0,0.005642866250127554,9.999999747378752e-05
662,1.0,0.0023271057289093733,9.999999747378752e-05
663,1.0,0.003261659760028124,9.999999747378752e-05
664,1.0,0.0018291131127625704,9.999999747378752e-05
665,1.0,0.003614310175180435,9.999999747378752e-05
666,1.0,0.0027091209776699543,9.999999747378752e-05
667,1.0,0.0018500670557841659,9.999999747378752e-05
668,1.0,0.0031206589192152023,9.999999747378752e-05
669,1.0,0.005226943641901016,9.999999747378752e-05
670,1.0,0.005672530271112919,9.999999747378752e-05
671,1.0,0.002489690901711583,9.999999747378752e-05
672,1.0,0.004079920239746571,9.999999747378752e-05
673,1.0,0.002079885918647051,9.999999747378752e-05
674,0.9906832575798035,0.023607881739735603,9.999999747378752e-05
675,1.0,0.012928263284265995,9.999999747378752e-05
676,1.0,0.012527937069535255,9.999999747378752e-05
677,1.0,0.004722850862890482,9.999999747378752e-05
678,1.0,0.005993025843054056,9.999999747378752e-05
679,1.0,0.0024318292271345854,9.999999747378752e-05
680,1.0,0.002809544326737523,9.999999747378752e-05
681,1.0,0.0025836359709501266,9.999999747378752e-05
682,1.0,0.0033973802346736193,9.999999747378752e-05
683,0.9968944191932678,0.004774176049977541,9.999999747378752e-05
684,1.0,0.0047503202222287655,9.999999747378752e-05
685,1.0,0.0026427365373820066,9.999999747378752e-05
686,1.0,0.0028245048597455025,9.999999747378752e-05
687,1.0,0.002763936761766672,9.999999747378752e-05
688,1.0,0.0026904104743152857,9.999999747378752e-05
689,1.0,0.003996122162789106,9.999999747378752e-05
690,1.0,0.00722077302634716,9.999999747378752e-05
691,1.0,0.006676253397017717,9.999999747378752e-05
692,1.0,0.002106997650116682,9.999999747378752e-05
693,1.0,0.006713396869599819,9.999999747378752e-05
694,1.0,0.0015186475357040763,9.999999747378752e-05
695,1.0,0.004203845281153917,9.999999747378752e-05
696,0.9968944191932678,0.005970498081296682,9.999999747378752e-05
697,1.0,0.004133202135562897,9.999999747378752e-05
698,1.0,0.003981033805757761,9.999999747378752e-05
699,1.0,0.004021713510155678,9.999999747378752e-05
700,1.0,0.00267564388923347,9.999999747378752e-05
701,1.0,0.002666813787072897,9.999999747378752e-05
702,1.0,0.003304197220131755,9.999999747378752e-05
703,1.0,0.0024190405383706093,9.999999747378752e-05
704,1.0,0.002925815060734749,9.999999747378752e-05
705,1.0,0.004226520657539368,9.999999747378752e-05
706,0.9968944191932678,0.005296939518302679,9.999999747378752e-05
707,1.0,0.003003608202561736,9.999999747378752e-05
708,1.0,0.0030130320228636265,9.999999747378752e-05
709,1.0,0.004358256235718727,9.999999747378752e-05
710,1.0,0.002669854089617729,9.999999747378752e-05
711,1.0,0.0032815919257700443,9.999999747378752e-05
712,1.0,0.0023767428938299417,9.999999747378752e-05
713,1.0,0.002828156342729926,9.999999747378752e-05
714,1.0,0.002570854499936104,9.999999747378752e-05
715,1.0,0.002408467000350356,9.999999747378752e-05
716,1.0,0.00368316238746047,9.999999747378752e-05
717,1.0,0.002146495273336768,9.999999747378752e-05
718,1.0,0.0067171272821724415,9.999999747378752e-05
719,1.0,0.0017614240059629083,9.999999747378752e-05
720,1.0,0.001932574319653213,9.999999747378752e-05
721,1.0,0.0016759464051574469,9.999999747378752e-05
722,1.0,0.0024648290127515793,9.999999747378752e-05
723,1.0,0.00227030785754323,9.999999747378752e-05
724,1.0,0.0020533117931336164,9.999999747378752e-05
725,1.0,0.0021815572399646044,9.999999747378752e-05
726,1.0,0.001214897260069847,9.999999747378752e-05
727,1.0,0.0020136283710598946,9.999999747378752e-05
728,1.0,0.0013229830656200647,9.999999747378752e-05
729,1.0,0.0021949135698378086,9.999999747378752e-05
730,0.9937888383865356,0.02225731685757637,9.999999747378752e-05
731,1.0,0.015863776206970215,9.999999747378752e-05
732,0.9937888383865356,0.03555617853999138,9.999999747378752e-05
733,0.9937888383865356,0.023418033495545387,9.999999747378752e-05
734,1.0,0.005996847525238991,9.999999747378752e-05
735,1.0,0.006688278634101152,9.999999747378752e-05
736,1.0,0.0031891283579170704,9.999999747378752e-05
737,1.0,0.0026266423519700766,9.999999747378752e-05
738,1.0,0.0028075797017663717,9.999999747378752e-05
739,1.0,0.0035357808228582144,9.999999747378752e-05
740,1.0,0.004878968931734562,9.999999747378752e-05
741,1.0,0.0027373770717531443,9.999999747378752e-05
742,1.0,0.004050783347338438,9.999999747378752e-05
743,1.0,0.002671825001016259,9.999999747378752e-05
744,1.0,0.002007052768021822,9.999999747378752e-05
745,1.0,0.002398376353085041,9.999999747378752e-05
746,1.0,0.0026561354752629995,9.999999747378752e-05
747,1.0,0.0033174685668200254,9.999999747378752e-05
748,1.0,0.0032151222694665194,9.999999747378752e-05
749,1.0,0.0034037227742373943,9.999999747378752e-05
750,1.0,0.0022298020776361227,9.999999747378752e-05
751,1.0,0.0021916627883911133,9.999999747378752e-05
752,1.0,0.0037708161398768425,9.999999747378752e-05
753,1.0,0.0032231297809630632,9.999999747378752e-05
754,1.0,0.0024245972745120525,9.999999747378752e-05
755,1.0,0.0017350451089441776,9.999999747378752e-05
756,1.0,0.0017821970395743847,9.999999747378752e-05
757,1.0,0.002876869635656476,9.999999747378752e-05
758,1.0,0.0033330332953482866,9.999999747378752e-05
759,1.0,0.0034417861606925726,9.999999747378752e-05
760,1.0,0.0016474007861688733,9.999999747378752e-05
761,1.0,0.0014967821771278977,9.999999747378752e-05
762,1.0,0.0016497578471899033,9.999999747378752e-05
763,1.0,0.0034428827930241823,9.999999747378752e-05
764,1.0,0.0038696874398738146,9.999999747378752e-05
765,0.9968944191932678,0.009542719461023808,9.999999747378752e-05
766,0.9968944191932678,0.010309482924640179,9.999999747378752e-05
767,1.0,0.00300471275113523,9.999999747378752e-05
768,1.0,0.0027959684375673532,9.999999747378752e-05
769,1.0,0.003762864274904132,9.999999747378752e-05
770,0.9968944191932678,0.008211721666157246,9.999999747378752e-05
771,1.0,0.003036895301192999,9.999999747378752e-05
772,1.0,0.0019405713537707925,9.999999747378752e-05
773,1.0,0.0020194591488689184,9.999999747378752e-05
774,1.0,0.0039795017801225185,9.999999747378752e-05
775,1.0,0.001699085347354412,9.999999747378752e-05
776,1.0,0.0022568535059690475,9.999999747378752e-05
777,1.0,0.001535197370685637,9.999999747378752e-05
778,1.0,0.002748396247625351,9.999999747378752e-05
779,1.0,0.002559567801654339,9.999999747378752e-05
780,1.0,0.0026026489213109016,9.999999747378752e-05
781,1.0,0.0018440381390973926,9.999999747378752e-05
782,1.0,0.0018095431150868535,9.999999747378752e-05
783,1.0,0.0014131915522739291,9.999999747378752e-05
784,1.0,0.005195761099457741,9.999999747378752e-05
785,1.0,0.0072785913944244385,9.999999747378752e-05
786,1.0,0.0034387419000267982,9.999999747378752e-05
787,1.0,0.0024920322466641665,9.999999747378752e-05
788,1.0,0.003331697778776288,9.999999747378752e-05
789,1.0,0.0016047869576141238,9.999999747378752e-05
790,1.0,0.0015542779583483934,9.999999747378752e-05
791,1.0,0.0026852628216147423,9.999999747378752e-05
792,0.9937888383865356,0.02195211686193943,9.999999747378752e-05
793,0.9968944191932678,0.020037636160850525,9.999999747378752e-05
794,1.0,0.011937662027776241,9.999999747378752e-05
795,1.0,0.005695831961929798,9.999999747378752e-05
796,1.0,0.003601736854761839,9.999999747378752e-05
797,1.0,0.0028711252380162477,9.999999747378752e-05
798,1.0,0.003281076904386282,9.999999747378752e-05
799,1.0,0.004200165160000324,9.999999747378752e-05
800,0.9968944191932678,0.00633808970451355,9.999999747378752e-05
801,0.9906832575798035,0.024878129363059998,9.999999747378752e-05
802,1.0,0.011843499727547169,9.999999747378752e-05
803,1.0,0.0035523108672350645,9.999999747378752e-05
804,0.9968944191932678,0.005013417452573776,9.999999747378752e-05
805,0.9968944191932678,0.011977668851613998,9.999999747378752e-05
806,1.0,0.007433572318404913,9.999999747378752e-05
807,1.0,0.003701881505548954,9.999999747378752e-05
808,1.0,0.0029304781928658485,9.999999747378752e-05
809,1.0,0.0026807032991200686,9.999999747378752e-05
810,1.0,0.006456561852246523,9.999999747378752e-05
811,1.0,0.0018873114604502916,9.999999747378752e-05
812,1.0,0.0016282207798212767,9.999999747378752e-05
813,1.0,0.002191166626289487,9.999999747378752e-05
814,1.0,0.002663740888237953,9.999999747378752e-05
815,1.0,0.0024772980250418186,9.999999747378752e-05
816,1.0,0.0017018794314935803,9.999999747378752e-05
817,1.0,0.002271491102874279,9.999999747378752e-05
818,1.0,0.002690807683393359,9.999999747378752e-05
819,1.0,0.002217532368376851,9.999999747378752e-05
820,1.0,0.0040590716525912285,9.999999747378752e-05
821,1.0,0.0020220568403601646,9.999999747378752e-05
822,1.0,0.0019601560197770596,9.999999747378752e-05
823,1.0,0.0018291285960003734,9.999999747378752e-05
824,1.0,0.002195025561377406,9.999999747378752e-05
825,1.0,0.0027548603247851133,9.999999747378752e-05
826,1.0,0.0025765502359718084,9.999999747378752e-05
827,1.0,0.002684511709958315,9.999999747378752e-05
828,1.0,0.0018429483752697706,9.999999747378752e-05
829,1.0,0.0012535350397229195,9.999999747378752e-05
830,1.0,0.003061284078285098,9.999999747378752e-05
831,1.0,0.002930582733824849,9.999999747378752e-05
832,1.0,0.001488418085500598,9.999999747378752e-05
833,1.0,0.0011130638886243105,9.999999747378752e-05
834,1.0,0.002746337791904807,9.999999747378752e-05
835,1.0,0.00143661058973521,9.999999747378752e-05
836,1.0,0.0014709383249282837,9.999999747378752e-05
837,0.9968944191932678,0.00556955998763442,9.999999747378752e-05
838,1.0,0.0021533456165343523,9.999999747378752e-05
839,1.0,0.0015671534929424524,9.999999747378752e-05
840,0.9937888383865356,0.030358383432030678,9.999999747378752e-05
841,1.0,0.0196823813021183,9.999999747378752e-05
842,1.0,0.011018313467502594,9.999999747378752e-05
843,1.0,0.006104161962866783,9.999999747378752e-05
844,1.0,0.009924322366714478,9.999999747378752e-05
845,0.9906832575798035,0.031211793422698975,9.999999747378752e-05
846,1.0,0.009946342557668686,9.999999747378752e-05
847,1.0,0.005773067008703947,9.999999747378752e-05
848,1.0,0.004253983963280916,9.999999747378752e-05
849,1.0,0.004184840712696314,9.999999747378752e-05
850,1.0,0.004514720290899277,9.999999747378752e-05
851,1.0,0.008537476882338524,9.999999747378752e-05
852,1.0,0.00282843504101038,9.999999747378752e-05
853,1.0,0.002095617353916168,9.999999747378752e-05
854,1.0,0.004157925024628639,9.999999747378752e-05
855,0.9968944191932678,0.004854201339185238,9.999999747378752e-05
856,0.9968944191932678,0.011964901350438595,9.999999747378752e-05
857,1.0,0.0103852404281497,9.999999747378752e-05
858,1.0,0.004069616552442312,9.999999747378752e-05
859,1.0,0.0032868573907762766,9.999999747378752e-05
860,1.0,0.0031124711968004704,9.999999747378752e-05
861,1.0,0.0016522329533472657,9.999999747378752e-05
862,0.9968944191932678,0.004850944969803095,9.999999747378752e-05
863,1.0,0.002903145272284746,9.999999747378752e-05
864,1.0,0.0022082047071307898,9.999999747378752e-05
865,1.0,0.0028332602232694626,9.999999747378752e-05
866,1.0,0.0050730318762362,9.999999747378752e-05
867,1.0,0.00261687277816236,9.999999747378752e-05
868,1.0,0.0018860301934182644,9.999999747378752e-05
869,1.0,0.0015889526112005115,9.999999747378752e-05
870,1.0,0.00423065572977066,9.999999747378752e-05
871,1.0,0.003225388703867793,9.999999747378752e-05
872,1.0,0.002629961585626006,9.999999747378752e-05
873,1.0,0.0019765894394367933,9.999999747378752e-05
874,0.9937888383865356,0.022004449740052223,9.999999747378752e-05
875,1.0,0.0075729405507445335,9.999999747378752e-05
876,1.0,0.008609451353549957,9.999999747378752e-05
877,1.0,0.004738235846161842,9.999999747378752e-05
878,1.0,0.002462482312694192,9.999999747378752e-05
879,1.0,0.002245707204565406,9.999999747378752e-05
880,1.0,0.003255372168496251,9.999999747378752e-05
881,1.0,0.003226866712793708,9.999999747378752e-05
882,1.0,0.0030905199237167835,9.999999747378752e-05
883,1.0,0.0019246295560151339,9.999999747378752e-05
884,1.0,0.004053749609738588,9.999999747378752e-05
885,1.0,0.0033170506358146667,9.999999747378752e-05
886,0.9937888383865356,0.025039998814463615,9.999999747378752e-05
887,1.0,0.014843163080513477,9.999999747378752e-05
888,0.9968944191932678,0.019682878628373146,9.999999747378752e-05
889,0.9937888383865356,0.036768168210983276,9.999999747378752e-05
890,1.0,0.01490784715861082,9.999999747378752e-05
891,1.0,0.01428911555558443,9.999999747378752e-05
892,1.0,0.010805618949234486,9.999999747378752e-05
893,1.0,0.00848563015460968,9.999999747378752e-05
894,0.9937888383865356,0.027166251093149185,9.999999747378752e-05
895,0.9968944191932678,0.02344241365790367,9.999999747378752e-05
896,1.0,0.01189988013356924,9.999999747378752e-05
897,1.0,0.00581967830657959,9.999999747378752e-05
898,1.0,0.005658538080751896,9.999999747378752e-05
899,0.9937888383865356,0.024840719997882843,9.999999747378752e-05
900,1.0,0.010486855171620846,9.999999747378752e-05
901,1.0,0.008125031366944313,9.999999747378752e-05
902,1.0,0.011088814586400986,9.999999747378752e-05
903,1.0,0.007318016141653061,9.999999747378752e-05
904,1.0,0.0055071511305868626,9.999999747378752e-05
905,1.0,0.0035104386042803526,9.999999747378752e-05
906,1.0,0.004087889101356268,9.999999747378752e-05
907,1.0,0.0033316349145025015,9.999999747378752e-05
908,1.0,0.0025911007542163134,9.999999747378752e-05
909,1.0,0.0030358275398612022,9.999999747378752e-05
910,1.0,0.006566156633198261,9.999999747378752e-05
911,1.0,0.0042209806852042675,9.999999747378752e-05
912,1.0,0.0023910771124064922,9.999999747378752e-05
913,1.0,0.004067888483405113,9.999999747378752e-05
914,0.9968944191932678,0.009576358832418919,9.999999747378752e-05
915,1.0,0.003444000845775008,9.999999747378752e-05
916,1.0,0.002800250193104148,9.999999747378752e-05
917,1.0,0.003072830382734537,9.999999747378752e-05
918,0.9968944191932678,0.004271340556442738,9.999999747378752e-05
919,1.0,0.003125548828393221,9.999999747378752e-05
920,1.0,0.0026757034938782454,9.999999747378752e-05
921,1.0,0.0031991200521588326,9.999999747378752e-05
922,1.0,0.002639675047248602,9.999999747378752e-05
923,1.0,0.0035107561852782965,9.999999747378752e-05
924,0.9968944191932678,0.005363087169826031,9.999999747378752e-05
925,0.9937888383865356,0.017200546339154243,9.999999747378752e-05
926,1.0,0.005654477514326572,9.999999747378752e-05
927,1.0,0.004873878788203001,9.999999747378752e-05
928,1.0,0.0046424116007983685,9.999999747378752e-05
929,1.0,0.00397923868149519,9.999999747378752e-05
930,1.0,0.00330168753862381,9.999999747378752e-05
931,1.0,0.0018697758205235004,9.999999747378752e-05
932,1.0,0.003003296907991171,9.999999747378752e-05
933,0.9968944191932678,0.007380180526524782,9.999999747378752e-05
934,1.0,0.004565805662423372,9.999999747378752e-05
935,1.0,0.004365820903331041,9.999999747378752e-05
936,1.0,0.003872148459777236,9.999999747378752e-05
937,1.0,0.0027832291088998318,9.999999747378752e-05
938,1.0,0.0024143762420862913,9.999999747378752e-05
939,1.0,0.0028609521687030792,9.999999747378752e-05
940,1.0,0.002585014095529914,9.999999747378752e-05
941,1.0,0.0018000261625275016,9.999999747378752e-05
942,1.0,0.004648911766707897,9.999999747378752e-05
943,1.0,0.0022791707888245583,9.999999747378752e-05
944,1.0,0.0016360492445528507,9.999999747378752e-05
945,1.0,0.0014505728613585234,9.999999747378752e-05
946,1.0,0.0024808470625430346,9.999999747378752e-05
947,1.0,0.003316419431939721,9.999999747378752e-05
948,1.0,0.008034913800656796,9.999999747378752e-05
949,1.0,0.0030901236459612846,9.999999747378752e-05
950,1.0,0.0018032152438536286,9.999999747378752e-05
951,1.0,0.0027598768938332796,9.999999747378752e-05
952,1.0,0.0026141460984945297,9.999999747378752e-05
953,1.0,0.002408993896096945,9.999999747378752e-05
954,1.0,0.005323423072695732,9.999999747378752e-05
955,1.0,0.001983413938432932,9.999999747378752e-05
956,1.0,0.0027030883356928825,9.999999747378752e-05
957,1.0,0.0030886856839060783,9.999999747378752e-05
958,1.0,0.0022818548604846,9.999999747378752e-05
959,1.0,0.0034637220669537783,9.999999747378752e-05
960,1.0,0.0025017636362463236,9.999999747378752e-05
961,0.9937888383865356,0.008441555313766003,9.999999747378752e-05
962,1.0,0.002277305582538247,9.999999747378752e-05
963,1.0,0.0035966704599559307,9.999999747378752e-05
964,0.9968944191932678,0.005440662615001202,9.999999747378752e-05
965,1.0,0.0023962869308888912,9.999999747378752e-05
966,1.0,0.003993235062807798,9.999999747378752e-05
967,1.0,0.0019390553934499621,9.999999747378752e-05
968,1.0,0.002568564610555768,9.999999747378752e-05
969,1.0,0.0017799624474719167,9.999999747378752e-05
970,1.0,0.0025411781389266253,9.999999747378752e-05
971,1.0,0.003975849132984877,9.999999747378752e-05
972,1.0,0.0016092467121779919,9.999999747378752e-05
973,1.0,0.0026146576274186373,9.999999747378752e-05
974,1.0,0.0036198392044752836,9.999999747378752e-05
975,1.0,0.0015265040565282106,9.999999747378752e-05
976,1.0,0.002906190464273095,9.999999747378752e-05
977,1.0,0.002644171705469489,9.999999747378752e-05
978,0.9968944191932678,0.004544398281723261,9.999999747378752e-05
979,1.0,0.0014526380691677332,9.999999747378752e-05
980,1.0,0.004311562515795231,9.999999747378752e-05
981,1.0,0.0014839547220617533,9.999999747378752e-05
982,1.0,0.0017034702468663454,9.999999747378752e-05
983,1.0,0.0010949767893180251,9.999999747378752e-05
984,1.0,0.0013335203984752297,9.999999747378752e-05
985,1.0,0.004089147783815861,9.999999747378752e-05
986,1.0,0.001961227972060442,9.999999747378752e-05
987,1.0,0.0016089940909296274,9.999999747378752e-05
988,1.0,0.0026792576536536217,9.999999747378752e-05
989,1.0,0.003558199154213071,9.999999747378752e-05
990,1.0,0.0014303670031949878,9.999999747378752e-05
991,1.0,0.00359049579128623,9.999999747378752e-05
992,1.0,0.0017742294585332274,9.999999747378752e-05
993,1.0,0.0015737131470814347,9.999999747378752e-05
994,1.0,0.0017576527316123247,9.999999747378752e-05
995,1.0,0.0014355985913425684,9.999999747378752e-05
996,1.0,0.0022799016442149878,9.999999747378752e-05
997,1.0,0.0016329566715285182,9.999999747378752e-05
998,1.0,0.0016269085463136435,9.999999747378752e-05
999,1.0,0.0012615283485502005,9.999999747378752e-05
1000,1.0,0.0010522321099415421,9.999999747378752e-05
1001,1.0,0.0017591605428606272,9.999999747378752e-05
1002,1.0,0.0016564466059207916,9.999999747378752e-05
1003,1.0,0.0013263793662190437,9.999999747378752e-05
1004,1.0,0.0012211976572871208,9.999999747378752e-05
1005,1.0,0.0016597926151007414,9.999999747378752e-05
1006,1.0,0.003126255003735423,9.999999747378752e-05
1007,1.0,0.003131224773824215,9.999999747378752e-05
1008,1.0,0.001407188712619245,9.999999747378752e-05
1009,1.0,0.000903703854419291,9.999999747378752e-05
1010,1.0,0.0018094128463417292,9.999999747378752e-05
1011,1.0,0.0010827808873727918,9.999999747378752e-05
1012,1.0,0.0012373622739687562,9.999999747378752e-05
1013,1.0,0.00319557823240757,9.999999747378752e-05
1014,1.0,0.0016019780887290835,9.999999747378752e-05
1015,1.0,0.0011707359226420522,9.999999747378752e-05
1016,1.0,0.001178539590910077,9.999999747378752e-05
1017,1.0,0.0009311992907896638,9.999999747378752e-05
1018,1.0,0.0012113878037780523,9.999999747378752e-05
1019,1.0,0.000914627977181226,9.999999747378752e-05
1020,1.0,0.0017090518958866596,9.999999747378752e-05
1021,1.0,0.000996753224171698,9.999999747378752e-05
1022,1.0,0.0009912678506225348,9.999999747378752e-05
1023,1.0,0.0008084576693363488,9.999999747378752e-05
1024,1.0,0.001754395547322929,9.999999747378752e-05
1025,0.9968944191932678,0.00622146250680089,9.999999747378752e-05
1026,1.0,0.0025748047046363354,9.999999747378752e-05
1027,1.0,0.0012362359557300806,9.999999747378752e-05
1028,1.0,0.0010983203537762165,9.999999747378752e-05
1029,1.0,0.001142214867286384,9.999999747378752e-05
1030,1.0,0.0015164625365287066,9.999999747378752e-05
1031,1.0,0.0013074418529868126,9.999999747378752e-05
1032,1.0,0.001163695240393281,9.999999747378752e-05
1033,1.0,0.0011473838239908218,9.999999747378752e-05
1034,1.0,0.0012000047136098146,9.999999747378752e-05
1035,1.0,0.0009690559236332774,9.999999747378752e-05
1036,0.9937888383865356,0.017768215388059616,9.999999747378752e-05
1037,0.9906832575798035,0.027586134150624275,9.999999747378752e-05
1038,0.9968944191932678,0.014063782058656216,9.999999747378752e-05
1039,1.0,0.0066602593287825584,9.999999747378752e-05
1040,1.0,0.004211177583783865,9.999999747378752e-05
1041,1.0,0.00430971710011363,9.999999747378752e-05
1042,1.0,0.004252557642757893,9.999999747378752e-05
1043,1.0,0.002542092464864254,9.999999747378752e-05
1044,1.0,0.0020444912370294333,9.999999747378752e-05
1045,1.0,0.004639937076717615,9.999999747378752e-05
1046,1.0,0.00919977854937315,9.999999747378752e-05
1047,1.0,0.0052532609552145,9.999999747378752e-05
1048,1.0,0.005883435718715191,9.999999747378752e-05
1049,1.0,0.0036775958724319935,9.999999747378752e-05
1050,1.0,0.003031596075743437,9.999999747378752e-05
1051,1.0,0.0016724460292607546,9.999999747378752e-05
1052,1.0,0.0034033083356916904,9.999999747378752e-05
1053,1.0,0.0028742693830281496,9.999999747378752e-05
1054,0.9968944191932678,0.004242436029016972,9.999999747378752e-05
1055,1.0,0.002867145463824272,9.999999747378752e-05
1056,1.0,0.0018355085048824549,9.999999747378752e-05
1057,1.0,0.0013761874288320541,9.999999747378752e-05
1058,1.0,0.00165470689535141,9.999999747378752e-05
1059,1.0,0.0011610122164711356,9.999999747378752e-05
1060,1.0,0.0008642037864774466,9.999999747378752e-05
1061,1.0,0.001578182214871049,9.999999747378752e-05
1062,1.0,0.0021939484868198633,9.999999747378752e-05
1063,1.0,0.0035427333787083626,9.999999747378752e-05
1064,1.0,0.0069121262058615685,9.999999747378752e-05
1065,1.0,0.003695807186886668,9.999999747378752e-05
1066,1.0,0.0036312327720224857,9.999999747378752e-05
1067,1.0,0.001890046987682581,9.999999747378752e-05
1068,1.0,0.0011308640241622925,9.999999747378752e-05
1069,1.0,0.003209772054105997,9.999999747378752e-05
1070,1.0,0.00154454680159688,9.999999747378752e-05
1071,1.0,0.001210212823934853,9.999999747378752e-05
1072,1.0,0.002144172787666321,9.999999747378752e-05
1073,1.0,0.0012866585748270154,9.999999747378752e-05
1074,1.0,0.0024393091443926096,9.999999747378752e-05
1075,1.0,0.0016749842325225472,9.999999747378752e-05
1076,1.0,0.0017159542767331004,9.999999747378752e-05
1077,1.0,0.0009733165497891605,9.999999747378752e-05
1078,0.9937888383865356,0.03179559111595154,9.999999747378752e-05
1079,1.0,0.01425677165389061,9.999999747378752e-05
1080,1.0,0.014150828123092651,9.999999747378752e-05
1081,1.0,0.005256964359432459,9.999999747378752e-05
1082,1.0,0.004092202056199312,9.999999747378752e-05
1083,1.0,0.0032194664236158133,9.999999747378752e-05
1084,1.0,0.0030530174262821674,9.999999747378752e-05
1085,1.0,0.006134679540991783,9.999999747378752e-05
1086,1.0,0.00281487125903368,9.999999747378752e-05
1087,1.0,0.0020722884219139814,9.999999747378752e-05
1088,1.0,0.001518092816695571,9.999999747378752e-05
1089,1.0,0.002048904774710536,9.999999747378752e-05
1090,1.0,0.0031334632076323032,9.999999747378752e-05
1091,1.0,0.0022621890529990196,9.999999747378752e-05
1092,1.0,0.0019603846594691277,9.999999747378752e-05
1093,1.0,0.0024842084385454655,9.999999747378752e-05
1094,1.0,0.0032774091232568026,9.999999747378752e-05
1095,1.0,0.001446093781851232,9.999999747378752e-05
1096,1.0,0.001397308660671115,9.999999747378752e-05
1097,1.0,0.001430707168765366,9.999999747378752e-05
1098,1.0,0.0031684529967606068,9.999999747378752e-05
1099,1.0,0.003117028158158064,9.999999747378752e-05
1100,1.0,0.0035366916563361883,9.999999747378752e-05
1101,0.9968944191932678,0.0053032273426651955,9.999999747378752e-05
1102,1.0,0.0020277148578315973,9.999999747378752e-05
1103,1.0,0.001975723309442401,9.999999747378752e-05
1104,1.0,0.0014243408804759383,9.999999747378752e-05
1105,1.0,0.0013824932975694537,9.999999747378752e-05
1106,1.0,0.0014704660279676318,9.999999747378752e-05
1107,1.0,0.0020191108342260122,9.999999747378752e-05
1108,1.0,0.0010974472388625145,9.999999747378752e-05
1109,1.0,0.002425884362310171,9.999999747378752e-05
1110,1.0,0.0017693189438432455,9.999999747378752e-05
1111,1.0,0.0016111430013552308,9.999999747378752e-05
1112,1.0,0.0028602462261915207,9.999999747378752e-05
1113,1.0,0.0011052461341023445,9.999999747378752e-05
1114,1.0,0.0016596358036622405,9.999999747378752e-05
1115,1.0,0.001418680651113391,9.999999747378752e-05
1116,1.0,0.0011107184691354632,9.999999747378752e-05
1117,1.0,0.0010321406880393624,9.999999747378752e-05
1118,1.0,0.003876638598740101,9.999999747378752e-05
1119,1.0,0.0012666191905736923,9.999999747378752e-05
1120,1.0,0.0014918552478775382,9.999999747378752e-05
1121,0.9968944191932678,0.003552654990926385,9.999999747378752e-05
1122,1.0,0.0031439517624676228,9.999999747378752e-05
1123,1.0,0.0029698044527322054,9.999999747378752e-05
1124,1.0,0.003675226354971528,9.999999747378752e-05
1125,1.0,0.0021430933848023415,9.999999747378752e-05
1126,1.0,0.0010958460625261068,9.999999747378752e-05
1127,1.0,0.001973591046407819,9.999999747378752e-05
1128,1.0,0.0020867749117314816,9.999999747378752e-05
1129,1.0,0.001135571743361652,9.999999747378752e-05
1130,1.0,0.0010050276760011911,9.999999747378752e-05
1131,1.0,0.0012886801268905401,9.999999747378752e-05
1132,1.0,0.0021309014409780502,9.999999747378752e-05
1133,0.9968944191932678,0.0037987991236150265,9.999999747378752e-05
1134,1.0,0.00228222762234509,9.999999747378752e-05
1135,1.0,0.0013320655561983585,9.999999747378752e-05
1136,1.0,0.0011824078392237425,9.999999747378752e-05
1137,1.0,0.0016602333635091782,9.999999747378752e-05
1138,0.9937888383865356,0.02794191986322403,9.999999747378752e-05
1139,1.0,0.008210010826587677,9.999999747378752e-05
1140,0.9968944191932678,0.011316978372633457,9.999999747378752e-05
1141,0.9968944191932678,0.00894810352474451,9.999999747378752e-05
1142,0.9906832575798035,0.027491459622979164,9.999999747378752e-05
1143,0.9968944191932678,0.018365882337093353,9.999999747378752e-05
1144,1.0,0.0035853309091180563,9.999999747378752e-05
1145,1.0,0.002354192780330777,9.999999747378752e-05
1146,1.0,0.0024380229879170656,9.999999747378752e-05
1147,1.0,0.002759372116997838,9.999999747378752e-05
1148,1.0,0.002678422024473548,9.999999747378752e-05
1149,1.0,0.00211021164432168,9.999999747378752e-05
1150,1.0,0.0018766496796160936,9.999999747378752e-05
1151,1.0,0.0016185384010896087,9.999999747378752e-05
1152,1.0,0.0014629554934799671,9.999999747378752e-05
1153,1.0,0.0017808402189984918,9.999999747378752e-05
1154,0.9937888383865356,0.031208861619234085,9.999999747378752e-05
1155,1.0,0.008115391246974468,9.999999747378752e-05
1156,1.0,0.011711330153048038,9.999999747378752e-05
1157,1.0,0.005826598033308983,9.999999747378752e-05
1158,1.0,0.0038088825531303883,9.999999747378752e-05
1159,1.0,0.004331894684582949,9.999999747378752e-05
1160,1.0,0.0038385302759706974,9.999999747378752e-05
1161,1.0,0.0048311068676412106,9.999999747378752e-05
1162,1.0,0.003489262657240033,9.999999747378752e-05
1163,1.0,0.011106962338089943,9.999999747378752e-05
1164,1.0,0.003089175559580326,9.999999747378752e-05
1165,1.0,0.00480914581567049,9.999999747378752e-05
1166,1.0,0.0026958021335303783,9.999999747378752e-05
1167,1.0,0.004023247864097357,9.999999747378752e-05
1168,0.9968944191932678,0.02149077318608761,9.999999747378752e-05
1169,0.9968944191932678,0.012756649404764175,9.999999747378752e-05
1170,0.9968944191932678,0.021724386140704155,9.999999747378752e-05
1171,1.0,0.0057870494201779366,9.999999747378752e-05
1172,1.0,0.005635978654026985,9.999999747378752e-05
1173,1.0,0.006670287810266018,9.999999747378752e-05
1174,1.0,0.0025752924848347902,9.999999747378752e-05
1175,1.0,0.0030959914438426495,9.999999747378752e-05
1176,1.0,0.0030732033774256706,9.999999747378752e-05
1177,1.0,0.003821154125034809,9.999999747378752e-05
1178,1.0,0.0022774185054004192,9.999999747378752e-05
1179,1.0,0.0018298899522051215,9.999999747378752e-05
1180,1.0,0.00391453318297863,9.999999747378752e-05
1181,1.0,0.0023377311881631613,9.999999747378752e-05
1182,1.0,0.001717603299766779,9.999999747378752e-05
1183,1.0,0.002740228082984686,9.999999747378752e-05
1184,1.0,0.006004117429256439,9.999999747378752e-05
1185,1.0,0.0016986143309623003,9.999999747378752e-05
1186,1.0,0.0021433006040751934,9.999999747378752e-05
1187,1.0,0.002016782993450761,9.999999747378752e-05
1188,1.0,0.001404478563927114,9.999999747378752e-05
1189,1.0,0.003828165354207158,9.999999747378752e-05
1190,1.0,0.003339578164741397,9.999999747378752e-05
1191,1.0,0.0015228129923343658,9.999999747378752e-05
1192,1.0,0.0034137964248657227,9.999999747378752e-05
1193,1.0,0.002767184516415,9.999999747378752e-05
1194,1.0,0.0014999884879216552,9.999999747378752e-05
1195,1.0,0.0029090705793350935,9.999999747378752e-05
1196,1.0,0.002483790274709463,9.999999747378752e-05
1197,1.0,0.0040189833380281925,9.999999747378752e-05
1198,1.0,0.0038063256070017815,9.999999747378752e-05
1199,1.0,0.0032906709238886833,9.999999747378752e-05
1200,1.0,0.00133169733453542,9.999999747378752e-05
1201,1.0,0.002275706734508276,9.999999747378752e-05
1202,1.0,0.0014317042659968138,9.999999747378752e-05
1203,1.0,0.0011575318640097976,9.999999747378752e-05
1204,1.0,0.0017620528815314174,9.999999747378752e-05
1205,1.0,0.0015289717121049762,9.999999747378752e-05
1206,1.0,0.002665273379534483,9.999999747378752e-05
1207,1.0,0.0019156374037265778,9.999999747378752e-05
1208,1.0,0.0015713069587945938,9.999999747378752e-05
1209,1.0,0.0014497027732431889,9.999999747378752e-05
1210,1.0,0.0016529400600120425,9.999999747378752e-05
1211,1.0,0.001720305415801704,9.999999747378752e-05
1212,1.0,0.0015439509879797697,9.999999747378752e-05
1213,1.0,0.002176467562094331,9.999999747378752e-05
1214,1.0,0.000982455094344914,9.999999747378752e-05
1215,1.0,0.0027092285454273224,9.999999747378752e-05
1216,1.0,0.003453548764809966,9.999999747378752e-05
1217,1.0,0.003674637759104371,9.999999747378752e-05
1218,1.0,0.0028727140743285418,9.999999747378752e-05
1219,1.0,0.003548059379681945,9.999999747378752e-05
1220,1.0,0.002112056827172637,9.999999747378752e-05
1221,1.0,0.0015955754788592458,9.999999747378752e-05
1222,1.0,0.0012115006102249026,9.999999747378752e-05
1223,1.0,0.0016468856483697891,9.999999747378752e-05
1224,1.0,0.0018771536415442824,9.999999747378752e-05
1225,1.0,0.0010983647080138326,9.999999747378752e-05
1226,1.0,0.0013807540526613593,9.999999747378752e-05
1227,1.0,0.0019183523254469037,9.999999747378752e-05
1228,1.0,0.0025746976025402546,9.999999747378752e-05
1229,0.9968944191932678,0.004667763598263264,9.999999747378752e-05
1230,1.0,0.0009889695793390274,9.999999747378752e-05
1231,1.0,0.001520983874797821,9.999999747378752e-05
1232,1.0,0.002449401654303074,9.999999747378752e-05
1233,1.0,0.001356756780296564,9.999999747378752e-05
1234,1.0,0.001538592972792685,9.999999747378752e-05
1235,1.0,0.0009464563336223364,9.999999747378752e-05
1236,1.0,0.0018320849630981684,9.999999747378752e-05
1237,1.0,0.0010683388682082295,9.999999747378752e-05
1238,1.0,0.0016087832627817988,9.999999747378752e-05
1239,1.0,0.0010161350946873426,9.999999747378752e-05
1240,1.0,0.0016471737762913108,9.999999747378752e-05
1241,1.0,0.0016435334691777825,9.999999747378752e-05
1242,1.0,0.0012097853468731046,9.999999747378752e-05
1243,1.0,0.0015250170836225152,9.999999747378752e-05
1244,1.0,0.001156971207819879,9.999999747378752e-05
1245,0.9937888383865356,0.024865204468369484,9.999999747378752e-05
1246,1.0,0.00723288906738162,9.999999747378752e-05
1247,1.0,0.007877444848418236,9.999999747378752e-05
1248,1.0,0.0026859284844249487,9.999999747378752e-05
1249,1.0,0.003775467397645116,9.999999747378752e-05
1250,0.9968944191932678,0.006591033656150103,9.999999747378752e-05
1251,0.9906832575798035,0.02389533258974552,9.999999747378752e-05
1252,1.0,0.0037369045894593,9.999999747378752e-05
1253,1.0,0.003597239963710308,9.999999747378752e-05
1254,1.0,0.0028291421476751566,9.999999747378752e-05
1255,1.0,0.001960048684850335,9.999999747378752e-05
1256,1.0,0.0029170112684369087,9.999999747378752e-05
1257,1.0,0.0018109418451786041,9.999999747378752e-05
1258,1.0,0.0012490570079535246,9.999999747378752e-05
1259,1.0,0.006746433675289154,9.999999747378752e-05
1260,1.0,0.0029813149012625217,9.999999747378752e-05
1261,1.0,0.00180416414514184,9.999999747378752e-05
1262,1.0,0.0010605178540572524,9.999999747378752e-05
1263,1.0,0.001922328257933259,9.999999747378752e-05
1264,1.0,0.00334089994430542,9.999999747378752e-05
1265,1.0,0.0013887983513996005,9.999999747378752e-05
1266,1.0,0.0012219680938869715,9.999999747378752e-05
1267,1.0,0.001966924173757434,9.999999747378752e-05
1268,1.0,0.0018483058083802462,9.999999747378752e-05
1269,1.0,0.0027282764203846455,9.999999747378752e-05
1270,1.0,0.004448741674423218,9.999999747378752e-05
1271,1.0,0.002729044994339347,9.999999747378752e-05
1272,1.0,0.0033294702880084515,9.999999747378752e-05
1273,1.0,0.0035051952581852674,9.999999747378752e-05
1274,1.0,0.001968624535948038,9.999999747378752e-05
1275,1.0,0.001712285215035081,9.999999747378752e-05
1276,1.0,0.001656484673731029,9.999999747378752e-05
1277,1.0,0.002454392146319151,9.999999747378752e-05
1278,1.0,0.0018700665095821023,9.999999747378752e-05
1279,1.0,0.0009860446443781257,9.999999747378752e-05
1280,1.0,0.0016360081499442458,9.999999747378752e-05
1281,1.0,0.0021517195273190737,9.999999747378752e-05
1282,1.0,0.0022690515033900738,9.999999747378752e-05
1283,1.0,0.0016405702335759997,9.999999747378752e-05
1284,0.9968944191932678,0.003600571071729064,9.999999747378752e-05
1285,1.0,0.001873054075986147,9.999999747378752e-05
1286,1.0,0.001613185042515397,9.999999747378752e-05
1287,1.0,0.0008729083347134292,9.999999747378752e-05
1288,1.0,0.0009880714351311326,9.999999747378752e-05
1289,1.0,0.0011227474315091968,9.999999747378752e-05
1290,1.0,0.0014476478099822998,9.999999747378752e-05
1291,1.0,0.0014709082897752523,9.999999747378752e-05
1292,1.0,0.001231229049153626,9.999999747378752e-05
1293,1.0,0.0016648935852572322,9.999999747378752e-05
1294,1.0,0.0009233639575541019,9.999999747378752e-05
1295,1.0,0.003007313935086131,9.999999747378752e-05
1296,1.0,0.0010635353391990066,9.999999747378752e-05
1297,1.0,0.0017111323541030288,9.999999747378752e-05
1298,1.0,0.0017452368047088385,9.999999747378752e-05
1299,1.0,0.0017203324241563678,9.999999747378752e-05
1300,1.0,0.0010734000243246555,9.999999747378752e-05
1301,1.0,0.0011195786064490676,9.999999747378752e-05
1302,1.0,0.0008480253745801747,9.999999747378752e-05
1303,1.0,0.000863923691213131,9.999999747378752e-05
1304,1.0,0.0005856628995388746,9.999999747378752e-05
1305,1.0,0.0014905488351359963,9.999999747378752e-05
1306,1.0,0.0015781651018187404,9.999999747378752e-05
1307,1.0,0.0019217194058001041,9.999999747378752e-05
1308,1.0,0.0010774373076856136,9.999999747378752e-05
1309,1.0,0.0011246122885495424,9.999999747378752e-05
1310,1.0,0.0024844761937856674,9.999999747378752e-05
1311,1.0,0.001217877957969904,9.999999747378752e-05
1312,1.0,0.001055832952260971,9.999999747378752e-05
1313,1.0,0.0007699107518419623,9.999999747378752e-05
1314,1.0,0.0012600708287209272,9.999999747378752e-05
1315,0.9937888383865356,0.02423042431473732,9.999999747378752e-05
1316,0.9968944191932678,0.019473310559988022,9.999999747378752e-05
1317,0.9968944191932678,0.013341118581593037,9.999999747378752e-05
1318,1.0,0.006815000902861357,9.999999747378752e-05
1319,1.0,0.00658590579405427,9.999999747378752e-05
1320,1.0,0.003108483739197254,9.999999747378752e-05
1321,1.0,0.0021090004593133926,9.999999747378752e-05
1322,1.0,0.0022207368165254593,9.999999747378752e-05
1323,1.0,0.00221245433203876,9.999999747378752e-05
1324,0.9968944191932678,0.005233379080891609,9.999999747378752e-05
1325,0.9937888383865356,0.028020478785037994,9.999999747378752e-05
1326,1.0,0.0115247443318367,9.999999747378752e-05
1327,1.0,0.002204128773882985,9.999999747378752e-05
1328,1.0,0.0036991483066231012,9.999999747378752e-05
1329,1.0,0.003088658209890127,9.999999747378752e-05
1330,1.0,0.0025903801433742046,9.999999747378752e-05
1331,1.0,0.0027071910444647074,9.999999747378752e-05
1332,1.0,0.0018623084761202335,9.999999747378752e-05
1333,1.0,0.0014945126604288816,9.999999747378752e-05
1334,1.0,0.0014078787062317133,9.999999747378752e-05
1335,1.0,0.001213875482790172,9.999999747378752e-05
1336,1.0,0.0020880461670458317,9.999999747378752e-05
1337,1.0,0.0018577338196337223,9.999999747378752e-05
1338,1.0,0.0017529127653688192,9.999999747378752e-05
1339,1.0,0.0009604028891772032,9.999999747378752e-05
1340,1.0,0.002339643193408847,9.999999747378752e-05
1341,1.0,0.0010706167668104172,9.999999747378752e-05
1342,1.0,0.0011133451480418444,9.999999747378752e-05
1343,1.0,0.0008724553044885397,9.999999747378752e-05
1344,1.0,0.0028629442676901817,9.999999747378752e-05
1345,1.0,0.0009381098207086325,9.999999747378752e-05
1346,1.0,0.0018238371703773737,9.999999747378752e-05
1347,1.0,0.0013804164482280612,9.999999747378752e-05
1348,1.0,0.0013453669380396605,9.999999747378752e-05
1349,1.0,0.001466626301407814,9.999999747378752e-05
1350,1.0,0.0017859246581792831,9.999999747378752e-05
1351,1.0,0.0008190657244995236,9.999999747378752e-05
1352,1.0,0.0023907318245619535,9.999999747378752e-05
1353,1.0,0.0017506784060969949,9.999999747378752e-05
1354,1.0,0.0010922057554125786,9.999999747378752e-05
1355,1.0,0.0014874953776597977,9.999999747378752e-05
1356,1.0,0.001294518238864839,9.999999747378752e-05
1357,1.0,0.0011969334445893764,9.999999747378752e-05
1358,1.0,0.002027381444349885,9.999999747378752e-05
1359,1.0,0.0014781055506318808,9.999999747378752e-05
1360,1.0,0.0017818764317780733,9.999999747378752e-05
1361,1.0,0.001813672948628664,9.999999747378752e-05
1362,1.0,0.0031063018832355738,9.999999747378752e-05
1363,0.9937888383865356,0.01852070726454258,9.999999747378752e-05
1364,0.9968944191932678,0.014455072581768036,9.999999747378752e-05
1365,1.0,0.0028409475926309824,9.999999747378752e-05
1366,1.0,0.0025618397630751133,9.999999747378752e-05
1367,1.0,0.002709087450057268,9.999999747378752e-05
1368,1.0,0.0019195372005924582,9.999999747378752e-05
1369,1.0,0.002246126066893339,9.999999747378752e-05
1370,1.0,0.0013130143051967025,9.999999747378752e-05
1371,1.0,0.0014749477850273252,9.999999747378752e-05
1372,1.0,0.0011294499272480607,9.999999747378752e-05
1373,1.0,0.0016196027863770723,9.999999747378752e-05
1374,1.0,0.0021478720009326935,9.999999747378752e-05
1375,1.0,0.0010174773633480072,9.999999747378752e-05
1376,1.0,0.0036020788829773664,9.999999747378752e-05
1377,1.0,0.0010682062711566687,9.999999747378752e-05
1378,1.0,0.0010399570455774665,9.999999747378752e-05
1379,1.0,0.001363266259431839,9.999999747378752e-05
1380,0.9937888383865356,0.03857549652457237,9.999999747378752e-05
1381,0.9968944191932678,0.012993847951292992,9.999999747378752e-05
1382,1.0,0.011194244027137756,9.999999747378752e-05
1383,1.0,0.004941057879477739,9.999999747378752e-05
1384,1.0,0.0031874957494437695,9.999999747378752e-05
1385,1.0,0.002938763936981559,9.999999747378752e-05
1386,1.0,0.004545987583696842,9.999999747378752e-05
1387,0.9937888383865356,0.030750123783946037,9.999999747378752e-05
1388,1.0,0.012454351410269737,9.999999747378752e-05
1389,1.0,0.008823462761938572,9.999999747378752e-05
1390,1.0,0.006801114417612553,9.999999747378752e-05
1391,1.0,0.00504936883226037,9.999999747378752e-05
1392,1.0,0.00529816746711731,9.999999747378752e-05
1393,1.0,0.003796905744820833,9.999999747378752e-05
1394,1.0,0.0039114318788051605,9.999999747378752e-05
1395,1.0,0.004519895184785128,9.999999747378752e-05
1396,1.0,0.005645041819661856,9.999999747378752e-05
1397,1.0,0.0018696371698752046,9.999999747378752e-05
1398,1.0,0.0037707446608692408,9.999999747378752e-05
1399,1.0,0.003606760408729315,9.999999747378752e-05
1400,1.0,0.0027973728720098734,9.999999747378752e-05
1401,1.0,0.0024859714321792126,9.999999747378752e-05
1402,1.0,0.0016076508909463882,9.999999747378752e-05
1403,1.0,0.0023534337524324656,9.999999747378752e-05
1404,1.0,0.0020922706462442875,9.999999747378752e-05
1405,1.0,0.0027541304007172585,9.999999747378752e-05
1406,1.0,0.0022611436434090137,9.999999747378752e-05
1407,0.9937888383865356,0.027648800984025,9.999999747378752e-05
1408,1.0,0.00374877848662436,9.999999747378752e-05
1409,1.0,0.004793344531208277,9.999999747378752e-05
1410,1.0,0.00326924747787416,9.999999747378752e-05
1411,1.0,0.004405617713928223,9.999999747378752e-05
1412,1.0,0.002890793140977621,9.999999747378752e-05
1413,1.0,0.0029367476236075163,9.999999747378752e-05
1414,1.0,0.0028784864116460085,9.999999747378752e-05
1415,1.0,0.0024689235724508762,9.999999747378752e-05
1416,1.0,0.001289671054109931,9.999999747378752e-05
1417,1.0,0.0013684217119589448,9.999999747378752e-05
1418,1.0,0.0015130050014704466,9.999999747378752e-05
1419,1.0,0.0012580439215525985,9.999999747378752e-05
1420,1.0,0.0014825466787442565,9.999999747378752e-05
1421,1.0,0.0020087785087525845,9.999999747378752e-05
1422,1.0,0.0015622327337041497,9.999999747378752e-05
1423,1.0,0.0012351208133623004,9.999999747378752e-05
1424,1.0,0.001644348376430571,9.999999747378752e-05
1425,1.0,0.001699326909147203,9.999999747378752e-05
1426,1.0,0.0012714577605947852,9.999999747378752e-05
1427,1.0,0.0013819780433550477,9.999999747378752e-05
1428,1.0,0.001153480843640864,9.999999747378752e-05
1429,1.0,0.0007953930762596428,9.999999747378752e-05
1430,1.0,0.0008973294170573354,9.999999747378752e-05
1431,1.0,0.00240499759092927,9.999999747378752e-05
1432,1.0,0.0013192817568778992,9.999999747378752e-05
1433,1.0,0.002640341641381383,9.999999747378752e-05
1434,1.0,0.0010265744058415294,9.999999747378752e-05
1435,1.0,0.0012583854841068387,9.999999747378752e-05
1436,1.0,0.002293667523190379,9.999999747378752e-05
1437,1.0,0.0018322461983188987,9.999999747378752e-05
1438,1.0,0.001189107191748917,9.999999747378752e-05
1439,1.0,0.0016389680095016956,9.999999747378752e-05
1440,1.0,0.0013520345091819763,9.999999747378752e-05
1441,1.0,0.001258776756003499,9.999999747378752e-05
1442,1.0,0.0017094782087951899,9.999999747378752e-05
1443,1.0,0.0013006858061999083,9.999999747378752e-05
1444,1.0,0.0010684890439733863,9.999999747378752e-05
1445,1.0,0.0011101557174697518,9.999999747378752e-05
1446,1.0,0.0015072848182171583,9.999999747378752e-05
1447,1.0,0.0011224852642044425,9.999999747378752e-05
1448,1.0,0.0015907644992694259,9.999999747378752e-05
1449,1.0,0.0012991550611332059,9.999999747378752e-05
1450,1.0,0.0018769443267956376,9.999999747378752e-05
1451,1.0,0.0007947771227918565,9.999999747378752e-05
1452,1.0,0.0009156528394669294,9.999999747378752e-05
1453,1.0,0.0022739972919225693,9.999999747378752e-05
1454,0.9937888383865356,0.021808523684740067,9.999999747378752e-05
1455,1.0,0.0071241846308112144,9.999999747378752e-05
1456,1.0,0.008907240815460682,9.999999747378752e-05
1457,1.0,0.011133654974400997,9.999999747378752e-05
1458,1.0,0.0037691656034439802,9.999999747378752e-05
1459,1.0,0.002567456103861332,9.999999747378752e-05
1460,1.0,0.0018428084440529346,9.999999747378752e-05
1461,1.0,0.0027139512822031975,9.999999747378752e-05
1462,1.0,0.0016652954509481788,9.999999747378752e-05
1463,1.0,0.0025318653788417578,9.999999747378752e-05
1464,1.0,0.002489454345777631,9.999999747378752e-05
1465,1.0,0.0018074758118018508,9.999999747378752e-05
1466,1.0,0.0016538980416953564,9.999999747378752e-05
1467,1.0,0.0012680509826168418,9.999999747378752e-05
1468,1.0,0.002575418446213007,9.999999747378752e-05
1469,1.0,0.0015149688115343451,9.999999747378752e-05
1470,1.0,0.0009210966527462006,9.999999747378752e-05
1471,1.0,0.0023125275038182735,9.999999747378752e-05
1472,1.0,0.002577751176431775,9.999999747378752e-05
1473,1.0,0.0015602902276441455,9.999999747378752e-05
1474,0.9968944191932678,0.013581827282905579,9.999999747378752e-05
1475,0.9968944191932678,0.02224082313477993,9.999999747378752e-05
1476,1.0,0.01015035342425108,9.999999747378752e-05
1477,1.0,0.0055727725848555565,9.999999747378752e-05
1478,1.0,0.004660540726035833,9.999999747378752e-05
1479,1.0,0.002807779936119914,9.999999747378752e-05
1480,1.0,0.004744086414575577,9.999999747378752e-05
1481,1.0,0.0021332281176000834,9.999999747378752e-05
1482,1.0,0.002634909935295582,9.999999747378752e-05
1483,1.0,0.0026158601976931095,9.999999747378752e-05
1484,1.0,0.0018553022528067231,9.999999747378752e-05
1485,1.0,0.0010580767411738634,9.999999747378752e-05
1486,1.0,0.0012048783246427774,9.999999747378752e-05
1487,1.0,0.001558984280563891,9.999999747378752e-05
1488,1.0,0.0022777176927775145,9.999999747378752e-05
1489,1.0,0.0017509734025225043,9.999999747378752e-05
1490,1.0,0.0018762614345178008,9.999999747378752e-05
1491,1.0,0.0010531365405768156,9.999999747378752e-05
1492,1.0,0.0026997725944966078,9.999999747378752e-05
1493,1.0,0.0013278279220685363,9.999999747378752e-05
1494,1.0,0.0012245645048096776,9.999999747378752e-05
1495,1.0,0.001623680698685348,9.999999747378752e-05
1496,1.0,0.0018581933109089732,9.999999747378752e-05
1497,1.0,0.004160366952419281,9.999999747378752e-05
1498,1.0,0.001886998419649899,9.999999747378752e-05
1499,1.0,0.00249212933704257,9.999999747378752e-05
1500,1.0,0.0021865253802388906,9.999999747378752e-05
1501,1.0,0.00102077960036695,9.999999747378752e-05
1502,1.0,0.002017395570874214,9.999999747378752e-05
1503,1.0,0.0009555023279972374,9.999999747378752e-05
1504,1.0,0.0016377581050619483,9.999999747378752e-05
1505,1.0,0.0010221193078905344,9.999999747378752e-05
1506,0.9968944191932678,0.004795507062226534,9.999999747378752e-05
1507,1.0,0.0012742499820888042,9.999999747378752e-05
1508,1.0,0.0008991893846541643,9.999999747378752e-05
1509,1.0,0.0016928348923102021,9.999999747378752e-05
1510,1.0,0.0026234197430312634,9.999999747378752e-05
1511,1.0,0.002721188124269247,9.999999747378752e-05
1512,1.0,0.0010403416818007827,9.999999747378752e-05
1513,1.0,0.001689971424639225,9.999999747378752e-05
1514,1.0,0.0016671315534040332,9.999999747378752e-05
1515,1.0,0.0014663445763289928,9.999999747378752e-05
1516,1.0,0.0014100074768066406,9.999999747378752e-05
1517,1.0,0.002389881294220686,9.999999747378752e-05
1518,1.0,0.0025345366448163986,9.999999747378752e-05
1519,1.0,0.0024917612317949533,9.999999747378752e-05
1520,1.0,0.003728290554136038,9.999999747378752e-05
1521,1.0,0.0015512796817347407,9.999999747378752e-05
1522,1.0,0.0013197299558669329,9.999999747378752e-05
1523,1.0,0.0012320823734626174,9.999999747378752e-05
1524,1.0,0.001540469704195857,9.999999747378752e-05
1525,0.9968944191932678,0.004050601273775101,9.999999747378752e-05
1526,1.0,0.004681547172367573,9.999999747378752e-05
1527,1.0,0.006334903184324503,9.999999747378752e-05
1528,1.0,0.003135820385068655,9.999999747378752e-05
1529,1.0,0.0017192630330100656,9.999999747378752e-05
1530,1.0,0.0023878058418631554,9.999999747378752e-05
1531,1.0,0.001603002892807126,9.999999747378752e-05
1532,1.0,0.002394302049651742,9.999999747378752e-05
1533,1.0,0.0014778701588511467,9.999999747378752e-05
1534,0.9937888383865356,0.028743432834744453,9.999999747378752e-05
1535,1.0,0.0076030343770980835,9.999999747378752e-05
1536,1.0,0.007184803020209074,9.999999747378752e-05
1537,1.0,0.0037937164306640625,9.999999747378752e-05
1538,1.0,0.0032587426248937845,9.999999747378752e-05
1539,1.0,0.002439450239762664,9.999999747378752e-05
1540,1.0,0.002693276619538665,9.999999747378752e-05
1541,1.0,0.0019094562157988548,9.999999747378752e-05
1542,1.0,0.004035158548504114,9.999999747378752e-05
1543,1.0,0.0020025840494781733,9.999999747378752e-05
1544,1.0,0.002567729912698269,9.999999747378752e-05
1545,1.0,0.003828082699328661,9.999999747378752e-05
1546,1.0,0.0013837614096701145,9.999999747378752e-05
1547,1.0,0.003460909239947796,9.999999747378752e-05
1548,1.0,0.001877273665741086,9.999999747378752e-05
1549,1.0,0.001503316918388009,9.999999747378752e-05
1550,1.0,0.001132772653363645,9.999999747378752e-05
1551,1.0,0.0012923955218866467,9.999999747378752e-05
1552,1.0,0.0012772741029039025,9.999999747378752e-05
1553,1.0,0.002231246093288064,9.999999747378752e-05
1554,1.0,0.004334662109613419,9.999999747378752e-05
1555,1.0,0.003601407865062356,9.999999747378752e-05
1556,1.0,0.0032491018064320087,9.999999747378752e-05
1557,1.0,0.001389446435496211,9.999999747378752e-05
1558,1.0,0.002833029255270958,9.999999747378752e-05
1559,1.0,0.0023507389705628157,9.999999747378752e-05
1560,1.0,0.002051930408924818,9.999999747378752e-05
1561,1.0,0.002409066539257765,9.999999747378752e-05
1562,1.0,0.0036257142201066017,9.999999747378752e-05
1563,1.0,0.0027778830844908953,9.999999747378752e-05
1564,1.0,0.0022579024080187082,9.999999747378752e-05
1565,1.0,0.0025572071317583323,9.999999747378752e-05
1566,1.0,0.002230914542451501,9.999999747378752e-05
1567,1.0,0.0012578810565173626,9.999999747378752e-05
1568,1.0,0.0015611208509653807,9.999999747378752e-05
1569,1.0,0.001994781894609332,9.999999747378752e-05
1570,1.0,0.0018074139952659607,9.999999747378752e-05
1571,1.0,0.0012676980113610625,9.999999747378752e-05
1572,1.0,0.0006718373624607921,9.999999747378752e-05
1573,1.0,0.0016047712415456772,9.999999747378752e-05
1574,0.9937888383865356,0.02870851755142212,9.999999747378752e-05
1575,0.9906832575798035,0.043803125619888306,9.999999747378752e-05
1576,1.0,0.013452377170324326,9.999999747378752e-05
1577,1.0,0.00699289096519351,9.999999747378752e-05
1578,1.0,0.003834684146568179,9.999999747378752e-05
1579,1.0,0.004001126158982515,9.999999747378752e-05
1580,1.0,0.002830355893820524,9.999999747378752e-05
1581,1.0,0.002169533632695675,9.999999747378752e-05
1582,1.0,0.0018265064572915435,9.999999747378752e-05
1583,1.0,0.0014243738260120153,9.999999747378752e-05
1584,1.0,0.003995719365775585,9.999999747378752e-05
1585,1.0,0.0017485429998487234,9.999999747378752e-05
1586,0.9937888383865356,0.02565893530845642,9.999999747378752e-05
1587,1.0,0.009583215229213238,9.999999747378752e-05
1588,1.0,0.010581448674201965,9.999999747378752e-05
1589,1.0,0.008903221227228642,9.999999747378752e-05
1590,1.0,0.0037133642472326756,9.999999747378752e-05
1591,1.0,0.0060818991623818874,9.999999747378752e-05
1592,1.0,0.0025282904971390963,9.999999747378752e-05
1593,1.0,0.0022224781569093466,9.999999747378752e-05
1594,1.0,0.003855109214782715,9.999999747378752e-05
1595,1.0,0.0024776135105639696,9.999999747378752e-05
1596,1.0,0.0023689758963882923,9.999999747378752e-05
1597,1.0,0.001793594448827207,9.999999747378752e-05
1598,1.0,0.0025573596358299255,9.999999747378752e-05
1599,1.0,0.0016108168056234717,9.999999747378752e-05
1600,1.0,0.0025736193638294935,9.999999747378752e-05
1601,1.0,0.0021558813750743866,9.999999747378752e-05
1602,1.0,0.0012531873071566224,9.999999747378752e-05
1603,1.0,0.0016067009419202805,9.999999747378752e-05
1604,1.0,0.0036711767315864563,9.999999747378752e-05
1605,1.0,0.0019735507667064667,9.999999747378752e-05
1606,1.0,0.0016019183676689863,9.999999747378752e-05
1607,1.0,0.0018989973468706012,9.999999747378752e-05
1608,0.9968944191932678,0.004883584100753069,9.999999747378752e-05
1609,1.0,0.008557986468076706,9.999999747378752e-05
1610,1.0,0.0035716991405934095,9.999999747378752e-05
1611,1.0,0.0037384817842394114,9.999999747378752e-05
1612,1.0,0.0030491030775010586,9.999999747378752e-05
1613,1.0,0.0036692575085908175,9.999999747378752e-05
1614,1.0,0.0017515129875391722,9.999999747378752e-05
1615,1.0,0.0017722798511385918,9.999999747378752e-05
1616,1.0,0.0014374899910762906,9.999999747378752e-05
1617,0.9937888383865356,0.022312229499220848,9.999999747378752e-05
1618,1.0,0.0039495984092354774,9.999999747378752e-05
1619,1.0,0.006138564087450504,9.999999747378752e-05
1620,1.0,0.0050282590091228485,9.999999747378752e-05
1621,1.0,0.004984273575246334,9.999999747378752e-05
1622,1.0,0.0021362861152738333,9.999999747378752e-05
1623,1.0,0.002211920917034149,9.999999747378752e-05
1624,1.0,0.0021031456999480724,9.999999747378752e-05
1625,0.9968944191932678,0.0052584754303097725,9.999999747378752e-05
1626,1.0,0.0015008591581135988,9.999999747378752e-05
1627,1.0,0.0018621329218149185,9.999999747378752e-05
1628,1.0,0.0011776505270972848,9.999999747378752e-05
1629,1.0,0.001606157049536705,9.999999747378752e-05
1630,1.0,0.0021444030571728945,9.999999747378752e-05
1631,1.0,0.0016016181325539947,9.999999747378752e-05
1632,1.0,0.0016358289867639542,9.999999747378752e-05
1633,1.0,0.0017443220131099224,9.999999747378752e-05
1634,1.0,0.000978365307673812,9.999999747378752e-05
1635,1.0,0.0009429733618162572,9.999999747378752e-05
1636,1.0,0.0018048828933387995,9.999999747378752e-05
1637,1.0,0.0012929446529597044,9.999999747378752e-05
1638,1.0,0.0011433885665610433,9.999999747378752e-05
1639,1.0,0.001668542274273932,9.999999747378752e-05
1640,1.0,0.0013098991475999355,9.999999747378752e-05
1641,1.0,0.0009234669851139188,9.999999747378752e-05
1642,1.0,0.001676406362093985,9.999999747378752e-05
1643,1.0,0.0009724687552079558,9.999999747378752e-05
1644,1.0,0.0022128671407699585,9.999999747378752e-05
1645,1.0,0.0008301338530145586,9.999999747378752e-05
1646,0.9937888383865356,0.012181028723716736,9.999999747378752e-05
1647,0.9968944191932678,0.014728523790836334,9.999999747378752e-05
1648,0.9968944191932678,0.01353413239121437,9.999999747378752e-05
1649,1.0,0.0036090968642383814,9.999999747378752e-05
1650,1.0,0.003857820760458708,9.999999747378752e-05
1651,1.0,0.0019449841929599643,9.999999747378752e-05
1652,1.0,0.004959035199135542,9.999999747378752e-05
1653,1.0,0.002775033703073859,9.999999747378752e-05
1654,1.0,0.0027349486481398344,9.999999747378752e-05
1655,1.0,0.0015108163934201002,9.999999747378752e-05
1656,1.0,0.0011867644498124719,9.999999747378752e-05
1657,1.0,0.0012458920245990157,9.999999747378752e-05
1658,1.0,0.0022791584488004446,9.999999747378752e-05
1659,1.0,0.0015397531678900123,9.999999747378752e-05
1660,1.0,0.0030262426007539034,9.999999747378752e-05
1661,1.0,0.001093694125302136,9.999999747378752e-05
1662,1.0,0.0008748945547267795,9.999999747378752e-05
1663,1.0,0.0023669367656111717,9.999999747378752e-05
1664,1.0,0.00707691814750433,9.999999747378752e-05
1665,1.0,0.0014001158997416496,9.999999747378752e-05
1666,1.0,0.0016098236665129662,9.999999747378752e-05
1667,1.0,0.0019385397899895906,9.999999747378752e-05
1668,1.0,0.0019593960605561733,9.999999747378752e-05
1669,1.0,0.0015489403158426285,9.999999747378752e-05
1670,1.0,0.0038403032813221216,9.999999747378752e-05
1671,1.0,0.0018429238116368651,9.999999747378752e-05
1672,0.9968944191932678,0.005668221041560173,9.999999747378752e-05
1673,1.0,0.0019800178706645966,9.999999747378752e-05
1674,1.0,0.0017183683812618256,9.999999747378752e-05
1675,1.0,0.004749806597828865,9.999999747378752e-05
1676,1.0,0.0022293911315500736,9.999999747378752e-05
1677,1.0,0.0007314655813388526,9.999999747378752e-05
1678,1.0,0.0008900163811631501,9.999999747378752e-05
1679,1.0,0.003221746999770403,9.999999747378752e-05
1680,0.9937888383865356,0.03104625642299652,9.999999747378752e-05
1681,0.9968944191932678,0.025418266654014587,9.999999747378752e-05
1682,0.9906832575798035,0.03348546475172043,9.999999747378752e-05
1683,1.0,0.009851157665252686,9.999999747378752e-05
1684,1.0,0.013636473566293716,9.999999747378752e-05
1685,1.0,0.014433464966714382,9.999999747378752e-05
1686,1.0,0.003638896159827709,9.999999747378752e-05
1687,1.0,0.0030813156627118587,9.999999747378752e-05
1688,1.0,0.002097942167893052,9.999999747378752e-05
1689,1.0,0.0033994598779827356,9.999999747378752e-05
1690,1.0,0.001988546224310994,9.999999747378752e-05
1691,1.0,0.00238669547252357,9.999999747378752e-05
1692,1.0,0.0020490484312176704,9.999999747378752e-05
1693,1.0,0.001570923370309174,9.999999747378752e-05
1694,1.0,0.0020708406809717417,9.999999747378752e-05
1695,1.0,0.0032700856681913137,9.999999747378752e-05
1696,1.0,0.0026504790876060724,9.999999747378752e-05
1697,1.0,0.0015764780109748244,9.999999747378752e-05
1698,1.0,0.0030977409332990646,9.999999747378752e-05
1699,1.0,0.0027529143262654543,9.999999747378752e-05
1700,1.0,0.001656315173022449,9.999999747378752e-05
1701,1.0,0.0019146129488945007,9.999999747378752e-05
1702,1.0,0.001770378090441227,9.999999747378752e-05
1703,1.0,0.0017199645517393947,9.999999747378752e-05
1704,1.0,0.0024402979761362076,9.999999747378752e-05
1705,1.0,0.0018196407472714782,9.999999747378752e-05
1706,1.0,0.001788187655620277,9.999999747378752e-05
1707,1.0,0.0017978060059249401,9.999999747378752e-05
1708,1.0,0.0029172750655561686,9.999999747378752e-05
1709,1.0,0.0016871890984475613,9.999999747378752e-05
1710,1.0,0.0010070472490042448,9.999999747378752e-05
1711,1.0,0.0018302631797268987,9.999999747378752e-05
1712,1.0,0.0018824721919372678,9.999999747378752e-05
1713,1.0,0.001972452737390995,9.999999747378752e-05
1714,1.0,0.0015654312446713448,9.999999747378752e-05
1715,1.0,0.001445422531105578,9.999999747378752e-05
1716,1.0,0.001378397224470973,9.999999747378752e-05
1717,1.0,0.001454111305065453,9.999999747378752e-05
1718,1.0,0.0011112041538581252,9.999999747378752e-05
1719,1.0,0.0023517098743468523,9.999999747378752e-05
1720,1.0,0.0012845346936956048,9.999999747378752e-05
1721,1.0,0.0011444261763244867,9.999999747378752e-05
1722,1.0,0.001277840230613947,9.999999747378752e-05
1723,1.0,0.002620994346216321,9.999999747378752e-05
1724,1.0,0.0012206367682665586,9.999999747378752e-05
1725,1.0,0.0009116452420130372,9.999999747378752e-05
1726,1.0,0.001415413455106318,9.999999747378752e-05
1727,1.0,0.0014796045143157244,9.999999747378752e-05
1728,1.0,0.0019892107229679823,9.999999747378752e-05
1729,1.0,0.0009258609497919679,9.999999747378752e-05
1730,1.0,0.0012729752343147993,9.999999747378752e-05
1731,1.0,0.001073413877747953,9.999999747378752e-05
1732,1.0,0.0008630294469185174,9.999999747378752e-05
1733,1.0,0.0017975085647776723,9.999999747378752e-05
1734,1.0,0.0016329921782016754,9.999999747378752e-05
1735,1.0,0.002200471004471183,9.999999747378752e-05
1736,1.0,0.0015386904124170542,9.999999747378752e-05
1737,0.9968944191932678,0.007831213064491749,9.999999747378752e-05
1738,1.0,0.0006823648000136018,9.999999747378752e-05
1739,1.0,0.001227392815053463,9.999999747378752e-05
1740,1.0,0.0007730065262876451,9.999999747378752e-05
1741,1.0,0.0008485438302159309,9.999999747378752e-05
1742,1.0,0.0008285511867143214,9.999999747378752e-05
1743,1.0,0.0011216937564313412,9.999999747378752e-05
1744,1.0,0.0011459487723186612,9.999999747378752e-05
1745,1.0,0.0008721301564946771,9.999999747378752e-05
1746,1.0,0.002165763173252344,9.999999747378752e-05
1747,1.0,0.0008312178542837501,9.999999747378752e-05
1748,1.0,0.0009288563160225749,9.999999747378752e-05
1749,1.0,0.000773324107285589,9.999999747378752e-05
1750,1.0,0.0010043635265901685,9.999999747378752e-05
1751,1.0,0.0006435577524825931,9.999999747378752e-05
1752,1.0,0.003002928104251623,9.999999747378752e-05
1753,1.0,0.002233286388218403,9.999999747378752e-05
1754,0.9937888383865356,0.03555652126669884,9.999999747378752e-05
1755,1.0,0.008489754050970078,9.999999747378752e-05
1756,0.9968944191932678,0.017156796529889107,9.999999747378752e-05
1757,0.9968944191932678,0.019739871844649315,9.999999747378752e-05
1758,1.0,0.00498511828482151,9.999999747378752e-05
1759,1.0,0.004020592663437128,9.999999747378752e-05
1760,1.0,0.003454651450738311,9.999999747378752e-05
1761,1.0,0.003778518410399556,9.999999747378752e-05
1762,1.0,0.003270306158810854,9.999999747378752e-05
1763,1.0,0.0027102192398160696,9.999999747378752e-05
1764,1.0,0.0027203571517020464,9.999999747378752e-05
1765,1.0,0.0023764371871948242,9.999999747378752e-05
1766,1.0,0.002938629826530814,9.999999747378752e-05
1767,1.0,0.0027441619895398617,9.999999747378752e-05
1768,1.0,0.002550709992647171,9.999999747378752e-05
1769,1.0,0.0018803669372573495,9.999999747378752e-05
1770,1.0,0.0028678742237389088,9.999999747378752e-05
1771,1.0,0.0017925704596564174,9.999999747378752e-05
1772,1.0,0.0022158934734761715,9.999999747378752e-05
1773,1.0,0.006498902570456266,9.999999747378752e-05
1774,1.0,0.0011566694593057036,9.999999747378752e-05
1775,1.0,0.0020190917421132326,9.999999747378752e-05
1776,1.0,0.0017689914675429463,9.999999747378752e-05
1777,1.0,0.0023377062752842903,9.999999747378752e-05
1778,1.0,0.0008416165946982801,9.999999747378752e-05
1779,1.0,0.0016558606876060367,9.999999747378752e-05
1780,1.0,0.004507331643253565,9.999999747378752e-05
1781,1.0,0.0016296337125822902,9.999999747378752e-05
1782,1.0,0.0017134920926764607,9.999999747378752e-05
1783,1.0,0.00189310556743294,9.999999747378752e-05
1784,1.0,0.002109256573021412,9.999999747378752e-05
1785,1.0,0.0043524159118533134,9.999999747378752e-05
1786,1.0,0.002272512996569276,9.999999747378752e-05
1787,1.0,0.004640527535229921,9.999999747378752e-05
1788,1.0,0.0013655719812959433,9.999999747378752e-05
1789,1.0,0.0016562531236559153,9.999999747378752e-05
1790,1.0,0.0016116929473355412,9.999999747378752e-05
1791,1.0,0.0022910262923687696,9.999999747378752e-05
1792,1.0,0.002207749057561159,9.999999747378752e-05
1793,1.0,0.0017766926903277636,9.999999747378752e-05
1794,1.0,0.0007873434806242585,9.999999747378752e-05
1795,1.0,0.0012080568121746182,9.999999747378752e-05
1796,1.0,0.0014389104908332229,9.999999747378752e-05
1797,1.0,0.0024758626241236925,9.999999747378752e-05
1798,1.0,0.0012452284572646022,9.999999747378752e-05
1799,1.0,0.003171152900904417,9.999999747378752e-05
1800,1.0,0.0022351699881255627,9.999999747378752e-05
1801,1.0,0.0008908769232220948,9.999999747378752e-05
1802,1.0,0.000985862105153501,9.999999747378752e-05
1803,1.0,0.0011444574920460582,9.999999747378752e-05
1804,1.0,0.0013425903161987662,9.999999747378752e-05
1805,1.0,0.001396231004036963,9.999999747378752e-05
1806,1.0,0.001672750455327332,9.999999747378752e-05
1807,1.0,0.0008343100780621171,9.999999747378752e-05
1808,1.0,0.0009763198904693127,9.999999747378752e-05
1809,1.0,0.0010874912841245532,9.999999747378752e-05
1810,1.0,0.0019917506724596024,9.999999747378752e-05
1811,1.0,0.0014635020634159446,9.999999747378752e-05
1812,1.0,0.001701605855487287,9.999999747378752e-05
1813,1.0,0.0010576427448540926,9.999999747378752e-05
1814,1.0,0.0008673884440213442,9.999999747378752e-05
1815,1.0,0.001502301194705069,9.999999747378752e-05
1816,1.0,0.0008654403500258923,9.999999747378752e-05
1817,1.0,0.0015622053761035204,9.999999747378752e-05
1818,1.0,0.0011572256917133927,9.999999747378752e-05
1819,1.0,0.0029305843636393547,9.999999747378752e-05
1820,1.0,0.0008301292546093464,9.999999747378752e-05
1821,1.0,0.0010644070571288466,9.999999747378752e-05
1822,1.0,0.007322044111788273,9.999999747378752e-05
1823,1.0,0.001421045046299696,9.999999747378752e-05
1824,1.0,0.0009350404725410044,9.999999747378752e-05
1825,1.0,0.0009026803891174495,9.999999747378752e-05
1826,1.0,0.001161109423264861,9.999999747378752e-05
1827,1.0,0.0008310732082463801,9.999999747378752e-05
1828,1.0,0.003287299768999219,9.999999747378752e-05
1829,1.0,0.0008889811579138041,9.999999747378752e-05
1830,1.0,0.0009760319953784347,9.999999747378752e-05
1831,1.0,0.0009210362331941724,9.999999747378752e-05
1832,1.0,0.0011737806489691138,9.999999747378752e-05
1833,1.0,0.0006915265112183988,9.999999747378752e-05
1834,1.0,0.0007344295736402273,9.999999747378752e-05
1835,1.0,0.0005259928293526173,9.999999747378752e-05
1836,1.0,0.0013892847346141934,9.999999747378752e-05
1837,1.0,0.0007913940353319049,9.999999747378752e-05
1838,1.0,0.0014397648628801107,9.999999747378752e-05
1839,1.0,0.0006390994531102479,9.999999747378752e-05
1840,1.0,0.000559862470254302,9.999999747378752e-05
1841,1.0,0.0006662518135271966,9.999999747378752e-05
1842,1.0,0.0010541792726144195,9.999999747378752e-05
1843,1.0,0.004868817050009966,9.999999747378752e-05
1844,1.0,0.0008104547159746289,9.999999747378752e-05
1845,1.0,0.0018656725296750665,9.999999747378752e-05
1846,1.0,0.0020702779293060303,9.999999747378752e-05
1847,1.0,0.0017843355890363455,9.999999747378752e-05
1848,1.0,0.0004545810224954039,9.999999747378752e-05
1849,1.0,0.0005394446779973805,9.999999747378752e-05
1850,0.9968944191932678,0.0050298841670155525,9.999999747378752e-05
1851,1.0,0.0017449049046263099,9.999999747378752e-05
1852,1.0,0.001509884255938232,9.999999747378752e-05
1853,1.0,0.0006077422294765711,9.999999747378752e-05
1854,1.0,0.0012966722715646029,9.999999747378752e-05
1855,1.0,0.0011019310913980007,9.999999747378752e-05
1856,1.0,0.0006200159550644457,9.999999747378752e-05
1857,1.0,0.0022889254614710808,9.999999747378752e-05
1858,1.0,0.0009677720372565091,9.999999747378752e-05
1859,1.0,0.0015944393817335367,9.999999747378752e-05
1860,1.0,0.0007960096700116992,9.999999747378752e-05
1861,1.0,0.001239437609910965,9.999999747378752e-05
1862,1.0,0.0014177307020872831,9.999999747378752e-05
1863,0.9937888383865356,0.029312273487448692,9.999999747378752e-05
1864,1.0,0.01041494868695736,9.999999747378752e-05
1865,0.9968944191932678,0.012577570974826813,9.999999747378752e-05
1866,1.0,0.006596917752176523,9.999999747378752e-05
1867,1.0,0.005087296944111586,9.999999747378752e-05
1868,1.0,0.003776850178837776,9.999999747378752e-05
1869,1.0,0.003425121307373047,9.999999747378752e-05
1870,0.9937888383865356,0.02792319841682911,9.999999747378752e-05
1871,1.0,0.004415153991430998,9.999999747378752e-05
1872,1.0,0.00448833592236042,9.999999747378752e-05
1873,1.0,0.0035260675940662622,9.999999747378752e-05
1874,1.0,0.004194050561636686,9.999999747378752e-05
1875,1.0,0.004860489163547754,9.999999747378752e-05
1876,1.0,0.0027328277938067913,9.999999747378752e-05
1877,1.0,0.0025818452704697847,9.999999747378752e-05
1878,1.0,0.0030535534024238586,9.999999747378752e-05
1879,1.0,0.0022101241629570723,9.999999747378752e-05
1880,1.0,0.0013337116688489914,9.999999747378752e-05
1881,1.0,0.0015671056462451816,9.999999747378752e-05
1882,1.0,0.0011968862963840365,9.999999747378752e-05
1883,0.9968944191932678,0.009197100065648556,9.999999747378752e-05
1884,1.0,0.0022735490929335356,9.999999747378752e-05
1885,1.0,0.0039006394799798727,9.999999747378752e-05
1886,1.0,0.0013570119626820087,9.999999747378752e-05
1887,1.0,0.0025822867173701525,9.999999747378752e-05
1888,1.0,0.0010178583906963468,9.999999747378752e-05
1889,1.0,0.0019901988562196493,9.999999747378752e-05
1890,1.0,0.0012374576181173325,9.999999747378752e-05
1891,1.0,0.0013577800709754229,9.999999747378752e-05
1892,1.0,0.0009395682136528194,9.999999747378752e-05
1893,1.0,0.0009322685655206442,9.999999747378752e-05
1894,1.0,0.0014232605462893844,9.999999747378752e-05
1895,1.0,0.0011561224237084389,9.999999747378752e-05
1896,1.0,0.0015100444434210658,9.999999747378752e-05
1897,1.0,0.000994039117358625,9.999999747378752e-05
1898,1.0,0.0014988582115620375,9.999999747378752e-05
1899,1.0,0.0020368502009660006,9.999999747378752e-05
1900,1.0,0.0012499192962422967,9.999999747378752e-05
1901,0.9937888383865356,0.03903905302286148,9.999999747378752e-05
1902,1.0,0.008374909870326519,9.999999747378752e-05
1903,1.0,0.009336177259683609,9.999999747378752e-05
1904,1.0,0.008180270902812481,9.999999747378752e-05
1905,1.0,0.004053988493978977,9.999999747378752e-05
1906,1.0,0.0028512501157820225,9.999999747378752e-05
1907,1.0,0.0025931387208402157,9.999999747378752e-05
1908,1.0,0.0029740300960838795,9.999999747378752e-05
1909,1.0,0.0023662021849304438,9.999999747378752e-05
1910,1.0,0.002836813684552908,9.999999747378752e-05
1911,1.0,0.0017550481716170907,9.999999747378752e-05
1912,1.0,0.002573523437604308,9.999999747378752e-05
1913,1.0,0.0023920326493680477,9.999999747378752e-05
1914,1.0,0.004373208153992891,9.999999747378752e-05
1915,1.0,0.0023187536280602217,9.999999747378752e-05
1916,1.0,0.0013944850070402026,9.999999747378752e-05
1917,1.0,0.003171506803482771,9.999999747378752e-05
1918,1.0,0.0013540168292820454,9.999999747378752e-05
1919,1.0,0.0015521497698500752,9.999999747378752e-05
1920,1.0,0.003581058932468295,9.999999747378752e-05
1921,1.0,0.0012307290453463793,9.999999747378752e-05
1922,1.0,0.0022711940109729767,9.999999747378752e-05
1923,1.0,0.001364926341921091,9.999999747378752e-05
1924,1.0,0.0013123798416927457,9.999999747378752e-05
1925,1.0,0.0013445175718516111,9.999999747378752e-05
1926,1.0,0.002214996609836817,9.999999747378752e-05
1927,1.0,0.001258720294572413,9.999999747378752e-05
1928,1.0,0.0013134144246578217,9.999999747378752e-05
1929,1.0,0.001080622081644833,9.999999747378752e-05
1930,1.0,0.0018099381122738123,9.999999747378752e-05
1931,1.0,0.0019427526276558638,9.999999747378752e-05
1932,1.0,0.003140334039926529,9.999999747378752e-05
1933,1.0,0.001311308122240007,9.999999747378752e-05
1934,1.0,0.001432074815966189,9.999999747378752e-05
1935,1.0,0.0011677556904032826,9.999999747378752e-05
1936,1.0,0.0008560980786569417,9.999999747378752e-05
1937,1.0,0.0012930850498378277,9.999999747378752e-05
1938,1.0,0.0008241091854870319,9.999999747378752e-05
1939,1.0,0.0007108318386599422,9.999999747378752e-05
1940,1.0,0.0009326362051069736,9.999999747378752e-05
1941,0.9968944191932678,0.007200812920928001,9.999999747378752e-05
1942,1.0,0.004011346958577633,9.999999747378752e-05
1943,1.0,0.0014080563560128212,9.999999747378752e-05
1944,1.0,0.0007681515999138355,9.999999747378752e-05
1945,1.0,0.0015805828152224422,9.999999747378752e-05
1946,1.0,0.0016554471803829074,9.999999747378752e-05
1947,1.0,0.0006412728107534349,9.999999747378752e-05
1948,1.0,0.0015949682565405965,9.999999747378752e-05
1949,1.0,0.0011786838294938207,9.999999747378752e-05
1950,1.0,0.0016688707983121276,9.999999747378752e-05
1951,1.0,0.0011826457921415567,9.999999747378752e-05
1952,1.0,0.0012265873374417424,9.999999747378752e-05
1953,1.0,0.001182837993837893,9.999999747378752e-05
1954,1.0,0.0007768372306600213,9.999999747378752e-05
1955,1.0,0.003504236927255988,9.999999747378752e-05
1956,1.0,0.0018273865571245551,9.999999747378752e-05
1957,1.0,0.0016034496948122978,9.999999747378752e-05
1958,1.0,0.0008549636695533991,9.999999747378752e-05
1959,1.0,0.001296938513405621,9.999999747378752e-05
1960,0.9937888383865356,0.02427971176803112,9.999999747378752e-05
1961,1.0,0.008074679411947727,9.999999747378752e-05
1962,1.0,0.006433676462620497,9.999999747378752e-05
1963,1.0,0.00428545568138361,9.999999747378752e-05
1964,1.0,0.004906120710074902,9.999999747378752e-05
1965,1.0,0.004368278663605452,9.999999747378752e-05
1966,1.0,0.0023902831599116325,9.999999747378752e-05
1967,1.0,0.0014417170314118266,9.999999747378752e-05
1968,1.0,0.002432352164760232,9.999999747378752e-05
1969,1.0,0.0017746768426150084,9.999999747378752e-05
1970,1.0,0.001177686033770442,9.999999747378752e-05
1971,1.0,0.0014066168805584311,9.999999747378752e-05
1972,1.0,0.0020965111907571554,9.999999747378752e-05
1973,1.0,0.0012810776242986321,9.999999747378752e-05
1974,1.0,0.0012312057660892606,9.999999747378752e-05
1975,0.9937888383865356,0.022216206416487694,9.999999747378752e-05
1976,1.0,0.003232566174119711,9.999999747378752e-05
1977,1.0,0.005138603504747152,9.999999747378752e-05
1978,1.0,0.003125782823190093,9.999999747378752e-05
1979,1.0,0.004199109971523285,9.999999747378752e-05
1980,1.0,0.002186431549489498,9.999999747378752e-05
1981,1.0,0.0017476885113865137,9.999999747378752e-05
1982,0.9937888383865356,0.024826807901263237,9.999999747378752e-05
1983,1.0,0.008029838092625141,9.999999747378752e-05
1984,1.0,0.008788703009486198,9.999999747378752e-05
1985,1.0,0.00441473163664341,9.999999747378752e-05
1986,1.0,0.002542533678933978,9.999999747378752e-05
1987,1.0,0.0036354304756969213,9.999999747378752e-05
1988,1.0,0.006831836886703968,9.999999747378752e-05
1989,1.0,0.004464388824999332,9.999999747378752e-05
1990,1.0,0.002144589787349105,9.999999747378752e-05
1991,1.0,0.0022969499696046114,9.999999747378752e-05
1992,1.0,0.002562175737693906,9.999999747378752e-05
1993,1.0,0.0030881264247000217,9.999999747378752e-05
1994,1.0,0.0018257758347317576,9.999999747378752e-05
1995,1.0,0.0020086513832211494,9.999999747378752e-05
1996,1.0,0.003204540116712451,9.999999747378752e-05
1997,1.0,0.0020526403095573187,9.999999747378752e-05
1998,1.0,0.002002184744924307,9.999999747378752e-05
1999,0.9937888383865356,0.03229442983865738,9.999999747378752e-05
