,categorical_accuracy,loss,learning_rate
0,0.5,0.7446033358573914,0.0010000000474974513
1,0.75,0.6440849900245667,0.0010000000474974513
2,0.8500000238418579,0.6004788279533386,0.0010000000474974513
3,0.699999988079071,0.6015475988388062,0.0010000000474974513
4,0.75,0.6034924387931824,0.0010000000474974513
5,0.699999988079071,0.5322368741035461,0.0010000000474974513
6,0.8500000238418579,0.4720071852207184,0.0010000000474974513
7,0.800000011920929,0.4944123327732086,0.0010000000474974513
8,0.6000000238418579,0.5744146704673767,0.0010000000474974513
9,0.75,0.4922531247138977,0.0010000000474974513
10,0.800000011920929,0.41678324341773987,0.0010000000474974513
11,0.699999988079071,0.5755029320716858,0.0010000000474974513
12,0.75,0.5009549856185913,0.0010000000474974513
13,0.949999988079071,0.411503404378891,0.0010000000474974513
14,0.8999999761581421,0.30368342995643616,0.0010000000474974513
15,0.8500000238418579,0.3991301655769348,0.0010000000474974513
16,0.6499999761581421,0.7356084585189819,0.0010000000474974513
17,0.550000011920929,0.6872762441635132,0.0010000000474974513
18,0.800000011920929,0.5158540606498718,0.0010000000474974513
19,0.75,0.5357099771499634,0.0010000000474974513
20,0.8500000238418579,0.2832045257091522,0.0010000000474974513
21,0.800000011920929,0.5019274950027466,0.0010000000474974513
22,0.8500000238418579,0.3391817510128021,0.0010000000474974513
23,0.800000011920929,0.4333900809288025,0.0010000000474974513
24,0.550000011920929,0.7254756689071655,0.0010000000474974513
25,0.8500000238418579,0.4840391278266907,0.0010000000474974513
26,0.800000011920929,0.46443039178848267,0.0010000000474974513
27,0.75,0.5474971532821655,0.0010000000474974513
28,0.949999988079071,0.29181551933288574,0.0010000000474974513
29,0.8500000238418579,0.4415375292301178,0.0010000000474974513
30,0.8500000238418579,0.4407401978969574,0.0010000000474974513
31,0.75,0.4957417845726013,0.0010000000474974513
32,0.800000011920929,0.42830023169517517,0.0010000000474974513
33,0.800000011920929,0.5021597146987915,0.0010000000474974513
34,0.949999988079071,0.39882293343544006,0.0010000000474974513
35,0.8500000238418579,0.4607533812522888,0.0010000000474974513
36,0.8999999761581421,0.4006701409816742,0.0010000000474974513
37,0.6499999761581421,0.5553200244903564,0.0010000000474974513
38,0.800000011920929,0.6252375841140747,0.0010000000474974513
39,0.550000011920929,0.6057159900665283,0.0010000000474974513
40,0.800000011920929,0.5100354552268982,0.0010000000474974513
41,0.699999988079071,0.5134309530258179,0.0010000000474974513
42,0.8500000238418579,0.4290092885494232,0.0010000000474974513
43,0.8999999761581421,0.322322279214859,0.0010000000474974513
44,0.699999988079071,0.621929943561554,0.0010000000474974513
45,0.8999999761581421,0.2845480144023895,0.0010000000474974513
46,0.8500000238418579,0.4711078703403473,0.0010000000474974513
47,0.699999988079071,0.4664473533630371,0.0010000000474974513
48,0.8500000238418579,0.30815547704696655,0.0010000000474974513
49,0.949999988079071,0.2692292630672455,0.0010000000474974513
50,0.800000011920929,0.38726872205734253,0.0010000000474974513
51,0.8999999761581421,0.2876410186290741,0.0010000000474974513
52,0.8500000238418579,0.3360578715801239,0.0010000000474974513
53,0.75,0.4838968813419342,0.0010000000474974513
54,0.6000000238418579,0.5682740807533264,0.0010000000474974513
55,0.800000011920929,0.4405166506767273,0.0010000000474974513
56,0.699999988079071,0.4887119233608246,0.0010000000474974513
57,0.75,0.43598541617393494,0.0010000000474974513
58,0.8500000238418579,0.36710673570632935,0.0010000000474974513
59,0.8999999761581421,0.28694435954093933,0.0010000000474974513
60,0.8500000238418579,0.3570142388343811,0.0010000000474974513
61,0.699999988079071,0.5535258054733276,0.0010000000474974513
62,0.8500000238418579,0.42545002698898315,0.0010000000474974513
63,0.8500000238418579,0.4564458727836609,0.0010000000474974513
64,0.800000011920929,0.3615248501300812,0.0010000000474974513
65,0.8500000238418579,0.386530339717865,0.0010000000474974513
66,0.8999999761581421,0.35841530561447144,0.0010000000474974513
67,0.8500000238418579,0.3477446436882019,0.0010000000474974513
68,0.75,0.42382821440696716,0.0010000000474974513
69,0.8500000238418579,0.35147523880004883,0.0010000000474974513
70,0.8999999761581421,0.21996918320655823,0.0010000000474974513
71,0.8999999761581421,0.2575879693031311,0.0010000000474974513
72,0.8500000238418579,0.33549314737319946,0.0010000000474974513
73,0.800000011920929,0.3731338679790497,0.0010000000474974513
74,0.75,0.4506123661994934,0.0010000000474974513
75,0.800000011920929,0.4306498169898987,0.0010000000474974513
76,0.8500000238418579,0.4485630393028259,0.0010000000474974513
77,0.8500000238418579,0.398809015750885,0.0010000000474974513
78,0.8500000238418579,0.3492007851600647,0.0010000000474974513
79,0.800000011920929,0.3025299608707428,0.0010000000474974513
80,0.8500000238418579,0.45316237211227417,0.0010000000474974513
81,0.8500000238418579,0.3579767346382141,0.0010000000474974513
82,0.949999988079071,0.21823373436927795,0.0010000000474974513
83,0.800000011920929,0.4196067750453949,0.0010000000474974513
84,0.949999988079071,0.22662051022052765,0.0010000000474974513
85,0.8500000238418579,0.3235694169998169,0.0010000000474974513
86,0.8999999761581421,0.30281367897987366,0.0010000000474974513
87,0.800000011920929,0.46849459409713745,0.0010000000474974513
88,0.8999999761581421,0.2779904901981354,0.0010000000474974513
89,0.800000011920929,0.39965683221817017,0.0010000000474974513
90,0.949999988079071,0.2831963896751404,0.0010000000474974513
91,0.8500000238418579,0.3784339129924774,0.0010000000474974513
92,0.8999999761581421,0.3321167826652527,0.0010000000474974513
93,0.699999988079071,0.5049233436584473,0.0010000000474974513
94,0.75,0.35355615615844727,0.0010000000474974513
95,0.949999988079071,0.24017007648944855,0.0010000000474974513
96,0.800000011920929,0.35919877886772156,0.0010000000474974513
97,0.8500000238418579,0.2972331941127777,0.0010000000474974513
98,0.75,0.43014296889305115,0.0010000000474974513
99,1.0,0.27152690291404724,0.0010000000474974513
100,0.800000011920929,0.3892950415611267,0.0010000000474974513
101,0.8500000238418579,0.2969769835472107,0.0010000000474974513
102,0.8500000238418579,0.315920889377594,0.0010000000474974513
103,0.75,0.4996630549430847,0.0010000000474974513
104,0.8999999761581421,0.21618227660655975,0.0010000000474974513
105,0.949999988079071,0.2557697892189026,0.0010000000474974513
106,0.75,0.418354332447052,0.0010000000474974513
107,1.0,0.19602158665657043,0.0010000000474974513
108,0.800000011920929,0.398712158203125,0.0010000000474974513
109,0.8999999761581421,0.28124624490737915,0.0010000000474974513
110,0.949999988079071,0.17584127187728882,0.0010000000474974513
111,0.8500000238418579,0.29728972911834717,0.0010000000474974513
112,1.0,0.16054746508598328,0.0010000000474974513
113,0.800000011920929,0.34494730830192566,0.0010000000474974513
114,1.0,0.24829904735088348,0.0010000000474974513
115,0.8999999761581421,0.26789557933807373,0.0010000000474974513
116,0.8500000238418579,0.2715288996696472,0.0010000000474974513
117,0.8500000238418579,0.32231321930885315,0.0010000000474974513
118,0.8500000238418579,0.3527023196220398,0.0010000000474974513
119,0.8999999761581421,0.2944256365299225,0.0010000000474974513
120,0.8999999761581421,0.211126446723938,0.0010000000474974513
121,0.949999988079071,0.2261931598186493,0.0010000000474974513
122,0.800000011920929,0.36377304792404175,0.0010000000474974513
123,0.949999988079071,0.3275079131126404,0.0010000000474974513
124,0.8999999761581421,0.35074594616889954,0.0010000000474974513
125,0.8500000238418579,0.3233833909034729,0.0010000000474974513
126,0.949999988079071,0.22897247970104218,0.0010000000474974513
127,0.949999988079071,0.17932185530662537,0.0010000000474974513
128,0.8999999761581421,0.18366584181785583,0.0010000000474974513
129,0.8999999761581421,0.28572016954421997,0.0010000000474974513
130,0.8999999761581421,0.2706884741783142,0.0010000000474974513
131,0.8999999761581421,0.2840067148208618,0.0010000000474974513
132,0.800000011920929,0.39189425110816956,0.0010000000474974513
133,0.800000011920929,0.49916648864746094,0.0010000000474974513
134,0.8999999761581421,0.2261747419834137,0.0010000000474974513
135,0.75,0.4241194725036621,0.0010000000474974513
136,0.800000011920929,0.35663676261901855,0.0010000000474974513
137,1.0,0.2544021010398865,0.0010000000474974513
138,0.800000011920929,0.38105833530426025,0.0010000000474974513
139,0.949999988079071,0.27969521284103394,0.0010000000474974513
140,0.949999988079071,0.17541714012622833,0.0010000000474974513
141,0.800000011920929,0.3938361704349518,0.0010000000474974513
142,0.8999999761581421,0.3118970990180969,0.0010000000474974513
143,0.8999999761581421,0.2529342770576477,0.0010000000474974513
144,1.0,0.14209064841270447,0.0010000000474974513
145,0.8500000238418579,0.26648780703544617,0.0010000000474974513
146,0.8999999761581421,0.25922083854675293,0.0010000000474974513
147,0.8999999761581421,0.20974235236644745,0.0010000000474974513
148,0.8999999761581421,0.26314395666122437,0.0010000000474974513
149,0.8999999761581421,0.23798036575317383,0.0010000000474974513
150,0.949999988079071,0.23935742676258087,0.0010000000474974513
151,0.800000011920929,0.36753755807876587,0.0010000000474974513
152,0.949999988079071,0.2527153789997101,0.0010000000474974513
153,0.8999999761581421,0.32976478338241577,0.0010000000474974513
154,0.8500000238418579,0.24456708133220673,0.0010000000474974513
155,0.8999999761581421,0.2595229148864746,0.0010000000474974513
156,0.949999988079071,0.22478409111499786,0.0010000000474974513
157,0.949999988079071,0.21649332344532013,0.0010000000474974513
158,1.0,0.15370215475559235,0.0010000000474974513
159,0.8999999761581421,0.20357868075370789,0.0010000000474974513
160,0.949999988079071,0.1795099973678589,0.0010000000474974513
161,1.0,0.13403403759002686,0.0010000000474974513
162,1.0,0.131022647023201,0.0010000000474974513
163,0.949999988079071,0.18989641964435577,0.0010000000474974513
164,0.8500000238418579,0.28177863359451294,0.0010000000474974513
165,0.800000011920929,0.3098483383655548,0.0010000000474974513
166,0.8500000238418579,0.2768329679965973,0.0010000000474974513
167,0.949999988079071,0.1862335503101349,0.0010000000474974513
168,0.8999999761581421,0.292741596698761,0.0010000000474974513
169,0.949999988079071,0.256130576133728,0.0010000000474974513
170,0.8500000238418579,0.3098505139350891,0.0010000000474974513
171,0.8999999761581421,0.265617698431015,0.0010000000474974513
172,0.800000011920929,0.30825918912887573,0.0010000000474974513
173,0.8999999761581421,0.2669305205345154,0.0010000000474974513
174,0.949999988079071,0.25616320967674255,0.0010000000474974513
175,0.8999999761581421,0.24519161880016327,0.0010000000474974513
176,0.949999988079071,0.14704665541648865,0.0010000000474974513
177,0.949999988079071,0.17279432713985443,0.0010000000474974513
178,1.0,0.13104602694511414,0.0010000000474974513
179,0.8999999761581421,0.20750224590301514,0.0010000000474974513
180,0.949999988079071,0.20277611911296844,0.0010000000474974513
181,1.0,0.11539759486913681,0.0010000000474974513
182,0.949999988079071,0.13764342665672302,0.0010000000474974513
183,0.949999988079071,0.2335110604763031,0.0010000000474974513
184,0.8999999761581421,0.3653584122657776,0.0010000000474974513
185,0.8999999761581421,0.271651029586792,0.0010000000474974513
186,0.699999988079071,0.41743460297584534,0.0010000000474974513
187,0.800000011920929,0.29703623056411743,0.0010000000474974513
188,0.8500000238418579,0.34765031933784485,0.0010000000474974513
189,0.8999999761581421,0.3124608099460602,0.0010000000474974513
190,0.949999988079071,0.35521596670150757,0.0010000000474974513
191,0.949999988079071,0.2587255537509918,0.0010000000474974513
192,0.8999999761581421,0.12512022256851196,0.0010000000474974513
193,0.8999999761581421,0.2051955908536911,0.0010000000474974513
194,0.8999999761581421,0.3063490092754364,0.0010000000474974513
195,0.8999999761581421,0.3228836953639984,0.0010000000474974513
196,0.949999988079071,0.22003746032714844,0.0010000000474974513
197,0.8500000238418579,0.27311381697654724,0.0010000000474974513
198,0.8999999761581421,0.1853853166103363,0.0010000000474974513
199,0.949999988079071,0.1737339198589325,0.0010000000474974513
200,0.949999988079071,0.2558862864971161,0.0010000000474974513
201,0.949999988079071,0.21869874000549316,0.0010000000474974513
202,0.8999999761581421,0.209652379155159,0.0010000000474974513
203,0.8999999761581421,0.2639086842536926,0.0010000000474974513
204,0.949999988079071,0.18937215209007263,0.0010000000474974513
205,0.949999988079071,0.20328092575073242,0.0010000000474974513
206,1.0,0.15553373098373413,0.0010000000474974513
207,1.0,0.11747913062572479,0.0010000000474974513
208,0.8999999761581421,0.20773418247699738,0.0010000000474974513
209,0.949999988079071,0.19393977522850037,0.0010000000474974513
210,0.949999988079071,0.21652884781360626,0.0010000000474974513
211,0.800000011920929,0.352071076631546,0.0010000000474974513
212,0.8500000238418579,0.3108425736427307,0.0010000000474974513
213,0.8999999761581421,0.25427576899528503,0.0010000000474974513
214,0.8999999761581421,0.21401438117027283,0.0010000000474974513
215,0.8999999761581421,0.305306077003479,0.0010000000474974513
216,0.8500000238418579,0.2853636145591736,0.0010000000474974513
217,0.949999988079071,0.25041118264198303,0.0010000000474974513
218,1.0,0.1736726015806198,0.0010000000474974513
219,1.0,0.15373310446739197,0.0010000000474974513
220,1.0,0.1191876158118248,0.0010000000474974513
221,0.949999988079071,0.19698822498321533,0.0010000000474974513
222,1.0,0.12354125082492828,0.0010000000474974513
223,0.8999999761581421,0.23245587944984436,0.0010000000474974513
224,1.0,0.17431095242500305,0.0010000000474974513
225,1.0,0.11917607486248016,0.0010000000474974513
226,0.949999988079071,0.1452222466468811,0.0010000000474974513
227,1.0,0.12725773453712463,0.0010000000474974513
228,1.0,0.10512036085128784,0.0010000000474974513
229,0.949999988079071,0.15868006646633148,0.0010000000474974513
230,1.0,0.12439338117837906,0.0010000000474974513
231,0.949999988079071,0.13630393147468567,0.0010000000474974513
232,0.8999999761581421,0.18132242560386658,0.0010000000474974513
233,0.8999999761581421,0.21175667643547058,0.0010000000474974513
234,1.0,0.07435967028141022,0.0010000000474974513
235,0.949999988079071,0.17944081127643585,0.0010000000474974513
236,0.949999988079071,0.15119022130966187,0.0010000000474974513
237,1.0,0.15341731905937195,0.0010000000474974513
238,1.0,0.07842225581407547,0.0010000000474974513
239,0.949999988079071,0.23590104281902313,0.0010000000474974513
240,1.0,0.19304710626602173,0.0010000000474974513
241,0.949999988079071,0.24068088829517365,0.0010000000474974513
242,1.0,0.10612832009792328,0.0010000000474974513
243,0.949999988079071,0.17605923116207123,0.0010000000474974513
244,0.8999999761581421,0.2434234321117401,0.0010000000474974513
245,0.949999988079071,0.13750961422920227,0.0010000000474974513
246,1.0,0.05474712699651718,0.0010000000474974513
247,1.0,0.0815395936369896,0.0010000000474974513
248,1.0,0.1539115309715271,0.0010000000474974513
249,0.949999988079071,0.161300927400589,0.0010000000474974513
250,1.0,0.11301358044147491,0.0010000000474974513
251,0.949999988079071,0.1509293019771576,0.0010000000474974513
252,0.8999999761581421,0.19292518496513367,0.0010000000474974513
253,1.0,0.13262322545051575,0.0010000000474974513
254,1.0,0.12940901517868042,0.0010000000474974513
255,1.0,0.09710783511400223,0.0010000000474974513
256,1.0,0.0933464765548706,0.0010000000474974513
257,1.0,0.03165745735168457,0.0010000000474974513
258,1.0,0.11910983175039291,0.0010000000474974513
259,1.0,0.07496505975723267,0.0010000000474974513
260,1.0,0.07227562367916107,0.0010000000474974513
261,1.0,0.0823088064789772,0.0010000000474974513
262,0.8999999761581421,0.21746082603931427,0.0010000000474974513
263,0.949999988079071,0.15394511818885803,0.0010000000474974513
264,1.0,0.07316174358129501,0.0010000000474974513
265,1.0,0.1301344633102417,0.0010000000474974513
266,0.949999988079071,0.18026193976402283,0.0010000000474974513
267,0.949999988079071,0.17964860796928406,0.0010000000474974513
268,1.0,0.11418785899877548,0.0010000000474974513
269,1.0,0.1472632735967636,0.0010000000474974513
270,1.0,0.06554564833641052,0.0010000000474974513
271,1.0,0.07860787212848663,0.0010000000474974513
272,0.949999988079071,0.14232705533504486,0.0010000000474974513
273,1.0,0.08362698554992676,0.0010000000474974513
274,1.0,0.09206394851207733,0.0010000000474974513
275,1.0,0.05542059615254402,0.0010000000474974513
276,0.949999988079071,0.13687393069267273,0.0010000000474974513
277,1.0,0.07023243606090546,0.0010000000474974513
278,1.0,0.08322815597057343,0.0010000000474974513
279,0.8999999761581421,0.18072380125522614,0.0010000000474974513
280,0.949999988079071,0.17752262949943542,0.0010000000474974513
281,0.949999988079071,0.1526166945695877,0.0010000000474974513
282,1.0,0.09721175581216812,0.0010000000474974513
283,0.949999988079071,0.11582998186349869,0.0010000000474974513
284,0.949999988079071,0.09030848741531372,0.0010000000474974513
285,0.949999988079071,0.17000257968902588,0.0010000000474974513
286,1.0,0.06450851261615753,0.0010000000474974513
287,1.0,0.08299847692251205,0.0010000000474974513
288,1.0,0.09112201631069183,0.0010000000474974513
289,1.0,0.11723573505878448,0.0010000000474974513
290,1.0,0.09045689553022385,0.0010000000474974513
291,1.0,0.10519178211688995,0.0010000000474974513
292,0.949999988079071,0.1299750655889511,0.0010000000474974513
293,1.0,0.0651470199227333,0.0010000000474974513
294,1.0,0.06753003597259521,0.0010000000474974513
295,1.0,0.11826483905315399,0.0010000000474974513
296,1.0,0.058176446706056595,0.0010000000474974513
297,0.949999988079071,0.16772660613059998,0.0010000000474974513
298,0.949999988079071,0.21292710304260254,0.0010000000474974513
299,0.8999999761581421,0.34315839409828186,0.0010000000474974513
300,0.8500000238418579,0.26300543546676636,0.0010000000474974513
301,0.8999999761581421,0.2221035659313202,0.0010000000474974513
302,0.949999988079071,0.16685998439788818,0.0010000000474974513
303,1.0,0.12518516182899475,0.0010000000474974513
304,0.949999988079071,0.1428331583738327,0.0010000000474974513
305,1.0,0.1154751181602478,0.0010000000474974513
306,1.0,0.09599610418081284,0.0010000000474974513
307,0.8999999761581421,0.15567517280578613,0.0010000000474974513
308,1.0,0.05940449237823486,0.0005000000237487257
309,1.0,0.0859287828207016,0.0005000000237487257
310,1.0,0.058792583644390106,0.0005000000237487257
311,1.0,0.03162480518221855,0.0005000000237487257
312,1.0,0.03910630941390991,0.0005000000237487257
313,1.0,0.051963962614536285,0.0005000000237487257
314,1.0,0.06414903700351715,0.0005000000237487257
315,1.0,0.06699021905660629,0.0005000000237487257
316,1.0,0.07427584379911423,0.0005000000237487257
317,1.0,0.06163717433810234,0.0005000000237487257
318,1.0,0.04171901196241379,0.0005000000237487257
319,1.0,0.055508803576231,0.0005000000237487257
320,1.0,0.04587633162736893,0.0005000000237487257
321,1.0,0.05931444093585014,0.0005000000237487257
322,1.0,0.0590939000248909,0.0005000000237487257
323,0.949999988079071,0.12050243467092514,0.0005000000237487257
324,1.0,0.06011677905917168,0.0005000000237487257
325,1.0,0.02864515222609043,0.0005000000237487257
326,1.0,0.056032128632068634,0.0005000000237487257
327,1.0,0.06386937201023102,0.0005000000237487257
328,0.949999988079071,0.08124293386936188,0.0005000000237487257
329,1.0,0.03599947318434715,0.0005000000237487257
330,1.0,0.06644553691148758,0.0005000000237487257
331,1.0,0.0776265412569046,0.0005000000237487257
332,1.0,0.036919012665748596,0.0005000000237487257
333,1.0,0.0350014865398407,0.0005000000237487257
334,1.0,0.029626239091157913,0.0005000000237487257
335,1.0,0.03755982220172882,0.0005000000237487257
336,1.0,0.040288493037223816,0.0005000000237487257
337,1.0,0.046197883784770966,0.0005000000237487257
338,1.0,0.04378656670451164,0.0005000000237487257
339,1.0,0.02764059603214264,0.0005000000237487257
340,1.0,0.06653569638729095,0.0005000000237487257
341,1.0,0.07060606777667999,0.0005000000237487257
342,1.0,0.020919999107718468,0.0005000000237487257
343,1.0,0.047017354518175125,0.0005000000237487257
344,1.0,0.054071374237537384,0.0005000000237487257
345,0.8999999761581421,0.14668981730937958,0.0005000000237487257
346,0.949999988079071,0.11053458601236343,0.0005000000237487257
347,1.0,0.07204470783472061,0.0005000000237487257
348,1.0,0.045944295823574066,0.0005000000237487257
349,1.0,0.06702877581119537,0.0005000000237487257
350,1.0,0.04430484026670456,0.0005000000237487257
351,1.0,0.03215395659208298,0.0005000000237487257
352,1.0,0.034239575266838074,0.0005000000237487257
353,1.0,0.041516076773405075,0.0005000000237487257
354,1.0,0.05285656452178955,0.0005000000237487257
355,1.0,0.0279728714376688,0.0005000000237487257
356,0.949999988079071,0.11856643855571747,0.0005000000237487257
357,0.8999999761581421,0.1498604118824005,0.0005000000237487257
358,1.0,0.06241438537836075,0.0005000000237487257
359,1.0,0.06569649279117584,0.0005000000237487257
360,1.0,0.07256917655467987,0.0005000000237487257
361,1.0,0.05116622522473335,0.0005000000237487257
362,1.0,0.04284367710351944,0.0005000000237487257
363,1.0,0.04538927227258682,0.0005000000237487257
364,1.0,0.02620716765522957,0.0005000000237487257
365,1.0,0.031040584668517113,0.0005000000237487257
366,1.0,0.038723163306713104,0.0005000000237487257
367,1.0,0.03552219644188881,0.0005000000237487257
368,1.0,0.06478911638259888,0.0005000000237487257
369,1.0,0.05128861218690872,0.0005000000237487257
370,1.0,0.0638136938214302,0.0005000000237487257
371,1.0,0.036089979112148285,0.0005000000237487257
372,1.0,0.037243038415908813,0.0005000000237487257
373,1.0,0.034687913954257965,0.0005000000237487257
374,1.0,0.04099016264081001,0.0005000000237487257
375,1.0,0.04707164689898491,0.0005000000237487257
376,1.0,0.04060688242316246,0.0005000000237487257
377,1.0,0.048159509897232056,0.0005000000237487257
378,1.0,0.030102480202913284,0.0005000000237487257
379,1.0,0.04137147217988968,0.0005000000237487257
380,1.0,0.023348728194832802,0.0005000000237487257
381,1.0,0.03876692056655884,0.0005000000237487257
382,1.0,0.03660350292921066,0.0005000000237487257
383,1.0,0.06421181559562683,0.0005000000237487257
384,0.949999988079071,0.10055756568908691,0.0005000000237487257
385,1.0,0.08151626586914062,0.0005000000237487257
386,1.0,0.04216586425900459,0.0005000000237487257
387,1.0,0.02658478356897831,0.0005000000237487257
388,1.0,0.0337078794836998,0.0005000000237487257
389,1.0,0.02871890924870968,0.0005000000237487257
390,1.0,0.028271952643990517,0.0005000000237487257
391,1.0,0.03324199840426445,0.0005000000237487257
392,1.0,0.033671967685222626,0.0005000000237487257
393,1.0,0.027826834470033646,0.0002500000118743628
394,1.0,0.024201776832342148,0.0002500000118743628
395,1.0,0.05732767656445503,0.0002500000118743628
396,1.0,0.06024358421564102,0.0002500000118743628
397,1.0,0.019901612773537636,0.0002500000118743628
398,1.0,0.03335914760828018,0.0002500000118743628
399,1.0,0.024901213124394417,0.0002500000118743628
400,1.0,0.025081932544708252,0.0002500000118743628
401,1.0,0.021555868908762932,0.0002500000118743628
402,1.0,0.026925554499030113,0.0002500000118743628
403,1.0,0.01939292624592781,0.0002500000118743628
404,1.0,0.021133705973625183,0.0002500000118743628
405,1.0,0.02360169030725956,0.0002500000118743628
406,1.0,0.01799430325627327,0.0002500000118743628
407,1.0,0.024127749726176262,0.0002500000118743628
408,1.0,0.014126296155154705,0.0002500000118743628
409,1.0,0.04826951399445534,0.0002500000118743628
410,1.0,0.023618873208761215,0.0002500000118743628
411,1.0,0.030392181128263474,0.0002500000118743628
412,1.0,0.027006912976503372,0.0002500000118743628
413,1.0,0.019205713644623756,0.0002500000118743628
414,1.0,0.03461364656686783,0.0002500000118743628
415,1.0,0.027438808232545853,0.0002500000118743628
416,1.0,0.029277030378580093,0.0002500000118743628
417,1.0,0.05032133311033249,0.0002500000118743628
418,1.0,0.02340536378324032,0.0002500000118743628
419,1.0,0.02550654485821724,0.0002500000118743628
420,1.0,0.02409750036895275,0.0002500000118743628
421,1.0,0.03224017471075058,0.0002500000118743628
422,1.0,0.02961236611008644,0.0002500000118743628
423,1.0,0.011901178397238255,0.0002500000118743628
424,1.0,0.01910952292382717,0.0002500000118743628
425,1.0,0.01863860711455345,0.0002500000118743628
426,1.0,0.022028302773833275,0.0002500000118743628
427,1.0,0.012015897780656815,0.0002500000118743628
428,1.0,0.010110130533576012,0.0002500000118743628
429,1.0,0.0184165108948946,0.0002500000118743628
430,1.0,0.01869269460439682,0.0002500000118743628
431,1.0,0.027590492740273476,0.0002500000118743628
432,1.0,0.018952351063489914,0.0002500000118743628
433,1.0,0.036167312413454056,0.0002500000118743628
434,1.0,0.010543512180447578,0.0002500000118743628
435,1.0,0.021709010004997253,0.0002500000118743628
436,1.0,0.02805408462882042,0.0002500000118743628
437,1.0,0.015654752030968666,0.0002500000118743628
438,1.0,0.027539992704987526,0.0002500000118743628
439,1.0,0.01906415820121765,0.0002500000118743628
440,1.0,0.020489651709794998,0.0002500000118743628
441,1.0,0.015970196574926376,0.0002500000118743628
442,1.0,0.013618944212794304,0.0002500000118743628
443,1.0,0.02460188791155815,0.0002500000118743628
444,1.0,0.022402528673410416,0.0002500000118743628
445,1.0,0.02832433022558689,0.0002500000118743628
446,1.0,0.02417156472802162,0.0002500000118743628
447,1.0,0.05817670747637749,0.0002500000118743628
448,1.0,0.03575444594025612,0.0002500000118743628
449,1.0,0.019620075821876526,0.0002500000118743628
450,1.0,0.026221757754683495,0.0002500000118743628
451,1.0,0.029888128861784935,0.0002500000118743628
452,1.0,0.01933574676513672,0.0002500000118743628
453,1.0,0.018911097198724747,0.0002500000118743628
454,1.0,0.010978727601468563,0.0002500000118743628
455,1.0,0.02013922855257988,0.0002500000118743628
456,1.0,0.03036436438560486,0.0002500000118743628
457,1.0,0.02638205885887146,0.0002500000118743628
458,1.0,0.02457510121166706,0.0002500000118743628
459,1.0,0.024316664785146713,0.0002500000118743628
460,1.0,0.027251457795500755,0.0002500000118743628
461,1.0,0.027816101908683777,0.0002500000118743628
462,1.0,0.038940995931625366,0.0002500000118743628
463,1.0,0.024179724976420403,0.0002500000118743628
464,1.0,0.027168745175004005,0.0002500000118743628
465,1.0,0.016883285716176033,0.0002500000118743628
466,1.0,0.02387004718184471,0.0002500000118743628
467,1.0,0.0215512253344059,0.0002500000118743628
468,1.0,0.02646961435675621,0.0002500000118743628
469,1.0,0.048706136643886566,0.0002500000118743628
470,1.0,0.040031902492046356,0.0002500000118743628
471,1.0,0.031607095152139664,0.0002500000118743628
472,1.0,0.02295827306807041,0.0002500000118743628
473,1.0,0.018277768045663834,0.0002500000118743628
474,1.0,0.01915917731821537,0.0002500000118743628
475,1.0,0.024117454886436462,0.0002500000118743628
476,1.0,0.018860185518860817,0.0002500000118743628
477,1.0,0.01165173202753067,0.0002500000118743628
478,1.0,0.015232476405799389,0.0002500000118743628
479,1.0,0.024318668991327286,0.0001250000059371814
480,1.0,0.021862098947167397,0.0001250000059371814
481,1.0,0.014525528065860271,0.0001250000059371814
482,1.0,0.015850860625505447,0.0001250000059371814
483,1.0,0.01000635139644146,0.0001250000059371814
484,1.0,0.017583156004548073,0.0001250000059371814
485,1.0,0.04244690015912056,0.0001250000059371814
486,1.0,0.012155319564044476,0.0001250000059371814
487,1.0,0.01728171668946743,0.0001250000059371814
488,1.0,0.0129705760627985,0.0001250000059371814
489,1.0,0.02919478714466095,0.0001250000059371814
490,1.0,0.0196674857288599,0.0001250000059371814
491,1.0,0.012754542753100395,0.0001250000059371814
492,1.0,0.018251590430736542,0.0001250000059371814
493,1.0,0.021921338513493538,0.0001250000059371814
494,1.0,0.01802462711930275,0.0001250000059371814
495,1.0,0.018206536769866943,0.0001250000059371814
496,1.0,0.05011530965566635,0.0001250000059371814
497,1.0,0.030769526958465576,0.0001250000059371814
498,1.0,0.016781803220510483,0.0001250000059371814
499,1.0,0.016403986141085625,0.0001250000059371814
500,1.0,0.01597004011273384,0.0001250000059371814
501,1.0,0.018588218837976456,0.0001250000059371814
502,1.0,0.02382473647594452,0.0001250000059371814
503,1.0,0.020524149760603905,0.0001250000059371814
504,1.0,0.03569728881120682,0.0001250000059371814
505,1.0,0.02794741652905941,0.0001250000059371814
506,1.0,0.022802429273724556,0.0001250000059371814
507,1.0,0.01548874843865633,0.0001250000059371814
508,1.0,0.007508167531341314,0.0001250000059371814
509,1.0,0.017219601199030876,0.0001250000059371814
510,1.0,0.01732058636844158,0.0001250000059371814
511,1.0,0.0181150883436203,0.0001250000059371814
512,1.0,0.011983102187514305,0.0001250000059371814
513,1.0,0.03414470702409744,0.0001250000059371814
514,1.0,0.03456113487482071,0.0001250000059371814
515,1.0,0.018278982490301132,0.0001250000059371814
516,1.0,0.054058779031038284,0.0001250000059371814
517,1.0,0.03887878730893135,0.0001250000059371814
518,1.0,0.01910298503935337,0.0001250000059371814
519,1.0,0.02230573259294033,0.0001250000059371814
520,1.0,0.011935132555663586,0.0001250000059371814
521,1.0,0.016060100868344307,0.0001250000059371814
522,1.0,0.02301511913537979,0.0001250000059371814
523,1.0,0.02721915766596794,0.0001250000059371814
524,1.0,0.012209969572722912,0.0001250000059371814
525,1.0,0.01943136379122734,0.0001250000059371814
526,1.0,0.022876739501953125,0.0001250000059371814
527,1.0,0.05207415670156479,0.0001250000059371814
528,1.0,0.03203573077917099,0.0001250000059371814
529,1.0,0.02376246079802513,0.0001250000059371814
530,1.0,0.018013063818216324,0.0001250000059371814
531,1.0,0.027356436476111412,0.0001250000059371814
532,1.0,0.020676227286458015,0.0001250000059371814
533,1.0,0.02686406299471855,0.0001250000059371814
534,1.0,0.032322708517313004,0.0001250000059371814
535,1.0,0.01967635005712509,0.0001250000059371814
536,1.0,0.018997566774487495,0.0001250000059371814
537,1.0,0.024477651342749596,0.0001250000059371814
538,1.0,0.020934799686074257,0.0001250000059371814
539,1.0,0.038790468126535416,0.0001250000059371814
540,1.0,0.01620236411690712,0.0001250000059371814
541,1.0,0.02910781465470791,0.0001250000059371814
542,1.0,0.02070324681699276,0.0001250000059371814
543,1.0,0.017575213685631752,0.0001250000059371814
544,1.0,0.023943567648530006,0.0001250000059371814
545,1.0,0.038846902549266815,0.0001250000059371814
546,1.0,0.01849624142050743,0.0001250000059371814
547,1.0,0.020968357101082802,0.0001250000059371814
548,1.0,0.01564984954893589,0.0001250000059371814
549,1.0,0.016808558255434036,0.0001250000059371814
550,1.0,0.018464064225554466,0.0001250000059371814
551,1.0,0.01361172180622816,0.0001250000059371814
552,1.0,0.01612051948904991,0.0001250000059371814
553,1.0,0.01914653554558754,0.0001250000059371814
554,1.0,0.015432558953762054,0.0001250000059371814
555,1.0,0.011007136665284634,0.0001250000059371814
556,1.0,0.02303081378340721,0.0001250000059371814
557,1.0,0.01294698379933834,0.0001250000059371814
558,1.0,0.009761640802025795,0.0001250000059371814
559,1.0,0.01417260430753231,9.999999747378752e-05
560,1.0,0.017203014343976974,9.999999747378752e-05
561,1.0,0.014975698664784431,9.999999747378752e-05
562,1.0,0.013637754134833813,9.999999747378752e-05
563,1.0,0.011029061861336231,9.999999747378752e-05
564,1.0,0.017222080379724503,9.999999747378752e-05
565,1.0,0.019896846264600754,9.999999747378752e-05
566,1.0,0.018553363159298897,9.999999747378752e-05
567,1.0,0.014050845988094807,9.999999747378752e-05
568,1.0,0.013071288354694843,9.999999747378752e-05
569,1.0,0.015994446352124214,9.999999747378752e-05
570,1.0,0.014863571152091026,9.999999747378752e-05
571,1.0,0.01082195807248354,9.999999747378752e-05
572,1.0,0.01382091362029314,9.999999747378752e-05
573,1.0,0.03981434181332588,9.999999747378752e-05
574,1.0,0.03261920437216759,9.999999747378752e-05
575,1.0,0.02242538146674633,9.999999747378752e-05
576,1.0,0.015441544353961945,9.999999747378752e-05
577,1.0,0.01661359705030918,9.999999747378752e-05
578,1.0,0.01411669235676527,9.999999747378752e-05
579,1.0,0.0269622765481472,9.999999747378752e-05
580,1.0,0.019597385078668594,9.999999747378752e-05
581,1.0,0.017364345490932465,9.999999747378752e-05
582,1.0,0.018698913976550102,9.999999747378752e-05
583,1.0,0.012415694072842598,9.999999747378752e-05
584,1.0,0.012848058715462685,9.999999747378752e-05
585,1.0,0.01559811644256115,9.999999747378752e-05
586,1.0,0.014834518544375896,9.999999747378752e-05
587,1.0,0.019405830651521683,9.999999747378752e-05
588,1.0,0.011541430838406086,9.999999747378752e-05
589,1.0,0.012705234810709953,9.999999747378752e-05
590,1.0,0.013194928877055645,9.999999747378752e-05
591,1.0,0.01628205180168152,9.999999747378752e-05
592,1.0,0.014520257711410522,9.999999747378752e-05
593,1.0,0.018863249570131302,9.999999747378752e-05
594,1.0,0.014888620004057884,9.999999747378752e-05
595,1.0,0.010651408694684505,9.999999747378752e-05
596,1.0,0.009159012697637081,9.999999747378752e-05
597,1.0,0.013688134960830212,9.999999747378752e-05
598,1.0,0.014161884784698486,9.999999747378752e-05
599,1.0,0.016120484098792076,9.999999747378752e-05
600,1.0,0.009260682389140129,9.999999747378752e-05
601,1.0,0.018659941852092743,9.999999747378752e-05
602,1.0,0.016383739188313484,9.999999747378752e-05
603,1.0,0.017946209758520126,9.999999747378752e-05
604,1.0,0.020540576428174973,9.999999747378752e-05
605,1.0,0.02204884961247444,9.999999747378752e-05
606,1.0,0.013193947263062,9.999999747378752e-05
607,1.0,0.019230272620916367,9.999999747378752e-05
608,1.0,0.014796284958720207,9.999999747378752e-05
609,1.0,0.01454232633113861,9.999999747378752e-05
610,1.0,0.012391477823257446,9.999999747378752e-05
611,1.0,0.009595295414328575,9.999999747378752e-05
612,1.0,0.012539399787783623,9.999999747378752e-05
613,1.0,0.013364402577280998,9.999999747378752e-05
614,1.0,0.01233538519591093,9.999999747378752e-05
615,1.0,0.029940104112029076,9.999999747378752e-05
616,1.0,0.017896678298711777,9.999999747378752e-05
617,1.0,0.010909173637628555,9.999999747378752e-05
618,1.0,0.013956770300865173,9.999999747378752e-05
619,1.0,0.012290139682590961,9.999999747378752e-05
620,1.0,0.014108948409557343,9.999999747378752e-05
621,1.0,0.01717040129005909,9.999999747378752e-05
622,1.0,0.01861867681145668,9.999999747378752e-05
623,1.0,0.010221692733466625,9.999999747378752e-05
624,1.0,0.015005981549620628,9.999999747378752e-05
625,1.0,0.015852034091949463,9.999999747378752e-05
626,1.0,0.016324764117598534,9.999999747378752e-05
627,1.0,0.018406596034765244,9.999999747378752e-05
628,1.0,0.020343612879514694,9.999999747378752e-05
629,1.0,0.019426144659519196,9.999999747378752e-05
630,1.0,0.01756971701979637,9.999999747378752e-05
631,1.0,0.019425956532359123,9.999999747378752e-05
632,1.0,0.011060865595936775,9.999999747378752e-05
633,1.0,0.02868102490901947,9.999999747378752e-05
634,1.0,0.01827455684542656,9.999999747378752e-05
635,1.0,0.022891830652952194,9.999999747378752e-05
636,1.0,0.011263556778430939,9.999999747378752e-05
637,1.0,0.032203882932662964,9.999999747378752e-05
638,1.0,0.01468813605606556,9.999999747378752e-05
639,1.0,0.011423008516430855,9.999999747378752e-05
640,1.0,0.010965549387037754,9.999999747378752e-05
641,1.0,0.010761206969618797,9.999999747378752e-05
642,1.0,0.02104879729449749,9.999999747378752e-05
643,1.0,0.011150733567774296,9.999999747378752e-05
644,1.0,0.016069069504737854,9.999999747378752e-05
645,1.0,0.01156584732234478,9.999999747378752e-05
646,1.0,0.014025616459548473,9.999999747378752e-05
647,1.0,0.007725273258984089,9.999999747378752e-05
648,1.0,0.013701175339519978,9.999999747378752e-05
649,1.0,0.01411019079387188,9.999999747378752e-05
650,1.0,0.01023854874074459,9.999999747378752e-05
651,1.0,0.018414773046970367,9.999999747378752e-05
652,1.0,0.009540794417262077,9.999999747378752e-05
653,1.0,0.010813074186444283,9.999999747378752e-05
654,1.0,0.012042851187288761,9.999999747378752e-05
655,1.0,0.01048797182738781,9.999999747378752e-05
656,1.0,0.013348092325031757,9.999999747378752e-05
657,1.0,0.011087257415056229,9.999999747378752e-05
658,1.0,0.016550472006201744,9.999999747378752e-05
659,1.0,0.015570071525871754,9.999999747378752e-05
660,1.0,0.014329133555293083,9.999999747378752e-05
661,1.0,0.021848615258932114,9.999999747378752e-05
662,1.0,0.010719028301537037,9.999999747378752e-05
663,1.0,0.009583472274243832,9.999999747378752e-05
664,1.0,0.017005667090415955,9.999999747378752e-05
665,1.0,0.010391902178525925,9.999999747378752e-05
666,1.0,0.012417382560670376,9.999999747378752e-05
667,1.0,0.011317552998661995,9.999999747378752e-05
668,1.0,0.011709878221154213,9.999999747378752e-05
669,1.0,0.017802920192480087,9.999999747378752e-05
670,1.0,0.017129618674516678,9.999999747378752e-05
671,1.0,0.026047462597489357,9.999999747378752e-05
672,1.0,0.017193008214235306,9.999999747378752e-05
673,1.0,0.010465584695339203,9.999999747378752e-05
674,1.0,0.014906984753906727,9.999999747378752e-05
675,1.0,0.01546710729598999,9.999999747378752e-05
676,1.0,0.008496865630149841,9.999999747378752e-05
677,1.0,0.009628395549952984,9.999999747378752e-05
678,1.0,0.01668408326804638,9.999999747378752e-05
679,1.0,0.012714773416519165,9.999999747378752e-05
680,1.0,0.009783055633306503,9.999999747378752e-05
681,1.0,0.013969212770462036,9.999999747378752e-05
682,1.0,0.014811861328780651,9.999999747378752e-05
683,1.0,0.010477080009877682,9.999999747378752e-05
684,1.0,0.01111300103366375,9.999999747378752e-05
685,1.0,0.007221676409244537,9.999999747378752e-05
686,1.0,0.012018769048154354,9.999999747378752e-05
687,1.0,0.014108615927398205,9.999999747378752e-05
688,1.0,0.011066854000091553,9.999999747378752e-05
689,1.0,0.010546563193202019,9.999999747378752e-05
690,1.0,0.01139885000884533,9.999999747378752e-05
691,1.0,0.010672945529222488,9.999999747378752e-05
692,1.0,0.01520602684468031,9.999999747378752e-05
693,1.0,0.015049020759761333,9.999999747378752e-05
694,1.0,0.013004414737224579,9.999999747378752e-05
695,1.0,0.024066120386123657,9.999999747378752e-05
696,1.0,0.015154058113694191,9.999999747378752e-05
697,1.0,0.009830283001065254,9.999999747378752e-05
698,1.0,0.012405531480908394,9.999999747378752e-05
699,1.0,0.007395599968731403,9.999999747378752e-05
700,1.0,0.008326324634253979,9.999999747378752e-05
701,1.0,0.014703214168548584,9.999999747378752e-05
702,1.0,0.007463180460035801,9.999999747378752e-05
703,1.0,0.016462014988064766,9.999999747378752e-05
704,1.0,0.01350569911301136,9.999999747378752e-05
705,1.0,0.010278461501002312,9.999999747378752e-05
706,1.0,0.010399194434285164,9.999999747378752e-05
707,1.0,0.012093475088477135,9.999999747378752e-05
708,1.0,0.010815235786139965,9.999999747378752e-05
709,1.0,0.009548483416438103,9.999999747378752e-05
710,1.0,0.015438826754689217,9.999999747378752e-05
711,1.0,0.015838880091905594,9.999999747378752e-05
712,1.0,0.01752602495253086,9.999999747378752e-05
713,1.0,0.009252408519387245,9.999999747378752e-05
714,1.0,0.01564403995871544,9.999999747378752e-05
715,1.0,0.014773990027606487,9.999999747378752e-05
716,1.0,0.01168783474713564,9.999999747378752e-05
717,1.0,0.014088233932852745,9.999999747378752e-05
718,1.0,0.014684389345347881,9.999999747378752e-05
719,1.0,0.009972620755434036,9.999999747378752e-05
720,1.0,0.012491702102124691,9.999999747378752e-05
721,1.0,0.0070558651350438595,9.999999747378752e-05
722,1.0,0.008778191171586514,9.999999747378752e-05
723,1.0,0.0062986030243337154,9.999999747378752e-05
724,1.0,0.008228743448853493,9.999999747378752e-05
725,1.0,0.007973193190991879,9.999999747378752e-05
726,1.0,0.013250079937279224,9.999999747378752e-05
727,1.0,0.011297909542918205,9.999999747378752e-05
728,1.0,0.007213844917714596,9.999999747378752e-05
729,1.0,0.01367249060422182,9.999999747378752e-05
730,1.0,0.014923800714313984,9.999999747378752e-05
731,1.0,0.011325312778353691,9.999999747378752e-05
732,1.0,0.008256210014224052,9.999999747378752e-05
733,1.0,0.008389124646782875,9.999999747378752e-05
734,1.0,0.008900647982954979,9.999999747378752e-05
735,1.0,0.012685196474194527,9.999999747378752e-05
736,1.0,0.01762535236775875,9.999999747378752e-05
737,1.0,0.01087916549295187,9.999999747378752e-05
738,1.0,0.009032590314745903,9.999999747378752e-05
739,1.0,0.010750987567007542,9.999999747378752e-05
740,1.0,0.009165668860077858,9.999999747378752e-05
741,1.0,0.009396775625646114,9.999999747378752e-05
742,1.0,0.006639218423515558,9.999999747378752e-05
743,1.0,0.011645745486021042,9.999999747378752e-05
744,1.0,0.008645156398415565,9.999999747378752e-05
745,1.0,0.0064496323466300964,9.999999747378752e-05
746,1.0,0.009414801374077797,9.999999747378752e-05
747,1.0,0.006018931046128273,9.999999747378752e-05
748,1.0,0.008052282966673374,9.999999747378752e-05
749,1.0,0.013108178973197937,9.999999747378752e-05
750,1.0,0.009656587615609169,9.999999747378752e-05
751,1.0,0.00808224268257618,9.999999747378752e-05
752,1.0,0.008047787472605705,9.999999747378752e-05
753,1.0,0.013098503462970257,9.999999747378752e-05
754,1.0,0.005743025336414576,9.999999747378752e-05
755,1.0,0.008236285299062729,9.999999747378752e-05
756,1.0,0.00801166519522667,9.999999747378752e-05
757,1.0,0.01240567397326231,9.999999747378752e-05
758,1.0,0.020022278651595116,9.999999747378752e-05
759,1.0,0.013145985081791878,9.999999747378752e-05
760,1.0,0.009836012497544289,9.999999747378752e-05
761,1.0,0.011864046566188335,9.999999747378752e-05
762,1.0,0.027104899287223816,9.999999747378752e-05
763,1.0,0.02893502451479435,9.999999747378752e-05
764,1.0,0.012638213112950325,9.999999747378752e-05
765,1.0,0.016609784215688705,9.999999747378752e-05
766,1.0,0.009211350232362747,9.999999747378752e-05
767,1.0,0.01211356557905674,9.999999747378752e-05
768,1.0,0.024209175258874893,9.999999747378752e-05
769,1.0,0.012518835254013538,9.999999747378752e-05
770,1.0,0.008758306503295898,9.999999747378752e-05
771,1.0,0.010981669649481773,9.999999747378752e-05
772,1.0,0.011627733707427979,9.999999747378752e-05
773,1.0,0.008183915168046951,9.999999747378752e-05
774,1.0,0.008443518541753292,9.999999747378752e-05
775,1.0,0.021084876731038094,9.999999747378752e-05
776,1.0,0.01635366678237915,9.999999747378752e-05
777,1.0,0.00904677715152502,9.999999747378752e-05
778,1.0,0.009883453138172626,9.999999747378752e-05
779,1.0,0.007618302013725042,9.999999747378752e-05
780,1.0,0.007371650077402592,9.999999747378752e-05
781,1.0,0.011130583472549915,9.999999747378752e-05
782,1.0,0.006450002547353506,9.999999747378752e-05
783,1.0,0.009914111346006393,9.999999747378752e-05
784,1.0,0.007844366133213043,9.999999747378752e-05
785,1.0,0.008888187818229198,9.999999747378752e-05
786,1.0,0.01181749813258648,9.999999747378752e-05
787,1.0,0.008168455213308334,9.999999747378752e-05
788,1.0,0.008971089497208595,9.999999747378752e-05
789,1.0,0.030132735148072243,9.999999747378752e-05
790,1.0,0.015667174011468887,9.999999747378752e-05
791,1.0,0.011141941882669926,9.999999747378752e-05
792,1.0,0.010263525880873203,9.999999747378752e-05
793,1.0,0.008953461423516273,9.999999747378752e-05
794,1.0,0.009383495897054672,9.999999747378752e-05
795,1.0,0.016380665823817253,9.999999747378752e-05
796,1.0,0.007768958806991577,9.999999747378752e-05
797,1.0,0.008372435346245766,9.999999747378752e-05
798,1.0,0.006013853009790182,9.999999747378752e-05
799,1.0,0.006926706526428461,9.999999747378752e-05
800,1.0,0.008867764845490456,9.999999747378752e-05
801,1.0,0.0072397650219500065,9.999999747378752e-05
802,1.0,0.006256090011447668,9.999999747378752e-05
803,1.0,0.017574654892086983,9.999999747378752e-05
804,1.0,0.009840661659836769,9.999999747378752e-05
805,1.0,0.007571431342512369,9.999999747378752e-05
806,1.0,0.008050570264458656,9.999999747378752e-05
807,1.0,0.0060032629407942295,9.999999747378752e-05
808,1.0,0.006772251334041357,9.999999747378752e-05
809,1.0,0.01762080378830433,9.999999747378752e-05
810,1.0,0.010707548819482327,9.999999747378752e-05
811,1.0,0.007863503880798817,9.999999747378752e-05
812,1.0,0.008683890104293823,9.999999747378752e-05
813,1.0,0.009223912842571735,9.999999747378752e-05
814,1.0,0.008160741999745369,9.999999747378752e-05
815,1.0,0.01787971891462803,9.999999747378752e-05
816,1.0,0.008260896429419518,9.999999747378752e-05
817,1.0,0.00805983878672123,9.999999747378752e-05
818,1.0,0.007094419561326504,9.999999747378752e-05
819,1.0,0.006150779314339161,9.999999747378752e-05
820,1.0,0.004612754564732313,9.999999747378752e-05
821,1.0,0.006620595697313547,9.999999747378752e-05
822,1.0,0.00866722036153078,9.999999747378752e-05
823,1.0,0.00606717262417078,9.999999747378752e-05
824,1.0,0.010969803668558598,9.999999747378752e-05
825,1.0,0.007655969820916653,9.999999747378752e-05
826,1.0,0.012655282393097878,9.999999747378752e-05
827,1.0,0.010269907303154469,9.999999747378752e-05
828,1.0,0.008183935657143593,9.999999747378752e-05
829,1.0,0.013663646765053272,9.999999747378752e-05
830,1.0,0.008134260773658752,9.999999747378752e-05
831,1.0,0.007968036457896233,9.999999747378752e-05
832,1.0,0.006278571672737598,9.999999747378752e-05
833,1.0,0.009378621354699135,9.999999747378752e-05
834,1.0,0.014608955010771751,9.999999747378752e-05
835,1.0,0.005956921726465225,9.999999747378752e-05
836,1.0,0.015792274847626686,9.999999747378752e-05
837,1.0,0.006400756537914276,9.999999747378752e-05
838,1.0,0.00958662386983633,9.999999747378752e-05
839,1.0,0.007092625834047794,9.999999747378752e-05
840,1.0,0.009160713292658329,9.999999747378752e-05
841,1.0,0.008397716097533703,9.999999747378752e-05
842,1.0,0.021061044186353683,9.999999747378752e-05
843,1.0,0.00871441513299942,9.999999747378752e-05
844,1.0,0.00845092348754406,9.999999747378752e-05
845,1.0,0.008967614732682705,9.999999747378752e-05
846,1.0,0.007251942064613104,9.999999747378752e-05
847,1.0,0.007220531348139048,9.999999747378752e-05
848,1.0,0.0053056394681334496,9.999999747378752e-05
849,1.0,0.006088051944971085,9.999999747378752e-05
850,1.0,0.005397849716246128,9.999999747378752e-05
851,1.0,0.014885170385241508,9.999999747378752e-05
852,1.0,0.009535330347716808,9.999999747378752e-05
853,1.0,0.008112960495054722,9.999999747378752e-05
854,1.0,0.0055023240856826305,9.999999747378752e-05
855,1.0,0.0043975915759801865,9.999999747378752e-05
856,1.0,0.0083054443821311,9.999999747378752e-05
857,1.0,0.007139510475099087,9.999999747378752e-05
858,1.0,0.0055135092698037624,9.999999747378752e-05
859,1.0,0.006913474760949612,9.999999747378752e-05
860,1.0,0.007446367293596268,9.999999747378752e-05
861,1.0,0.008808829821646214,9.999999747378752e-05
862,1.0,0.006338328123092651,9.999999747378752e-05
863,1.0,0.006671843118965626,9.999999747378752e-05
864,1.0,0.00413105171173811,9.999999747378752e-05
865,1.0,0.009737472049891949,9.999999747378752e-05
866,1.0,0.020051736384630203,9.999999747378752e-05
867,1.0,0.008268055506050587,9.999999747378752e-05
868,1.0,0.007554640527814627,9.999999747378752e-05
869,1.0,0.00578619260340929,9.999999747378752e-05
870,1.0,0.007570749614387751,9.999999747378752e-05
871,1.0,0.006496222224086523,9.999999747378752e-05
872,1.0,0.008501476608216763,9.999999747378752e-05
873,1.0,0.009457848966121674,9.999999747378752e-05
874,1.0,0.014536897651851177,9.999999747378752e-05
875,1.0,0.00658626202493906,9.999999747378752e-05
876,1.0,0.006600125692784786,9.999999747378752e-05
877,1.0,0.005011322442442179,9.999999747378752e-05
878,1.0,0.00802399031817913,9.999999747378752e-05
879,1.0,0.0063379742205142975,9.999999747378752e-05
880,1.0,0.006492441054433584,9.999999747378752e-05
881,1.0,0.00657205143943429,9.999999747378752e-05
882,1.0,0.014019367285072803,9.999999747378752e-05
883,1.0,0.005806786939501762,9.999999747378752e-05
884,1.0,0.00505867088213563,9.999999747378752e-05
885,1.0,0.009649134241044521,9.999999747378752e-05
886,1.0,0.007279498968273401,9.999999747378752e-05
887,1.0,0.006143900565803051,9.999999747378752e-05
888,1.0,0.00398978078737855,9.999999747378752e-05
889,1.0,0.00945567898452282,9.999999747378752e-05
890,1.0,0.006509596947580576,9.999999747378752e-05
891,1.0,0.007075092755258083,9.999999747378752e-05
892,1.0,0.006585471332073212,9.999999747378752e-05
893,1.0,0.006291908212006092,9.999999747378752e-05
894,1.0,0.007727623917162418,9.999999747378752e-05
895,1.0,0.0067217000760138035,9.999999747378752e-05
896,1.0,0.0038906994741410017,9.999999747378752e-05
897,1.0,0.006310454104095697,9.999999747378752e-05
898,1.0,0.0054020956158638,9.999999747378752e-05
899,1.0,0.006027881987392902,9.999999747378752e-05
900,1.0,0.004223317373543978,9.999999747378752e-05
901,1.0,0.006777905859053135,9.999999747378752e-05
902,1.0,0.005604261998087168,9.999999747378752e-05
903,1.0,0.006375843193382025,9.999999747378752e-05
904,1.0,0.004187874961644411,9.999999747378752e-05
905,1.0,0.006461658980697393,9.999999747378752e-05
906,1.0,0.003794786985963583,9.999999747378752e-05
907,1.0,0.006992925889790058,9.999999747378752e-05
908,1.0,0.007097347639501095,9.999999747378752e-05
909,1.0,0.006466475315392017,9.999999747378752e-05
910,1.0,0.004087037406861782,9.999999747378752e-05
911,1.0,0.005835292395204306,9.999999747378752e-05
912,1.0,0.007089459337294102,9.999999747378752e-05
913,1.0,0.005709943827241659,9.999999747378752e-05
914,1.0,0.004569204989820719,9.999999747378752e-05
915,1.0,0.0033894323278218508,9.999999747378752e-05
916,1.0,0.005662808194756508,9.999999747378752e-05
917,1.0,0.00607924023643136,9.999999747378752e-05
918,1.0,0.006569043733179569,9.999999747378752e-05
919,1.0,0.006702226586639881,9.999999747378752e-05
920,1.0,0.00544193759560585,9.999999747378752e-05
921,1.0,0.004878230392932892,9.999999747378752e-05
922,1.0,0.007540698163211346,9.999999747378752e-05
923,1.0,0.01306811161339283,9.999999747378752e-05
924,1.0,0.01079806312918663,9.999999747378752e-05
925,1.0,0.007285070605576038,9.999999747378752e-05
926,1.0,0.0128468694165349,9.999999747378752e-05
927,1.0,0.006017323117703199,9.999999747378752e-05
928,1.0,0.008437295444309711,9.999999747378752e-05
929,1.0,0.006052048876881599,9.999999747378752e-05
930,1.0,0.0035099019296467304,9.999999747378752e-05
931,1.0,0.0030871150083839893,9.999999747378752e-05
932,1.0,0.0056962198577821255,9.999999747378752e-05
933,1.0,0.00491293054074049,9.999999747378752e-05
934,1.0,0.010533593595027924,9.999999747378752e-05
935,1.0,0.00578164029866457,9.999999747378752e-05
936,1.0,0.005339830182492733,9.999999747378752e-05
937,1.0,0.005961100570857525,9.999999747378752e-05
938,1.0,0.006839706562459469,9.999999747378752e-05
939,1.0,0.004892265889793634,9.999999747378752e-05
940,1.0,0.004961568862199783,9.999999747378752e-05
941,1.0,0.017813006415963173,9.999999747378752e-05
942,1.0,0.011834738776087761,9.999999747378752e-05
943,1.0,0.00683020893484354,9.999999747378752e-05
944,1.0,0.012183432467281818,9.999999747378752e-05
945,1.0,0.014569866470992565,9.999999747378752e-05
946,1.0,0.005074278451502323,9.999999747378752e-05
947,1.0,0.008068867027759552,9.999999747378752e-05
948,1.0,0.008183980360627174,9.999999747378752e-05
949,1.0,0.007475252263247967,9.999999747378752e-05
950,1.0,0.00566091388463974,9.999999747378752e-05
951,1.0,0.00579275144264102,9.999999747378752e-05
952,1.0,0.005148222669959068,9.999999747378752e-05
953,1.0,0.006820877082645893,9.999999747378752e-05
954,1.0,0.008090834133327007,9.999999747378752e-05
955,1.0,0.010383734479546547,9.999999747378752e-05
956,1.0,0.004482644144445658,9.999999747378752e-05
957,1.0,0.007645466364920139,9.999999747378752e-05
958,1.0,0.004255554638803005,9.999999747378752e-05
959,1.0,0.004166136961430311,9.999999747378752e-05
960,1.0,0.022700093686580658,9.999999747378752e-05
961,1.0,0.013611994683742523,9.999999747378752e-05
962,1.0,0.00508525874465704,9.999999747378752e-05
963,1.0,0.004474303685128689,9.999999747378752e-05
964,1.0,0.006484616547822952,9.999999747378752e-05
965,1.0,0.01101225707679987,9.999999747378752e-05
966,1.0,0.00385414925403893,9.999999747378752e-05
967,1.0,0.004891944583505392,9.999999747378752e-05
968,1.0,0.0075952475890517235,9.999999747378752e-05
969,1.0,0.0044787572696805,9.999999747378752e-05
970,1.0,0.0047055440954864025,9.999999747378752e-05
971,1.0,0.0056945038959383965,9.999999747378752e-05
972,1.0,0.004284663591533899,9.999999747378752e-05
973,1.0,0.003467282745987177,9.999999747378752e-05
974,1.0,0.0028282140847295523,9.999999747378752e-05
975,1.0,0.0041241212747991085,9.999999747378752e-05
976,1.0,0.00510723702609539,9.999999747378752e-05
977,1.0,0.0050216009840369225,9.999999747378752e-05
978,1.0,0.010013153776526451,9.999999747378752e-05
979,1.0,0.018440375104546547,9.999999747378752e-05
980,1.0,0.010224783793091774,9.999999747378752e-05
981,1.0,0.006010628305375576,9.999999747378752e-05
982,1.0,0.0018994633574038744,9.999999747378752e-05
983,1.0,0.0037709977477788925,9.999999747378752e-05
984,1.0,0.004836265929043293,9.999999747378752e-05
985,1.0,0.002778880065307021,9.999999747378752e-05
986,1.0,0.002375910757109523,9.999999747378752e-05
987,1.0,0.010897180996835232,9.999999747378752e-05
988,1.0,0.0039658574387431145,9.999999747378752e-05
989,1.0,0.006819023285061121,9.999999747378752e-05
990,1.0,0.010815443471074104,9.999999747378752e-05
991,1.0,0.006551831029355526,9.999999747378752e-05
992,1.0,0.003923668526113033,9.999999747378752e-05
993,1.0,0.008413243107497692,9.999999747378752e-05
994,1.0,0.0043496908619999886,9.999999747378752e-05
995,1.0,0.007746566087007523,9.999999747378752e-05
996,1.0,0.004041383508592844,9.999999747378752e-05
997,1.0,0.005694889929145575,9.999999747378752e-05
998,1.0,0.004784879740327597,9.999999747378752e-05
999,1.0,0.005937141366302967,9.999999747378752e-05
1000,1.0,0.005884142126888037,9.999999747378752e-05
1001,1.0,0.003833821741864085,9.999999747378752e-05
1002,1.0,0.005208173301070929,9.999999747378752e-05
1003,1.0,0.004590850323438644,9.999999747378752e-05
1004,1.0,0.00864284299314022,9.999999747378752e-05
1005,1.0,0.004158706404268742,9.999999747378752e-05
1006,1.0,0.007204314228147268,9.999999747378752e-05
1007,1.0,0.006712185684591532,9.999999747378752e-05
1008,1.0,0.005426694173365831,9.999999747378752e-05
1009,1.0,0.0036480191629379988,9.999999747378752e-05
1010,1.0,0.0039269281551241875,9.999999747378752e-05
1011,1.0,0.006876718252897263,9.999999747378752e-05
1012,1.0,0.0058469451032578945,9.999999747378752e-05
1013,1.0,0.006315154489129782,9.999999747378752e-05
1014,1.0,0.0033705264795571566,9.999999747378752e-05
1015,1.0,0.004081757273525,9.999999747378752e-05
1016,1.0,0.004396890290081501,9.999999747378752e-05
1017,1.0,0.0036369182635098696,9.999999747378752e-05
1018,1.0,0.003861116711050272,9.999999747378752e-05
1019,1.0,0.006133226677775383,9.999999747378752e-05
1020,1.0,0.011191995814442635,9.999999747378752e-05
1021,1.0,0.007610823027789593,9.999999747378752e-05
1022,1.0,0.00531352311372757,9.999999747378752e-05
1023,1.0,0.003754229051992297,9.999999747378752e-05
1024,1.0,0.004063273314386606,9.999999747378752e-05
1025,1.0,0.004470561631023884,9.999999747378752e-05
1026,1.0,0.004754004534333944,9.999999747378752e-05
1027,1.0,0.00459141843020916,9.999999747378752e-05
1028,1.0,0.0072752004489302635,9.999999747378752e-05
1029,1.0,0.0039368593133986,9.999999747378752e-05
1030,1.0,0.006716926582157612,9.999999747378752e-05
1031,1.0,0.005229745525866747,9.999999747378752e-05
1032,1.0,0.005739211104810238,9.999999747378752e-05
1033,1.0,0.0052766939625144005,9.999999747378752e-05
1034,1.0,0.0034237548243254423,9.999999747378752e-05
1035,1.0,0.004190465901046991,9.999999747378752e-05
1036,1.0,0.0040222154930233955,9.999999747378752e-05
1037,1.0,0.0028442745096981525,9.999999747378752e-05
1038,1.0,0.0025086854584515095,9.999999747378752e-05
1039,1.0,0.0028315805830061436,9.999999747378752e-05
1040,1.0,0.00479867635294795,9.999999747378752e-05
1041,1.0,0.003091583028435707,9.999999747378752e-05
1042,1.0,0.004322470165789127,9.999999747378752e-05
1043,1.0,0.0029991534538567066,9.999999747378752e-05
1044,1.0,0.0029465050902217627,9.999999747378752e-05
1045,1.0,0.005125935189425945,9.999999747378752e-05
1046,1.0,0.003596872091293335,9.999999747378752e-05
1047,1.0,0.003973900340497494,9.999999747378752e-05
1048,1.0,0.0028132142033427954,9.999999747378752e-05
1049,1.0,0.010116534307599068,9.999999747378752e-05
1050,1.0,0.0029449814464896917,9.999999747378752e-05
1051,1.0,0.011907393112778664,9.999999747378752e-05
1052,1.0,0.008297767490148544,9.999999747378752e-05
1053,1.0,0.007392765488475561,9.999999747378752e-05
1054,1.0,0.004605279304087162,9.999999747378752e-05
1055,1.0,0.0071166581474244595,9.999999747378752e-05
1056,1.0,0.01031873095780611,9.999999747378752e-05
1057,1.0,0.008971007540822029,9.999999747378752e-05
1058,1.0,0.007863437756896019,9.999999747378752e-05
1059,1.0,0.006004336755722761,9.999999747378752e-05
1060,1.0,0.004605382215231657,9.999999747378752e-05
1061,1.0,0.006633033510297537,9.999999747378752e-05
1062,1.0,0.005945270415395498,9.999999747378752e-05
1063,1.0,0.006042369641363621,9.999999747378752e-05
1064,1.0,0.00463355565443635,9.999999747378752e-05
1065,1.0,0.006219930946826935,9.999999747378752e-05
1066,1.0,0.00396240409463644,9.999999747378752e-05
1067,1.0,0.004001820459961891,9.999999747378752e-05
1068,1.0,0.00450062146410346,9.999999747378752e-05
1069,1.0,0.0074156783521175385,9.999999747378752e-05
1070,1.0,0.0030467030592262745,9.999999747378752e-05
1071,1.0,0.005135123152285814,9.999999747378752e-05
1072,1.0,0.004231483209878206,9.999999747378752e-05
1073,1.0,0.0037036375142633915,9.999999747378752e-05
1074,1.0,0.003172927303239703,9.999999747378752e-05
1075,1.0,0.004440596792846918,9.999999747378752e-05
1076,1.0,0.0034811217337846756,9.999999747378752e-05
1077,1.0,0.0036533023230731487,9.999999747378752e-05
1078,1.0,0.009578716941177845,9.999999747378752e-05
1079,1.0,0.0075717284344136715,9.999999747378752e-05
1080,1.0,0.003975947853177786,9.999999747378752e-05
1081,1.0,0.004974178038537502,9.999999747378752e-05
1082,1.0,0.005422832444310188,9.999999747378752e-05
1083,1.0,0.005464625544846058,9.999999747378752e-05
1084,1.0,0.0036687261890619993,9.999999747378752e-05
1085,1.0,0.0036461998242884874,9.999999747378752e-05
1086,1.0,0.002330953488126397,9.999999747378752e-05
1087,1.0,0.0025297633837908506,9.999999747378752e-05
1088,1.0,0.0038904205430299044,9.999999747378752e-05
1089,1.0,0.0017194710671901703,9.999999747378752e-05
1090,1.0,0.0019894654396921396,9.999999747378752e-05
1091,1.0,0.002884689951315522,9.999999747378752e-05
1092,1.0,0.0034252547193318605,9.999999747378752e-05
1093,1.0,0.005189788993448019,9.999999747378752e-05
1094,1.0,0.003340270835906267,9.999999747378752e-05
1095,1.0,0.0034246507566422224,9.999999747378752e-05
1096,1.0,0.003453838871791959,9.999999747378752e-05
1097,1.0,0.003760985331609845,9.999999747378752e-05
1098,1.0,0.002504912670701742,9.999999747378752e-05
1099,1.0,0.003770942334085703,9.999999747378752e-05
1100,1.0,0.0023852381855249405,9.999999747378752e-05
1101,1.0,0.002168312668800354,9.999999747378752e-05
1102,1.0,0.002980690449476242,9.999999747378752e-05
1103,1.0,0.002161249751225114,9.999999747378752e-05
1104,1.0,0.002730764215812087,9.999999747378752e-05
1105,1.0,0.002690362511202693,9.999999747378752e-05
1106,1.0,0.003256209660321474,9.999999747378752e-05
1107,1.0,0.0029382272623479366,9.999999747378752e-05
1108,1.0,0.0030771340243518353,9.999999747378752e-05
1109,1.0,0.003242887556552887,9.999999747378752e-05
1110,1.0,0.0027775901835411787,9.999999747378752e-05
1111,1.0,0.006561417132616043,9.999999747378752e-05
1112,1.0,0.005837056785821915,9.999999747378752e-05
1113,1.0,0.0032332714181393385,9.999999747378752e-05
1114,1.0,0.006508325692266226,9.999999747378752e-05
1115,1.0,0.0033536236733198166,9.999999747378752e-05
1116,1.0,0.006866835057735443,9.999999747378752e-05
1117,1.0,0.0033181565813720226,9.999999747378752e-05
1118,1.0,0.003659785259515047,9.999999747378752e-05
1119,1.0,0.004040767438709736,9.999999747378752e-05
1120,1.0,0.004308694042265415,9.999999747378752e-05
1121,1.0,0.00490072276443243,9.999999747378752e-05
1122,1.0,0.0035799709148705006,9.999999747378752e-05
1123,1.0,0.003156027989462018,9.999999747378752e-05
1124,1.0,0.009244544431567192,9.999999747378752e-05
1125,1.0,0.004982173442840576,9.999999747378752e-05
1126,1.0,0.010001284070312977,9.999999747378752e-05
1127,1.0,0.0033597033470869064,9.999999747378752e-05
1128,1.0,0.003941995091736317,9.999999747378752e-05
1129,1.0,0.0030357586219906807,9.999999747378752e-05
1130,1.0,0.0022249501198530197,9.999999747378752e-05
1131,1.0,0.0020259988959878683,9.999999747378752e-05
1132,1.0,0.004353319760411978,9.999999747378752e-05
1133,1.0,0.004376708995550871,9.999999747378752e-05
1134,1.0,0.0021814543288201094,9.999999747378752e-05
1135,1.0,0.005109954625368118,9.999999747378752e-05
1136,1.0,0.003379424335435033,9.999999747378752e-05
1137,1.0,0.009731477126479149,9.999999747378752e-05
1138,1.0,0.00460432656109333,9.999999747378752e-05
1139,1.0,0.005450043361634016,9.999999747378752e-05
1140,1.0,0.0038944638799875975,9.999999747378752e-05
1141,1.0,0.0019223869312554598,9.999999747378752e-05
1142,1.0,0.003372250823304057,9.999999747378752e-05
1143,1.0,0.0029715874698013067,9.999999747378752e-05
1144,1.0,0.002960763406008482,9.999999747378752e-05
1145,1.0,0.0032383264042437077,9.999999747378752e-05
1146,1.0,0.0044638486579060555,9.999999747378752e-05
1147,1.0,0.0030953879468142986,9.999999747378752e-05
1148,1.0,0.00292307254858315,9.999999747378752e-05
1149,1.0,0.0032409082632511854,9.999999747378752e-05
1150,1.0,0.0027531899977475405,9.999999747378752e-05
1151,1.0,0.0036456964444369078,9.999999747378752e-05
1152,1.0,0.0027898764237761497,9.999999747378752e-05
1153,1.0,0.002142337616533041,9.999999747378752e-05
1154,1.0,0.003722521010786295,9.999999747378752e-05
1155,1.0,0.004643931519240141,9.999999747378752e-05
1156,1.0,0.0034588645212352276,9.999999747378752e-05
1157,1.0,0.0020002094097435474,9.999999747378752e-05
1158,1.0,0.00239552091807127,9.999999747378752e-05
1159,1.0,0.003931821323931217,9.999999747378752e-05
1160,1.0,0.0038666229229420424,9.999999747378752e-05
1161,1.0,0.002176345558837056,9.999999747378752e-05
1162,1.0,0.002582311164587736,9.999999747378752e-05
1163,1.0,0.004594847559928894,9.999999747378752e-05
1164,1.0,0.003915939014405012,9.999999747378752e-05
1165,1.0,0.005028933752328157,9.999999747378752e-05
1166,1.0,0.0017057439545169473,9.999999747378752e-05
1167,1.0,0.0039588650688529015,9.999999747378752e-05
1168,1.0,0.0037004384212195873,9.999999747378752e-05
1169,1.0,0.0028620895463973284,9.999999747378752e-05
1170,1.0,0.00458606006577611,9.999999747378752e-05
1171,1.0,0.010211638174951077,9.999999747378752e-05
1172,1.0,0.0038158674724400043,9.999999747378752e-05
1173,1.0,0.013139734044671059,9.999999747378752e-05
1174,1.0,0.002435954287648201,9.999999747378752e-05
1175,1.0,0.0024788379669189453,9.999999747378752e-05
1176,1.0,0.0010918716434389353,9.999999747378752e-05
1177,1.0,0.003291747299954295,9.999999747378752e-05
1178,1.0,0.0036463092546910048,9.999999747378752e-05
1179,1.0,0.003738775383681059,9.999999747378752e-05
1180,1.0,0.0026829747948795557,9.999999747378752e-05
1181,1.0,0.0030854700598865747,9.999999747378752e-05
1182,1.0,0.002535634906962514,9.999999747378752e-05
1183,1.0,0.0021324593108147383,9.999999747378752e-05
1184,1.0,0.003221927909180522,9.999999747378752e-05
1185,1.0,0.0029748126398772,9.999999747378752e-05
1186,1.0,0.002006715629249811,9.999999747378752e-05
1187,1.0,0.0017254950944334269,9.999999747378752e-05
1188,1.0,0.003746736329048872,9.999999747378752e-05
1189,1.0,0.0027836107183247805,9.999999747378752e-05
1190,1.0,0.0018832695204764605,9.999999747378752e-05
1191,1.0,0.002855283673852682,9.999999747378752e-05
1192,1.0,0.002530778758227825,9.999999747378752e-05
1193,1.0,0.002183762611821294,9.999999747378752e-05
1194,1.0,0.003224336076527834,9.999999747378752e-05
1195,1.0,0.0022994379978626966,9.999999747378752e-05
1196,1.0,0.002701597288250923,9.999999747378752e-05
1197,1.0,0.0033636833541095257,9.999999747378752e-05
1198,1.0,0.002490299753844738,9.999999747378752e-05
1199,1.0,0.0022750720381736755,9.999999747378752e-05
1200,1.0,0.0037701167166233063,9.999999747378752e-05
1201,1.0,0.0024732504971325397,9.999999747378752e-05
1202,1.0,0.002571708522737026,9.999999747378752e-05
1203,1.0,0.0038240645080804825,9.999999747378752e-05
1204,1.0,0.005845609121024609,9.999999747378752e-05
1205,1.0,0.002654433948919177,9.999999747378752e-05
1206,1.0,0.002241253387182951,9.999999747378752e-05
1207,1.0,0.0021710796281695366,9.999999747378752e-05
1208,1.0,0.002058188896626234,9.999999747378752e-05
1209,1.0,0.005408800672739744,9.999999747378752e-05
1210,1.0,0.003224022686481476,9.999999747378752e-05
1211,1.0,0.00248667667619884,9.999999747378752e-05
1212,1.0,0.0034822311718016863,9.999999747378752e-05
1213,1.0,0.0016268050530925393,9.999999747378752e-05
1214,1.0,0.0024079198483377695,9.999999747378752e-05
1215,1.0,0.0029454478062689304,9.999999747378752e-05
1216,1.0,0.0021959636360406876,9.999999747378752e-05
1217,1.0,0.0019274404039606452,9.999999747378752e-05
1218,1.0,0.009828568436205387,9.999999747378752e-05
1219,1.0,0.002894208999350667,9.999999747378752e-05
1220,1.0,0.002599200466647744,9.999999747378752e-05
1221,1.0,0.0029069394804537296,9.999999747378752e-05
1222,1.0,0.002596733160316944,9.999999747378752e-05
1223,1.0,0.002595672383904457,9.999999747378752e-05
1224,1.0,0.0019265763694420457,9.999999747378752e-05
1225,1.0,0.00325437868013978,9.999999747378752e-05
1226,1.0,0.0018903095042333007,9.999999747378752e-05
1227,1.0,0.0021807639859616756,9.999999747378752e-05
1228,1.0,0.005966885946691036,9.999999747378752e-05
1229,1.0,0.00695829838514328,9.999999747378752e-05
1230,1.0,0.009016393683850765,9.999999747378752e-05
1231,1.0,0.009285589680075645,9.999999747378752e-05
1232,1.0,0.012833747081458569,9.999999747378752e-05
1233,1.0,0.0035334941931068897,9.999999747378752e-05
1234,1.0,0.004033925011754036,9.999999747378752e-05
1235,1.0,0.008006850257515907,9.999999747378752e-05
1236,1.0,0.002331857103854418,9.999999747378752e-05
1237,1.0,0.0033766329288482666,9.999999747378752e-05
1238,1.0,0.002966429805383086,9.999999747378752e-05
1239,1.0,0.0025493609718978405,9.999999747378752e-05
1240,1.0,0.0032767108641564846,9.999999747378752e-05
1241,1.0,0.0025762170553207397,9.999999747378752e-05
1242,1.0,0.0014409066643565893,9.999999747378752e-05
1243,1.0,0.0011477237567305565,9.999999747378752e-05
1244,1.0,0.001428919960744679,9.999999747378752e-05
1245,1.0,0.0019788374193012714,9.999999747378752e-05
1246,1.0,0.0019155408954247832,9.999999747378752e-05
1247,1.0,0.002296299207955599,9.999999747378752e-05
1248,1.0,0.0014069786993786693,9.999999747378752e-05
1249,1.0,0.0025657322257757187,9.999999747378752e-05
1250,1.0,0.0018175628501921892,9.999999747378752e-05
1251,1.0,0.004082892555743456,9.999999747378752e-05
1252,1.0,0.002956884680315852,9.999999747378752e-05
1253,1.0,0.0018233169103041291,9.999999747378752e-05
1254,1.0,0.0018530223751440644,9.999999747378752e-05
1255,1.0,0.002104475162923336,9.999999747378752e-05
1256,1.0,0.0016597090288996696,9.999999747378752e-05
1257,1.0,0.002195493085309863,9.999999747378752e-05
1258,1.0,0.006114347372204065,9.999999747378752e-05
1259,1.0,0.001842239173129201,9.999999747378752e-05
1260,1.0,0.005819674581289291,9.999999747378752e-05
1261,1.0,0.006446858402341604,9.999999747378752e-05
1262,1.0,0.002335118129849434,9.999999747378752e-05
1263,1.0,0.002487321849912405,9.999999747378752e-05
1264,1.0,0.003360968781635165,9.999999747378752e-05
1265,1.0,0.0020252177491784096,9.999999747378752e-05
1266,1.0,0.004081533290445805,9.999999747378752e-05
1267,1.0,0.005311884451657534,9.999999747378752e-05
1268,1.0,0.0029791309498250484,9.999999747378752e-05
1269,1.0,0.0018293015891686082,9.999999747378752e-05
1270,1.0,0.0029585580341517925,9.999999747378752e-05
1271,1.0,0.0020401678048074245,9.999999747378752e-05
1272,1.0,0.0023816258180886507,9.999999747378752e-05
1273,1.0,0.002307013375684619,9.999999747378752e-05
1274,1.0,0.005451652221381664,9.999999747378752e-05
1275,1.0,0.004404997453093529,9.999999747378752e-05
1276,1.0,0.0021134079433977604,9.999999747378752e-05
1277,1.0,0.0034864372573792934,9.999999747378752e-05
1278,1.0,0.0025907796807587147,9.999999747378752e-05
1279,1.0,0.0018303359393030405,9.999999747378752e-05
1280,1.0,0.0016115214675664902,9.999999747378752e-05
1281,1.0,0.001951318234205246,9.999999747378752e-05
1282,1.0,0.001266359118744731,9.999999747378752e-05
1283,1.0,0.0024032462388277054,9.999999747378752e-05
1284,1.0,0.0026591394562274218,9.999999747378752e-05
1285,1.0,0.0023437533527612686,9.999999747378752e-05
1286,1.0,0.00166047434322536,9.999999747378752e-05
1287,1.0,0.0018265398684889078,9.999999747378752e-05
1288,1.0,0.0019973204471170902,9.999999747378752e-05
1289,1.0,0.0014703052584081888,9.999999747378752e-05
1290,1.0,0.001832817099057138,9.999999747378752e-05
1291,1.0,0.0021450284402817488,9.999999747378752e-05
1292,1.0,0.0018364631105214357,9.999999747378752e-05
1293,1.0,0.007867516949772835,9.999999747378752e-05
1294,1.0,0.0033816155046224594,9.999999747378752e-05
1295,1.0,0.0024892743676900864,9.999999747378752e-05
1296,1.0,0.001688740449026227,9.999999747378752e-05
1297,1.0,0.0017601808067411184,9.999999747378752e-05
1298,1.0,0.003252299502491951,9.999999747378752e-05
1299,1.0,0.0021639426704496145,9.999999747378752e-05
1300,1.0,0.004039897117763758,9.999999747378752e-05
1301,1.0,0.005057571455836296,9.999999747378752e-05
1302,1.0,0.0023585506714880466,9.999999747378752e-05
1303,1.0,0.002808870282024145,9.999999747378752e-05
1304,1.0,0.0011304178042337298,9.999999747378752e-05
1305,1.0,0.0018791577313095331,9.999999747378752e-05
1306,1.0,0.002540917368605733,9.999999747378752e-05
1307,1.0,0.0022145812399685383,9.999999747378752e-05
1308,1.0,0.0016843952471390367,9.999999747378752e-05
1309,1.0,0.002090351190418005,9.999999747378752e-05
1310,1.0,0.002776968525722623,9.999999747378752e-05
1311,1.0,0.0016744246240705252,9.999999747378752e-05
1312,1.0,0.0015298475045710802,9.999999747378752e-05
1313,1.0,0.002106673549860716,9.999999747378752e-05
1314,1.0,0.0034279159735888243,9.999999747378752e-05
1315,1.0,0.0015522267203778028,9.999999747378752e-05
1316,1.0,0.0019465520745143294,9.999999747378752e-05
1317,1.0,0.0015049678040668368,9.999999747378752e-05
1318,1.0,0.0010276897810399532,9.999999747378752e-05
1319,1.0,0.0010200738906860352,9.999999747378752e-05
1320,1.0,0.0014902486000210047,9.999999747378752e-05
1321,1.0,0.0012834692606702447,9.999999747378752e-05
1322,1.0,0.001421251567080617,9.999999747378752e-05
1323,1.0,0.0015528739895671606,9.999999747378752e-05
1324,1.0,0.0023975148797035217,9.999999747378752e-05
1325,1.0,0.0024320613592863083,9.999999747378752e-05
1326,1.0,0.0013419613242149353,9.999999747378752e-05
1327,1.0,0.000978211173787713,9.999999747378752e-05
1328,1.0,0.0013896327000111341,9.999999747378752e-05
1329,1.0,0.0029175416566431522,9.999999747378752e-05
1330,1.0,0.001791293383575976,9.999999747378752e-05
1331,1.0,0.0033670738339424133,9.999999747378752e-05
1332,1.0,0.0019981886725872755,9.999999747378752e-05
1333,1.0,0.0013749354984611273,9.999999747378752e-05
1334,1.0,0.00184830988291651,9.999999747378752e-05
1335,1.0,0.001449750503525138,9.999999747378752e-05
1336,1.0,0.001391486031934619,9.999999747378752e-05
1337,1.0,0.0015050929505378008,9.999999747378752e-05
1338,1.0,0.0018850313499569893,9.999999747378752e-05
1339,1.0,0.002349134301766753,9.999999747378752e-05
1340,1.0,0.0023350135888904333,9.999999747378752e-05
1341,1.0,0.001310893101617694,9.999999747378752e-05
1342,1.0,0.0017998417606577277,9.999999747378752e-05
1343,1.0,0.005841738544404507,9.999999747378752e-05
1344,1.0,0.005543227307498455,9.999999747378752e-05
1345,1.0,0.01112632267177105,9.999999747378752e-05
1346,1.0,0.003566776867955923,9.999999747378752e-05
1347,1.0,0.004788076039403677,9.999999747378752e-05
1348,1.0,0.005298175383359194,9.999999747378752e-05
1349,1.0,0.0033066230826079845,9.999999747378752e-05
1350,1.0,0.0026240781880915165,9.999999747378752e-05
1351,1.0,0.001359410583972931,9.999999747378752e-05
1352,1.0,0.001985871931537986,9.999999747378752e-05
1353,1.0,0.0018321400275453925,9.999999747378752e-05
1354,1.0,0.004614226520061493,9.999999747378752e-05
1355,1.0,0.003261751029640436,9.999999747378752e-05
1356,1.0,0.0026299047749489546,9.999999747378752e-05
1357,1.0,0.0017312091076746583,9.999999747378752e-05
1358,1.0,0.0015579935861751437,9.999999747378752e-05
1359,1.0,0.001271637505851686,9.999999747378752e-05
1360,1.0,0.001505803200416267,9.999999747378752e-05
1361,1.0,0.00174079486168921,9.999999747378752e-05
1362,1.0,0.0015926038613542914,9.999999747378752e-05
1363,1.0,0.0011394727043807507,9.999999747378752e-05
1364,1.0,0.001376011990942061,9.999999747378752e-05
1365,1.0,0.0025334034580737352,9.999999747378752e-05
1366,1.0,0.0014857084024697542,9.999999747378752e-05
1367,1.0,0.003420838387683034,9.999999747378752e-05
1368,1.0,0.004138123244047165,9.999999747378752e-05
1369,1.0,0.001981705892831087,9.999999747378752e-05
1370,1.0,0.003703213529661298,9.999999747378752e-05
1371,1.0,0.0031400646548718214,9.999999747378752e-05
1372,1.0,0.0012507147621363401,9.999999747378752e-05
1373,1.0,0.0032865111716091633,9.999999747378752e-05
1374,1.0,0.0026607904583215714,9.999999747378752e-05
1375,1.0,0.001000730087980628,9.999999747378752e-05
1376,1.0,0.001659983186982572,9.999999747378752e-05
1377,1.0,0.00127113307826221,9.999999747378752e-05
1378,1.0,0.0014665292110294104,9.999999747378752e-05
1379,1.0,0.002219046698883176,9.999999747378752e-05
1380,1.0,0.0017950145993381739,9.999999747378752e-05
1381,1.0,0.002306284848600626,9.999999747378752e-05
1382,1.0,0.0019584964029490948,9.999999747378752e-05
1383,1.0,0.001029298990033567,9.999999747378752e-05
1384,1.0,0.0017328538233414292,9.999999747378752e-05
1385,1.0,0.0014561284333467484,9.999999747378752e-05
1386,1.0,0.0013720209244638681,9.999999747378752e-05
1387,1.0,0.001957448199391365,9.999999747378752e-05
1388,1.0,0.00343940407037735,9.999999747378752e-05
1389,1.0,0.0011618834687396884,9.999999747378752e-05
1390,1.0,0.0017729795072227716,9.999999747378752e-05
1391,1.0,0.001736803213134408,9.999999747378752e-05
1392,1.0,0.0014938961248844862,9.999999747378752e-05
1393,1.0,0.0020312522538006306,9.999999747378752e-05
1394,1.0,0.0013894650619477034,9.999999747378752e-05
1395,1.0,0.0012304569827392697,9.999999747378752e-05
1396,1.0,0.0012285498669371009,9.999999747378752e-05
1397,1.0,0.002383628161624074,9.999999747378752e-05
1398,1.0,0.0012726772110909224,9.999999747378752e-05
1399,1.0,0.0015830484917387366,9.999999747378752e-05
1400,1.0,0.0018139028688892722,9.999999747378752e-05
1401,1.0,0.0009313737973570824,9.999999747378752e-05
1402,1.0,0.0012631227727979422,9.999999747378752e-05
1403,1.0,0.0013032859424129128,9.999999747378752e-05
1404,1.0,0.0014778125332668424,9.999999747378752e-05
1405,1.0,0.0016931990394368768,9.999999747378752e-05
1406,1.0,0.0012531019747257233,9.999999747378752e-05
1407,1.0,0.001423329464159906,9.999999747378752e-05
1408,1.0,0.006084105931222439,9.999999747378752e-05
1409,1.0,0.003245207015424967,9.999999747378752e-05
1410,1.0,0.002063875552266836,9.999999747378752e-05
1411,1.0,0.002231178805232048,9.999999747378752e-05
1412,1.0,0.0023684233892709017,9.999999747378752e-05
1413,1.0,0.002118821255862713,9.999999747378752e-05
1414,1.0,0.0015289209550246596,9.999999747378752e-05
1415,1.0,0.0015125920763239264,9.999999747378752e-05
1416,1.0,0.0017211198573932052,9.999999747378752e-05
1417,1.0,0.0012447942281141877,9.999999747378752e-05
1418,1.0,0.003135247156023979,9.999999747378752e-05
1419,1.0,0.0018354464555159211,9.999999747378752e-05
1420,1.0,0.0013762593735009432,9.999999747378752e-05
1421,1.0,0.001182114239782095,9.999999747378752e-05
1422,1.0,0.0018951809033751488,9.999999747378752e-05
1423,1.0,0.0015858395490795374,9.999999747378752e-05
1424,1.0,0.0016336811240762472,9.999999747378752e-05
1425,1.0,0.0009539095917716622,9.999999747378752e-05
1426,1.0,0.0011182738235220313,9.999999747378752e-05
1427,1.0,0.0029427618719637394,9.999999747378752e-05
1428,1.0,0.0030478183180093765,9.999999747378752e-05
1429,1.0,0.0010798248695209622,9.999999747378752e-05
1430,1.0,0.0011343436781316996,9.999999747378752e-05
1431,1.0,0.0016544533427804708,9.999999747378752e-05
1432,1.0,0.0012522797333076596,9.999999747378752e-05
1433,1.0,0.001216441160067916,9.999999747378752e-05
1434,1.0,0.0015054543036967516,9.999999747378752e-05
1435,1.0,0.0024047051556408405,9.999999747378752e-05
1436,1.0,0.0014724377542734146,9.999999747378752e-05
1437,1.0,0.001350929494947195,9.999999747378752e-05
1438,1.0,0.0015735778724774718,9.999999747378752e-05
1439,1.0,0.0009980093454942107,9.999999747378752e-05
1440,1.0,0.0013136087218299508,9.999999747378752e-05
1441,1.0,0.0017768272664397955,9.999999747378752e-05
1442,1.0,0.001085217809304595,9.999999747378752e-05
1443,1.0,0.0008468262967653573,9.999999747378752e-05
1444,1.0,0.000893932010512799,9.999999747378752e-05
1445,1.0,0.0012067228090018034,9.999999747378752e-05
1446,1.0,0.0012269923463463783,9.999999747378752e-05
1447,1.0,0.0007534154574386775,9.999999747378752e-05
1448,1.0,0.0011823982931673527,9.999999747378752e-05
1449,1.0,0.0010071033611893654,9.999999747378752e-05
1450,1.0,0.0014313261490315199,9.999999747378752e-05
1451,1.0,0.0021143427584320307,9.999999747378752e-05
1452,1.0,0.001768243731930852,9.999999747378752e-05
1453,1.0,0.0013871818082407117,9.999999747378752e-05
1454,1.0,0.0010505361715331674,9.999999747378752e-05
1455,1.0,0.0016188578447327018,9.999999747378752e-05
1456,1.0,0.000930546026211232,9.999999747378752e-05
1457,1.0,0.0011089586187154055,9.999999747378752e-05
1458,1.0,0.001083081355318427,9.999999747378752e-05
1459,1.0,0.001422477071173489,9.999999747378752e-05
1460,1.0,0.0012163438368588686,9.999999747378752e-05
1461,1.0,0.0007791508687660098,9.999999747378752e-05
1462,1.0,0.001582033932209015,9.999999747378752e-05
1463,1.0,0.000861391075886786,9.999999747378752e-05
1464,1.0,0.0010399033781141043,9.999999747378752e-05
1465,1.0,0.0014742945786565542,9.999999747378752e-05
1466,1.0,0.001114554237574339,9.999999747378752e-05
1467,1.0,0.0008165586041286588,9.999999747378752e-05
1468,1.0,0.0008224435150623322,9.999999747378752e-05
1469,1.0,0.003738438244909048,9.999999747378752e-05
1470,1.0,0.0020757142920047045,9.999999747378752e-05
1471,1.0,0.0018482118612155318,9.999999747378752e-05
1472,1.0,0.0015704765683040023,9.999999747378752e-05
1473,1.0,0.0017910189926624298,9.999999747378752e-05
1474,1.0,0.006554018706083298,9.999999747378752e-05
1475,1.0,0.006881674285978079,9.999999747378752e-05
1476,1.0,0.0249869953840971,9.999999747378752e-05
1477,1.0,0.04801126942038536,9.999999747378752e-05
1478,1.0,0.02020140178501606,9.999999747378752e-05
1479,1.0,0.012093156576156616,9.999999747378752e-05
1480,1.0,0.008682218380272388,9.999999747378752e-05
1481,1.0,0.002866553608328104,9.999999747378752e-05
1482,1.0,0.003212266368791461,9.999999747378752e-05
1483,1.0,0.0023640841245651245,9.999999747378752e-05
1484,1.0,0.002238464541733265,9.999999747378752e-05
1485,1.0,0.002414101269096136,9.999999747378752e-05
1486,1.0,0.0030267280526459217,9.999999747378752e-05
1487,1.0,0.005228389985859394,9.999999747378752e-05
1488,1.0,0.0017694283742457628,9.999999747378752e-05
1489,1.0,0.0027733887545764446,9.999999747378752e-05
1490,1.0,0.0021508154459297657,9.999999747378752e-05
1491,1.0,0.0016463168431073427,9.999999747378752e-05
1492,1.0,0.00140418263617903,9.999999747378752e-05
1493,1.0,0.0010111263254657388,9.999999747378752e-05
1494,1.0,0.0016404386842623353,9.999999747378752e-05
1495,1.0,0.0016384090995416045,9.999999747378752e-05
1496,1.0,0.002251007128506899,9.999999747378752e-05
1497,1.0,0.0012076807906851172,9.999999747378752e-05
1498,1.0,0.0014447325374931097,9.999999747378752e-05
1499,1.0,0.0011364126112312078,9.999999747378752e-05
1500,1.0,0.0012801515404134989,9.999999747378752e-05
1501,1.0,0.0012226345716044307,9.999999747378752e-05
1502,1.0,0.0013471436686813831,9.999999747378752e-05
1503,1.0,0.0010556591441854835,9.999999747378752e-05
1504,1.0,0.0014961294364184141,9.999999747378752e-05
1505,1.0,0.0028812913224101067,9.999999747378752e-05
1506,1.0,0.0016571430023759604,9.999999747378752e-05
1507,1.0,0.001381688634864986,9.999999747378752e-05
1508,1.0,0.0009965383214876056,9.999999747378752e-05
1509,1.0,0.0013533849269151688,9.999999747378752e-05
1510,1.0,0.001264497870579362,9.999999747378752e-05
1511,1.0,0.0025095490273088217,9.999999747378752e-05
1512,1.0,0.005028676241636276,9.999999747378752e-05
1513,1.0,0.0014275929424911737,9.999999747378752e-05
1514,1.0,0.0006748779560439289,9.999999747378752e-05
1515,1.0,0.0015450958162546158,9.999999747378752e-05
1516,1.0,0.0014570530038326979,9.999999747378752e-05
1517,1.0,0.0008528566686436534,9.999999747378752e-05
1518,1.0,0.0009775767102837563,9.999999747378752e-05
1519,1.0,0.0010809198720380664,9.999999747378752e-05
1520,1.0,0.001519200624898076,9.999999747378752e-05
1521,1.0,0.0013518951600417495,9.999999747378752e-05
1522,1.0,0.0011750597041100264,9.999999747378752e-05
1523,1.0,0.0007858158205635846,9.999999747378752e-05
1524,1.0,0.0008499844116158783,9.999999747378752e-05
1525,1.0,0.001079693203791976,9.999999747378752e-05
1526,1.0,0.0010620815446600318,9.999999747378752e-05
1527,1.0,0.00130888307467103,9.999999747378752e-05
1528,1.0,0.0012249511200934649,9.999999747378752e-05
1529,1.0,0.0007704801973886788,9.999999747378752e-05
1530,1.0,0.0011079059913754463,9.999999747378752e-05
1531,1.0,0.00113598071038723,9.999999747378752e-05
1532,1.0,0.0008225784404203296,9.999999747378752e-05
1533,1.0,0.0007431550184264779,9.999999747378752e-05
1534,1.0,0.004463995806872845,9.999999747378752e-05
1535,1.0,0.0013798173749819398,9.999999747378752e-05
1536,1.0,0.0018787181470543146,9.999999747378752e-05
1537,1.0,0.0027099475264549255,9.999999747378752e-05
1538,1.0,0.0008637334103696048,9.999999747378752e-05
1539,1.0,0.0009265385451726615,9.999999747378752e-05
1540,1.0,0.001944048679433763,9.999999747378752e-05
1541,1.0,0.001154838828369975,9.999999747378752e-05
1542,1.0,0.0011529705952852964,9.999999747378752e-05
1543,1.0,0.0011486371513456106,9.999999747378752e-05
1544,1.0,0.0017827253323048353,9.999999747378752e-05
1545,1.0,0.0009054943802766502,9.999999747378752e-05
1546,1.0,0.001003290293738246,9.999999747378752e-05
1547,1.0,0.0008595130639150739,9.999999747378752e-05
1548,1.0,0.0008584535680711269,9.999999747378752e-05
1549,1.0,0.0009416533866897225,9.999999747378752e-05
1550,1.0,0.0015031334478408098,9.999999747378752e-05
1551,1.0,0.0005324527737684548,9.999999747378752e-05
1552,1.0,0.001521165482699871,9.999999747378752e-05
1553,1.0,0.0007077158661559224,9.999999747378752e-05
1554,1.0,0.0008557570399716496,9.999999747378752e-05
1555,1.0,0.003081011353060603,9.999999747378752e-05
1556,1.0,0.0012743169208988547,9.999999747378752e-05
1557,1.0,0.001260804827325046,9.999999747378752e-05
1558,1.0,0.004251633770763874,9.999999747378752e-05
1559,1.0,0.00200625229626894,9.999999747378752e-05
1560,1.0,0.0017509220633655787,9.999999747378752e-05
1561,1.0,0.0011377541813999414,9.999999747378752e-05
1562,1.0,0.0013710996136069298,9.999999747378752e-05
1563,1.0,0.0011480457615107298,9.999999747378752e-05
1564,1.0,0.0013000336475670338,9.999999747378752e-05
1565,1.0,0.0009310648893006146,9.999999747378752e-05
1566,1.0,0.0009496185230091214,9.999999747378752e-05
1567,1.0,0.0010031048441305757,9.999999747378752e-05
1568,1.0,0.0011472617043182254,9.999999747378752e-05
1569,1.0,0.0012285698903724551,9.999999747378752e-05
1570,1.0,0.0012080632150173187,9.999999747378752e-05
1571,1.0,0.0008699574391357601,9.999999747378752e-05
1572,1.0,0.0010124456603080034,9.999999747378752e-05
1573,1.0,0.0008665019413456321,9.999999747378752e-05
1574,1.0,0.000801725487690419,9.999999747378752e-05
1575,1.0,0.003472553100436926,9.999999747378752e-05
1576,1.0,0.0011729557299986482,9.999999747378752e-05
1577,1.0,0.0014089668402448297,9.999999747378752e-05
1578,1.0,0.001039076130837202,9.999999747378752e-05
1579,1.0,0.0008719155448488891,9.999999747378752e-05
1580,1.0,0.0009684191318228841,9.999999747378752e-05
1581,1.0,0.0008690577233210206,9.999999747378752e-05
1582,1.0,0.001104713068343699,9.999999747378752e-05
1583,1.0,0.003043533768504858,9.999999747378752e-05
1584,1.0,0.0007687245961278677,9.999999747378752e-05
1585,1.0,0.0016511628637090325,9.999999747378752e-05
1586,1.0,0.0009729626472108066,9.999999747378752e-05
1587,1.0,0.0010280024725943804,9.999999747378752e-05
1588,1.0,0.0012947203358635306,9.999999747378752e-05
1589,1.0,0.0006899371510371566,9.999999747378752e-05
1590,1.0,0.0005990169593133032,9.999999747378752e-05
1591,1.0,0.001273831003345549,9.999999747378752e-05
1592,1.0,0.0006956505822017789,9.999999747378752e-05
1593,1.0,0.0010838375892490149,9.999999747378752e-05
1594,1.0,0.0007566848653368652,9.999999747378752e-05
1595,1.0,0.001698092557489872,9.999999747378752e-05
1596,1.0,0.0008104145526885986,9.999999747378752e-05
1597,1.0,0.0008538902038708329,9.999999747378752e-05
1598,1.0,0.0013723931042477489,9.999999747378752e-05
1599,1.0,0.0006924743647687137,9.999999747378752e-05
1600,1.0,0.0006804072763770819,9.999999747378752e-05
1601,1.0,0.001469654613174498,9.999999747378752e-05
1602,1.0,0.0006285000126808882,9.999999747378752e-05
1603,1.0,0.0029310069512575865,9.999999747378752e-05
1604,1.0,0.0007794263656251132,9.999999747378752e-05
1605,1.0,0.0007478041225112975,9.999999747378752e-05
1606,1.0,0.0005270435940474272,9.999999747378752e-05
1607,1.0,0.0007408694364130497,9.999999747378752e-05
1608,1.0,0.0017223641043528914,9.999999747378752e-05
1609,1.0,0.0010234921937808394,9.999999747378752e-05
1610,1.0,0.0012472139205783606,9.999999747378752e-05
1611,1.0,0.0026610710192471743,9.999999747378752e-05
1612,1.0,0.0009488837094977498,9.999999747378752e-05
1613,1.0,0.001089389086700976,9.999999747378752e-05
1614,1.0,0.0006830773199908435,9.999999747378752e-05
1615,1.0,0.0009933395776897669,9.999999747378752e-05
1616,1.0,0.000694652262609452,9.999999747378752e-05
1617,1.0,0.0008267775410786271,9.999999747378752e-05
1618,1.0,0.0007105098338797688,9.999999747378752e-05
1619,1.0,0.0010546185076236725,9.999999747378752e-05
1620,1.0,0.001940926886163652,9.999999747378752e-05
1621,1.0,0.001089575351215899,9.999999747378752e-05
1622,1.0,0.0011307671666145325,9.999999747378752e-05
1623,1.0,0.005280633457005024,9.999999747378752e-05
1624,1.0,0.0013889586552977562,9.999999747378752e-05
1625,1.0,0.0019129369175061584,9.999999747378752e-05
1626,1.0,0.0007711825310252607,9.999999747378752e-05
1627,1.0,0.0011541190324351192,9.999999747378752e-05
1628,1.0,0.0009822638239711523,9.999999747378752e-05
1629,1.0,0.0011406048433855176,9.999999747378752e-05
1630,1.0,0.0007553617469966412,9.999999747378752e-05
1631,1.0,0.0014540989650413394,9.999999747378752e-05
1632,1.0,0.0009627017425373197,9.999999747378752e-05
1633,1.0,0.0009707662975415587,9.999999747378752e-05
1634,1.0,0.0009966104989871383,9.999999747378752e-05
1635,1.0,0.0010558442445471883,9.999999747378752e-05
1636,1.0,0.0007819224265404046,9.999999747378752e-05
1637,1.0,0.0007888380205258727,9.999999747378752e-05
1638,1.0,0.0005422931862995028,9.999999747378752e-05
1639,1.0,0.0005066959420219064,9.999999747378752e-05
1640,1.0,0.0006787605816498399,9.999999747378752e-05
1641,1.0,0.0010036173043772578,9.999999747378752e-05
1642,1.0,0.0008775918977335095,9.999999747378752e-05
1643,1.0,0.0005525376764126122,9.999999747378752e-05
1644,1.0,0.000669679488055408,9.999999747378752e-05
1645,1.0,0.0011321668280288577,9.999999747378752e-05
1646,1.0,0.0007837960729375482,9.999999747378752e-05
1647,1.0,0.001072773477062583,9.999999747378752e-05
1648,1.0,0.0007525266846641898,9.999999747378752e-05
1649,1.0,0.0008142536389641464,9.999999747378752e-05
1650,1.0,0.0020540044642984867,9.999999747378752e-05
1651,1.0,0.001005389029160142,9.999999747378752e-05
1652,1.0,0.0007164942217059433,9.999999747378752e-05
1653,1.0,0.0007693663355894387,9.999999747378752e-05
1654,1.0,0.0007767984643578529,9.999999747378752e-05
1655,1.0,0.0009027112391777337,9.999999747378752e-05
1656,1.0,0.0010014252038672566,9.999999747378752e-05
1657,1.0,0.0008259586174972355,9.999999747378752e-05
1658,1.0,0.0008844648255035281,9.999999747378752e-05
1659,1.0,0.0006734885973855853,9.999999747378752e-05
1660,1.0,0.0023306822404265404,9.999999747378752e-05
1661,1.0,0.0014664761256426573,9.999999747378752e-05
1662,1.0,0.0025799006689339876,9.999999747378752e-05
1663,1.0,0.0023467079736292362,9.999999747378752e-05
1664,1.0,0.002630480332300067,9.999999747378752e-05
1665,1.0,0.0018245797837153077,9.999999747378752e-05
1666,1.0,0.0005768898990936577,9.999999747378752e-05
1667,1.0,0.0006975955329835415,9.999999747378752e-05
1668,1.0,0.0007864662329666317,9.999999747378752e-05
1669,1.0,0.0007307223859243095,9.999999747378752e-05
1670,1.0,0.0013109967112541199,9.999999747378752e-05
1671,1.0,0.0012747206492349505,9.999999747378752e-05
1672,1.0,0.0007412368431687355,9.999999747378752e-05
1673,1.0,0.0004992949543520808,9.999999747378752e-05
1674,1.0,0.0007910571875981987,9.999999747378752e-05
1675,1.0,0.0005294146249070764,9.999999747378752e-05
1676,1.0,0.0006661616498604417,9.999999747378752e-05
1677,1.0,0.0008561545982956886,9.999999747378752e-05
1678,1.0,0.0005544074811041355,9.999999747378752e-05
1679,1.0,0.000622139370534569,9.999999747378752e-05
1680,1.0,0.0011938539100810885,9.999999747378752e-05
1681,1.0,0.0007604782003909349,9.999999747378752e-05
1682,1.0,0.000633403193205595,9.999999747378752e-05
1683,1.0,0.0011106133460998535,9.999999747378752e-05
1684,1.0,0.0009104822529479861,9.999999747378752e-05
1685,1.0,0.0008486860315315425,9.999999747378752e-05
1686,1.0,0.0006721821846440434,9.999999747378752e-05
1687,1.0,0.0011980398558080196,9.999999747378752e-05
1688,1.0,0.0006794389919377863,9.999999747378752e-05
1689,1.0,0.0009733843617141247,9.999999747378752e-05
1690,1.0,0.000972769979853183,9.999999747378752e-05
1691,1.0,0.0033900118432939053,9.999999747378752e-05
1692,1.0,0.0012811581837013364,9.999999747378752e-05
1693,1.0,0.0015398642281070352,9.999999747378752e-05
1694,1.0,0.0016123736277222633,9.999999747378752e-05
1695,1.0,0.0007544512627646327,9.999999747378752e-05
1696,1.0,0.0007929099956527352,9.999999747378752e-05
1697,1.0,0.0007638079696334898,9.999999747378752e-05
1698,1.0,0.0005161112640053034,9.999999747378752e-05
1699,1.0,0.0010352607350796461,9.999999747378752e-05
1700,1.0,0.0007714665262028575,9.999999747378752e-05
1701,1.0,0.0006441980367526412,9.999999747378752e-05
1702,1.0,0.0006593280704692006,9.999999747378752e-05
1703,1.0,0.0006157922325655818,9.999999747378752e-05
1704,1.0,0.000490164733491838,9.999999747378752e-05
1705,1.0,0.0006571155972778797,9.999999747378752e-05
1706,1.0,0.0014333870494738221,9.999999747378752e-05
1707,1.0,0.0007049749256111681,9.999999747378752e-05
1708,1.0,0.0009380822884850204,9.999999747378752e-05
1709,1.0,0.0008264185744337738,9.999999747378752e-05
1710,1.0,0.0004592452314682305,9.999999747378752e-05
1711,1.0,0.0012268752325326204,9.999999747378752e-05
1712,1.0,0.0010809802915900946,9.999999747378752e-05
1713,1.0,0.0011883227853104472,9.999999747378752e-05
1714,1.0,0.0007915189489722252,9.999999747378752e-05
1715,1.0,0.0011368378764018416,9.999999747378752e-05
1716,1.0,0.0007874344591982663,9.999999747378752e-05
1717,1.0,0.0007962801610119641,9.999999747378752e-05
1718,1.0,0.0005524020525626838,9.999999747378752e-05
1719,1.0,0.0008634424884803593,9.999999747378752e-05
1720,1.0,0.0013830530224367976,9.999999747378752e-05
1721,1.0,0.0008484498830512166,9.999999747378752e-05
1722,1.0,0.0008202536264434457,9.999999747378752e-05
1723,1.0,0.0005316546885296702,9.999999747378752e-05
1724,1.0,0.00037781300488859415,9.999999747378752e-05
1725,1.0,0.0009209013660438359,9.999999747378752e-05
1726,1.0,0.0006256307242438197,9.999999747378752e-05
1727,1.0,0.0007390677346847951,9.999999747378752e-05
1728,1.0,0.0010054074227809906,9.999999747378752e-05
1729,1.0,0.0007630353211425245,9.999999747378752e-05
1730,1.0,0.000828978605568409,9.999999747378752e-05
1731,1.0,0.0008299631881527603,9.999999747378752e-05
1732,1.0,0.0005806231638416648,9.999999747378752e-05
1733,1.0,0.0009975838474929333,9.999999747378752e-05
1734,1.0,0.0009564246865920722,9.999999747378752e-05
1735,1.0,0.000539120112080127,9.999999747378752e-05
1736,1.0,0.0009662231313996017,9.999999747378752e-05
1737,1.0,0.0007885550148785114,9.999999747378752e-05
1738,1.0,0.0005422674585133791,9.999999747378752e-05
1739,1.0,0.0006283829570747912,9.999999747378752e-05
1740,1.0,0.001346933888271451,9.999999747378752e-05
1741,1.0,0.0004666420572903007,9.999999747378752e-05
1742,1.0,0.0014149218332022429,9.999999747378752e-05
1743,1.0,0.000666489009745419,9.999999747378752e-05
1744,1.0,0.0008560750866308808,9.999999747378752e-05
1745,1.0,0.0006649077986367047,9.999999747378752e-05
1746,1.0,0.0006212412263266742,9.999999747378752e-05
1747,1.0,0.0005107371252961457,9.999999747378752e-05
1748,1.0,0.0005587968043982983,9.999999747378752e-05
1749,1.0,0.001120434608310461,9.999999747378752e-05
1750,1.0,0.0008692187257111073,9.999999747378752e-05
1751,1.0,0.0008729593828320503,9.999999747378752e-05
1752,1.0,0.0008114106021821499,9.999999747378752e-05
1753,1.0,0.0005414214101620018,9.999999747378752e-05
1754,1.0,0.0006646000547334552,9.999999747378752e-05
1755,1.0,0.000395941169699654,9.999999747378752e-05
1756,1.0,0.0006431592046283185,9.999999747378752e-05
1757,1.0,0.0007838071323931217,9.999999747378752e-05
1758,1.0,0.0004986406420357525,9.999999747378752e-05
1759,1.0,0.0007816512370482087,9.999999747378752e-05
1760,1.0,0.0012849511113017797,9.999999747378752e-05
1761,1.0,0.000685248349327594,9.999999747378752e-05
1762,1.0,0.0007152891485020518,9.999999747378752e-05
1763,1.0,0.0008457939838990569,9.999999747378752e-05
1764,1.0,0.0009060262818820775,9.999999747378752e-05
1765,1.0,0.0006023597088642418,9.999999747378752e-05
1766,1.0,0.000767337332945317,9.999999747378752e-05
1767,1.0,0.0005001505487598479,9.999999747378752e-05
1768,1.0,0.0005109563353471458,9.999999747378752e-05
1769,1.0,0.0004884919617325068,9.999999747378752e-05
1770,1.0,0.0005492359632626176,9.999999747378752e-05
1771,1.0,0.0011845271801576018,9.999999747378752e-05
1772,1.0,0.0007012806017883122,9.999999747378752e-05
1773,1.0,0.0011422056704759598,9.999999747378752e-05
1774,1.0,0.002385365078225732,9.999999747378752e-05
1775,1.0,0.0013941043289378285,9.999999747378752e-05
1776,1.0,0.0012818730901926756,9.999999747378752e-05
1777,1.0,0.0015918416902422905,9.999999747378752e-05
1778,1.0,0.0007528360583819449,9.999999747378752e-05
1779,1.0,0.001025887904688716,9.999999747378752e-05
1780,1.0,0.0007426246302202344,9.999999747378752e-05
1781,1.0,0.0005428516305983067,9.999999747378752e-05
1782,1.0,0.0007938578492030501,9.999999747378752e-05
1783,1.0,0.0029254250694066286,9.999999747378752e-05
1784,1.0,0.0010721978032961488,9.999999747378752e-05
1785,1.0,0.0016224321443587542,9.999999747378752e-05
1786,1.0,0.00105389510281384,9.999999747378752e-05
1787,1.0,0.001502586412243545,9.999999747378752e-05
1788,1.0,0.0006923543987795711,9.999999747378752e-05
1789,1.0,0.0009150776313617826,9.999999747378752e-05
1790,1.0,0.0006676073535345495,9.999999747378752e-05
1791,1.0,0.0005351571599021554,9.999999747378752e-05
1792,1.0,0.00042730377754196525,9.999999747378752e-05
1793,1.0,0.0003235537151340395,9.999999747378752e-05
1794,1.0,0.00026910091401077807,9.999999747378752e-05
1795,1.0,0.0003247324493713677,9.999999747378752e-05
1796,1.0,0.0016401123721152544,9.999999747378752e-05
1797,1.0,0.0007962289964780211,9.999999747378752e-05
1798,1.0,0.0007325823535211384,9.999999747378752e-05
1799,1.0,0.001018404494971037,9.999999747378752e-05
1800,1.0,0.0006830213824287057,9.999999747378752e-05
1801,1.0,0.0003681319358292967,9.999999747378752e-05
1802,1.0,0.0005385123076848686,9.999999747378752e-05
1803,1.0,0.0006100615137256682,9.999999747378752e-05
1804,1.0,0.0004387421649880707,9.999999747378752e-05
1805,1.0,0.0005258691962808371,9.999999747378752e-05
1806,1.0,0.0005174855468794703,9.999999747378752e-05
1807,1.0,0.0006175438757054508,9.999999747378752e-05
1808,1.0,0.0005275828298181295,9.999999747378752e-05
1809,1.0,0.0007793913828209043,9.999999747378752e-05
1810,1.0,0.0009560018661431968,9.999999747378752e-05
1811,1.0,0.0005661147879436612,9.999999747378752e-05
1812,1.0,0.0008477877709083259,9.999999747378752e-05
1813,1.0,0.0004906316171400249,9.999999747378752e-05
1814,1.0,0.0006231915904209018,9.999999747378752e-05
1815,1.0,0.0008349466370418668,9.999999747378752e-05
1816,1.0,0.0005521739367395639,9.999999747378752e-05
1817,1.0,0.0007285800529643893,9.999999747378752e-05
1818,1.0,0.000511184218339622,9.999999747378752e-05
1819,1.0,0.001005168305709958,9.999999747378752e-05
1820,1.0,0.0006529729580506682,9.999999747378752e-05
1821,1.0,0.0013385553611442447,9.999999747378752e-05
1822,1.0,0.0012267919955775142,9.999999747378752e-05
1823,1.0,0.0012218377087265253,9.999999747378752e-05
1824,1.0,0.0014721999177709222,9.999999747378752e-05
1825,1.0,0.0028021379839628935,9.999999747378752e-05
1826,1.0,0.0007952455198392272,9.999999747378752e-05
1827,1.0,0.0011654890840873122,9.999999747378752e-05
1828,1.0,0.0022030097898095846,9.999999747378752e-05
1829,1.0,0.0010111919837072492,9.999999747378752e-05
1830,1.0,0.0009948582155629992,9.999999747378752e-05
1831,1.0,0.001026546349748969,9.999999747378752e-05
1832,1.0,0.0017657643184065819,9.999999747378752e-05
1833,1.0,0.0005675032152794302,9.999999747378752e-05
1834,1.0,0.0007204461144283414,9.999999747378752e-05
1835,1.0,0.0004378442536108196,9.999999747378752e-05
1836,1.0,0.0009438617271371186,9.999999747378752e-05
1837,1.0,0.0005296080489642918,9.999999747378752e-05
1838,1.0,0.0007734218961559236,9.999999747378752e-05
1839,1.0,0.0005226844223216176,9.999999747378752e-05
1840,1.0,0.00062830641400069,9.999999747378752e-05
1841,1.0,0.0005680393660441041,9.999999747378752e-05
1842,1.0,0.0005679569439962506,9.999999747378752e-05
1843,1.0,0.0006079881568439305,9.999999747378752e-05
1844,1.0,0.0004096620250493288,9.999999747378752e-05
1845,1.0,0.0005351754371076822,9.999999747378752e-05
1846,1.0,0.001343913609161973,9.999999747378752e-05
1847,1.0,0.00045874310308136046,9.999999747378752e-05
1848,1.0,0.00052275211783126,9.999999747378752e-05
1849,1.0,0.000495111511554569,9.999999747378752e-05
1850,1.0,0.00040568114491179585,9.999999747378752e-05
1851,1.0,0.0005771414143964648,9.999999747378752e-05
1852,1.0,0.0003872890374623239,9.999999747378752e-05
1853,1.0,0.0007113859755918384,9.999999747378752e-05
1854,1.0,0.000522622955031693,9.999999747378752e-05
1855,1.0,0.00036622880725190043,9.999999747378752e-05
1856,1.0,0.0003204825916327536,9.999999747378752e-05
1857,1.0,0.001123072812333703,9.999999747378752e-05
1858,1.0,0.000406384642701596,9.999999747378752e-05
1859,1.0,0.0005507550085894763,9.999999747378752e-05
1860,1.0,0.0009158112807199359,9.999999747378752e-05
1861,1.0,0.0006499534356407821,9.999999747378752e-05
1862,1.0,0.0019320877036079764,9.999999747378752e-05
1863,1.0,0.0005876216455362737,9.999999747378752e-05
1864,1.0,0.0005346641410142183,9.999999747378752e-05
1865,1.0,0.0005324256489984691,9.999999747378752e-05
1866,1.0,0.0007171152392402291,9.999999747378752e-05
1867,1.0,0.0007118210196495056,9.999999747378752e-05
1868,1.0,0.0003787943278439343,9.999999747378752e-05
1869,1.0,0.0006552115664817393,9.999999747378752e-05
1870,1.0,0.000668720284011215,9.999999747378752e-05
1871,1.0,0.0004782473552040756,9.999999747378752e-05
1872,1.0,0.0005084960139356554,9.999999747378752e-05
1873,1.0,0.0003430852375458926,9.999999747378752e-05
1874,1.0,0.0004545854462776333,9.999999747378752e-05
1875,1.0,0.0005236074794083834,9.999999747378752e-05
1876,1.0,0.0007161780376918614,9.999999747378752e-05
1877,1.0,0.00045192852849140763,9.999999747378752e-05
1878,1.0,0.00041973410407081246,9.999999747378752e-05
1879,1.0,0.0008405366097576916,9.999999747378752e-05
1880,1.0,0.00040210800943896174,9.999999747378752e-05
1881,1.0,0.0003551531408447772,9.999999747378752e-05
1882,1.0,0.0007447163225151598,9.999999747378752e-05
1883,1.0,0.0003324350982438773,9.999999747378752e-05
1884,1.0,0.0004556744243018329,9.999999747378752e-05
1885,1.0,0.0004334728582762182,9.999999747378752e-05
1886,1.0,0.0007039509946480393,9.999999747378752e-05
1887,1.0,0.00039671873673796654,9.999999747378752e-05
1888,1.0,0.0005264224018901587,9.999999747378752e-05
1889,1.0,0.0004726989718619734,9.999999747378752e-05
1890,1.0,0.0006240237853489816,9.999999747378752e-05
1891,1.0,0.0003443210443947464,9.999999747378752e-05
1892,1.0,0.0006251323502510786,9.999999747378752e-05
1893,1.0,0.0003909403458237648,9.999999747378752e-05
1894,1.0,0.00046323006972670555,9.999999747378752e-05
1895,1.0,0.0008115801028907299,9.999999747378752e-05
1896,1.0,0.0004486708785407245,9.999999747378752e-05
1897,1.0,0.0004981394158676267,9.999999747378752e-05
1898,1.0,0.00038635527016595006,9.999999747378752e-05
1899,1.0,0.0005538720288313925,9.999999747378752e-05
1900,1.0,0.00022476035519503057,9.999999747378752e-05
1901,1.0,0.0004744224133901298,9.999999747378752e-05
1902,1.0,0.001424284535460174,9.999999747378752e-05
1903,1.0,0.0007082826341502368,9.999999747378752e-05
1904,1.0,0.0009455701219849288,9.999999747378752e-05
1905,1.0,0.0015316844219341874,9.999999747378752e-05
1906,1.0,0.0011181487934663892,9.999999747378752e-05
1907,1.0,0.005563686601817608,9.999999747378752e-05
1908,1.0,0.007216284982860088,9.999999747378752e-05
1909,1.0,0.010353721678256989,9.999999747378752e-05
1910,1.0,0.00548342103138566,9.999999747378752e-05
1911,0.8999999761581421,0.1942511796951294,9.999999747378752e-05
1912,1.0,0.015544484369456768,9.999999747378752e-05
1913,1.0,0.022377759218215942,9.999999747378752e-05
1914,1.0,0.01819031313061714,9.999999747378752e-05
1915,1.0,0.0024100462906062603,9.999999747378752e-05
1916,1.0,0.0044181435368955135,9.999999747378752e-05
1917,1.0,0.004312632139772177,9.999999747378752e-05
1918,1.0,0.003532682079821825,9.999999747378752e-05
1919,1.0,0.002952828537672758,9.999999747378752e-05
1920,1.0,0.00833378080278635,9.999999747378752e-05
1921,1.0,0.0018994377460330725,9.999999747378752e-05
1922,1.0,0.0016684243455529213,9.999999747378752e-05
1923,1.0,0.0027595232240855694,9.999999747378752e-05
1924,1.0,0.0012599092442542315,9.999999747378752e-05
1925,1.0,0.0032277642749249935,9.999999747378752e-05
1926,1.0,0.0027808132581412792,9.999999747378752e-05
1927,1.0,0.0025040525943040848,9.999999747378752e-05
1928,1.0,0.0011299550533294678,9.999999747378752e-05
1929,1.0,0.001621197210624814,9.999999747378752e-05
1930,1.0,0.001302097225561738,9.999999747378752e-05
1931,1.0,0.0014085760340094566,9.999999747378752e-05
1932,1.0,0.0012973676202818751,9.999999747378752e-05
1933,1.0,0.001352141727693379,9.999999747378752e-05
1934,1.0,0.0015086701605468988,9.999999747378752e-05
1935,1.0,0.0012134945718571544,9.999999747378752e-05
1936,1.0,0.0009586494415998459,9.999999747378752e-05
1937,1.0,0.0009601519559510052,9.999999747378752e-05
1938,1.0,0.0006613269215449691,9.999999747378752e-05
1939,1.0,0.0013812265824526548,9.999999747378752e-05
1940,1.0,0.0011017180513590574,9.999999747378752e-05
1941,1.0,0.0007325041806325316,9.999999747378752e-05
1942,1.0,0.001149869291111827,9.999999747378752e-05
1943,1.0,0.0006354977958835661,9.999999747378752e-05
1944,1.0,0.001414126018062234,9.999999747378752e-05
1945,1.0,0.000563742418307811,9.999999747378752e-05
1946,1.0,0.0010146715212613344,9.999999747378752e-05
1947,1.0,0.0008183222380466759,9.999999747378752e-05
1948,1.0,0.000738651433493942,9.999999747378752e-05
1949,1.0,0.00101231480948627,9.999999747378752e-05
1950,1.0,0.0009768494637683034,9.999999747378752e-05
1951,1.0,0.0004901202046312392,9.999999747378752e-05
1952,1.0,0.0007628315361216664,9.999999747378752e-05
1953,1.0,0.0009564171778038144,9.999999747378752e-05
1954,1.0,0.0007607334991917014,9.999999747378752e-05
1955,1.0,0.0009249420836567879,9.999999747378752e-05
1956,1.0,0.0009935448179021478,9.999999747378752e-05
1957,1.0,0.0008064687135629356,9.999999747378752e-05
1958,1.0,0.000954313320107758,9.999999747378752e-05
1959,1.0,0.0010384644847363234,9.999999747378752e-05
1960,1.0,0.0017368930857628584,9.999999747378752e-05
1961,1.0,0.000719938543625176,9.999999747378752e-05
1962,1.0,0.0009347458253614604,9.999999747378752e-05
1963,1.0,0.003060921560972929,9.999999747378752e-05
1964,1.0,0.0009021046571433544,9.999999747378752e-05
1965,1.0,0.00127706048078835,9.999999747378752e-05
1966,1.0,0.0007755841361358762,9.999999747378752e-05
1967,1.0,0.0014181301230564713,9.999999747378752e-05
1968,1.0,0.0008412914467044175,9.999999747378752e-05
1969,1.0,0.0005068842438049614,9.999999747378752e-05
1970,1.0,0.000606358633376658,9.999999747378752e-05
1971,1.0,0.0009134757565334439,9.999999747378752e-05
1972,1.0,0.0009776230435818434,9.999999747378752e-05
1973,1.0,0.0006127029191702604,9.999999747378752e-05
1974,1.0,0.001358389388769865,9.999999747378752e-05
1975,1.0,0.0011586705222725868,9.999999747378752e-05
1976,1.0,0.0013208577875047922,9.999999747378752e-05
1977,1.0,0.0008088515023700893,9.999999747378752e-05
1978,1.0,0.0006694558542221785,9.999999747378752e-05
1979,1.0,0.0006229099235497415,9.999999747378752e-05
1980,1.0,0.002492808271199465,9.999999747378752e-05
1981,1.0,0.0008881852845661342,9.999999747378752e-05
1982,1.0,0.0010318263666704297,9.999999747378752e-05
1983,1.0,0.0006608857656829059,9.999999747378752e-05
1984,1.0,0.000926017586607486,9.999999747378752e-05
1985,1.0,0.0008031479083001614,9.999999747378752e-05
1986,1.0,0.0007200003601610661,9.999999747378752e-05
1987,1.0,0.0006764641730114818,9.999999747378752e-05
1988,1.0,0.0007694525993429124,9.999999747378752e-05
1989,1.0,0.0007127068238332868,9.999999747378752e-05
1990,1.0,0.000782155548222363,9.999999747378752e-05
1991,1.0,0.000675487273838371,9.999999747378752e-05
1992,1.0,0.0010390232782810926,9.999999747378752e-05
1993,1.0,0.0005243283230811357,9.999999747378752e-05
1994,1.0,0.0010051103308796883,9.999999747378752e-05
1995,1.0,0.0006656945333816111,9.999999747378752e-05
1996,1.0,0.0005507571040652692,9.999999747378752e-05
1997,1.0,0.00031517469324171543,9.999999747378752e-05
1998,1.0,0.0007747628842480481,9.999999747378752e-05
1999,1.0,0.001041562296450138,9.999999747378752e-05
