,categorical_accuracy,loss,learning_rate
0,0.6166666746139526,0.6791298985481262,0.0010000000474974513
1,0.5933333039283752,0.6612741351127625,0.0010000000474974513
2,0.6566666960716248,0.6488295793533325,0.0010000000474974513
3,0.6399999856948853,0.6484717130661011,0.0010000000474974513
4,0.6566666960716248,0.6340791583061218,0.0010000000474974513
5,0.6333333253860474,0.6413761973381042,0.0010000000474974513
6,0.6233333349227905,0.6381645202636719,0.0010000000474974513
7,0.6100000143051147,0.6436324119567871,0.0010000000474974513
8,0.6499999761581421,0.6467891335487366,0.0010000000474974513
9,0.6433333158493042,0.6482855677604675,0.0010000000474974513
10,0.6333333253860474,0.6404635906219482,0.0010000000474974513
11,0.6366666555404663,0.6457200646400452,0.0010000000474974513
12,0.6499999761581421,0.6415205597877502,0.0010000000474974513
13,0.6333333253860474,0.6345272064208984,0.0010000000474974513
14,0.6399999856948853,0.6357820630073547,0.0010000000474974513
15,0.653333306312561,0.6283484697341919,0.0010000000474974513
16,0.6566666960716248,0.6257267594337463,0.0010000000474974513
17,0.6333333253860474,0.6239661574363708,0.0010000000474974513
18,0.6200000047683716,0.6501240134239197,0.0010000000474974513
19,0.6466666460037231,0.6340531706809998,0.0010000000474974513
20,0.6833333373069763,0.6219000816345215,0.0010000000474974513
21,0.6399999856948853,0.6363886594772339,0.0010000000474974513
22,0.6200000047683716,0.6242022514343262,0.0010000000474974513
23,0.6800000071525574,0.6130099892616272,0.0010000000474974513
24,0.6833333373069763,0.6073486804962158,0.0010000000474974513
25,0.6700000166893005,0.61385178565979,0.0010000000474974513
26,0.6633333563804626,0.611735463142395,0.0010000000474974513
27,0.6433333158493042,0.618876576423645,0.0010000000474974513
28,0.6733333468437195,0.606581449508667,0.0010000000474974513
29,0.6733333468437195,0.6047320365905762,0.0010000000474974513
30,0.6499999761581421,0.6089999675750732,0.0010000000474974513
31,0.6766666769981384,0.6103273034095764,0.0010000000474974513
32,0.6800000071525574,0.6164971590042114,0.0010000000474974513
33,0.6700000166893005,0.5943911671638489,0.0010000000474974513
34,0.70333331823349,0.5806823968887329,0.0010000000474974513
35,0.6899999976158142,0.6118516325950623,0.0010000000474974513
36,0.6700000166893005,0.609706461429596,0.0010000000474974513
37,0.6666666865348816,0.6014882326126099,0.0010000000474974513
38,0.6299999952316284,0.6228737831115723,0.0010000000474974513
39,0.6700000166893005,0.6007397174835205,0.0010000000474974513
40,0.6899999976158142,0.5873150825500488,0.0010000000474974513
41,0.6733333468437195,0.5931051969528198,0.0010000000474974513
42,0.7066666483879089,0.5857513546943665,0.0010000000474974513
43,0.699999988079071,0.575520932674408,0.0010000000474974513
44,0.6833333373069763,0.59063321352005,0.0010000000474974513
45,0.6733333468437195,0.5806906223297119,0.0010000000474974513
46,0.6966666579246521,0.5897912979125977,0.0010000000474974513
47,0.7066666483879089,0.573935866355896,0.0010000000474974513
48,0.7066666483879089,0.5743248462677002,0.0010000000474974513
49,0.6200000047683716,0.6116411089897156,0.0010000000474974513
50,0.6833333373069763,0.594287097454071,0.0010000000474974513
51,0.7066666483879089,0.5801184773445129,0.0010000000474974513
52,0.6766666769981384,0.5641691088676453,0.0010000000474974513
53,0.6733333468437195,0.5782742500305176,0.0010000000474974513
54,0.6866666674613953,0.5916441679000854,0.0010000000474974513
55,0.6933333277702332,0.5805657505989075,0.0010000000474974513
56,0.6966666579246521,0.5738524198532104,0.0010000000474974513
57,0.6966666579246521,0.5738978981971741,0.0010000000474974513
58,0.7433333396911621,0.5653780102729797,0.0010000000474974513
59,0.7266666889190674,0.5480580925941467,0.0010000000474974513
60,0.7366666793823242,0.5424538254737854,0.0010000000474974513
61,0.6933333277702332,0.5654538869857788,0.0010000000474974513
62,0.7066666483879089,0.5566707849502563,0.0010000000474974513
63,0.7066666483879089,0.559587836265564,0.0010000000474974513
64,0.7400000095367432,0.5430031418800354,0.0010000000474974513
65,0.7166666388511658,0.5404779314994812,0.0010000000474974513
66,0.7300000190734863,0.5450332164764404,0.0010000000474974513
67,0.6966666579246521,0.5412153601646423,0.0010000000474974513
68,0.7300000190734863,0.5398255586624146,0.0010000000474974513
69,0.7133333086967468,0.5541113018989563,0.0010000000474974513
70,0.7433333396911621,0.5240022540092468,0.0010000000474974513
71,0.7400000095367432,0.5318579077720642,0.0010000000474974513
72,0.7300000190734863,0.5364621877670288,0.0010000000474974513
73,0.6966666579246521,0.571666955947876,0.0010000000474974513
74,0.7266666889190674,0.5472164154052734,0.0010000000474974513
75,0.75,0.5325818061828613,0.0010000000474974513
76,0.7300000190734863,0.5195885300636292,0.0010000000474974513
77,0.7599999904632568,0.5179653167724609,0.0010000000474974513
78,0.7200000286102295,0.529004693031311,0.0010000000474974513
79,0.7233333587646484,0.5390737652778625,0.0010000000474974513
80,0.753333330154419,0.5237723588943481,0.0010000000474974513
81,0.75,0.5043355226516724,0.0010000000474974513
82,0.7733333110809326,0.5117599964141846,0.0010000000474974513
83,0.7233333587646484,0.5225481390953064,0.0010000000474974513
84,0.7699999809265137,0.5053663849830627,0.0010000000474974513
85,0.7400000095367432,0.51682049036026,0.0010000000474974513
86,0.7333333492279053,0.5294308066368103,0.0010000000474974513
87,0.7366666793823242,0.5295915007591248,0.0010000000474974513
88,0.7366666793823242,0.5237553119659424,0.0010000000474974513
89,0.7433333396911621,0.5418592691421509,0.0010000000474974513
90,0.6899999976158142,0.5223153829574585,0.0010000000474974513
91,0.7566666603088379,0.5097106695175171,0.0010000000474974513
92,0.75,0.5036431550979614,0.0010000000474974513
93,0.746666669845581,0.5047094225883484,0.0010000000474974513
94,0.7666666507720947,0.5017485022544861,0.0010000000474974513
95,0.7433333396911621,0.5055931210517883,0.0010000000474974513
96,0.7333333492279053,0.5270200967788696,0.0010000000474974513
97,0.75,0.5072339177131653,0.0010000000474974513
98,0.7866666913032532,0.4893277585506439,0.0010000000474974513
99,0.7833333611488342,0.4767495095729828,0.0010000000474974513
100,0.7799999713897705,0.4822389781475067,0.0010000000474974513
101,0.7699999809265137,0.5004338622093201,0.0010000000474974513
102,0.746666669845581,0.47736698389053345,0.0010000000474974513
103,0.7799999713897705,0.49013182520866394,0.0010000000474974513
104,0.7833333611488342,0.4737655520439148,0.0010000000474974513
105,0.800000011920929,0.47540283203125,0.0010000000474974513
106,0.7766666412353516,0.4896739721298218,0.0010000000474974513
107,0.7633333206176758,0.4908348619937897,0.0010000000474974513
108,0.7766666412353516,0.48521724343299866,0.0010000000474974513
109,0.7599999904632568,0.4899580478668213,0.0010000000474974513
110,0.8166666626930237,0.43895721435546875,0.0010000000474974513
111,0.79666668176651,0.447547972202301,0.0010000000474974513
112,0.8033333420753479,0.4622616469860077,0.0010000000474974513
113,0.7799999713897705,0.45402103662490845,0.0010000000474974513
114,0.79666668176651,0.4591940939426422,0.0010000000474974513
115,0.753333330154419,0.48751723766326904,0.0010000000474974513
116,0.8033333420753479,0.45741429924964905,0.0010000000474974513
117,0.7733333110809326,0.45795950293540955,0.0010000000474974513
118,0.79666668176651,0.4532421827316284,0.0010000000474974513
119,0.75,0.46946126222610474,0.0010000000474974513
120,0.800000011920929,0.4644065201282501,0.0010000000474974513
121,0.7799999713897705,0.460001677274704,0.0010000000474974513
122,0.8033333420753479,0.4640659689903259,0.0010000000474974513
123,0.79666668176651,0.431041419506073,0.0010000000474974513
124,0.8299999833106995,0.40804949402809143,0.0010000000474974513
125,0.8166666626930237,0.4332583248615265,0.0010000000474974513
126,0.8266666531562805,0.4253263473510742,0.0010000000474974513
127,0.800000011920929,0.4437730014324188,0.0010000000474974513
128,0.7866666913032532,0.4743696451187134,0.0010000000474974513
129,0.8199999928474426,0.4441601634025574,0.0010000000474974513
130,0.7866666913032532,0.4616129696369171,0.0010000000474974513
131,0.8033333420753479,0.4482022523880005,0.0010000000474974513
132,0.7900000214576721,0.4585767090320587,0.0010000000474974513
133,0.79666668176651,0.4568161070346832,0.0010000000474974513
134,0.7633333206176758,0.4582712948322296,0.0010000000474974513
135,0.79666668176651,0.44138863682746887,0.0010000000474974513
136,0.8066666722297668,0.4483204782009125,0.0010000000474974513
137,0.8333333134651184,0.434151828289032,0.0010000000474974513
138,0.79666668176651,0.43523457646369934,0.0010000000474974513
139,0.8100000023841858,0.42896249890327454,0.0010000000474974513
140,0.8333333134651184,0.4089241921901703,0.0010000000474974513
141,0.8133333325386047,0.41269952058792114,0.0010000000474974513
142,0.79666668176651,0.4664857089519501,0.0010000000474974513
143,0.8166666626930237,0.4298388659954071,0.0010000000474974513
144,0.8166666626930237,0.4112270474433899,0.0010000000474974513
145,0.8500000238418579,0.39478713274002075,0.0010000000474974513
146,0.8299999833106995,0.3889143764972687,0.0010000000474974513
147,0.8366666436195374,0.40359070897102356,0.0010000000474974513
148,0.8066666722297668,0.4309239089488983,0.0010000000474974513
149,0.8233333230018616,0.4278283715248108,0.0010000000474974513
150,0.8100000023841858,0.4177018105983734,0.0010000000474974513
151,0.7733333110809326,0.44519439339637756,0.0010000000474974513
152,0.8299999833106995,0.4205743968486786,0.0010000000474974513
153,0.8133333325386047,0.42459824681282043,0.0010000000474974513
154,0.7633333206176758,0.4674742519855499,0.0010000000474974513
155,0.8299999833106995,0.4081404507160187,0.0010000000474974513
156,0.8266666531562805,0.38133490085601807,0.0010000000474974513
157,0.8366666436195374,0.3893527090549469,0.0010000000474974513
158,0.8233333230018616,0.4159804582595825,0.0010000000474974513
159,0.8399999737739563,0.387629896402359,0.0010000000474974513
160,0.8600000143051147,0.36499205231666565,0.0010000000474974513
161,0.8433333039283752,0.36729001998901367,0.0010000000474974513
162,0.8500000238418579,0.34919872879981995,0.0010000000474974513
163,0.8366666436195374,0.39128297567367554,0.0010000000474974513
164,0.8033333420753479,0.39946335554122925,0.0010000000474974513
165,0.8133333325386047,0.4253396987915039,0.0010000000474974513
166,0.8233333230018616,0.4033060669898987,0.0010000000474974513
167,0.8399999737739563,0.36561319231987,0.0010000000474974513
168,0.8399999737739563,0.38409745693206787,0.0010000000474974513
169,0.8433333039283752,0.3958585560321808,0.0010000000474974513
170,0.8299999833106995,0.4194374978542328,0.0010000000474974513
171,0.8533333539962769,0.34800323843955994,0.0010000000474974513
172,0.8399999737739563,0.36343756318092346,0.0010000000474974513
173,0.8399999737739563,0.3626197874546051,0.0010000000474974513
174,0.8666666746139526,0.3459281921386719,0.0010000000474974513
175,0.8199999928474426,0.3946959674358368,0.0010000000474974513
176,0.8533333539962769,0.3648605942726135,0.0010000000474974513
177,0.8399999737739563,0.3685174584388733,0.0010000000474974513
178,0.8700000047683716,0.33993569016456604,0.0010000000474974513
179,0.8366666436195374,0.3617458641529083,0.0010000000474974513
180,0.8433333039283752,0.3912930488586426,0.0010000000474974513
181,0.8333333134651184,0.3624385893344879,0.0010000000474974513
182,0.8233333230018616,0.38833028078079224,0.0010000000474974513
183,0.8766666650772095,0.3301890790462494,0.0010000000474974513
184,0.8700000047683716,0.3447510898113251,0.0010000000474974513
185,0.8500000238418579,0.35282692313194275,0.0010000000474974513
186,0.8366666436195374,0.34882763028144836,0.0010000000474974513
187,0.8100000023841858,0.40136805176734924,0.0010000000474974513
188,0.7799999713897705,0.44671183824539185,0.0010000000474974513
189,0.8266666531562805,0.3897695243358612,0.0010000000474974513
190,0.8533333539962769,0.3484310805797577,0.0010000000474974513
191,0.8799999952316284,0.32763805985450745,0.0010000000474974513
192,0.8733333349227905,0.2998203933238983,0.0010000000474974513
193,0.8299999833106995,0.3565712869167328,0.0010000000474974513
194,0.8600000143051147,0.34185612201690674,0.0010000000474974513
195,0.8333333134651184,0.35038185119628906,0.0010000000474974513
196,0.8399999737739563,0.3594699203968048,0.0010000000474974513
197,0.8700000047683716,0.31914225220680237,0.0010000000474974513
198,0.8766666650772095,0.3124851882457733,0.0010000000474974513
199,0.8833333253860474,0.3220445215702057,0.0010000000474974513
200,0.8666666746139526,0.3391675055027008,0.0010000000474974513
201,0.8533333539962769,0.31956925988197327,0.0010000000474974513
202,0.8266666531562805,0.34651094675064087,0.0010000000474974513
203,0.8633333444595337,0.3647587299346924,0.0010000000474974513
204,0.8833333253860474,0.3248783051967621,0.0010000000474974513
205,0.846666693687439,0.37858203053474426,0.0010000000474974513
206,0.8533333539962769,0.3519930839538574,0.0010000000474974513
207,0.8633333444595337,0.34064871072769165,0.0010000000474974513
208,0.8500000238418579,0.3538042902946472,0.0010000000474974513
209,0.8366666436195374,0.3517242670059204,0.0010000000474974513
210,0.8600000143051147,0.33614566922187805,0.0010000000474974513
211,0.8100000023841858,0.37549957633018494,0.0010000000474974513
212,0.8500000238418579,0.32696616649627686,0.0010000000474974513
213,0.8633333444595337,0.33251866698265076,0.0010000000474974513
214,0.8633333444595337,0.34382086992263794,0.0010000000474974513
215,0.8533333539962769,0.32806044816970825,0.0010000000474974513
216,0.8666666746139526,0.32844093441963196,0.0010000000474974513
217,0.846666693687439,0.3394998610019684,0.0010000000474974513
218,0.8700000047683716,0.3047786056995392,0.0010000000474974513
219,0.8733333349227905,0.2982660233974457,0.0010000000474974513
220,0.8733333349227905,0.30052223801612854,0.0010000000474974513
221,0.8833333253860474,0.29429277777671814,0.0010000000474974513
222,0.8933333158493042,0.26336100697517395,0.0010000000474974513
223,0.8766666650772095,0.2809220552444458,0.0010000000474974513
224,0.8933333158493042,0.29480403661727905,0.0010000000474974513
225,0.846666693687439,0.35406816005706787,0.0010000000474974513
226,0.8133333325386047,0.38410550355911255,0.0010000000474974513
227,0.8333333134651184,0.34887686371803284,0.0010000000474974513
228,0.8600000143051147,0.3440001606941223,0.0010000000474974513
229,0.8433333039283752,0.3585505783557892,0.0010000000474974513
230,0.903333306312561,0.2792741656303406,0.0010000000474974513
231,0.8766666650772095,0.27014726400375366,0.0010000000474974513
232,0.8766666650772095,0.3266460597515106,0.0010000000474974513
233,0.8500000238418579,0.35109931230545044,0.0010000000474974513
234,0.8733333349227905,0.3174562454223633,0.0010000000474974513
235,0.8666666746139526,0.3221037685871124,0.0010000000474974513
236,0.8833333253860474,0.2914436459541321,0.0010000000474974513
237,0.8866666555404663,0.28197982907295227,0.0010000000474974513
238,0.8700000047683716,0.27903833985328674,0.0010000000474974513
239,0.8633333444595337,0.3059423863887787,0.0010000000474974513
240,0.8799999952316284,0.2864060401916504,0.0010000000474974513
241,0.9100000262260437,0.2540281414985657,0.0010000000474974513
242,0.8766666650772095,0.2945155203342438,0.0010000000474974513
243,0.8266666531562805,0.37600839138031006,0.0010000000474974513
244,0.8500000238418579,0.32916033267974854,0.0010000000474974513
245,0.8866666555404663,0.2914072871208191,0.0010000000474974513
246,0.8933333158493042,0.2650071978569031,0.0010000000474974513
247,0.9066666960716248,0.25264427065849304,0.0010000000474974513
248,0.8899999856948853,0.2653813660144806,0.0010000000474974513
249,0.8999999761581421,0.2499653846025467,0.0010000000474974513
250,0.8799999952316284,0.2785351276397705,0.0010000000474974513
251,0.8766666650772095,0.2979283034801483,0.0010000000474974513
252,0.8766666650772095,0.31134283542633057,0.0010000000474974513
253,0.8700000047683716,0.31093713641166687,0.0010000000474974513
254,0.8899999856948853,0.278108686208725,0.0010000000474974513
255,0.8933333158493042,0.28383782505989075,0.0010000000474974513
256,0.8833333253860474,0.29374629259109497,0.0010000000474974513
257,0.8866666555404663,0.29442283511161804,0.0010000000474974513
258,0.8700000047683716,0.2723681330680847,0.0010000000474974513
259,0.9066666960716248,0.2456059753894806,0.0010000000474974513
260,0.8933333158493042,0.2594093978404999,0.0010000000474974513
261,0.9066666960716248,0.21613721549510956,0.0010000000474974513
262,0.8966666460037231,0.2485571801662445,0.0010000000474974513
263,0.9200000166893005,0.2240190953016281,0.0010000000474974513
264,0.8866666555404663,0.29198724031448364,0.0010000000474974513
265,0.8799999952316284,0.30272820591926575,0.0010000000474974513
266,0.8899999856948853,0.2748081386089325,0.0010000000474974513
267,0.8899999856948853,0.2629501223564148,0.0010000000474974513
268,0.8999999761581421,0.26423758268356323,0.0010000000474974513
269,0.8966666460037231,0.2885742783546448,0.0010000000474974513
270,0.9066666960716248,0.2520695924758911,0.0010000000474974513
271,0.903333306312561,0.2540982961654663,0.0010000000474974513
272,0.8799999952316284,0.27426066994667053,0.0010000000474974513
273,0.8966666460037231,0.27161332964897156,0.0010000000474974513
274,0.8999999761581421,0.2545677721500397,0.0010000000474974513
275,0.9166666865348816,0.2502133846282959,0.0010000000474974513
276,0.8799999952316284,0.29350072145462036,0.0010000000474974513
277,0.8933333158493042,0.2470988780260086,0.0010000000474974513
278,0.9200000166893005,0.2254839539527893,0.0010000000474974513
279,0.8933333158493042,0.2601460814476013,0.0010000000474974513
280,0.8966666460037231,0.2636170983314514,0.0010000000474974513
281,0.903333306312561,0.25274887681007385,0.0010000000474974513
282,0.8899999856948853,0.2632162868976593,0.0010000000474974513
283,0.8600000143051147,0.3333076536655426,0.0010000000474974513
284,0.8933333158493042,0.26372554898262024,0.0010000000474974513
285,0.8966666460037231,0.2654258608818054,0.0010000000474974513
286,0.8933333158493042,0.27427056431770325,0.0010000000474974513
287,0.903333306312561,0.24822105467319489,0.0010000000474974513
288,0.903333306312561,0.2671336233615875,0.0010000000474974513
289,0.9066666960716248,0.24530860781669617,0.0010000000474974513
290,0.8899999856948853,0.27491483092308044,0.0010000000474974513
291,0.9333333373069763,0.2082304209470749,0.0010000000474974513
292,0.8966666460037231,0.25723889470100403,0.0010000000474974513
293,0.9133333563804626,0.21893185377120972,0.0010000000474974513
294,0.9100000262260437,0.24203966557979584,0.0010000000474974513
295,0.8999999761581421,0.24375371634960175,0.0010000000474974513
296,0.8333333134651184,0.37881243228912354,0.0010000000474974513
297,0.8700000047683716,0.3087388575077057,0.0010000000474974513
298,0.9300000071525574,0.22222119569778442,0.0010000000474974513
299,0.9166666865348816,0.2076425552368164,0.0010000000474974513
300,0.8899999856948853,0.25305548310279846,0.0010000000474974513
301,0.8966666460037231,0.23844978213310242,0.0010000000474974513
302,0.9066666960716248,0.2286428064107895,0.0010000000474974513
303,0.903333306312561,0.2383749634027481,0.0010000000474974513
304,0.9133333563804626,0.22181925177574158,0.0010000000474974513
305,0.8866666555404663,0.2583431005477905,0.0010000000474974513
306,0.8666666746139526,0.28877443075180054,0.0010000000474974513
307,0.846666693687439,0.3441414535045624,0.0010000000474974513
308,0.903333306312561,0.25871673226356506,0.0010000000474974513
309,0.8733333349227905,0.2861054539680481,0.0010000000474974513
310,0.8666666746139526,0.28781792521476746,0.0010000000474974513
311,0.8833333253860474,0.30373358726501465,0.0010000000474974513
312,0.903333306312561,0.23504242300987244,0.0010000000474974513
313,0.8766666650772095,0.2874402701854706,0.0010000000474974513
314,0.903333306312561,0.2677728831768036,0.0010000000474974513
315,0.9066666960716248,0.24493317306041718,0.0010000000474974513
316,0.8866666555404663,0.26342862844467163,0.0010000000474974513
317,0.8966666460037231,0.2555787265300751,0.0010000000474974513
318,0.9066666960716248,0.26015937328338623,0.0010000000474974513
319,0.9066666960716248,0.23529790341854095,0.0010000000474974513
320,0.8899999856948853,0.2578897178173065,0.0010000000474974513
321,0.9333333373069763,0.19400307536125183,0.0010000000474974513
322,0.9233333468437195,0.2011522352695465,0.0010000000474974513
323,0.9133333563804626,0.20392340421676636,0.0010000000474974513
324,0.8799999952316284,0.245649054646492,0.0010000000474974513
325,0.9233333468437195,0.21660196781158447,0.0010000000474974513
326,0.8833333253860474,0.27499428391456604,0.0010000000474974513
327,0.8899999856948853,0.25803324580192566,0.0010000000474974513
328,0.9100000262260437,0.24746215343475342,0.0010000000474974513
329,0.8966666460037231,0.24778656661510468,0.0010000000474974513
330,0.9266666769981384,0.20751480758190155,0.0010000000474974513
331,0.9366666674613953,0.19073309004306793,0.0010000000474974513
332,0.8966666460037231,0.2281157225370407,0.0010000000474974513
333,0.9100000262260437,0.2496974915266037,0.0010000000474974513
334,0.9166666865348816,0.2395821064710617,0.0010000000474974513
335,0.9333333373069763,0.2037453055381775,0.0010000000474974513
336,0.8999999761581421,0.2330414056777954,0.0010000000474974513
337,0.8966666460037231,0.231717050075531,0.0010000000474974513
338,0.903333306312561,0.26111650466918945,0.0010000000474974513
339,0.8600000143051147,0.2996629774570465,0.0010000000474974513
340,0.8933333158493042,0.23416483402252197,0.0010000000474974513
341,0.9100000262260437,0.2317257970571518,0.0010000000474974513
342,0.8933333158493042,0.2459578961133957,0.0010000000474974513
343,0.9166666865348816,0.24360725283622742,0.0010000000474974513
344,0.9333333373069763,0.1928747445344925,0.0010000000474974513
345,0.9333333373069763,0.2073872834444046,0.0010000000474974513
346,0.9233333468437195,0.22654248774051666,0.0010000000474974513
347,0.8899999856948853,0.245416060090065,0.0010000000474974513
348,0.9266666769981384,0.21617169678211212,0.0010000000474974513
349,0.8866666555404663,0.2727956473827362,0.0010000000474974513
350,0.8966666460037231,0.23574404418468475,0.0010000000474974513
351,0.903333306312561,0.22886960208415985,0.0010000000474974513
352,0.9266666769981384,0.22037458419799805,0.0010000000474974513
353,0.9100000262260437,0.20534837245941162,0.0010000000474974513
354,0.9133333563804626,0.22165794670581818,0.0010000000474974513
355,0.9300000071525574,0.19884604215621948,0.0010000000474974513
356,0.9100000262260437,0.21229471266269684,0.0010000000474974513
357,0.9100000262260437,0.22385506331920624,0.0010000000474974513
358,0.8966666460037231,0.23179277777671814,0.0010000000474974513
359,0.9266666769981384,0.23567217588424683,0.0010000000474974513
360,0.9266666769981384,0.21427614986896515,0.0010000000474974513
361,0.9266666769981384,0.22879162430763245,0.0010000000474974513
362,0.9433333277702332,0.19607232511043549,0.0010000000474974513
363,0.9366666674613953,0.1817118525505066,0.0010000000474974513
364,0.9100000262260437,0.2187025249004364,0.0010000000474974513
365,0.8933333158493042,0.246977761387825,0.0010000000474974513
366,0.9233333468437195,0.20457959175109863,0.0010000000474974513
367,0.9300000071525574,0.19496308267116547,0.0010000000474974513
368,0.9566666483879089,0.185065358877182,0.0010000000474974513
369,0.95333331823349,0.18195997178554535,0.0010000000474974513
370,0.9366666674613953,0.17913804948329926,0.0010000000474974513
371,0.8733333349227905,0.2599392533302307,0.0010000000474974513
372,0.9233333468437195,0.2166462391614914,0.0010000000474974513
373,0.9399999976158142,0.1606551557779312,0.0010000000474974513
374,0.9300000071525574,0.17981603741645813,0.0010000000474974513
375,0.8866666555404663,0.27113819122314453,0.0010000000474974513
376,0.8999999761581421,0.24794121086597443,0.0010000000474974513
377,0.9200000166893005,0.20301944017410278,0.0010000000474974513
378,0.8966666460037231,0.2699109613895416,0.0010000000474974513
379,0.9066666960716248,0.242123544216156,0.0010000000474974513
380,0.9433333277702332,0.18778468668460846,0.0010000000474974513
381,0.9200000166893005,0.19047704339027405,0.0010000000474974513
382,0.9300000071525574,0.17595554888248444,0.0010000000474974513
383,0.9300000071525574,0.2293415367603302,0.0010000000474974513
384,0.9200000166893005,0.20468570291996002,0.0010000000474974513
385,0.9100000262260437,0.20227445662021637,0.0010000000474974513
386,0.9333333373069763,0.17434994876384735,0.0010000000474974513
387,0.9333333373069763,0.18429109454154968,0.0010000000474974513
388,0.9399999976158142,0.16843019425868988,0.0010000000474974513
389,0.95333331823349,0.14171065390110016,0.0010000000474974513
390,0.9266666769981384,0.19298675656318665,0.0010000000474974513
391,0.9100000262260437,0.2058398425579071,0.0010000000474974513
392,0.9233333468437195,0.2279316782951355,0.0010000000474974513
393,0.9466666579246521,0.16058510541915894,0.0010000000474974513
394,0.9200000166893005,0.21325120329856873,0.0010000000474974513
395,0.9433333277702332,0.16089297831058502,0.0010000000474974513
396,0.9433333277702332,0.16675221920013428,0.0010000000474974513
397,0.9200000166893005,0.20707273483276367,0.0010000000474974513
398,0.9300000071525574,0.2019997239112854,0.0010000000474974513
399,0.9200000166893005,0.20471473038196564,0.0010000000474974513
400,0.9333333373069763,0.17927560210227966,0.0010000000474974513
401,0.9333333373069763,0.18617357313632965,0.0010000000474974513
402,0.9433333277702332,0.18105363845825195,0.0010000000474974513
403,0.9399999976158142,0.16943182051181793,0.0010000000474974513
404,0.8966666460037231,0.2357521504163742,0.0010000000474974513
405,0.8933333158493042,0.25889602303504944,0.0010000000474974513
406,0.8566666841506958,0.2974511682987213,0.0010000000474974513
407,0.8999999761581421,0.25469598174095154,0.0010000000474974513
408,0.9233333468437195,0.20053507387638092,0.0010000000474974513
409,0.9366666674613953,0.1620214879512787,0.0010000000474974513
410,0.95333331823349,0.16981683671474457,0.0010000000474974513
411,0.9466666579246521,0.15886332094669342,0.0010000000474974513
412,0.949999988079071,0.15086159110069275,0.0010000000474974513
413,0.9366666674613953,0.1858421117067337,0.0010000000474974513
414,0.9300000071525574,0.19292020797729492,0.0010000000474974513
415,0.9366666674613953,0.185829296708107,0.0010000000474974513
416,0.9466666579246521,0.15875449776649475,0.0010000000474974513
417,0.9566666483879089,0.14656870067119598,0.0010000000474974513
418,0.9599999785423279,0.1706046462059021,0.0010000000474974513
419,0.9399999976158142,0.17570769786834717,0.0010000000474974513
420,0.9733333587646484,0.14333218336105347,0.0010000000474974513
421,0.9433333277702332,0.14498598873615265,0.0010000000474974513
422,0.9300000071525574,0.1751379668712616,0.0010000000474974513
423,0.9333333373069763,0.16913561522960663,0.0010000000474974513
424,0.9300000071525574,0.19913478195667267,0.0010000000474974513
425,0.9133333563804626,0.2071700096130371,0.0010000000474974513
426,0.9566666483879089,0.12609679996967316,0.0010000000474974513
427,0.9333333373069763,0.17903243005275726,0.0010000000474974513
428,0.903333306312561,0.2078973948955536,0.0010000000474974513
429,0.8700000047683716,0.30380821228027344,0.0010000000474974513
430,0.9300000071525574,0.2001306116580963,0.0010000000474974513
431,0.9133333563804626,0.2256968915462494,0.0010000000474974513
432,0.9100000262260437,0.2003648430109024,0.0010000000474974513
433,0.9366666674613953,0.16013827919960022,0.0010000000474974513
434,0.9366666674613953,0.17691846191883087,0.0010000000474974513
435,0.9599999785423279,0.14491988718509674,0.0010000000474974513
436,0.9466666579246521,0.16611458361148834,0.0010000000474974513
437,0.9599999785423279,0.13419614732265472,0.0010000000474974513
438,0.9666666388511658,0.12819620966911316,0.0010000000474974513
439,0.949999988079071,0.12242352962493896,0.0010000000474974513
440,0.9466666579246521,0.15865029394626617,0.0010000000474974513
441,0.95333331823349,0.13740885257720947,0.0010000000474974513
442,0.9466666579246521,0.15140798687934875,0.0010000000474974513
443,0.9266666769981384,0.18035024404525757,0.0010000000474974513
444,0.9433333277702332,0.14367975294589996,0.0010000000474974513
445,0.9399999976158142,0.17208296060562134,0.0010000000474974513
446,0.9399999976158142,0.1840214878320694,0.0010000000474974513
447,0.9466666579246521,0.1553746461868286,0.0010000000474974513
448,0.9266666769981384,0.19246576726436615,0.0010000000474974513
449,0.9399999976158142,0.17269381880760193,0.0010000000474974513
450,0.9466666579246521,0.14760921895503998,0.0010000000474974513
451,0.95333331823349,0.16172568500041962,0.0010000000474974513
452,0.9599999785423279,0.14313863217830658,0.0010000000474974513
453,0.9666666388511658,0.11081290990114212,0.0010000000474974513
454,0.9399999976158142,0.1537124663591385,0.0010000000474974513
455,0.9133333563804626,0.2015330195426941,0.0010000000474974513
456,0.9266666769981384,0.1921471506357193,0.0010000000474974513
457,0.9166666865348816,0.21413451433181763,0.0010000000474974513
458,0.9066666960716248,0.21042494475841522,0.0010000000474974513
459,0.9466666579246521,0.16106566786766052,0.0010000000474974513
460,0.9399999976158142,0.1623872071504593,0.0010000000474974513
461,0.9100000262260437,0.2137027233839035,0.0010000000474974513
462,0.9066666960716248,0.22069960832595825,0.0010000000474974513
463,0.9266666769981384,0.1816348433494568,0.0010000000474974513
464,0.9233333468437195,0.1583782136440277,0.0010000000474974513
465,0.9633333086967468,0.13089770078659058,0.0010000000474974513
466,0.9566666483879089,0.12421298772096634,0.0010000000474974513
467,0.9433333277702332,0.13114288449287415,0.0010000000474974513
468,0.9700000286102295,0.12638670206069946,0.0010000000474974513
469,0.9333333373069763,0.16321715712547302,0.0010000000474974513
470,0.9200000166893005,0.19346478581428528,0.0010000000474974513
471,0.9466666579246521,0.16863380372524261,0.0010000000474974513
472,0.9333333373069763,0.1507880687713623,0.0010000000474974513
473,0.9366666674613953,0.14669696986675262,0.0010000000474974513
474,0.95333331823349,0.13363003730773926,0.0010000000474974513
475,0.9466666579246521,0.1477460414171219,0.0010000000474974513
476,0.9433333277702332,0.16555549204349518,0.0010000000474974513
477,0.9266666769981384,0.1879943311214447,0.0010000000474974513
478,0.9633333086967468,0.11932749301195145,0.0010000000474974513
479,0.9566666483879089,0.1263539046049118,0.0010000000474974513
480,0.95333331823349,0.1365853250026703,0.0010000000474974513
481,0.9466666579246521,0.1309482306241989,0.0010000000474974513
482,0.9633333086967468,0.12785948812961578,0.0010000000474974513
483,0.9599999785423279,0.11612404137849808,0.0010000000474974513
484,0.95333331823349,0.1252269595861435,0.0010000000474974513
485,0.9566666483879089,0.11779990047216415,0.0010000000474974513
486,0.9566666483879089,0.13696126639842987,0.0010000000474974513
487,0.9466666579246521,0.16052722930908203,0.0010000000474974513
488,0.9599999785423279,0.10939045995473862,0.0010000000474974513
489,0.9399999976158142,0.15688811242580414,0.0010000000474974513
490,0.9633333086967468,0.1096087172627449,0.0010000000474974513
491,0.9733333587646484,0.11562327295541763,0.0010000000474974513
492,0.9666666388511658,0.11095105856657028,0.0010000000474974513
493,0.9566666483879089,0.12489214539527893,0.0010000000474974513
494,0.9233333468437195,0.17538577318191528,0.0010000000474974513
495,0.9266666769981384,0.15411528944969177,0.0010000000474974513
496,0.9433333277702332,0.18179653584957123,0.0010000000474974513
497,0.949999988079071,0.13443754613399506,0.0010000000474974513
498,0.9466666579246521,0.13842853903770447,0.0010000000474974513
499,0.9566666483879089,0.1246068924665451,0.0010000000474974513
500,0.9466666579246521,0.14522095024585724,0.0010000000474974513
501,0.9566666483879089,0.12266554683446884,0.0010000000474974513
502,0.9599999785423279,0.10643547773361206,0.0010000000474974513
503,0.9399999976158142,0.14893744885921478,0.0010000000474974513
504,0.95333331823349,0.1300099939107895,0.0010000000474974513
505,0.9566666483879089,0.14898043870925903,0.0010000000474974513
506,0.9733333587646484,0.1060681939125061,0.0010000000474974513
507,0.9433333277702332,0.13975319266319275,0.0010000000474974513
508,0.9466666579246521,0.15750978887081146,0.0010000000474974513
509,0.9366666674613953,0.17112208902835846,0.0010000000474974513
510,0.9599999785423279,0.12787140905857086,0.0010000000474974513
511,0.9566666483879089,0.13233846426010132,0.0010000000474974513
512,0.9366666674613953,0.16282521188259125,0.0010000000474974513
513,0.9433333277702332,0.138321191072464,0.0010000000474974513
514,0.95333331823349,0.1272869110107422,0.0010000000474974513
515,0.9599999785423279,0.114437036216259,0.0010000000474974513
516,0.9066666960716248,0.223354771733284,0.0010000000474974513
517,0.9599999785423279,0.14739678800106049,0.0010000000474974513
518,0.9333333373069763,0.14759284257888794,0.0010000000474974513
519,0.9266666769981384,0.17300286889076233,0.0010000000474974513
520,0.9399999976158142,0.17201437056064606,0.0010000000474974513
521,0.9399999976158142,0.13994018733501434,0.0010000000474974513
522,0.949999988079071,0.15114346146583557,0.0010000000474974513
523,0.9633333086967468,0.11063147336244583,0.0010000000474974513
524,0.9466666579246521,0.1673681139945984,0.0010000000474974513
525,0.9399999976158142,0.14385822415351868,0.0010000000474974513
526,0.95333331823349,0.15631715953350067,0.0010000000474974513
527,0.9200000166893005,0.20966199040412903,0.0010000000474974513
528,0.8933333158493042,0.24824193120002747,0.0010000000474974513
529,0.9166666865348816,0.22637726366519928,0.0010000000474974513
530,0.9233333468437195,0.19385705888271332,0.0010000000474974513
531,0.949999988079071,0.14221039414405823,0.0010000000474974513
532,0.949999988079071,0.12721370160579681,0.0010000000474974513
533,0.9766666889190674,0.08588486909866333,0.0010000000474974513
534,0.95333331823349,0.10743451118469238,0.0010000000474974513
535,0.95333331823349,0.12431756407022476,0.0010000000474974513
536,0.9833333492279053,0.0748569667339325,0.0010000000474974513
537,0.95333331823349,0.112270787358284,0.0010000000474974513
538,0.9733333587646484,0.09685054421424866,0.0010000000474974513
539,0.9633333086967468,0.09837751090526581,0.0010000000474974513
540,0.9700000286102295,0.1063786968588829,0.0010000000474974513
541,0.9566666483879089,0.13419567048549652,0.0010000000474974513
542,0.9333333373069763,0.13706478476524353,0.0010000000474974513
543,0.9766666889190674,0.10268384218215942,0.0010000000474974513
544,0.9599999785423279,0.10796777158975601,0.0010000000474974513
545,0.949999988079071,0.1207462027668953,0.0010000000474974513
546,0.9233333468437195,0.16831986606121063,0.0010000000474974513
547,0.9766666889190674,0.1181134507060051,0.0010000000474974513
548,0.9599999785423279,0.1109783947467804,0.0010000000474974513
549,0.9599999785423279,0.10733187198638916,0.0010000000474974513
550,0.9233333468437195,0.20171654224395752,0.0010000000474974513
551,0.9433333277702332,0.15244901180267334,0.0010000000474974513
552,0.95333331823349,0.11073648929595947,0.0010000000474974513
553,0.9766666889190674,0.09606055915355682,0.0010000000474974513
554,0.9599999785423279,0.1111716702580452,0.0010000000474974513
555,0.9700000286102295,0.10110552608966827,0.0010000000474974513
556,0.9566666483879089,0.10737406462430954,0.0010000000474974513
557,0.9566666483879089,0.1103285625576973,0.0010000000474974513
558,0.9333333373069763,0.16740885376930237,0.0010000000474974513
559,0.95333331823349,0.12654732167720795,0.0010000000474974513
560,0.9566666483879089,0.13853874802589417,0.0010000000474974513
561,0.9366666674613953,0.13967134058475494,0.0010000000474974513
562,0.95333331823349,0.12357676029205322,0.0010000000474974513
563,0.9633333086967468,0.12826985120773315,0.0010000000474974513
564,0.949999988079071,0.11961132287979126,0.0010000000474974513
565,0.9366666674613953,0.16572508215904236,0.0010000000474974513
566,0.9433333277702332,0.1424567699432373,0.0010000000474974513
567,0.9599999785423279,0.12006960809230804,0.0010000000474974513
568,0.9700000286102295,0.10199673473834991,0.0010000000474974513
569,0.9766666889190674,0.08873384445905685,0.0010000000474974513
570,0.9733333587646484,0.08524486422538757,0.0010000000474974513
571,0.9766666889190674,0.09416405111551285,0.0010000000474974513
572,0.9866666793823242,0.06974680721759796,0.0010000000474974513
573,0.9200000166893005,0.1699971854686737,0.0010000000474974513
574,0.9166666865348816,0.208357036113739,0.0010000000474974513
575,0.95333331823349,0.1334524005651474,0.0010000000474974513
576,0.9599999785423279,0.11019717901945114,0.0010000000474974513
577,0.9399999976158142,0.14180460572242737,0.0010000000474974513
578,0.9633333086967468,0.11428015679121017,0.0010000000474974513
579,0.9599999785423279,0.10902027040719986,0.0010000000474974513
580,0.9266666769981384,0.16562698781490326,0.0010000000474974513
581,0.9233333468437195,0.18791741132736206,0.0010000000474974513
582,0.9633333086967468,0.12965266406536102,0.0010000000474974513
583,0.9633333086967468,0.0995132327079773,0.0010000000474974513
584,0.9800000190734863,0.07846249639987946,0.0010000000474974513
585,0.9900000095367432,0.08011928200721741,0.0010000000474974513
586,0.9700000286102295,0.09672952443361282,0.0010000000474974513
587,0.9633333086967468,0.11442979425191879,0.0010000000474974513
588,0.9766666889190674,0.09977204352617264,0.0010000000474974513
589,0.9733333587646484,0.08002231270074844,0.0010000000474974513
590,0.9599999785423279,0.0975862666964531,0.0010000000474974513
591,0.9766666889190674,0.08411319553852081,0.0010000000474974513
592,0.9733333587646484,0.09364524483680725,0.0010000000474974513
593,0.9800000190734863,0.07606211304664612,0.0010000000474974513
594,0.9800000190734863,0.07405546307563782,0.0010000000474974513
595,0.9566666483879089,0.10681668668985367,0.0010000000474974513
596,0.9733333587646484,0.09852278977632523,0.0010000000474974513
597,0.9866666793823242,0.07090239971876144,0.0010000000474974513
598,0.9700000286102295,0.08970565348863602,0.0010000000474974513
599,0.9433333277702332,0.13957536220550537,0.0010000000474974513
600,0.9433333277702332,0.15892696380615234,0.0010000000474974513
601,0.95333331823349,0.15381580591201782,0.0010000000474974513
602,0.9599999785423279,0.11987124383449554,0.0010000000474974513
603,0.9433333277702332,0.13556794822216034,0.0010000000474974513
604,0.9599999785423279,0.11337942630052567,0.0010000000474974513
605,0.9266666769981384,0.1445395052433014,0.0010000000474974513
606,0.949999988079071,0.15756076574325562,0.0010000000474974513
607,0.9366666674613953,0.13756375014781952,0.0010000000474974513
608,0.9800000190734863,0.08951128274202347,0.0010000000474974513
609,0.9700000286102295,0.09216829389333725,0.0010000000474974513
610,0.9466666579246521,0.13420166075229645,0.0010000000474974513
611,0.9466666579246521,0.1324019879102707,0.0010000000474974513
612,0.95333331823349,0.13584141433238983,0.0010000000474974513
613,0.949999988079071,0.13838738203048706,0.0010000000474974513
614,0.9333333373069763,0.1728360503911972,0.0010000000474974513
615,0.9300000071525574,0.16132770478725433,0.0010000000474974513
616,0.9133333563804626,0.1938881278038025,0.0010000000474974513
617,0.9433333277702332,0.1565185785293579,0.0010000000474974513
618,0.9366666674613953,0.18195992708206177,0.0010000000474974513
619,0.949999988079071,0.12128464877605438,0.0010000000474974513
620,0.949999988079071,0.11743385344743729,0.0010000000474974513
621,0.9466666579246521,0.13927438855171204,0.0010000000474974513
622,0.9599999785423279,0.10735197365283966,0.0010000000474974513
623,0.95333331823349,0.12357315421104431,0.0005000000237487257
624,0.9900000095367432,0.055814970284700394,0.0005000000237487257
625,0.9933333396911621,0.04470670595765114,0.0005000000237487257
626,0.9900000095367432,0.056675877422094345,0.0005000000237487257
627,0.9933333396911621,0.04895817115902901,0.0005000000237487257
628,0.9933333396911621,0.045692864805459976,0.0005000000237487257
629,1.0,0.042050909250974655,0.0005000000237487257
630,0.9900000095367432,0.05348069593310356,0.0005000000237487257
631,1.0,0.04257100820541382,0.0005000000237487257
632,1.0,0.03262769803404808,0.0005000000237487257
633,1.0,0.0330997109413147,0.0005000000237487257
634,0.9833333492279053,0.0693245455622673,0.0005000000237487257
635,0.9900000095367432,0.06520342081785202,0.0005000000237487257
636,0.9633333086967468,0.08107349276542664,0.0005000000237487257
637,0.9900000095367432,0.05504297837615013,0.0005000000237487257
638,0.996666669845581,0.03880179300904274,0.0005000000237487257
639,0.996666669845581,0.048909567296504974,0.0005000000237487257
640,0.996666669845581,0.04214760661125183,0.0005000000237487257
641,0.9766666889190674,0.06246727705001831,0.0005000000237487257
642,0.9700000286102295,0.07057129591703415,0.0005000000237487257
643,0.9933333396911621,0.037046726793050766,0.0005000000237487257
644,0.9866666793823242,0.05183464661240578,0.0005000000237487257
645,0.9900000095367432,0.05075293406844139,0.0005000000237487257
646,0.9700000286102295,0.08245236426591873,0.0005000000237487257
647,0.9933333396911621,0.04150298610329628,0.0005000000237487257
648,0.9933333396911621,0.03604183346033096,0.0005000000237487257
649,0.9933333396911621,0.04802224785089493,0.0005000000237487257
650,0.9933333396911621,0.04466339573264122,0.0005000000237487257
651,0.9766666889190674,0.08365378528833389,0.0005000000237487257
652,0.9833333492279053,0.058044712990522385,0.0005000000237487257
653,0.9900000095367432,0.06040463596582413,0.0005000000237487257
654,0.9866666793823242,0.051792826503515244,0.0005000000237487257
655,0.9933333396911621,0.0415235310792923,0.0005000000237487257
656,1.0,0.029259856790304184,0.0005000000237487257
657,0.9800000190734863,0.07510153949260712,0.0005000000237487257
658,0.9900000095367432,0.04040829837322235,0.0005000000237487257
659,0.9900000095367432,0.05231615528464317,0.0005000000237487257
660,0.9866666793823242,0.05983802676200867,0.0005000000237487257
661,0.9866666793823242,0.047857750207185745,0.0005000000237487257
662,0.9766666889190674,0.06392279267311096,0.0005000000237487257
663,0.9900000095367432,0.05990450084209442,0.0005000000237487257
664,0.9733333587646484,0.0751691609621048,0.0005000000237487257
665,0.9766666889190674,0.07560122013092041,0.0005000000237487257
666,0.9933333396911621,0.048601843416690826,0.0005000000237487257
667,0.9866666793823242,0.05096137896180153,0.0005000000237487257
668,0.9800000190734863,0.06620647758245468,0.0005000000237487257
669,0.9833333492279053,0.06745418906211853,0.0005000000237487257
670,0.9733333587646484,0.07456935197114944,0.0005000000237487257
671,0.9933333396911621,0.04787087440490723,0.0005000000237487257
672,0.996666669845581,0.0379951111972332,0.0005000000237487257
673,0.9900000095367432,0.05237480625510216,0.0005000000237487257
674,0.996666669845581,0.03517873212695122,0.0005000000237487257
675,0.9933333396911621,0.03596129268407822,0.0005000000237487257
676,1.0,0.030578400939702988,0.0005000000237487257
677,0.9933333396911621,0.03441077843308449,0.0005000000237487257
678,0.9866666793823242,0.05152704194188118,0.0005000000237487257
679,0.9833333492279053,0.055484674870967865,0.0005000000237487257
680,0.996666669845581,0.03788135200738907,0.0005000000237487257
681,0.9800000190734863,0.0670095756649971,0.0005000000237487257
682,0.9833333492279053,0.059616297483444214,0.0005000000237487257
683,0.996666669845581,0.034348346292972565,0.0005000000237487257
684,0.9866666793823242,0.06768752634525299,0.0005000000237487257
685,0.9766666889190674,0.08305040001869202,0.0005000000237487257
686,0.9833333492279053,0.0721665620803833,0.0005000000237487257
687,0.9933333396911621,0.043919868767261505,0.0005000000237487257
688,0.9866666793823242,0.045758672058582306,0.0005000000237487257
689,0.9866666793823242,0.052699651569128036,0.0005000000237487257
690,0.9700000286102295,0.0799684152007103,0.0005000000237487257
691,0.949999988079071,0.10756523162126541,0.0005000000237487257
692,0.95333331823349,0.09912880510091782,0.0005000000237487257
693,0.9700000286102295,0.08228462934494019,0.0005000000237487257
694,0.9833333492279053,0.06951200217008591,0.0005000000237487257
695,0.9800000190734863,0.07062751799821854,0.0005000000237487257
696,0.9733333587646484,0.07946585863828659,0.0005000000237487257
697,0.9933333396911621,0.04394720867276192,0.0005000000237487257
698,0.9866666793823242,0.0448647141456604,0.0005000000237487257
699,0.9833333492279053,0.06596402823925018,0.0005000000237487257
700,0.9933333396911621,0.05689038708806038,0.0005000000237487257
701,0.9900000095367432,0.052397631108760834,0.0005000000237487257
702,0.9900000095367432,0.03968362882733345,0.0005000000237487257
703,0.9833333492279053,0.05336495116353035,0.0005000000237487257
704,0.996666669845581,0.04129462689161301,0.0005000000237487257
705,0.9833333492279053,0.05586132034659386,0.0005000000237487257
706,0.9800000190734863,0.06707116216421127,0.0005000000237487257
707,0.9800000190734863,0.06227819621562958,0.0002500000118743628
708,0.996666669845581,0.03503311797976494,0.0002500000118743628
709,1.0,0.029782114550471306,0.0002500000118743628
710,1.0,0.02713419310748577,0.0002500000118743628
711,0.996666669845581,0.02463177964091301,0.0002500000118743628
712,0.9833333492279053,0.052804965525865555,0.0002500000118743628
713,0.996666669845581,0.032519612461328506,0.0002500000118743628
714,0.9833333492279053,0.049379363656044006,0.0002500000118743628
715,0.9933333396911621,0.031622834503650665,0.0002500000118743628
716,1.0,0.028172282502055168,0.0002500000118743628
717,1.0,0.02827380783855915,0.0002500000118743628
718,1.0,0.023287786170840263,0.0002500000118743628
719,0.9866666793823242,0.047540970146656036,0.0002500000118743628
720,1.0,0.02712441422045231,0.0002500000118743628
721,1.0,0.028202394023537636,0.0002500000118743628
722,0.9933333396911621,0.03233272582292557,0.0002500000118743628
723,1.0,0.03527228534221649,0.0002500000118743628
724,1.0,0.023633118718862534,0.0002500000118743628
725,0.9900000095367432,0.04995351284742355,0.0002500000118743628
726,0.9933333396911621,0.046215418726205826,0.0002500000118743628
727,1.0,0.023375896736979485,0.0002500000118743628
728,1.0,0.021500537171959877,0.0002500000118743628
729,1.0,0.022853504866361618,0.0002500000118743628
730,0.9933333396911621,0.0325382724404335,0.0002500000118743628
731,1.0,0.023739656433463097,0.0002500000118743628
732,1.0,0.02759874425828457,0.0002500000118743628
733,1.0,0.01780427247285843,0.0002500000118743628
734,0.9900000095367432,0.03934387490153313,0.0002500000118743628
735,1.0,0.0318794772028923,0.0002500000118743628
736,0.996666669845581,0.030779028311371803,0.0002500000118743628
737,0.996666669845581,0.0339602567255497,0.0002500000118743628
738,1.0,0.0212288536131382,0.0002500000118743628
739,0.9933333396911621,0.03332652151584625,0.0002500000118743628
740,0.9933333396911621,0.03716890513896942,0.0002500000118743628
741,1.0,0.020257044583559036,0.0002500000118743628
742,0.996666669845581,0.03298588842153549,0.0002500000118743628
743,1.0,0.020443040877580643,0.0002500000118743628
744,0.9933333396911621,0.033663783222436905,0.0002500000118743628
745,1.0,0.0359257236123085,0.0002500000118743628
746,1.0,0.013426391407847404,0.0002500000118743628
747,0.996666669845581,0.02993304654955864,0.0002500000118743628
748,0.9933333396911621,0.03394196182489395,0.0002500000118743628
749,0.9933333396911621,0.03245295211672783,0.0002500000118743628
750,1.0,0.022171249613165855,0.0002500000118743628
751,1.0,0.02256973646581173,0.0002500000118743628
752,1.0,0.015653351321816444,0.0002500000118743628
753,1.0,0.028124557808041573,0.0002500000118743628
754,0.9866666793823242,0.03559647127985954,0.0002500000118743628
755,0.9900000095367432,0.04394279420375824,0.0002500000118743628
756,1.0,0.023499183356761932,0.0002500000118743628
757,1.0,0.019062664359807968,0.0002500000118743628
758,0.996666669845581,0.033717792481184006,0.0002500000118743628
759,0.9933333396911621,0.03771286457777023,0.0002500000118743628
760,0.9933333396911621,0.03522645682096481,0.0002500000118743628
761,0.9933333396911621,0.03312848508358002,0.0002500000118743628
762,0.9900000095367432,0.03426713868975639,0.0002500000118743628
763,0.9933333396911621,0.04897543042898178,0.0002500000118743628
764,0.996666669845581,0.0412200503051281,0.0002500000118743628
765,1.0,0.026544643566012383,0.0002500000118743628
766,0.9866666793823242,0.05799517780542374,0.0002500000118743628
767,0.996666669845581,0.029576275497674942,0.0002500000118743628
768,0.996666669845581,0.025425655767321587,0.0002500000118743628
769,1.0,0.021977094933390617,0.0002500000118743628
770,1.0,0.023587718605995178,0.0002500000118743628
771,0.9933333396911621,0.03466688096523285,0.0002500000118743628
772,0.996666669845581,0.053040146827697754,0.0002500000118743628
773,0.9933333396911621,0.03377630189061165,0.0002500000118743628
774,0.996666669845581,0.03202922269701958,0.0002500000118743628
775,1.0,0.01935470849275589,0.0002500000118743628
776,0.996666669845581,0.03430453687906265,0.0002500000118743628
777,0.996666669845581,0.025451242923736572,0.0002500000118743628
778,0.9866666793823242,0.04499088227748871,0.0002500000118743628
779,0.9900000095367432,0.039582982659339905,0.0002500000118743628
780,1.0,0.03240757808089256,0.0002500000118743628
781,0.9933333396911621,0.03447746858000755,0.0002500000118743628
782,0.996666669845581,0.03263552486896515,0.0002500000118743628
783,1.0,0.019442152231931686,0.0002500000118743628
784,1.0,0.016434459015727043,0.0002500000118743628
785,1.0,0.01899806410074234,0.0002500000118743628
786,0.9933333396911621,0.03824988752603531,0.0002500000118743628
787,0.996666669845581,0.0257573164999485,0.0002500000118743628
788,1.0,0.019892139360308647,0.0002500000118743628
789,0.996666669845581,0.027525249868631363,0.0002500000118743628
790,1.0,0.02480357140302658,0.0002500000118743628
791,0.996666669845581,0.025346484035253525,0.0002500000118743628
792,0.996666669845581,0.03277864679694176,0.0002500000118743628
793,0.9933333396911621,0.027761755511164665,0.0002500000118743628
794,0.996666669845581,0.02326195314526558,0.0002500000118743628
795,0.996666669845581,0.02050660364329815,0.0002500000118743628
796,0.9766666889190674,0.06242458522319794,0.0002500000118743628
797,0.9933333396911621,0.040866266936063766,0.0001250000059371814
798,0.996666669845581,0.0279531292617321,0.0001250000059371814
799,1.0,0.021228238940238953,0.0001250000059371814
800,1.0,0.018151402473449707,0.0001250000059371814
801,1.0,0.013600735925137997,0.0001250000059371814
802,1.0,0.02156723476946354,0.0001250000059371814
803,0.9900000095367432,0.0325128547847271,0.0001250000059371814
804,1.0,0.02554798126220703,0.0001250000059371814
805,0.996666669845581,0.02269531600177288,0.0001250000059371814
806,0.996666669845581,0.01701970398426056,0.0001250000059371814
807,1.0,0.02423733100295067,0.0001250000059371814
808,1.0,0.021901244297623634,0.0001250000059371814
809,0.9933333396911621,0.038788776844739914,0.0001250000059371814
810,0.996666669845581,0.02186528407037258,0.0001250000059371814
811,0.9933333396911621,0.03560449555516243,0.0001250000059371814
812,0.996666669845581,0.020550649613142014,0.0001250000059371814
813,1.0,0.019596287980675697,0.0001250000059371814
814,0.996666669845581,0.029535681009292603,0.0001250000059371814
815,1.0,0.015623688697814941,0.0001250000059371814
816,1.0,0.010165011510252953,0.0001250000059371814
817,1.0,0.013092776760458946,0.0001250000059371814
818,1.0,0.02547050453722477,0.0001250000059371814
819,0.9900000095367432,0.036665212363004684,0.0001250000059371814
820,0.996666669845581,0.020938612520694733,0.0001250000059371814
821,1.0,0.017562229186296463,0.0001250000059371814
822,1.0,0.015385596081614494,0.0001250000059371814
823,1.0,0.0207917932420969,0.0001250000059371814
824,1.0,0.0211472250521183,0.0001250000059371814
825,1.0,0.014307314530014992,0.0001250000059371814
826,1.0,0.016511309891939163,0.0001250000059371814
827,0.9900000095367432,0.03660345822572708,0.0001250000059371814
828,1.0,0.015897506847977638,0.0001250000059371814
829,1.0,0.014886436052620411,0.0001250000059371814
830,1.0,0.01599365659058094,0.0001250000059371814
831,0.996666669845581,0.024242738261818886,0.0001250000059371814
832,1.0,0.026868194341659546,0.0001250000059371814
833,0.9933333396911621,0.034322794526815414,0.0001250000059371814
834,1.0,0.02158573642373085,0.0001250000059371814
835,1.0,0.017994100227952003,0.0001250000059371814
836,1.0,0.01576230488717556,0.0001250000059371814
837,1.0,0.01314088236540556,0.0001250000059371814
838,1.0,0.015283510088920593,0.0001250000059371814
839,1.0,0.0184048842638731,0.0001250000059371814
840,0.9933333396911621,0.0361289344727993,0.0001250000059371814
841,0.9900000095367432,0.03574507310986519,0.0001250000059371814
842,0.996666669845581,0.019809767603874207,0.0001250000059371814
843,1.0,0.02388792112469673,0.0001250000059371814
844,1.0,0.013450355269014835,0.0001250000059371814
845,0.996666669845581,0.023092741146683693,0.0001250000059371814
846,1.0,0.012921937741339207,0.0001250000059371814
847,0.9800000190734863,0.050316549837589264,0.0001250000059371814
848,1.0,0.01383460033684969,0.0001250000059371814
849,0.996666669845581,0.021278074011206627,0.0001250000059371814
850,1.0,0.017599696293473244,0.0001250000059371814
851,1.0,0.010338177904486656,0.0001250000059371814
852,1.0,0.014035962522029877,0.0001250000059371814
853,0.9800000190734863,0.054819539189338684,0.0001250000059371814
854,1.0,0.018285498023033142,0.0001250000059371814
855,1.0,0.020293783396482468,0.0001250000059371814
856,1.0,0.02086803689599037,0.0001250000059371814
857,0.996666669845581,0.020755784586071968,0.0001250000059371814
858,1.0,0.012929919175803661,0.0001250000059371814
859,0.9833333492279053,0.0399053581058979,0.0001250000059371814
860,0.996666669845581,0.03121577948331833,0.0001250000059371814
861,0.9933333396911621,0.03552830219268799,0.0001250000059371814
862,1.0,0.012666862457990646,0.0001250000059371814
863,1.0,0.012007771991193295,0.0001250000059371814
864,1.0,0.019025227054953575,0.0001250000059371814
865,0.996666669845581,0.02562626823782921,0.0001250000059371814
866,1.0,0.02247781492769718,0.0001250000059371814
867,1.0,0.01185861136764288,9.999999747378752e-05
868,0.996666669845581,0.022783540189266205,9.999999747378752e-05
869,0.996666669845581,0.019322270527482033,9.999999747378752e-05
870,1.0,0.01841944456100464,9.999999747378752e-05
871,0.996666669845581,0.03278693929314613,9.999999747378752e-05
872,1.0,0.017426753416657448,9.999999747378752e-05
873,0.996666669845581,0.029218778014183044,9.999999747378752e-05
874,1.0,0.02165294624865055,9.999999747378752e-05
875,1.0,0.02562612295150757,9.999999747378752e-05
876,1.0,0.014565955847501755,9.999999747378752e-05
877,0.9900000095367432,0.043879132717847824,9.999999747378752e-05
878,1.0,0.024842647835612297,9.999999747378752e-05
879,0.996666669845581,0.021587278693914413,9.999999747378752e-05
880,1.0,0.01614237390458584,9.999999747378752e-05
881,0.996666669845581,0.02361230179667473,9.999999747378752e-05
882,0.9933333396911621,0.02499317191541195,9.999999747378752e-05
883,1.0,0.01781005598604679,9.999999747378752e-05
884,1.0,0.014340872876346111,9.999999747378752e-05
885,1.0,0.012653895653784275,9.999999747378752e-05
886,1.0,0.013528859242796898,9.999999747378752e-05
887,0.9933333396911621,0.026230931282043457,9.999999747378752e-05
888,0.996666669845581,0.019163262099027634,9.999999747378752e-05
889,0.996666669845581,0.027226120233535767,9.999999747378752e-05
890,1.0,0.028832562267780304,9.999999747378752e-05
891,1.0,0.01930929720401764,9.999999747378752e-05
892,1.0,0.013557144440710545,9.999999747378752e-05
893,1.0,0.014417112804949284,9.999999747378752e-05
894,0.996666669845581,0.025528717786073685,9.999999747378752e-05
895,0.996666669845581,0.024357309564948082,9.999999747378752e-05
896,1.0,0.020005639642477036,9.999999747378752e-05
897,1.0,0.017551351338624954,9.999999747378752e-05
898,1.0,0.013409258797764778,9.999999747378752e-05
899,1.0,0.01442581694573164,9.999999747378752e-05
900,1.0,0.018164467066526413,9.999999747378752e-05
901,1.0,0.022378241643309593,9.999999747378752e-05
902,0.9933333396911621,0.021038897335529327,9.999999747378752e-05
903,0.996666669845581,0.027367115020751953,9.999999747378752e-05
904,1.0,0.01161853689700365,9.999999747378752e-05
905,0.9900000095367432,0.026370076462626457,9.999999747378752e-05
906,1.0,0.017986519262194633,9.999999747378752e-05
907,1.0,0.01580348238348961,9.999999747378752e-05
908,0.996666669845581,0.025595417246222496,9.999999747378752e-05
909,1.0,0.014388796873390675,9.999999747378752e-05
910,0.996666669845581,0.022717470303177834,9.999999747378752e-05
911,1.0,0.015692628920078278,9.999999747378752e-05
912,1.0,0.020719952881336212,9.999999747378752e-05
913,0.9933333396911621,0.017838945612311363,9.999999747378752e-05
914,1.0,0.01939358189702034,9.999999747378752e-05
915,0.996666669845581,0.020058775320649147,9.999999747378752e-05
916,1.0,0.019691981375217438,9.999999747378752e-05
917,1.0,0.021786846220493317,9.999999747378752e-05
918,1.0,0.009123279713094234,9.999999747378752e-05
919,1.0,0.01779850944876671,9.999999747378752e-05
920,0.996666669845581,0.022234905511140823,9.999999747378752e-05
921,1.0,0.014655842445790768,9.999999747378752e-05
922,0.996666669845581,0.019052261486649513,9.999999747378752e-05
923,1.0,0.015861360356211662,9.999999747378752e-05
924,0.9933333396911621,0.01654713787138462,9.999999747378752e-05
925,0.9933333396911621,0.026651233434677124,9.999999747378752e-05
926,1.0,0.012088186107575893,9.999999747378752e-05
927,1.0,0.014133860357105732,9.999999747378752e-05
928,1.0,0.016876574605703354,9.999999747378752e-05
929,0.996666669845581,0.035433080047369,9.999999747378752e-05
930,1.0,0.015713561326265335,9.999999747378752e-05
931,1.0,0.015771115198731422,9.999999747378752e-05
932,0.9933333396911621,0.03427427262067795,9.999999747378752e-05
933,0.996666669845581,0.03633718192577362,9.999999747378752e-05
934,0.996666669845581,0.024778136983513832,9.999999747378752e-05
935,0.996666669845581,0.029597358778119087,9.999999747378752e-05
936,1.0,0.016152776777744293,9.999999747378752e-05
937,1.0,0.01582055166363716,9.999999747378752e-05
938,1.0,0.010352456010878086,9.999999747378752e-05
939,1.0,0.016665859147906303,9.999999747378752e-05
940,1.0,0.020956486463546753,9.999999747378752e-05
941,1.0,0.0164425540715456,9.999999747378752e-05
942,0.9933333396911621,0.028904829174280167,9.999999747378752e-05
943,0.996666669845581,0.022183576598763466,9.999999747378752e-05
944,0.996666669845581,0.024239560589194298,9.999999747378752e-05
945,1.0,0.015904733911156654,9.999999747378752e-05
946,0.996666669845581,0.014783535152673721,9.999999747378752e-05
947,1.0,0.010855991393327713,9.999999747378752e-05
948,1.0,0.015145285986363888,9.999999747378752e-05
949,0.996666669845581,0.020741792395710945,9.999999747378752e-05
950,0.996666669845581,0.016047919169068336,9.999999747378752e-05
951,1.0,0.020938491448760033,9.999999747378752e-05
952,0.9833333492279053,0.05443144962191582,9.999999747378752e-05
953,1.0,0.027441030368208885,9.999999747378752e-05
954,1.0,0.028172658756375313,9.999999747378752e-05
955,1.0,0.016266310587525368,9.999999747378752e-05
956,0.996666669845581,0.024913998320698738,9.999999747378752e-05
957,1.0,0.012952317483723164,9.999999747378752e-05
958,1.0,0.011099915020167828,9.999999747378752e-05
959,1.0,0.02024265192449093,9.999999747378752e-05
960,1.0,0.013841436244547367,9.999999747378752e-05
961,1.0,0.01628543622791767,9.999999747378752e-05
962,1.0,0.016552194952964783,9.999999747378752e-05
963,1.0,0.0153362350538373,9.999999747378752e-05
964,0.996666669845581,0.030785541981458664,9.999999747378752e-05
965,1.0,0.013109483756124973,9.999999747378752e-05
966,1.0,0.010033923201262951,9.999999747378752e-05
967,1.0,0.009471639059484005,9.999999747378752e-05
968,1.0,0.017578911036252975,9.999999747378752e-05
969,1.0,0.021278342232108116,9.999999747378752e-05
970,0.996666669845581,0.019256573170423508,9.999999747378752e-05
971,1.0,0.018007932230830193,9.999999747378752e-05
972,1.0,0.015109991654753685,9.999999747378752e-05
973,1.0,0.02422960288822651,9.999999747378752e-05
974,0.996666669845581,0.020005203783512115,9.999999747378752e-05
975,1.0,0.01963459514081478,9.999999747378752e-05
976,1.0,0.011775996536016464,9.999999747378752e-05
977,0.996666669845581,0.018738878890872,9.999999747378752e-05
978,1.0,0.007176755461841822,9.999999747378752e-05
979,0.996666669845581,0.018600119277834892,9.999999747378752e-05
980,1.0,0.01897364668548107,9.999999747378752e-05
981,0.9900000095367432,0.028624121099710464,9.999999747378752e-05
982,1.0,0.012936935760080814,9.999999747378752e-05
983,0.996666669845581,0.020306484773755074,9.999999747378752e-05
984,1.0,0.014846517704427242,9.999999747378752e-05
985,1.0,0.01250125840306282,9.999999747378752e-05
986,1.0,0.014704382047057152,9.999999747378752e-05
987,1.0,0.013605362735688686,9.999999747378752e-05
988,1.0,0.018054915592074394,9.999999747378752e-05
989,0.996666669845581,0.024016868323087692,9.999999747378752e-05
990,1.0,0.015331454575061798,9.999999747378752e-05
991,0.996666669845581,0.02863377518951893,9.999999747378752e-05
992,1.0,0.018213972449302673,9.999999747378752e-05
993,1.0,0.007965777069330215,9.999999747378752e-05
994,1.0,0.012832766398787498,9.999999747378752e-05
995,0.996666669845581,0.03353515639901161,9.999999747378752e-05
996,1.0,0.012156523764133453,9.999999747378752e-05
997,0.996666669845581,0.015813790261745453,9.999999747378752e-05
998,1.0,0.01503992360085249,9.999999747378752e-05
999,1.0,0.008799560368061066,9.999999747378752e-05
1000,1.0,0.013853090815246105,9.999999747378752e-05
1001,0.996666669845581,0.02191806398332119,9.999999747378752e-05
1002,1.0,0.010763044469058514,9.999999747378752e-05
1003,1.0,0.01595851592719555,9.999999747378752e-05
1004,1.0,0.013275968842208385,9.999999747378752e-05
1005,1.0,0.011991700157523155,9.999999747378752e-05
1006,1.0,0.012161708436906338,9.999999747378752e-05
1007,1.0,0.011697555892169476,9.999999747378752e-05
1008,1.0,0.011264152824878693,9.999999747378752e-05
1009,1.0,0.01346916239708662,9.999999747378752e-05
1010,1.0,0.013457560911774635,9.999999747378752e-05
1011,1.0,0.014462604187428951,9.999999747378752e-05
1012,1.0,0.012512006796896458,9.999999747378752e-05
1013,1.0,0.01606171391904354,9.999999747378752e-05
1014,0.9900000095367432,0.029069414362311363,9.999999747378752e-05
1015,0.9900000095367432,0.0335434265434742,9.999999747378752e-05
1016,0.9933333396911621,0.02363477647304535,9.999999747378752e-05
1017,1.0,0.01937277242541313,9.999999747378752e-05
1018,1.0,0.016006246209144592,9.999999747378752e-05
1019,0.996666669845581,0.01785465143620968,9.999999747378752e-05
1020,0.9900000095367432,0.030313163995742798,9.999999747378752e-05
1021,1.0,0.01723312772810459,9.999999747378752e-05
1022,0.9933333396911621,0.03013765998184681,9.999999747378752e-05
1023,1.0,0.015120405703783035,9.999999747378752e-05
1024,0.996666669845581,0.02846631035208702,9.999999747378752e-05
1025,1.0,0.017454033717513084,9.999999747378752e-05
1026,0.9933333396911621,0.0309172160923481,9.999999747378752e-05
1027,1.0,0.012947702780365944,9.999999747378752e-05
1028,1.0,0.013124914839863777,9.999999747378752e-05
1029,1.0,0.010830508545041084,9.999999747378752e-05
1030,0.996666669845581,0.02466939389705658,9.999999747378752e-05
1031,1.0,0.016268746927380562,9.999999747378752e-05
1032,0.996666669845581,0.017985206097364426,9.999999747378752e-05
1033,1.0,0.011761787347495556,9.999999747378752e-05
1034,0.996666669845581,0.021818773820996284,9.999999747378752e-05
1035,0.9900000095367432,0.02931629866361618,9.999999747378752e-05
1036,0.996666669845581,0.02943367324769497,9.999999747378752e-05
1037,0.996666669845581,0.023314757272601128,9.999999747378752e-05
1038,1.0,0.018084729090332985,9.999999747378752e-05
1039,1.0,0.011245920322835445,9.999999747378752e-05
1040,0.996666669845581,0.0237375870347023,9.999999747378752e-05
1041,0.9933333396911621,0.02796735055744648,9.999999747378752e-05
1042,1.0,0.015336621552705765,9.999999747378752e-05
1043,1.0,0.02012721821665764,9.999999747378752e-05
1044,0.996666669845581,0.01778368465602398,9.999999747378752e-05
1045,0.996666669845581,0.019217854365706444,9.999999747378752e-05
1046,1.0,0.015700172632932663,9.999999747378752e-05
1047,1.0,0.015612403862178326,9.999999747378752e-05
1048,1.0,0.015797188505530357,9.999999747378752e-05
1049,1.0,0.010042005218565464,9.999999747378752e-05
1050,1.0,0.008429178968071938,9.999999747378752e-05
1051,1.0,0.01685163378715515,9.999999747378752e-05
1052,1.0,0.011225666850805283,9.999999747378752e-05
1053,1.0,0.014631250873208046,9.999999747378752e-05
1054,1.0,0.013954836875200272,9.999999747378752e-05
1055,1.0,0.015393275767564774,9.999999747378752e-05
1056,1.0,0.01655891351401806,9.999999747378752e-05
1057,0.996666669845581,0.03093700110912323,9.999999747378752e-05
1058,1.0,0.00934942439198494,9.999999747378752e-05
1059,1.0,0.0097189387306571,9.999999747378752e-05
1060,0.996666669845581,0.027775900438427925,9.999999747378752e-05
1061,1.0,0.014445275068283081,9.999999747378752e-05
1062,1.0,0.011160590685904026,9.999999747378752e-05
1063,1.0,0.012717317789793015,9.999999747378752e-05
1064,1.0,0.01732841692864895,9.999999747378752e-05
1065,1.0,0.00817852932959795,9.999999747378752e-05
1066,1.0,0.014264904893934727,9.999999747378752e-05
1067,1.0,0.013957004994153976,9.999999747378752e-05
1068,1.0,0.013270976953208447,9.999999747378752e-05
1069,1.0,0.01586940325796604,9.999999747378752e-05
1070,1.0,0.009908734820783138,9.999999747378752e-05
1071,1.0,0.008423319086432457,9.999999747378752e-05
1072,1.0,0.010529854334890842,9.999999747378752e-05
1073,1.0,0.010849793441593647,9.999999747378752e-05
1074,0.996666669845581,0.019971676170825958,9.999999747378752e-05
1075,1.0,0.011508142575621605,9.999999747378752e-05
1076,1.0,0.0137171046808362,9.999999747378752e-05
1077,1.0,0.016797799617052078,9.999999747378752e-05
1078,1.0,0.02290898747742176,9.999999747378752e-05
1079,1.0,0.010330903343856335,9.999999747378752e-05
1080,0.996666669845581,0.026538224890828133,9.999999747378752e-05
1081,1.0,0.01813509315252304,9.999999747378752e-05
1082,1.0,0.014246965758502483,9.999999747378752e-05
1083,1.0,0.010891139507293701,9.999999747378752e-05
1084,1.0,0.00924935657531023,9.999999747378752e-05
1085,1.0,0.009076911024749279,9.999999747378752e-05
1086,1.0,0.009030003100633621,9.999999747378752e-05
1087,0.9933333396911621,0.023268895223736763,9.999999747378752e-05
1088,0.9866666793823242,0.04601921886205673,9.999999747378752e-05
1089,0.9800000190734863,0.07056184113025665,9.999999747378752e-05
1090,1.0,0.027966517955064774,9.999999747378752e-05
1091,1.0,0.011332106776535511,9.999999747378752e-05
1092,0.996666669845581,0.022357504814863205,9.999999747378752e-05
1093,1.0,0.013282371684908867,9.999999747378752e-05
1094,1.0,0.012416327372193336,9.999999747378752e-05
1095,1.0,0.007358120288699865,9.999999747378752e-05
1096,0.996666669845581,0.030890891328454018,9.999999747378752e-05
1097,1.0,0.019856447353959084,9.999999747378752e-05
1098,1.0,0.012375563383102417,9.999999747378752e-05
1099,0.9933333396911621,0.02560325898230076,9.999999747378752e-05
1100,1.0,0.018030058592557907,9.999999747378752e-05
1101,1.0,0.012694522738456726,9.999999747378752e-05
1102,0.996666669845581,0.02361021749675274,9.999999747378752e-05
1103,0.996666669845581,0.015350384637713432,9.999999747378752e-05
1104,0.996666669845581,0.014146332629024982,9.999999747378752e-05
1105,1.0,0.009530424140393734,9.999999747378752e-05
1106,1.0,0.0068906499072909355,9.999999747378752e-05
1107,1.0,0.01457767654210329,9.999999747378752e-05
1108,0.996666669845581,0.018352247774600983,9.999999747378752e-05
1109,1.0,0.014713728800415993,9.999999747378752e-05
1110,1.0,0.011054061353206635,9.999999747378752e-05
1111,0.9933333396911621,0.025077903643250465,9.999999747378752e-05
1112,1.0,0.011709929443895817,9.999999747378752e-05
1113,1.0,0.012838225811719894,9.999999747378752e-05
1114,0.996666669845581,0.011284722946584225,9.999999747378752e-05
1115,1.0,0.01162889413535595,9.999999747378752e-05
1116,1.0,0.01562313362956047,9.999999747378752e-05
1117,1.0,0.009852170944213867,9.999999747378752e-05
1118,1.0,0.013455971144139767,9.999999747378752e-05
1119,1.0,0.01774650812149048,9.999999747378752e-05
1120,0.996666669845581,0.01763683743774891,9.999999747378752e-05
1121,1.0,0.014448797330260277,9.999999747378752e-05
1122,1.0,0.02112131007015705,9.999999747378752e-05
1123,1.0,0.008812795393168926,9.999999747378752e-05
1124,1.0,0.012766634114086628,9.999999747378752e-05
1125,0.9933333396911621,0.027839304879307747,9.999999747378752e-05
1126,1.0,0.008556242100894451,9.999999747378752e-05
1127,1.0,0.012316175736486912,9.999999747378752e-05
1128,0.9900000095367432,0.025175990536808968,9.999999747378752e-05
1129,0.996666669845581,0.023984570056200027,9.999999747378752e-05
1130,0.996666669845581,0.017564965412020683,9.999999747378752e-05
1131,0.996666669845581,0.01716347597539425,9.999999747378752e-05
1132,1.0,0.00953330472111702,9.999999747378752e-05
1133,0.996666669845581,0.01435183547437191,9.999999747378752e-05
1134,0.996666669845581,0.017339792102575302,9.999999747378752e-05
1135,0.996666669845581,0.013068514876067638,9.999999747378752e-05
1136,1.0,0.01839100942015648,9.999999747378752e-05
1137,0.996666669845581,0.012378265149891376,9.999999747378752e-05
1138,0.9800000190734863,0.0543881356716156,9.999999747378752e-05
1139,0.996666669845581,0.02164919301867485,9.999999747378752e-05
1140,1.0,0.012691535986959934,9.999999747378752e-05
1141,1.0,0.01267931703478098,9.999999747378752e-05
1142,0.996666669845581,0.026246681809425354,9.999999747378752e-05
1143,0.996666669845581,0.024275673553347588,9.999999747378752e-05
1144,0.996666669845581,0.02783432975411415,9.999999747378752e-05
1145,1.0,0.016924671828746796,9.999999747378752e-05
1146,0.996666669845581,0.01826351508498192,9.999999747378752e-05
1147,0.996666669845581,0.01745692640542984,9.999999747378752e-05
1148,1.0,0.013410450890660286,9.999999747378752e-05
1149,1.0,0.009975654073059559,9.999999747378752e-05
1150,1.0,0.01763741485774517,9.999999747378752e-05
1151,0.9900000095367432,0.031074995175004005,9.999999747378752e-05
1152,1.0,0.011529682204127312,9.999999747378752e-05
1153,0.996666669845581,0.019887076690793037,9.999999747378752e-05
1154,1.0,0.012336061336100101,9.999999747378752e-05
1155,1.0,0.014577501453459263,9.999999747378752e-05
1156,1.0,0.009412250481545925,9.999999747378752e-05
1157,1.0,0.011592215858399868,9.999999747378752e-05
1158,1.0,0.012972011230885983,9.999999747378752e-05
1159,0.996666669845581,0.015445011667907238,9.999999747378752e-05
1160,1.0,0.015169407241046429,9.999999747378752e-05
1161,0.9900000095367432,0.030241966247558594,9.999999747378752e-05
1162,0.9933333396911621,0.031627949327230453,9.999999747378752e-05
1163,0.9933333396911621,0.030768880620598793,9.999999747378752e-05
1164,0.996666669845581,0.01713752932846546,9.999999747378752e-05
1165,1.0,0.010749779641628265,9.999999747378752e-05
1166,1.0,0.014343958348035812,9.999999747378752e-05
1167,1.0,0.013202155008912086,9.999999747378752e-05
1168,1.0,0.015002752654254436,9.999999747378752e-05
1169,1.0,0.010424564592540264,9.999999747378752e-05
1170,1.0,0.016672344878315926,9.999999747378752e-05
1171,1.0,0.017074473202228546,9.999999747378752e-05
1172,0.996666669845581,0.01587584614753723,9.999999747378752e-05
1173,1.0,0.01084213238209486,9.999999747378752e-05
1174,1.0,0.01079045794904232,9.999999747378752e-05
1175,1.0,0.009476304985582829,9.999999747378752e-05
1176,1.0,0.007947436533868313,9.999999747378752e-05
1177,0.996666669845581,0.022587217390537262,9.999999747378752e-05
1178,1.0,0.01334207970649004,9.999999747378752e-05
1179,0.996666669845581,0.020378245040774345,9.999999747378752e-05
1180,0.9866666793823242,0.023566802963614464,9.999999747378752e-05
1181,0.9766666889190674,0.0712755098938942,9.999999747378752e-05
1182,0.996666669845581,0.019700132310390472,9.999999747378752e-05
1183,1.0,0.015637800097465515,9.999999747378752e-05
1184,1.0,0.013221272267401218,9.999999747378752e-05
1185,1.0,0.013265184126794338,9.999999747378752e-05
1186,1.0,0.013648935593664646,9.999999747378752e-05
1187,1.0,0.014437147416174412,9.999999747378752e-05
1188,1.0,0.009642918594181538,9.999999747378752e-05
1189,1.0,0.007573464885354042,9.999999747378752e-05
1190,1.0,0.010812373831868172,9.999999747378752e-05
1191,1.0,0.01344465371221304,9.999999747378752e-05
1192,1.0,0.021151870489120483,9.999999747378752e-05
1193,0.9933333396911621,0.02818552404642105,9.999999747378752e-05
1194,0.996666669845581,0.019289422780275345,9.999999747378752e-05
1195,0.996666669845581,0.02582259103655815,9.999999747378752e-05
1196,0.996666669845581,0.02063143253326416,9.999999747378752e-05
1197,1.0,0.010126881301403046,9.999999747378752e-05
1198,0.996666669845581,0.018171489238739014,9.999999747378752e-05
1199,1.0,0.01002402976155281,9.999999747378752e-05
1200,1.0,0.015867864713072777,9.999999747378752e-05
1201,1.0,0.013523684814572334,9.999999747378752e-05
1202,1.0,0.01195403654128313,9.999999747378752e-05
1203,1.0,0.00789035763591528,9.999999747378752e-05
1204,1.0,0.011026769876480103,9.999999747378752e-05
1205,1.0,0.011044764891266823,9.999999747378752e-05
1206,1.0,0.010578548535704613,9.999999747378752e-05
1207,1.0,0.008180019445717335,9.999999747378752e-05
1208,1.0,0.014222070574760437,9.999999747378752e-05
1209,1.0,0.009019220247864723,9.999999747378752e-05
1210,0.996666669845581,0.021209361031651497,9.999999747378752e-05
1211,0.996666669845581,0.012720550410449505,9.999999747378752e-05
1212,1.0,0.015762588009238243,9.999999747378752e-05
1213,1.0,0.010168474167585373,9.999999747378752e-05
1214,1.0,0.011611915193498135,9.999999747378752e-05
1215,1.0,0.009012161754071712,9.999999747378752e-05
1216,1.0,0.007565926760435104,9.999999747378752e-05
1217,1.0,0.008320932276546955,9.999999747378752e-05
1218,1.0,0.01187457051128149,9.999999747378752e-05
1219,1.0,0.011061102151870728,9.999999747378752e-05
1220,1.0,0.021475695073604584,9.999999747378752e-05
1221,1.0,0.023816872388124466,9.999999747378752e-05
1222,1.0,0.009291596710681915,9.999999747378752e-05
1223,1.0,0.011901425197720528,9.999999747378752e-05
1224,0.9833333492279053,0.03511960431933403,9.999999747378752e-05
1225,0.9700000286102295,0.06570298224687576,9.999999747378752e-05
1226,0.9866666793823242,0.04177505522966385,9.999999747378752e-05
1227,0.9900000095367432,0.027394212782382965,9.999999747378752e-05
1228,1.0,0.017394155263900757,9.999999747378752e-05
1229,1.0,0.0071034859865903854,9.999999747378752e-05
1230,0.9933333396911621,0.036056458950042725,9.999999747378752e-05
1231,1.0,0.013226896524429321,9.999999747378752e-05
1232,1.0,0.008382046595215797,9.999999747378752e-05
1233,1.0,0.012612354010343552,9.999999747378752e-05
1234,1.0,0.006260212045162916,9.999999747378752e-05
1235,1.0,0.015083025209605694,9.999999747378752e-05
1236,1.0,0.01171072293072939,9.999999747378752e-05
1237,1.0,0.007388149853795767,9.999999747378752e-05
1238,1.0,0.0119545953348279,9.999999747378752e-05
1239,1.0,0.01576729491353035,9.999999747378752e-05
1240,1.0,0.011093726381659508,9.999999747378752e-05
1241,1.0,0.006883890833705664,9.999999747378752e-05
1242,1.0,0.01137998141348362,9.999999747378752e-05
1243,1.0,0.009436728432774544,9.999999747378752e-05
1244,0.9933333396911621,0.02719997428357601,9.999999747378752e-05
1245,0.996666669845581,0.02100897952914238,9.999999747378752e-05
1246,1.0,0.0210195891559124,9.999999747378752e-05
1247,1.0,0.015183527953922749,9.999999747378752e-05
1248,1.0,0.00764869712293148,9.999999747378752e-05
1249,1.0,0.014013856649398804,9.999999747378752e-05
1250,0.996666669845581,0.019505595788359642,9.999999747378752e-05
1251,0.9933333396911621,0.02541133016347885,9.999999747378752e-05
1252,1.0,0.01041985023766756,9.999999747378752e-05
1253,1.0,0.009423917159438133,9.999999747378752e-05
1254,1.0,0.009491887874901295,9.999999747378752e-05
1255,0.996666669845581,0.019952796399593353,9.999999747378752e-05
1256,1.0,0.005416929721832275,9.999999747378752e-05
1257,1.0,0.0100649893283844,9.999999747378752e-05
1258,0.996666669845581,0.01646321453154087,9.999999747378752e-05
1259,0.9933333396911621,0.023395350202918053,9.999999747378752e-05
1260,0.9933333396911621,0.02635895647108555,9.999999747378752e-05
1261,1.0,0.01489602867513895,9.999999747378752e-05
1262,1.0,0.009133348241448402,9.999999747378752e-05
1263,1.0,0.010979308746755123,9.999999747378752e-05
1264,1.0,0.01244279183447361,9.999999747378752e-05
1265,1.0,0.012602480128407478,9.999999747378752e-05
1266,1.0,0.008929959498345852,9.999999747378752e-05
1267,1.0,0.008645898662507534,9.999999747378752e-05
1268,1.0,0.009271157905459404,9.999999747378752e-05
1269,1.0,0.014135832898318768,9.999999747378752e-05
1270,0.996666669845581,0.015483705326914787,9.999999747378752e-05
1271,0.996666669845581,0.016821442171931267,9.999999747378752e-05
1272,1.0,0.017456620931625366,9.999999747378752e-05
1273,1.0,0.008013186044991016,9.999999747378752e-05
1274,1.0,0.007803203072398901,9.999999747378752e-05
1275,1.0,0.010989602655172348,9.999999747378752e-05
1276,1.0,0.010123731568455696,9.999999747378752e-05
1277,1.0,0.013700602576136589,9.999999747378752e-05
1278,0.996666669845581,0.015415576286613941,9.999999747378752e-05
1279,0.996666669845581,0.016735397279262543,9.999999747378752e-05
1280,1.0,0.015575568191707134,9.999999747378752e-05
1281,1.0,0.0075419084168970585,9.999999747378752e-05
1282,1.0,0.012450490146875381,9.999999747378752e-05
1283,1.0,0.01196317933499813,9.999999747378752e-05
1284,1.0,0.006638356018811464,9.999999747378752e-05
1285,0.9866666793823242,0.03511495888233185,9.999999747378752e-05
1286,0.996666669845581,0.023798005655407906,9.999999747378752e-05
1287,1.0,0.010355777107179165,9.999999747378752e-05
1288,1.0,0.00998800341039896,9.999999747378752e-05
1289,1.0,0.006629855837672949,9.999999747378752e-05
1290,0.996666669845581,0.012537500821053982,9.999999747378752e-05
1291,0.9933333396911621,0.022621577605605125,9.999999747378752e-05
1292,0.9933333396911621,0.019016526639461517,9.999999747378752e-05
1293,1.0,0.012025577016174793,9.999999747378752e-05
1294,1.0,0.010702063329517841,9.999999747378752e-05
1295,1.0,0.01591682620346546,9.999999747378752e-05
1296,0.996666669845581,0.019806042313575745,9.999999747378752e-05
1297,1.0,0.012186432257294655,9.999999747378752e-05
1298,1.0,0.015540266409516335,9.999999747378752e-05
1299,1.0,0.007553073577582836,9.999999747378752e-05
1300,1.0,0.007011165842413902,9.999999747378752e-05
1301,0.996666669845581,0.011597624979913235,9.999999747378752e-05
1302,1.0,0.012583807110786438,9.999999747378752e-05
1303,1.0,0.007180690765380859,9.999999747378752e-05
1304,1.0,0.007477997336536646,9.999999747378752e-05
1305,1.0,0.011013074778020382,9.999999747378752e-05
1306,1.0,0.006491303443908691,9.999999747378752e-05
1307,1.0,0.007357969880104065,9.999999747378752e-05
1308,0.9933333396911621,0.035353001207113266,9.999999747378752e-05
1309,0.9866666793823242,0.03786631301045418,9.999999747378752e-05
1310,0.9866666793823242,0.040636684745550156,9.999999747378752e-05
1311,1.0,0.01909525878727436,9.999999747378752e-05
1312,0.9900000095367432,0.035339441150426865,9.999999747378752e-05
1313,0.996666669845581,0.024579007178544998,9.999999747378752e-05
1314,1.0,0.012075698003172874,9.999999747378752e-05
1315,0.996666669845581,0.01935110054910183,9.999999747378752e-05
1316,1.0,0.015048978850245476,9.999999747378752e-05
1317,1.0,0.010091428644955158,9.999999747378752e-05
1318,0.996666669845581,0.017684735357761383,9.999999747378752e-05
1319,0.996666669845581,0.01685498096048832,9.999999747378752e-05
1320,1.0,0.015367274172604084,9.999999747378752e-05
1321,1.0,0.008370358496904373,9.999999747378752e-05
1322,1.0,0.015356097370386124,9.999999747378752e-05
1323,0.9933333396911621,0.01749524660408497,9.999999747378752e-05
1324,0.9900000095367432,0.0269888024777174,9.999999747378752e-05
1325,1.0,0.009375466965138912,9.999999747378752e-05
1326,1.0,0.009139399975538254,9.999999747378752e-05
1327,1.0,0.01694648154079914,9.999999747378752e-05
1328,0.9900000095367432,0.028845176100730896,9.999999747378752e-05
1329,0.996666669845581,0.018367571756243706,9.999999747378752e-05
1330,0.996666669845581,0.01836886815726757,9.999999747378752e-05
1331,1.0,0.02109662815928459,9.999999747378752e-05
1332,0.9933333396911621,0.0330171175301075,9.999999747378752e-05
1333,1.0,0.007743730675429106,9.999999747378752e-05
1334,1.0,0.006307514850050211,9.999999747378752e-05
1335,1.0,0.013246904127299786,9.999999747378752e-05
1336,1.0,0.010624861344695091,9.999999747378752e-05
1337,1.0,0.005594661924988031,9.999999747378752e-05
1338,1.0,0.010538551025092602,9.999999747378752e-05
1339,0.9933333396911621,0.023694610223174095,9.999999747378752e-05
1340,1.0,0.0100242393091321,9.999999747378752e-05
1341,1.0,0.013326688669621944,9.999999747378752e-05
1342,1.0,0.008370349183678627,9.999999747378752e-05
1343,1.0,0.0061157625168561935,9.999999747378752e-05
1344,1.0,0.009156652726233006,9.999999747378752e-05
1345,1.0,0.012257845140993595,9.999999747378752e-05
1346,1.0,0.014593178406357765,9.999999747378752e-05
1347,1.0,0.00976836122572422,9.999999747378752e-05
1348,1.0,0.005974732339382172,9.999999747378752e-05
1349,0.9933333396911621,0.03414112702012062,9.999999747378752e-05
1350,0.996666669845581,0.013261574320495129,9.999999747378752e-05
1351,1.0,0.011020074598491192,9.999999747378752e-05
1352,1.0,0.008247019723057747,9.999999747378752e-05
1353,1.0,0.009519994258880615,9.999999747378752e-05
1354,1.0,0.0108681321144104,9.999999747378752e-05
1355,1.0,0.012890146113932133,9.999999747378752e-05
1356,1.0,0.010624611750245094,9.999999747378752e-05
1357,1.0,0.008366881869733334,9.999999747378752e-05
1358,1.0,0.011863002553582191,9.999999747378752e-05
1359,1.0,0.007386081852018833,9.999999747378752e-05
1360,1.0,0.007261048071086407,9.999999747378752e-05
1361,0.996666669845581,0.014607377350330353,9.999999747378752e-05
1362,0.9900000095367432,0.024073803797364235,9.999999747378752e-05
1363,0.9933333396911621,0.02194840833544731,9.999999747378752e-05
1364,0.996666669845581,0.02500188909471035,9.999999747378752e-05
1365,0.996666669845581,0.017748208716511726,9.999999747378752e-05
1366,0.996666669845581,0.020462453365325928,9.999999747378752e-05
1367,1.0,0.007638558745384216,9.999999747378752e-05
1368,1.0,0.01008960697799921,9.999999747378752e-05
1369,1.0,0.02068229578435421,9.999999747378752e-05
1370,0.996666669845581,0.012601935304701328,9.999999747378752e-05
1371,1.0,0.01822439394891262,9.999999747378752e-05
1372,1.0,0.017129188403487206,9.999999747378752e-05
1373,0.996666669845581,0.020229488611221313,9.999999747378752e-05
1374,1.0,0.015028049238026142,9.999999747378752e-05
1375,1.0,0.0068784370087087154,9.999999747378752e-05
1376,1.0,0.013284740969538689,9.999999747378752e-05
1377,1.0,0.008109968155622482,9.999999747378752e-05
1378,1.0,0.013547081500291824,9.999999747378752e-05
1379,1.0,0.015449355356395245,9.999999747378752e-05
1380,1.0,0.012396915815770626,9.999999747378752e-05
1381,1.0,0.009047024883329868,9.999999747378752e-05
1382,1.0,0.007655113469809294,9.999999747378752e-05
1383,1.0,0.00939476490020752,9.999999747378752e-05
1384,0.9933333396911621,0.02794959396123886,9.999999747378752e-05
1385,1.0,0.008173570968210697,9.999999747378752e-05
1386,1.0,0.009245708584785461,9.999999747378752e-05
1387,0.9933333396911621,0.030585311353206635,9.999999747378752e-05
1388,1.0,0.014449119567871094,9.999999747378752e-05
1389,0.996666669845581,0.027645021677017212,9.999999747378752e-05
1390,0.996666669845581,0.019572095945477486,9.999999747378752e-05
1391,1.0,0.009078191593289375,9.999999747378752e-05
1392,1.0,0.010161114856600761,9.999999747378752e-05
1393,1.0,0.00892685353755951,9.999999747378752e-05
1394,1.0,0.009039737284183502,9.999999747378752e-05
1395,1.0,0.008101282641291618,9.999999747378752e-05
1396,1.0,0.009014186449348927,9.999999747378752e-05
1397,1.0,0.009688232094049454,9.999999747378752e-05
1398,1.0,0.013613107614219189,9.999999747378752e-05
1399,1.0,0.01125324983149767,9.999999747378752e-05
1400,1.0,0.013931579887866974,9.999999747378752e-05
1401,1.0,0.008324313908815384,9.999999747378752e-05
1402,0.9933333396911621,0.0254049114882946,9.999999747378752e-05
1403,1.0,0.009379221126437187,9.999999747378752e-05
1404,1.0,0.0073449756018817425,9.999999747378752e-05
1405,1.0,0.010714647360146046,9.999999747378752e-05
1406,1.0,0.007128134369850159,9.999999747378752e-05
1407,1.0,0.00759001262485981,9.999999747378752e-05
1408,0.996666669845581,0.013110732659697533,9.999999747378752e-05
1409,0.9833333492279053,0.07233487814664841,9.999999747378752e-05
1410,1.0,0.015113169327378273,9.999999747378752e-05
1411,1.0,0.011872987262904644,9.999999747378752e-05
1412,1.0,0.015377206727862358,9.999999747378752e-05
1413,1.0,0.007086695171892643,9.999999747378752e-05
1414,1.0,0.013279558159410954,9.999999747378752e-05
1415,1.0,0.004975189454853535,9.999999747378752e-05
1416,1.0,0.007769835647195578,9.999999747378752e-05
1417,1.0,0.008231357671320438,9.999999747378752e-05
1418,1.0,0.006331721320748329,9.999999747378752e-05
1419,1.0,0.005447844043374062,9.999999747378752e-05
1420,0.996666669845581,0.02195538766682148,9.999999747378752e-05
1421,1.0,0.006704971194267273,9.999999747378752e-05
1422,1.0,0.01150963082909584,9.999999747378752e-05
1423,1.0,0.0048369974829256535,9.999999747378752e-05
1424,1.0,0.008802030235528946,9.999999747378752e-05
1425,0.9933333396911621,0.01876446045935154,9.999999747378752e-05
1426,0.996666669845581,0.015625881031155586,9.999999747378752e-05
1427,1.0,0.011147262528538704,9.999999747378752e-05
1428,1.0,0.006858125329017639,9.999999747378752e-05
1429,1.0,0.0061356546357274055,9.999999747378752e-05
1430,1.0,0.008280943147838116,9.999999747378752e-05
1431,1.0,0.008737490512430668,9.999999747378752e-05
1432,1.0,0.008102807216346264,9.999999747378752e-05
1433,1.0,0.007580772042274475,9.999999747378752e-05
1434,1.0,0.005696054082363844,9.999999747378752e-05
1435,1.0,0.012834754772484303,9.999999747378752e-05
1436,1.0,0.008277827873826027,9.999999747378752e-05
1437,1.0,0.010176775977015495,9.999999747378752e-05
1438,1.0,0.011539689265191555,9.999999747378752e-05
1439,1.0,0.00665468443185091,9.999999747378752e-05
1440,0.9866666793823242,0.030265867710113525,9.999999747378752e-05
1441,0.9933333396911621,0.026350688189268112,9.999999747378752e-05
1442,0.996666669845581,0.01601373963057995,9.999999747378752e-05
1443,1.0,0.017296012490987778,9.999999747378752e-05
1444,1.0,0.013280346058309078,9.999999747378752e-05
1445,1.0,0.008172804489731789,9.999999747378752e-05
1446,1.0,0.011218086816370487,9.999999747378752e-05
1447,0.996666669845581,0.013065474107861519,9.999999747378752e-05
1448,1.0,0.010805195197463036,9.999999747378752e-05
1449,1.0,0.008336507715284824,9.999999747378752e-05
1450,1.0,0.0072365109808743,9.999999747378752e-05
1451,1.0,0.006667615380138159,9.999999747378752e-05
1452,1.0,0.0071457321755588055,9.999999747378752e-05
1453,1.0,0.006258094217628241,9.999999747378752e-05
1454,1.0,0.014278866350650787,9.999999747378752e-05
1455,1.0,0.0053613511845469475,9.999999747378752e-05
1456,1.0,0.008754296228289604,9.999999747378752e-05
1457,1.0,0.010421749204397202,9.999999747378752e-05
1458,1.0,0.009415272623300552,9.999999747378752e-05
1459,0.996666669845581,0.016238262876868248,9.999999747378752e-05
1460,0.9700000286102295,0.06812774389982224,9.999999747378752e-05
1461,0.9933333396911621,0.02183208242058754,9.999999747378752e-05
1462,0.9866666793823242,0.03376004472374916,9.999999747378752e-05
1463,0.996666669845581,0.014542751014232635,9.999999747378752e-05
1464,0.9866666793823242,0.02511877939105034,9.999999747378752e-05
1465,1.0,0.01034450251609087,9.999999747378752e-05
1466,1.0,0.007976917549967766,9.999999747378752e-05
1467,0.996666669845581,0.009725112468004227,9.999999747378752e-05
1468,1.0,0.014354375191032887,9.999999747378752e-05
1469,1.0,0.008699502795934677,9.999999747378752e-05
1470,0.9900000095367432,0.025900479406118393,9.999999747378752e-05
1471,0.996666669845581,0.019289154559373856,9.999999747378752e-05
1472,1.0,0.007451280951499939,9.999999747378752e-05
1473,1.0,0.01663210801780224,9.999999747378752e-05
1474,1.0,0.008021787740290165,9.999999747378752e-05
1475,1.0,0.007959543727338314,9.999999747378752e-05
1476,1.0,0.008263715542852879,9.999999747378752e-05
1477,1.0,0.005729564931243658,9.999999747378752e-05
1478,1.0,0.009930971078574657,9.999999747378752e-05
1479,1.0,0.009418323636054993,9.999999747378752e-05
1480,1.0,0.016213953495025635,9.999999747378752e-05
1481,1.0,0.018971221521496773,9.999999747378752e-05
1482,1.0,0.01299500185996294,9.999999747378752e-05
1483,0.9933333396911621,0.029761135578155518,9.999999747378752e-05
1484,1.0,0.014988716691732407,9.999999747378752e-05
1485,1.0,0.008621381595730782,9.999999747378752e-05
1486,0.9933333396911621,0.029078282415866852,9.999999747378752e-05
1487,1.0,0.008014490827918053,9.999999747378752e-05
1488,1.0,0.004449896980077028,9.999999747378752e-05
1489,1.0,0.005982180126011372,9.999999747378752e-05
1490,1.0,0.00978915300220251,9.999999747378752e-05
1491,1.0,0.00631685322150588,9.999999747378752e-05
1492,1.0,0.00456853536888957,9.999999747378752e-05
1493,0.9900000095367432,0.021725408732891083,9.999999747378752e-05
1494,1.0,0.010276527144014835,9.999999747378752e-05
1495,1.0,0.008725026622414589,9.999999747378752e-05
1496,0.9933333396911621,0.028081079944968224,9.999999747378752e-05
1497,0.996666669845581,0.020380139350891113,9.999999747378752e-05
1498,1.0,0.008653070777654648,9.999999747378752e-05
1499,1.0,0.009776719845831394,9.999999747378752e-05
1500,1.0,0.011675089597702026,9.999999747378752e-05
1501,1.0,0.005936843808740377,9.999999747378752e-05
1502,1.0,0.0031964697409421206,9.999999747378752e-05
1503,0.996666669845581,0.02042698673903942,9.999999747378752e-05
1504,1.0,0.014190725050866604,9.999999747378752e-05
1505,1.0,0.007127109449356794,9.999999747378752e-05
1506,1.0,0.00967808160930872,9.999999747378752e-05
1507,1.0,0.011498918756842613,9.999999747378752e-05
1508,1.0,0.007377470377832651,9.999999747378752e-05
1509,1.0,0.009890335611999035,9.999999747378752e-05
1510,1.0,0.006388076581060886,9.999999747378752e-05
1511,0.996666669845581,0.020326029509305954,9.999999747378752e-05
1512,0.996666669845581,0.019256236031651497,9.999999747378752e-05
1513,1.0,0.012816605158150196,9.999999747378752e-05
1514,1.0,0.011390500701963902,9.999999747378752e-05
1515,1.0,0.01072392612695694,9.999999747378752e-05
1516,1.0,0.01173737458884716,9.999999747378752e-05
1517,1.0,0.00885623600333929,9.999999747378752e-05
1518,1.0,0.008324476890265942,9.999999747378752e-05
1519,1.0,0.006537157576531172,9.999999747378752e-05
1520,1.0,0.012678281404078007,9.999999747378752e-05
1521,1.0,0.009676964953541756,9.999999747378752e-05
1522,1.0,0.009444065392017365,9.999999747378752e-05
1523,1.0,0.00403748732060194,9.999999747378752e-05
1524,1.0,0.013662182725965977,9.999999747378752e-05
1525,1.0,0.014157344587147236,9.999999747378752e-05
1526,1.0,0.010592606849968433,9.999999747378752e-05
1527,1.0,0.009386650286614895,9.999999747378752e-05
1528,1.0,0.01078807469457388,9.999999747378752e-05
1529,1.0,0.012297490611672401,9.999999747378752e-05
1530,0.9933333396911621,0.025748711079359055,9.999999747378752e-05
1531,0.996666669845581,0.016961049288511276,9.999999747378752e-05
1532,0.996666669845581,0.012733710929751396,9.999999747378752e-05
1533,1.0,0.007796180434525013,9.999999747378752e-05
1534,0.996666669845581,0.012597063556313515,9.999999747378752e-05
1535,1.0,0.007778544444590807,9.999999747378752e-05
1536,1.0,0.006313827354460955,9.999999747378752e-05
1537,1.0,0.009856468066573143,9.999999747378752e-05
1538,1.0,0.006784020457416773,9.999999747378752e-05
1539,1.0,0.00958977546542883,9.999999747378752e-05
1540,1.0,0.007012332323938608,9.999999747378752e-05
1541,1.0,0.00960042979568243,9.999999747378752e-05
1542,1.0,0.00673708925023675,9.999999747378752e-05
1543,1.0,0.004629676695913076,9.999999747378752e-05
1544,1.0,0.010504664853215218,9.999999747378752e-05
1545,1.0,0.00804178137332201,9.999999747378752e-05
1546,1.0,0.01023436151444912,9.999999747378752e-05
1547,0.996666669845581,0.01500875037163496,9.999999747378752e-05
1548,1.0,0.008653616532683372,9.999999747378752e-05
1549,0.996666669845581,0.013025126419961452,9.999999747378752e-05
1550,1.0,0.019659047946333885,9.999999747378752e-05
1551,1.0,0.007929708808660507,9.999999747378752e-05
1552,1.0,0.006005132105201483,9.999999747378752e-05
1553,1.0,0.0068493857979774475,9.999999747378752e-05
1554,1.0,0.008951792493462563,9.999999747378752e-05
1555,1.0,0.00788885448127985,9.999999747378752e-05
1556,0.996666669845581,0.011276229284703732,9.999999747378752e-05
1557,1.0,0.006207361817359924,9.999999747378752e-05
1558,1.0,0.009812477976083755,9.999999747378752e-05
1559,1.0,0.005565607454627752,9.999999747378752e-05
1560,1.0,0.014274711720645428,9.999999747378752e-05
1561,1.0,0.012403350323438644,9.999999747378752e-05
1562,0.996666669845581,0.013923701830208302,9.999999747378752e-05
1563,0.996666669845581,0.012344395741820335,9.999999747378752e-05
1564,1.0,0.007490069139748812,9.999999747378752e-05
1565,0.996666669845581,0.019472425803542137,9.999999747378752e-05
1566,0.996666669845581,0.012064632959663868,9.999999747378752e-05
1567,1.0,0.012856150977313519,9.999999747378752e-05
1568,0.996666669845581,0.012695599347352982,9.999999747378752e-05
1569,1.0,0.012460676021873951,9.999999747378752e-05
1570,0.996666669845581,0.02144681289792061,9.999999747378752e-05
1571,0.9933333396911621,0.019254792481660843,9.999999747378752e-05
1572,0.996666669845581,0.018765253946185112,9.999999747378752e-05
1573,1.0,0.01837470941245556,9.999999747378752e-05
1574,0.996666669845581,0.010492010973393917,9.999999747378752e-05
1575,0.9933333396911621,0.03512329235672951,9.999999747378752e-05
1576,0.9833333492279053,0.039636917412281036,9.999999747378752e-05
1577,1.0,0.010300880298018456,9.999999747378752e-05
1578,1.0,0.012111261487007141,9.999999747378752e-05
1579,1.0,0.016115566715598106,9.999999747378752e-05
1580,1.0,0.0066140079870820045,9.999999747378752e-05
1581,0.996666669845581,0.015276468358933926,9.999999747378752e-05
1582,1.0,0.011860979720950127,9.999999747378752e-05
1583,1.0,0.01641024276614189,9.999999747378752e-05
1584,1.0,0.012333454564213753,9.999999747378752e-05
1585,1.0,0.014557368122041225,9.999999747378752e-05
1586,1.0,0.014512604102492332,9.999999747378752e-05
1587,0.996666669845581,0.01073947362601757,9.999999747378752e-05
1588,0.9933333396911621,0.023191722109913826,9.999999747378752e-05
1589,1.0,0.01406383328139782,9.999999747378752e-05
1590,1.0,0.018713252618908882,9.999999747378752e-05
1591,1.0,0.010042383335530758,9.999999747378752e-05
1592,0.996666669845581,0.011533785611391068,9.999999747378752e-05
1593,1.0,0.009605374187231064,9.999999747378752e-05
1594,1.0,0.006460063625127077,9.999999747378752e-05
1595,1.0,0.008739322423934937,9.999999747378752e-05
1596,1.0,0.008503252640366554,9.999999747378752e-05
1597,0.996666669845581,0.015586096793413162,9.999999747378752e-05
1598,1.0,0.008444824256002903,9.999999747378752e-05
1599,1.0,0.005758555140346289,9.999999747378752e-05
1600,1.0,0.007142206188291311,9.999999747378752e-05
1601,1.0,0.004516127519309521,9.999999747378752e-05
1602,1.0,0.003558803116902709,9.999999747378752e-05
1603,1.0,0.007067801896482706,9.999999747378752e-05
1604,1.0,0.009893606416881084,9.999999747378752e-05
1605,1.0,0.007657046429812908,9.999999747378752e-05
1606,0.9900000095367432,0.019532183185219765,9.999999747378752e-05
1607,1.0,0.008311104029417038,9.999999747378752e-05
1608,1.0,0.006970877759158611,9.999999747378752e-05
1609,1.0,0.0126109067350626,9.999999747378752e-05
1610,1.0,0.008212593384087086,9.999999747378752e-05
1611,1.0,0.012613940052688122,9.999999747378752e-05
1612,1.0,0.006557564716786146,9.999999747378752e-05
1613,1.0,0.006179937161505222,9.999999747378752e-05
1614,0.996666669845581,0.019967202097177505,9.999999747378752e-05
1615,1.0,0.009140721522271633,9.999999747378752e-05
1616,1.0,0.01005645003169775,9.999999747378752e-05
1617,1.0,0.00892696250230074,9.999999747378752e-05
1618,1.0,0.008574726060032845,9.999999747378752e-05
1619,1.0,0.006879112683236599,9.999999747378752e-05
1620,1.0,0.009651130996644497,9.999999747378752e-05
1621,1.0,0.009592616930603981,9.999999747378752e-05
1622,1.0,0.006858977489173412,9.999999747378752e-05
1623,1.0,0.004617462400346994,9.999999747378752e-05
1624,0.996666669845581,0.015401134267449379,9.999999747378752e-05
1625,1.0,0.01227035652846098,9.999999747378752e-05
1626,1.0,0.011331550776958466,9.999999747378752e-05
1627,1.0,0.0062287901528179646,9.999999747378752e-05
1628,1.0,0.006482095457613468,9.999999747378752e-05
1629,1.0,0.005736102815717459,9.999999747378752e-05
1630,0.9833333492279053,0.028444478288292885,9.999999747378752e-05
1631,1.0,0.010576949454843998,9.999999747378752e-05
1632,1.0,0.00745230820029974,9.999999747378752e-05
1633,1.0,0.012505599297583103,9.999999747378752e-05
1634,1.0,0.006795397028326988,9.999999747378752e-05
1635,1.0,0.007353370077908039,9.999999747378752e-05
1636,1.0,0.003430355107411742,9.999999747378752e-05
1637,1.0,0.004442447796463966,9.999999747378752e-05
1638,1.0,0.013543127104640007,9.999999747378752e-05
1639,1.0,0.010759751312434673,9.999999747378752e-05
1640,0.996666669845581,0.019620554521679878,9.999999747378752e-05
1641,1.0,0.011234082281589508,9.999999747378752e-05
1642,1.0,0.007851916365325451,9.999999747378752e-05
1643,1.0,0.010479381307959557,9.999999747378752e-05
1644,1.0,0.004311530385166407,9.999999747378752e-05
1645,1.0,0.00938248261809349,9.999999747378752e-05
1646,1.0,0.010258400812745094,9.999999747378752e-05
1647,1.0,0.009496139362454414,9.999999747378752e-05
1648,1.0,0.026076579466462135,9.999999747378752e-05
1649,1.0,0.009386539459228516,9.999999747378752e-05
1650,1.0,0.012065968476235867,9.999999747378752e-05
1651,1.0,0.006907423492521048,9.999999747378752e-05
1652,1.0,0.005624338053166866,9.999999747378752e-05
1653,1.0,0.005072024650871754,9.999999747378752e-05
1654,1.0,0.004609267693012953,9.999999747378752e-05
1655,0.9900000095367432,0.027232443913817406,9.999999747378752e-05
1656,0.996666669845581,0.02189052850008011,9.999999747378752e-05
1657,1.0,0.011336562223732471,9.999999747378752e-05
1658,0.996666669845581,0.019139766693115234,9.999999747378752e-05
1659,0.9933333396911621,0.021735677495598793,9.999999747378752e-05
1660,1.0,0.006013097241520882,9.999999747378752e-05
1661,1.0,0.011658387258648872,9.999999747378752e-05
1662,1.0,0.004925174172967672,9.999999747378752e-05
1663,1.0,0.007015016861259937,9.999999747378752e-05
1664,1.0,0.009758486412465572,9.999999747378752e-05
1665,1.0,0.010823837481439114,9.999999747378752e-05
1666,1.0,0.006682504899799824,9.999999747378752e-05
1667,1.0,0.0076648173853755,9.999999747378752e-05
1668,0.9866666793823242,0.025872277095913887,9.999999747378752e-05
1669,1.0,0.01292363926768303,9.999999747378752e-05
1670,1.0,0.00967551488429308,9.999999747378752e-05
1671,0.996666669845581,0.014833366498351097,9.999999747378752e-05
1672,0.9900000095367432,0.02714925818145275,9.999999747378752e-05
1673,1.0,0.007410044781863689,9.999999747378752e-05
1674,1.0,0.007222600746899843,9.999999747378752e-05
1675,1.0,0.013807198032736778,9.999999747378752e-05
1676,0.9933333396911621,0.021776827052235603,9.999999747378752e-05
1677,1.0,0.007642250973731279,9.999999747378752e-05
1678,1.0,0.015822075307369232,9.999999747378752e-05
1679,1.0,0.011141980066895485,9.999999747378752e-05
1680,1.0,0.007649749051779509,9.999999747378752e-05
1681,1.0,0.014037839137017727,9.999999747378752e-05
1682,1.0,0.015248009003698826,9.999999747378752e-05
1683,1.0,0.008393550291657448,9.999999747378752e-05
1684,1.0,0.006514630280435085,9.999999747378752e-05
1685,1.0,0.008988759480416775,9.999999747378752e-05
1686,1.0,0.014428116381168365,9.999999747378752e-05
1687,0.996666669845581,0.01900232397019863,9.999999747378752e-05
1688,0.996666669845581,0.019992748275399208,9.999999747378752e-05
1689,1.0,0.013262133114039898,9.999999747378752e-05
1690,1.0,0.011215758509933949,9.999999747378752e-05
1691,1.0,0.013494590297341347,9.999999747378752e-05
1692,1.0,0.006718670483678579,9.999999747378752e-05
1693,1.0,0.0154354777187109,9.999999747378752e-05
1694,1.0,0.010276781395077705,9.999999747378752e-05
1695,0.996666669845581,0.010725337080657482,9.999999747378752e-05
1696,1.0,0.00610492005944252,9.999999747378752e-05
1697,0.996666669845581,0.009540910832583904,9.999999747378752e-05
1698,1.0,0.009546340443193913,9.999999747378752e-05
1699,1.0,0.009322053752839565,9.999999747378752e-05
1700,1.0,0.006467548198997974,9.999999747378752e-05
1701,1.0,0.008921259082853794,9.999999747378752e-05
1702,0.996666669845581,0.0139305479824543,9.999999747378752e-05
1703,1.0,0.00951189175248146,9.999999747378752e-05
1704,0.996666669845581,0.014873707666993141,9.999999747378752e-05
1705,1.0,0.006898265797644854,9.999999747378752e-05
1706,1.0,0.005760622676461935,9.999999747378752e-05
1707,1.0,0.006640096195042133,9.999999747378752e-05
1708,1.0,0.004946067929267883,9.999999747378752e-05
1709,1.0,0.004613018129020929,9.999999747378752e-05
1710,1.0,0.006397525314241648,9.999999747378752e-05
1711,1.0,0.004221158102154732,9.999999747378752e-05
1712,1.0,0.005860155913978815,9.999999747378752e-05
1713,1.0,0.002902053063735366,9.999999747378752e-05
1714,1.0,0.006048624869436026,9.999999747378752e-05
1715,1.0,0.012013783678412437,9.999999747378752e-05
1716,1.0,0.01228469330817461,9.999999747378752e-05
1717,1.0,0.007777111604809761,9.999999747378752e-05
1718,1.0,0.005320658441632986,9.999999747378752e-05
1719,1.0,0.00731641286984086,9.999999747378752e-05
1720,1.0,0.008126973174512386,9.999999747378752e-05
1721,1.0,0.011152110062539577,9.999999747378752e-05
1722,1.0,0.0054204268380999565,9.999999747378752e-05
1723,1.0,0.008862330578267574,9.999999747378752e-05
1724,1.0,0.007895628921687603,9.999999747378752e-05
1725,1.0,0.006904134526848793,9.999999747378752e-05
1726,1.0,0.005237106699496508,9.999999747378752e-05
1727,1.0,0.008846467360854149,9.999999747378752e-05
1728,1.0,0.007763977162539959,9.999999747378752e-05
1729,1.0,0.00787334144115448,9.999999747378752e-05
1730,1.0,0.0111464262008667,9.999999747378752e-05
1731,1.0,0.005606438033282757,9.999999747378752e-05
1732,1.0,0.004164147190749645,9.999999747378752e-05
1733,1.0,0.005152084864675999,9.999999747378752e-05
1734,1.0,0.0039092558436095715,9.999999747378752e-05
1735,1.0,0.011058962903916836,9.999999747378752e-05
1736,0.9933333396911621,0.022949451580643654,9.999999747378752e-05
1737,1.0,0.010953564196825027,9.999999747378752e-05
1738,1.0,0.0132279759272933,9.999999747378752e-05
1739,1.0,0.00786079652607441,9.999999747378752e-05
1740,1.0,0.004653166513890028,9.999999747378752e-05
1741,1.0,0.004586948547512293,9.999999747378752e-05
1742,1.0,0.012442459352314472,9.999999747378752e-05
1743,1.0,0.01897214539349079,9.999999747378752e-05
1744,0.9900000095367432,0.030707575380802155,9.999999747378752e-05
1745,1.0,0.011045048013329506,9.999999747378752e-05
1746,0.996666669845581,0.013194282539188862,9.999999747378752e-05
1747,1.0,0.012582594528794289,9.999999747378752e-05
1748,1.0,0.013274836353957653,9.999999747378752e-05
1749,1.0,0.00989821832627058,9.999999747378752e-05
1750,1.0,0.014719783328473568,9.999999747378752e-05
1751,1.0,0.013466475531458855,9.999999747378752e-05
1752,1.0,0.011832186952233315,9.999999747378752e-05
1753,0.996666669845581,0.008499261923134327,9.999999747378752e-05
1754,1.0,0.006407692562788725,9.999999747378752e-05
1755,1.0,0.012508943676948547,9.999999747378752e-05
1756,1.0,0.006334684323519468,9.999999747378752e-05
1757,0.9900000095367432,0.02404193766415119,9.999999747378752e-05
1758,1.0,0.007438425440341234,9.999999747378752e-05
1759,1.0,0.003805388929322362,9.999999747378752e-05
1760,1.0,0.004980628844350576,9.999999747378752e-05
1761,1.0,0.010697733610868454,9.999999747378752e-05
1762,1.0,0.004707679618149996,9.999999747378752e-05
1763,1.0,0.0060119666159152985,9.999999747378752e-05
1764,1.0,0.008323396556079388,9.999999747378752e-05
1765,1.0,0.012325089424848557,9.999999747378752e-05
1766,1.0,0.010924841277301311,9.999999747378752e-05
1767,1.0,0.004813521169126034,9.999999747378752e-05
1768,1.0,0.005050203297287226,9.999999747378752e-05
1769,1.0,0.0054186866618692875,9.999999747378752e-05
1770,1.0,0.0069662537425756454,9.999999747378752e-05
1771,1.0,0.008837616071105003,9.999999747378752e-05
1772,1.0,0.0039416728541255,9.999999747378752e-05
1773,1.0,0.008135468699038029,9.999999747378752e-05
1774,0.996666669845581,0.02068803831934929,9.999999747378752e-05
1775,0.996666669845581,0.014265308156609535,9.999999747378752e-05
1776,1.0,0.006112772971391678,9.999999747378752e-05
1777,1.0,0.00834526028484106,9.999999747378752e-05
1778,1.0,0.007784600369632244,9.999999747378752e-05
1779,1.0,0.005989662371575832,9.999999747378752e-05
1780,1.0,0.014121437445282936,9.999999747378752e-05
1781,1.0,0.007331146392971277,9.999999747378752e-05
1782,1.0,0.006287159398198128,9.999999747378752e-05
1783,1.0,0.004058246035128832,9.999999747378752e-05
1784,1.0,0.006562112830579281,9.999999747378752e-05
1785,1.0,0.01081118080765009,9.999999747378752e-05
1786,1.0,0.008493496105074883,9.999999747378752e-05
1787,1.0,0.00730334036052227,9.999999747378752e-05
1788,0.996666669845581,0.009726662188768387,9.999999747378752e-05
1789,0.996666669845581,0.018587462604045868,9.999999747378752e-05
1790,1.0,0.01085510104894638,9.999999747378752e-05
1791,1.0,0.008560470305383205,9.999999747378752e-05
1792,1.0,0.003545982763171196,9.999999747378752e-05
1793,1.0,0.004937431775033474,9.999999747378752e-05
1794,1.0,0.004291198682039976,9.999999747378752e-05
1795,1.0,0.011401708237826824,9.999999747378752e-05
1796,1.0,0.01346068549901247,9.999999747378752e-05
1797,1.0,0.006757840979844332,9.999999747378752e-05
1798,1.0,0.010708504356443882,9.999999747378752e-05
1799,0.996666669845581,0.009457075968384743,9.999999747378752e-05
1800,1.0,0.004513034131377935,9.999999747378752e-05
1801,1.0,0.004841919522732496,9.999999747378752e-05
1802,1.0,0.006927244830876589,9.999999747378752e-05
1803,1.0,0.008235611952841282,9.999999747378752e-05
1804,0.996666669845581,0.016733761876821518,9.999999747378752e-05
1805,1.0,0.014592388644814491,9.999999747378752e-05
1806,0.9933333396911621,0.02562321163713932,9.999999747378752e-05
1807,1.0,0.017801638692617416,9.999999747378752e-05
1808,0.9933333396911621,0.027595987543463707,9.999999747378752e-05
1809,1.0,0.010571728460490704,9.999999747378752e-05
1810,1.0,0.009582312777638435,9.999999747378752e-05
1811,0.9800000190734863,0.03331390395760536,9.999999747378752e-05
1812,1.0,0.007906689308583736,9.999999747378752e-05
1813,1.0,0.006931882817298174,9.999999747378752e-05
1814,1.0,0.004568346776068211,9.999999747378752e-05
1815,1.0,0.012689336203038692,9.999999747378752e-05
1816,0.996666669845581,0.01504684891551733,9.999999747378752e-05
1817,1.0,0.004390032030642033,9.999999747378752e-05
1818,1.0,0.005841894540935755,9.999999747378752e-05
1819,1.0,0.00858369842171669,9.999999747378752e-05
1820,1.0,0.005495220888406038,9.999999747378752e-05
1821,0.996666669845581,0.018197519704699516,9.999999747378752e-05
1822,0.996666669845581,0.014176031574606895,9.999999747378752e-05
1823,1.0,0.004727963358163834,9.999999747378752e-05
1824,1.0,0.009046806953847408,9.999999747378752e-05
1825,1.0,0.007178708910942078,9.999999747378752e-05
1826,1.0,0.003309819148853421,9.999999747378752e-05
1827,1.0,0.0052632675506174564,9.999999747378752e-05
1828,1.0,0.003939047455787659,9.999999747378752e-05
1829,1.0,0.006716892588883638,9.999999747378752e-05
1830,1.0,0.014543384313583374,9.999999747378752e-05
1831,1.0,0.010322010144591331,9.999999747378752e-05
1832,1.0,0.007190002594143152,9.999999747378752e-05
1833,1.0,0.009149918332695961,9.999999747378752e-05
1834,0.996666669845581,0.00924900732934475,9.999999747378752e-05
1835,1.0,0.00572530971840024,9.999999747378752e-05
1836,1.0,0.00544216763228178,9.999999747378752e-05
1837,1.0,0.006531147751957178,9.999999747378752e-05
1838,1.0,0.011623023077845573,9.999999747378752e-05
1839,1.0,0.004614656791090965,9.999999747378752e-05
1840,1.0,0.01619705744087696,9.999999747378752e-05
1841,1.0,0.006479763425886631,9.999999747378752e-05
1842,1.0,0.014028185047209263,9.999999747378752e-05
1843,1.0,0.0073242648504674435,9.999999747378752e-05
1844,1.0,0.006365892477333546,9.999999747378752e-05
1845,1.0,0.005748268216848373,9.999999747378752e-05
1846,1.0,0.005777252372354269,9.999999747378752e-05
1847,0.9900000095367432,0.02972579374909401,9.999999747378752e-05
1848,0.996666669845581,0.029642142355442047,9.999999747378752e-05
1849,0.9933333396911621,0.030414467677474022,9.999999747378752e-05
1850,0.9933333396911621,0.028283532708883286,9.999999747378752e-05
1851,1.0,0.006126235239207745,9.999999747378752e-05
1852,1.0,0.0056625124998390675,9.999999747378752e-05
1853,1.0,0.008183877915143967,9.999999747378752e-05
1854,1.0,0.0029975022189319134,9.999999747378752e-05
1855,1.0,0.005770559422671795,9.999999747378752e-05
1856,1.0,0.003263931255787611,9.999999747378752e-05
1857,0.996666669845581,0.008206517435610294,9.999999747378752e-05
1858,1.0,0.014097010716795921,9.999999747378752e-05
1859,1.0,0.008404652588069439,9.999999747378752e-05
1860,0.996666669845581,0.00953589379787445,9.999999747378752e-05
1861,1.0,0.012489969842135906,9.999999747378752e-05
1862,1.0,0.014786983840167522,9.999999747378752e-05
1863,1.0,0.0023921290412545204,9.999999747378752e-05
1864,1.0,0.006617546547204256,9.999999747378752e-05
1865,1.0,0.0033613841515034437,9.999999747378752e-05
1866,1.0,0.0030140909366309643,9.999999747378752e-05
1867,1.0,0.0035719196312129498,9.999999747378752e-05
1868,1.0,0.005630828440189362,9.999999747378752e-05
1869,1.0,0.0052151125855743885,9.999999747378752e-05
1870,1.0,0.0028105275705456734,9.999999747378752e-05
1871,1.0,0.008433550596237183,9.999999747378752e-05
1872,1.0,0.0074727763421833515,9.999999747378752e-05
1873,1.0,0.008347572758793831,9.999999747378752e-05
1874,1.0,0.015523161739110947,9.999999747378752e-05
1875,0.996666669845581,0.009768747724592686,9.999999747378752e-05
1876,1.0,0.016939770430326462,9.999999747378752e-05
1877,1.0,0.011418101377785206,9.999999747378752e-05
1878,0.996666669845581,0.009396743960678577,9.999999747378752e-05
1879,1.0,0.012008613906800747,9.999999747378752e-05
1880,1.0,0.005193524528294802,9.999999747378752e-05
1881,1.0,0.008120972663164139,9.999999747378752e-05
1882,0.996666669845581,0.013552236370742321,9.999999747378752e-05
1883,1.0,0.01136729959398508,9.999999747378752e-05
1884,1.0,0.012059028260409832,9.999999747378752e-05
1885,0.996666669845581,0.013035457581281662,9.999999747378752e-05
1886,1.0,0.008859982714056969,9.999999747378752e-05
1887,1.0,0.0055387988686561584,9.999999747378752e-05
1888,1.0,0.0056121801026165485,9.999999747378752e-05
1889,1.0,0.008200636133551598,9.999999747378752e-05
1890,1.0,0.005680250469595194,9.999999747378752e-05
1891,1.0,0.006769279483705759,9.999999747378752e-05
1892,1.0,0.008691021241247654,9.999999747378752e-05
1893,1.0,0.0087972367182374,9.999999747378752e-05
1894,1.0,0.011146950535476208,9.999999747378752e-05
1895,1.0,0.007151599042117596,9.999999747378752e-05
1896,1.0,0.008020967245101929,9.999999747378752e-05
1897,1.0,0.004727991297841072,9.999999747378752e-05
1898,1.0,0.006417205091565847,9.999999747378752e-05
1899,1.0,0.0076656825840473175,9.999999747378752e-05
1900,1.0,0.003443280467763543,9.999999747378752e-05
1901,1.0,0.011330222710967064,9.999999747378752e-05
1902,1.0,0.006629370152950287,9.999999747378752e-05
1903,1.0,0.005809159483760595,9.999999747378752e-05
1904,1.0,0.023117953911423683,9.999999747378752e-05
1905,1.0,0.00936005637049675,9.999999747378752e-05
1906,1.0,0.006954942364245653,9.999999747378752e-05
1907,1.0,0.003424702910706401,9.999999747378752e-05
1908,1.0,0.0053472802974283695,9.999999747378752e-05
1909,1.0,0.004078916739672422,9.999999747378752e-05
1910,1.0,0.0042927199974656105,9.999999747378752e-05
1911,0.996666669845581,0.020086808130145073,9.999999747378752e-05
1912,0.9866666793823242,0.030252007767558098,9.999999747378752e-05
1913,0.996666669845581,0.01601983793079853,9.999999747378752e-05
1914,0.996666669845581,0.016533739864826202,9.999999747378752e-05
1915,1.0,0.01786145567893982,9.999999747378752e-05
1916,1.0,0.010764430277049541,9.999999747378752e-05
1917,1.0,0.006366468500345945,9.999999747378752e-05
1918,1.0,0.008769315667450428,9.999999747378752e-05
1919,1.0,0.006107620894908905,9.999999747378752e-05
1920,1.0,0.005183028522878885,9.999999747378752e-05
1921,1.0,0.012801172211766243,9.999999747378752e-05
1922,1.0,0.005659920163452625,9.999999747378752e-05
1923,1.0,0.007188941817730665,9.999999747378752e-05
1924,1.0,0.002539639361202717,9.999999747378752e-05
1925,1.0,0.006326093338429928,9.999999747378752e-05
1926,1.0,0.005847495049238205,9.999999747378752e-05
1927,1.0,0.005736012943089008,9.999999747378752e-05
1928,1.0,0.0067123412154614925,9.999999747378752e-05
1929,0.996666669845581,0.01865427754819393,9.999999747378752e-05
1930,0.996666669845581,0.01244428101927042,9.999999747378752e-05
1931,0.996666669845581,0.018439140170812607,9.999999747378752e-05
1932,1.0,0.008047478273510933,9.999999747378752e-05
1933,0.996666669845581,0.012022465467453003,9.999999747378752e-05
1934,1.0,0.012936270795762539,9.999999747378752e-05
1935,0.9933333396911621,0.015788769349455833,9.999999747378752e-05
1936,0.996666669845581,0.009850487112998962,9.999999747378752e-05
1937,0.9933333396911621,0.03152445703744888,9.999999747378752e-05
1938,1.0,0.011497003957629204,9.999999747378752e-05
1939,0.9933333396911621,0.019575973972678185,9.999999747378752e-05
1940,0.9900000095367432,0.02639603428542614,9.999999747378752e-05
1941,1.0,0.011087863706052303,9.999999747378752e-05
1942,0.996666669845581,0.010863290168344975,9.999999747378752e-05
1943,1.0,0.013010075315833092,9.999999747378752e-05
1944,1.0,0.01501470897346735,9.999999747378752e-05
1945,1.0,0.005747303832322359,9.999999747378752e-05
1946,1.0,0.0027752623427659273,9.999999747378752e-05
1947,1.0,0.00241126143373549,9.999999747378752e-05
1948,1.0,0.002471017884090543,9.999999747378752e-05
1949,1.0,0.007797551807016134,9.999999747378752e-05
1950,0.996666669845581,0.015782048925757408,9.999999747378752e-05
1951,0.996666669845581,0.01625320129096508,9.999999747378752e-05
1952,0.996666669845581,0.013561132363975048,9.999999747378752e-05
1953,1.0,0.005088278092443943,9.999999747378752e-05
1954,1.0,0.003876908915117383,9.999999747378752e-05
1955,1.0,0.007541099563241005,9.999999747378752e-05
1956,1.0,0.004390490707010031,9.999999747378752e-05
1957,1.0,0.00634785508736968,9.999999747378752e-05
1958,1.0,0.008669983595609665,9.999999747378752e-05
1959,1.0,0.008479789830744267,9.999999747378752e-05
1960,1.0,0.013262220658361912,9.999999747378752e-05
1961,1.0,0.01291017234325409,9.999999747378752e-05
1962,1.0,0.012250669300556183,9.999999747378752e-05
1963,1.0,0.00590404961258173,9.999999747378752e-05
1964,1.0,0.006330725736916065,9.999999747378752e-05
1965,1.0,0.005063449963927269,9.999999747378752e-05
1966,1.0,0.008811019361019135,9.999999747378752e-05
1967,1.0,0.0047818999737501144,9.999999747378752e-05
1968,1.0,0.00879912730306387,9.999999747378752e-05
1969,1.0,0.006213477347046137,9.999999747378752e-05
1970,0.996666669845581,0.014315888285636902,9.999999747378752e-05
1971,1.0,0.010102587752044201,9.999999747378752e-05
1972,1.0,0.005490105599164963,9.999999747378752e-05
1973,1.0,0.008367210626602173,9.999999747378752e-05
1974,1.0,0.004808668512851,9.999999747378752e-05
1975,1.0,0.003792818868532777,9.999999747378752e-05
1976,1.0,0.0027605255600064993,9.999999747378752e-05
1977,1.0,0.006329206749796867,9.999999747378752e-05
1978,1.0,0.0032673862297087908,9.999999747378752e-05
1979,1.0,0.0025205942802131176,9.999999747378752e-05
1980,1.0,0.00773536367341876,9.999999747378752e-05
1981,1.0,0.0033963120076805353,9.999999747378752e-05
1982,1.0,0.005293650086969137,9.999999747378752e-05
1983,1.0,0.005034484900534153,9.999999747378752e-05
1984,1.0,0.006928098853677511,9.999999747378752e-05
1985,1.0,0.006515090819448233,9.999999747378752e-05
1986,1.0,0.00349903991445899,9.999999747378752e-05
1987,1.0,0.003005346516147256,9.999999747378752e-05
1988,0.9933333396911621,0.017863603308796883,9.999999747378752e-05
1989,0.996666669845581,0.021339090541005135,9.999999747378752e-05
1990,1.0,0.0049164677038788795,9.999999747378752e-05
1991,1.0,0.006654025055468082,9.999999747378752e-05
1992,1.0,0.005301577504724264,9.999999747378752e-05
1993,1.0,0.0022743421141058207,9.999999747378752e-05
1994,1.0,0.006396069657057524,9.999999747378752e-05
1995,1.0,0.004550057463347912,9.999999747378752e-05
1996,1.0,0.007308749947696924,9.999999747378752e-05
1997,1.0,0.006619796622544527,9.999999747378752e-05
1998,1.0,0.005239326041191816,9.999999747378752e-05
1999,1.0,0.006341816857457161,9.999999747378752e-05
