,categorical_accuracy,loss,learning_rate
0,0.1409090906381607,2.4725499153137207,0.0010000000474974513
1,0.16363635659217834,2.2914955615997314,0.0010000000474974513
2,0.2136363685131073,2.1918277740478516,0.0010000000474974513
3,0.26818183064460754,2.1297857761383057,0.0010000000474974513
4,0.2590909004211426,2.097900629043579,0.0010000000474974513
5,0.33636364340782166,2.070793390274048,0.0010000000474974513
6,0.3136363625526428,2.040480136871338,0.0010000000474974513
7,0.3590908944606781,2.007962942123413,0.0010000000474974513
8,0.33636364340782166,1.9669103622436523,0.0010000000474974513
9,0.3545454442501068,1.9542924165725708,0.0010000000474974513
10,0.3272727131843567,1.9439858198165894,0.0010000000474974513
11,0.37272727489471436,1.9007158279418945,0.0010000000474974513
12,0.3636363744735718,1.891645908355713,0.0010000000474974513
13,0.37727272510528564,1.9042495489120483,0.0010000000474974513
14,0.38181817531585693,1.844832181930542,0.0010000000474974513
15,0.37727272510528564,1.8350361585617065,0.0010000000474974513
16,0.37727272510528564,1.7998377084732056,0.0010000000474974513
17,0.4000000059604645,1.7963690757751465,0.0010000000474974513
18,0.40909090638160706,1.76039457321167,0.0010000000474974513
19,0.4000000059604645,1.7901406288146973,0.0010000000474974513
20,0.40909090638160706,1.7579153776168823,0.0010000000474974513
21,0.3863636255264282,1.736904263496399,0.0010000000474974513
22,0.40454545617103577,1.7119849920272827,0.0010000000474974513
23,0.4318181872367859,1.6861371994018555,0.0010000000474974513
24,0.44999998807907104,1.6752830743789673,0.0010000000474974513
25,0.4318181872367859,1.6499338150024414,0.0010000000474974513
26,0.4318181872367859,1.6652981042861938,0.0010000000474974513
27,0.4363636374473572,1.6367496252059937,0.0010000000474974513
28,0.48636364936828613,1.6013070344924927,0.0010000000474974513
29,0.4954545497894287,1.5968536138534546,0.0010000000474974513
30,0.48636364936828613,1.5997658967971802,0.0010000000474974513
31,0.47727271914482117,1.5672343969345093,0.0010000000474974513
32,0.47727271914482117,1.5738600492477417,0.0010000000474974513
33,0.459090918302536,1.5580288171768188,0.0010000000474974513
34,0.47727271914482117,1.5765522718429565,0.0010000000474974513
35,0.4636363685131073,1.5420986413955688,0.0010000000474974513
36,0.44999998807907104,1.529579997062683,0.0010000000474974513
37,0.48181816935539246,1.5097925662994385,0.0010000000474974513
38,0.5045454502105713,1.4779084920883179,0.0010000000474974513
39,0.4954545497894287,1.504174828529358,0.0010000000474974513
40,0.4909090995788574,1.4680373668670654,0.0010000000474974513
41,0.550000011920929,1.4700632095336914,0.0010000000474974513
42,0.5090909004211426,1.42513108253479,0.0010000000474974513
43,0.550000011920929,1.4385095834732056,0.0010000000474974513
44,0.5,1.448449969291687,0.0010000000474974513
45,0.5,1.418696641921997,0.0010000000474974513
46,0.5227272510528564,1.3919219970703125,0.0010000000474974513
47,0.5454545617103577,1.3820780515670776,0.0010000000474974513
48,0.5363636612892151,1.3991328477859497,0.0010000000474974513
49,0.5272727012634277,1.3554433584213257,0.0010000000474974513
50,0.5909090638160706,1.3279057741165161,0.0010000000474974513
51,0.5636363625526428,1.3544563055038452,0.0010000000474974513
52,0.5318182110786438,1.3486645221710205,0.0010000000474974513
53,0.5772727131843567,1.339809775352478,0.0010000000474974513
54,0.5227272510528564,1.3929387331008911,0.0010000000474974513
55,0.5409091114997864,1.3302414417266846,0.0010000000474974513
56,0.550000011920929,1.320051670074463,0.0010000000474974513
57,0.550000011920929,1.2903096675872803,0.0010000000474974513
58,0.5909090638160706,1.2643529176712036,0.0010000000474974513
59,0.5909090638160706,1.2516453266143799,0.0010000000474974513
60,0.5863636136054993,1.2724195718765259,0.0010000000474974513
61,0.6227272748947144,1.241023063659668,0.0010000000474974513
62,0.5954545736312866,1.2456640005111694,0.0010000000474974513
63,0.5909090638160706,1.2548354864120483,0.0010000000474974513
64,0.5954545736312866,1.23881196975708,0.0010000000474974513
65,0.5863636136054993,1.2379487752914429,0.0010000000474974513
66,0.581818163394928,1.2262725830078125,0.0010000000474974513
67,0.6045454740524292,1.2174166440963745,0.0010000000474974513
68,0.6227272748947144,1.1902137994766235,0.0010000000474974513
69,0.6272727251052856,1.208179235458374,0.0010000000474974513
70,0.6363636255264282,1.144684076309204,0.0010000000474974513
71,0.6181818246841431,1.163416862487793,0.0010000000474974513
72,0.668181836605072,1.1259328126907349,0.0010000000474974513
73,0.6045454740524292,1.1999647617340088,0.0010000000474974513
74,0.6318181753158569,1.1585766077041626,0.0010000000474974513
75,0.6136363744735718,1.1616485118865967,0.0010000000474974513
76,0.6272727251052856,1.1327121257781982,0.0010000000474974513
77,0.6272727251052856,1.1346460580825806,0.0010000000474974513
78,0.5909090638160706,1.1647571325302124,0.0010000000474974513
79,0.6636363863945007,1.1260536909103394,0.0010000000474974513
80,0.6227272748947144,1.1640427112579346,0.0010000000474974513
81,0.6363636255264282,1.099376916885376,0.0010000000474974513
82,0.6363636255264282,1.0882201194763184,0.0010000000474974513
83,0.6454545259475708,1.106422781944275,0.0010000000474974513
84,0.6272727251052856,1.1149667501449585,0.0010000000474974513
85,0.668181836605072,1.0912866592407227,0.0010000000474974513
86,0.6590909361839294,1.0974979400634766,0.0010000000474974513
87,0.6227272748947144,1.1406493186950684,0.0010000000474974513
88,0.6590909361839294,1.0758295059204102,0.0010000000474974513
89,0.6818181872367859,1.089778184890747,0.0010000000474974513
90,0.6863636374473572,1.0088438987731934,0.0010000000474974513
91,0.6454545259475708,1.0467878580093384,0.0010000000474974513
92,0.6727272868156433,1.053379774093628,0.0010000000474974513
93,0.7045454382896423,0.9933574199676514,0.0010000000474974513
94,0.6636363863945007,0.997948408126831,0.0010000000474974513
95,0.699999988079071,1.0080362558364868,0.0010000000474974513
96,0.699999988079071,1.0020819902420044,0.0010000000474974513
97,0.7136363387107849,0.9777209162712097,0.0010000000474974513
98,0.7181817889213562,0.988040566444397,0.0010000000474974513
99,0.7363636493682861,0.9523462057113647,0.0010000000474974513
100,0.6499999761581421,1.054447889328003,0.0010000000474974513
101,0.699999988079071,0.9869783520698547,0.0010000000474974513
102,0.7227272987365723,0.9831631183624268,0.0010000000474974513
103,0.7318181991577148,0.9471443295478821,0.0010000000474974513
104,0.7136363387107849,0.9679193496704102,0.0010000000474974513
105,0.7136363387107849,0.9196329116821289,0.0010000000474974513
106,0.6818181872367859,0.9543949961662292,0.0010000000474974513
107,0.7272727489471436,0.9572851657867432,0.0010000000474974513
108,0.7136363387107849,0.9450441002845764,0.0010000000474974513
109,0.7136363387107849,0.9403237104415894,0.0010000000474974513
110,0.7727272510528564,0.8920120000839233,0.0010000000474974513
111,0.7363636493682861,0.9230777621269226,0.0010000000474974513
112,0.7363636493682861,0.8877364993095398,0.0010000000474974513
113,0.7272727489471436,0.9059321284294128,0.0010000000474974513
114,0.7727272510528564,0.8752042651176453,0.0010000000474974513
115,0.7772727012634277,0.8369646668434143,0.0010000000474974513
116,0.7090908885002136,0.8890534043312073,0.0010000000474974513
117,0.7590909004211426,0.8305994272232056,0.0010000000474974513
118,0.7863636612892151,0.8043860793113708,0.0010000000474974513
119,0.7590909004211426,0.8327627182006836,0.0010000000474974513
120,0.7227272987365723,0.8753111958503723,0.0010000000474974513
121,0.7681818008422852,0.851869523525238,0.0010000000474974513
122,0.7409090995788574,0.8631503582000732,0.0010000000474974513
123,0.7909091114997864,0.8389307260513306,0.0010000000474974513
124,0.7545454502105713,0.8417196273803711,0.0010000000474974513
125,0.7954545617103577,0.8015813827514648,0.0010000000474974513
126,0.7863636612892151,0.8087667226791382,0.0010000000474974513
127,0.7727272510528564,0.8047447204589844,0.0010000000474974513
128,0.7772727012634277,0.7942742109298706,0.0010000000474974513
129,0.7636363506317139,0.810503363609314,0.0010000000474974513
130,0.7818182110786438,0.7935935854911804,0.0010000000474974513
131,0.8136363625526428,0.7479102611541748,0.0010000000474974513
132,0.7863636612892151,0.7891037464141846,0.0010000000474974513
133,0.7727272510528564,0.7815165519714355,0.0010000000474974513
134,0.7681818008422852,0.7919395565986633,0.0010000000474974513
135,0.8045454621315002,0.7921091318130493,0.0010000000474974513
136,0.7681818008422852,0.7896839380264282,0.0010000000474974513
137,0.7954545617103577,0.7516865730285645,0.0010000000474974513
138,0.7863636612892151,0.7559467554092407,0.0010000000474974513
139,0.831818163394928,0.7224936485290527,0.0010000000474974513
140,0.8045454621315002,0.7345975041389465,0.0010000000474974513
141,0.831818163394928,0.7098957300186157,0.0010000000474974513
142,0.8136363625526428,0.700867235660553,0.0010000000474974513
143,0.7454545497894287,0.7844700217247009,0.0010000000474974513
144,0.7818182110786438,0.7470923662185669,0.0010000000474974513
145,0.7818182110786438,0.7558187246322632,0.0010000000474974513
146,0.8500000238418579,0.6416906118392944,0.0010000000474974513
147,0.831818163394928,0.6915355324745178,0.0010000000474974513
148,0.8090909123420715,0.7049828171730042,0.0010000000474974513
149,0.8227272629737854,0.7154775857925415,0.0010000000474974513
150,0.8045454621315002,0.7082020044326782,0.0010000000474974513
151,0.8545454740524292,0.6534712910652161,0.0010000000474974513
152,0.8090909123420715,0.6504464149475098,0.0010000000474974513
153,0.8409090638160706,0.6494970917701721,0.0010000000474974513
154,0.8181818127632141,0.6444442272186279,0.0010000000474974513
155,0.8500000238418579,0.6568925380706787,0.0010000000474974513
156,0.7954545617103577,0.7084978818893433,0.0010000000474974513
157,0.8590909242630005,0.6488403081893921,0.0010000000474974513
158,0.8363636136054993,0.6625874042510986,0.0010000000474974513
159,0.8500000238418579,0.6761430501937866,0.0010000000474974513
160,0.8590909242630005,0.6088395714759827,0.0010000000474974513
161,0.8181818127632141,0.5943797826766968,0.0010000000474974513
162,0.8590909242630005,0.5973938703536987,0.0010000000474974513
163,0.8772727251052856,0.5606749653816223,0.0010000000474974513
164,0.8772727251052856,0.5519461631774902,0.0010000000474974513
165,0.8545454740524292,0.5558678507804871,0.0010000000474974513
166,0.8818181753158569,0.5668801665306091,0.0010000000474974513
167,0.8681818246841431,0.5922418832778931,0.0010000000474974513
168,0.8545454740524292,0.5686298608779907,0.0010000000474974513
169,0.8500000238418579,0.5802985429763794,0.0010000000474974513
170,0.8727272748947144,0.601813018321991,0.0010000000474974513
171,0.9090909361839294,0.5007768869400024,0.0010000000474974513
172,0.8727272748947144,0.5099746584892273,0.0010000000474974513
173,0.8863636255264282,0.5777084827423096,0.0010000000474974513
174,0.8590909242630005,0.5284286737442017,0.0010000000474974513
175,0.8545454740524292,0.5787664651870728,0.0010000000474974513
176,0.8590909242630005,0.5319092869758606,0.0010000000474974513
177,0.8772727251052856,0.5071374773979187,0.0010000000474974513
178,0.8727272748947144,0.5219653844833374,0.0010000000474974513
179,0.8772727251052856,0.5472057461738586,0.0010000000474974513
180,0.8545454740524292,0.5469269752502441,0.0010000000474974513
181,0.8818181753158569,0.5627537369728088,0.0010000000474974513
182,0.8454545736312866,0.5469755530357361,0.0010000000474974513
183,0.8772727251052856,0.5265432000160217,0.0010000000474974513
184,0.9090909361839294,0.4842188358306885,0.0010000000474974513
185,0.918181836605072,0.4427991807460785,0.0010000000474974513
186,0.8863636255264282,0.45485639572143555,0.0010000000474974513
187,0.9227272868156433,0.4317735731601715,0.0010000000474974513
188,0.8954545259475708,0.48288872838020325,0.0010000000474974513
189,0.8636363744735718,0.5126144289970398,0.0010000000474974513
190,0.8590909242630005,0.49922245740890503,0.0010000000474974513
191,0.8681818246841431,0.48850104212760925,0.0010000000474974513
192,0.8999999761581421,0.4890117347240448,0.0010000000474974513
193,0.8954545259475708,0.4920435845851898,0.0010000000474974513
194,0.8954545259475708,0.49647805094718933,0.0010000000474974513
195,0.8727272748947144,0.4779757857322693,0.0010000000474974513
196,0.9409090876579285,0.44030240178108215,0.0010000000474974513
197,0.9363636374473572,0.38965365290641785,0.0010000000474974513
198,0.9318181872367859,0.4020760953426361,0.0010000000474974513
199,0.8909090757369995,0.44182753562927246,0.0010000000474974513
200,0.9136363863945007,0.41945338249206543,0.0010000000474974513
201,0.9363636374473572,0.3937157094478607,0.0010000000474974513
202,0.918181836605072,0.41307923197746277,0.0010000000474974513
203,0.9363636374473572,0.39233821630477905,0.0010000000474974513
204,0.9318181872367859,0.33831948041915894,0.0010000000474974513
205,0.9136363863945007,0.40891799330711365,0.0010000000474974513
206,0.8954545259475708,0.47113949060440063,0.0010000000474974513
207,0.9045454263687134,0.4487110376358032,0.0010000000474974513
208,0.9090909361839294,0.46719712018966675,0.0010000000474974513
209,0.9227272868156433,0.444374680519104,0.0010000000474974513
210,0.9227272868156433,0.40723204612731934,0.0010000000474974513
211,0.9363636374473572,0.3728962242603302,0.0010000000474974513
212,0.8999999761581421,0.38105538487434387,0.0010000000474974513
213,0.9454545378684998,0.3607410788536072,0.0010000000474974513
214,0.9454545378684998,0.34888648986816406,0.0010000000474974513
215,0.949999988079071,0.3369300067424774,0.0010000000474974513
216,0.9318181872367859,0.32432717084884644,0.0010000000474974513
217,0.9227272868156433,0.36918094754219055,0.0010000000474974513
218,0.9545454382896423,0.3345886468887329,0.0010000000474974513
219,0.9545454382896423,0.3511332869529724,0.0010000000474974513
220,0.9136363863945007,0.4080597162246704,0.0010000000474974513
221,0.949999988079071,0.3708246052265167,0.0010000000474974513
222,0.9272727370262146,0.3730705976486206,0.0010000000474974513
223,0.9272727370262146,0.38184118270874023,0.0010000000474974513
224,0.949999988079071,0.30818063020706177,0.0010000000474974513
225,0.9727272987365723,0.2860959768295288,0.0010000000474974513
226,0.9409090876579285,0.30501845479011536,0.0010000000474974513
227,0.9363636374473572,0.30372154712677,0.0010000000474974513
228,0.9681817889213562,0.25830399990081787,0.0010000000474974513
229,0.9545454382896423,0.2995346486568451,0.0010000000474974513
230,0.9409090876579285,0.3560245633125305,0.0010000000474974513
231,0.9545454382896423,0.3107941448688507,0.0010000000474974513
232,0.9590908885002136,0.31563976407051086,0.0010000000474974513
233,0.949999988079071,0.29340890049934387,0.0010000000474974513
234,0.9409090876579285,0.32465028762817383,0.0010000000474974513
235,0.9227272868156433,0.34797921776771545,0.0010000000474974513
236,0.9363636374473572,0.3546138107776642,0.0010000000474974513
237,0.949999988079071,0.31394660472869873,0.0010000000474974513
238,0.9136363863945007,0.3615901470184326,0.0010000000474974513
239,0.9409090876579285,0.3007280230522156,0.0010000000474974513
240,0.9590908885002136,0.3029472827911377,0.0010000000474974513
241,0.949999988079071,0.2810939848423004,0.0010000000474974513
242,0.9681817889213562,0.2754852771759033,0.0010000000474974513
243,0.9454545378684998,0.2818971276283264,0.0010000000474974513
244,0.9727272987365723,0.22386199235916138,0.0010000000474974513
245,0.9863636493682861,0.22889673709869385,0.0010000000474974513
246,0.9636363387107849,0.24245324730873108,0.0010000000474974513
247,0.9409090876579285,0.28922638297080994,0.0010000000474974513
248,0.9545454382896423,0.255328893661499,0.0010000000474974513
249,0.9545454382896423,0.24150420725345612,0.0010000000474974513
250,0.9863636493682861,0.21434614062309265,0.0010000000474974513
251,0.9636363387107849,0.2471773624420166,0.0010000000474974513
252,0.9636363387107849,0.25167495012283325,0.0010000000474974513
253,0.9818181991577148,0.23381493985652924,0.0010000000474974513
254,0.9727272987365723,0.24864515662193298,0.0010000000474974513
255,0.9772727489471436,0.23608563840389252,0.0010000000474974513
256,0.9590908885002136,0.2541373074054718,0.0010000000474974513
257,0.949999988079071,0.24744482338428497,0.0010000000474974513
258,0.9681817889213562,0.23917657136917114,0.0010000000474974513
259,0.949999988079071,0.2337060272693634,0.0010000000474974513
260,0.9772727489471436,0.2124912142753601,0.0010000000474974513
261,0.9909090995788574,0.18389880657196045,0.0010000000474974513
262,0.9636363387107849,0.20648224651813507,0.0010000000474974513
263,0.9818181991577148,0.18747584521770477,0.0010000000474974513
264,0.9863636493682861,0.18904684484004974,0.0010000000474974513
265,0.9954545497894287,0.1454193890094757,0.0010000000474974513
266,0.9909090995788574,0.1537804901599884,0.0010000000474974513
267,0.9727272987365723,0.19009503722190857,0.0010000000474974513
268,0.9636363387107849,0.2335718870162964,0.0010000000474974513
269,0.9227272868156433,0.2921859622001648,0.0010000000474974513
270,0.9545454382896423,0.29433804750442505,0.0010000000474974513
271,0.9772727489471436,0.23853051662445068,0.0010000000474974513
272,0.9772727489471436,0.19692686200141907,0.0010000000474974513
273,0.9590908885002136,0.2305867224931717,0.0010000000474974513
274,0.9454545378684998,0.23525145649909973,0.0010000000474974513
275,0.9363636374473572,0.2794162631034851,0.0010000000474974513
276,0.9727272987365723,0.2585948705673218,0.0010000000474974513
277,0.9727272987365723,0.20413242280483246,0.0010000000474974513
278,0.9636363387107849,0.22984646260738373,0.0010000000474974513
279,0.9545454382896423,0.22510211169719696,0.0010000000474974513
280,0.9772727489471436,0.21280521154403687,0.0010000000474974513
281,0.9636363387107849,0.20703376829624176,0.0010000000474974513
282,0.9863636493682861,0.17444080114364624,0.0010000000474974513
283,0.9772727489471436,0.19590100646018982,0.0010000000474974513
284,0.9909090995788574,0.17845244705677032,0.0010000000474974513
285,0.9727272987365723,0.16775551438331604,0.0010000000474974513
286,0.9954545497894287,0.13981136679649353,0.0010000000474974513
287,0.9863636493682861,0.14897851645946503,0.0010000000474974513
288,0.9863636493682861,0.15327589213848114,0.0010000000474974513
289,0.9818181991577148,0.16146917641162872,0.0010000000474974513
290,0.9727272987365723,0.18125088512897491,0.0010000000474974513
291,0.9727272987365723,0.20327472686767578,0.0010000000474974513
292,0.9772727489471436,0.1846301555633545,0.0010000000474974513
293,0.9636363387107849,0.2089560627937317,0.0010000000474974513
294,0.9681817889213562,0.1901160627603531,0.0010000000474974513
295,0.9818181991577148,0.18312811851501465,0.0010000000474974513
296,0.9772727489471436,0.13957783579826355,0.0010000000474974513
297,0.9954545497894287,0.12139412015676498,0.0010000000474974513
298,1.0,0.09743913263082504,0.0010000000474974513
299,0.9863636493682861,0.11740506440401077,0.0010000000474974513
300,0.9909090995788574,0.1160086989402771,0.0010000000474974513
301,0.9909090995788574,0.11496799439191818,0.0010000000474974513
302,0.9954545497894287,0.11988163739442825,0.0010000000474974513
303,0.9909090995788574,0.13340380787849426,0.0010000000474974513
304,1.0,0.1379135251045227,0.0010000000474974513
305,0.9909090995788574,0.12182696908712387,0.0010000000474974513
306,0.9818181991577148,0.13589315116405487,0.0010000000474974513
307,0.9863636493682861,0.1340009868144989,0.0010000000474974513
308,0.9954545497894287,0.09832924604415894,0.0010000000474974513
309,1.0,0.11470752954483032,0.0010000000474974513
310,0.9863636493682861,0.12229836732149124,0.0010000000474974513
311,0.9909090995788574,0.13237378001213074,0.0010000000474974513
312,0.9863636493682861,0.12401150912046432,0.0010000000474974513
313,0.9909090995788574,0.14553998410701752,0.0010000000474974513
314,0.949999988079071,0.21082495152950287,0.0010000000474974513
315,0.9454545378684998,0.22468449175357819,0.0010000000474974513
316,0.9590908885002136,0.23292723298072815,0.0010000000474974513
317,0.9818181991577148,0.17551137506961823,0.0010000000474974513
318,0.9863636493682861,0.14368082582950592,0.0010000000474974513
319,0.9681817889213562,0.18010808527469635,0.0010000000474974513
320,0.9863636493682861,0.15862761437892914,0.0010000000474974513
321,0.9863636493682861,0.1416584998369217,0.0010000000474974513
322,0.9909090995788574,0.11459334939718246,0.0010000000474974513
323,0.9954545497894287,0.11147850751876831,0.0010000000474974513
324,0.9636363387107849,0.15359549224376678,0.0010000000474974513
325,0.9863636493682861,0.14293885231018066,0.0010000000474974513
326,0.9818181991577148,0.1513127088546753,0.0010000000474974513
327,0.9954545497894287,0.12127294391393661,0.0010000000474974513
328,0.9772727489471436,0.13763748109340668,0.0010000000474974513
329,0.9954545497894287,0.10434053093194962,0.0010000000474974513
330,0.9818181991577148,0.10720152407884598,0.0010000000474974513
331,0.9818181991577148,0.12954948842525482,0.0010000000474974513
332,0.9909090995788574,0.10667134821414948,0.0010000000474974513
333,0.9954545497894287,0.08553845435380936,0.0010000000474974513
334,0.9818181991577148,0.10845746099948883,0.0010000000474974513
335,0.9772727489471436,0.13349030911922455,0.0010000000474974513
336,0.9818181991577148,0.1726994663476944,0.0010000000474974513
337,0.9954545497894287,0.1071988195180893,0.0010000000474974513
338,0.9727272987365723,0.13501352071762085,0.0010000000474974513
339,0.9909090995788574,0.1244082972407341,0.0010000000474974513
340,0.9909090995788574,0.12893721461296082,0.0010000000474974513
341,0.9863636493682861,0.1262941062450409,0.0010000000474974513
342,0.9954545497894287,0.09713626652956009,0.0010000000474974513
343,1.0,0.0766482874751091,0.0010000000474974513
344,1.0,0.08014138787984848,0.0010000000474974513
345,0.9863636493682861,0.0888662189245224,0.0010000000474974513
346,0.9681817889213562,0.1434566080570221,0.0010000000474974513
347,0.9636363387107849,0.1739865094423294,0.0010000000474974513
348,0.9590908885002136,0.17512017488479614,0.0010000000474974513
349,0.9772727489471436,0.17470519244670868,0.0010000000474974513
350,0.9954545497894287,0.12158647924661636,0.0010000000474974513
351,1.0,0.10312259197235107,0.0010000000474974513
352,1.0,0.08354166150093079,0.0010000000474974513
353,0.9909090995788574,0.0643695518374443,0.0010000000474974513
354,0.9818181991577148,0.0933358296751976,0.0010000000474974513
355,0.9681817889213562,0.14168000221252441,0.0010000000474974513
356,0.9636363387107849,0.1773739904165268,0.0010000000474974513
357,0.949999988079071,0.2067001760005951,0.0010000000474974513
358,0.9454545378684998,0.2592346966266632,0.0010000000474974513
359,0.9772727489471436,0.15342310070991516,0.0010000000474974513
360,0.9636363387107849,0.16761566698551178,0.0010000000474974513
361,0.9636363387107849,0.18858814239501953,0.0010000000474974513
362,0.9772727489471436,0.13954001665115356,0.0010000000474974513
363,0.9863636493682861,0.11889030784368515,0.0010000000474974513
364,0.9863636493682861,0.12490267306566238,0.0010000000474974513
365,0.9863636493682861,0.1085522398352623,0.0010000000474974513
366,0.9909090995788574,0.0943230614066124,0.0010000000474974513
367,0.9954545497894287,0.0642452985048294,0.0010000000474974513
368,0.9954545497894287,0.05762845650315285,0.0010000000474974513
369,1.0,0.06421752274036407,0.0010000000474974513
370,1.0,0.05255063995718956,0.0010000000474974513
371,1.0,0.059441857039928436,0.0010000000474974513
372,0.9954545497894287,0.06999557465314865,0.0010000000474974513
373,1.0,0.05577399954199791,0.0010000000474974513
374,1.0,0.06603581458330154,0.0010000000474974513
375,0.9909090995788574,0.08902061730623245,0.0010000000474974513
376,0.9818181991577148,0.11423784494400024,0.0010000000474974513
377,0.9636363387107849,0.1709994226694107,0.0010000000474974513
378,0.9863636493682861,0.13216033577919006,0.0010000000474974513
379,0.9954545497894287,0.10112958401441574,0.0010000000474974513
380,0.9909090995788574,0.10262037068605423,0.0010000000474974513
381,0.9818181991577148,0.11185924708843231,0.0010000000474974513
382,0.9636363387107849,0.14915719628334045,0.0010000000474974513
383,0.9590908885002136,0.18346133828163147,0.0010000000474974513
384,0.9545454382896423,0.19801734387874603,0.0010000000474974513
385,0.9636363387107849,0.17823649942874908,0.0010000000474974513
386,0.9772727489471436,0.12557557225227356,0.0010000000474974513
387,0.9727272987365723,0.1249573677778244,0.0010000000474974513
388,1.0,0.08181491494178772,0.0010000000474974513
389,1.0,0.06783782690763474,0.0010000000474974513
390,1.0,0.05190986767411232,0.0010000000474974513
391,1.0,0.042993783950805664,0.0010000000474974513
392,1.0,0.041268929839134216,0.0010000000474974513
393,0.9954545497894287,0.0441986508667469,0.0010000000474974513
394,1.0,0.04119955375790596,0.0010000000474974513
395,0.9909090995788574,0.04090427607297897,0.0010000000474974513
396,1.0,0.04617494344711304,0.0010000000474974513
397,1.0,0.04318765178322792,0.0010000000474974513
398,1.0,0.04069320484995842,0.0010000000474974513
399,0.9954545497894287,0.04854190722107887,0.0010000000474974513
400,0.9954545497894287,0.044564228504896164,0.0010000000474974513
401,0.9954545497894287,0.055265288800001144,0.0010000000474974513
402,1.0,0.0489540658891201,0.0010000000474974513
403,1.0,0.05694201961159706,0.0010000000474974513
404,0.9954545497894287,0.049725357443094254,0.0010000000474974513
405,0.9954545497894287,0.05723240226507187,0.0010000000474974513
406,0.9863636493682861,0.06876786053180695,0.0010000000474974513
407,0.9863636493682861,0.09461852163076401,0.0010000000474974513
408,0.9545454382896423,0.18810488283634186,0.0010000000474974513
409,0.9136363863945007,0.27434080839157104,0.0010000000474974513
410,0.949999988079071,0.20855405926704407,0.0010000000474974513
411,0.949999988079071,0.2341812551021576,0.0010000000474974513
412,0.9727272987365723,0.17300733923912048,0.0010000000474974513
413,0.9636363387107849,0.14949458837509155,0.0010000000474974513
414,0.9818181991577148,0.12622720003128052,0.0010000000474974513
415,0.9954545497894287,0.0788910761475563,0.0010000000474974513
416,1.0,0.057368285953998566,0.0010000000474974513
417,0.9954545497894287,0.07714914530515671,0.0010000000474974513
418,0.9954545497894287,0.08037371188402176,0.0010000000474974513
419,1.0,0.06623358279466629,0.0010000000474974513
420,1.0,0.046697162091732025,0.0010000000474974513
421,1.0,0.035543039441108704,0.0010000000474974513
422,1.0,0.04401380941271782,0.0010000000474974513
423,1.0,0.031454749405384064,0.0010000000474974513
424,1.0,0.03005807101726532,0.0010000000474974513
425,1.0,0.03097730502486229,0.0010000000474974513
426,1.0,0.0390588752925396,0.0010000000474974513
427,1.0,0.029963014647364616,0.0010000000474974513
428,1.0,0.02865450084209442,0.0010000000474974513
429,1.0,0.029239265248179436,0.0010000000474974513
430,1.0,0.026663877069950104,0.0010000000474974513
431,1.0,0.02634565532207489,0.0010000000474974513
432,1.0,0.0264382716268301,0.0010000000474974513
433,1.0,0.033043112605810165,0.0010000000474974513
434,1.0,0.025836357846856117,0.0010000000474974513
435,1.0,0.022941671311855316,0.0010000000474974513
436,1.0,0.023001231253147125,0.0010000000474974513
437,1.0,0.019314082339406013,0.0010000000474974513
438,1.0,0.02013801410794258,0.0010000000474974513
439,1.0,0.027276644483208656,0.0010000000474974513
440,1.0,0.022616107016801834,0.0010000000474974513
441,1.0,0.02277848869562149,0.0010000000474974513
442,1.0,0.02513762004673481,0.0010000000474974513
443,1.0,0.026159508153796196,0.0010000000474974513
444,1.0,0.025119243189692497,0.0010000000474974513
445,0.9909090995788574,0.04031120985746384,0.0010000000474974513
446,0.9772727489471436,0.08869076520204544,0.0010000000474974513
447,0.9636363387107849,0.15403321385383606,0.0010000000474974513
448,0.9727272987365723,0.16457168757915497,0.0010000000474974513
449,0.9590908885002136,0.19583751261234283,0.0010000000474974513
450,0.9363636374473572,0.2295336276292801,0.0010000000474974513
451,0.9136363863945007,0.28239157795906067,0.0010000000474974513
452,0.9590908885002136,0.18895985186100006,0.0010000000474974513
453,0.9409090876579285,0.24624845385551453,0.0010000000474974513
454,0.9136363863945007,0.2681094706058502,0.0010000000474974513
455,0.918181836605072,0.22170807421207428,0.0010000000474974513
456,0.9863636493682861,0.15203791856765747,0.0010000000474974513
457,0.9727272987365723,0.12917190790176392,0.0010000000474974513
458,1.0,0.07633915543556213,0.0010000000474974513
459,1.0,0.06047569587826729,0.0010000000474974513
460,1.0,0.039317287504673004,0.0010000000474974513
461,1.0,0.032147519290447235,0.0010000000474974513
462,1.0,0.037363748997449875,0.0010000000474974513
463,1.0,0.02664097584784031,0.0010000000474974513
464,1.0,0.03551263362169266,0.0010000000474974513
465,1.0,0.02984781190752983,0.0010000000474974513
466,1.0,0.026312047615647316,0.0010000000474974513
467,1.0,0.025719916447997093,0.0010000000474974513
468,1.0,0.02645651251077652,0.0010000000474974513
469,1.0,0.022870909422636032,0.0010000000474974513
470,1.0,0.021258272230625153,0.0010000000474974513
471,1.0,0.019260970875620842,0.0010000000474974513
472,1.0,0.019569089636206627,0.0010000000474974513
473,1.0,0.018554704263806343,0.0010000000474974513
474,1.0,0.02344660274684429,0.0010000000474974513
475,1.0,0.017648516222834587,0.0010000000474974513
476,1.0,0.01752755045890808,0.0010000000474974513
477,1.0,0.012927168980240822,0.0010000000474974513
478,1.0,0.013167214579880238,0.0010000000474974513
479,1.0,0.014938768930733204,0.0010000000474974513
480,1.0,0.018354028463363647,0.0010000000474974513
481,1.0,0.015979768708348274,0.0010000000474974513
482,1.0,0.01326772104948759,0.0010000000474974513
483,1.0,0.0108037069439888,0.0010000000474974513
484,1.0,0.01184693444520235,0.0010000000474974513
485,1.0,0.012295032851397991,0.0010000000474974513
486,1.0,0.01215128693729639,0.0010000000474974513
487,1.0,0.012784989550709724,0.0010000000474974513
488,1.0,0.015071853064000607,0.0010000000474974513
489,1.0,0.015321166254580021,0.0010000000474974513
490,1.0,0.0164375901222229,0.0010000000474974513
491,1.0,0.015957709401845932,0.0010000000474974513
492,1.0,0.01572442427277565,0.0010000000474974513
493,1.0,0.013169876299798489,0.0010000000474974513
494,1.0,0.015358442440629005,0.0010000000474974513
495,1.0,0.013602104969322681,0.0010000000474974513
496,1.0,0.01700187847018242,0.0010000000474974513
497,1.0,0.013159971684217453,0.0010000000474974513
498,1.0,0.016284098848700523,0.0010000000474974513
499,0.9954545497894287,0.02475077100098133,0.0010000000474974513
500,0.9954545497894287,0.0627230554819107,0.0010000000474974513
501,0.9454545378684998,0.1707763969898224,0.0010000000474974513
502,0.9363636374473572,0.21322405338287354,0.0010000000474974513
503,0.9136363863945007,0.337949275970459,0.0010000000474974513
504,0.9318181872367859,0.23037977516651154,0.0010000000474974513
505,0.9590908885002136,0.19715797901153564,0.0010000000474974513
506,0.949999988079071,0.1975110024213791,0.0010000000474974513
507,0.9772727489471436,0.1483985185623169,0.0010000000474974513
508,0.9681817889213562,0.1444186270236969,0.0010000000474974513
509,0.9636363387107849,0.1470036655664444,0.0010000000474974513
510,0.9772727489471436,0.1426294893026352,0.0010000000474974513
511,0.9863636493682861,0.10465570539236069,0.0010000000474974513
512,0.9954545497894287,0.09082068502902985,0.0010000000474974513
513,1.0,0.07719380408525467,0.0010000000474974513
514,0.9909090995788574,0.07763396203517914,0.0010000000474974513
515,0.9772727489471436,0.10639365762472153,0.0010000000474974513
516,0.9863636493682861,0.10097413510084152,0.0010000000474974513
517,0.9818181991577148,0.10905219614505768,0.0010000000474974513
518,0.9909090995788574,0.09620921313762665,0.0010000000474974513
519,0.9909090995788574,0.07771506160497665,0.0010000000474974513
520,1.0,0.04592513293027878,0.0010000000474974513
521,1.0,0.04422728717327118,0.0010000000474974513
522,1.0,0.03805222362279892,0.0010000000474974513
523,0.9954545497894287,0.03880775347352028,0.0010000000474974513
524,1.0,0.0335557721555233,0.0010000000474974513
525,0.9954545497894287,0.04545500501990318,0.0010000000474974513
526,0.9772727489471436,0.07620913535356522,0.0010000000474974513
527,0.9909090995788574,0.05281777307391167,0.0010000000474974513
528,1.0,0.04478752985596657,0.0010000000474974513
529,0.9954545497894287,0.03694182261824608,0.0010000000474974513
530,1.0,0.028444580733776093,0.0010000000474974513
531,1.0,0.02715267986059189,0.0010000000474974513
532,1.0,0.023067587986588478,0.0010000000474974513
533,1.0,0.018986094743013382,0.0010000000474974513
534,1.0,0.011801300570368767,0.0005000000237487257
535,1.0,0.015104289166629314,0.0005000000237487257
536,1.0,0.01065057422965765,0.0005000000237487257
537,1.0,0.010436007753014565,0.0005000000237487257
538,1.0,0.008944124914705753,0.0005000000237487257
539,1.0,0.011858331970870495,0.0005000000237487257
540,1.0,0.0150031428784132,0.0005000000237487257
541,1.0,0.01132543757557869,0.0005000000237487257
542,1.0,0.010255146771669388,0.0005000000237487257
543,1.0,0.010038206353783607,0.0005000000237487257
544,1.0,0.008289064280688763,0.0005000000237487257
545,1.0,0.012022317387163639,0.0005000000237487257
546,1.0,0.009506815113127232,0.0005000000237487257
547,1.0,0.006660089828073978,0.0005000000237487257
548,1.0,0.00924667902290821,0.0005000000237487257
549,1.0,0.011519321240484715,0.0005000000237487257
550,1.0,0.009501097723841667,0.0005000000237487257
551,1.0,0.007242606021463871,0.0005000000237487257
552,1.0,0.008575696498155594,0.0005000000237487257
553,1.0,0.007491671945899725,0.0005000000237487257
554,1.0,0.00820243265479803,0.0005000000237487257
555,1.0,0.008202637545764446,0.0005000000237487257
556,1.0,0.007224919740110636,0.0005000000237487257
557,1.0,0.007449223194271326,0.0005000000237487257
558,1.0,0.007951119914650917,0.0005000000237487257
559,1.0,0.007574319373816252,0.0005000000237487257
560,1.0,0.008908210322260857,0.0005000000237487257
561,1.0,0.007886113598942757,0.0005000000237487257
562,1.0,0.008745269849896431,0.0005000000237487257
563,1.0,0.00855121947824955,0.0005000000237487257
564,1.0,0.008910604752600193,0.0005000000237487257
565,1.0,0.007026979234069586,0.0005000000237487257
566,1.0,0.008230816572904587,0.0005000000237487257
567,1.0,0.009262722916901112,0.0005000000237487257
568,1.0,0.007098989095538855,0.0005000000237487257
569,1.0,0.005122975911945105,0.0005000000237487257
570,1.0,0.006939621176570654,0.0005000000237487257
571,1.0,0.009224681183695793,0.0005000000237487257
572,1.0,0.010445074178278446,0.0005000000237487257
573,1.0,0.007581441197544336,0.0005000000237487257
574,1.0,0.008846767246723175,0.0005000000237487257
575,1.0,0.007137030828744173,0.0005000000237487257
576,1.0,0.008733122609555721,0.0005000000237487257
577,1.0,0.007100048009306192,0.0005000000237487257
578,1.0,0.006664895918220282,0.0005000000237487257
579,1.0,0.00933943223208189,0.0005000000237487257
580,1.0,0.007213987875729799,0.0005000000237487257
581,1.0,0.00596225168555975,0.0005000000237487257
582,1.0,0.007404692005366087,0.0005000000237487257
583,1.0,0.007989569567143917,0.0005000000237487257
584,1.0,0.006952221505343914,0.0005000000237487257
585,1.0,0.006321422755718231,0.0005000000237487257
586,1.0,0.008093031123280525,0.0005000000237487257
587,1.0,0.005902907345443964,0.0005000000237487257
588,1.0,0.00605353806167841,0.0005000000237487257
589,1.0,0.0056396364234387875,0.0005000000237487257
590,1.0,0.00454647745937109,0.0005000000237487257
591,1.0,0.004704297985881567,0.0005000000237487257
592,1.0,0.005726831033825874,0.0005000000237487257
593,1.0,0.008410249836742878,0.0005000000237487257
594,1.0,0.0072425371035933495,0.0005000000237487257
595,1.0,0.006316573824733496,0.0005000000237487257
596,1.0,0.00675547868013382,0.0005000000237487257
597,1.0,0.005705534014850855,0.0005000000237487257
598,1.0,0.006388532929122448,0.0005000000237487257
599,1.0,0.005454483907669783,0.0005000000237487257
600,1.0,0.006787082180380821,0.0005000000237487257
601,1.0,0.006772608030587435,0.0005000000237487257
602,1.0,0.006397056393325329,0.0005000000237487257
603,1.0,0.0077245538122951984,0.0005000000237487257
604,1.0,0.007610039785504341,0.0005000000237487257
605,1.0,0.005943931173533201,0.0005000000237487257
606,1.0,0.005304040852934122,0.0005000000237487257
607,1.0,0.005711032077670097,0.0005000000237487257
608,1.0,0.00569100072607398,0.0005000000237487257
609,1.0,0.007687051314860582,0.0005000000237487257
610,1.0,0.007278289645910263,0.0005000000237487257
611,1.0,0.007052460685372353,0.0005000000237487257
612,1.0,0.006161281373351812,0.0005000000237487257
613,1.0,0.006790535524487495,0.0005000000237487257
614,1.0,0.006486311089247465,0.0005000000237487257
615,1.0,0.006745186634361744,0.0005000000237487257
616,1.0,0.005596065893769264,0.0005000000237487257
617,1.0,0.005842141341418028,0.0005000000237487257
618,1.0,0.005680867005139589,0.0005000000237487257
619,1.0,0.007347028702497482,0.0005000000237487257
620,1.0,0.010254951193928719,0.0005000000237487257
621,1.0,0.00931733101606369,0.0005000000237487257
622,1.0,0.005966200493276119,0.0005000000237487257
623,1.0,0.007596372161060572,0.0005000000237487257
624,1.0,0.0056343707256019115,0.0005000000237487257
625,1.0,0.00555756688117981,0.0005000000237487257
626,1.0,0.003972908016294241,0.0005000000237487257
627,1.0,0.005997158121317625,0.0005000000237487257
628,1.0,0.007752488367259502,0.0005000000237487257
629,1.0,0.005465371534228325,0.0005000000237487257
630,1.0,0.004728023894131184,0.0005000000237487257
631,1.0,0.006682844366878271,0.0005000000237487257
632,1.0,0.004289391450583935,0.0005000000237487257
633,1.0,0.00611081812530756,0.0005000000237487257
634,1.0,0.0045321290381252766,0.0005000000237487257
635,1.0,0.006318196188658476,0.0005000000237487257
636,1.0,0.008370979689061642,0.0005000000237487257
637,1.0,0.005781581159681082,0.0005000000237487257
638,1.0,0.005647705402225256,0.0005000000237487257
639,1.0,0.005942420102655888,0.0005000000237487257
640,1.0,0.004846098367124796,0.0005000000237487257
641,1.0,0.0051030791364610195,0.0005000000237487257
642,1.0,0.004630377981811762,0.0005000000237487257
643,1.0,0.007384376134723425,0.0005000000237487257
644,1.0,0.00670370040461421,0.0005000000237487257
645,1.0,0.006628707982599735,0.0005000000237487257
646,1.0,0.0053734625689685345,0.0005000000237487257
647,1.0,0.00872250460088253,0.0005000000237487257
648,1.0,0.010295093059539795,0.0005000000237487257
649,1.0,0.009685655124485493,0.0005000000237487257
650,1.0,0.008753257803618908,0.0005000000237487257
651,1.0,0.007398549467325211,0.0005000000237487257
652,1.0,0.008413475006818771,0.0005000000237487257
653,1.0,0.00835542380809784,0.0005000000237487257
654,1.0,0.0062591503374278545,0.0005000000237487257
655,1.0,0.004876273684203625,0.0005000000237487257
656,1.0,0.003889505984261632,0.0005000000237487257
657,1.0,0.004825372248888016,0.0005000000237487257
658,1.0,0.008398089557886124,0.0005000000237487257
659,1.0,0.005920989438891411,0.0005000000237487257
660,1.0,0.006567902863025665,0.0005000000237487257
661,1.0,0.004719409625977278,0.0005000000237487257
662,1.0,0.004698723554611206,0.0005000000237487257
663,1.0,0.004066219553351402,0.0005000000237487257
664,1.0,0.004180176183581352,0.0005000000237487257
665,1.0,0.005721794441342354,0.0005000000237487257
666,1.0,0.007156511768698692,0.0005000000237487257
667,1.0,0.0056001655757427216,0.0005000000237487257
668,1.0,0.004868131130933762,0.0005000000237487257
669,1.0,0.0075727603398263454,0.0005000000237487257
670,1.0,0.0077981906943023205,0.0005000000237487257
671,1.0,0.0060763880610466,0.0005000000237487257
672,1.0,0.00612399447709322,0.0005000000237487257
673,1.0,0.010739864781498909,0.0005000000237487257
674,1.0,0.02617785334587097,0.0005000000237487257
675,0.9909090995788574,0.06270919740200043,0.0005000000237487257
676,0.9318181872367859,0.1933278888463974,0.0005000000237487257
677,0.918181836605072,0.23621991276741028,0.0002500000118743628
678,0.9818181991577148,0.07911471277475357,0.0002500000118743628
679,0.9954545497894287,0.061226122081279755,0.0002500000118743628
680,1.0,0.03560738265514374,0.0002500000118743628
681,1.0,0.019922275096178055,0.0002500000118743628
682,1.0,0.01297025103121996,0.0002500000118743628
683,1.0,0.01749209128320217,0.0002500000118743628
684,1.0,0.013818658888339996,0.0002500000118743628
685,1.0,0.009433765895664692,0.0002500000118743628
686,1.0,0.013420460745692253,0.0002500000118743628
687,1.0,0.007128135301172733,0.0002500000118743628
688,1.0,0.00931293610483408,0.0002500000118743628
689,1.0,0.006952272728085518,0.0002500000118743628
690,1.0,0.00759185291826725,0.0002500000118743628
691,1.0,0.008178877644240856,0.0002500000118743628
692,1.0,0.008829494938254356,0.0002500000118743628
693,1.0,0.006802866235375404,0.0002500000118743628
694,1.0,0.010586717166006565,0.0002500000118743628
695,1.0,0.006011148914694786,0.0002500000118743628
696,1.0,0.007433256134390831,0.0002500000118743628
697,1.0,0.0067297713831067085,0.0002500000118743628
698,1.0,0.011472309939563274,0.0002500000118743628
699,1.0,0.007883138954639435,0.0002500000118743628
700,1.0,0.00791922863572836,0.0002500000118743628
701,1.0,0.00683062057942152,0.0002500000118743628
702,1.0,0.007438936736434698,0.0002500000118743628
703,1.0,0.004830383695662022,0.0002500000118743628
704,1.0,0.005392392165958881,0.0002500000118743628
705,1.0,0.00495843356475234,0.0002500000118743628
706,1.0,0.005992694292217493,0.0002500000118743628
707,1.0,0.0046823653392493725,0.0002500000118743628
708,1.0,0.007649291772395372,0.0002500000118743628
709,1.0,0.005196564830839634,0.0002500000118743628
710,1.0,0.004523229319602251,0.0002500000118743628
711,1.0,0.004839252680540085,0.0002500000118743628
712,1.0,0.004708413500338793,0.0002500000118743628
713,1.0,0.005648354534059763,0.0002500000118743628
714,1.0,0.004901033826172352,0.0002500000118743628
715,1.0,0.004619737155735493,0.0002500000118743628
716,1.0,0.00469082361087203,0.0002500000118743628
717,1.0,0.004579981788992882,0.0002500000118743628
718,1.0,0.004880884196609259,0.0002500000118743628
719,1.0,0.006250742357224226,0.0002500000118743628
720,1.0,0.005844044033437967,0.0002500000118743628
721,1.0,0.004638439975678921,0.0002500000118743628
722,1.0,0.005272876471281052,0.0002500000118743628
723,1.0,0.005265781190246344,0.0002500000118743628
724,1.0,0.004199892282485962,0.0002500000118743628
725,1.0,0.004236716777086258,0.0002500000118743628
726,1.0,0.004310432821512222,0.0002500000118743628
727,1.0,0.003744038287550211,0.0001250000059371814
728,1.0,0.0030085884500294924,0.0001250000059371814
729,1.0,0.003294349182397127,0.0001250000059371814
730,1.0,0.0078744450584054,0.0001250000059371814
731,1.0,0.004733470268547535,0.0001250000059371814
732,1.0,0.00535590061917901,0.0001250000059371814
733,1.0,0.004039968829602003,0.0001250000059371814
734,1.0,0.0038522519171237946,0.0001250000059371814
735,1.0,0.003992184065282345,0.0001250000059371814
736,1.0,0.004149958025664091,0.0001250000059371814
737,1.0,0.004070835653692484,0.0001250000059371814
738,1.0,0.003974256571382284,0.0001250000059371814
739,1.0,0.00469015771523118,0.0001250000059371814
740,1.0,0.0036662800703197718,0.0001250000059371814
741,1.0,0.0033366908319294453,0.0001250000059371814
742,1.0,0.0037791403010487556,0.0001250000059371814
743,1.0,0.005135485902428627,0.0001250000059371814
744,1.0,0.0037091104313731194,0.0001250000059371814
745,1.0,0.004299975465983152,0.0001250000059371814
746,1.0,0.0037639932706952095,0.0001250000059371814
747,1.0,0.0041002859361469746,0.0001250000059371814
748,1.0,0.0034516898449510336,0.0001250000059371814
749,1.0,0.0038880682550370693,0.0001250000059371814
750,1.0,0.003941518720239401,0.0001250000059371814
751,1.0,0.005280214361846447,0.0001250000059371814
752,1.0,0.0044845412485301495,0.0001250000059371814
753,1.0,0.003603503806516528,0.0001250000059371814
754,1.0,0.0033584213815629482,0.0001250000059371814
755,1.0,0.00529648270457983,0.0001250000059371814
756,1.0,0.0037319951225072145,0.0001250000059371814
757,1.0,0.004654750693589449,0.0001250000059371814
758,1.0,0.004034398589283228,0.0001250000059371814
759,1.0,0.004017135594040155,0.0001250000059371814
760,1.0,0.003050842322409153,0.0001250000059371814
761,1.0,0.004256862215697765,0.0001250000059371814
762,1.0,0.0030636677984148264,0.0001250000059371814
763,1.0,0.004755895584821701,0.0001250000059371814
764,1.0,0.003768456866964698,0.0001250000059371814
765,1.0,0.005647914484143257,0.0001250000059371814
766,1.0,0.0038275879342108965,0.0001250000059371814
767,1.0,0.0031428702641278505,0.0001250000059371814
768,1.0,0.0035680814180523157,0.0001250000059371814
769,1.0,0.0051881964318454266,0.0001250000059371814
770,1.0,0.006033074110746384,0.0001250000059371814
771,1.0,0.0036847214214503765,0.0001250000059371814
772,1.0,0.003562686499208212,0.0001250000059371814
773,1.0,0.004536633379757404,0.0001250000059371814
774,1.0,0.0035273211542516947,0.0001250000059371814
775,1.0,0.004588017240166664,0.0001250000059371814
776,1.0,0.004456611815840006,0.0001250000059371814
777,1.0,0.005225788801908493,0.0001250000059371814
778,1.0,0.003343181451782584,0.0001250000059371814
779,1.0,0.004078104626387358,9.999999747378752e-05
780,1.0,0.005144102498888969,9.999999747378752e-05
781,1.0,0.0029798843897879124,9.999999747378752e-05
782,1.0,0.0035394674632698298,9.999999747378752e-05
783,1.0,0.003587747225537896,9.999999747378752e-05
784,1.0,0.004688282497227192,9.999999747378752e-05
785,1.0,0.0052027273923158646,9.999999747378752e-05
786,1.0,0.003232154995203018,9.999999747378752e-05
787,1.0,0.0037590796127915382,9.999999747378752e-05
788,1.0,0.004779104609042406,9.999999747378752e-05
789,1.0,0.003022844670340419,9.999999747378752e-05
790,1.0,0.003660718910396099,9.999999747378752e-05
791,1.0,0.003344835015013814,9.999999747378752e-05
792,1.0,0.0033718477934598923,9.999999747378752e-05
793,1.0,0.0034235967323184013,9.999999747378752e-05
794,1.0,0.0033078230917453766,9.999999747378752e-05
795,1.0,0.006157777737826109,9.999999747378752e-05
796,1.0,0.0038838833570480347,9.999999747378752e-05
797,1.0,0.0036392081528902054,9.999999747378752e-05
798,1.0,0.0035922639071941376,9.999999747378752e-05
799,1.0,0.002837591338902712,9.999999747378752e-05
800,1.0,0.003256546799093485,9.999999747378752e-05
801,1.0,0.0026969523169100285,9.999999747378752e-05
802,1.0,0.0032662961166352034,9.999999747378752e-05
803,1.0,0.003368317848071456,9.999999747378752e-05
804,1.0,0.003954191226512194,9.999999747378752e-05
805,1.0,0.0036974505055695772,9.999999747378752e-05
806,1.0,0.00425892136991024,9.999999747378752e-05
807,1.0,0.0032255412079393864,9.999999747378752e-05
808,1.0,0.0038040978834033012,9.999999747378752e-05
809,1.0,0.004644119646400213,9.999999747378752e-05
810,1.0,0.0029553924687206745,9.999999747378752e-05
811,1.0,0.004042737185955048,9.999999747378752e-05
812,1.0,0.00340088433586061,9.999999747378752e-05
813,1.0,0.003801595652475953,9.999999747378752e-05
814,1.0,0.003010416869074106,9.999999747378752e-05
815,1.0,0.0029799414332956076,9.999999747378752e-05
816,1.0,0.003141352441161871,9.999999747378752e-05
817,1.0,0.0034734178334474564,9.999999747378752e-05
818,1.0,0.004581361077725887,9.999999747378752e-05
819,1.0,0.0029682086315006018,9.999999747378752e-05
820,1.0,0.0032094218768179417,9.999999747378752e-05
821,1.0,0.0030490015633404255,9.999999747378752e-05
822,1.0,0.0034076564479619265,9.999999747378752e-05
823,1.0,0.0024696411564946175,9.999999747378752e-05
824,1.0,0.003831836860626936,9.999999747378752e-05
825,1.0,0.0029236329719424248,9.999999747378752e-05
826,1.0,0.0026815978344529867,9.999999747378752e-05
827,1.0,0.002920471364632249,9.999999747378752e-05
828,1.0,0.0026754054706543684,9.999999747378752e-05
829,1.0,0.003253589617088437,9.999999747378752e-05
830,1.0,0.003412440186366439,9.999999747378752e-05
831,1.0,0.003748679766431451,9.999999747378752e-05
832,1.0,0.0031440688762813807,9.999999747378752e-05
833,1.0,0.0030485878232866526,9.999999747378752e-05
834,1.0,0.0037578647024929523,9.999999747378752e-05
835,1.0,0.003607730148360133,9.999999747378752e-05
836,1.0,0.0050156028009951115,9.999999747378752e-05
837,1.0,0.002890191273763776,9.999999747378752e-05
838,1.0,0.0035918899811804295,9.999999747378752e-05
839,1.0,0.003946949262171984,9.999999747378752e-05
840,1.0,0.002225455129519105,9.999999747378752e-05
841,1.0,0.0035151683259755373,9.999999747378752e-05
842,1.0,0.0031097594182938337,9.999999747378752e-05
843,1.0,0.0031126930844038725,9.999999747378752e-05
844,1.0,0.0030509040225297213,9.999999747378752e-05
845,1.0,0.002198911737650633,9.999999747378752e-05
846,1.0,0.0029109478928148746,9.999999747378752e-05
847,1.0,0.002798131899908185,9.999999747378752e-05
848,1.0,0.002983362879604101,9.999999747378752e-05
849,1.0,0.0031778872944414616,9.999999747378752e-05
850,1.0,0.002670312998816371,9.999999747378752e-05
851,1.0,0.0040110270492732525,9.999999747378752e-05
852,1.0,0.003912700340151787,9.999999747378752e-05
853,1.0,0.002169814193621278,9.999999747378752e-05
854,1.0,0.003094292478635907,9.999999747378752e-05
855,1.0,0.0032325363717973232,9.999999747378752e-05
856,1.0,0.0024724944960325956,9.999999747378752e-05
857,1.0,0.003247437532991171,9.999999747378752e-05
858,1.0,0.00283843744546175,9.999999747378752e-05
859,1.0,0.003188605420291424,9.999999747378752e-05
860,1.0,0.0030008023604750633,9.999999747378752e-05
861,1.0,0.003945762757211924,9.999999747378752e-05
862,1.0,0.002696074778214097,9.999999747378752e-05
863,1.0,0.003685795469209552,9.999999747378752e-05
864,1.0,0.0034929097164422274,9.999999747378752e-05
865,1.0,0.002968940418213606,9.999999747378752e-05
866,1.0,0.003921789117157459,9.999999747378752e-05
867,1.0,0.003516046330332756,9.999999747378752e-05
868,1.0,0.004032364580780268,9.999999747378752e-05
869,1.0,0.002686209511011839,9.999999747378752e-05
870,1.0,0.003583749756217003,9.999999747378752e-05
871,1.0,0.0031353698577731848,9.999999747378752e-05
872,1.0,0.003912356682121754,9.999999747378752e-05
873,1.0,0.0033923937007784843,9.999999747378752e-05
874,1.0,0.003218508092686534,9.999999747378752e-05
875,1.0,0.0028823295142501593,9.999999747378752e-05
876,1.0,0.003709376323968172,9.999999747378752e-05
877,1.0,0.003645850345492363,9.999999747378752e-05
878,1.0,0.0026245133485645056,9.999999747378752e-05
879,1.0,0.002206153701990843,9.999999747378752e-05
880,1.0,0.003697397420182824,9.999999747378752e-05
881,1.0,0.0026933203916996717,9.999999747378752e-05
882,1.0,0.0035233492963016033,9.999999747378752e-05
883,1.0,0.0031145948451012373,9.999999747378752e-05
884,1.0,0.0029036880005151033,9.999999747378752e-05
885,1.0,0.002832221332937479,9.999999747378752e-05
886,1.0,0.0029769069515168667,9.999999747378752e-05
887,1.0,0.003551956033334136,9.999999747378752e-05
888,1.0,0.0034396613482385874,9.999999747378752e-05
889,1.0,0.0025922865606844425,9.999999747378752e-05
890,1.0,0.0023915073834359646,9.999999747378752e-05
891,1.0,0.0027839697431772947,9.999999747378752e-05
892,1.0,0.002573769772425294,9.999999747378752e-05
893,1.0,0.004097586497664452,9.999999747378752e-05
894,1.0,0.0034184271935373545,9.999999747378752e-05
895,1.0,0.0030077784322202206,9.999999747378752e-05
896,1.0,0.0027943819295614958,9.999999747378752e-05
897,1.0,0.002140030264854431,9.999999747378752e-05
898,1.0,0.003014561254531145,9.999999747378752e-05
899,1.0,0.0025012604892253876,9.999999747378752e-05
900,1.0,0.00247315620072186,9.999999747378752e-05
901,1.0,0.003833916736766696,9.999999747378752e-05
902,1.0,0.003734105732291937,9.999999747378752e-05
903,1.0,0.002389838919043541,9.999999747378752e-05
904,1.0,0.0034597269259393215,9.999999747378752e-05
905,1.0,0.004120506811887026,9.999999747378752e-05
906,1.0,0.002731806132942438,9.999999747378752e-05
907,1.0,0.002569252159446478,9.999999747378752e-05
908,1.0,0.0027910631615668535,9.999999747378752e-05
909,1.0,0.003739852225407958,9.999999747378752e-05
910,1.0,0.0024880182463675737,9.999999747378752e-05
911,1.0,0.002681138925254345,9.999999747378752e-05
912,1.0,0.002370761940255761,9.999999747378752e-05
913,1.0,0.0025497477035969496,9.999999747378752e-05
914,1.0,0.0021271833684295416,9.999999747378752e-05
915,1.0,0.003219969803467393,9.999999747378752e-05
916,1.0,0.0025079266633838415,9.999999747378752e-05
917,1.0,0.003824233775958419,9.999999747378752e-05
918,1.0,0.002168830716982484,9.999999747378752e-05
919,1.0,0.004810870159417391,9.999999747378752e-05
920,1.0,0.0025790217332541943,9.999999747378752e-05
921,1.0,0.004001836758106947,9.999999747378752e-05
922,1.0,0.0028238422237336636,9.999999747378752e-05
923,1.0,0.0031850652303546667,9.999999747378752e-05
924,1.0,0.002896772464737296,9.999999747378752e-05
925,1.0,0.002087651053443551,9.999999747378752e-05
926,1.0,0.003124452894553542,9.999999747378752e-05
927,1.0,0.002146489918231964,9.999999747378752e-05
928,1.0,0.0025980465579777956,9.999999747378752e-05
929,1.0,0.0018517924472689629,9.999999747378752e-05
930,1.0,0.0031162716913968325,9.999999747378752e-05
931,1.0,0.0021941466256976128,9.999999747378752e-05
932,1.0,0.0021197758615016937,9.999999747378752e-05
933,1.0,0.0024131203535944223,9.999999747378752e-05
934,1.0,0.00201210705563426,9.999999747378752e-05
935,1.0,0.002364789368584752,9.999999747378752e-05
936,1.0,0.0035149643663316965,9.999999747378752e-05
937,1.0,0.0027084825560450554,9.999999747378752e-05
938,1.0,0.004120247904211283,9.999999747378752e-05
939,1.0,0.0031092010904103518,9.999999747378752e-05
940,1.0,0.0025809314101934433,9.999999747378752e-05
941,1.0,0.003008450148627162,9.999999747378752e-05
942,1.0,0.0023578337859362364,9.999999747378752e-05
943,1.0,0.0028262471314519644,9.999999747378752e-05
944,1.0,0.004584725014865398,9.999999747378752e-05
945,1.0,0.003622148185968399,9.999999747378752e-05
946,1.0,0.002415979281067848,9.999999747378752e-05
947,1.0,0.004318962339311838,9.999999747378752e-05
948,1.0,0.0024720036890357733,9.999999747378752e-05
949,1.0,0.0030907222535461187,9.999999747378752e-05
950,1.0,0.0022310654167085886,9.999999747378752e-05
951,1.0,0.002757239853963256,9.999999747378752e-05
952,1.0,0.00312065239995718,9.999999747378752e-05
953,1.0,0.0028117906767874956,9.999999747378752e-05
954,1.0,0.0024533222895115614,9.999999747378752e-05
955,1.0,0.0026759731117635965,9.999999747378752e-05
956,1.0,0.0019175424240529537,9.999999747378752e-05
957,1.0,0.0024161282926797867,9.999999747378752e-05
958,1.0,0.0028552161529660225,9.999999747378752e-05
959,1.0,0.002747702645137906,9.999999747378752e-05
960,1.0,0.002170984400436282,9.999999747378752e-05
961,1.0,0.0021204643417149782,9.999999747378752e-05
962,1.0,0.002818524604663253,9.999999747378752e-05
963,1.0,0.0025153474416583776,9.999999747378752e-05
964,1.0,0.0030845566652715206,9.999999747378752e-05
965,1.0,0.0019405243219807744,9.999999747378752e-05
966,1.0,0.0019131297012791038,9.999999747378752e-05
967,1.0,0.0027263800147920847,9.999999747378752e-05
968,1.0,0.0025009966921061277,9.999999747378752e-05
969,1.0,0.0025374763645231724,9.999999747378752e-05
970,1.0,0.00316427880898118,9.999999747378752e-05
971,1.0,0.003292131470516324,9.999999747378752e-05
972,1.0,0.002026171190664172,9.999999747378752e-05
973,1.0,0.003388590645045042,9.999999747378752e-05
974,1.0,0.003197799203917384,9.999999747378752e-05
975,1.0,0.0026578661054372787,9.999999747378752e-05
976,1.0,0.0027829522732645273,9.999999747378752e-05
977,1.0,0.001791329705156386,9.999999747378752e-05
978,1.0,0.003720909357070923,9.999999747378752e-05
979,1.0,0.0021698512136936188,9.999999747378752e-05
980,1.0,0.002524454379454255,9.999999747378752e-05
981,1.0,0.0016882875934243202,9.999999747378752e-05
982,1.0,0.002806498436257243,9.999999747378752e-05
983,1.0,0.002802088623866439,9.999999747378752e-05
984,1.0,0.0027722276281565428,9.999999747378752e-05
985,1.0,0.0023192130029201508,9.999999747378752e-05
986,1.0,0.002525107702240348,9.999999747378752e-05
987,1.0,0.002193257911130786,9.999999747378752e-05
988,1.0,0.0037472378462553024,9.999999747378752e-05
989,1.0,0.002434652065858245,9.999999747378752e-05
990,1.0,0.002000281121581793,9.999999747378752e-05
991,1.0,0.002692011184990406,9.999999747378752e-05
992,1.0,0.0017512605991214514,9.999999747378752e-05
993,1.0,0.002451743232086301,9.999999747378752e-05
994,1.0,0.0018036740366369486,9.999999747378752e-05
995,1.0,0.002474728971719742,9.999999747378752e-05
996,1.0,0.0017251592362299562,9.999999747378752e-05
997,1.0,0.004206005949527025,9.999999747378752e-05
998,1.0,0.003234513569623232,9.999999747378752e-05
999,1.0,0.002625352470204234,9.999999747378752e-05
1000,1.0,0.0027951064985245466,9.999999747378752e-05
1001,1.0,0.0025753125082701445,9.999999747378752e-05
1002,1.0,0.0026340647600591183,9.999999747378752e-05
1003,1.0,0.0029860916547477245,9.999999747378752e-05
1004,1.0,0.0029550516046583652,9.999999747378752e-05
1005,1.0,0.002540309214964509,9.999999747378752e-05
1006,1.0,0.00236161588691175,9.999999747378752e-05
1007,1.0,0.0018465927569195628,9.999999747378752e-05
1008,1.0,0.0028263211715966463,9.999999747378752e-05
1009,1.0,0.0029054908081889153,9.999999747378752e-05
1010,1.0,0.0022871792316436768,9.999999747378752e-05
1011,1.0,0.002359964419156313,9.999999747378752e-05
1012,1.0,0.002060394501313567,9.999999747378752e-05
1013,1.0,0.0025070614647120237,9.999999747378752e-05
1014,1.0,0.0021446743048727512,9.999999747378752e-05
1015,1.0,0.0020609984640032053,9.999999747378752e-05
1016,1.0,0.0024690094869583845,9.999999747378752e-05
1017,1.0,0.0037747800815850496,9.999999747378752e-05
1018,1.0,0.003302269149571657,9.999999747378752e-05
1019,1.0,0.0029675194527953863,9.999999747378752e-05
1020,1.0,0.0020440276712179184,9.999999747378752e-05
1021,1.0,0.003194684162735939,9.999999747378752e-05
1022,1.0,0.0035811811685562134,9.999999747378752e-05
1023,1.0,0.0020922354888170958,9.999999747378752e-05
1024,1.0,0.003253678325563669,9.999999747378752e-05
1025,1.0,0.0020163492299616337,9.999999747378752e-05
1026,1.0,0.002668259898200631,9.999999747378752e-05
1027,1.0,0.0017888436559587717,9.999999747378752e-05
1028,1.0,0.0035050278529524803,9.999999747378752e-05
1029,1.0,0.002790851518511772,9.999999747378752e-05
1030,1.0,0.0018840577686205506,9.999999747378752e-05
1031,1.0,0.002331250347197056,9.999999747378752e-05
1032,1.0,0.0027416644152253866,9.999999747378752e-05
1033,1.0,0.005574660375714302,9.999999747378752e-05
1034,0.9909090995788574,0.018589263781905174,9.999999747378752e-05
1035,1.0,0.014560360461473465,9.999999747378752e-05
1036,1.0,0.007459008134901524,9.999999747378752e-05
1037,1.0,0.005996024701744318,9.999999747378752e-05
1038,1.0,0.004736548289656639,9.999999747378752e-05
1039,1.0,0.002648128429427743,9.999999747378752e-05
1040,1.0,0.0035436395555734634,9.999999747378752e-05
1041,1.0,0.0022769086062908173,9.999999747378752e-05
1042,1.0,0.0031261283438652754,9.999999747378752e-05
1043,1.0,0.002526686294004321,9.999999747378752e-05
1044,1.0,0.0029210199136286974,9.999999747378752e-05
1045,1.0,0.002127691637724638,9.999999747378752e-05
1046,1.0,0.002043145475909114,9.999999747378752e-05
1047,1.0,0.0030591620597988367,9.999999747378752e-05
1048,1.0,0.003014997811987996,9.999999747378752e-05
1049,1.0,0.0021612111013382673,9.999999747378752e-05
1050,1.0,0.004337536636739969,9.999999747378752e-05
1051,1.0,0.0021006078459322453,9.999999747378752e-05
1052,1.0,0.0027258782647550106,9.999999747378752e-05
1053,1.0,0.002375661162659526,9.999999747378752e-05
1054,1.0,0.001908733043819666,9.999999747378752e-05
1055,1.0,0.001979673281311989,9.999999747378752e-05
1056,1.0,0.0024464265443384647,9.999999747378752e-05
1057,1.0,0.0032243847381323576,9.999999747378752e-05
1058,1.0,0.0015948043437674642,9.999999747378752e-05
1059,1.0,0.00273330882191658,9.999999747378752e-05
1060,1.0,0.0016662119887769222,9.999999747378752e-05
1061,1.0,0.0018746856367215514,9.999999747378752e-05
1062,1.0,0.0020300087053328753,9.999999747378752e-05
1063,1.0,0.001774013857357204,9.999999747378752e-05
1064,1.0,0.0023951795883476734,9.999999747378752e-05
1065,1.0,0.002369675785303116,9.999999747378752e-05
1066,1.0,0.0018757065990939736,9.999999747378752e-05
1067,1.0,0.001729684416204691,9.999999747378752e-05
1068,1.0,0.0024018341209739447,9.999999747378752e-05
1069,1.0,0.0020401752553880215,9.999999747378752e-05
1070,1.0,0.0014056231593713164,9.999999747378752e-05
1071,1.0,0.002386863576248288,9.999999747378752e-05
1072,1.0,0.002425168640911579,9.999999747378752e-05
1073,1.0,0.0020533462520688772,9.999999747378752e-05
1074,1.0,0.0016440900508314371,9.999999747378752e-05
1075,1.0,0.0014588694320991635,9.999999747378752e-05
1076,1.0,0.002795560983940959,9.999999747378752e-05
1077,1.0,0.0020797622855752707,9.999999747378752e-05
1078,1.0,0.0018770953174680471,9.999999747378752e-05
1079,1.0,0.001857955357991159,9.999999747378752e-05
1080,1.0,0.002988833002746105,9.999999747378752e-05
1081,1.0,0.00236725271679461,9.999999747378752e-05
1082,1.0,0.0015623050276190042,9.999999747378752e-05
1083,1.0,0.0017281202599406242,9.999999747378752e-05
1084,1.0,0.0020608375780284405,9.999999747378752e-05
1085,1.0,0.0017303813947364688,9.999999747378752e-05
1086,1.0,0.002401304431259632,9.999999747378752e-05
1087,1.0,0.001941407797858119,9.999999747378752e-05
1088,1.0,0.001736670732498169,9.999999747378752e-05
1089,1.0,0.001290875836275518,9.999999747378752e-05
1090,1.0,0.002442974131554365,9.999999747378752e-05
1091,1.0,0.0013617441290989518,9.999999747378752e-05
1092,1.0,0.0026620400603860617,9.999999747378752e-05
1093,1.0,0.001576908747665584,9.999999747378752e-05
1094,1.0,0.0016821419121697545,9.999999747378752e-05
1095,1.0,0.0017050810856744647,9.999999747378752e-05
1096,1.0,0.001176623161882162,9.999999747378752e-05
1097,1.0,0.0013776968698948622,9.999999747378752e-05
1098,1.0,0.0023050899617373943,9.999999747378752e-05
1099,1.0,0.0018271036678925157,9.999999747378752e-05
1100,1.0,0.002056901343166828,9.999999747378752e-05
1101,1.0,0.004731415770947933,9.999999747378752e-05
1102,1.0,0.004066887311637402,9.999999747378752e-05
1103,1.0,0.0029110638424754143,9.999999747378752e-05
1104,1.0,0.003517328528687358,9.999999747378752e-05
1105,1.0,0.0021000788547098637,9.999999747378752e-05
1106,1.0,0.0018518916331231594,9.999999747378752e-05
1107,1.0,0.0018812362104654312,9.999999747378752e-05
1108,1.0,0.0017786748940125108,9.999999747378752e-05
1109,1.0,0.001552128465846181,9.999999747378752e-05
1110,1.0,0.0017989031039178371,9.999999747378752e-05
1111,1.0,0.0018066682387143373,9.999999747378752e-05
1112,1.0,0.00170012132730335,9.999999747378752e-05
1113,1.0,0.0021064062602818012,9.999999747378752e-05
1114,1.0,0.0019896316807717085,9.999999747378752e-05
1115,1.0,0.002019823295995593,9.999999747378752e-05
1116,1.0,0.0015258279163390398,9.999999747378752e-05
1117,1.0,0.0020781185012310743,9.999999747378752e-05
1118,1.0,0.0016667780000716448,9.999999747378752e-05
1119,1.0,0.0014350640121847391,9.999999747378752e-05
1120,1.0,0.0015048764180392027,9.999999747378752e-05
1121,1.0,0.0018192826537415385,9.999999747378752e-05
1122,1.0,0.0026295201387256384,9.999999747378752e-05
1123,1.0,0.0015268491115421057,9.999999747378752e-05
1124,1.0,0.0019248301396146417,9.999999747378752e-05
1125,1.0,0.001954857259988785,9.999999747378752e-05
1126,1.0,0.0013254191726446152,9.999999747378752e-05
1127,1.0,0.001499741687439382,9.999999747378752e-05
1128,1.0,0.0021170806139707565,9.999999747378752e-05
1129,1.0,0.00213998812250793,9.999999747378752e-05
1130,1.0,0.0016437573358416557,9.999999747378752e-05
1131,1.0,0.0016600869130343199,9.999999747378752e-05
1132,1.0,0.0020199124701321125,9.999999747378752e-05
1133,1.0,0.0017258519073948264,9.999999747378752e-05
1134,1.0,0.0015622221399098635,9.999999747378752e-05
1135,1.0,0.001774047501385212,9.999999747378752e-05
1136,1.0,0.0020791874267160892,9.999999747378752e-05
1137,1.0,0.0024528526701033115,9.999999747378752e-05
1138,1.0,0.002253342652693391,9.999999747378752e-05
1139,1.0,0.0019447787199169397,9.999999747378752e-05
1140,1.0,0.0019424635684117675,9.999999747378752e-05
1141,1.0,0.0019228665623813868,9.999999747378752e-05
1142,1.0,0.0011722909985110164,9.999999747378752e-05
1143,1.0,0.0027509129140526056,9.999999747378752e-05
1144,1.0,0.001960096415132284,9.999999747378752e-05
1145,1.0,0.0018293859902769327,9.999999747378752e-05
1146,1.0,0.0023162413854151964,9.999999747378752e-05
1147,1.0,0.001326564815826714,9.999999747378752e-05
1148,1.0,0.0018003551522269845,9.999999747378752e-05
1149,1.0,0.0023264966439455748,9.999999747378752e-05
1150,1.0,0.0018764197593554854,9.999999747378752e-05
1151,1.0,0.001401552464812994,9.999999747378752e-05
1152,1.0,0.0020613716915249825,9.999999747378752e-05
1153,1.0,0.002057058969512582,9.999999747378752e-05
1154,1.0,0.0015109286177903414,9.999999747378752e-05
1155,1.0,0.0017081574769690633,9.999999747378752e-05
1156,1.0,0.002234888030216098,9.999999747378752e-05
1157,1.0,0.0016894208965823054,9.999999747378752e-05
1158,1.0,0.0020031968597322702,9.999999747378752e-05
1159,1.0,0.001498616416938603,9.999999747378752e-05
1160,1.0,0.0015971728134900331,9.999999747378752e-05
1161,1.0,0.0011861184611916542,9.999999747378752e-05
1162,1.0,0.0015784912975504994,9.999999747378752e-05
1163,1.0,0.0013016760349273682,9.999999747378752e-05
1164,1.0,0.0023816183675080538,9.999999747378752e-05
1165,1.0,0.0020222559105604887,9.999999747378752e-05
1166,1.0,0.0014594374224543571,9.999999747378752e-05
1167,1.0,0.002429572632536292,9.999999747378752e-05
1168,1.0,0.002226197626441717,9.999999747378752e-05
1169,1.0,0.0021866299211978912,9.999999747378752e-05
1170,1.0,0.0016833420377224684,9.999999747378752e-05
1171,1.0,0.001958268927410245,9.999999747378752e-05
1172,1.0,0.013565653003752232,9.999999747378752e-05
1173,1.0,0.012949693948030472,9.999999747378752e-05
1174,0.9954545497894287,0.023526187986135483,9.999999747378752e-05
1175,0.9954545497894287,0.03727889433503151,9.999999747378752e-05
1176,0.9954545497894287,0.016100043430924416,9.999999747378752e-05
1177,0.9954545497894287,0.015683690086007118,9.999999747378752e-05
1178,0.9954545497894287,0.012388249859213829,9.999999747378752e-05
1179,1.0,0.007776408456265926,9.999999747378752e-05
1180,0.9954545497894287,0.012807806953787804,9.999999747378752e-05
1181,1.0,0.0037240234669297934,9.999999747378752e-05
1182,1.0,0.004421885125339031,9.999999747378752e-05
1183,1.0,0.002269564662128687,9.999999747378752e-05
1184,1.0,0.0020425496622920036,9.999999747378752e-05
1185,1.0,0.002504387404769659,9.999999747378752e-05
1186,1.0,0.0025886562652885914,9.999999747378752e-05
1187,1.0,0.0028790899086743593,9.999999747378752e-05
1188,1.0,0.0017367188120260835,9.999999747378752e-05
1189,1.0,0.001791408401913941,9.999999747378752e-05
1190,1.0,0.0022886809892952442,9.999999747378752e-05
1191,1.0,0.0014478022931143641,9.999999747378752e-05
1192,1.0,0.0024779096711426973,9.999999747378752e-05
1193,1.0,0.0013209293829277158,9.999999747378752e-05
1194,1.0,0.002118656411767006,9.999999747378752e-05
1195,1.0,0.002215486718341708,9.999999747378752e-05
1196,1.0,0.001695900340564549,9.999999747378752e-05
1197,1.0,0.001728423754684627,9.999999747378752e-05
1198,1.0,0.0015047913184389472,9.999999747378752e-05
1199,1.0,0.0019413636764511466,9.999999747378752e-05
1200,1.0,0.0019551299046725035,9.999999747378752e-05
1201,1.0,0.0017408394487574697,9.999999747378752e-05
1202,1.0,0.0017128817271441221,9.999999747378752e-05
1203,1.0,0.0018910771468654275,9.999999747378752e-05
1204,1.0,0.001569489948451519,9.999999747378752e-05
1205,1.0,0.001629530219361186,9.999999747378752e-05
1206,1.0,0.00194961775559932,9.999999747378752e-05
1207,1.0,0.0011904205894097686,9.999999747378752e-05
1208,1.0,0.0016730825882405043,9.999999747378752e-05
1209,1.0,0.00196018791757524,9.999999747378752e-05
1210,1.0,0.001604545395821333,9.999999747378752e-05
1211,1.0,0.0019024815410375595,9.999999747378752e-05
1212,1.0,0.001558205229230225,9.999999747378752e-05
1213,1.0,0.0019046841189265251,9.999999747378752e-05
1214,1.0,0.0015472504310309887,9.999999747378752e-05
1215,1.0,0.001980667235329747,9.999999747378752e-05
1216,1.0,0.001962885959073901,9.999999747378752e-05
1217,1.0,0.001114820595830679,9.999999747378752e-05
1218,1.0,0.0015721817035228014,9.999999747378752e-05
1219,1.0,0.001770926988683641,9.999999747378752e-05
1220,1.0,0.0017905950080603361,9.999999747378752e-05
1221,1.0,0.0017366849351674318,9.999999747378752e-05
1222,1.0,0.0010584803530946374,9.999999747378752e-05
1223,1.0,0.001123439404182136,9.999999747378752e-05
1224,1.0,0.001364468946121633,9.999999747378752e-05
1225,1.0,0.0014084652066230774,9.999999747378752e-05
1226,1.0,0.0015532601391896605,9.999999747378752e-05
1227,1.0,0.001264316844753921,9.999999747378752e-05
1228,1.0,0.000991929555311799,9.999999747378752e-05
1229,1.0,0.001371119637042284,9.999999747378752e-05
1230,1.0,0.001505538122728467,9.999999747378752e-05
1231,1.0,0.0013037256430834532,9.999999747378752e-05
1232,1.0,0.0015655758325010538,9.999999747378752e-05
1233,1.0,0.0010456170421093702,9.999999747378752e-05
1234,1.0,0.001415666425600648,9.999999747378752e-05
1235,1.0,0.001425438211299479,9.999999747378752e-05
1236,1.0,0.001073596766218543,9.999999747378752e-05
1237,1.0,0.0017454749904572964,9.999999747378752e-05
1238,1.0,0.0013345124898478389,9.999999747378752e-05
1239,1.0,0.0010512220906093717,9.999999747378752e-05
1240,1.0,0.002321462146937847,9.999999747378752e-05
1241,1.0,0.0011632374953478575,9.999999747378752e-05
1242,1.0,0.0012656387407332659,9.999999747378752e-05
1243,1.0,0.0010503728408366442,9.999999747378752e-05
1244,1.0,0.0012470120564103127,9.999999747378752e-05
1245,1.0,0.0012246131664142013,9.999999747378752e-05
1246,1.0,0.0013373461551964283,9.999999747378752e-05
1247,1.0,0.0014422766398638487,9.999999747378752e-05
1248,1.0,0.001388940610922873,9.999999747378752e-05
1249,1.0,0.001132062403485179,9.999999747378752e-05
1250,1.0,0.0026291408576071262,9.999999747378752e-05
1251,1.0,0.0024470086209475994,9.999999747378752e-05
1252,1.0,0.001961594447493553,9.999999747378752e-05
1253,1.0,0.001947777927853167,9.999999747378752e-05
1254,1.0,0.00129012914840132,9.999999747378752e-05
1255,1.0,0.001689095632173121,9.999999747378752e-05
1256,1.0,0.0014667320065200329,9.999999747378752e-05
1257,1.0,0.001589606050401926,9.999999747378752e-05
1258,1.0,0.0013850450050085783,9.999999747378752e-05
1259,1.0,0.0014283269410952926,9.999999747378752e-05
1260,1.0,0.0012342899572104216,9.999999747378752e-05
1261,1.0,0.001012234017252922,9.999999747378752e-05
1262,1.0,0.0014519813703373075,9.999999747378752e-05
1263,1.0,0.0012469346402212977,9.999999747378752e-05
1264,1.0,0.0016672802157700062,9.999999747378752e-05
1265,1.0,0.0012895164545625448,9.999999747378752e-05
1266,1.0,0.0012367145391181111,9.999999747378752e-05
1267,1.0,0.0012034919345751405,9.999999747378752e-05
1268,1.0,0.0014958224492147565,9.999999747378752e-05
1269,1.0,0.0014208024367690086,9.999999747378752e-05
1270,1.0,0.0015026595210656524,9.999999747378752e-05
1271,1.0,0.0017548707546666265,9.999999747378752e-05
1272,1.0,0.0017251919489353895,9.999999747378752e-05
1273,1.0,0.001463920809328556,9.999999747378752e-05
1274,1.0,0.0014546100283041596,9.999999747378752e-05
1275,1.0,0.0015817880630493164,9.999999747378752e-05
1276,1.0,0.0013867723755538464,9.999999747378752e-05
1277,1.0,0.0012115172576159239,9.999999747378752e-05
1278,1.0,0.0011235972633585334,9.999999747378752e-05
1279,1.0,0.001112362602725625,9.999999747378752e-05
1280,1.0,0.0010833017295226455,9.999999747378752e-05
1281,1.0,0.0015799656976014376,9.999999747378752e-05
1282,1.0,0.001539800432510674,9.999999747378752e-05
1283,1.0,0.0011954960646107793,9.999999747378752e-05
1284,1.0,0.00164521555416286,9.999999747378752e-05
1285,1.0,0.0015750699676573277,9.999999747378752e-05
1286,1.0,0.0015190676786005497,9.999999747378752e-05
1287,1.0,0.0014696246944367886,9.999999747378752e-05
1288,1.0,0.00110427790787071,9.999999747378752e-05
1289,1.0,0.0010551915038377047,9.999999747378752e-05
1290,1.0,0.0012594701256603003,9.999999747378752e-05
1291,1.0,0.001132893841713667,9.999999747378752e-05
1292,1.0,0.0011274560820311308,9.999999747378752e-05
1293,1.0,0.0010750343790277839,9.999999747378752e-05
1294,1.0,0.0011945455335080624,9.999999747378752e-05
1295,1.0,0.0018760503735393286,9.999999747378752e-05
1296,1.0,0.0015134761342778802,9.999999747378752e-05
1297,1.0,0.0016294339438900352,9.999999747378752e-05
1298,1.0,0.001313145738095045,9.999999747378752e-05
1299,1.0,0.0011889489833265543,9.999999747378752e-05
1300,1.0,0.0014052687911316752,9.999999747378752e-05
1301,1.0,0.0009643625235185027,9.999999747378752e-05
1302,1.0,0.001202535117045045,9.999999747378752e-05
1303,1.0,0.0010616881772875786,9.999999747378752e-05
1304,1.0,0.0013626127038151026,9.999999747378752e-05
1305,1.0,0.0015182746574282646,9.999999747378752e-05
1306,1.0,0.001279672491364181,9.999999747378752e-05
1307,1.0,0.0011410387232899666,9.999999747378752e-05
1308,1.0,0.0010019283508881927,9.999999747378752e-05
1309,1.0,0.0009400681592524052,9.999999747378752e-05
1310,1.0,0.0012201349018141627,9.999999747378752e-05
1311,1.0,0.0012030235957354307,9.999999747378752e-05
1312,1.0,0.001719817752018571,9.999999747378752e-05
1313,1.0,0.0014077622909098864,9.999999747378752e-05
1314,1.0,0.0011555702658370137,9.999999747378752e-05
1315,1.0,0.0016898978501558304,9.999999747378752e-05
1316,1.0,0.0013465527445077896,9.999999747378752e-05
1317,1.0,0.0013805573107674718,9.999999747378752e-05
1318,1.0,0.0014428042341023684,9.999999747378752e-05
1319,1.0,0.0011936848750337958,9.999999747378752e-05
1320,1.0,0.0015494681429117918,9.999999747378752e-05
1321,1.0,0.0009766111616045237,9.999999747378752e-05
1322,1.0,0.0015590607654303312,9.999999747378752e-05
1323,1.0,0.001381874899379909,9.999999747378752e-05
1324,1.0,0.0010390504030510783,9.999999747378752e-05
1325,1.0,0.0010135422926396132,9.999999747378752e-05
1326,1.0,0.0013376252027228475,9.999999747378752e-05
1327,1.0,0.0014637465355917811,9.999999747378752e-05
1328,1.0,0.001296214060857892,9.999999747378752e-05
1329,1.0,0.001120154862292111,9.999999747378752e-05
1330,1.0,0.0010434024734422565,9.999999747378752e-05
1331,1.0,0.0008674411219544709,9.999999747378752e-05
1332,1.0,0.0015315121272578835,9.999999747378752e-05
1333,1.0,0.0011729534016922116,9.999999747378752e-05
1334,1.0,0.0015415250090882182,9.999999747378752e-05
1335,1.0,0.0011435208143666387,9.999999747378752e-05
1336,1.0,0.0013349249493330717,9.999999747378752e-05
1337,1.0,0.000756982306484133,9.999999747378752e-05
1338,1.0,0.0011776182800531387,9.999999747378752e-05
1339,1.0,0.0009310990571975708,9.999999747378752e-05
1340,1.0,0.0015815503429621458,9.999999747378752e-05
1341,1.0,0.0009380039409734309,9.999999747378752e-05
1342,1.0,0.0010495362803339958,9.999999747378752e-05
1343,1.0,0.0013436260633170605,9.999999747378752e-05
1344,1.0,0.0013807662762701511,9.999999747378752e-05
1345,1.0,0.002026261994615197,9.999999747378752e-05
1346,1.0,0.0013533856254070997,9.999999747378752e-05
1347,1.0,0.0019991297740489244,9.999999747378752e-05
1348,1.0,0.00100700871553272,9.999999747378752e-05
1349,1.0,0.0012129561509937048,9.999999747378752e-05
1350,1.0,0.0011916160583496094,9.999999747378752e-05
1351,1.0,0.0012716854689642787,9.999999747378752e-05
1352,1.0,0.0008302132482640445,9.999999747378752e-05
1353,1.0,0.0015126143116503954,9.999999747378752e-05
1354,1.0,0.0011355088790878654,9.999999747378752e-05
1355,1.0,0.0013575477059930563,9.999999747378752e-05
1356,1.0,0.000904108106624335,9.999999747378752e-05
1357,1.0,0.0012558179441839457,9.999999747378752e-05
1358,1.0,0.0010010328842326999,9.999999747378752e-05
1359,1.0,0.00086973822908476,9.999999747378752e-05
1360,1.0,0.000932134862523526,9.999999747378752e-05
1361,1.0,0.0011264999629929662,9.999999747378752e-05
1362,1.0,0.0012236633338034153,9.999999747378752e-05
1363,1.0,0.0014642438618466258,9.999999747378752e-05
1364,1.0,0.0009816435631364584,9.999999747378752e-05
1365,1.0,0.0009071930544450879,9.999999747378752e-05
1366,1.0,0.0010415803408250213,9.999999747378752e-05
1367,1.0,0.001075051841326058,9.999999747378752e-05
1368,1.0,0.002258534776046872,9.999999747378752e-05
1369,1.0,0.0014480833197012544,9.999999747378752e-05
1370,1.0,0.0011355058522894979,9.999999747378752e-05
1371,1.0,0.0009462026646360755,9.999999747378752e-05
1372,1.0,0.0012324280105531216,9.999999747378752e-05
1373,1.0,0.001340104267001152,9.999999747378752e-05
1374,1.0,0.0015971658285707235,9.999999747378752e-05
1375,1.0,0.0013332103844732046,9.999999747378752e-05
1376,1.0,0.0014372598379850388,9.999999747378752e-05
1377,1.0,0.001069589052349329,9.999999747378752e-05
1378,1.0,0.0013608104782178998,9.999999747378752e-05
1379,1.0,0.0018183108186349273,9.999999747378752e-05
1380,1.0,0.0013491378631442785,9.999999747378752e-05
1381,1.0,0.0015963040059432387,9.999999747378752e-05
1382,1.0,0.0015851643402129412,9.999999747378752e-05
1383,1.0,0.001107602147385478,9.999999747378752e-05
1384,1.0,0.001008261926472187,9.999999747378752e-05
1385,1.0,0.0009863674640655518,9.999999747378752e-05
1386,1.0,0.0010760942241176963,9.999999747378752e-05
1387,1.0,0.0013856476871296763,9.999999747378752e-05
1388,1.0,0.0011073417263105512,9.999999747378752e-05
1389,1.0,0.0010298800189048052,9.999999747378752e-05
1390,1.0,0.001440246356651187,9.999999747378752e-05
1391,1.0,0.000895329809281975,9.999999747378752e-05
1392,1.0,0.001028144732117653,9.999999747378752e-05
1393,1.0,0.001809220644645393,9.999999747378752e-05
1394,1.0,0.0017946204170584679,9.999999747378752e-05
1395,1.0,0.0012704248074442148,9.999999747378752e-05
1396,1.0,0.0022319937124848366,9.999999747378752e-05
1397,1.0,0.001936251763254404,9.999999747378752e-05
1398,1.0,0.0017864060355350375,9.999999747378752e-05
1399,1.0,0.0019334572134539485,9.999999747378752e-05
1400,1.0,0.0017650284571573138,9.999999747378752e-05
1401,1.0,0.0012425417080521584,9.999999747378752e-05
1402,1.0,0.0010279820999130607,9.999999747378752e-05
1403,1.0,0.0008928284514695406,9.999999747378752e-05
1404,1.0,0.0011319577461108565,9.999999747378752e-05
1405,1.0,0.0014671095414087176,9.999999747378752e-05
1406,1.0,0.001177696161903441,9.999999747378752e-05
1407,1.0,0.0014925256837159395,9.999999747378752e-05
1408,1.0,0.0009369000908918679,9.999999747378752e-05
1409,1.0,0.0010605189017951488,9.999999747378752e-05
1410,1.0,0.0010624866699799895,9.999999747378752e-05
1411,1.0,0.0011776414467021823,9.999999747378752e-05
1412,1.0,0.0009117230656556785,9.999999747378752e-05
1413,1.0,0.0013417929876595736,9.999999747378752e-05
1414,1.0,0.0012078376021236181,9.999999747378752e-05
1415,1.0,0.001594054396264255,9.999999747378752e-05
1416,1.0,0.001066309167072177,9.999999747378752e-05
1417,1.0,0.0009594410075806081,9.999999747378752e-05
1418,1.0,0.0010673135984688997,9.999999747378752e-05
1419,1.0,0.0014867070131003857,9.999999747378752e-05
1420,1.0,0.0009677231428213418,9.999999747378752e-05
1421,1.0,0.0012748033041134477,9.999999747378752e-05
1422,1.0,0.0010173451155424118,9.999999747378752e-05
1423,1.0,0.0010496836621314287,9.999999747378752e-05
1424,1.0,0.0012268619611859322,9.999999747378752e-05
1425,1.0,0.0017906466964632273,9.999999747378752e-05
1426,1.0,0.0009788243332877755,9.999999747378752e-05
1427,1.0,0.0009268222493119538,9.999999747378752e-05
1428,1.0,0.001142502878792584,9.999999747378752e-05
1429,1.0,0.001258120988495648,9.999999747378752e-05
1430,1.0,0.0009431362268514931,9.999999747378752e-05
1431,1.0,0.0010543182725086808,9.999999747378752e-05
1432,1.0,0.0010640149703249335,9.999999747378752e-05
1433,1.0,0.0007164027192629874,9.999999747378752e-05
1434,1.0,0.0009050301741808653,9.999999747378752e-05
1435,1.0,0.0013014153810217977,9.999999747378752e-05
1436,1.0,0.0008111475617624819,9.999999747378752e-05
1437,1.0,0.001008325139991939,9.999999747378752e-05
1438,1.0,0.0009432572987861931,9.999999747378752e-05
1439,1.0,0.0013859716709703207,9.999999747378752e-05
1440,1.0,0.0012621741043403745,9.999999747378752e-05
1441,1.0,0.001462588901631534,9.999999747378752e-05
1442,1.0,0.0014965863665565848,9.999999747378752e-05
1443,1.0,0.0010539634386077523,9.999999747378752e-05
1444,1.0,0.0009526762296445668,9.999999747378752e-05
1445,1.0,0.000839722400996834,9.999999747378752e-05
1446,1.0,0.0011256902944296598,9.999999747378752e-05
1447,1.0,0.0014035216299816966,9.999999747378752e-05
1448,1.0,0.0010910797864198685,9.999999747378752e-05
1449,1.0,0.0010990472510457039,9.999999747378752e-05
1450,1.0,0.0007444688817486167,9.999999747378752e-05
1451,1.0,0.0010387890506535769,9.999999747378752e-05
1452,1.0,0.0012456392869353294,9.999999747378752e-05
1453,1.0,0.0006921538733877242,9.999999747378752e-05
1454,1.0,0.0012256852351129055,9.999999747378752e-05
1455,1.0,0.0009638358023948967,9.999999747378752e-05
1456,1.0,0.0006829816265963018,9.999999747378752e-05
1457,1.0,0.0007889356929808855,9.999999747378752e-05
1458,1.0,0.0009050409425981343,9.999999747378752e-05
1459,1.0,0.0007769986987113953,9.999999747378752e-05
1460,1.0,0.0007475732127204537,9.999999747378752e-05
1461,1.0,0.0009858288103714585,9.999999747378752e-05
1462,1.0,0.0006383584695868194,9.999999747378752e-05
1463,1.0,0.0010227604070678353,9.999999747378752e-05
1464,1.0,0.0008153386297635734,9.999999747378752e-05
1465,1.0,0.001168448361568153,9.999999747378752e-05
1466,1.0,0.0009862107690423727,9.999999747378752e-05
1467,1.0,0.0014461110113188624,9.999999747378752e-05
1468,1.0,0.0017012525349855423,9.999999747378752e-05
1469,1.0,0.0009462792659178376,9.999999747378752e-05
1470,1.0,0.000991019420325756,9.999999747378752e-05
1471,1.0,0.0009640249190852046,9.999999747378752e-05
1472,1.0,0.0025923035573214293,9.999999747378752e-05
1473,1.0,0.0021159087773412466,9.999999747378752e-05
1474,1.0,0.0019413967384025455,9.999999747378752e-05
1475,1.0,0.001361546921543777,9.999999747378752e-05
1476,1.0,0.0010138569632545114,9.999999747378752e-05
1477,1.0,0.0014591520885005593,9.999999747378752e-05
1478,1.0,0.00426105409860611,9.999999747378752e-05
1479,1.0,0.004298844374716282,9.999999747378752e-05
1480,1.0,0.010190975852310658,9.999999747378752e-05
1481,0.9954545497894287,0.010949214920401573,9.999999747378752e-05
1482,1.0,0.012903155758976936,9.999999747378752e-05
1483,1.0,0.008189421147108078,9.999999747378752e-05
1484,1.0,0.0051112486980855465,9.999999747378752e-05
1485,1.0,0.002105310559272766,9.999999747378752e-05
1486,1.0,0.0028774391394108534,9.999999747378752e-05
1487,1.0,0.0020193683449178934,9.999999747378752e-05
1488,1.0,0.0012557972222566605,9.999999747378752e-05
1489,1.0,0.0017206117045134306,9.999999747378752e-05
1490,1.0,0.0012403003638610244,9.999999747378752e-05
1491,1.0,0.0016664884751662612,9.999999747378752e-05
1492,1.0,0.0012209572596475482,9.999999747378752e-05
1493,1.0,0.0014750899281352758,9.999999747378752e-05
1494,1.0,0.0010637796949595213,9.999999747378752e-05
1495,1.0,0.0013876507291570306,9.999999747378752e-05
1496,1.0,0.0011661163298413157,9.999999747378752e-05
1497,1.0,0.0021081147715449333,9.999999747378752e-05
1498,1.0,0.0014466627035290003,9.999999747378752e-05
1499,1.0,0.0008631257805973291,9.999999747378752e-05
1500,1.0,0.0021798121742904186,9.999999747378752e-05
1501,1.0,0.0013024560175836086,9.999999747378752e-05
1502,1.0,0.0015794566133990884,9.999999747378752e-05
1503,1.0,0.0010463271755725145,9.999999747378752e-05
1504,1.0,0.0015399381518363953,9.999999747378752e-05
1505,1.0,0.0009884111350402236,9.999999747378752e-05
1506,1.0,0.0010045637609437108,9.999999747378752e-05
1507,1.0,0.001025618053972721,9.999999747378752e-05
1508,1.0,0.0009187443647533655,9.999999747378752e-05
1509,1.0,0.001065706484951079,9.999999747378752e-05
1510,1.0,0.0010643544374033809,9.999999747378752e-05
1511,1.0,0.001272042514756322,9.999999747378752e-05
1512,1.0,0.0007717639673501253,9.999999747378752e-05
1513,1.0,0.0012311304453760386,9.999999747378752e-05
1514,1.0,0.0007449386757798493,9.999999747378752e-05
1515,1.0,0.0009898183634504676,9.999999747378752e-05
1516,1.0,0.0007739891880191863,9.999999747378752e-05
1517,1.0,0.000814249156974256,9.999999747378752e-05
1518,1.0,0.0011240048334002495,9.999999747378752e-05
1519,1.0,0.0010165806161239743,9.999999747378752e-05
1520,1.0,0.0009295588824898005,9.999999747378752e-05
1521,1.0,0.0010561818489804864,9.999999747378752e-05
1522,1.0,0.0007268652552738786,9.999999747378752e-05
1523,1.0,0.001131108496338129,9.999999747378752e-05
1524,1.0,0.0010755256516858935,9.999999747378752e-05
1525,1.0,0.0006537656299769878,9.999999747378752e-05
1526,1.0,0.0008100307895801961,9.999999747378752e-05
1527,1.0,0.0007977866334840655,9.999999747378752e-05
1528,1.0,0.0007370983366854489,9.999999747378752e-05
1529,1.0,0.0008706540684215724,9.999999747378752e-05
1530,1.0,0.0008140909485518932,9.999999747378752e-05
1531,1.0,0.0006438703858293593,9.999999747378752e-05
1532,1.0,0.0008667881484143436,9.999999747378752e-05
1533,1.0,0.0006585525115951896,9.999999747378752e-05
1534,1.0,0.0008010784513317049,9.999999747378752e-05
1535,1.0,0.0011815702309831977,9.999999747378752e-05
1536,1.0,0.0010754599934443831,9.999999747378752e-05
1537,1.0,0.0007136518834158778,9.999999747378752e-05
1538,1.0,0.001069033402018249,9.999999747378752e-05
1539,1.0,0.0008696691365912557,9.999999747378752e-05
1540,1.0,0.0010337786516174674,9.999999747378752e-05
1541,1.0,0.0008974405354820192,9.999999747378752e-05
1542,1.0,0.0016316743567585945,9.999999747378752e-05
1543,1.0,0.0010576241184026003,9.999999747378752e-05
1544,1.0,0.0010854246793314815,9.999999747378752e-05
1545,1.0,0.0007751772063784301,9.999999747378752e-05
1546,1.0,0.0011094362707808614,9.999999747378752e-05
1547,1.0,0.0025753409136086702,9.999999747378752e-05
1548,1.0,0.0031206277199089527,9.999999747378752e-05
1549,1.0,0.0039732800796628,9.999999747378752e-05
1550,1.0,0.003655818058177829,9.999999747378752e-05
1551,1.0,0.0013026512460783124,9.999999747378752e-05
1552,1.0,0.0012470941292122006,9.999999747378752e-05
1553,1.0,0.0012155164731666446,9.999999747378752e-05
1554,1.0,0.0017217524582520127,9.999999747378752e-05
1555,1.0,0.0009174669976346195,9.999999747378752e-05
1556,1.0,0.0008043767302297056,9.999999747378752e-05
1557,1.0,0.0005863502738066018,9.999999747378752e-05
1558,1.0,0.0007563882973045111,9.999999747378752e-05
1559,1.0,0.0007344819023273885,9.999999747378752e-05
1560,1.0,0.000758962647523731,9.999999747378752e-05
1561,1.0,0.0011145606404170394,9.999999747378752e-05
1562,1.0,0.0009685783297754824,9.999999747378752e-05
1563,1.0,0.0010391996474936604,9.999999747378752e-05
1564,1.0,0.0007482284563593566,9.999999747378752e-05
1565,1.0,0.0010704720625653863,9.999999747378752e-05
1566,1.0,0.000617272628005594,9.999999747378752e-05
1567,1.0,0.0007772163371555507,9.999999747378752e-05
1568,1.0,0.0008798544877208769,9.999999747378752e-05
1569,1.0,0.0006659880746155977,9.999999747378752e-05
1570,1.0,0.0009242791566066444,9.999999747378752e-05
1571,1.0,0.0007034610025584698,9.999999747378752e-05
1572,1.0,0.0006203736993484199,9.999999747378752e-05
1573,1.0,0.0007061446667648852,9.999999747378752e-05
1574,1.0,0.0007746401242911816,9.999999747378752e-05
1575,1.0,0.000910746690351516,9.999999747378752e-05
1576,1.0,0.000661685538943857,9.999999747378752e-05
1577,1.0,0.0011324859224259853,9.999999747378752e-05
1578,1.0,0.0008339421474374831,9.999999747378752e-05
1579,1.0,0.0007327689090743661,9.999999747378752e-05
1580,1.0,0.001176623860374093,9.999999747378752e-05
1581,1.0,0.0012534033739939332,9.999999747378752e-05
1582,1.0,0.0006682149833068252,9.999999747378752e-05
1583,1.0,0.0009790168842300773,9.999999747378752e-05
1584,1.0,0.0009928066283464432,9.999999747378752e-05
1585,1.0,0.0006479822332039475,9.999999747378752e-05
1586,1.0,0.0008355207974091172,9.999999747378752e-05
1587,1.0,0.0007139565423130989,9.999999747378752e-05
1588,1.0,0.0007808805094100535,9.999999747378752e-05
1589,1.0,0.0006655046599917114,9.999999747378752e-05
1590,1.0,0.0007088283309713006,9.999999747378752e-05
1591,1.0,0.0007858023163862526,9.999999747378752e-05
1592,1.0,0.0005411437014117837,9.999999747378752e-05
1593,1.0,0.0009750126046128571,9.999999747378752e-05
1594,1.0,0.0025583445094525814,9.999999747378752e-05
1595,1.0,0.0010308666387572885,9.999999747378752e-05
1596,1.0,0.0010320633882656693,9.999999747378752e-05
1597,1.0,0.0011511285556480289,9.999999747378752e-05
1598,1.0,0.0008118682890199125,9.999999747378752e-05
1599,1.0,0.0013066647807136178,9.999999747378752e-05
1600,1.0,0.0007426303345710039,9.999999747378752e-05
1601,1.0,0.000993407447822392,9.999999747378752e-05
1602,1.0,0.0009266145643778145,9.999999747378752e-05
1603,1.0,0.0008426724234595895,9.999999747378752e-05
1604,1.0,0.000946666463278234,9.999999747378752e-05
1605,1.0,0.0006402703002095222,9.999999747378752e-05
1606,1.0,0.0008851095335558057,9.999999747378752e-05
1607,1.0,0.0008808718994259834,9.999999747378752e-05
1608,1.0,0.000847842893563211,9.999999747378752e-05
1609,1.0,0.0009375044610351324,9.999999747378752e-05
1610,1.0,0.0009107975638471544,9.999999747378752e-05
1611,1.0,0.0010779111180454493,9.999999747378752e-05
1612,1.0,0.0006701733800582588,9.999999747378752e-05
1613,1.0,0.000703746743965894,9.999999747378752e-05
1614,1.0,0.0006795371882617474,9.999999747378752e-05
1615,1.0,0.0006514330743812025,9.999999747378752e-05
1616,1.0,0.0005889281164854765,9.999999747378752e-05
1617,1.0,0.0013006746303290129,9.999999747378752e-05
1618,1.0,0.0009522207546979189,9.999999747378752e-05
1619,1.0,0.0016518478514626622,9.999999747378752e-05
1620,1.0,0.0007319089490920305,9.999999747378752e-05
1621,1.0,0.0012341749388724566,9.999999747378752e-05
1622,1.0,0.0007105526747182012,9.999999747378752e-05
1623,1.0,0.0005813665920868516,9.999999747378752e-05
1624,1.0,0.0008157385746017098,9.999999747378752e-05
1625,1.0,0.0006780219846405089,9.999999747378752e-05
1626,1.0,0.0007225724984891713,9.999999747378752e-05
1627,1.0,0.0005180884036235511,9.999999747378752e-05
1628,1.0,0.0006042711902409792,9.999999747378752e-05
1629,1.0,0.0005971021018922329,9.999999747378752e-05
1630,1.0,0.0005437955260276794,9.999999747378752e-05
1631,1.0,0.0006934672710485756,9.999999747378752e-05
1632,1.0,0.0006822003051638603,9.999999747378752e-05
1633,1.0,0.0008140396676026285,9.999999747378752e-05
1634,1.0,0.0005424466216936707,9.999999747378752e-05
1635,1.0,0.0007176485378295183,9.999999747378752e-05
1636,1.0,0.00048108247574418783,9.999999747378752e-05
1637,1.0,0.0005647095968015492,9.999999747378752e-05
1638,1.0,0.0008105415618047118,9.999999747378752e-05
1639,1.0,0.000400477641960606,9.999999747378752e-05
1640,1.0,0.0007342782919295132,9.999999747378752e-05
1641,1.0,0.0006636835751123726,9.999999747378752e-05
1642,1.0,0.0005458017694763839,9.999999747378752e-05
1643,1.0,0.0010134612675756216,9.999999747378752e-05
1644,1.0,0.0009775619255378842,9.999999747378752e-05
1645,1.0,0.0010725024621933699,9.999999747378752e-05
1646,1.0,0.0011158142006024718,9.999999747378752e-05
1647,1.0,0.0012391336495056748,9.999999747378752e-05
1648,1.0,0.0008896761573851109,9.999999747378752e-05
1649,1.0,0.0009297776850871742,9.999999747378752e-05
1650,1.0,0.0008662387845106423,9.999999747378752e-05
1651,1.0,0.0009342370321974158,9.999999747378752e-05
1652,1.0,0.001113547128625214,9.999999747378752e-05
1653,1.0,0.0010235588997602463,9.999999747378752e-05
1654,1.0,0.0008055323269218206,9.999999747378752e-05
1655,1.0,0.0007958827773109078,9.999999747378752e-05
1656,1.0,0.000527895346749574,9.999999747378752e-05
1657,1.0,0.0007949905120767653,9.999999747378752e-05
1658,1.0,0.0006448624772019684,9.999999747378752e-05
1659,1.0,0.0006339284591376781,9.999999747378752e-05
1660,1.0,0.0005587319610640407,9.999999747378752e-05
1661,1.0,0.000854940852150321,9.999999747378752e-05
1662,1.0,0.0006276631029322743,9.999999747378752e-05
1663,1.0,0.0006479953299276531,9.999999747378752e-05
1664,1.0,0.0009075580746866763,9.999999747378752e-05
1665,1.0,0.0005411515012383461,9.999999747378752e-05
1666,1.0,0.000722837052308023,9.999999747378752e-05
1667,1.0,0.00042382683022879064,9.999999747378752e-05
1668,1.0,0.0006237817578949034,9.999999747378752e-05
1669,1.0,0.0006093377596698701,9.999999747378752e-05
1670,1.0,0.0005432949401438236,9.999999747378752e-05
1671,1.0,0.0007673798245377839,9.999999747378752e-05
1672,1.0,0.0007055522873997688,9.999999747378752e-05
1673,1.0,0.0006929293740540743,9.999999747378752e-05
1674,1.0,0.0007193509372882545,9.999999747378752e-05
1675,1.0,0.0007149713346734643,9.999999747378752e-05
1676,1.0,0.0008265521028079093,9.999999747378752e-05
1677,1.0,0.0010335493134334683,9.999999747378752e-05
1678,1.0,0.0007286995532922447,9.999999747378752e-05
1679,1.0,0.0009095548884943128,9.999999747378752e-05
1680,1.0,0.0004294712853152305,9.999999747378752e-05
1681,1.0,0.0006078188889659941,9.999999747378752e-05
1682,1.0,0.0005684884381480515,9.999999747378752e-05
1683,1.0,0.0007238656980916858,9.999999747378752e-05
1684,1.0,0.0007499275379814208,9.999999747378752e-05
1685,1.0,0.0009111883700825274,9.999999747378752e-05
1686,1.0,0.000575339247006923,9.999999747378752e-05
1687,1.0,0.0007386049837805331,9.999999747378752e-05
1688,1.0,0.0008917060913518071,9.999999747378752e-05
1689,1.0,0.0007760829757899046,9.999999747378752e-05
1690,1.0,0.0004911890719085932,9.999999747378752e-05
1691,1.0,0.0004489227430894971,9.999999747378752e-05
1692,1.0,0.0008162280428223312,9.999999747378752e-05
1693,1.0,0.0007206436712294817,9.999999747378752e-05
1694,1.0,0.0006529054953716695,9.999999747378752e-05
1695,1.0,0.0006244583637453616,9.999999747378752e-05
1696,1.0,0.0007433321443386376,9.999999747378752e-05
1697,1.0,0.0005381776136346161,9.999999747378752e-05
1698,1.0,0.0008884064736776054,9.999999747378752e-05
1699,1.0,0.0007716543041169643,9.999999747378752e-05
1700,1.0,0.0010820546885952353,9.999999747378752e-05
1701,1.0,0.0007177773513831198,9.999999747378752e-05
1702,1.0,0.0007616868824698031,9.999999747378752e-05
1703,1.0,0.00045190175296738744,9.999999747378752e-05
1704,1.0,0.0006290156743489206,9.999999747378752e-05
1705,1.0,0.0004887498216703534,9.999999747378752e-05
1706,1.0,0.0005655454588122666,9.999999747378752e-05
1707,1.0,0.0009595804149284959,9.999999747378752e-05
1708,1.0,0.0007653286447748542,9.999999747378752e-05
1709,1.0,0.000640828744508326,9.999999747378752e-05
1710,1.0,0.0006516958237625659,9.999999747378752e-05
1711,1.0,0.0006309984601102769,9.999999747378752e-05
1712,1.0,0.0005786489346064627,9.999999747378752e-05
1713,1.0,0.000511231308337301,9.999999747378752e-05
1714,1.0,0.000873112992849201,9.999999747378752e-05
1715,1.0,0.0005750900018028915,9.999999747378752e-05
1716,1.0,0.0004291135410312563,9.999999747378752e-05
1717,1.0,0.0006633448065258563,9.999999747378752e-05
1718,1.0,0.0006622066139243543,9.999999747378752e-05
1719,1.0,0.000890260620508343,9.999999747378752e-05
1720,1.0,0.000684326805640012,9.999999747378752e-05
1721,1.0,0.00046552627463825047,9.999999747378752e-05
1722,1.0,0.00046234778710640967,9.999999747378752e-05
1723,1.0,0.000527242838870734,9.999999747378752e-05
1724,1.0,0.0006810700870119035,9.999999747378752e-05
1725,1.0,0.0005710360128432512,9.999999747378752e-05
1726,1.0,0.0011930895270779729,9.999999747378752e-05
1727,1.0,0.0007568298606202006,9.999999747378752e-05
1728,1.0,0.0010637170635163784,9.999999747378752e-05
1729,1.0,0.0006327790324576199,9.999999747378752e-05
1730,1.0,0.0007217371603474021,9.999999747378752e-05
1731,1.0,0.0006405673921108246,9.999999747378752e-05
1732,1.0,0.0005720736226066947,9.999999747378752e-05
1733,1.0,0.0008861128007993102,9.999999747378752e-05
1734,1.0,0.0006427705520763993,9.999999747378752e-05
1735,1.0,0.0003767568850889802,9.999999747378752e-05
1736,1.0,0.000784624251537025,9.999999747378752e-05
1737,1.0,0.0005353677552193403,9.999999747378752e-05
1738,1.0,0.0006741087418049574,9.999999747378752e-05
1739,1.0,0.0007472325232811272,9.999999747378752e-05
1740,1.0,0.0026494557969272137,9.999999747378752e-05
1741,1.0,0.001185549539513886,9.999999747378752e-05
1742,1.0,0.0013765867333859205,9.999999747378752e-05
1743,1.0,0.0009591878624632955,9.999999747378752e-05
1744,1.0,0.0006584720104001462,9.999999747378752e-05
1745,1.0,0.0007175526116043329,9.999999747378752e-05
1746,1.0,0.0004475619934964925,9.999999747378752e-05
1747,1.0,0.0005826512351632118,9.999999747378752e-05
1748,1.0,0.0005430858582258224,9.999999747378752e-05
1749,1.0,0.00045946455793455243,9.999999747378752e-05
1750,1.0,0.0007327361963689327,9.999999747378752e-05
1751,1.0,0.0006045964546501637,9.999999747378752e-05
1752,1.0,0.0012924036709591746,9.999999747378752e-05
1753,1.0,0.0011042411206290126,9.999999747378752e-05
1754,1.0,0.0012494863476604223,9.999999747378752e-05
1755,1.0,0.0010930910939350724,9.999999747378752e-05
1756,1.0,0.0006401600548997521,9.999999747378752e-05
1757,1.0,0.0005624714540317655,9.999999747378752e-05
1758,1.0,0.0008714641444385052,9.999999747378752e-05
1759,1.0,0.000504123221617192,9.999999747378752e-05
1760,1.0,0.0007641581469215453,9.999999747378752e-05
1761,1.0,0.0006409900379367173,9.999999747378752e-05
1762,1.0,0.0006026619812473655,9.999999747378752e-05
1763,1.0,0.0009927075589075685,9.999999747378752e-05
1764,1.0,0.0017977457027882338,9.999999747378752e-05
1765,1.0,0.004024918656796217,9.999999747378752e-05
1766,0.9909090995788574,0.03929666429758072,9.999999747378752e-05
1767,0.9954545497894287,0.03768118470907211,9.999999747378752e-05
1768,0.9863636493682861,0.053115759044885635,9.999999747378752e-05
1769,0.9863636493682861,0.05190840736031532,9.999999747378752e-05
1770,0.9863636493682861,0.042117539793252945,9.999999747378752e-05
1771,1.0,0.01379585824906826,9.999999747378752e-05
1772,0.9954545497894287,0.01142680924385786,9.999999747378752e-05
1773,1.0,0.007895339280366898,9.999999747378752e-05
1774,1.0,0.0021363082341849804,9.999999747378752e-05
1775,1.0,0.0023925851564854383,9.999999747378752e-05
1776,1.0,0.0015887011541053653,9.999999747378752e-05
1777,1.0,0.001780328806489706,9.999999747378752e-05
1778,1.0,0.0018683013040572405,9.999999747378752e-05
1779,1.0,0.0010710384231060743,9.999999747378752e-05
1780,1.0,0.0013690211344510317,9.999999747378752e-05
1781,1.0,0.0011091834167018533,9.999999747378752e-05
1782,1.0,0.0008517691749148071,9.999999747378752e-05
1783,1.0,0.0011945829028263688,9.999999747378752e-05
1784,1.0,0.0017756301676854491,9.999999747378752e-05
1785,1.0,0.0011911483015865088,9.999999747378752e-05
1786,1.0,0.0018078115535899997,9.999999747378752e-05
1787,1.0,0.0010838883463293314,9.999999747378752e-05
1788,1.0,0.0012825480662286282,9.999999747378752e-05
1789,1.0,0.001116477302275598,9.999999747378752e-05
1790,1.0,0.0012790196342393756,9.999999747378752e-05
1791,1.0,0.001086886739358306,9.999999747378752e-05
1792,1.0,0.0012716649798676372,9.999999747378752e-05
1793,1.0,0.0009481048909947276,9.999999747378752e-05
1794,1.0,0.00142009393312037,9.999999747378752e-05
1795,1.0,0.0008322819485329092,9.999999747378752e-05
1796,1.0,0.0008507798193022609,9.999999747378752e-05
1797,1.0,0.001095765270292759,9.999999747378752e-05
1798,1.0,0.0007950488361530006,9.999999747378752e-05
1799,1.0,0.0012849323684349656,9.999999747378752e-05
1800,1.0,0.0011330072302371264,9.999999747378752e-05
1801,1.0,0.0013225805014371872,9.999999747378752e-05
1802,1.0,0.0015382322017103434,9.999999747378752e-05
1803,1.0,0.0007949780556373298,9.999999747378752e-05
1804,1.0,0.0009647196275182068,9.999999747378752e-05
1805,1.0,0.0018731390591710806,9.999999747378752e-05
1806,1.0,0.0009271555463783443,9.999999747378752e-05
1807,1.0,0.000616075994912535,9.999999747378752e-05
1808,1.0,0.0006537429289892316,9.999999747378752e-05
1809,1.0,0.000894653785508126,9.999999747378752e-05
1810,1.0,0.0006773310014978051,9.999999747378752e-05
1811,1.0,0.0007197239901870489,9.999999747378752e-05
1812,1.0,0.0011486733565106988,9.999999747378752e-05
1813,1.0,0.001147594884969294,9.999999747378752e-05
1814,1.0,0.0009557068115100265,9.999999747378752e-05
1815,1.0,0.0012153934221714735,9.999999747378752e-05
1816,1.0,0.0009860725840553641,9.999999747378752e-05
1817,1.0,0.0006396835087798536,9.999999747378752e-05
1818,1.0,0.0006611869903281331,9.999999747378752e-05
1819,1.0,0.0007042663055472076,9.999999747378752e-05
1820,1.0,0.000793618499301374,9.999999747378752e-05
1821,1.0,0.0017285487847402692,9.999999747378752e-05
1822,1.0,0.0007731599034741521,9.999999747378752e-05
1823,1.0,0.0008955564117059112,9.999999747378752e-05
1824,1.0,0.0008441307581961155,9.999999747378752e-05
1825,1.0,0.0010609477758407593,9.999999747378752e-05
1826,1.0,0.0009654712048359215,9.999999747378752e-05
1827,1.0,0.0008460431126877666,9.999999747378752e-05
1828,1.0,0.0009245143155567348,9.999999747378752e-05
1829,1.0,0.0008946204325184226,9.999999747378752e-05
1830,1.0,0.001495174947194755,9.999999747378752e-05
1831,1.0,0.0005886995932087302,9.999999747378752e-05
1832,1.0,0.0006045175832696259,9.999999747378752e-05
1833,1.0,0.0011212012032046914,9.999999747378752e-05
1834,1.0,0.0005278734606690705,9.999999747378752e-05
1835,1.0,0.0006012245430611074,9.999999747378752e-05
1836,1.0,0.0009767543524503708,9.999999747378752e-05
1837,1.0,0.0008943486609496176,9.999999747378752e-05
1838,1.0,0.0005993439117446542,9.999999747378752e-05
1839,1.0,0.0007303997408598661,9.999999747378752e-05
1840,1.0,0.000914905103854835,9.999999747378752e-05
1841,1.0,0.0005846349522471428,9.999999747378752e-05
1842,1.0,0.0007457519532181323,9.999999747378752e-05
1843,1.0,0.0006701220409013331,9.999999747378752e-05
1844,1.0,0.0007124307448975742,9.999999747378752e-05
1845,1.0,0.000845621048938483,9.999999747378752e-05
1846,1.0,0.0005524734151549637,9.999999747378752e-05
1847,1.0,0.00046900304732844234,9.999999747378752e-05
1848,1.0,0.0009299248340539634,9.999999747378752e-05
1849,1.0,0.0005544492742046714,9.999999747378752e-05
1850,1.0,0.000679223972838372,9.999999747378752e-05
1851,1.0,0.0006129656103439629,9.999999747378752e-05
1852,1.0,0.0004921189974993467,9.999999747378752e-05
1853,1.0,0.0006881991284899414,9.999999747378752e-05
1854,1.0,0.000491635175421834,9.999999747378752e-05
1855,1.0,0.0008467804291285574,9.999999747378752e-05
1856,1.0,0.0005285299848765135,9.999999747378752e-05
1857,1.0,0.0004678325785789639,9.999999747378752e-05
1858,1.0,0.0010499240597710013,9.999999747378752e-05
1859,1.0,0.0009010857902467251,9.999999747378752e-05
1860,1.0,0.0006547620287165046,9.999999747378752e-05
1861,1.0,0.0005527854664251208,9.999999747378752e-05
1862,1.0,0.0004909266135655344,9.999999747378752e-05
1863,1.0,0.0005277342279441655,9.999999747378752e-05
1864,1.0,0.0007820926839485765,9.999999747378752e-05
1865,1.0,0.0005882805562578142,9.999999747378752e-05
1866,1.0,0.0007015158771537244,9.999999747378752e-05
1867,1.0,0.000660159217659384,9.999999747378752e-05
1868,1.0,0.0006381093990057707,9.999999747378752e-05
1869,1.0,0.000492305844090879,9.999999747378752e-05
1870,1.0,0.0005441775429062545,9.999999747378752e-05
1871,1.0,0.0007786372443661094,9.999999747378752e-05
1872,1.0,0.0005489758332259953,9.999999747378752e-05
1873,1.0,0.00049351726192981,9.999999747378752e-05
1874,1.0,0.001000939984805882,9.999999747378752e-05
1875,1.0,0.000521940179169178,9.999999747378752e-05
1876,1.0,0.0007141608512029052,9.999999747378752e-05
1877,1.0,0.0006882853340357542,9.999999747378752e-05
1878,1.0,0.0004724058962892741,9.999999747378752e-05
1879,1.0,0.0006234106258489192,9.999999747378752e-05
1880,1.0,0.00047221576096490026,9.999999747378752e-05
1881,1.0,0.0007216771482490003,9.999999747378752e-05
1882,1.0,0.0005972275394015014,9.999999747378752e-05
1883,1.0,0.000742447969969362,9.999999747378752e-05
1884,1.0,0.0007381102186627686,9.999999747378752e-05
1885,1.0,0.0007263840525411069,9.999999747378752e-05
1886,1.0,0.0008221565512940288,9.999999747378752e-05
1887,1.0,0.0006217053742147982,9.999999747378752e-05
1888,1.0,0.0009766996372491121,9.999999747378752e-05
1889,1.0,0.0006983364000916481,9.999999747378752e-05
1890,1.0,0.0003808561305049807,9.999999747378752e-05
1891,1.0,0.0005323686636984348,9.999999747378752e-05
1892,1.0,0.0007683343719691038,9.999999747378752e-05
1893,1.0,0.0006821783608756959,9.999999747378752e-05
1894,1.0,0.0006007376941852272,9.999999747378752e-05
1895,1.0,0.00046431669034063816,9.999999747378752e-05
1896,1.0,0.00050009461119771,9.999999747378752e-05
1897,1.0,0.0005184990004636347,9.999999747378752e-05
1898,1.0,0.0004918436170555651,9.999999747378752e-05
1899,1.0,0.0006415339303202927,9.999999747378752e-05
1900,1.0,0.0008171931840479374,9.999999747378752e-05
1901,1.0,0.0006209769053384662,9.999999747378752e-05
1902,1.0,0.00038802786730229855,9.999999747378752e-05
1903,1.0,0.0005045527941547334,9.999999747378752e-05
1904,1.0,0.00041622231947258115,9.999999747378752e-05
1905,1.0,0.0006917185964994133,9.999999747378752e-05
1906,1.0,0.0005609884392470121,9.999999747378752e-05
1907,1.0,0.0006064150366000831,9.999999747378752e-05
1908,1.0,0.0006309380405582488,9.999999747378752e-05
1909,1.0,0.0005148324999026954,9.999999747378752e-05
1910,1.0,0.0004647951282095164,9.999999747378752e-05
1911,1.0,0.0005042473203502595,9.999999747378752e-05
1912,1.0,0.00047730826190672815,9.999999747378752e-05
1913,1.0,0.0004894708981737494,9.999999747378752e-05
1914,1.0,0.00043825843022204936,9.999999747378752e-05
1915,1.0,0.0006217886111699045,9.999999747378752e-05
1916,1.0,0.0006752717308700085,9.999999747378752e-05
1917,1.0,0.000488507270347327,9.999999747378752e-05
1918,1.0,0.0006265919073484838,9.999999747378752e-05
1919,1.0,0.0014160762075334787,9.999999747378752e-05
1920,1.0,0.00047148039448074996,9.999999747378752e-05
1921,1.0,0.0007298304117284715,9.999999747378752e-05
1922,1.0,0.0006755983922630548,9.999999747378752e-05
1923,1.0,0.0005886785220354795,9.999999747378752e-05
1924,1.0,0.0005348994163796306,9.999999747378752e-05
1925,1.0,0.0005518325488083065,9.999999747378752e-05
1926,1.0,0.0005848006112501025,9.999999747378752e-05
1927,1.0,0.00037757199606858194,9.999999747378752e-05
1928,1.0,0.0006153626018203795,9.999999747378752e-05
1929,1.0,0.0005523256841115654,9.999999747378752e-05
1930,1.0,0.0005416862550191581,9.999999747378752e-05
1931,1.0,0.0004962537786923349,9.999999747378752e-05
1932,1.0,0.0003947476507164538,9.999999747378752e-05
1933,1.0,0.0005259475437924266,9.999999747378752e-05
1934,1.0,0.00048793895984999835,9.999999747378752e-05
1935,1.0,0.0005955258384346962,9.999999747378752e-05
1936,1.0,0.0005765039240941405,9.999999747378752e-05
1937,1.0,0.0006536532309837639,9.999999747378752e-05
1938,1.0,0.0008850059821270406,9.999999747378752e-05
1939,1.0,0.0005242893239483237,9.999999747378752e-05
1940,1.0,0.0008206956554204226,9.999999747378752e-05
1941,1.0,0.0006650586146861315,9.999999747378752e-05
1942,1.0,0.001093194237910211,9.999999747378752e-05
1943,1.0,0.0012661117361858487,9.999999747378752e-05
1944,1.0,0.0008944410365074873,9.999999747378752e-05
1945,1.0,0.0006524519412778318,9.999999747378752e-05
1946,1.0,0.0005695358850061893,9.999999747378752e-05
1947,1.0,0.0005951158818788826,9.999999747378752e-05
1948,1.0,0.0009092225227504969,9.999999747378752e-05
1949,1.0,0.0005217694560997188,9.999999747378752e-05
1950,1.0,0.0006700187223032117,9.999999747378752e-05
1951,1.0,0.000438336021034047,9.999999747378752e-05
1952,1.0,0.0003775974619202316,9.999999747378752e-05
1953,1.0,0.0005883973208256066,9.999999747378752e-05
1954,1.0,0.000609029782935977,9.999999747378752e-05
1955,1.0,0.000523274065926671,9.999999747378752e-05
1956,1.0,0.0005037399823777378,9.999999747378752e-05
1957,1.0,0.00037541062920354307,9.999999747378752e-05
1958,1.0,0.0006907479255460203,9.999999747378752e-05
1959,1.0,0.0005713155842386186,9.999999747378752e-05
1960,1.0,0.0004554949118755758,9.999999747378752e-05
1961,1.0,0.0004941474762745202,9.999999747378752e-05
1962,1.0,0.0006001932197250426,9.999999747378752e-05
1963,1.0,0.0006534929270856082,9.999999747378752e-05
1964,1.0,0.0004470083804335445,9.999999747378752e-05
1965,1.0,0.00038837059400975704,9.999999747378752e-05
1966,1.0,0.000459787406725809,9.999999747378752e-05
1967,1.0,0.0007034037844277918,9.999999747378752e-05
1968,1.0,0.0005090777412988245,9.999999747378752e-05
1969,1.0,0.00048370863078162074,9.999999747378752e-05
1970,1.0,0.000845898874104023,9.999999747378752e-05
1971,1.0,0.0004411959962453693,9.999999747378752e-05
1972,1.0,0.0009711383027024567,9.999999747378752e-05
1973,1.0,0.00043442455353215337,9.999999747378752e-05
1974,1.0,0.0007050057756714523,9.999999747378752e-05
1975,1.0,0.0004021947388537228,9.999999747378752e-05
1976,1.0,0.000551873876247555,9.999999747378752e-05
1977,1.0,0.0004058292252011597,9.999999747378752e-05
1978,1.0,0.00039111412479542196,9.999999747378752e-05
1979,1.0,0.0003552400157786906,9.999999747378752e-05
1980,1.0,0.0005779010243713856,9.999999747378752e-05
1981,1.0,0.0004587812873069197,9.999999747378752e-05
1982,1.0,0.000505866832099855,9.999999747378752e-05
1983,1.0,0.0004934235475957394,9.999999747378752e-05
1984,1.0,0.0005762969376519322,9.999999747378752e-05
1985,1.0,0.0006310889148153365,9.999999747378752e-05
1986,1.0,0.0004100898513570428,9.999999747378752e-05
1987,1.0,0.0006299932138063014,9.999999747378752e-05
1988,1.0,0.0004902073997072875,9.999999747378752e-05
1989,1.0,0.0007432487909682095,9.999999747378752e-05
1990,1.0,0.000471567822387442,9.999999747378752e-05
1991,1.0,0.0007559873629361391,9.999999747378752e-05
1992,1.0,0.0004513916210271418,9.999999747378752e-05
1993,1.0,0.0005915684741921723,9.999999747378752e-05
1994,1.0,0.0005708112148568034,9.999999747378752e-05
1995,1.0,0.00038670783396810293,9.999999747378752e-05
1996,1.0,0.0006426929030567408,9.999999747378752e-05
1997,1.0,0.0004126022395212203,9.999999747378752e-05
1998,1.0,0.0004460116906557232,9.999999747378752e-05
1999,1.0,0.00043159109191037714,9.999999747378752e-05
