,categorical_accuracy,loss,learning_rate
0,0.3333333432674408,1.4378741979599,0.0010000000474974513
1,0.4333333373069763,1.3105970621109009,0.0010000000474974513
2,0.4333333373069763,1.3081761598587036,0.0010000000474974513
3,0.4333333373069763,1.32143235206604,0.0010000000474974513
4,0.4333333373069763,1.3026007413864136,0.0010000000474974513
5,0.4333333373069763,1.297550916671753,0.0010000000474974513
6,0.4333333373069763,1.2970099449157715,0.0010000000474974513
7,0.4333333373069763,1.2974575757980347,0.0010000000474974513
8,0.4333333373069763,1.2903945446014404,0.0010000000474974513
9,0.4333333373069763,1.2896417379379272,0.0010000000474974513
10,0.4333333373069763,1.2991935014724731,0.0010000000474974513
11,0.4333333373069763,1.3109698295593262,0.0010000000474974513
12,0.4333333373069763,1.300036072731018,0.0010000000474974513
13,0.4333333373069763,1.2960014343261719,0.0010000000474974513
14,0.4333333373069763,1.2966275215148926,0.0010000000474974513
15,0.4333333373069763,1.2864834070205688,0.0010000000474974513
16,0.4333333373069763,1.2879979610443115,0.0010000000474974513
17,0.4333333373069763,1.2904232740402222,0.0010000000474974513
18,0.4333333373069763,1.2898329496383667,0.0010000000474974513
19,0.4333333373069763,1.2877845764160156,0.0010000000474974513
20,0.4333333373069763,1.28978431224823,0.0010000000474974513
21,0.4333333373069763,1.3056563138961792,0.0010000000474974513
22,0.4333333373069763,1.285075306892395,0.0010000000474974513
23,0.4333333373069763,1.2940621376037598,0.0010000000474974513
24,0.4333333373069763,1.2845003604888916,0.0010000000474974513
25,0.4333333373069763,1.289610743522644,0.0010000000474974513
26,0.4333333373069763,1.291597843170166,0.0010000000474974513
27,0.4333333373069763,1.2957512140274048,0.0010000000474974513
28,0.4333333373069763,1.2920308113098145,0.0010000000474974513
29,0.4333333373069763,1.2894598245620728,0.0010000000474974513
30,0.4333333373069763,1.2890491485595703,0.0010000000474974513
31,0.4333333373069763,1.2839453220367432,0.0010000000474974513
32,0.4333333373069763,1.2993371486663818,0.0010000000474974513
33,0.4333333373069763,1.2911983728408813,0.0010000000474974513
34,0.4333333373069763,1.2979289293289185,0.0010000000474974513
35,0.4333333373069763,1.2924741506576538,0.0010000000474974513
36,0.4333333373069763,1.2882599830627441,0.0010000000474974513
37,0.4333333373069763,1.2951390743255615,0.0010000000474974513
38,0.4333333373069763,1.2833647727966309,0.0010000000474974513
39,0.4333333373069763,1.2924047708511353,0.0010000000474974513
40,0.4333333373069763,1.295340895652771,0.0010000000474974513
41,0.4333333373069763,1.308611273765564,0.0010000000474974513
42,0.4333333373069763,1.305072546005249,0.0010000000474974513
43,0.4333333373069763,1.2976982593536377,0.0010000000474974513
44,0.4333333373069763,1.2877120971679688,0.0010000000474974513
45,0.4333333373069763,1.2907462120056152,0.0010000000474974513
46,0.4333333373069763,1.2936971187591553,0.0010000000474974513
47,0.4333333373069763,1.2849438190460205,0.0010000000474974513
48,0.4333333373069763,1.3021619319915771,0.0010000000474974513
49,0.4333333373069763,1.3018639087677002,0.0010000000474974513
50,0.4333333373069763,1.297937035560608,0.0010000000474974513
51,0.4333333373069763,1.2902456521987915,0.0010000000474974513
52,0.4333333373069763,1.287676215171814,0.0010000000474974513
53,0.4333333373069763,1.2851194143295288,0.0010000000474974513
54,0.4333333373069763,1.2972095012664795,0.0010000000474974513
55,0.4333333373069763,1.2902626991271973,0.0010000000474974513
56,0.4333333373069763,1.2841026782989502,0.0010000000474974513
57,0.4333333373069763,1.2859281301498413,0.0010000000474974513
58,0.4333333373069763,1.2960771322250366,0.0010000000474974513
59,0.4333333373069763,1.2870169878005981,0.0010000000474974513
60,0.4333333373069763,1.2963213920593262,0.0010000000474974513
61,0.4333333373069763,1.2901134490966797,0.0010000000474974513
62,0.4333333373069763,1.2878663539886475,0.0010000000474974513
63,0.4333333373069763,1.2901092767715454,0.0010000000474974513
64,0.4333333373069763,1.3045328855514526,0.0010000000474974513
65,0.4333333373069763,1.2896931171417236,0.0010000000474974513
66,0.4333333373069763,1.2920348644256592,0.0010000000474974513
67,0.4333333373069763,1.3029556274414062,0.0010000000474974513
68,0.4333333373069763,1.2830531597137451,0.0010000000474974513
69,0.4333333373069763,1.2825926542282104,0.0010000000474974513
70,0.4333333373069763,1.2869778871536255,0.0010000000474974513
71,0.4333333373069763,1.2838834524154663,0.0010000000474974513
72,0.4333333373069763,1.2868605852127075,0.0010000000474974513
73,0.4333333373069763,1.2907161712646484,0.0010000000474974513
74,0.4333333373069763,1.2872477769851685,0.0010000000474974513
75,0.4333333373069763,1.2918719053268433,0.0010000000474974513
76,0.4333333373069763,1.283380150794983,0.0010000000474974513
77,0.4333333373069763,1.2863460779190063,0.0010000000474974513
78,0.4333333373069763,1.2897759675979614,0.0010000000474974513
79,0.4333333373069763,1.286594033241272,0.0010000000474974513
80,0.4333333373069763,1.2797871828079224,0.0010000000474974513
81,0.4333333373069763,1.2876487970352173,0.0010000000474974513
82,0.4333333373069763,1.2885314226150513,0.0010000000474974513
83,0.4333333373069763,1.2839857339859009,0.0010000000474974513
84,0.4333333373069763,1.2867950201034546,0.0010000000474974513
85,0.4333333373069763,1.2906205654144287,0.0010000000474974513
86,0.4333333373069763,1.2963718175888062,0.0010000000474974513
87,0.4333333373069763,1.281803846359253,0.0010000000474974513
88,0.4333333373069763,1.2919646501541138,0.0010000000474974513
89,0.4333333373069763,1.278796672821045,0.0010000000474974513
90,0.4333333373069763,1.2873692512512207,0.0010000000474974513
91,0.4333333373069763,1.2919062376022339,0.0010000000474974513
92,0.4333333373069763,1.2807947397232056,0.0010000000474974513
93,0.4333333373069763,1.2967548370361328,0.0010000000474974513
94,0.4333333373069763,1.2828768491744995,0.0010000000474974513
95,0.4333333373069763,1.2901928424835205,0.0010000000474974513
96,0.4333333373069763,1.2850290536880493,0.0010000000474974513
97,0.4333333373069763,1.283263921737671,0.0010000000474974513
98,0.4333333373069763,1.287196397781372,0.0010000000474974513
99,0.4333333373069763,1.2884191274642944,0.0010000000474974513
100,0.4333333373069763,1.298345923423767,0.0010000000474974513
101,0.4333333373069763,1.2880284786224365,0.0010000000474974513
102,0.4333333373069763,1.2881873846054077,0.0010000000474974513
103,0.4333333373069763,1.2962318658828735,0.0010000000474974513
104,0.4333333373069763,1.2858411073684692,0.0010000000474974513
105,0.4333333373069763,1.2911205291748047,0.0010000000474974513
106,0.4333333373069763,1.2891085147857666,0.0010000000474974513
107,0.4333333373069763,1.2834757566452026,0.0010000000474974513
108,0.4333333373069763,1.2827218770980835,0.0010000000474974513
109,0.4333333373069763,1.2856781482696533,0.0010000000474974513
110,0.4333333373069763,1.291565179824829,0.0010000000474974513
111,0.4333333373069763,1.288331151008606,0.0010000000474974513
112,0.4333333373069763,1.2848143577575684,0.0010000000474974513
113,0.4333333373069763,1.2910714149475098,0.0010000000474974513
114,0.4333333373069763,1.2854493856430054,0.0010000000474974513
115,0.4333333373069763,1.2839058637619019,0.0010000000474974513
116,0.4333333373069763,1.2806847095489502,0.0010000000474974513
117,0.4333333373069763,1.2883294820785522,0.0010000000474974513
118,0.4333333373069763,1.2803399562835693,0.0010000000474974513
119,0.4333333373069763,1.2829077243804932,0.0010000000474974513
120,0.4333333373069763,1.28049635887146,0.0010000000474974513
121,0.4333333373069763,1.2833408117294312,0.0010000000474974513
122,0.4333333373069763,1.2871562242507935,0.0010000000474974513
123,0.4333333373069763,1.279760718345642,0.0010000000474974513
124,0.4333333373069763,1.2781691551208496,0.0010000000474974513
125,0.4333333373069763,1.2836854457855225,0.0010000000474974513
126,0.4333333373069763,1.290379285812378,0.0010000000474974513
127,0.4333333373069763,1.2883988618850708,0.0010000000474974513
128,0.4333333373069763,1.2809489965438843,0.0010000000474974513
129,0.4333333373069763,1.282450795173645,0.0010000000474974513
130,0.4333333373069763,1.284662127494812,0.0010000000474974513
131,0.4333333373069763,1.2791615724563599,0.0010000000474974513
132,0.4333333373069763,1.2826002836227417,0.0010000000474974513
133,0.4333333373069763,1.2729793787002563,0.0010000000474974513
134,0.4333333373069763,1.2784762382507324,0.0010000000474974513
135,0.4333333373069763,1.2853281497955322,0.0010000000474974513
136,0.4333333373069763,1.2885591983795166,0.0010000000474974513
137,0.4333333373069763,1.2873995304107666,0.0010000000474974513
138,0.4333333373069763,1.289681077003479,0.0010000000474974513
139,0.4333333373069763,1.293419599533081,0.0010000000474974513
140,0.4333333373069763,1.290413737297058,0.0010000000474974513
141,0.4333333373069763,1.2824641466140747,0.0010000000474974513
142,0.4333333373069763,1.284529447555542,0.0010000000474974513
143,0.4333333373069763,1.2943159341812134,0.0010000000474974513
144,0.4333333373069763,1.282069444656372,0.0010000000474974513
145,0.4333333373069763,1.2835909128189087,0.0010000000474974513
146,0.4333333373069763,1.2895389795303345,0.0010000000474974513
147,0.4333333373069763,1.277675986289978,0.0010000000474974513
148,0.4333333373069763,1.2833925485610962,0.0010000000474974513
149,0.4333333373069763,1.2861539125442505,0.0010000000474974513
150,0.4333333373069763,1.2955373525619507,0.0010000000474974513
151,0.4333333373069763,1.2835884094238281,0.0010000000474974513
152,0.4333333373069763,1.2890704870224,0.0010000000474974513
153,0.4333333373069763,1.2834835052490234,0.0010000000474974513
154,0.4333333373069763,1.2874603271484375,0.0010000000474974513
155,0.4333333373069763,1.2866308689117432,0.0010000000474974513
156,0.4333333373069763,1.3000434637069702,0.0010000000474974513
157,0.4333333373069763,1.2757221460342407,0.0010000000474974513
158,0.4333333373069763,1.2751739025115967,0.0010000000474974513
159,0.4333333373069763,1.2859538793563843,0.0010000000474974513
160,0.4333333373069763,1.2754157781600952,0.0010000000474974513
161,0.4333333373069763,1.279772162437439,0.0010000000474974513
162,0.4333333373069763,1.276827096939087,0.0010000000474974513
163,0.4333333373069763,1.3031036853790283,0.0010000000474974513
164,0.4333333373069763,1.289290189743042,0.0010000000474974513
165,0.4333333373069763,1.2896826267242432,0.0010000000474974513
166,0.4333333373069763,1.2923858165740967,0.0010000000474974513
167,0.4333333373069763,1.2871476411819458,0.0010000000474974513
168,0.4333333373069763,1.2960747480392456,0.0010000000474974513
169,0.4333333373069763,1.2888156175613403,0.0010000000474974513
170,0.4333333373069763,1.288063883781433,0.0010000000474974513
171,0.4333333373069763,1.2854396104812622,0.0010000000474974513
172,0.4333333373069763,1.2909382581710815,0.0010000000474974513
173,0.4333333373069763,1.288345217704773,0.0010000000474974513
174,0.4333333373069763,1.2854162454605103,0.0010000000474974513
175,0.4333333373069763,1.2853411436080933,0.0010000000474974513
176,0.4333333373069763,1.2803562879562378,0.0010000000474974513
177,0.4333333373069763,1.2763575315475464,0.0010000000474974513
178,0.4333333373069763,1.2886054515838623,0.0010000000474974513
179,0.4333333373069763,1.2768361568450928,0.0010000000474974513
180,0.4333333373069763,1.2847058773040771,0.0010000000474974513
181,0.4333333373069763,1.2815076112747192,0.0010000000474974513
182,0.4333333373069763,1.2987189292907715,0.0010000000474974513
183,0.4333333373069763,1.2753278017044067,0.0010000000474974513
184,0.4333333373069763,1.2721318006515503,0.0005000000237487257
185,0.4333333373069763,1.2871439456939697,0.0005000000237487257
186,0.4333333373069763,1.2796518802642822,0.0005000000237487257
187,0.4333333373069763,1.2688761949539185,0.0005000000237487257
188,0.4333333373069763,1.2709847688674927,0.0005000000237487257
189,0.4333333373069763,1.269973874092102,0.0005000000237487257
190,0.4333333373069763,1.2726038694381714,0.0005000000237487257
191,0.4333333373069763,1.2711875438690186,0.0005000000237487257
192,0.4333333373069763,1.2716355323791504,0.0005000000237487257
193,0.4333333373069763,1.269486665725708,0.0005000000237487257
194,0.4333333373069763,1.2694683074951172,0.0005000000237487257
195,0.4333333373069763,1.2702529430389404,0.0005000000237487257
196,0.4333333373069763,1.2777845859527588,0.0005000000237487257
197,0.4333333373069763,1.2682712078094482,0.0005000000237487257
198,0.4333333373069763,1.2686736583709717,0.0005000000237487257
199,0.4333333373069763,1.291005253791809,0.0005000000237487257
200,0.4333333373069763,1.268951416015625,0.0005000000237487257
201,0.4333333373069763,1.2649378776550293,0.0005000000237487257
202,0.4333333373069763,1.2707288265228271,0.0005000000237487257
203,0.4333333373069763,1.260759711265564,0.0005000000237487257
204,0.4333333373069763,1.2760298252105713,0.0005000000237487257
205,0.4333333373069763,1.2741349935531616,0.0005000000237487257
206,0.4333333373069763,1.2677326202392578,0.0005000000237487257
207,0.4333333373069763,1.2629680633544922,0.0005000000237487257
208,0.4333333373069763,1.2612318992614746,0.0005000000237487257
209,0.4333333373069763,1.2639803886413574,0.0005000000237487257
210,0.4333333373069763,1.2564607858657837,0.0005000000237487257
211,0.4333333373069763,1.2544689178466797,0.0005000000237487257
212,0.4333333373069763,1.2751060724258423,0.0005000000237487257
213,0.4333333373069763,1.2695635557174683,0.0005000000237487257
214,0.4333333373069763,1.261635422706604,0.0005000000237487257
215,0.4333333373069763,1.2625575065612793,0.0005000000237487257
216,0.4333333373069763,1.2529106140136719,0.0005000000237487257
217,0.4333333373069763,1.2678546905517578,0.0005000000237487257
218,0.4333333373069763,1.2573951482772827,0.0005000000237487257
219,0.4333333373069763,1.2645134925842285,0.0005000000237487257
220,0.4333333373069763,1.2601349353790283,0.0005000000237487257
221,0.4333333373069763,1.2449305057525635,0.0005000000237487257
222,0.4333333373069763,1.262328863143921,0.0005000000237487257
223,0.4333333373069763,1.2683686017990112,0.0005000000237487257
224,0.4333333373069763,1.239366888999939,0.0005000000237487257
225,0.4333333373069763,1.275484323501587,0.0005000000237487257
226,0.4333333373069763,1.2779407501220703,0.0005000000237487257
227,0.4333333373069763,1.2579268217086792,0.0005000000237487257
228,0.4333333373069763,1.260389804840088,0.0005000000237487257
229,0.4333333373069763,1.2486363649368286,0.0005000000237487257
230,0.4333333373069763,1.261436104774475,0.0005000000237487257
231,0.4333333373069763,1.2532788515090942,0.0005000000237487257
232,0.4333333373069763,1.2619800567626953,0.0005000000237487257
233,0.4333333373069763,1.2663508653640747,0.0005000000237487257
234,0.4333333373069763,1.2661811113357544,0.0005000000237487257
235,0.4333333373069763,1.2628124952316284,0.0005000000237487257
236,0.4333333373069763,1.2509995698928833,0.0005000000237487257
237,0.4333333373069763,1.2547446489334106,0.0005000000237487257
238,0.4333333373069763,1.2654002904891968,0.0005000000237487257
239,0.4333333373069763,1.2403594255447388,0.0005000000237487257
240,0.4333333373069763,1.2613180875778198,0.0005000000237487257
241,0.4333333373069763,1.271726131439209,0.0005000000237487257
242,0.4333333373069763,1.2517257928848267,0.0005000000237487257
243,0.4333333373069763,1.2507855892181396,0.0005000000237487257
244,0.4333333373069763,1.2473139762878418,0.0005000000237487257
245,0.4333333373069763,1.2526205778121948,0.0005000000237487257
246,0.4333333373069763,1.2573715448379517,0.0005000000237487257
247,0.4333333373069763,1.2598986625671387,0.0005000000237487257
248,0.4333333373069763,1.258484125137329,0.0005000000237487257
249,0.4333333373069763,1.2479413747787476,0.0005000000237487257
250,0.4333333373069763,1.2391502857208252,0.0005000000237487257
251,0.4333333373069763,1.2433782815933228,0.0005000000237487257
252,0.4333333373069763,1.2342092990875244,0.0005000000237487257
253,0.4333333373069763,1.2677544355392456,0.0005000000237487257
254,0.4333333373069763,1.2580877542495728,0.0005000000237487257
255,0.4333333373069763,1.2621995210647583,0.0005000000237487257
256,0.4333333373069763,1.2499206066131592,0.0005000000237487257
257,0.4333333373069763,1.2515956163406372,0.0005000000237487257
258,0.4333333373069763,1.2433323860168457,0.0005000000237487257
259,0.4333333373069763,1.2294704914093018,0.0005000000237487257
260,0.4333333373069763,1.2649378776550293,0.0005000000237487257
261,0.4333333373069763,1.2362781763076782,0.0005000000237487257
262,0.4333333373069763,1.2484135627746582,0.0005000000237487257
263,0.4333333373069763,1.2729339599609375,0.0005000000237487257
264,0.4333333373069763,1.254497766494751,0.0005000000237487257
265,0.4333333373069763,1.2468750476837158,0.0005000000237487257
266,0.4333333373069763,1.2254009246826172,0.0005000000237487257
267,0.4333333373069763,1.2063682079315186,0.0005000000237487257
268,0.4333333373069763,1.2512619495391846,0.0005000000237487257
269,0.4333333373069763,1.2650835514068604,0.0005000000237487257
270,0.4333333373069763,1.2433223724365234,0.0005000000237487257
271,0.4333333373069763,1.23418128490448,0.0005000000237487257
272,0.4333333373069763,1.285478949546814,0.0005000000237487257
273,0.4333333373069763,1.2771164178848267,0.0005000000237487257
274,0.4333333373069763,1.261017084121704,0.0005000000237487257
275,0.4333333373069763,1.2679362297058105,0.0005000000237487257
276,0.4333333373069763,1.2424410581588745,0.0005000000237487257
277,0.4333333373069763,1.2578767538070679,0.0005000000237487257
278,0.4333333373069763,1.2455291748046875,0.0005000000237487257
279,0.4333333373069763,1.2431963682174683,0.0005000000237487257
280,0.4333333373069763,1.2397172451019287,0.0005000000237487257
281,0.4333333373069763,1.2432892322540283,0.0005000000237487257
282,0.4333333373069763,1.2130264043807983,0.0005000000237487257
283,0.4333333373069763,1.2392172813415527,0.0005000000237487257
284,0.4333333373069763,1.2117115259170532,0.0005000000237487257
285,0.4333333373069763,1.232718825340271,0.0005000000237487257
286,0.4333333373069763,1.2417806386947632,0.0005000000237487257
287,0.4333333373069763,1.2347772121429443,0.0005000000237487257
288,0.4333333373069763,1.2094165086746216,0.0005000000237487257
289,0.4333333373069763,1.2369171380996704,0.0005000000237487257
290,0.4333333373069763,1.2798008918762207,0.0005000000237487257
291,0.4333333373069763,1.2404872179031372,0.0005000000237487257
292,0.4333333373069763,1.2357842922210693,0.0005000000237487257
293,0.4333333373069763,1.2101786136627197,0.0005000000237487257
294,0.4333333373069763,1.2202802896499634,0.0005000000237487257
295,0.4333333373069763,1.2434338331222534,0.0005000000237487257
296,0.4333333373069763,1.2352104187011719,0.0005000000237487257
297,0.4333333373069763,1.1984165906906128,0.0005000000237487257
298,0.4333333373069763,1.2368299961090088,0.0005000000237487257
299,0.4333333373069763,1.2339913845062256,0.0005000000237487257
300,0.4333333373069763,1.231359839439392,0.0005000000237487257
301,0.4333333373069763,1.2179256677627563,0.0005000000237487257
302,0.4333333373069763,1.2026890516281128,0.0005000000237487257
303,0.4333333373069763,1.2292892932891846,0.0005000000237487257
304,0.4333333373069763,1.2350611686706543,0.0005000000237487257
305,0.4333333373069763,1.1758869886398315,0.0005000000237487257
306,0.4333333373069763,1.2513413429260254,0.0005000000237487257
307,0.4333333373069763,1.2277852296829224,0.0005000000237487257
308,0.4333333373069763,1.243640661239624,0.0005000000237487257
309,0.4333333373069763,1.2229349613189697,0.0005000000237487257
310,0.4333333373069763,1.2088466882705688,0.0005000000237487257
311,0.4333333373069763,1.2015764713287354,0.0005000000237487257
312,0.4333333373069763,1.210117220878601,0.0005000000237487257
313,0.4333333373069763,1.248686671257019,0.0005000000237487257
314,0.4333333373069763,1.2113831043243408,0.0005000000237487257
315,0.4333333373069763,1.2179596424102783,0.0005000000237487257
316,0.4333333373069763,1.1831873655319214,0.0005000000237487257
317,0.4333333373069763,1.1843507289886475,0.0005000000237487257
318,0.4333333373069763,1.1935514211654663,0.0005000000237487257
319,0.4333333373069763,1.2712904214859009,0.0005000000237487257
320,0.4333333373069763,1.2471179962158203,0.0005000000237487257
321,0.4333333373069763,1.2375870943069458,0.0005000000237487257
322,0.4333333373069763,1.2306162118911743,0.0005000000237487257
323,0.4333333373069763,1.209274411201477,0.0005000000237487257
324,0.4333333373069763,1.2441706657409668,0.0005000000237487257
325,0.4333333373069763,1.1924587488174438,0.0005000000237487257
326,0.4333333373069763,1.1823318004608154,0.0005000000237487257
327,0.4333333373069763,1.178891658782959,0.0005000000237487257
328,0.4333333373069763,1.2924551963806152,0.0005000000237487257
329,0.4333333373069763,1.2835899591445923,0.0005000000237487257
330,0.4333333373069763,1.254729151725769,0.0005000000237487257
331,0.4333333373069763,1.267985224723816,0.0005000000237487257
332,0.4333333373069763,1.2294169664382935,0.0005000000237487257
333,0.4333333373069763,1.240172028541565,0.0005000000237487257
334,0.4333333373069763,1.2389347553253174,0.0005000000237487257
335,0.4333333373069763,1.2331233024597168,0.0005000000237487257
336,0.4333333373069763,1.2415670156478882,0.0005000000237487257
337,0.4333333373069763,1.2013763189315796,0.0005000000237487257
338,0.4333333373069763,1.2276064157485962,0.0005000000237487257
339,0.4333333373069763,1.1949619054794312,0.0005000000237487257
340,0.4333333373069763,1.1676313877105713,0.0005000000237487257
341,0.4333333373069763,1.1845691204071045,0.0005000000237487257
342,0.46666666865348816,1.1722127199172974,0.0005000000237487257
343,0.4333333373069763,1.212736964225769,0.0005000000237487257
344,0.4333333373069763,1.291721224784851,0.0005000000237487257
345,0.4333333373069763,1.2596304416656494,0.0005000000237487257
346,0.4333333373069763,1.2773834466934204,0.0005000000237487257
347,0.4333333373069763,1.24016273021698,0.0005000000237487257
348,0.4333333373069763,1.2190040349960327,0.0005000000237487257
349,0.4333333373069763,1.1981253623962402,0.0005000000237487257
350,0.4333333373069763,1.1929432153701782,0.0005000000237487257
351,0.4333333373069763,1.2132153511047363,0.0005000000237487257
352,0.4333333373069763,1.1729774475097656,0.0005000000237487257
353,0.4333333373069763,1.261201024055481,0.0005000000237487257
354,0.4333333373069763,1.252400517463684,0.0005000000237487257
355,0.4333333373069763,1.253990650177002,0.0005000000237487257
356,0.4333333373069763,1.227380394935608,0.0005000000237487257
357,0.4333333373069763,1.1867709159851074,0.0005000000237487257
358,0.4333333373069763,1.2144198417663574,0.0005000000237487257
359,0.4333333373069763,1.1799237728118896,0.0005000000237487257
360,0.4333333373069763,1.2015960216522217,0.0005000000237487257
361,0.4333333373069763,1.238302230834961,0.0005000000237487257
362,0.4333333373069763,1.191569209098816,0.0005000000237487257
363,0.4333333373069763,1.1986362934112549,0.0005000000237487257
364,0.4333333373069763,1.1264363527297974,0.0005000000237487257
365,0.4333333373069763,1.2677292823791504,0.0005000000237487257
366,0.4333333373069763,1.233331322669983,0.0005000000237487257
367,0.4333333373069763,1.220820665359497,0.0005000000237487257
368,0.4333333373069763,1.208940863609314,0.0005000000237487257
369,0.4333333373069763,1.2440358400344849,0.0005000000237487257
370,0.4333333373069763,1.1979390382766724,0.0005000000237487257
371,0.4333333373069763,1.1852705478668213,0.0005000000237487257
372,0.4333333373069763,1.2062007188796997,0.0005000000237487257
373,0.4333333373069763,1.1939208507537842,0.0005000000237487257
374,0.4333333373069763,1.166107177734375,0.0005000000237487257
375,0.4333333373069763,1.2141767740249634,0.0005000000237487257
376,0.4333333373069763,1.2215629816055298,0.0005000000237487257
377,0.4333333373069763,1.2058075666427612,0.0005000000237487257
378,0.4333333373069763,1.1814366579055786,0.0005000000237487257
379,0.4333333373069763,1.1767628192901611,0.0005000000237487257
380,0.4333333373069763,1.1468414068222046,0.0005000000237487257
381,0.4333333373069763,1.2077763080596924,0.0005000000237487257
382,0.4333333373069763,1.2524223327636719,0.0005000000237487257
383,0.4333333373069763,1.2481439113616943,0.0005000000237487257
384,0.4333333373069763,1.22370183467865,0.0005000000237487257
385,0.4333333373069763,1.1634947061538696,0.0005000000237487257
386,0.4333333373069763,1.1711089611053467,0.0005000000237487257
387,0.4333333373069763,1.173380970954895,0.0005000000237487257
388,0.4333333373069763,1.152314305305481,0.0005000000237487257
389,0.46666666865348816,1.1678613424301147,0.0005000000237487257
390,0.4333333373069763,1.1848952770233154,0.0005000000237487257
391,0.4333333373069763,1.2027279138565063,0.0005000000237487257
392,0.4333333373069763,1.2054234743118286,0.0005000000237487257
393,0.4333333373069763,1.1958986520767212,0.0005000000237487257
394,0.4333333373069763,1.1993458271026611,0.0005000000237487257
395,0.4333333373069763,1.1502553224563599,0.0005000000237487257
396,0.46666666865348816,1.18080735206604,0.0005000000237487257
397,0.4333333373069763,1.17055344581604,0.0005000000237487257
398,0.46666666865348816,1.191145420074463,0.0005000000237487257
399,0.4333333373069763,1.2499468326568604,0.0005000000237487257
400,0.4333333373069763,1.223595142364502,0.0005000000237487257
401,0.4333333373069763,1.1906914710998535,0.0005000000237487257
402,0.4333333373069763,1.186710000038147,0.0005000000237487257
403,0.4333333373069763,1.1849440336227417,0.0005000000237487257
404,0.4333333373069763,1.1536219120025635,0.0005000000237487257
405,0.46666666865348816,1.1676995754241943,0.0005000000237487257
406,0.4333333373069763,1.1668245792388916,0.0005000000237487257
407,0.46666666865348816,1.1500911712646484,0.0005000000237487257
408,0.4333333373069763,1.1909942626953125,0.0005000000237487257
409,0.4333333373069763,1.1531989574432373,0.0005000000237487257
410,0.4333333373069763,1.178803563117981,0.0005000000237487257
411,0.4333333373069763,1.1579116582870483,0.0005000000237487257
412,0.4333333373069763,1.1748682260513306,0.0005000000237487257
413,0.4333333373069763,1.1588324308395386,0.0005000000237487257
414,0.46666666865348816,1.120751142501831,0.0005000000237487257
415,0.5,1.1435586214065552,0.0005000000237487257
416,0.46666666865348816,1.1072216033935547,0.0005000000237487257
417,0.5333333611488342,1.1362262964248657,0.0005000000237487257
418,0.5,1.1073273420333862,0.0005000000237487257
419,0.46666666865348816,1.1452882289886475,0.0005000000237487257
420,0.5,1.1633126735687256,0.0005000000237487257
421,0.4333333373069763,1.1402552127838135,0.0005000000237487257
422,0.4333333373069763,1.1714059114456177,0.0005000000237487257
423,0.4333333373069763,1.187186360359192,0.0005000000237487257
424,0.4333333373069763,1.0955638885498047,0.0005000000237487257
425,0.4333333373069763,1.1512086391448975,0.0005000000237487257
426,0.4333333373069763,1.1161613464355469,0.0005000000237487257
427,0.5,1.0834630727767944,0.0005000000237487257
428,0.4333333373069763,1.1417081356048584,0.0005000000237487257
429,0.46666666865348816,1.1485075950622559,0.0005000000237487257
430,0.5,1.117846131324768,0.0005000000237487257
431,0.46666666865348816,1.1483310461044312,0.0005000000237487257
432,0.4333333373069763,1.225182294845581,0.0005000000237487257
433,0.4333333373069763,1.1726983785629272,0.0005000000237487257
434,0.4333333373069763,1.0904545783996582,0.0005000000237487257
435,0.46666666865348816,1.1418343782424927,0.0005000000237487257
436,0.5,1.1845680475234985,0.0005000000237487257
437,0.4333333373069763,1.148317575454712,0.0005000000237487257
438,0.4333333373069763,1.1122790575027466,0.0005000000237487257
439,0.4333333373069763,1.1696490049362183,0.0005000000237487257
440,0.46666666865348816,1.1563496589660645,0.0005000000237487257
441,0.4333333373069763,1.204774022102356,0.0005000000237487257
442,0.4333333373069763,1.2288051843643188,0.0005000000237487257
443,0.4333333373069763,1.1661392450332642,0.0005000000237487257
444,0.4333333373069763,1.1975785493850708,0.0005000000237487257
445,0.5,1.13371741771698,0.0005000000237487257
446,0.46666666865348816,1.204568862915039,0.0005000000237487257
447,0.4333333373069763,1.104671597480774,0.0005000000237487257
448,0.4333333373069763,1.1320557594299316,0.0005000000237487257
449,0.46666666865348816,1.1793502569198608,0.0005000000237487257
450,0.4333333373069763,1.1050713062286377,0.0005000000237487257
451,0.4333333373069763,1.1696434020996094,0.0005000000237487257
452,0.5,1.1146687269210815,0.0005000000237487257
453,0.5,1.1576669216156006,0.0005000000237487257
454,0.4000000059604645,1.1830872297286987,0.0005000000237487257
455,0.4333333373069763,1.1709598302841187,0.0005000000237487257
456,0.46666666865348816,1.1198482513427734,0.0005000000237487257
457,0.4333333373069763,1.1350959539413452,0.0005000000237487257
458,0.4333333373069763,1.158379077911377,0.0005000000237487257
459,0.4333333373069763,1.1068191528320312,0.0005000000237487257
460,0.4333333373069763,1.1305640935897827,0.0005000000237487257
461,0.46666666865348816,1.1352581977844238,0.0005000000237487257
462,0.4333333373069763,1.072092890739441,0.0005000000237487257
463,0.5,1.0704286098480225,0.0005000000237487257
464,0.5333333611488342,1.07387375831604,0.0005000000237487257
465,0.46666666865348816,1.2251956462860107,0.0005000000237487257
466,0.4333333373069763,1.1716258525848389,0.0005000000237487257
467,0.5,1.1416946649551392,0.0005000000237487257
468,0.4333333373069763,1.130219578742981,0.0005000000237487257
469,0.4333333373069763,1.2156002521514893,0.0005000000237487257
470,0.4000000059604645,1.186445713043213,0.0005000000237487257
471,0.46666666865348816,1.1430280208587646,0.0005000000237487257
472,0.46666666865348816,1.1241014003753662,0.0005000000237487257
473,0.4333333373069763,1.1476402282714844,0.0005000000237487257
474,0.46666666865348816,1.0774681568145752,0.0005000000237487257
475,0.46666666865348816,1.1474024057388306,0.0005000000237487257
476,0.5333333611488342,1.1064151525497437,0.0005000000237487257
477,0.4333333373069763,1.1825932264328003,0.0005000000237487257
478,0.4333333373069763,1.2306002378463745,0.0005000000237487257
479,0.4333333373069763,1.2070064544677734,0.0005000000237487257
480,0.4333333373069763,1.1317899227142334,0.0005000000237487257
481,0.46666666865348816,1.127048134803772,0.0005000000237487257
482,0.4333333373069763,1.1496437788009644,0.0005000000237487257
483,0.5333333611488342,1.1312705278396606,0.0005000000237487257
484,0.5333333611488342,1.149194598197937,0.0005000000237487257
485,0.46666666865348816,1.0918772220611572,0.0005000000237487257
486,0.5,1.157712697982788,0.0005000000237487257
487,0.5,1.0634214878082275,0.0005000000237487257
488,0.46666666865348816,1.133726716041565,0.0005000000237487257
489,0.46666666865348816,1.139147162437439,0.0005000000237487257
490,0.4333333373069763,1.101826548576355,0.0005000000237487257
491,0.4333333373069763,1.1284013986587524,0.0005000000237487257
492,0.5,1.0591787099838257,0.0005000000237487257
493,0.5333333611488342,1.1115368604660034,0.0005000000237487257
494,0.5,1.087193250656128,0.0005000000237487257
495,0.4333333373069763,1.2056020498275757,0.0005000000237487257
496,0.5333333611488342,1.1020108461380005,0.0005000000237487257
497,0.46666666865348816,1.0854747295379639,0.0005000000237487257
498,0.4333333373069763,1.0735726356506348,0.0005000000237487257
499,0.5,1.095283031463623,0.0005000000237487257
500,0.5333333611488342,1.0570459365844727,0.0005000000237487257
501,0.5666666626930237,1.0780320167541504,0.0005000000237487257
502,0.5333333611488342,1.050492763519287,0.0005000000237487257
503,0.46666666865348816,1.1455057859420776,0.0005000000237487257
504,0.5666666626930237,1.0459245443344116,0.0005000000237487257
505,0.4333333373069763,1.1601104736328125,0.0005000000237487257
506,0.5,1.0966839790344238,0.0005000000237487257
507,0.5,1.0906336307525635,0.0005000000237487257
508,0.5,1.0647766590118408,0.0005000000237487257
509,0.5666666626930237,1.085723638534546,0.0005000000237487257
510,0.5,1.1145259141921997,0.0005000000237487257
511,0.5,1.0665019750595093,0.0005000000237487257
512,0.46666666865348816,1.165062665939331,0.0005000000237487257
513,0.4333333373069763,1.1331149339675903,0.0005000000237487257
514,0.5,1.0620850324630737,0.0005000000237487257
515,0.5,1.1680772304534912,0.0005000000237487257
516,0.4333333373069763,1.1366461515426636,0.0005000000237487257
517,0.5,1.1001479625701904,0.0005000000237487257
518,0.5333333611488342,1.0724200010299683,0.0005000000237487257
519,0.46666666865348816,1.0481373071670532,0.0005000000237487257
520,0.46666666865348816,1.0793392658233643,0.0005000000237487257
521,0.5,1.1305406093597412,0.0005000000237487257
522,0.5,1.0457245111465454,0.0005000000237487257
523,0.5,1.0833897590637207,0.0005000000237487257
524,0.5333333611488342,1.0085593461990356,0.0005000000237487257
525,0.5333333611488342,1.0043151378631592,0.0005000000237487257
526,0.6000000238418579,1.146553874015808,0.0005000000237487257
527,0.5,1.0907042026519775,0.0005000000237487257
528,0.4333333373069763,1.1562474966049194,0.0005000000237487257
529,0.46666666865348816,1.1559239625930786,0.0005000000237487257
530,0.5333333611488342,1.0748016834259033,0.0005000000237487257
531,0.6000000238418579,1.0736069679260254,0.0005000000237487257
532,0.6333333253860474,1.007318139076233,0.0005000000237487257
533,0.5,1.0924917459487915,0.0005000000237487257
534,0.5666666626930237,1.0268229246139526,0.0005000000237487257
535,0.5666666626930237,1.0373727083206177,0.0005000000237487257
536,0.5,1.0834723711013794,0.0005000000237487257
537,0.46666666865348816,1.124127984046936,0.0005000000237487257
538,0.6000000238418579,1.0389739274978638,0.0005000000237487257
539,0.46666666865348816,1.1195392608642578,0.0005000000237487257
540,0.5666666626930237,1.0427168607711792,0.0005000000237487257
541,0.5,1.0432418584823608,0.0005000000237487257
542,0.4333333373069763,1.0995185375213623,0.0005000000237487257
543,0.5333333611488342,1.0839672088623047,0.0005000000237487257
544,0.46666666865348816,1.1470152139663696,0.0005000000237487257
545,0.4333333373069763,1.1594929695129395,0.0005000000237487257
546,0.46666666865348816,1.1729085445404053,0.0005000000237487257
547,0.46666666865348816,1.0798288583755493,0.0005000000237487257
548,0.5333333611488342,1.0542651414871216,0.0005000000237487257
549,0.5,1.1424254179000854,0.0005000000237487257
550,0.5,1.0661741495132446,0.0005000000237487257
551,0.5666666626930237,1.0448031425476074,0.0005000000237487257
552,0.5,1.119781732559204,0.0005000000237487257
553,0.46666666865348816,1.1430023908615112,0.0005000000237487257
554,0.5333333611488342,1.1289541721343994,0.0005000000237487257
555,0.5333333611488342,1.1215695142745972,0.0005000000237487257
556,0.5333333611488342,1.0601105690002441,0.0005000000237487257
557,0.5,1.0672760009765625,0.0005000000237487257
558,0.5333333611488342,1.062320590019226,0.0005000000237487257
559,0.5333333611488342,1.0404056310653687,0.0005000000237487257
560,0.5333333611488342,1.0603750944137573,0.0005000000237487257
561,0.5666666626930237,1.0581939220428467,0.0005000000237487257
562,0.5333333611488342,1.061323881149292,0.0005000000237487257
563,0.6000000238418579,1.1499402523040771,0.0005000000237487257
564,0.4333333373069763,1.1092890501022339,0.0005000000237487257
565,0.5,1.0342613458633423,0.0005000000237487257
566,0.4000000059604645,1.123319149017334,0.0005000000237487257
567,0.5666666626930237,1.039265513420105,0.0005000000237487257
568,0.6000000238418579,1.0534014701843262,0.0005000000237487257
569,0.4333333373069763,1.1391379833221436,0.0005000000237487257
570,0.46666666865348816,1.145706057548523,0.0005000000237487257
571,0.46666666865348816,1.0970009565353394,0.0005000000237487257
572,0.4333333373069763,1.1248234510421753,0.0005000000237487257
573,0.4000000059604645,1.154860258102417,0.0005000000237487257
574,0.5,1.1091870069503784,0.0005000000237487257
575,0.5333333611488342,1.0708304643630981,0.0005000000237487257
576,0.5,1.0412583351135254,0.0002500000118743628
577,0.5333333611488342,1.091786503791809,0.0002500000118743628
578,0.6000000238418579,1.075850009918213,0.0002500000118743628
579,0.5333333611488342,1.0303174257278442,0.0002500000118743628
580,0.5666666626930237,0.9852316379547119,0.0002500000118743628
581,0.5666666626930237,1.0630056858062744,0.0002500000118743628
582,0.4333333373069763,1.0945695638656616,0.0002500000118743628
583,0.5,1.1267973184585571,0.0002500000118743628
584,0.6333333253860474,1.0464385747909546,0.0002500000118743628
585,0.6000000238418579,1.0035079717636108,0.0002500000118743628
586,0.5333333611488342,1.0056729316711426,0.0002500000118743628
587,0.6666666865348816,0.9788945913314819,0.0002500000118743628
588,0.6000000238418579,1.0637714862823486,0.0002500000118743628
589,0.5666666626930237,1.0623958110809326,0.0002500000118743628
590,0.5,1.0178776979446411,0.0002500000118743628
591,0.5333333611488342,1.0299025774002075,0.0002500000118743628
592,0.5666666626930237,1.0874807834625244,0.0002500000118743628
593,0.5666666626930237,0.9444664120674133,0.0002500000118743628
594,0.5666666626930237,0.9365005493164062,0.0002500000118743628
595,0.6000000238418579,0.9755192399024963,0.0002500000118743628
596,0.7666666507720947,1.0058913230895996,0.0002500000118743628
597,0.5,1.0872681140899658,0.0002500000118743628
598,0.6000000238418579,1.1102607250213623,0.0002500000118743628
599,0.5,1.057838797569275,0.0002500000118743628
600,0.5666666626930237,1.0177321434020996,0.0002500000118743628
601,0.5666666626930237,1.0360682010650635,0.0002500000118743628
602,0.5666666626930237,1.0436570644378662,0.0002500000118743628
603,0.6333333253860474,0.9961642622947693,0.0002500000118743628
604,0.5666666626930237,1.0608935356140137,0.0002500000118743628
605,0.6666666865348816,1.0196177959442139,0.0002500000118743628
606,0.46666666865348816,1.1008810997009277,0.0002500000118743628
607,0.5333333611488342,1.054977536201477,0.0002500000118743628
608,0.5333333611488342,0.9726913571357727,0.0002500000118743628
609,0.5666666626930237,0.992423951625824,0.0002500000118743628
610,0.6000000238418579,0.9637554287910461,0.0002500000118743628
611,0.6000000238418579,0.9798200726509094,0.0002500000118743628
612,0.5333333611488342,0.9824023842811584,0.0002500000118743628
613,0.6666666865348816,1.035675287246704,0.0002500000118743628
614,0.5,1.0190114974975586,0.0002500000118743628
615,0.5333333611488342,1.019239068031311,0.0002500000118743628
616,0.5333333611488342,0.9778544902801514,0.0002500000118743628
617,0.6000000238418579,0.9405862092971802,0.0002500000118743628
618,0.6333333253860474,0.9675451517105103,0.0002500000118743628
619,0.5,1.0139483213424683,0.0002500000118743628
620,0.6000000238418579,0.9736602902412415,0.0002500000118743628
621,0.6333333253860474,1.0203778743743896,0.0002500000118743628
622,0.6666666865348816,1.0129411220550537,0.0002500000118743628
623,0.4333333373069763,1.038933277130127,0.0002500000118743628
624,0.6000000238418579,0.9709522128105164,0.0002500000118743628
625,0.5333333611488342,1.0096619129180908,0.0002500000118743628
626,0.5666666626930237,0.9898985624313354,0.0002500000118743628
627,0.699999988079071,0.9202442169189453,0.0002500000118743628
628,0.699999988079071,0.959796667098999,0.0002500000118743628
629,0.6000000238418579,0.9624820351600647,0.0002500000118743628
630,0.6333333253860474,1.0244905948638916,0.0002500000118743628
631,0.5,0.957819938659668,0.0002500000118743628
632,0.5666666626930237,0.9916789531707764,0.0002500000118743628
633,0.6000000238418579,1.077067494392395,0.0002500000118743628
634,0.6666666865348816,0.9825322031974792,0.0002500000118743628
635,0.6000000238418579,1.023603916168213,0.0002500000118743628
636,0.699999988079071,0.9347875714302063,0.0002500000118743628
637,0.6666666865348816,0.9665195345878601,0.0002500000118743628
638,0.6000000238418579,0.9517998099327087,0.0002500000118743628
639,0.5666666626930237,1.0240774154663086,0.0002500000118743628
640,0.6333333253860474,0.9993717074394226,0.0002500000118743628
641,0.5333333611488342,0.9600017666816711,0.0002500000118743628
642,0.6000000238418579,0.9515877962112427,0.0002500000118743628
643,0.6000000238418579,0.9629870057106018,0.0002500000118743628
644,0.6000000238418579,0.9508259296417236,0.0002500000118743628
645,0.5666666626930237,0.9986559748649597,0.0002500000118743628
646,0.5666666626930237,1.0021188259124756,0.0002500000118743628
647,0.7333333492279053,0.9450037479400635,0.0002500000118743628
648,0.6666666865348816,1.001573920249939,0.0002500000118743628
649,0.6333333253860474,0.9555342197418213,0.0002500000118743628
650,0.5666666626930237,0.9772745966911316,0.0002500000118743628
651,0.6000000238418579,0.9695727229118347,0.0002500000118743628
652,0.6333333253860474,1.017927885055542,0.0002500000118743628
653,0.6000000238418579,0.9278932213783264,0.0002500000118743628
654,0.5333333611488342,1.015434741973877,0.0002500000118743628
655,0.5666666626930237,1.0270932912826538,0.0002500000118743628
656,0.6333333253860474,0.9621464014053345,0.0002500000118743628
657,0.5,1.0772043466567993,0.0002500000118743628
658,0.6666666865348816,1.010841727256775,0.0002500000118743628
659,0.5666666626930237,0.9799858331680298,0.0002500000118743628
660,0.6666666865348816,0.9983014464378357,0.0002500000118743628
661,0.5333333611488342,0.9664782881736755,0.0002500000118743628
662,0.6666666865348816,0.9413796663284302,0.0002500000118743628
663,0.6666666865348816,0.9709749817848206,0.0002500000118743628
664,0.5333333611488342,0.9778452515602112,0.0002500000118743628
665,0.7333333492279053,0.9175164103507996,0.0002500000118743628
666,0.5666666626930237,0.961003303527832,0.0002500000118743628
667,0.6000000238418579,0.9347877502441406,0.0002500000118743628
668,0.6000000238418579,0.9963972568511963,0.0002500000118743628
669,0.6333333253860474,0.8825043439865112,0.0002500000118743628
670,0.6666666865348816,0.9476305246353149,0.0002500000118743628
671,0.6333333253860474,0.9235676527023315,0.0002500000118743628
672,0.6000000238418579,0.9419137239456177,0.0002500000118743628
673,0.6666666865348816,0.9372698664665222,0.0002500000118743628
674,0.5333333611488342,0.9451276659965515,0.0002500000118743628
675,0.6000000238418579,1.0092300176620483,0.0002500000118743628
676,0.6333333253860474,0.9474623203277588,0.0002500000118743628
677,0.5,0.9883472323417664,0.0002500000118743628
678,0.6333333253860474,0.9174257516860962,0.0002500000118743628
679,0.5333333611488342,0.9274014234542847,0.0002500000118743628
680,0.6333333253860474,0.9050318002700806,0.0002500000118743628
681,0.5,0.9970077276229858,0.0002500000118743628
682,0.6666666865348816,0.941296398639679,0.0002500000118743628
683,0.5333333611488342,0.9869688749313354,0.0002500000118743628
684,0.699999988079071,0.9569953680038452,0.0002500000118743628
685,0.5333333611488342,0.9787307977676392,0.0002500000118743628
686,0.5,0.9506232142448425,0.0002500000118743628
687,0.6666666865348816,1.0225207805633545,0.0002500000118743628
688,0.5333333611488342,0.9614256024360657,0.0002500000118743628
689,0.6666666865348816,1.0324504375457764,0.0002500000118743628
690,0.5333333611488342,1.0419113636016846,0.0002500000118743628
691,0.6333333253860474,0.9406090378761292,0.0002500000118743628
692,0.6000000238418579,0.9630548357963562,0.0002500000118743628
693,0.6333333253860474,0.9122491478919983,0.0002500000118743628
694,0.6333333253860474,0.901080310344696,0.0002500000118743628
695,0.7666666507720947,0.9022201895713806,0.0002500000118743628
696,0.5333333611488342,0.9663941264152527,0.0002500000118743628
697,0.6000000238418579,0.9911125302314758,0.0002500000118743628
698,0.5333333611488342,1.010736107826233,0.0002500000118743628
699,0.6333333253860474,0.9311190843582153,0.0002500000118743628
700,0.6333333253860474,0.9767433404922485,0.0002500000118743628
701,0.6666666865348816,0.9420756101608276,0.0002500000118743628
702,0.6666666865348816,0.8853297829627991,0.0002500000118743628
703,0.6000000238418579,0.8894587755203247,0.0002500000118743628
704,0.6333333253860474,0.8941409587860107,0.0002500000118743628
705,0.6666666865348816,0.9015303254127502,0.0002500000118743628
706,0.6666666865348816,0.9895193576812744,0.0002500000118743628
707,0.6000000238418579,0.9202889800071716,0.0002500000118743628
708,0.5666666626930237,0.939067542552948,0.0002500000118743628
709,0.7666666507720947,0.9229704737663269,0.0002500000118743628
710,0.7333333492279053,0.9121456146240234,0.0002500000118743628
711,0.6000000238418579,0.9355201721191406,0.0002500000118743628
712,0.5666666626930237,0.8951162695884705,0.0002500000118743628
713,0.6333333253860474,0.9131383299827576,0.0002500000118743628
714,0.6333333253860474,0.9625834226608276,0.0002500000118743628
715,0.6000000238418579,0.89877849817276,0.0002500000118743628
716,0.699999988079071,0.8893302083015442,0.0002500000118743628
717,0.6000000238418579,0.8920108675956726,0.0002500000118743628
718,0.6000000238418579,0.9218044281005859,0.0002500000118743628
719,0.699999988079071,0.8952039480209351,0.0002500000118743628
720,0.6666666865348816,0.9126113057136536,0.0001250000059371814
721,0.699999988079071,0.9145115613937378,0.0001250000059371814
722,0.6000000238418579,0.8525264263153076,0.0001250000059371814
723,0.7333333492279053,0.9286023378372192,0.0001250000059371814
724,0.7333333492279053,0.8731897473335266,0.0001250000059371814
725,0.6666666865348816,0.9170195460319519,0.0001250000059371814
726,0.699999988079071,0.8661242723464966,0.0001250000059371814
727,0.6000000238418579,0.8960027098655701,0.0001250000059371814
728,0.699999988079071,0.8851485848426819,0.0001250000059371814
729,0.7333333492279053,0.8815491199493408,0.0001250000059371814
730,0.6666666865348816,0.8847376704216003,0.0001250000059371814
731,0.6666666865348816,0.852644681930542,0.0001250000059371814
732,0.6666666865348816,0.861969530582428,0.0001250000059371814
733,0.699999988079071,0.8565605878829956,0.0001250000059371814
734,0.6666666865348816,0.8300233483314514,0.0001250000059371814
735,0.5,0.942271888256073,0.0001250000059371814
736,0.699999988079071,0.8636183142662048,0.0001250000059371814
737,0.7333333492279053,0.8809044361114502,0.0001250000059371814
738,0.5666666626930237,0.877415120601654,0.0001250000059371814
739,0.6000000238418579,0.9245855808258057,0.0001250000059371814
740,0.7333333492279053,0.8985362648963928,0.0001250000059371814
741,0.6000000238418579,0.8818293213844299,0.0001250000059371814
742,0.699999988079071,0.9027824997901917,0.0001250000059371814
743,0.7333333492279053,0.9032871723175049,0.0001250000059371814
744,0.6000000238418579,0.8747005462646484,0.0001250000059371814
745,0.800000011920929,0.8935328722000122,0.0001250000059371814
746,0.6000000238418579,0.8930087685585022,0.0001250000059371814
747,0.6333333253860474,0.902515172958374,0.0001250000059371814
748,0.7333333492279053,0.8911165595054626,0.0001250000059371814
749,0.6333333253860474,0.8943004608154297,0.0001250000059371814
750,0.6333333253860474,0.8728228807449341,0.0001250000059371814
751,0.699999988079071,0.9107231497764587,0.0001250000059371814
752,0.699999988079071,0.8755044937133789,0.0001250000059371814
753,0.699999988079071,0.8600555658340454,0.0001250000059371814
754,0.7666666507720947,0.8707195520401001,0.0001250000059371814
755,0.6333333253860474,0.8617943525314331,0.0001250000059371814
756,0.699999988079071,0.9242294430732727,0.0001250000059371814
757,0.6333333253860474,0.8619747757911682,0.0001250000059371814
758,0.5666666626930237,0.9434089064598083,0.0001250000059371814
759,0.699999988079071,0.8722224831581116,0.0001250000059371814
760,0.6333333253860474,0.9209222197532654,0.0001250000059371814
761,0.699999988079071,0.8954190611839294,0.0001250000059371814
762,0.699999988079071,0.8585770130157471,0.0001250000059371814
763,0.699999988079071,0.8863115906715393,0.0001250000059371814
764,0.6666666865348816,0.8897260427474976,0.0001250000059371814
765,0.7333333492279053,0.9114762544631958,0.0001250000059371814
766,0.7666666507720947,0.8467143177986145,0.0001250000059371814
767,0.5666666626930237,0.9166281223297119,0.0001250000059371814
768,0.7666666507720947,0.8736889362335205,0.0001250000059371814
769,0.7333333492279053,0.8940028548240662,0.0001250000059371814
770,0.6000000238418579,0.903254508972168,0.0001250000059371814
771,0.6333333253860474,0.8898698687553406,0.0001250000059371814
772,0.7333333492279053,0.8755945563316345,0.0001250000059371814
773,0.6333333253860474,0.8795619606971741,0.0001250000059371814
774,0.6666666865348816,0.8985872268676758,0.0001250000059371814
775,0.7333333492279053,0.8406982421875,0.0001250000059371814
776,0.6000000238418579,0.9229816794395447,0.0001250000059371814
777,0.6666666865348816,0.8535071015357971,0.0001250000059371814
778,0.7666666507720947,0.9137356281280518,0.0001250000059371814
779,0.6000000238418579,0.8711733222007751,0.0001250000059371814
780,0.699999988079071,0.8477420210838318,0.0001250000059371814
781,0.7333333492279053,0.8901234865188599,0.0001250000059371814
782,0.7333333492279053,0.8124954700469971,0.0001250000059371814
783,0.6333333253860474,0.8469337224960327,0.0001250000059371814
784,0.7333333492279053,0.8996456861495972,0.0001250000059371814
785,0.6666666865348816,0.837130606174469,0.0001250000059371814
786,0.6333333253860474,0.8786628842353821,0.0001250000059371814
787,0.6000000238418579,0.8784650564193726,0.0001250000059371814
788,0.6333333253860474,0.8944734930992126,0.0001250000059371814
789,0.699999988079071,0.8393843770027161,0.0001250000059371814
790,0.800000011920929,0.8286413550376892,0.0001250000059371814
791,0.699999988079071,0.8528645634651184,0.0001250000059371814
792,0.7333333492279053,0.8575790524482727,0.0001250000059371814
793,0.7666666507720947,0.8515608310699463,0.0001250000059371814
794,0.7333333492279053,0.8962628245353699,0.0001250000059371814
795,0.699999988079071,0.8797732591629028,0.0001250000059371814
796,0.699999988079071,0.9454619288444519,0.0001250000059371814
797,0.7666666507720947,0.8719794750213623,0.0001250000059371814
798,0.6333333253860474,0.8942251205444336,0.0001250000059371814
799,0.7666666507720947,0.8927236795425415,0.0001250000059371814
800,0.6000000238418579,0.9360129833221436,0.0001250000059371814
801,0.7333333492279053,0.8522199392318726,0.0001250000059371814
802,0.6666666865348816,0.9013196229934692,0.0001250000059371814
803,0.699999988079071,0.8387250900268555,0.0001250000059371814
804,0.6666666865348816,0.8526586890220642,0.0001250000059371814
805,0.699999988079071,0.8618354201316833,0.0001250000059371814
806,0.7333333492279053,0.8699781894683838,0.0001250000059371814
807,0.7333333492279053,0.8858830332756042,0.0001250000059371814
808,0.699999988079071,0.8759627938270569,0.0001250000059371814
809,0.7333333492279053,0.8379239439964294,0.0001250000059371814
810,0.699999988079071,0.8654044270515442,0.0001250000059371814
811,0.7666666507720947,0.8675593733787537,0.0001250000059371814
812,0.6666666865348816,0.8647432327270508,0.0001250000059371814
813,0.6333333253860474,0.8586357235908508,0.0001250000059371814
814,0.800000011920929,0.8569809198379517,0.0001250000059371814
815,0.7333333492279053,0.8424822688102722,0.0001250000059371814
816,0.699999988079071,0.8512166738510132,0.0001250000059371814
817,0.6666666865348816,0.8762057423591614,0.0001250000059371814
818,0.699999988079071,0.8577014803886414,0.0001250000059371814
819,0.7666666507720947,0.8374358415603638,0.0001250000059371814
820,0.7666666507720947,0.8789295554161072,0.0001250000059371814
821,0.5333333611488342,0.9129956960678101,0.0001250000059371814
822,0.7333333492279053,0.8705511093139648,0.0001250000059371814
823,0.6666666865348816,0.8685145974159241,0.0001250000059371814
824,0.800000011920929,0.861642599105835,0.0001250000059371814
825,0.7333333492279053,0.8519378304481506,0.0001250000059371814
826,0.6000000238418579,0.9113979935646057,0.0001250000059371814
827,0.7333333492279053,0.8608856201171875,0.0001250000059371814
828,0.7333333492279053,0.8709657788276672,0.0001250000059371814
829,0.7333333492279053,0.8979882001876831,0.0001250000059371814
830,0.6333333253860474,0.8696383833885193,0.0001250000059371814
831,0.7333333492279053,0.8293518424034119,0.0001250000059371814
832,0.800000011920929,0.851377546787262,0.0001250000059371814
833,0.699999988079071,0.8369044065475464,9.999999747378752e-05
834,0.6333333253860474,0.8476626873016357,9.999999747378752e-05
835,0.699999988079071,0.8749731183052063,9.999999747378752e-05
836,0.7333333492279053,0.861151397228241,9.999999747378752e-05
837,0.699999988079071,0.8462516665458679,9.999999747378752e-05
838,0.7333333492279053,0.8543589115142822,9.999999747378752e-05
839,0.6666666865348816,0.8409572243690491,9.999999747378752e-05
840,0.7666666507720947,0.8660210371017456,9.999999747378752e-05
841,0.7333333492279053,0.8233948945999146,9.999999747378752e-05
842,0.6333333253860474,0.8176096677780151,9.999999747378752e-05
843,0.7333333492279053,0.8314889073371887,9.999999747378752e-05
844,0.7666666507720947,0.8294573426246643,9.999999747378752e-05
845,0.7666666507720947,0.8158695101737976,9.999999747378752e-05
846,0.699999988079071,0.7810395359992981,9.999999747378752e-05
847,0.7666666507720947,0.8044940829277039,9.999999747378752e-05
848,0.7333333492279053,0.8239855170249939,9.999999747378752e-05
849,0.699999988079071,0.8190401196479797,9.999999747378752e-05
850,0.7666666507720947,0.8177579045295715,9.999999747378752e-05
851,0.699999988079071,0.8807265758514404,9.999999747378752e-05
852,0.699999988079071,0.8477301001548767,9.999999747378752e-05
853,0.699999988079071,0.8754950761795044,9.999999747378752e-05
854,0.7666666507720947,0.8149102330207825,9.999999747378752e-05
855,0.6333333253860474,0.8622329831123352,9.999999747378752e-05
856,0.6666666865348816,0.8577918410301208,9.999999747378752e-05
857,0.699999988079071,0.8505299687385559,9.999999747378752e-05
858,0.5333333611488342,0.8841049671173096,9.999999747378752e-05
859,0.8333333134651184,0.7962329387664795,9.999999747378752e-05
860,0.7666666507720947,0.8487528562545776,9.999999747378752e-05
861,0.699999988079071,0.831405520439148,9.999999747378752e-05
862,0.7333333492279053,0.8544080257415771,9.999999747378752e-05
863,0.6333333253860474,0.8282797336578369,9.999999747378752e-05
864,0.8333333134651184,0.7992393970489502,9.999999747378752e-05
865,0.699999988079071,0.817234218120575,9.999999747378752e-05
866,0.7666666507720947,0.8410899639129639,9.999999747378752e-05
867,0.800000011920929,0.8098116517066956,9.999999747378752e-05
868,0.7333333492279053,0.8038241863250732,9.999999747378752e-05
869,0.800000011920929,0.8257514238357544,9.999999747378752e-05
870,0.699999988079071,0.8010386228561401,9.999999747378752e-05
871,0.6333333253860474,0.8544332981109619,9.999999747378752e-05
872,0.7666666507720947,0.858188807964325,9.999999747378752e-05
873,0.7333333492279053,0.8319770693778992,9.999999747378752e-05
874,0.6333333253860474,0.8714996576309204,9.999999747378752e-05
875,0.7333333492279053,0.8261104822158813,9.999999747378752e-05
876,0.699999988079071,0.8705815672874451,9.999999747378752e-05
877,0.7666666507720947,0.8145907521247864,9.999999747378752e-05
878,0.6000000238418579,0.8549786806106567,9.999999747378752e-05
879,0.8666666746139526,0.783890426158905,9.999999747378752e-05
880,0.6666666865348816,0.8077846169471741,9.999999747378752e-05
881,0.6666666865348816,0.8583895564079285,9.999999747378752e-05
882,0.7333333492279053,0.8294737339019775,9.999999747378752e-05
883,0.800000011920929,0.8095847964286804,9.999999747378752e-05
884,0.6666666865348816,0.8144562244415283,9.999999747378752e-05
885,0.800000011920929,0.7838748097419739,9.999999747378752e-05
886,0.6333333253860474,0.8811684250831604,9.999999747378752e-05
887,0.7666666507720947,0.792393147945404,9.999999747378752e-05
888,0.6333333253860474,0.8716748952865601,9.999999747378752e-05
889,0.7666666507720947,0.8910812735557556,9.999999747378752e-05
890,0.7666666507720947,0.8412684202194214,9.999999747378752e-05
891,0.7333333492279053,0.8393722772598267,9.999999747378752e-05
892,0.7666666507720947,0.8000059723854065,9.999999747378752e-05
893,0.6333333253860474,0.8304375410079956,9.999999747378752e-05
894,0.7333333492279053,0.8173471093177795,9.999999747378752e-05
895,0.800000011920929,0.812415361404419,9.999999747378752e-05
896,0.699999988079071,0.8590891361236572,9.999999747378752e-05
897,0.6333333253860474,0.8807359337806702,9.999999747378752e-05
898,0.7666666507720947,0.8526571393013,9.999999747378752e-05
899,0.7333333492279053,0.8678058981895447,9.999999747378752e-05
900,0.7333333492279053,0.8271141648292542,9.999999747378752e-05
901,0.699999988079071,0.8755342364311218,9.999999747378752e-05
902,0.7666666507720947,0.8298571109771729,9.999999747378752e-05
903,0.699999988079071,0.8006695508956909,9.999999747378752e-05
904,0.7666666507720947,0.8034793734550476,9.999999747378752e-05
905,0.7666666507720947,0.8115098476409912,9.999999747378752e-05
906,0.699999988079071,0.8982539772987366,9.999999747378752e-05
907,0.7333333492279053,0.8956596255302429,9.999999747378752e-05
908,0.6666666865348816,0.8634468913078308,9.999999747378752e-05
909,0.7666666507720947,0.7825816869735718,9.999999747378752e-05
910,0.7333333492279053,0.8322083950042725,9.999999747378752e-05
911,0.7666666507720947,0.808040201663971,9.999999747378752e-05
912,0.6666666865348816,0.836226761341095,9.999999747378752e-05
913,0.7333333492279053,0.8482781648635864,9.999999747378752e-05
914,0.7333333492279053,0.8224045038223267,9.999999747378752e-05
915,0.699999988079071,0.8671146631240845,9.999999747378752e-05
916,0.6666666865348816,0.8153925538063049,9.999999747378752e-05
917,0.7666666507720947,0.8032377362251282,9.999999747378752e-05
918,0.699999988079071,0.8825023770332336,9.999999747378752e-05
919,0.699999988079071,0.9032114744186401,9.999999747378752e-05
920,0.699999988079071,0.8505445122718811,9.999999747378752e-05
921,0.7666666507720947,0.8052747249603271,9.999999747378752e-05
922,0.699999988079071,0.8878808617591858,9.999999747378752e-05
923,0.7666666507720947,0.8455631732940674,9.999999747378752e-05
924,0.699999988079071,0.8262991309165955,9.999999747378752e-05
925,0.7333333492279053,0.8121030926704407,9.999999747378752e-05
926,0.6666666865348816,0.8555017709732056,9.999999747378752e-05
927,0.7333333492279053,0.8701435327529907,9.999999747378752e-05
928,0.6000000238418579,0.8761305212974548,9.999999747378752e-05
929,0.6666666865348816,0.8661471605300903,9.999999747378752e-05
930,0.800000011920929,0.8450754880905151,9.999999747378752e-05
931,0.699999988079071,0.8141493201255798,9.999999747378752e-05
932,0.7333333492279053,0.8518397808074951,9.999999747378752e-05
933,0.7333333492279053,0.8456335663795471,9.999999747378752e-05
934,0.6333333253860474,0.813328206539154,9.999999747378752e-05
935,0.7666666507720947,0.814531683921814,9.999999747378752e-05
936,0.6000000238418579,0.8190078735351562,9.999999747378752e-05
937,0.699999988079071,0.8372188806533813,9.999999747378752e-05
938,0.6333333253860474,0.8262680768966675,9.999999747378752e-05
939,0.800000011920929,0.8049451112747192,9.999999747378752e-05
940,0.699999988079071,0.8673297762870789,9.999999747378752e-05
941,0.7333333492279053,0.8486737012863159,9.999999747378752e-05
942,0.699999988079071,0.8448013663291931,9.999999747378752e-05
943,0.699999988079071,0.7882035374641418,9.999999747378752e-05
944,0.6333333253860474,0.8041599988937378,9.999999747378752e-05
945,0.7333333492279053,0.8045765161514282,9.999999747378752e-05
946,0.699999988079071,0.8109714388847351,9.999999747378752e-05
947,0.6333333253860474,0.8800162076950073,9.999999747378752e-05
948,0.8333333134651184,0.7919186949729919,9.999999747378752e-05
949,0.800000011920929,0.7899215817451477,9.999999747378752e-05
950,0.7666666507720947,0.784209668636322,9.999999747378752e-05
951,0.7333333492279053,0.7922290563583374,9.999999747378752e-05
952,0.7666666507720947,0.7885295748710632,9.999999747378752e-05
953,0.7666666507720947,0.8228486180305481,9.999999747378752e-05
954,0.6000000238418579,0.8692978620529175,9.999999747378752e-05
955,0.7333333492279053,0.8299950361251831,9.999999747378752e-05
956,0.7333333492279053,0.8350550532341003,9.999999747378752e-05
957,0.6666666865348816,0.8799210786819458,9.999999747378752e-05
958,0.7666666507720947,0.8011047840118408,9.999999747378752e-05
959,0.8333333134651184,0.7833757400512695,9.999999747378752e-05
960,0.6333333253860474,0.844126284122467,9.999999747378752e-05
961,0.7333333492279053,0.8030966520309448,9.999999747378752e-05
962,0.6333333253860474,0.8431758880615234,9.999999747378752e-05
963,0.699999988079071,0.7965958714485168,9.999999747378752e-05
964,0.7333333492279053,0.8414276838302612,9.999999747378752e-05
965,0.6666666865348816,0.8080295920372009,9.999999747378752e-05
966,0.7666666507720947,0.8069895505905151,9.999999747378752e-05
967,0.699999988079071,0.84529048204422,9.999999747378752e-05
968,0.7333333492279053,0.829268753528595,9.999999747378752e-05
969,0.7333333492279053,0.7980902194976807,9.999999747378752e-05
970,0.7333333492279053,0.8607141971588135,9.999999747378752e-05
971,0.699999988079071,0.8374444842338562,9.999999747378752e-05
972,0.6666666865348816,0.8461974263191223,9.999999747378752e-05
973,0.6333333253860474,0.8070119023323059,9.999999747378752e-05
974,0.7666666507720947,0.8368822932243347,9.999999747378752e-05
975,0.7333333492279053,0.8015583157539368,9.999999747378752e-05
976,0.699999988079071,0.7748425602912903,9.999999747378752e-05
977,0.800000011920929,0.7612000107765198,9.999999747378752e-05
978,0.7333333492279053,0.8326937556266785,9.999999747378752e-05
979,0.800000011920929,0.806475043296814,9.999999747378752e-05
980,0.7666666507720947,0.7820377945899963,9.999999747378752e-05
981,0.7333333492279053,0.8545072674751282,9.999999747378752e-05
982,0.7333333492279053,0.8242021799087524,9.999999747378752e-05
983,0.7333333492279053,0.8318031430244446,9.999999747378752e-05
984,0.7333333492279053,0.8306903839111328,9.999999747378752e-05
985,0.6666666865348816,0.87041175365448,9.999999747378752e-05
986,0.7333333492279053,0.8012793064117432,9.999999747378752e-05
987,0.699999988079071,0.8113036751747131,9.999999747378752e-05
988,0.6333333253860474,0.8090270757675171,9.999999747378752e-05
989,0.7333333492279053,0.8251968622207642,9.999999747378752e-05
990,0.7333333492279053,0.8470595479011536,9.999999747378752e-05
991,0.7666666507720947,0.7976024746894836,9.999999747378752e-05
992,0.7666666507720947,0.7939662933349609,9.999999747378752e-05
993,0.6333333253860474,0.809648334980011,9.999999747378752e-05
994,0.7333333492279053,0.7942491769790649,9.999999747378752e-05
995,0.6666666865348816,0.815057635307312,9.999999747378752e-05
996,0.699999988079071,0.8034064769744873,9.999999747378752e-05
997,0.8333333134651184,0.7881671190261841,9.999999747378752e-05
998,0.7333333492279053,0.7853260636329651,9.999999747378752e-05
999,0.800000011920929,0.7806414365768433,9.999999747378752e-05
1000,0.7666666507720947,0.7767975926399231,9.999999747378752e-05
1001,0.7666666507720947,0.8546778559684753,9.999999747378752e-05
1002,0.800000011920929,0.8036280274391174,9.999999747378752e-05
1003,0.699999988079071,0.7623064517974854,9.999999747378752e-05
1004,0.6666666865348816,0.7688118815422058,9.999999747378752e-05
1005,0.7666666507720947,0.8245885968208313,9.999999747378752e-05
1006,0.6666666865348816,0.7832047939300537,9.999999747378752e-05
1007,0.699999988079071,0.8003026247024536,9.999999747378752e-05
1008,0.800000011920929,0.8105394244194031,9.999999747378752e-05
1009,0.6666666865348816,0.8329693675041199,9.999999747378752e-05
1010,0.6333333253860474,0.795657753944397,9.999999747378752e-05
1011,0.7333333492279053,0.8006130456924438,9.999999747378752e-05
1012,0.699999988079071,0.7743694186210632,9.999999747378752e-05
1013,0.7666666507720947,0.811525285243988,9.999999747378752e-05
1014,0.6666666865348816,0.8852311372756958,9.999999747378752e-05
1015,0.6666666865348816,0.8994775414466858,9.999999747378752e-05
1016,0.7666666507720947,0.8276329636573792,9.999999747378752e-05
1017,0.699999988079071,0.7987488508224487,9.999999747378752e-05
1018,0.6666666865348816,0.8310550451278687,9.999999747378752e-05
1019,0.6666666865348816,0.8108164072036743,9.999999747378752e-05
1020,0.800000011920929,0.7986449003219604,9.999999747378752e-05
1021,0.7666666507720947,0.7811896204948425,9.999999747378752e-05
1022,0.7333333492279053,0.8150374293327332,9.999999747378752e-05
1023,0.7333333492279053,0.8130810856819153,9.999999747378752e-05
1024,0.7333333492279053,0.8456943035125732,9.999999747378752e-05
1025,0.7333333492279053,0.8301569819450378,9.999999747378752e-05
1026,0.699999988079071,0.806968092918396,9.999999747378752e-05
1027,0.6666666865348816,0.8042148947715759,9.999999747378752e-05
1028,0.699999988079071,0.7986473441123962,9.999999747378752e-05
1029,0.8333333134651184,0.7924507260322571,9.999999747378752e-05
1030,0.800000011920929,0.7825479507446289,9.999999747378752e-05
1031,0.7666666507720947,0.790962815284729,9.999999747378752e-05
1032,0.7666666507720947,0.7841682434082031,9.999999747378752e-05
1033,0.7666666507720947,0.7913803458213806,9.999999747378752e-05
1034,0.800000011920929,0.7883613705635071,9.999999747378752e-05
1035,0.6666666865348816,0.8147154450416565,9.999999747378752e-05
1036,0.7333333492279053,0.7891400456428528,9.999999747378752e-05
1037,0.8333333134651184,0.7885042428970337,9.999999747378752e-05
1038,0.7333333492279053,0.7859193682670593,9.999999747378752e-05
1039,0.7666666507720947,0.7823702096939087,9.999999747378752e-05
1040,0.6666666865348816,0.8459637761116028,9.999999747378752e-05
1041,0.7666666507720947,0.7833071947097778,9.999999747378752e-05
1042,0.7333333492279053,0.8173551559448242,9.999999747378752e-05
1043,0.7666666507720947,0.7854658365249634,9.999999747378752e-05
1044,0.7333333492279053,0.8420760631561279,9.999999747378752e-05
1045,0.7666666507720947,0.8009737133979797,9.999999747378752e-05
1046,0.6666666865348816,0.8078514337539673,9.999999747378752e-05
1047,0.7666666507720947,0.7961214184761047,9.999999747378752e-05
1048,0.7333333492279053,0.8097562193870544,9.999999747378752e-05
1049,0.7333333492279053,0.7960741519927979,9.999999747378752e-05
1050,0.7333333492279053,0.798798143863678,9.999999747378752e-05
1051,0.8333333134651184,0.7878344058990479,9.999999747378752e-05
1052,0.7333333492279053,0.7949092984199524,9.999999747378752e-05
1053,0.800000011920929,0.7676260471343994,9.999999747378752e-05
1054,0.699999988079071,0.7784746885299683,9.999999747378752e-05
1055,0.800000011920929,0.8325274586677551,9.999999747378752e-05
1056,0.7333333492279053,0.8386324644088745,9.999999747378752e-05
1057,0.6333333253860474,0.8360038995742798,9.999999747378752e-05
1058,0.7666666507720947,0.7975376844406128,9.999999747378752e-05
1059,0.6666666865348816,0.8417376279830933,9.999999747378752e-05
1060,0.7333333492279053,0.8017171025276184,9.999999747378752e-05
1061,0.699999988079071,0.7816628217697144,9.999999747378752e-05
1062,0.6333333253860474,0.8447245359420776,9.999999747378752e-05
1063,0.7666666507720947,0.7804037928581238,9.999999747378752e-05
1064,0.7333333492279053,0.7945598363876343,9.999999747378752e-05
1065,0.7666666507720947,0.7811993956565857,9.999999747378752e-05
1066,0.7333333492279053,0.7743861079216003,9.999999747378752e-05
1067,0.6333333253860474,0.7944910526275635,9.999999747378752e-05
1068,0.7333333492279053,0.7619922161102295,9.999999747378752e-05
1069,0.699999988079071,0.8256815075874329,9.999999747378752e-05
1070,0.7666666507720947,0.8031574487686157,9.999999747378752e-05
1071,0.7333333492279053,0.7950682044029236,9.999999747378752e-05
1072,0.7333333492279053,0.8053205013275146,9.999999747378752e-05
1073,0.6333333253860474,0.8145959973335266,9.999999747378752e-05
1074,0.7666666507720947,0.7986108064651489,9.999999747378752e-05
1075,0.6666666865348816,0.816568911075592,9.999999747378752e-05
1076,0.8333333134651184,0.7585223913192749,9.999999747378752e-05
1077,0.7333333492279053,0.8160291314125061,9.999999747378752e-05
1078,0.8333333134651184,0.7570875287055969,9.999999747378752e-05
1079,0.7333333492279053,0.8221653699874878,9.999999747378752e-05
1080,0.800000011920929,0.7851086258888245,9.999999747378752e-05
1081,0.6666666865348816,0.7823625802993774,9.999999747378752e-05
1082,0.7333333492279053,0.7906526923179626,9.999999747378752e-05
1083,0.8333333134651184,0.7468219995498657,9.999999747378752e-05
1084,0.699999988079071,0.7887058854103088,9.999999747378752e-05
1085,0.800000011920929,0.7957257032394409,9.999999747378752e-05
1086,0.800000011920929,0.7739536762237549,9.999999747378752e-05
1087,0.7666666507720947,0.8211570382118225,9.999999747378752e-05
1088,0.699999988079071,0.808330774307251,9.999999747378752e-05
1089,0.7333333492279053,0.8034934997558594,9.999999747378752e-05
1090,0.7333333492279053,0.791786789894104,9.999999747378752e-05
1091,0.7333333492279053,0.7900318503379822,9.999999747378752e-05
1092,0.7666666507720947,0.7851304411888123,9.999999747378752e-05
1093,0.7333333492279053,0.7809025645256042,9.999999747378752e-05
1094,0.7666666507720947,0.8054466247558594,9.999999747378752e-05
1095,0.7333333492279053,0.8127958178520203,9.999999747378752e-05
1096,0.7333333492279053,0.8239695429801941,9.999999747378752e-05
1097,0.6666666865348816,0.810282289981842,9.999999747378752e-05
1098,0.6666666865348816,0.8391805291175842,9.999999747378752e-05
1099,0.7333333492279053,0.8444850444793701,9.999999747378752e-05
1100,0.6666666865348816,0.8564035892486572,9.999999747378752e-05
1101,0.6666666865348816,0.8106067180633545,9.999999747378752e-05
1102,0.6666666865348816,0.8454323410987854,9.999999747378752e-05
1103,0.7666666507720947,0.801369845867157,9.999999747378752e-05
1104,0.7333333492279053,0.7942882776260376,9.999999747378752e-05
1105,0.6666666865348816,0.8249833583831787,9.999999747378752e-05
1106,0.6666666865348816,0.8039528131484985,9.999999747378752e-05
1107,0.800000011920929,0.7765111327171326,9.999999747378752e-05
1108,0.6666666865348816,0.8080580234527588,9.999999747378752e-05
1109,0.8333333134651184,0.7933165431022644,9.999999747378752e-05
1110,0.7666666507720947,0.8093582391738892,9.999999747378752e-05
1111,0.699999988079071,0.7818952798843384,9.999999747378752e-05
1112,0.7666666507720947,0.7900514006614685,9.999999747378752e-05
1113,0.7333333492279053,0.7888198494911194,9.999999747378752e-05
1114,0.6666666865348816,0.7801235318183899,9.999999747378752e-05
1115,0.800000011920929,0.7685863971710205,9.999999747378752e-05
1116,0.7666666507720947,0.8091414570808411,9.999999747378752e-05
1117,0.7666666507720947,0.787420392036438,9.999999747378752e-05
1118,0.7666666507720947,0.7499648332595825,9.999999747378752e-05
1119,0.800000011920929,0.7663094997406006,9.999999747378752e-05
1120,0.7333333492279053,0.7727311253547668,9.999999747378752e-05
1121,0.7666666507720947,0.7737544775009155,9.999999747378752e-05
1122,0.7666666507720947,0.7941099405288696,9.999999747378752e-05
1123,0.7333333492279053,0.7747624516487122,9.999999747378752e-05
1124,0.7666666507720947,0.7713105082511902,9.999999747378752e-05
1125,0.8999999761581421,0.7152544856071472,9.999999747378752e-05
1126,0.8333333134651184,0.8376936316490173,9.999999747378752e-05
1127,0.800000011920929,0.7850944399833679,9.999999747378752e-05
1128,0.7666666507720947,0.7638638615608215,9.999999747378752e-05
1129,0.7333333492279053,0.7548555731773376,9.999999747378752e-05
1130,0.7666666507720947,0.8099614381790161,9.999999747378752e-05
1131,0.800000011920929,0.7485092282295227,9.999999747378752e-05
1132,0.7333333492279053,0.7381823658943176,9.999999747378752e-05
1133,0.6666666865348816,0.7975285649299622,9.999999747378752e-05
1134,0.7666666507720947,0.8644258379936218,9.999999747378752e-05
1135,0.6666666865348816,0.776745617389679,9.999999747378752e-05
1136,0.7666666507720947,0.7829988598823547,9.999999747378752e-05
1137,0.7666666507720947,0.8204130530357361,9.999999747378752e-05
1138,0.6666666865348816,0.8470495343208313,9.999999747378752e-05
1139,0.7666666507720947,0.762817919254303,9.999999747378752e-05
1140,0.800000011920929,0.808517336845398,9.999999747378752e-05
1141,0.7333333492279053,0.7714995741844177,9.999999747378752e-05
1142,0.7666666507720947,0.819040060043335,9.999999747378752e-05
1143,0.800000011920929,0.7794663906097412,9.999999747378752e-05
1144,0.699999988079071,0.7730299830436707,9.999999747378752e-05
1145,0.699999988079071,0.8009283542633057,9.999999747378752e-05
1146,0.7333333492279053,0.8444516658782959,9.999999747378752e-05
1147,0.800000011920929,0.7702637314796448,9.999999747378752e-05
1148,0.7666666507720947,0.7914243340492249,9.999999747378752e-05
1149,0.7666666507720947,0.8214960098266602,9.999999747378752e-05
1150,0.7333333492279053,0.8721709847450256,9.999999747378752e-05
1151,0.7333333492279053,0.7991980314254761,9.999999747378752e-05
1152,0.7666666507720947,0.8195101618766785,9.999999747378752e-05
1153,0.699999988079071,0.801074743270874,9.999999747378752e-05
1154,0.7666666507720947,0.7671327590942383,9.999999747378752e-05
1155,0.8333333134651184,0.7576884627342224,9.999999747378752e-05
1156,0.7666666507720947,0.7642582058906555,9.999999747378752e-05
1157,0.699999988079071,0.8015884160995483,9.999999747378752e-05
1158,0.7666666507720947,0.7668362259864807,9.999999747378752e-05
1159,0.800000011920929,0.7815344929695129,9.999999747378752e-05
1160,0.7333333492279053,0.7741409540176392,9.999999747378752e-05
1161,0.7666666507720947,0.7319705486297607,9.999999747378752e-05
1162,0.699999988079071,0.8002233505249023,9.999999747378752e-05
1163,0.800000011920929,0.7224607467651367,9.999999747378752e-05
1164,0.7666666507720947,0.7672437429428101,9.999999747378752e-05
1165,0.800000011920929,0.7746413946151733,9.999999747378752e-05
1166,0.7333333492279053,0.7593887448310852,9.999999747378752e-05
1167,0.8333333134651184,0.7242428064346313,9.999999747378752e-05
1168,0.7666666507720947,0.7559043169021606,9.999999747378752e-05
1169,0.8666666746139526,0.721889317035675,9.999999747378752e-05
1170,0.7666666507720947,0.7882375121116638,9.999999747378752e-05
1171,0.7666666507720947,0.728664219379425,9.999999747378752e-05
1172,0.7666666507720947,0.744532585144043,9.999999747378752e-05
1173,0.7666666507720947,0.7647247314453125,9.999999747378752e-05
1174,0.6666666865348816,0.7964080572128296,9.999999747378752e-05
1175,0.699999988079071,0.8183092474937439,9.999999747378752e-05
1176,0.800000011920929,0.7423413395881653,9.999999747378752e-05
1177,0.6333333253860474,0.8306480646133423,9.999999747378752e-05
1178,0.800000011920929,0.7525013089179993,9.999999747378752e-05
1179,0.8333333134651184,0.7833995819091797,9.999999747378752e-05
1180,0.699999988079071,0.8153563141822815,9.999999747378752e-05
1181,0.7666666507720947,0.7438774704933167,9.999999747378752e-05
1182,0.800000011920929,0.7955909967422485,9.999999747378752e-05
1183,0.800000011920929,0.8150941133499146,9.999999747378752e-05
1184,0.800000011920929,0.7638815641403198,9.999999747378752e-05
1185,0.7333333492279053,0.7409683465957642,9.999999747378752e-05
1186,0.7333333492279053,0.7398994565010071,9.999999747378752e-05
1187,0.7333333492279053,0.7298339605331421,9.999999747378752e-05
1188,0.7666666507720947,0.7696050405502319,9.999999747378752e-05
1189,0.7333333492279053,0.8105877637863159,9.999999747378752e-05
1190,0.7333333492279053,0.786447286605835,9.999999747378752e-05
1191,0.800000011920929,0.7910861372947693,9.999999747378752e-05
1192,0.8666666746139526,0.7307695746421814,9.999999747378752e-05
1193,0.7666666507720947,0.8389222621917725,9.999999747378752e-05
1194,0.7333333492279053,0.778019368648529,9.999999747378752e-05
1195,0.7666666507720947,0.759936511516571,9.999999747378752e-05
1196,0.8333333134651184,0.7804378271102905,9.999999747378752e-05
1197,0.7666666507720947,0.7728917598724365,9.999999747378752e-05
1198,0.7333333492279053,0.7732080817222595,9.999999747378752e-05
1199,0.8333333134651184,0.7501897811889648,9.999999747378752e-05
1200,0.6666666865348816,0.8400911688804626,9.999999747378752e-05
1201,0.8333333134651184,0.7380542755126953,9.999999747378752e-05
1202,0.800000011920929,0.7674540877342224,9.999999747378752e-05
1203,0.8333333134651184,0.7268269658088684,9.999999747378752e-05
1204,0.6666666865348816,0.7903032898902893,9.999999747378752e-05
1205,0.7333333492279053,0.7933109402656555,9.999999747378752e-05
1206,0.7666666507720947,0.796063244342804,9.999999747378752e-05
1207,0.7666666507720947,0.7333585023880005,9.999999747378752e-05
1208,0.800000011920929,0.8111750483512878,9.999999747378752e-05
1209,0.699999988079071,0.7842593789100647,9.999999747378752e-05
1210,0.699999988079071,0.7929607629776001,9.999999747378752e-05
1211,0.7666666507720947,0.7719771265983582,9.999999747378752e-05
1212,0.800000011920929,0.8044836521148682,9.999999747378752e-05
1213,0.800000011920929,0.7940501570701599,9.999999747378752e-05
1214,0.7666666507720947,0.741657018661499,9.999999747378752e-05
1215,0.8333333134651184,0.7490447759628296,9.999999747378752e-05
1216,0.7666666507720947,0.7816827297210693,9.999999747378752e-05
1217,0.800000011920929,0.7237256765365601,9.999999747378752e-05
1218,0.7333333492279053,0.7979075312614441,9.999999747378752e-05
1219,0.7333333492279053,0.7979625463485718,9.999999747378752e-05
1220,0.6333333253860474,0.7962281703948975,9.999999747378752e-05
1221,0.7666666507720947,0.7650832533836365,9.999999747378752e-05
1222,0.800000011920929,0.7628490924835205,9.999999747378752e-05
1223,0.8333333134651184,0.7341573238372803,9.999999747378752e-05
1224,0.800000011920929,0.7546971440315247,9.999999747378752e-05
1225,0.7333333492279053,0.8118216395378113,9.999999747378752e-05
1226,0.7666666507720947,0.787331223487854,9.999999747378752e-05
1227,0.8333333134651184,0.7498918771743774,9.999999747378752e-05
1228,0.8666666746139526,0.7043188214302063,9.999999747378752e-05
1229,0.699999988079071,0.7867519855499268,9.999999747378752e-05
1230,0.699999988079071,0.7587248682975769,9.999999747378752e-05
1231,0.7666666507720947,0.7506942749023438,9.999999747378752e-05
1232,0.7666666507720947,0.7343968749046326,9.999999747378752e-05
1233,0.800000011920929,0.7419502139091492,9.999999747378752e-05
1234,0.7333333492279053,0.8109060525894165,9.999999747378752e-05
1235,0.7666666507720947,0.758723258972168,9.999999747378752e-05
1236,0.7666666507720947,0.7692995667457581,9.999999747378752e-05
1237,0.6333333253860474,0.8030432462692261,9.999999747378752e-05
1238,0.7666666507720947,0.7478218078613281,9.999999747378752e-05
1239,0.7666666507720947,0.7721931338310242,9.999999747378752e-05
1240,0.7666666507720947,0.7473634481430054,9.999999747378752e-05
1241,0.800000011920929,0.725955069065094,9.999999747378752e-05
1242,0.699999988079071,0.8216856122016907,9.999999747378752e-05
1243,0.6666666865348816,0.7687063813209534,9.999999747378752e-05
1244,0.7666666507720947,0.7459146976470947,9.999999747378752e-05
1245,0.8333333134651184,0.7041410207748413,9.999999747378752e-05
1246,0.7666666507720947,0.7769269943237305,9.999999747378752e-05
1247,0.7333333492279053,0.8112158179283142,9.999999747378752e-05
1248,0.7666666507720947,0.7458425760269165,9.999999747378752e-05
1249,0.7333333492279053,0.769119381904602,9.999999747378752e-05
1250,0.800000011920929,0.7550018429756165,9.999999747378752e-05
1251,0.800000011920929,0.7495697140693665,9.999999747378752e-05
1252,0.7666666507720947,0.706648588180542,9.999999747378752e-05
1253,0.8666666746139526,0.7664037346839905,9.999999747378752e-05
1254,0.800000011920929,0.7499583959579468,9.999999747378752e-05
1255,0.7666666507720947,0.8232869505882263,9.999999747378752e-05
1256,0.6000000238418579,0.7849711179733276,9.999999747378752e-05
1257,0.800000011920929,0.7461682558059692,9.999999747378752e-05
1258,0.7666666507720947,0.7494509220123291,9.999999747378752e-05
1259,0.7666666507720947,0.7538219690322876,9.999999747378752e-05
1260,0.8333333134651184,0.7336654663085938,9.999999747378752e-05
1261,0.7333333492279053,0.754365861415863,9.999999747378752e-05
1262,0.800000011920929,0.7197729349136353,9.999999747378752e-05
1263,0.8333333134651184,0.7113073468208313,9.999999747378752e-05
1264,0.6333333253860474,0.7718316316604614,9.999999747378752e-05
1265,0.699999988079071,0.8380725383758545,9.999999747378752e-05
1266,0.8333333134651184,0.7479418516159058,9.999999747378752e-05
1267,0.6666666865348816,0.7652848958969116,9.999999747378752e-05
1268,0.7333333492279053,0.7287021279335022,9.999999747378752e-05
1269,0.800000011920929,0.7754736542701721,9.999999747378752e-05
1270,0.8333333134651184,0.6838333010673523,9.999999747378752e-05
1271,0.7666666507720947,0.724936842918396,9.999999747378752e-05
1272,0.7666666507720947,0.8081992268562317,9.999999747378752e-05
1273,0.7666666507720947,0.7419776320457458,9.999999747378752e-05
1274,0.800000011920929,0.7320460081100464,9.999999747378752e-05
1275,0.699999988079071,0.7628520131111145,9.999999747378752e-05
1276,0.7666666507720947,0.7186489105224609,9.999999747378752e-05
1277,0.800000011920929,0.748202919960022,9.999999747378752e-05
1278,0.800000011920929,0.7245807647705078,9.999999747378752e-05
1279,0.7666666507720947,0.7322749495506287,9.999999747378752e-05
1280,0.699999988079071,0.7349874377250671,9.999999747378752e-05
1281,0.800000011920929,0.7195214033126831,9.999999747378752e-05
1282,0.6666666865348816,0.8083961606025696,9.999999747378752e-05
1283,0.7333333492279053,0.7598514556884766,9.999999747378752e-05
1284,0.6666666865348816,0.7685016393661499,9.999999747378752e-05
1285,0.7333333492279053,0.7888756394386292,9.999999747378752e-05
1286,0.800000011920929,0.7580391764640808,9.999999747378752e-05
1287,0.7333333492279053,0.7698115706443787,9.999999747378752e-05
1288,0.7666666507720947,0.8209898471832275,9.999999747378752e-05
1289,0.800000011920929,0.7383411526679993,9.999999747378752e-05
1290,0.8666666746139526,0.7222175002098083,9.999999747378752e-05
1291,0.699999988079071,0.7655404806137085,9.999999747378752e-05
1292,0.8333333134651184,0.7245233058929443,9.999999747378752e-05
1293,0.699999988079071,0.7565793395042419,9.999999747378752e-05
1294,0.7666666507720947,0.7697877883911133,9.999999747378752e-05
1295,0.7333333492279053,0.7349422574043274,9.999999747378752e-05
1296,0.8333333134651184,0.7426252365112305,9.999999747378752e-05
1297,0.800000011920929,0.7316251397132874,9.999999747378752e-05
1298,0.699999988079071,0.7746836543083191,9.999999747378752e-05
1299,0.699999988079071,0.7523192167282104,9.999999747378752e-05
1300,0.7333333492279053,0.7478287816047668,9.999999747378752e-05
1301,0.800000011920929,0.7106611728668213,9.999999747378752e-05
1302,0.7666666507720947,0.7464560866355896,9.999999747378752e-05
1303,0.7666666507720947,0.7180007100105286,9.999999747378752e-05
1304,0.7666666507720947,0.737287700176239,9.999999747378752e-05
1305,0.7333333492279053,0.7506676316261292,9.999999747378752e-05
1306,0.7666666507720947,0.7871901988983154,9.999999747378752e-05
1307,0.699999988079071,0.7478102445602417,9.999999747378752e-05
1308,0.7666666507720947,0.7363976836204529,9.999999747378752e-05
1309,0.7333333492279053,0.7539766430854797,9.999999747378752e-05
1310,0.7333333492279053,0.7966424226760864,9.999999747378752e-05
1311,0.699999988079071,0.8076006770133972,9.999999747378752e-05
1312,0.7666666507720947,0.7764692902565002,9.999999747378752e-05
1313,0.8666666746139526,0.7752094268798828,9.999999747378752e-05
1314,0.7666666507720947,0.7764304876327515,9.999999747378752e-05
1315,0.6666666865348816,0.762714684009552,9.999999747378752e-05
1316,0.800000011920929,0.761448085308075,9.999999747378752e-05
1317,0.7333333492279053,0.7483221888542175,9.999999747378752e-05
1318,0.7333333492279053,0.7534599900245667,9.999999747378752e-05
1319,0.7333333492279053,0.7544218897819519,9.999999747378752e-05
1320,0.7333333492279053,0.7325165867805481,9.999999747378752e-05
1321,0.800000011920929,0.6935510039329529,9.999999747378752e-05
1322,0.7333333492279053,0.7837650179862976,9.999999747378752e-05
1323,0.800000011920929,0.7046865224838257,9.999999747378752e-05
1324,0.800000011920929,0.6960362792015076,9.999999747378752e-05
1325,0.7666666507720947,0.7514626979827881,9.999999747378752e-05
1326,0.7666666507720947,0.7359954714775085,9.999999747378752e-05
1327,0.6666666865348816,0.7912756204605103,9.999999747378752e-05
1328,0.800000011920929,0.7366978526115417,9.999999747378752e-05
1329,0.800000011920929,0.7419814467430115,9.999999747378752e-05
1330,0.7666666507720947,0.7251980900764465,9.999999747378752e-05
1331,0.7666666507720947,0.7704941034317017,9.999999747378752e-05
1332,0.7666666507720947,0.7263309955596924,9.999999747378752e-05
1333,0.800000011920929,0.7572574019432068,9.999999747378752e-05
1334,0.800000011920929,0.7434785962104797,9.999999747378752e-05
1335,0.7333333492279053,0.7354691624641418,9.999999747378752e-05
1336,0.7333333492279053,0.8242014050483704,9.999999747378752e-05
1337,0.7666666507720947,0.7643112540245056,9.999999747378752e-05
1338,0.7666666507720947,0.7272326946258545,9.999999747378752e-05
1339,0.699999988079071,0.7944234013557434,9.999999747378752e-05
1340,0.8666666746139526,0.723621666431427,9.999999747378752e-05
1341,0.7666666507720947,0.7220178842544556,9.999999747378752e-05
1342,0.7333333492279053,0.7345685362815857,9.999999747378752e-05
1343,0.800000011920929,0.7199775576591492,9.999999747378752e-05
1344,0.7666666507720947,0.7286531329154968,9.999999747378752e-05
1345,0.7666666507720947,0.7354150414466858,9.999999747378752e-05
1346,0.7333333492279053,0.7430545687675476,9.999999747378752e-05
1347,0.7666666507720947,0.7507530450820923,9.999999747378752e-05
1348,0.8666666746139526,0.6835924983024597,9.999999747378752e-05
1349,0.800000011920929,0.7208870053291321,9.999999747378752e-05
1350,0.7666666507720947,0.7227213382720947,9.999999747378752e-05
1351,0.8666666746139526,0.6709197759628296,9.999999747378752e-05
1352,0.6666666865348816,0.7263201475143433,9.999999747378752e-05
1353,0.800000011920929,0.7208647131919861,9.999999747378752e-05
1354,0.699999988079071,0.7097912430763245,9.999999747378752e-05
1355,0.7666666507720947,0.7737694978713989,9.999999747378752e-05
1356,0.8333333134651184,0.7202357053756714,9.999999747378752e-05
1357,0.800000011920929,0.7478109002113342,9.999999747378752e-05
1358,0.800000011920929,0.7535454034805298,9.999999747378752e-05
1359,0.800000011920929,0.7810670137405396,9.999999747378752e-05
1360,0.7333333492279053,0.7917901873588562,9.999999747378752e-05
1361,0.7333333492279053,0.7419019341468811,9.999999747378752e-05
1362,0.8999999761581421,0.6858636736869812,9.999999747378752e-05
1363,0.7333333492279053,0.7751463651657104,9.999999747378752e-05
1364,0.699999988079071,0.7472804188728333,9.999999747378752e-05
1365,0.7666666507720947,0.681843638420105,9.999999747378752e-05
1366,0.7333333492279053,0.7895796895027161,9.999999747378752e-05
1367,0.800000011920929,0.7156556248664856,9.999999747378752e-05
1368,0.7666666507720947,0.804782509803772,9.999999747378752e-05
1369,0.7666666507720947,0.7366508841514587,9.999999747378752e-05
1370,0.800000011920929,0.7272679805755615,9.999999747378752e-05
1371,0.699999988079071,0.799828827381134,9.999999747378752e-05
1372,0.7666666507720947,0.7334120869636536,9.999999747378752e-05
1373,0.800000011920929,0.804686963558197,9.999999747378752e-05
1374,0.800000011920929,0.7369408011436462,9.999999747378752e-05
1375,0.8333333134651184,0.739031970500946,9.999999747378752e-05
1376,0.800000011920929,0.7685969471931458,9.999999747378752e-05
1377,0.7666666507720947,0.7332181334495544,9.999999747378752e-05
1378,0.7666666507720947,0.7391766905784607,9.999999747378752e-05
1379,0.7666666507720947,0.7517329454421997,9.999999747378752e-05
1380,0.7666666507720947,0.7623211145401001,9.999999747378752e-05
1381,0.7666666507720947,0.7305775284767151,9.999999747378752e-05
1382,0.7666666507720947,0.6934098601341248,9.999999747378752e-05
1383,0.8333333134651184,0.7316757440567017,9.999999747378752e-05
1384,0.800000011920929,0.7340326905250549,9.999999747378752e-05
1385,0.800000011920929,0.7384436130523682,9.999999747378752e-05
1386,0.7333333492279053,0.8228437900543213,9.999999747378752e-05
1387,0.8666666746139526,0.7156538367271423,9.999999747378752e-05
1388,0.7333333492279053,0.7607713341712952,9.999999747378752e-05
1389,0.7333333492279053,0.7601521611213684,9.999999747378752e-05
1390,0.6666666865348816,0.7545134425163269,9.999999747378752e-05
1391,0.7333333492279053,0.7675336599349976,9.999999747378752e-05
1392,0.6666666865348816,0.7984594702720642,9.999999747378752e-05
1393,0.8333333134651184,0.7181874513626099,9.999999747378752e-05
1394,0.699999988079071,0.7785106897354126,9.999999747378752e-05
1395,0.699999988079071,0.724230170249939,9.999999747378752e-05
1396,0.8333333134651184,0.7274464964866638,9.999999747378752e-05
1397,0.8333333134651184,0.7440951466560364,9.999999747378752e-05
1398,0.699999988079071,0.7419308423995972,9.999999747378752e-05
1399,0.7333333492279053,0.768695056438446,9.999999747378752e-05
1400,0.8333333134651184,0.6994264721870422,9.999999747378752e-05
1401,0.800000011920929,0.7035701274871826,9.999999747378752e-05
1402,0.800000011920929,0.6868525743484497,9.999999747378752e-05
1403,0.699999988079071,0.7487879991531372,9.999999747378752e-05
1404,0.800000011920929,0.7542815804481506,9.999999747378752e-05
1405,0.7666666507720947,0.7283732891082764,9.999999747378752e-05
1406,0.7666666507720947,0.7519789338111877,9.999999747378752e-05
1407,0.7333333492279053,0.7333850264549255,9.999999747378752e-05
1408,0.8333333134651184,0.7234526872634888,9.999999747378752e-05
1409,0.7666666507720947,0.7512423992156982,9.999999747378752e-05
1410,0.8333333134651184,0.7153127193450928,9.999999747378752e-05
1411,0.7666666507720947,0.7200378775596619,9.999999747378752e-05
1412,0.7333333492279053,0.7298616766929626,9.999999747378752e-05
1413,0.7666666507720947,0.6901146769523621,9.999999747378752e-05
1414,0.7666666507720947,0.7596459984779358,9.999999747378752e-05
1415,0.800000011920929,0.7577145099639893,9.999999747378752e-05
1416,0.7666666507720947,0.7896968722343445,9.999999747378752e-05
1417,0.7333333492279053,0.7689486742019653,9.999999747378752e-05
1418,0.7666666507720947,0.726850688457489,9.999999747378752e-05
1419,0.7666666507720947,0.7324245572090149,9.999999747378752e-05
1420,0.7666666507720947,0.7147384285926819,9.999999747378752e-05
1421,0.7666666507720947,0.7437852621078491,9.999999747378752e-05
1422,0.7333333492279053,0.7936939001083374,9.999999747378752e-05
1423,0.800000011920929,0.7600157260894775,9.999999747378752e-05
1424,0.7666666507720947,0.7226072549819946,9.999999747378752e-05
1425,0.7666666507720947,0.7337849140167236,9.999999747378752e-05
1426,0.7666666507720947,0.7446547150611877,9.999999747378752e-05
1427,0.7666666507720947,0.7228692173957825,9.999999747378752e-05
1428,0.7666666507720947,0.7505265474319458,9.999999747378752e-05
1429,0.800000011920929,0.7000792622566223,9.999999747378752e-05
1430,0.7666666507720947,0.7342088222503662,9.999999747378752e-05
1431,0.7333333492279053,0.7305523157119751,9.999999747378752e-05
1432,0.800000011920929,0.6887447834014893,9.999999747378752e-05
1433,0.7333333492279053,0.7706156373023987,9.999999747378752e-05
1434,0.7666666507720947,0.7059012055397034,9.999999747378752e-05
1435,0.800000011920929,0.6868056058883667,9.999999747378752e-05
1436,0.8333333134651184,0.6810100078582764,9.999999747378752e-05
1437,0.800000011920929,0.7251516580581665,9.999999747378752e-05
1438,0.800000011920929,0.7272821664810181,9.999999747378752e-05
1439,0.800000011920929,0.7115732431411743,9.999999747378752e-05
1440,0.6666666865348816,0.8360483050346375,9.999999747378752e-05
1441,0.800000011920929,0.6904037594795227,9.999999747378752e-05
1442,0.7333333492279053,0.7396524548530579,9.999999747378752e-05
1443,0.7666666507720947,0.6906300187110901,9.999999747378752e-05
1444,0.8333333134651184,0.7193010449409485,9.999999747378752e-05
1445,0.800000011920929,0.7031536102294922,9.999999747378752e-05
1446,0.800000011920929,0.7226220369338989,9.999999747378752e-05
1447,0.7666666507720947,0.6958207488059998,9.999999747378752e-05
1448,0.8666666746139526,0.7213306427001953,9.999999747378752e-05
1449,0.8333333134651184,0.7099250555038452,9.999999747378752e-05
1450,0.800000011920929,0.6994785070419312,9.999999747378752e-05
1451,0.7333333492279053,0.7151002883911133,9.999999747378752e-05
1452,0.8666666746139526,0.7204812169075012,9.999999747378752e-05
1453,0.800000011920929,0.7255074977874756,9.999999747378752e-05
1454,0.7333333492279053,0.7317416667938232,9.999999747378752e-05
1455,0.800000011920929,0.7602825164794922,9.999999747378752e-05
1456,0.800000011920929,0.7094715237617493,9.999999747378752e-05
1457,0.8666666746139526,0.7009202241897583,9.999999747378752e-05
1458,0.7666666507720947,0.7302064299583435,9.999999747378752e-05
1459,0.7666666507720947,0.7138333916664124,9.999999747378752e-05
1460,0.7666666507720947,0.6927505731582642,9.999999747378752e-05
1461,0.8333333134651184,0.733550488948822,9.999999747378752e-05
1462,0.7666666507720947,0.7121900320053101,9.999999747378752e-05
1463,0.800000011920929,0.7842889428138733,9.999999747378752e-05
1464,0.7333333492279053,0.7727816104888916,9.999999747378752e-05
1465,0.7333333492279053,0.753726601600647,9.999999747378752e-05
1466,0.8666666746139526,0.7391944527626038,9.999999747378752e-05
1467,0.699999988079071,0.7600798010826111,9.999999747378752e-05
1468,0.7666666507720947,0.734582781791687,9.999999747378752e-05
1469,0.7333333492279053,0.735592246055603,9.999999747378752e-05
1470,0.7333333492279053,0.7280433773994446,9.999999747378752e-05
1471,0.8333333134651184,0.7417773008346558,9.999999747378752e-05
1472,0.7666666507720947,0.7712444067001343,9.999999747378752e-05
1473,0.800000011920929,0.7368741631507874,9.999999747378752e-05
1474,0.8333333134651184,0.7761120200157166,9.999999747378752e-05
1475,0.7666666507720947,0.7619642019271851,9.999999747378752e-05
1476,0.8333333134651184,0.7362430095672607,9.999999747378752e-05
1477,0.7333333492279053,0.7563419938087463,9.999999747378752e-05
1478,0.7666666507720947,0.7159408330917358,9.999999747378752e-05
1479,0.699999988079071,0.7114899158477783,9.999999747378752e-05
1480,0.800000011920929,0.688122570514679,9.999999747378752e-05
1481,0.800000011920929,0.7365255951881409,9.999999747378752e-05
1482,0.800000011920929,0.7214678525924683,9.999999747378752e-05
1483,0.6666666865348816,0.7155154347419739,9.999999747378752e-05
1484,0.800000011920929,0.7150077223777771,9.999999747378752e-05
1485,0.8333333134651184,0.6851850152015686,9.999999747378752e-05
1486,0.7666666507720947,0.719081461429596,9.999999747378752e-05
1487,0.7666666507720947,0.6780628561973572,9.999999747378752e-05
1488,0.7666666507720947,0.7102670073509216,9.999999747378752e-05
1489,0.800000011920929,0.6957701444625854,9.999999747378752e-05
1490,0.800000011920929,0.7632339596748352,9.999999747378752e-05
1491,0.800000011920929,0.6883707642555237,9.999999747378752e-05
1492,0.7666666507720947,0.7664253115653992,9.999999747378752e-05
1493,0.8333333134651184,0.70416659116745,9.999999747378752e-05
1494,0.7666666507720947,0.711513102054596,9.999999747378752e-05
1495,0.800000011920929,0.746161699295044,9.999999747378752e-05
1496,0.7666666507720947,0.6950948238372803,9.999999747378752e-05
1497,0.8333333134651184,0.6917006969451904,9.999999747378752e-05
1498,0.7333333492279053,0.7501373291015625,9.999999747378752e-05
1499,0.8999999761581421,0.7160544991493225,9.999999747378752e-05
1500,0.800000011920929,0.7385970950126648,9.999999747378752e-05
1501,0.8333333134651184,0.6828436255455017,9.999999747378752e-05
1502,0.7666666507720947,0.7068406939506531,9.999999747378752e-05
1503,0.7333333492279053,0.748561441898346,9.999999747378752e-05
1504,0.800000011920929,0.6888152956962585,9.999999747378752e-05
1505,0.800000011920929,0.7216170430183411,9.999999747378752e-05
1506,0.800000011920929,0.730328381061554,9.999999747378752e-05
1507,0.7333333492279053,0.7245547771453857,9.999999747378752e-05
1508,0.7666666507720947,0.711064338684082,9.999999747378752e-05
1509,0.7333333492279053,0.697455108165741,9.999999747378752e-05
1510,0.699999988079071,0.7876798510551453,9.999999747378752e-05
1511,0.8333333134651184,0.7315765023231506,9.999999747378752e-05
1512,0.7333333492279053,0.7650241851806641,9.999999747378752e-05
1513,0.699999988079071,0.7254029512405396,9.999999747378752e-05
1514,0.7666666507720947,0.7229559421539307,9.999999747378752e-05
1515,0.800000011920929,0.667535662651062,9.999999747378752e-05
1516,0.8666666746139526,0.6982966065406799,9.999999747378752e-05
1517,0.6333333253860474,0.7874317169189453,9.999999747378752e-05
1518,0.800000011920929,0.7192226648330688,9.999999747378752e-05
1519,0.8333333134651184,0.659666121006012,9.999999747378752e-05
1520,0.8333333134651184,0.6848376393318176,9.999999747378752e-05
1521,0.8666666746139526,0.6686398386955261,9.999999747378752e-05
1522,0.7666666507720947,0.7457315921783447,9.999999747378752e-05
1523,0.800000011920929,0.7141550779342651,9.999999747378752e-05
1524,0.7333333492279053,0.6833353638648987,9.999999747378752e-05
1525,0.7666666507720947,0.7348586916923523,9.999999747378752e-05
1526,0.699999988079071,0.770492434501648,9.999999747378752e-05
1527,0.8333333134651184,0.6617761850357056,9.999999747378752e-05
1528,0.800000011920929,0.6700488328933716,9.999999747378752e-05
1529,0.7333333492279053,0.7434195876121521,9.999999747378752e-05
1530,0.7666666507720947,0.740443229675293,9.999999747378752e-05
1531,0.800000011920929,0.7633405327796936,9.999999747378752e-05
1532,0.6333333253860474,0.7850878238677979,9.999999747378752e-05
1533,0.7666666507720947,0.7057681679725647,9.999999747378752e-05
1534,0.800000011920929,0.7103154063224792,9.999999747378752e-05
1535,0.8333333134651184,0.6737350225448608,9.999999747378752e-05
1536,0.8333333134651184,0.7090986967086792,9.999999747378752e-05
1537,0.8333333134651184,0.6770574450492859,9.999999747378752e-05
1538,0.8999999761581421,0.6714455485343933,9.999999747378752e-05
1539,0.7666666507720947,0.7175337672233582,9.999999747378752e-05
1540,0.8333333134651184,0.6849765777587891,9.999999747378752e-05
1541,0.8333333134651184,0.7032424807548523,9.999999747378752e-05
1542,0.800000011920929,0.7075303196907043,9.999999747378752e-05
1543,0.800000011920929,0.6939266324043274,9.999999747378752e-05
1544,0.800000011920929,0.6866347193717957,9.999999747378752e-05
1545,0.800000011920929,0.7212653756141663,9.999999747378752e-05
1546,0.7666666507720947,0.713750958442688,9.999999747378752e-05
1547,0.800000011920929,0.7225334048271179,9.999999747378752e-05
1548,0.7666666507720947,0.6620953679084778,9.999999747378752e-05
1549,0.8666666746139526,0.6848000288009644,9.999999747378752e-05
1550,0.800000011920929,0.7218190431594849,9.999999747378752e-05
1551,0.800000011920929,0.6659250855445862,9.999999747378752e-05
1552,0.7666666507720947,0.7281205058097839,9.999999747378752e-05
1553,0.8666666746139526,0.697265088558197,9.999999747378752e-05
1554,0.8333333134651184,0.7553011775016785,9.999999747378752e-05
1555,0.7666666507720947,0.7095993757247925,9.999999747378752e-05
1556,0.7666666507720947,0.7719932794570923,9.999999747378752e-05
1557,0.7666666507720947,0.7138556838035583,9.999999747378752e-05
1558,0.8333333134651184,0.7296775579452515,9.999999747378752e-05
1559,0.8333333134651184,0.7458270788192749,9.999999747378752e-05
1560,0.8333333134651184,0.7220777869224548,9.999999747378752e-05
1561,0.6333333253860474,0.7051492929458618,9.999999747378752e-05
1562,0.800000011920929,0.7580592036247253,9.999999747378752e-05
1563,0.8333333134651184,0.7657117247581482,9.999999747378752e-05
1564,0.800000011920929,0.7183364629745483,9.999999747378752e-05
1565,0.8333333134651184,0.6979586482048035,9.999999747378752e-05
1566,0.8999999761581421,0.6533452868461609,9.999999747378752e-05
1567,0.8333333134651184,0.7224035263061523,9.999999747378752e-05
1568,0.7333333492279053,0.7858850955963135,9.999999747378752e-05
1569,0.8333333134651184,0.7250950336456299,9.999999747378752e-05
1570,0.7333333492279053,0.7099118828773499,9.999999747378752e-05
1571,0.7666666507720947,0.7262088060379028,9.999999747378752e-05
1572,0.800000011920929,0.6864988803863525,9.999999747378752e-05
1573,0.7666666507720947,0.6835941672325134,9.999999747378752e-05
1574,0.8333333134651184,0.7180028557777405,9.999999747378752e-05
1575,0.800000011920929,0.7309908270835876,9.999999747378752e-05
1576,0.8666666746139526,0.7367313504219055,9.999999747378752e-05
1577,0.7666666507720947,0.6959192156791687,9.999999747378752e-05
1578,0.8666666746139526,0.7077803015708923,9.999999747378752e-05
1579,0.699999988079071,0.7274466156959534,9.999999747378752e-05
1580,0.800000011920929,0.7063419222831726,9.999999747378752e-05
1581,0.800000011920929,0.6935946345329285,9.999999747378752e-05
1582,0.7666666507720947,0.6758060455322266,9.999999747378752e-05
1583,0.8333333134651184,0.7067928314208984,9.999999747378752e-05
1584,0.800000011920929,0.7086935043334961,9.999999747378752e-05
1585,0.8666666746139526,0.6798133254051208,9.999999747378752e-05
1586,0.8999999761581421,0.6571967005729675,9.999999747378752e-05
1587,0.8666666746139526,0.674640953540802,9.999999747378752e-05
1588,0.8333333134651184,0.6862790584564209,9.999999747378752e-05
1589,0.7666666507720947,0.7410409450531006,9.999999747378752e-05
1590,0.8666666746139526,0.7150681018829346,9.999999747378752e-05
1591,0.800000011920929,0.6833828687667847,9.999999747378752e-05
1592,0.8666666746139526,0.6619328260421753,9.999999747378752e-05
1593,0.8666666746139526,0.6381217241287231,9.999999747378752e-05
1594,0.7666666507720947,0.6838753819465637,9.999999747378752e-05
1595,0.699999988079071,0.7309988737106323,9.999999747378752e-05
1596,0.800000011920929,0.7291932702064514,9.999999747378752e-05
1597,0.800000011920929,0.7618260979652405,9.999999747378752e-05
1598,0.800000011920929,0.6885721683502197,9.999999747378752e-05
1599,0.7333333492279053,0.739561140537262,9.999999747378752e-05
1600,0.7666666507720947,0.6840617060661316,9.999999747378752e-05
1601,0.8333333134651184,0.7044835686683655,9.999999747378752e-05
1602,0.7333333492279053,0.7069187164306641,9.999999747378752e-05
1603,0.8666666746139526,0.6444253325462341,9.999999747378752e-05
1604,0.800000011920929,0.7050377130508423,9.999999747378752e-05
1605,0.800000011920929,0.6751886010169983,9.999999747378752e-05
1606,0.800000011920929,0.6744013428688049,9.999999747378752e-05
1607,0.800000011920929,0.6515428423881531,9.999999747378752e-05
1608,0.7333333492279053,0.7413533926010132,9.999999747378752e-05
1609,0.8333333134651184,0.6592817902565002,9.999999747378752e-05
1610,0.800000011920929,0.7665665745735168,9.999999747378752e-05
1611,0.7333333492279053,0.6999478936195374,9.999999747378752e-05
1612,0.800000011920929,0.689215898513794,9.999999747378752e-05
1613,0.8666666746139526,0.6670480370521545,9.999999747378752e-05
1614,0.8333333134651184,0.666502058506012,9.999999747378752e-05
1615,0.800000011920929,0.6955054998397827,9.999999747378752e-05
1616,0.7666666507720947,0.66595858335495,9.999999747378752e-05
1617,0.800000011920929,0.732109010219574,9.999999747378752e-05
1618,0.8333333134651184,0.7090834379196167,9.999999747378752e-05
1619,0.800000011920929,0.6927617788314819,9.999999747378752e-05
1620,0.800000011920929,0.7066174745559692,9.999999747378752e-05
1621,0.8999999761581421,0.6533647775650024,9.999999747378752e-05
1622,0.8333333134651184,0.6696280837059021,9.999999747378752e-05
1623,0.800000011920929,0.6900400519371033,9.999999747378752e-05
1624,0.699999988079071,0.7082101702690125,9.999999747378752e-05
1625,0.7666666507720947,0.7182313203811646,9.999999747378752e-05
1626,0.800000011920929,0.685623288154602,9.999999747378752e-05
1627,0.8999999761581421,0.6930716037750244,9.999999747378752e-05
1628,0.7666666507720947,0.7370102405548096,9.999999747378752e-05
1629,0.800000011920929,0.73964524269104,9.999999747378752e-05
1630,0.7666666507720947,0.6880093216896057,9.999999747378752e-05
1631,0.800000011920929,0.6978277564048767,9.999999747378752e-05
1632,0.7333333492279053,0.7265217304229736,9.999999747378752e-05
1633,0.8333333134651184,0.7378366589546204,9.999999747378752e-05
1634,0.8666666746139526,0.7116748094558716,9.999999747378752e-05
1635,0.8333333134651184,0.6941725015640259,9.999999747378752e-05
1636,0.800000011920929,0.7094939351081848,9.999999747378752e-05
1637,0.800000011920929,0.6926642060279846,9.999999747378752e-05
1638,0.6666666865348816,0.8345596790313721,9.999999747378752e-05
1639,0.800000011920929,0.7065728902816772,9.999999747378752e-05
1640,0.7666666507720947,0.6929705142974854,9.999999747378752e-05
1641,0.7333333492279053,0.6992369294166565,9.999999747378752e-05
1642,0.800000011920929,0.6869237422943115,9.999999747378752e-05
1643,0.7333333492279053,0.6944425106048584,9.999999747378752e-05
1644,0.800000011920929,0.6843702793121338,9.999999747378752e-05
1645,0.8333333134651184,0.7027207612991333,9.999999747378752e-05
1646,0.8666666746139526,0.6763470768928528,9.999999747378752e-05
1647,0.800000011920929,0.6893313527107239,9.999999747378752e-05
1648,0.7333333492279053,0.6923214793205261,9.999999747378752e-05
1649,0.8333333134651184,0.696837306022644,9.999999747378752e-05
1650,0.8333333134651184,0.6617939472198486,9.999999747378752e-05
1651,0.8666666746139526,0.6919016242027283,9.999999747378752e-05
1652,0.6666666865348816,0.6874863505363464,9.999999747378752e-05
1653,0.8666666746139526,0.6483668088912964,9.999999747378752e-05
1654,0.8666666746139526,0.6600583791732788,9.999999747378752e-05
1655,0.699999988079071,0.6867386102676392,9.999999747378752e-05
1656,0.800000011920929,0.7009181380271912,9.999999747378752e-05
1657,0.800000011920929,0.7212304472923279,9.999999747378752e-05
1658,0.800000011920929,0.6716669797897339,9.999999747378752e-05
1659,0.800000011920929,0.7390635013580322,9.999999747378752e-05
1660,0.8333333134651184,0.6649719476699829,9.999999747378752e-05
1661,0.8333333134651184,0.6319038271903992,9.999999747378752e-05
1662,0.8333333134651184,0.6509487628936768,9.999999747378752e-05
1663,0.800000011920929,0.7005534768104553,9.999999747378752e-05
1664,0.800000011920929,0.6533834338188171,9.999999747378752e-05
1665,0.8333333134651184,0.6765779256820679,9.999999747378752e-05
1666,0.800000011920929,0.6949048638343811,9.999999747378752e-05
1667,0.7333333492279053,0.72999107837677,9.999999747378752e-05
1668,0.8333333134651184,0.7352796792984009,9.999999747378752e-05
1669,0.800000011920929,0.6848318576812744,9.999999747378752e-05
1670,0.800000011920929,0.7182670831680298,9.999999747378752e-05
1671,0.800000011920929,0.6708226799964905,9.999999747378752e-05
1672,0.7666666507720947,0.751996636390686,9.999999747378752e-05
1673,0.7666666507720947,0.7011011838912964,9.999999747378752e-05
1674,0.8333333134651184,0.6819848418235779,9.999999747378752e-05
1675,0.7666666507720947,0.7113876342773438,9.999999747378752e-05
1676,0.7666666507720947,0.6923449039459229,9.999999747378752e-05
1677,0.8666666746139526,0.6443922519683838,9.999999747378752e-05
1678,0.8333333134651184,0.6975325345993042,9.999999747378752e-05
1679,0.8666666746139526,0.6736279129981995,9.999999747378752e-05
1680,0.8333333134651184,0.6646513342857361,9.999999747378752e-05
1681,0.800000011920929,0.6426432728767395,9.999999747378752e-05
1682,0.800000011920929,0.6630617380142212,9.999999747378752e-05
1683,0.800000011920929,0.6719610691070557,9.999999747378752e-05
1684,0.8333333134651184,0.6269200444221497,9.999999747378752e-05
1685,0.8666666746139526,0.6577933430671692,9.999999747378752e-05
1686,0.8666666746139526,0.6062708497047424,9.999999747378752e-05
1687,0.800000011920929,0.6854331493377686,9.999999747378752e-05
1688,0.7333333492279053,0.6566970348358154,9.999999747378752e-05
1689,0.8333333134651184,0.6390343308448792,9.999999747378752e-05
1690,0.800000011920929,0.6432824730873108,9.999999747378752e-05
1691,0.800000011920929,0.666029155254364,9.999999747378752e-05
1692,0.699999988079071,0.6685661673545837,9.999999747378752e-05
1693,0.8666666746139526,0.7204283475875854,9.999999747378752e-05
1694,0.8333333134651184,0.6979700922966003,9.999999747378752e-05
1695,0.800000011920929,0.7060546875,9.999999747378752e-05
1696,0.7333333492279053,0.6754724979400635,9.999999747378752e-05
1697,0.800000011920929,0.6779720187187195,9.999999747378752e-05
1698,0.800000011920929,0.7261452078819275,9.999999747378752e-05
1699,0.699999988079071,0.7701692581176758,9.999999747378752e-05
1700,0.6666666865348816,0.7519751787185669,9.999999747378752e-05
1701,0.8666666746139526,0.6938686966896057,9.999999747378752e-05
1702,0.800000011920929,0.6938076019287109,9.999999747378752e-05
1703,0.8333333134651184,0.6667225360870361,9.999999747378752e-05
1704,0.7666666507720947,0.7417329549789429,9.999999747378752e-05
1705,0.8666666746139526,0.6365107893943787,9.999999747378752e-05
1706,0.8666666746139526,0.712279736995697,9.999999747378752e-05
1707,0.800000011920929,0.6864326596260071,9.999999747378752e-05
1708,0.7666666507720947,0.7450787425041199,9.999999747378752e-05
1709,0.800000011920929,0.692875862121582,9.999999747378752e-05
1710,0.7666666507720947,0.6832550764083862,9.999999747378752e-05
1711,0.8333333134651184,0.6860716342926025,9.999999747378752e-05
1712,0.800000011920929,0.7486748099327087,9.999999747378752e-05
1713,0.800000011920929,0.703473687171936,9.999999747378752e-05
1714,0.8333333134651184,0.6628723740577698,9.999999747378752e-05
1715,0.7666666507720947,0.6810987591743469,9.999999747378752e-05
1716,0.8333333134651184,0.6562069654464722,9.999999747378752e-05
1717,0.8666666746139526,0.679233968257904,9.999999747378752e-05
1718,0.800000011920929,0.7098654508590698,9.999999747378752e-05
1719,0.800000011920929,0.6843433380126953,9.999999747378752e-05
1720,0.7666666507720947,0.6752866506576538,9.999999747378752e-05
1721,0.800000011920929,0.6749632358551025,9.999999747378752e-05
1722,0.8333333134651184,0.6785905361175537,9.999999747378752e-05
1723,0.8333333134651184,0.7164142727851868,9.999999747378752e-05
1724,0.8333333134651184,0.7037422060966492,9.999999747378752e-05
1725,0.800000011920929,0.7037753462791443,9.999999747378752e-05
1726,0.800000011920929,0.6714158654212952,9.999999747378752e-05
1727,0.8333333134651184,0.6550038456916809,9.999999747378752e-05
1728,0.8333333134651184,0.6559687256813049,9.999999747378752e-05
1729,0.800000011920929,0.663196861743927,9.999999747378752e-05
1730,0.7333333492279053,0.7040717005729675,9.999999747378752e-05
1731,0.8666666746139526,0.6846123933792114,9.999999747378752e-05
1732,0.8666666746139526,0.6353017091751099,9.999999747378752e-05
1733,0.8333333134651184,0.7008634805679321,9.999999747378752e-05
1734,0.8333333134651184,0.630034863948822,9.999999747378752e-05
1735,0.7333333492279053,0.6554876565933228,9.999999747378752e-05
1736,0.800000011920929,0.6932572722434998,9.999999747378752e-05
1737,0.7666666507720947,0.7846580743789673,9.999999747378752e-05
1738,0.8333333134651184,0.6864511966705322,9.999999747378752e-05
1739,0.800000011920929,0.6916719675064087,9.999999747378752e-05
1740,0.699999988079071,0.7578721642494202,9.999999747378752e-05
1741,0.8333333134651184,0.704281210899353,9.999999747378752e-05
1742,0.7666666507720947,0.7198922038078308,9.999999747378752e-05
1743,0.800000011920929,0.792104184627533,9.999999747378752e-05
1744,0.8333333134651184,0.6858009696006775,9.999999747378752e-05
1745,0.7666666507720947,0.6919196844100952,9.999999747378752e-05
1746,0.7666666507720947,0.7215250134468079,9.999999747378752e-05
1747,0.7666666507720947,0.7221596837043762,9.999999747378752e-05
1748,0.7666666507720947,0.6662103533744812,9.999999747378752e-05
1749,0.7666666507720947,0.6959525942802429,9.999999747378752e-05
1750,0.8333333134651184,0.6627548336982727,9.999999747378752e-05
1751,0.8333333134651184,0.6787727475166321,9.999999747378752e-05
1752,0.7666666507720947,0.7058038115501404,9.999999747378752e-05
1753,0.8333333134651184,0.6907928586006165,9.999999747378752e-05
1754,0.800000011920929,0.6311460137367249,9.999999747378752e-05
1755,0.8666666746139526,0.6282482147216797,9.999999747378752e-05
1756,0.8666666746139526,0.6554917097091675,9.999999747378752e-05
1757,0.800000011920929,0.6909761428833008,9.999999747378752e-05
1758,0.8333333134651184,0.7357082366943359,9.999999747378752e-05
1759,0.7666666507720947,0.7226850390434265,9.999999747378752e-05
1760,0.7666666507720947,0.76801997423172,9.999999747378752e-05
1761,0.800000011920929,0.6680545806884766,9.999999747378752e-05
1762,0.8333333134651184,0.6879563927650452,9.999999747378752e-05
1763,0.8999999761581421,0.6521083116531372,9.999999747378752e-05
1764,0.8666666746139526,0.6816831231117249,9.999999747378752e-05
1765,0.8333333134651184,0.651835024356842,9.999999747378752e-05
1766,0.7666666507720947,0.6729036569595337,9.999999747378752e-05
1767,0.8999999761581421,0.6418190598487854,9.999999747378752e-05
1768,0.8666666746139526,0.6808054447174072,9.999999747378752e-05
1769,0.8999999761581421,0.6030195951461792,9.999999747378752e-05
1770,0.8666666746139526,0.6262223720550537,9.999999747378752e-05
1771,0.699999988079071,0.7272822260856628,9.999999747378752e-05
1772,0.7666666507720947,0.7470492124557495,9.999999747378752e-05
1773,0.800000011920929,0.6556673645973206,9.999999747378752e-05
1774,0.800000011920929,0.6823874115943909,9.999999747378752e-05
1775,0.8333333134651184,0.7193701267242432,9.999999747378752e-05
1776,0.8666666746139526,0.6641994118690491,9.999999747378752e-05
1777,0.8333333134651184,0.6524438261985779,9.999999747378752e-05
1778,0.800000011920929,0.6680358052253723,9.999999747378752e-05
1779,0.8666666746139526,0.6465529203414917,9.999999747378752e-05
1780,0.7333333492279053,0.6683512330055237,9.999999747378752e-05
1781,0.7666666507720947,0.7043339610099792,9.999999747378752e-05
1782,0.800000011920929,0.7223280072212219,9.999999747378752e-05
1783,0.8666666746139526,0.6306465268135071,9.999999747378752e-05
1784,0.800000011920929,0.6897878646850586,9.999999747378752e-05
1785,0.800000011920929,0.6660510897636414,9.999999747378752e-05
1786,0.800000011920929,0.7069429159164429,9.999999747378752e-05
1787,0.8333333134651184,0.6419499516487122,9.999999747378752e-05
1788,0.8333333134651184,0.6566283702850342,9.999999747378752e-05
1789,0.8333333134651184,0.6323187947273254,9.999999747378752e-05
1790,0.7666666507720947,0.6783153414726257,9.999999747378752e-05
1791,0.7333333492279053,0.6925212740898132,9.999999747378752e-05
1792,0.800000011920929,0.6594887375831604,9.999999747378752e-05
1793,0.8333333134651184,0.6745081543922424,9.999999747378752e-05
1794,0.800000011920929,0.6660417914390564,9.999999747378752e-05
1795,0.800000011920929,0.6711811423301697,9.999999747378752e-05
1796,0.8333333134651184,0.6536951661109924,9.999999747378752e-05
1797,0.8333333134651184,0.6819136738777161,9.999999747378752e-05
1798,0.8666666746139526,0.6177186369895935,9.999999747378752e-05
1799,0.800000011920929,0.6464126706123352,9.999999747378752e-05
1800,0.7666666507720947,0.6469464898109436,9.999999747378752e-05
1801,0.8333333134651184,0.679722785949707,9.999999747378752e-05
1802,0.699999988079071,0.6992600560188293,9.999999747378752e-05
1803,0.8333333134651184,0.669977068901062,9.999999747378752e-05
1804,0.800000011920929,0.6648174524307251,9.999999747378752e-05
1805,0.8666666746139526,0.6210862398147583,9.999999747378752e-05
1806,0.7666666507720947,0.668060839176178,9.999999747378752e-05
1807,0.8333333134651184,0.6279767155647278,9.999999747378752e-05
1808,0.8333333134651184,0.6641626954078674,9.999999747378752e-05
1809,0.699999988079071,0.7404111623764038,9.999999747378752e-05
1810,0.8333333134651184,0.7139468789100647,9.999999747378752e-05
1811,0.7333333492279053,0.7283216714859009,9.999999747378752e-05
1812,0.7666666507720947,0.6869328618049622,9.999999747378752e-05
1813,0.8333333134651184,0.6402652859687805,9.999999747378752e-05
1814,0.8999999761581421,0.6094067692756653,9.999999747378752e-05
1815,0.7666666507720947,0.6468621492385864,9.999999747378752e-05
1816,0.699999988079071,0.7190369963645935,9.999999747378752e-05
1817,0.800000011920929,0.6876478791236877,9.999999747378752e-05
1818,0.8999999761581421,0.6487037539482117,9.999999747378752e-05
1819,0.800000011920929,0.6825689673423767,9.999999747378752e-05
1820,0.800000011920929,0.6813721060752869,9.999999747378752e-05
1821,0.8333333134651184,0.6482407450675964,9.999999747378752e-05
1822,0.800000011920929,0.6611635684967041,9.999999747378752e-05
1823,0.8333333134651184,0.646373987197876,9.999999747378752e-05
1824,0.7666666507720947,0.7060878276824951,9.999999747378752e-05
1825,0.8666666746139526,0.6541178226470947,9.999999747378752e-05
1826,0.800000011920929,0.6737355589866638,9.999999747378752e-05
1827,0.6666666865348816,0.7122980952262878,9.999999747378752e-05
1828,0.7333333492279053,0.6861019730567932,9.999999747378752e-05
1829,0.8666666746139526,0.6988999843597412,9.999999747378752e-05
1830,0.8999999761581421,0.6839758157730103,9.999999747378752e-05
1831,0.8333333134651184,0.6555274724960327,9.999999747378752e-05
1832,0.800000011920929,0.6437954306602478,9.999999747378752e-05
1833,0.800000011920929,0.668109118938446,9.999999747378752e-05
1834,0.7666666507720947,0.7205720543861389,9.999999747378752e-05
1835,0.8666666746139526,0.6460736989974976,9.999999747378752e-05
1836,0.8333333134651184,0.6891249418258667,9.999999747378752e-05
1837,0.8999999761581421,0.7069635391235352,9.999999747378752e-05
1838,0.8333333134651184,0.6281378865242004,9.999999747378752e-05
1839,0.800000011920929,0.6371966600418091,9.999999747378752e-05
1840,0.800000011920929,0.647813618183136,9.999999747378752e-05
1841,0.7666666507720947,0.6737790703773499,9.999999747378752e-05
1842,0.8666666746139526,0.6297104358673096,9.999999747378752e-05
1843,0.800000011920929,0.6858490109443665,9.999999747378752e-05
1844,0.8666666746139526,0.661841630935669,9.999999747378752e-05
1845,0.8666666746139526,0.6582852005958557,9.999999747378752e-05
1846,0.8666666746139526,0.700122058391571,9.999999747378752e-05
1847,0.8333333134651184,0.6709402799606323,9.999999747378752e-05
1848,0.8666666746139526,0.6713941097259521,9.999999747378752e-05
1849,0.800000011920929,0.7450584769248962,9.999999747378752e-05
1850,0.8666666746139526,0.6422380208969116,9.999999747378752e-05
1851,0.8333333134651184,0.6385943293571472,9.999999747378752e-05
1852,0.8666666746139526,0.6366104483604431,9.999999747378752e-05
1853,0.800000011920929,0.6506174802780151,9.999999747378752e-05
1854,0.8333333134651184,0.6387955546379089,9.999999747378752e-05
1855,0.8666666746139526,0.6374145746231079,9.999999747378752e-05
1856,0.7333333492279053,0.7185081243515015,9.999999747378752e-05
1857,0.800000011920929,0.6553830504417419,9.999999747378752e-05
1858,0.8666666746139526,0.6666625738143921,9.999999747378752e-05
1859,0.8333333134651184,0.6351815462112427,9.999999747378752e-05
1860,0.8666666746139526,0.6485744118690491,9.999999747378752e-05
1861,0.800000011920929,0.6671426892280579,9.999999747378752e-05
1862,0.8333333134651184,0.6597855687141418,9.999999747378752e-05
1863,0.7666666507720947,0.6664521098136902,9.999999747378752e-05
1864,0.800000011920929,0.6384363174438477,9.999999747378752e-05
1865,0.8333333134651184,0.6670683026313782,9.999999747378752e-05
1866,0.8333333134651184,0.6408990025520325,9.999999747378752e-05
1867,0.8666666746139526,0.6388495564460754,9.999999747378752e-05
1868,0.8333333134651184,0.6614199280738831,9.999999747378752e-05
1869,0.8999999761581421,0.6418319344520569,9.999999747378752e-05
1870,0.8333333134651184,0.6485083103179932,9.999999747378752e-05
1871,0.7333333492279053,0.7278664708137512,9.999999747378752e-05
1872,0.8333333134651184,0.7407381534576416,9.999999747378752e-05
1873,0.7666666507720947,0.6783642172813416,9.999999747378752e-05
1874,0.7666666507720947,0.7255414128303528,9.999999747378752e-05
1875,0.8333333134651184,0.6593570113182068,9.999999747378752e-05
1876,0.7333333492279053,0.7111392617225647,9.999999747378752e-05
1877,0.7666666507720947,0.7978478670120239,9.999999747378752e-05
1878,0.800000011920929,0.7662087678909302,9.999999747378752e-05
1879,0.800000011920929,0.7223291993141174,9.999999747378752e-05
1880,0.800000011920929,0.7064088582992554,9.999999747378752e-05
1881,0.800000011920929,0.6940958499908447,9.999999747378752e-05
1882,0.7666666507720947,0.6674292087554932,9.999999747378752e-05
1883,0.8333333134651184,0.6617783308029175,9.999999747378752e-05
1884,0.8666666746139526,0.6323943734169006,9.999999747378752e-05
1885,0.8666666746139526,0.6185358166694641,9.999999747378752e-05
1886,0.8333333134651184,0.6446477770805359,9.999999747378752e-05
1887,0.8999999761581421,0.6530942320823669,9.999999747378752e-05
1888,0.7666666507720947,0.644692599773407,9.999999747378752e-05
1889,0.8333333134651184,0.682414174079895,9.999999747378752e-05
1890,0.8666666746139526,0.6944312453269958,9.999999747378752e-05
1891,0.8333333134651184,0.6467732787132263,9.999999747378752e-05
1892,0.7666666507720947,0.6857122778892517,9.999999747378752e-05
1893,0.7333333492279053,0.6692553758621216,9.999999747378752e-05
1894,0.800000011920929,0.6209104061126709,9.999999747378752e-05
1895,0.8333333134651184,0.6210317611694336,9.999999747378752e-05
1896,0.8666666746139526,0.6135031580924988,9.999999747378752e-05
1897,0.8666666746139526,0.6543023586273193,9.999999747378752e-05
1898,0.7333333492279053,0.7309438586235046,9.999999747378752e-05
1899,0.8666666746139526,0.6513006687164307,9.999999747378752e-05
1900,0.7666666507720947,0.6801485419273376,9.999999747378752e-05
1901,0.8666666746139526,0.642838180065155,9.999999747378752e-05
1902,0.8333333134651184,0.6642745137214661,9.999999747378752e-05
1903,0.8666666746139526,0.6360417008399963,9.999999747378752e-05
1904,0.8333333134651184,0.6258575320243835,9.999999747378752e-05
1905,0.8666666746139526,0.6770063638687134,9.999999747378752e-05
1906,0.8333333134651184,0.6299250721931458,9.999999747378752e-05
1907,0.7666666507720947,0.6811758875846863,9.999999747378752e-05
1908,0.8666666746139526,0.6038953065872192,9.999999747378752e-05
1909,0.8999999761581421,0.617237389087677,9.999999747378752e-05
1910,0.800000011920929,0.6199179887771606,9.999999747378752e-05
1911,0.8666666746139526,0.6454313397407532,9.999999747378752e-05
1912,0.800000011920929,0.6722412705421448,9.999999747378752e-05
1913,0.8333333134651184,0.660319447517395,9.999999747378752e-05
1914,0.8333333134651184,0.6370846033096313,9.999999747378752e-05
1915,0.800000011920929,0.6050629019737244,9.999999747378752e-05
1916,0.800000011920929,0.6483314037322998,9.999999747378752e-05
1917,0.8333333134651184,0.5977279543876648,9.999999747378752e-05
1918,0.8333333134651184,0.6687987446784973,9.999999747378752e-05
1919,0.8333333134651184,0.662764310836792,9.999999747378752e-05
1920,0.8333333134651184,0.6561383008956909,9.999999747378752e-05
1921,0.8333333134651184,0.6510842442512512,9.999999747378752e-05
1922,0.7666666507720947,0.7042809128761292,9.999999747378752e-05
1923,0.699999988079071,0.764076828956604,9.999999747378752e-05
1924,0.8333333134651184,0.6889479160308838,9.999999747378752e-05
1925,0.7666666507720947,0.68853759765625,9.999999747378752e-05
1926,0.800000011920929,0.6407663226127625,9.999999747378752e-05
1927,0.7666666507720947,0.6352052688598633,9.999999747378752e-05
1928,0.8666666746139526,0.6450974941253662,9.999999747378752e-05
1929,0.8333333134651184,0.6449537873268127,9.999999747378752e-05
1930,0.8333333134651184,0.6347075700759888,9.999999747378752e-05
1931,0.7666666507720947,0.6636600494384766,9.999999747378752e-05
1932,0.8666666746139526,0.6939948797225952,9.999999747378752e-05
1933,0.8333333134651184,0.6205620169639587,9.999999747378752e-05
1934,0.8333333134651184,0.6712561249732971,9.999999747378752e-05
1935,0.8666666746139526,0.6648383736610413,9.999999747378752e-05
1936,0.8333333134651184,0.6516395211219788,9.999999747378752e-05
1937,0.8999999761581421,0.629622220993042,9.999999747378752e-05
1938,0.8999999761581421,0.6315373182296753,9.999999747378752e-05
1939,0.8666666746139526,0.638705313205719,9.999999747378752e-05
1940,0.8333333134651184,0.6775585412979126,9.999999747378752e-05
1941,0.8999999761581421,0.6157612204551697,9.999999747378752e-05
1942,0.8666666746139526,0.6526162028312683,9.999999747378752e-05
1943,0.8333333134651184,0.6226857900619507,9.999999747378752e-05
1944,0.800000011920929,0.6639394164085388,9.999999747378752e-05
1945,0.8333333134651184,0.6387436389923096,9.999999747378752e-05
1946,0.8666666746139526,0.6618549227714539,9.999999747378752e-05
1947,0.8333333134651184,0.6502800583839417,9.999999747378752e-05
1948,0.8666666746139526,0.6434407830238342,9.999999747378752e-05
1949,0.800000011920929,0.6506170034408569,9.999999747378752e-05
1950,0.7666666507720947,0.6886898279190063,9.999999747378752e-05
1951,0.8666666746139526,0.5894115567207336,9.999999747378752e-05
1952,0.8333333134651184,0.64166259765625,9.999999747378752e-05
1953,0.8333333134651184,0.6369247436523438,9.999999747378752e-05
1954,0.8666666746139526,0.6282042860984802,9.999999747378752e-05
1955,0.7666666507720947,0.6380706429481506,9.999999747378752e-05
1956,0.7666666507720947,0.6636590361595154,9.999999747378752e-05
1957,0.8333333134651184,0.6208105683326721,9.999999747378752e-05
1958,0.8666666746139526,0.6006882190704346,9.999999747378752e-05
1959,0.800000011920929,0.664148211479187,9.999999747378752e-05
1960,0.8666666746139526,0.6208449602127075,9.999999747378752e-05
1961,0.8333333134651184,0.6309822797775269,9.999999747378752e-05
1962,0.8666666746139526,0.6238115429878235,9.999999747378752e-05
1963,0.8666666746139526,0.6476328372955322,9.999999747378752e-05
1964,0.800000011920929,0.6252179741859436,9.999999747378752e-05
1965,0.800000011920929,0.6251529455184937,9.999999747378752e-05
1966,0.8333333134651184,0.6885483264923096,9.999999747378752e-05
1967,0.7666666507720947,0.7416990399360657,9.999999747378752e-05
1968,0.8666666746139526,0.5919921398162842,9.999999747378752e-05
1969,0.8666666746139526,0.6499758958816528,9.999999747378752e-05
1970,0.7333333492279053,0.697022557258606,9.999999747378752e-05
1971,0.8333333134651184,0.6703862547874451,9.999999747378752e-05
1972,0.8333333134651184,0.6489087343215942,9.999999747378752e-05
1973,0.8666666746139526,0.6405090093612671,9.999999747378752e-05
1974,0.7666666507720947,0.6351668834686279,9.999999747378752e-05
1975,0.8666666746139526,0.6237056851387024,9.999999747378752e-05
1976,0.8333333134651184,0.620090663433075,9.999999747378752e-05
1977,0.7333333492279053,0.6608050465583801,9.999999747378752e-05
1978,0.800000011920929,0.7036231756210327,9.999999747378752e-05
1979,0.8333333134651184,0.6307812333106995,9.999999747378752e-05
1980,0.8333333134651184,0.6398892998695374,9.999999747378752e-05
1981,0.8333333134651184,0.6360799074172974,9.999999747378752e-05
1982,0.800000011920929,0.635425329208374,9.999999747378752e-05
1983,0.800000011920929,0.6847677826881409,9.999999747378752e-05
1984,0.8333333134651184,0.6527141332626343,9.999999747378752e-05
1985,0.8999999761581421,0.6265077590942383,9.999999747378752e-05
1986,0.800000011920929,0.6217097043991089,9.999999747378752e-05
1987,0.8666666746139526,0.6440353989601135,9.999999747378752e-05
1988,0.8666666746139526,0.6397254467010498,9.999999747378752e-05
1989,0.8999999761581421,0.6387841105461121,9.999999747378752e-05
1990,0.7666666507720947,0.694121778011322,9.999999747378752e-05
1991,0.8666666746139526,0.6538854241371155,9.999999747378752e-05
1992,0.800000011920929,0.6462624669075012,9.999999747378752e-05
1993,0.8333333134651184,0.6188859939575195,9.999999747378752e-05
1994,0.8333333134651184,0.6245899796485901,9.999999747378752e-05
1995,0.800000011920929,0.6030789613723755,9.999999747378752e-05
1996,0.8333333134651184,0.6313517689704895,9.999999747378752e-05
1997,0.8333333134651184,0.6073289513587952,9.999999747378752e-05
1998,0.8333333134651184,0.6352478265762329,9.999999747378752e-05
1999,0.8666666746139526,0.6154477596282959,9.999999747378752e-05
