,categorical_accuracy,loss,learning_rate
0,0.5375000238418579,1.2118686437606812,0.0010000000474974513
1,0.737500011920929,0.7460830211639404,0.0010000000474974513
2,0.7825000286102295,0.6703670620918274,0.0010000000474974513
3,0.7850000262260437,0.6471990346908569,0.0010000000474974513
4,0.7925000190734863,0.6346122622489929,0.0010000000474974513
5,0.7674999833106995,0.6330004334449768,0.0010000000474974513
6,0.800000011920929,0.5918111205101013,0.0010000000474974513
7,0.7950000166893005,0.5778461694717407,0.0010000000474974513
8,0.7875000238418579,0.5820620656013489,0.0010000000474974513
9,0.7799999713897705,0.5604850649833679,0.0010000000474974513
10,0.8075000047683716,0.5402378439903259,0.0010000000474974513
11,0.7925000190734863,0.49370574951171875,0.0010000000474974513
12,0.8050000071525574,0.5211347341537476,0.0010000000474974513
13,0.8050000071525574,0.5172396898269653,0.0010000000474974513
14,0.8100000023841858,0.4934374988079071,0.0010000000474974513
15,0.8025000095367432,0.4940211772918701,0.0010000000474974513
16,0.8050000071525574,0.49344170093536377,0.0010000000474974513
17,0.8075000047683716,0.4740404784679413,0.0010000000474974513
18,0.8050000071525574,0.4830864369869232,0.0010000000474974513
19,0.8050000071525574,0.4810420274734497,0.0010000000474974513
20,0.800000011920929,0.48576802015304565,0.0010000000474974513
21,0.800000011920929,0.5056930780410767,0.0010000000474974513
22,0.7950000166893005,0.49252766370773315,0.0010000000474974513
23,0.800000011920929,0.49562764167785645,0.0010000000474974513
24,0.8125,0.47340118885040283,0.0010000000474974513
25,0.8199999928474426,0.46156954765319824,0.0010000000474974513
26,0.8075000047683716,0.4622522294521332,0.0010000000474974513
27,0.8149999976158142,0.4924640953540802,0.0010000000474974513
28,0.7925000190734863,0.4942435324192047,0.0010000000474974513
29,0.8100000023841858,0.47427093982696533,0.0010000000474974513
30,0.8050000071525574,0.46139347553253174,0.0010000000474974513
31,0.824999988079071,0.4508253335952759,0.0010000000474974513
32,0.8075000047683716,0.44528910517692566,0.0010000000474974513
33,0.8174999952316284,0.44877690076828003,0.0010000000474974513
34,0.8125,0.44035565853118896,0.0010000000474974513
35,0.8199999928474426,0.44669994711875916,0.0010000000474974513
36,0.8374999761581421,0.4114571511745453,0.0010000000474974513
37,0.8349999785423279,0.4260696768760681,0.0010000000474974513
38,0.8349999785423279,0.4022085666656494,0.0010000000474974513
39,0.8274999856948853,0.41718459129333496,0.0010000000474974513
40,0.8299999833106995,0.4176987111568451,0.0010000000474974513
41,0.8450000286102295,0.4486297369003296,0.0010000000474974513
42,0.8274999856948853,0.42306140065193176,0.0010000000474974513
43,0.8324999809265137,0.43219828605651855,0.0010000000474974513
44,0.824999988079071,0.439994215965271,0.0010000000474974513
45,0.8199999928474426,0.41160696744918823,0.0010000000474974513
46,0.8100000023841858,0.4500417709350586,0.0010000000474974513
47,0.8299999833106995,0.3909590542316437,0.0010000000474974513
48,0.8550000190734863,0.40847352147102356,0.0010000000474974513
49,0.8575000166893005,0.3869139552116394,0.0010000000474974513
50,0.8374999761581421,0.390541672706604,0.0010000000474974513
51,0.8374999761581421,0.4228842258453369,0.0010000000474974513
52,0.8349999785423279,0.4067050516605377,0.0010000000474974513
53,0.8450000286102295,0.39192917943000793,0.0010000000474974513
54,0.8324999809265137,0.42717084288597107,0.0010000000474974513
55,0.8525000214576721,0.40385910868644714,0.0010000000474974513
56,0.8550000190734863,0.3865450918674469,0.0010000000474974513
57,0.8450000286102295,0.39290088415145874,0.0010000000474974513
58,0.8324999809265137,0.3792347013950348,0.0010000000474974513
59,0.8349999785423279,0.3884633183479309,0.0010000000474974513
60,0.8450000286102295,0.39681991934776306,0.0010000000474974513
61,0.8324999809265137,0.397670179605484,0.0010000000474974513
62,0.8299999833106995,0.38610267639160156,0.0010000000474974513
63,0.8424999713897705,0.37509089708328247,0.0010000000474974513
64,0.8600000143051147,0.3642941415309906,0.0010000000474974513
65,0.8374999761581421,0.3756328225135803,0.0010000000474974513
66,0.8299999833106995,0.37344443798065186,0.0010000000474974513
67,0.8575000166893005,0.37209904193878174,0.0010000000474974513
68,0.8500000238418579,0.3727249801158905,0.0010000000474974513
69,0.8450000286102295,0.37331172823905945,0.0010000000474974513
70,0.8550000190734863,0.3630727529525757,0.0010000000474974513
71,0.8525000214576721,0.3533223867416382,0.0010000000474974513
72,0.8450000286102295,0.3622364401817322,0.0010000000474974513
73,0.8500000238418579,0.37552231550216675,0.0010000000474974513
74,0.8500000238418579,0.3757317066192627,0.0010000000474974513
75,0.8525000214576721,0.3970201909542084,0.0010000000474974513
76,0.8224999904632568,0.41677579283714294,0.0010000000474974513
77,0.8550000190734863,0.38788193464279175,0.0010000000474974513
78,0.8349999785423279,0.36327064037323,0.0010000000474974513
79,0.8399999737739563,0.37116706371307373,0.0010000000474974513
80,0.8799999952316284,0.34330928325653076,0.0010000000474974513
81,0.875,0.3296639323234558,0.0010000000474974513
82,0.8650000095367432,0.3388863503932953,0.0010000000474974513
83,0.8525000214576721,0.35456299781799316,0.0010000000474974513
84,0.875,0.3251214921474457,0.0010000000474974513
85,0.8575000166893005,0.36741137504577637,0.0010000000474974513
86,0.8475000262260437,0.4009877145290375,0.0010000000474974513
87,0.8324999809265137,0.38405299186706543,0.0010000000474974513
88,0.8600000143051147,0.3763618469238281,0.0010000000474974513
89,0.8575000166893005,0.37605854868888855,0.0010000000474974513
90,0.8575000166893005,0.3761465847492218,0.0010000000474974513
91,0.8399999737739563,0.3645470142364502,0.0010000000474974513
92,0.8650000095367432,0.3647441864013672,0.0010000000474974513
93,0.8575000166893005,0.3564003109931946,0.0010000000474974513
94,0.8824999928474426,0.33121299743652344,0.0010000000474974513
95,0.8700000047683716,0.3650296926498413,0.0010000000474974513
96,0.875,0.35484349727630615,0.0010000000474974513
97,0.875,0.3295581340789795,0.0010000000474974513
98,0.8500000238418579,0.34198179841041565,0.0010000000474974513
99,0.8849999904632568,0.3213016092777252,0.0010000000474974513
100,0.8525000214576721,0.35041630268096924,0.0010000000474974513
101,0.8774999976158142,0.33978572487831116,0.0010000000474974513
102,0.8525000214576721,0.34782227873802185,0.0010000000474974513
103,0.8700000047683716,0.334706574678421,0.0010000000474974513
104,0.887499988079071,0.3238618075847626,0.0010000000474974513
105,0.8475000262260437,0.3645648956298828,0.0010000000474974513
106,0.8849999904632568,0.34246209263801575,0.0010000000474974513
107,0.8799999952316284,0.3330981433391571,0.0010000000474974513
108,0.8725000023841858,0.32433778047561646,0.0010000000474974513
109,0.8700000047683716,0.3243945837020874,0.0010000000474974513
110,0.887499988079071,0.32569488883018494,0.0010000000474974513
111,0.8849999904632568,0.3247770071029663,0.0010000000474974513
112,0.8924999833106995,0.3181228041648865,0.0010000000474974513
113,0.8700000047683716,0.3253358006477356,0.0010000000474974513
114,0.8600000143051147,0.3336150646209717,0.0010000000474974513
115,0.8774999976158142,0.32996535301208496,0.0010000000474974513
116,0.8899999856948853,0.2933844327926636,0.0010000000474974513
117,0.8525000214576721,0.35709917545318604,0.0010000000474974513
118,0.8725000023841858,0.31594306230545044,0.0010000000474974513
119,0.8650000095367432,0.3553942143917084,0.0010000000474974513
120,0.8725000023841858,0.3374997675418854,0.0010000000474974513
121,0.862500011920929,0.33651310205459595,0.0010000000474974513
122,0.8675000071525574,0.3222135305404663,0.0010000000474974513
123,0.887499988079071,0.31217366456985474,0.0010000000474974513
124,0.8949999809265137,0.30066272616386414,0.0010000000474974513
125,0.8675000071525574,0.3138065040111542,0.0010000000474974513
126,0.8924999833106995,0.3075641393661499,0.0010000000474974513
127,0.8550000190734863,0.37008363008499146,0.0010000000474974513
128,0.8700000047683716,0.34211716055870056,0.0010000000474974513
129,0.8774999976158142,0.32781270146369934,0.0010000000474974513
130,0.875,0.3184822201728821,0.0010000000474974513
131,0.8575000166893005,0.33217495679855347,0.0010000000474974513
132,0.8799999952316284,0.32384368777275085,0.0010000000474974513
133,0.8725000023841858,0.3412806987762451,0.0010000000474974513
134,0.875,0.3042934536933899,0.0010000000474974513
135,0.8824999928474426,0.3068540096282959,0.0010000000474974513
136,0.8774999976158142,0.3192274272441864,0.0010000000474974513
137,0.8725000023841858,0.32594993710517883,0.0010000000474974513
138,0.8924999833106995,0.2883841395378113,0.0010000000474974513
139,0.8824999928474426,0.29376670718193054,0.0010000000474974513
140,0.8974999785423279,0.2953202724456787,0.0010000000474974513
141,0.8650000095367432,0.3271976411342621,0.0010000000474974513
142,0.8824999928474426,0.2990395128726959,0.0010000000474974513
143,0.8725000023841858,0.3633718490600586,0.0010000000474974513
144,0.887499988079071,0.3081299364566803,0.0010000000474974513
145,0.8924999833106995,0.28710561990737915,0.0010000000474974513
146,0.8999999761581421,0.2846156060695648,0.0010000000474974513
147,0.875,0.32061347365379333,0.0010000000474974513
148,0.8999999761581421,0.27699416875839233,0.0010000000474974513
149,0.8849999904632568,0.29971086978912354,0.0010000000474974513
150,0.8999999761581421,0.27105948328971863,0.0010000000474974513
151,0.8899999856948853,0.2881758213043213,0.0010000000474974513
152,0.8799999952316284,0.3074086308479309,0.0010000000474974513
153,0.8999999761581421,0.2692345678806305,0.0010000000474974513
154,0.8949999809265137,0.2753154933452606,0.0010000000474974513
155,0.875,0.3184528052806854,0.0010000000474974513
156,0.8774999976158142,0.30029579997062683,0.0010000000474974513
157,0.9125000238418579,0.25864845514297485,0.0010000000474974513
158,0.887499988079071,0.3044590651988983,0.0010000000474974513
159,0.8899999856948853,0.28013044595718384,0.0010000000474974513
160,0.8949999809265137,0.2815539538860321,0.0010000000474974513
161,0.8999999761581421,0.27819910645484924,0.0010000000474974513
162,0.9150000214576721,0.24822935461997986,0.0010000000474974513
163,0.8824999928474426,0.2949172258377075,0.0010000000474974513
164,0.887499988079071,0.2994590997695923,0.0010000000474974513
165,0.8949999809265137,0.280241996049881,0.0010000000474974513
166,0.9100000262260437,0.2637380063533783,0.0010000000474974513
167,0.9150000214576721,0.2577923834323883,0.0010000000474974513
168,0.8899999856948853,0.2838205099105835,0.0010000000474974513
169,0.9150000214576721,0.2615607976913452,0.0010000000474974513
170,0.9024999737739563,0.2610087990760803,0.0010000000474974513
171,0.9049999713897705,0.27031493186950684,0.0010000000474974513
172,0.8924999833106995,0.28307047486305237,0.0010000000474974513
173,0.8949999809265137,0.26765355467796326,0.0010000000474974513
174,0.9075000286102295,0.2572070062160492,0.0010000000474974513
175,0.9075000286102295,0.25512558221817017,0.0010000000474974513
176,0.9125000238418579,0.271264910697937,0.0010000000474974513
177,0.9049999713897705,0.254268616437912,0.0010000000474974513
178,0.9300000071525574,0.24612385034561157,0.0010000000474974513
179,0.8924999833106995,0.2737962603569031,0.0010000000474974513
180,0.9150000214576721,0.25706562399864197,0.0010000000474974513
181,0.9225000143051147,0.236338272690773,0.0010000000474974513
182,0.8999999761581421,0.2682102918624878,0.0010000000474974513
183,0.9049999713897705,0.2775050103664398,0.0010000000474974513
184,0.9024999737739563,0.2740170955657959,0.0010000000474974513
185,0.8999999761581421,0.2790621519088745,0.0010000000474974513
186,0.9049999713897705,0.255514532327652,0.0010000000474974513
187,0.8849999904632568,0.3139803111553192,0.0010000000474974513
188,0.8999999761581421,0.2758917510509491,0.0010000000474974513
189,0.9150000214576721,0.2673048973083496,0.0010000000474974513
190,0.8849999904632568,0.3034171164035797,0.0010000000474974513
191,0.8899999856948853,0.2739672362804413,0.0010000000474974513
192,0.9075000286102295,0.26656603813171387,0.0010000000474974513
193,0.9275000095367432,0.24747857451438904,0.0010000000474974513
194,0.9175000190734863,0.2353651076555252,0.0010000000474974513
195,0.9150000214576721,0.23003694415092468,0.0010000000474974513
196,0.925000011920929,0.2599314749240875,0.0010000000474974513
197,0.9175000190734863,0.25922709703445435,0.0010000000474974513
198,0.9300000071525574,0.23515649139881134,0.0010000000474974513
199,0.9200000166893005,0.2353673130273819,0.0010000000474974513
200,0.9424999952316284,0.2192995846271515,0.0010000000474974513
201,0.9275000095367432,0.24197791516780853,0.0010000000474974513
202,0.9175000190734863,0.2406805455684662,0.0010000000474974513
203,0.9175000190734863,0.2302112728357315,0.0010000000474974513
204,0.9175000190734863,0.2526693046092987,0.0010000000474974513
205,0.9049999713897705,0.2613406479358673,0.0010000000474974513
206,0.9200000166893005,0.23178787529468536,0.0010000000474974513
207,0.9225000143051147,0.21473777294158936,0.0010000000474974513
208,0.9200000166893005,0.2466115951538086,0.0010000000474974513
209,0.9175000190734863,0.2409965693950653,0.0010000000474974513
210,0.9049999713897705,0.236603245139122,0.0010000000474974513
211,0.9150000214576721,0.24437500536441803,0.0010000000474974513
212,0.9175000190734863,0.22264593839645386,0.0010000000474974513
213,0.9125000238418579,0.24191145598888397,0.0010000000474974513
214,0.8824999928474426,0.26921337842941284,0.0010000000474974513
215,0.9300000071525574,0.23038795590400696,0.0010000000474974513
216,0.9300000071525574,0.22413568198680878,0.0010000000474974513
217,0.925000011920929,0.21937055885791779,0.0010000000474974513
218,0.925000011920929,0.2204868644475937,0.0010000000474974513
219,0.9275000095367432,0.21516412496566772,0.0010000000474974513
220,0.9150000214576721,0.24040468037128448,0.0010000000474974513
221,0.9350000023841858,0.2180575430393219,0.0010000000474974513
222,0.9200000166893005,0.22455905377864838,0.0010000000474974513
223,0.9449999928474426,0.19663091003894806,0.0010000000474974513
224,0.9399999976158142,0.20631414651870728,0.0010000000474974513
225,0.9150000214576721,0.23407253623008728,0.0010000000474974513
226,0.9125000238418579,0.23268230259418488,0.0010000000474974513
227,0.9300000071525574,0.21062594652175903,0.0010000000474974513
228,0.9325000047683716,0.2062414139509201,0.0010000000474974513
229,0.9125000238418579,0.22656548023223877,0.0010000000474974513
230,0.9225000143051147,0.2128417044878006,0.0010000000474974513
231,0.9275000095367432,0.21454298496246338,0.0010000000474974513
232,0.949999988079071,0.20126058161258698,0.0010000000474974513
233,0.9375,0.19815070927143097,0.0010000000474974513
234,0.9474999904632568,0.18225881457328796,0.0010000000474974513
235,0.9225000143051147,0.21795305609703064,0.0010000000474974513
236,0.9474999904632568,0.19339337944984436,0.0010000000474974513
237,0.9424999952316284,0.18579989671707153,0.0010000000474974513
238,0.925000011920929,0.20286142826080322,0.0010000000474974513
239,0.9200000166893005,0.23500709235668182,0.0010000000474974513
240,0.9175000190734863,0.23102249205112457,0.0010000000474974513
241,0.9375,0.2049727588891983,0.0010000000474974513
242,0.9325000047683716,0.21254292130470276,0.0010000000474974513
243,0.9350000023841858,0.19531330466270447,0.0010000000474974513
244,0.9325000047683716,0.20687247812747955,0.0010000000474974513
245,0.9175000190734863,0.21544544398784637,0.0010000000474974513
246,0.9200000166893005,0.20512022078037262,0.0010000000474974513
247,0.9275000095367432,0.19178375601768494,0.0010000000474974513
248,0.9399999976158142,0.1856398731470108,0.0010000000474974513
249,0.9399999976158142,0.19213736057281494,0.0010000000474974513
250,0.9599999785423279,0.17182356119155884,0.0010000000474974513
251,0.9275000095367432,0.22244152426719666,0.0010000000474974513
252,0.9449999928474426,0.18647383153438568,0.0010000000474974513
253,0.9375,0.18787848949432373,0.0010000000474974513
254,0.9474999904632568,0.17126142978668213,0.0010000000474974513
255,0.9200000166893005,0.2242417335510254,0.0010000000474974513
256,0.9449999928474426,0.17585493624210358,0.0010000000474974513
257,0.9399999976158142,0.17863616347312927,0.0010000000474974513
258,0.9424999952316284,0.20294037461280823,0.0010000000474974513
259,0.9225000143051147,0.22588448226451874,0.0010000000474974513
260,0.9524999856948853,0.182787224650383,0.0010000000474974513
261,0.9424999952316284,0.1803041398525238,0.0010000000474974513
262,0.9375,0.2014959305524826,0.0010000000474974513
263,0.925000011920929,0.19799748063087463,0.0010000000474974513
264,0.9549999833106995,0.18018822371959686,0.0010000000474974513
265,0.9399999976158142,0.18296481668949127,0.0010000000474974513
266,0.9350000023841858,0.19168251752853394,0.0010000000474974513
267,0.9449999928474426,0.17222745716571808,0.0010000000474974513
268,0.9474999904632568,0.18120883405208588,0.0010000000474974513
269,0.9225000143051147,0.2117518186569214,0.0010000000474974513
270,0.9424999952316284,0.18952976167201996,0.0010000000474974513
271,0.9375,0.2029559314250946,0.0010000000474974513
272,0.9524999856948853,0.16427680850028992,0.0010000000474974513
273,0.9424999952316284,0.1791452020406723,0.0010000000474974513
274,0.9325000047683716,0.18710365891456604,0.0010000000474974513
275,0.9524999856948853,0.16005724668502808,0.0010000000474974513
276,0.9424999952316284,0.1764606088399887,0.0010000000474974513
277,0.949999988079071,0.16307294368743896,0.0010000000474974513
278,0.9350000023841858,0.16416950523853302,0.0010000000474974513
279,0.9449999928474426,0.16459837555885315,0.0010000000474974513
280,0.9424999952316284,0.17687475681304932,0.0010000000474974513
281,0.9399999976158142,0.16837462782859802,0.0010000000474974513
282,0.9125000238418579,0.2335379272699356,0.0010000000474974513
283,0.9424999952316284,0.1871955543756485,0.0010000000474974513
284,0.949999988079071,0.16991746425628662,0.0010000000474974513
285,0.9474999904632568,0.19598489999771118,0.0010000000474974513
286,0.9549999833106995,0.15620620548725128,0.0010000000474974513
287,0.9524999856948853,0.17230510711669922,0.0010000000474974513
288,0.9350000023841858,0.17797628045082092,0.0010000000474974513
289,0.9449999928474426,0.16466091573238373,0.0010000000474974513
290,0.9350000023841858,0.18990075588226318,0.0010000000474974513
291,0.9449999928474426,0.16557134687900543,0.0010000000474974513
292,0.9624999761581421,0.14189773797988892,0.0010000000474974513
293,0.9474999904632568,0.16510310769081116,0.0010000000474974513
294,0.9524999856948853,0.154839888215065,0.0010000000474974513
295,0.949999988079071,0.16708225011825562,0.0010000000474974513
296,0.9474999904632568,0.19350217282772064,0.0010000000474974513
297,0.949999988079071,0.16051682829856873,0.0010000000474974513
298,0.949999988079071,0.15950362384319305,0.0010000000474974513
299,0.9574999809265137,0.151466965675354,0.0010000000474974513
300,0.9599999785423279,0.1436854898929596,0.0010000000474974513
301,0.9624999761581421,0.15066786110401154,0.0010000000474974513
302,0.9624999761581421,0.13856159150600433,0.0010000000474974513
303,0.9574999809265137,0.14327387511730194,0.0010000000474974513
304,0.9649999737739563,0.12672872841358185,0.0010000000474974513
305,0.9700000286102295,0.11759993433952332,0.0010000000474974513
306,0.9599999785423279,0.1307431161403656,0.0010000000474974513
307,0.9649999737739563,0.131974995136261,0.0010000000474974513
308,0.9599999785423279,0.13225355744361877,0.0010000000474974513
309,0.9599999785423279,0.13281142711639404,0.0010000000474974513
310,0.9574999809265137,0.13631384074687958,0.0010000000474974513
311,0.9524999856948853,0.13541358709335327,0.0010000000474974513
312,0.9474999904632568,0.1535712629556656,0.0010000000474974513
313,0.9424999952316284,0.15931302309036255,0.0010000000474974513
314,0.9325000047683716,0.17466683685779572,0.0010000000474974513
315,0.9599999785423279,0.14551466703414917,0.0010000000474974513
316,0.9574999809265137,0.13380955159664154,0.0010000000474974513
317,0.9574999809265137,0.12709414958953857,0.0010000000474974513
318,0.9624999761581421,0.1262119859457016,0.0010000000474974513
319,0.9599999785423279,0.11398951709270477,0.0010000000474974513
320,0.949999988079071,0.15552829205989838,0.0010000000474974513
321,0.9549999833106995,0.15518665313720703,0.0010000000474974513
322,0.9474999904632568,0.16285637021064758,0.0010000000474974513
323,0.949999988079071,0.16357308626174927,0.0010000000474974513
324,0.9524999856948853,0.13789092004299164,0.0010000000474974513
325,0.9449999928474426,0.15183642506599426,0.0010000000474974513
326,0.9474999904632568,0.15504254400730133,0.0010000000474974513
327,0.9574999809265137,0.13460569083690643,0.0010000000474974513
328,0.9574999809265137,0.12915156781673431,0.0010000000474974513
329,0.9524999856948853,0.11974713206291199,0.0010000000474974513
330,0.9725000262260437,0.11928121745586395,0.0010000000474974513
331,0.9624999761581421,0.11786264181137085,0.0010000000474974513
332,0.9474999904632568,0.166218101978302,0.0010000000474974513
333,0.9449999928474426,0.13281534612178802,0.0010000000474974513
334,0.9649999737739563,0.12022247910499573,0.0010000000474974513
335,0.9725000262260437,0.10646581649780273,0.0010000000474974513
336,0.9549999833106995,0.12394926697015762,0.0010000000474974513
337,0.9674999713897705,0.1289687156677246,0.0010000000474974513
338,0.9725000262260437,0.10048872232437134,0.0010000000474974513
339,0.9674999713897705,0.11693218350410461,0.0010000000474974513
340,0.9599999785423279,0.11133833229541779,0.0010000000474974513
341,0.9649999737739563,0.11097025126218796,0.0010000000474974513
342,0.9524999856948853,0.1559867113828659,0.0010000000474974513
343,0.9549999833106995,0.14257435500621796,0.0010000000474974513
344,0.9624999761581421,0.1210455596446991,0.0010000000474974513
345,0.9800000190734863,0.09140630811452866,0.0010000000474974513
346,0.9674999713897705,0.11048856377601624,0.0010000000474974513
347,0.9649999737739563,0.10341528058052063,0.0010000000474974513
348,0.9649999737739563,0.10066679120063782,0.0010000000474974513
349,0.9674999713897705,0.10374949127435684,0.0010000000474974513
350,0.9674999713897705,0.11005216836929321,0.0010000000474974513
351,0.9649999737739563,0.09151941537857056,0.0010000000474974513
352,0.9674999713897705,0.11514449864625931,0.0010000000474974513
353,0.9674999713897705,0.09354059398174286,0.0010000000474974513
354,0.9750000238418579,0.07612721621990204,0.0010000000474974513
355,0.9700000286102295,0.07888108491897583,0.0010000000474974513
356,0.9649999737739563,0.09844598174095154,0.0010000000474974513
357,0.9574999809265137,0.12513066828250885,0.0010000000474974513
358,0.9474999904632568,0.1286334991455078,0.0010000000474974513
359,0.9549999833106995,0.15941084921360016,0.0010000000474974513
360,0.9549999833106995,0.1257144659757614,0.0010000000474974513
361,0.9599999785423279,0.1056377962231636,0.0010000000474974513
362,0.9674999713897705,0.09621971845626831,0.0010000000474974513
363,0.9599999785423279,0.10764912515878677,0.0010000000474974513
364,0.9674999713897705,0.10459631681442261,0.0010000000474974513
365,0.9700000286102295,0.08279839158058167,0.0010000000474974513
366,0.9725000262260437,0.09007766097784042,0.0010000000474974513
367,0.9674999713897705,0.12020871788263321,0.0010000000474974513
368,0.9674999713897705,0.09681800752878189,0.0010000000474974513
369,0.9800000190734863,0.07938574999570847,0.0010000000474974513
370,0.9599999785423279,0.11490838974714279,0.0010000000474974513
371,0.9674999713897705,0.08128714561462402,0.0010000000474974513
372,0.9750000238418579,0.07983356714248657,0.0010000000474974513
373,0.9800000190734863,0.0759534016251564,0.0010000000474974513
374,0.9624999761581421,0.12506414949893951,0.0010000000474974513
375,0.9649999737739563,0.12260734289884567,0.0010000000474974513
376,0.9674999713897705,0.09062270820140839,0.0010000000474974513
377,0.9624999761581421,0.11593896895647049,0.0010000000474974513
378,0.9674999713897705,0.09412755817174911,0.0010000000474974513
379,0.9775000214576721,0.069471076130867,0.0010000000474974513
380,0.9825000166893005,0.06731294840574265,0.0010000000474974513
381,0.9825000166893005,0.07004889845848083,0.0010000000474974513
382,0.9725000262260437,0.0723031535744667,0.0010000000474974513
383,0.9700000286102295,0.06774531304836273,0.0010000000474974513
384,0.9825000166893005,0.06683770567178726,0.0010000000474974513
385,0.987500011920929,0.06283413618803024,0.0010000000474974513
386,0.9775000214576721,0.06894703209400177,0.0010000000474974513
387,0.9599999785423279,0.10102082043886185,0.0010000000474974513
388,0.9700000286102295,0.0888250321149826,0.0010000000474974513
389,0.9700000286102295,0.1117369681596756,0.0010000000474974513
390,0.9624999761581421,0.10302508622407913,0.0010000000474974513
391,0.9599999785423279,0.10808344185352325,0.0010000000474974513
392,0.9674999713897705,0.10784352570772171,0.0010000000474974513
393,0.9700000286102295,0.0932619646191597,0.0010000000474974513
394,0.9700000286102295,0.08826333284378052,0.0010000000474974513
395,0.9850000143051147,0.05631888285279274,0.0010000000474974513
396,0.9700000286102295,0.09498567879199982,0.0010000000474974513
397,0.9750000238418579,0.09260719269514084,0.0010000000474974513
398,0.9850000143051147,0.06414733082056046,0.0010000000474974513
399,0.9725000262260437,0.08170857280492783,0.0010000000474974513
400,0.9800000190734863,0.07167315483093262,0.0010000000474974513
401,0.9775000214576721,0.06387672573328018,0.0010000000474974513
402,0.9825000166893005,0.06289314478635788,0.0010000000474974513
403,0.9825000166893005,0.05690707638859749,0.0010000000474974513
404,0.9825000166893005,0.051272500306367874,0.0010000000474974513
405,0.9925000071525574,0.04526800289750099,0.0010000000474974513
406,0.9925000071525574,0.04168064892292023,0.0010000000474974513
407,0.987500011920929,0.05770248919725418,0.0010000000474974513
408,0.9825000166893005,0.06218104064464569,0.0010000000474974513
409,0.9850000143051147,0.06359896808862686,0.0010000000474974513
410,0.9725000262260437,0.07716935873031616,0.0010000000474974513
411,0.9674999713897705,0.09854353219270706,0.0010000000474974513
412,0.9750000238418579,0.09425721317529678,0.0010000000474974513
413,0.9649999737739563,0.08784035593271255,0.0010000000474974513
414,0.987500011920929,0.06792999058961868,0.0010000000474974513
415,0.9850000143051147,0.0578002966940403,0.0010000000474974513
416,0.9725000262260437,0.07123784720897675,0.0010000000474974513
417,0.9800000190734863,0.07415049523115158,0.0010000000474974513
418,0.9825000166893005,0.0474286712706089,0.0010000000474974513
419,0.9825000166893005,0.051892414689064026,0.0010000000474974513
420,0.9850000143051147,0.05377620831131935,0.0010000000474974513
421,0.9850000143051147,0.04752452298998833,0.0010000000474974513
422,0.9825000166893005,0.0512583926320076,0.0010000000474974513
423,0.987500011920929,0.041726160794496536,0.0010000000474974513
424,0.987500011920929,0.044443245977163315,0.0010000000474974513
425,0.9825000166893005,0.057762064039707184,0.0010000000474974513
426,0.9775000214576721,0.0731213316321373,0.0010000000474974513
427,0.987500011920929,0.04437725618481636,0.0010000000474974513
428,0.9850000143051147,0.04681064561009407,0.0010000000474974513
429,0.9674999713897705,0.07063460350036621,0.0010000000474974513
430,0.9800000190734863,0.06538832932710648,0.0010000000474974513
431,0.9825000166893005,0.07491107285022736,0.0010000000474974513
432,0.9900000095367432,0.059385064989328384,0.0010000000474974513
433,0.9850000143051147,0.05193134769797325,0.0010000000474974513
434,0.9825000166893005,0.05318404734134674,0.0010000000474974513
435,0.9850000143051147,0.05791110917925835,0.0010000000474974513
436,0.9750000238418579,0.07515526562929153,0.0010000000474974513
437,0.9775000214576721,0.06858742982149124,0.0010000000474974513
438,0.9900000095367432,0.04934738203883171,0.0010000000474974513
439,0.9925000071525574,0.030156536027789116,0.0010000000474974513
440,0.9950000047683716,0.031970374286174774,0.0010000000474974513
441,0.9950000047683716,0.03296377509832382,0.0010000000474974513
442,0.9850000143051147,0.04683556407690048,0.0010000000474974513
443,0.987500011920929,0.051682427525520325,0.0010000000474974513
444,0.9850000143051147,0.056276001036167145,0.0010000000474974513
445,0.9925000071525574,0.04791831597685814,0.0010000000474974513
446,0.9900000095367432,0.05153694003820419,0.0010000000474974513
447,0.9800000190734863,0.05628368258476257,0.0010000000474974513
448,0.9900000095367432,0.04816579446196556,0.0010000000474974513
449,0.9775000214576721,0.07332908362150192,0.0010000000474974513
450,0.9750000238418579,0.058657072484493256,0.0010000000474974513
451,0.9775000214576721,0.07772323489189148,0.0010000000474974513
452,0.9674999713897705,0.09004262089729309,0.0010000000474974513
453,0.9800000190734863,0.06779640913009644,0.0010000000474974513
454,0.9800000190734863,0.056845687329769135,0.0010000000474974513
455,0.9850000143051147,0.047143105417490005,0.0010000000474974513
456,0.9900000095367432,0.04446785897016525,0.0010000000474974513
457,0.9900000095367432,0.030727209523320198,0.0010000000474974513
458,0.9975000023841858,0.02487470954656601,0.0010000000474974513
459,0.9975000023841858,0.02266821078956127,0.0010000000474974513
460,0.9975000023841858,0.027611058205366135,0.0010000000474974513
461,0.9950000047683716,0.024839572608470917,0.0010000000474974513
462,0.9775000214576721,0.05722083896398544,0.0010000000474974513
463,0.9825000166893005,0.05908562242984772,0.0010000000474974513
464,0.9800000190734863,0.0651271641254425,0.0010000000474974513
465,0.9850000143051147,0.05840890854597092,0.0010000000474974513
466,0.9950000047683716,0.031134985387325287,0.0010000000474974513
467,0.9925000071525574,0.03927818685770035,0.0010000000474974513
468,0.9950000047683716,0.0325034037232399,0.0010000000474974513
469,1.0,0.02232106775045395,0.0010000000474974513
470,0.9900000095367432,0.031160883605480194,0.0010000000474974513
471,0.9800000190734863,0.06833164393901825,0.0010000000474974513
472,0.9750000238418579,0.08287055045366287,0.0010000000474974513
473,0.9775000214576721,0.06889919191598892,0.0010000000474974513
474,0.9524999856948853,0.11471962928771973,0.0010000000474974513
475,0.9725000262260437,0.10041462630033493,0.0010000000474974513
476,0.9700000286102295,0.07798532396554947,0.0010000000474974513
477,0.9925000071525574,0.049213849008083344,0.0010000000474974513
478,0.9950000047683716,0.043598342686891556,0.0010000000474974513
479,0.987500011920929,0.038710642606019974,0.0010000000474974513
480,0.9925000071525574,0.03774223104119301,0.0010000000474974513
481,1.0,0.020972969010472298,0.0010000000474974513
482,0.9925000071525574,0.02670666016638279,0.0010000000474974513
483,0.9950000047683716,0.020624695345759392,0.0010000000474974513
484,0.9925000071525574,0.030650855973362923,0.0010000000474974513
485,0.9925000071525574,0.032228127121925354,0.0010000000474974513
486,0.9950000047683716,0.028293754905462265,0.0010000000474974513
487,0.9900000095367432,0.028817560523748398,0.0010000000474974513
488,0.987500011920929,0.03533317521214485,0.0010000000474974513
489,0.9800000190734863,0.05468384921550751,0.0010000000474974513
490,0.9925000071525574,0.03478945791721344,0.0010000000474974513
491,1.0,0.02143429033458233,0.0010000000474974513
492,0.9975000023841858,0.01783178560435772,0.0010000000474974513
493,1.0,0.021602429449558258,0.0010000000474974513
494,0.9950000047683716,0.022276509553194046,0.0010000000474974513
495,0.9925000071525574,0.0295402891933918,0.0010000000474974513
496,0.9975000023841858,0.025960655882954597,0.0010000000474974513
497,0.987500011920929,0.04667729511857033,0.0010000000474974513
498,0.9950000047683716,0.026130683720111847,0.0010000000474974513
499,1.0,0.02095000445842743,0.0010000000474974513
500,1.0,0.016490856185555458,0.0010000000474974513
501,1.0,0.01067652739584446,0.0010000000474974513
502,1.0,0.009845234453678131,0.0010000000474974513
503,1.0,0.007578959688544273,0.0010000000474974513
504,0.9975000023841858,0.01626589149236679,0.0010000000474974513
505,0.9950000047683716,0.02352008782327175,0.0010000000474974513
506,1.0,0.010007709264755249,0.0010000000474974513
507,1.0,0.012221300974488258,0.0010000000474974513
508,1.0,0.00870499387383461,0.0010000000474974513
509,1.0,0.007760041859000921,0.0010000000474974513
510,1.0,0.009704355150461197,0.0010000000474974513
511,1.0,0.0066617075353860855,0.0010000000474974513
512,1.0,0.0063103120774030685,0.0010000000474974513
513,1.0,0.0046118758618831635,0.0010000000474974513
514,1.0,0.00448513962328434,0.0010000000474974513
515,1.0,0.0041280509904026985,0.0010000000474974513
516,1.0,0.004875498823821545,0.0010000000474974513
517,0.9975000023841858,0.010741043835878372,0.0010000000474974513
518,0.987500011920929,0.05237257480621338,0.0010000000474974513
519,0.9825000166893005,0.08018077164888382,0.0010000000474974513
520,0.9624999761581421,0.10737082362174988,0.0010000000474974513
521,0.9549999833106995,0.11669713258743286,0.0010000000474974513
522,0.9700000286102295,0.07860515266656876,0.0010000000474974513
523,0.9750000238418579,0.06961111724376678,0.0010000000474974513
524,0.9549999833106995,0.11604315787553787,0.0010000000474974513
525,0.9775000214576721,0.05315157771110535,0.0010000000474974513
526,0.987500011920929,0.04905969277024269,0.0010000000474974513
527,0.9825000166893005,0.07145538926124573,0.0010000000474974513
528,0.9850000143051147,0.05168664827942848,0.0010000000474974513
529,0.9750000238418579,0.068331778049469,0.0010000000474974513
530,0.949999988079071,0.14657814800739288,0.0010000000474974513
531,0.9474999904632568,0.13732929527759552,0.0010000000474974513
532,0.9674999713897705,0.08633093535900116,0.0010000000474974513
533,0.9950000047683716,0.03976427763700485,0.0010000000474974513
534,0.9925000071525574,0.03458045795559883,0.0010000000474974513
535,0.9950000047683716,0.030799875035881996,0.0010000000474974513
536,0.9975000023841858,0.029053248465061188,0.0010000000474974513
537,1.0,0.020079296082258224,0.0010000000474974513
538,0.9950000047683716,0.029065949842333794,0.0010000000474974513
539,0.9925000071525574,0.02614477090537548,0.0010000000474974513
540,0.9900000095367432,0.04172414913773537,0.0010000000474974513
541,0.9750000238418579,0.0528092198073864,0.0010000000474974513
542,0.9574999809265137,0.11309868842363358,0.0010000000474974513
543,0.9624999761581421,0.09621944278478622,0.0010000000474974513
544,0.987500011920929,0.05527094006538391,0.0010000000474974513
545,0.9925000071525574,0.025137297809123993,0.0010000000474974513
546,0.9900000095367432,0.030287565663456917,0.0010000000474974513
547,0.9950000047683716,0.024760272353887558,0.0010000000474974513
548,0.9950000047683716,0.022090008482336998,0.0010000000474974513
549,0.9950000047683716,0.03688482940196991,0.0010000000474974513
550,0.9800000190734863,0.062315985560417175,0.0010000000474974513
551,0.9850000143051147,0.05858568847179413,0.0010000000474974513
552,0.9900000095367432,0.03723272681236267,0.0010000000474974513
553,0.9725000262260437,0.0767056867480278,0.0010000000474974513
554,0.9800000190734863,0.06654740124940872,0.0010000000474974513
555,0.9700000286102295,0.09346310794353485,0.0010000000474974513
556,0.9750000238418579,0.07036107778549194,0.0010000000474974513
557,0.9750000238418579,0.06132977455854416,0.0010000000474974513
558,0.9975000023841858,0.025058675557374954,0.0010000000474974513
559,0.9975000023841858,0.017191100865602493,0.0010000000474974513
560,1.0,0.012550055049359798,0.0010000000474974513
561,1.0,0.01079950574785471,0.0010000000474974513
562,1.0,0.014257549308240414,0.0010000000474974513
563,1.0,0.010032905265688896,0.0010000000474974513
564,1.0,0.007426650729030371,0.0010000000474974513
565,1.0,0.007999645546078682,0.0010000000474974513
566,1.0,0.005846244748681784,0.0005000000237487257
567,1.0,0.005236612632870674,0.0005000000237487257
568,1.0,0.0035419329069554806,0.0005000000237487257
569,1.0,0.004714242648333311,0.0005000000237487257
570,1.0,0.005217869766056538,0.0005000000237487257
571,1.0,0.004874109756201506,0.0005000000237487257
572,1.0,0.003840275341644883,0.0005000000237487257
573,1.0,0.004048886708915234,0.0005000000237487257
574,1.0,0.004091149661689997,0.0005000000237487257
575,1.0,0.002785124583169818,0.0005000000237487257
576,1.0,0.0034829815849661827,0.0005000000237487257
577,1.0,0.003065746044740081,0.0005000000237487257
578,1.0,0.002714306116104126,0.0005000000237487257
579,1.0,0.0027568733785301447,0.0005000000237487257
580,1.0,0.006183245684951544,0.0005000000237487257
581,1.0,0.005085221491754055,0.0005000000237487257
582,1.0,0.004812384489923716,0.0005000000237487257
583,1.0,0.003919212147593498,0.0005000000237487257
584,1.0,0.004083183594048023,0.0005000000237487257
585,0.9975000023841858,0.007737391162663698,0.0005000000237487257
586,1.0,0.0029293971601873636,0.0005000000237487257
587,1.0,0.004285838454961777,0.0005000000237487257
588,1.0,0.0043010348454117775,0.0005000000237487257
589,1.0,0.0032359787728637457,0.0005000000237487257
590,1.0,0.0049295793287456036,0.0005000000237487257
591,1.0,0.010084528475999832,0.0005000000237487257
592,1.0,0.0038133675698190928,0.0005000000237487257
593,1.0,0.0027825371362268925,0.0005000000237487257
594,1.0,0.004505131859332323,0.0005000000237487257
595,1.0,0.0034760197158902884,0.0005000000237487257
596,1.0,0.003048880724236369,0.0005000000237487257
597,1.0,0.002234377432614565,0.0005000000237487257
598,1.0,0.002361142076551914,0.0005000000237487257
599,1.0,0.0027563078328967094,0.0005000000237487257
600,1.0,0.003567035309970379,0.0005000000237487257
601,1.0,0.002654237672686577,0.0005000000237487257
602,1.0,0.0028600338846445084,0.0005000000237487257
603,1.0,0.0036850599572062492,0.0005000000237487257
604,1.0,0.002099997363984585,0.0005000000237487257
605,1.0,0.002057592384517193,0.0005000000237487257
606,1.0,0.0033179454039782286,0.0005000000237487257
607,1.0,0.004296618513762951,0.0005000000237487257
608,1.0,0.004217528272420168,0.0005000000237487257
609,1.0,0.0038359081372618675,0.0005000000237487257
610,1.0,0.003274924121797085,0.0005000000237487257
611,1.0,0.002417020732536912,0.0005000000237487257
612,1.0,0.0017230972880497575,0.0005000000237487257
613,1.0,0.004732243716716766,0.0005000000237487257
614,0.9975000023841858,0.008522938936948776,0.0005000000237487257
615,1.0,0.0057766251266002655,0.0005000000237487257
616,1.0,0.006409686058759689,0.0005000000237487257
617,0.9975000023841858,0.0055059706792235374,0.0005000000237487257
618,1.0,0.0033643206115812063,0.0005000000237487257
619,1.0,0.002182688331231475,0.0005000000237487257
620,1.0,0.002682971302419901,0.0005000000237487257
621,1.0,0.002633415861055255,0.0005000000237487257
622,1.0,0.003569598775357008,0.0005000000237487257
623,1.0,0.00382985919713974,0.0005000000237487257
624,1.0,0.0024505178444087505,0.0005000000237487257
625,1.0,0.0025448384694755077,0.0005000000237487257
626,1.0,0.0013090863358229399,0.0005000000237487257
627,1.0,0.0022827964276075363,0.0005000000237487257
628,1.0,0.00206205272115767,0.0005000000237487257
629,1.0,0.0018991337856277823,0.0005000000237487257
630,1.0,0.0016551263397559524,0.0005000000237487257
631,1.0,0.0023829827550798655,0.0005000000237487257
632,1.0,0.0024393906351178885,0.0005000000237487257
633,1.0,0.002635413082316518,0.0005000000237487257
634,1.0,0.0031142940279096365,0.0005000000237487257
635,1.0,0.0024804724380373955,0.0005000000237487257
636,1.0,0.0016571093583479524,0.0005000000237487257
637,1.0,0.0015410467749461532,0.0005000000237487257
638,1.0,0.00155930919572711,0.0005000000237487257
639,1.0,0.0016465603839606047,0.0005000000237487257
640,1.0,0.0021316304337233305,0.0005000000237487257
641,1.0,0.001403727801516652,0.0005000000237487257
642,1.0,0.003341418458148837,0.0005000000237487257
643,1.0,0.0015676012262701988,0.0005000000237487257
644,1.0,0.0024915775284171104,0.0005000000237487257
645,1.0,0.0019634044729173183,0.0005000000237487257
646,1.0,0.0019034934230148792,0.0005000000237487257
647,1.0,0.002045402303338051,0.0005000000237487257
648,1.0,0.0023074704222381115,0.0005000000237487257
649,1.0,0.0028028071392327547,0.0005000000237487257
650,1.0,0.001883094199001789,0.0005000000237487257
651,1.0,0.002036713296547532,0.0005000000237487257
652,1.0,0.004789333790540695,0.0005000000237487257
653,1.0,0.004785954486578703,0.0005000000237487257
654,0.9950000047683716,0.009754521772265434,0.0005000000237487257
655,0.9925000071525574,0.022146299481391907,0.0005000000237487257
656,1.0,0.011363277211785316,0.0005000000237487257
657,0.9950000047683716,0.010917328298091888,0.0005000000237487257
658,0.9950000047683716,0.025326736271381378,0.0005000000237487257
659,0.9775000214576721,0.0659915879368782,0.0005000000237487257
660,0.9950000047683716,0.03024831786751747,0.0005000000237487257
661,0.9850000143051147,0.040504757314920425,0.0005000000237487257
662,0.9850000143051147,0.040660783648490906,0.0005000000237487257
663,0.9850000143051147,0.06256313621997833,0.0005000000237487257
664,0.9975000023841858,0.020949481055140495,0.0005000000237487257
665,1.0,0.00872520450502634,0.0005000000237487257
666,1.0,0.009498141705989838,0.0005000000237487257
667,1.0,0.006188275758177042,0.0005000000237487257
668,1.0,0.003306287806481123,0.0005000000237487257
669,1.0,0.0027018256951123476,0.0005000000237487257
670,1.0,0.004733468405902386,0.0005000000237487257
671,1.0,0.007951609790325165,0.0005000000237487257
672,1.0,0.002916336292400956,0.0005000000237487257
673,1.0,0.0028265875298529863,0.0005000000237487257
674,1.0,0.002371853217482567,0.0005000000237487257
675,1.0,0.002478295937180519,0.0005000000237487257
676,1.0,0.004544023424386978,0.0005000000237487257
677,1.0,0.002483944408595562,0.0002500000118743628
678,1.0,0.0027230246923863888,0.0002500000118743628
679,1.0,0.0025787940248847008,0.0002500000118743628
680,1.0,0.00258655846118927,0.0002500000118743628
681,1.0,0.0031791767105460167,0.0002500000118743628
682,1.0,0.002607353962957859,0.0002500000118743628
683,1.0,0.001876744907349348,0.0002500000118743628
684,1.0,0.0015461586881428957,0.0002500000118743628
685,1.0,0.003492690622806549,0.0002500000118743628
686,1.0,0.001336070941761136,0.0002500000118743628
687,1.0,0.0015712067252025008,0.0002500000118743628
688,1.0,0.0011414434993639588,0.0002500000118743628
689,1.0,0.001502066501416266,0.0002500000118743628
690,1.0,0.0011871056631207466,0.0002500000118743628
691,1.0,0.0013726209290325642,0.0002500000118743628
692,1.0,0.0016285455785691738,0.0002500000118743628
693,1.0,0.0023575492668896914,0.0002500000118743628
694,1.0,0.001785401371307671,0.0002500000118743628
695,1.0,0.0013161060633137822,0.0002500000118743628
696,1.0,0.0016689139883965254,0.0002500000118743628
697,1.0,0.0024013675283640623,0.0002500000118743628
698,1.0,0.0010607034200802445,0.0002500000118743628
699,1.0,0.0016663367860019207,0.0002500000118743628
700,1.0,0.0010346785420551896,0.0002500000118743628
701,1.0,0.0013675993541255593,0.0002500000118743628
702,1.0,0.0030091179069131613,0.0002500000118743628
703,1.0,0.0016507101245224476,0.0002500000118743628
704,1.0,0.0009582904167473316,0.0002500000118743628
705,1.0,0.0012608915567398071,0.0002500000118743628
706,1.0,0.0016339427093043923,0.0002500000118743628
707,1.0,0.0016460700426250696,0.0002500000118743628
708,1.0,0.0010313789825886488,0.0002500000118743628
709,1.0,0.0009916340932250023,0.0002500000118743628
710,1.0,0.0014315062435343862,0.0002500000118743628
711,1.0,0.001908248057588935,0.0002500000118743628
712,1.0,0.0010359047446399927,0.0002500000118743628
713,1.0,0.001414389000274241,0.0002500000118743628
714,1.0,0.0013535909820348024,0.0002500000118743628
715,1.0,0.0008888382581062615,0.0002500000118743628
716,1.0,0.0013229490723460913,0.0002500000118743628
717,1.0,0.0009300574893131852,0.0002500000118743628
718,1.0,0.001165239023976028,0.0002500000118743628
719,1.0,0.0008443642873317003,0.0002500000118743628
720,1.0,0.0018567241495475173,0.0002500000118743628
721,1.0,0.0009271051967516541,0.0002500000118743628
722,1.0,0.0013550680596381426,0.0002500000118743628
723,1.0,0.0009277685894630849,0.0002500000118743628
724,1.0,0.001377567765302956,0.0002500000118743628
725,1.0,0.0008855775813572109,0.0002500000118743628
726,1.0,0.0037252542097121477,0.0002500000118743628
727,0.9925000071525574,0.012513505294919014,0.0002500000118743628
728,0.9950000047683716,0.015261003747582436,0.0002500000118743628
729,0.9975000023841858,0.012403604574501514,0.0002500000118743628
730,1.0,0.0038384338840842247,0.0002500000118743628
731,1.0,0.0021369154565036297,0.0002500000118743628
732,1.0,0.0017389532877132297,0.0002500000118743628
733,1.0,0.0010472048306837678,0.0002500000118743628
734,1.0,0.0012086823116987944,0.0002500000118743628
735,1.0,0.0020840123761445284,0.0002500000118743628
736,1.0,0.00156205624807626,0.0002500000118743628
737,1.0,0.0015060588484629989,0.0002500000118743628
738,1.0,0.0016232836060225964,0.0002500000118743628
739,1.0,0.0007877149619162083,0.0002500000118743628
740,1.0,0.0010422413470223546,0.0002500000118743628
741,1.0,0.0010425156215205789,0.0002500000118743628
742,1.0,0.0010953877354040742,0.0002500000118743628
743,1.0,0.0008182105957530439,0.0002500000118743628
744,1.0,0.0025196950882673264,0.0002500000118743628
745,1.0,0.0014717788435518742,0.0002500000118743628
746,1.0,0.0011656078277155757,0.0002500000118743628
747,1.0,0.0008070473559200764,0.0002500000118743628
748,1.0,0.0008839948568493128,0.0002500000118743628
749,1.0,0.0011355913011357188,0.0002500000118743628
750,1.0,0.0008273774874396622,0.0002500000118743628
751,1.0,0.0010687420144677162,0.0002500000118743628
752,1.0,0.0011631236411631107,0.0002500000118743628
753,1.0,0.000934465613681823,0.0002500000118743628
754,1.0,0.0006892930832691491,0.0002500000118743628
755,1.0,0.0013497021282091737,0.0002500000118743628
756,1.0,0.0009963104967027903,0.0002500000118743628
757,1.0,0.0009205294190905988,0.0002500000118743628
758,1.0,0.0008532170904800296,0.0002500000118743628
759,1.0,0.0007816645666025579,0.0002500000118743628
760,1.0,0.0008371176663786173,0.0002500000118743628
761,1.0,0.0008388057467527688,0.0002500000118743628
762,1.0,0.0008720472687855363,0.0002500000118743628
763,1.0,0.0007546821725554764,0.0002500000118743628
764,1.0,0.0005485548172146082,0.0002500000118743628
765,1.0,0.0010152077302336693,0.0002500000118743628
766,1.0,0.0007246079039759934,0.0002500000118743628
767,1.0,0.0008640296873636544,0.0002500000118743628
768,1.0,0.000891125644557178,0.0002500000118743628
769,1.0,0.0006086986395530403,0.0002500000118743628
770,1.0,0.0007648983737453818,0.0002500000118743628
771,1.0,0.0010790112428367138,0.0002500000118743628
772,1.0,0.0009012259542942047,0.0002500000118743628
773,1.0,0.0007426957599818707,0.0002500000118743628
774,1.0,0.000626824505161494,0.0002500000118743628
775,1.0,0.0009132839040830731,0.0002500000118743628
776,1.0,0.000698247691616416,0.0002500000118743628
777,1.0,0.0015814697835594416,0.0002500000118743628
778,1.0,0.0013773913960903883,0.0002500000118743628
779,1.0,0.0016383555484935641,0.0002500000118743628
780,1.0,0.0011157337576150894,0.0002500000118743628
781,1.0,0.0007745019975118339,0.0002500000118743628
782,1.0,0.0009455977124162018,0.0002500000118743628
783,1.0,0.0007208090974017978,0.0002500000118743628
784,1.0,0.0016317807603627443,0.0002500000118743628
785,1.0,0.0008169455104507506,0.0002500000118743628
786,1.0,0.0009929289808496833,0.0002500000118743628
787,1.0,0.0008677280857227743,0.0002500000118743628
788,1.0,0.0022640929091721773,0.0002500000118743628
789,1.0,0.0007505064713768661,0.0002500000118743628
790,1.0,0.00094236881705001,0.0002500000118743628
791,1.0,0.0007101459777913988,0.0002500000118743628
792,1.0,0.0007625684374943376,0.0002500000118743628
793,1.0,0.0006252649473026395,0.0002500000118743628
794,1.0,0.0009376347297802567,0.0002500000118743628
795,1.0,0.0007353435503318906,0.0002500000118743628
796,1.0,0.0005077001405879855,0.0002500000118743628
797,1.0,0.0005845091654919088,0.0002500000118743628
798,1.0,0.0007235013181343675,0.0002500000118743628
799,1.0,0.0005648811929859221,0.0002500000118743628
800,1.0,0.0014164443127810955,0.0002500000118743628
801,1.0,0.0020253940019756556,0.0002500000118743628
802,1.0,0.0012188669061288238,0.0002500000118743628
803,1.0,0.0008589287754148245,0.0002500000118743628
804,1.0,0.0005709457327611744,0.0002500000118743628
805,1.0,0.0005700544570572674,0.0002500000118743628
806,1.0,0.0011153582017868757,0.0002500000118743628
807,1.0,0.0005989932105876505,0.0002500000118743628
808,1.0,0.0007589141023345292,0.0002500000118743628
809,1.0,0.0005695504369214177,0.0002500000118743628
810,1.0,0.0005532935028895736,0.0002500000118743628
811,1.0,0.0008237205329351127,0.0002500000118743628
812,1.0,0.0004656779346987605,0.0002500000118743628
813,1.0,0.0005866059218533337,0.0002500000118743628
814,1.0,0.0004559956432785839,0.0002500000118743628
815,1.0,0.000436230591731146,0.0001250000059371814
816,1.0,0.000513796228915453,0.0001250000059371814
817,1.0,0.0007061324431560934,0.0001250000059371814
818,1.0,0.0007028894615359604,0.0001250000059371814
819,1.0,0.0005144501337781549,0.0001250000059371814
820,1.0,0.0005140627035871148,0.0001250000059371814
821,1.0,0.0009168641990981996,0.0001250000059371814
822,1.0,0.0005232036346569657,0.0001250000059371814
823,1.0,0.000601968786213547,0.0001250000059371814
824,1.0,0.0009055787231773138,0.0001250000059371814
825,1.0,0.0003683110699057579,0.0001250000059371814
826,1.0,0.0007506094989366829,0.0001250000059371814
827,1.0,0.0003851897199638188,0.0001250000059371814
828,1.0,0.00041364130447618663,0.0001250000059371814
829,1.0,0.0005183045868761837,0.0001250000059371814
830,1.0,0.0004419316246639937,0.0001250000059371814
831,1.0,0.0005489385221153498,0.0001250000059371814
832,1.0,0.0009466626215726137,0.0001250000059371814
833,1.0,0.0006702743703499436,0.0001250000059371814
834,1.0,0.0007700382848270237,0.0001250000059371814
835,1.0,0.0007956336485221982,0.0001250000059371814
836,1.0,0.0004912261501885951,0.0001250000059371814
837,1.0,0.0003649265563581139,0.0001250000059371814
838,1.0,0.0005598774296231568,0.0001250000059371814
839,1.0,0.0003351299383211881,0.0001250000059371814
840,1.0,0.0003671473532449454,0.0001250000059371814
841,1.0,0.00050925905816257,0.0001250000059371814
842,1.0,0.00047439293120987713,0.0001250000059371814
843,1.0,0.0004709145287051797,0.0001250000059371814
844,1.0,0.0005201897001825273,0.0001250000059371814
845,1.0,0.000486449571326375,0.0001250000059371814
846,1.0,0.0003853173984680325,0.0001250000059371814
847,1.0,0.000396124116377905,0.0001250000059371814
848,1.0,0.0011867519933730364,0.0001250000059371814
849,1.0,0.000757826492190361,0.0001250000059371814
850,1.0,0.0006776404334232211,0.0001250000059371814
851,1.0,0.0012138362508267164,0.0001250000059371814
852,1.0,0.00045214485726319253,0.0001250000059371814
853,1.0,0.0005138458800502121,0.0001250000059371814
854,1.0,0.00039021766860969365,0.0001250000059371814
855,1.0,0.00040468547376804054,0.0001250000059371814
856,1.0,0.000359178869985044,0.0001250000059371814
857,1.0,0.0010240853298455477,0.0001250000059371814
858,1.0,0.0005257537122815847,0.0001250000059371814
859,1.0,0.0010763353202491999,0.0001250000059371814
860,1.0,0.0008468654123134911,0.0001250000059371814
861,1.0,0.0005028088926337659,0.0001250000059371814
862,1.0,0.0006659723585471511,0.0001250000059371814
863,1.0,0.00033472399809397757,0.0001250000059371814
864,1.0,0.0005277292802929878,0.0001250000059371814
865,1.0,0.000626905879471451,0.0001250000059371814
866,1.0,0.0003879233554471284,0.0001250000059371814
867,1.0,0.0006281400565057993,0.0001250000059371814
868,1.0,0.00045589706860482693,0.0001250000059371814
869,1.0,0.00044922015513293445,0.0001250000059371814
870,1.0,0.0004396530566737056,0.0001250000059371814
871,1.0,0.00029100803658366203,0.0001250000059371814
872,1.0,0.0003055258421227336,0.0001250000059371814
873,1.0,0.0005658065783791244,0.0001250000059371814
874,1.0,0.0005145369214005768,0.0001250000059371814
875,1.0,0.0003358963876962662,0.0001250000059371814
876,1.0,0.00040648700087331235,0.0001250000059371814
877,1.0,0.0003921361640095711,0.0001250000059371814
878,1.0,0.0003207057307008654,0.0001250000059371814
879,1.0,0.0006737698568031192,0.0001250000059371814
880,1.0,0.0008393469615839422,0.0001250000059371814
881,1.0,0.0006670606671832502,0.0001250000059371814
882,1.0,0.00044961602543480694,0.0001250000059371814
883,1.0,0.0004375552525743842,0.0001250000059371814
884,1.0,0.0006129300454631448,0.0001250000059371814
885,1.0,0.0005168779753148556,0.0001250000059371814
886,1.0,0.0012940190499648452,0.0001250000059371814
887,1.0,0.0010732413502410054,0.0001250000059371814
888,1.0,0.001020684838294983,0.0001250000059371814
889,1.0,0.0008274458814412355,0.0001250000059371814
890,1.0,0.0006257494678720832,9.999999747378752e-05
891,1.0,0.0003897847200278193,9.999999747378752e-05
892,1.0,0.0004851975536439568,9.999999747378752e-05
893,1.0,0.0006873378297314048,9.999999747378752e-05
894,1.0,0.0005139257991686463,9.999999747378752e-05
895,1.0,0.00037251412868499756,9.999999747378752e-05
896,1.0,0.0006806469755247235,9.999999747378752e-05
897,1.0,0.0006931738462299109,9.999999747378752e-05
898,1.0,0.0006909327348694205,9.999999747378752e-05
899,1.0,0.0004693546216003597,9.999999747378752e-05
900,1.0,0.00027530716033652425,9.999999747378752e-05
901,1.0,0.00038500677328556776,9.999999747378752e-05
902,1.0,0.00043510316754691303,9.999999747378752e-05
903,1.0,0.0005110084894113243,9.999999747378752e-05
904,1.0,0.0003948309167753905,9.999999747378752e-05
905,1.0,0.000384295271942392,9.999999747378752e-05
906,1.0,0.0002985798637382686,9.999999747378752e-05
907,1.0,0.0003307750739622861,9.999999747378752e-05
908,1.0,0.0002526700554881245,9.999999747378752e-05
909,1.0,0.0003530602843966335,9.999999747378752e-05
910,1.0,0.0004015751474071294,9.999999747378752e-05
911,1.0,0.00036035318044014275,9.999999747378752e-05
912,1.0,0.0006317064980976284,9.999999747378752e-05
913,1.0,0.0001639178371988237,9.999999747378752e-05
914,1.0,0.0007885029772296548,9.999999747378752e-05
915,1.0,0.00036243180511519313,9.999999747378752e-05
916,1.0,0.00047239617560990155,9.999999747378752e-05
917,1.0,0.0004080699000041932,9.999999747378752e-05
918,1.0,0.00039474089862778783,9.999999747378752e-05
919,1.0,0.0004765507183037698,9.999999747378752e-05
920,1.0,0.0003352107887621969,9.999999747378752e-05
921,1.0,0.00031691748881712556,9.999999747378752e-05
922,1.0,0.000297877355478704,9.999999747378752e-05
923,1.0,0.00028010542155243456,9.999999747378752e-05
924,1.0,0.00035269546788185835,9.999999747378752e-05
925,1.0,0.00029399688355624676,9.999999747378752e-05
926,1.0,0.00044576433720067143,9.999999747378752e-05
927,1.0,0.0003408413613215089,9.999999747378752e-05
928,1.0,0.0004742169985547662,9.999999747378752e-05
929,1.0,0.00026610365603119135,9.999999747378752e-05
930,1.0,0.00030969700310379267,9.999999747378752e-05
931,1.0,0.0002671537222340703,9.999999747378752e-05
932,1.0,0.00025459108292125165,9.999999747378752e-05
933,1.0,0.0003195237659383565,9.999999747378752e-05
934,1.0,0.0002806429984048009,9.999999747378752e-05
935,1.0,0.00032928501605056226,9.999999747378752e-05
936,1.0,0.00019404746126383543,9.999999747378752e-05
937,1.0,0.0004287642950657755,9.999999747378752e-05
938,1.0,0.0002423991245450452,9.999999747378752e-05
939,1.0,0.00024458795087412,9.999999747378752e-05
940,1.0,0.0003327544836793095,9.999999747378752e-05
941,1.0,0.00025680477847345173,9.999999747378752e-05
942,1.0,0.00024137384025380015,9.999999747378752e-05
943,1.0,0.0002519994741305709,9.999999747378752e-05
944,1.0,0.0002487206947989762,9.999999747378752e-05
945,1.0,0.0004217282694298774,9.999999747378752e-05
946,1.0,0.0004655395750887692,9.999999747378752e-05
947,1.0,0.0006138498429208994,9.999999747378752e-05
948,1.0,0.0009172709542326629,9.999999747378752e-05
949,1.0,0.0005332499858923256,9.999999747378752e-05
950,1.0,0.00046708006993867457,9.999999747378752e-05
951,1.0,0.0003925015334971249,9.999999747378752e-05
952,1.0,0.00024200588813982904,9.999999747378752e-05
953,1.0,0.00022494331642519683,9.999999747378752e-05
954,1.0,0.00022475798323284835,9.999999747378752e-05
955,1.0,0.0002573415404185653,9.999999747378752e-05
956,1.0,0.00026376868481747806,9.999999747378752e-05
957,1.0,0.00027867252356372774,9.999999747378752e-05
958,1.0,0.0002767506521195173,9.999999747378752e-05
959,1.0,0.0002868522424250841,9.999999747378752e-05
960,1.0,0.0003834083618130535,9.999999747378752e-05
961,1.0,0.00033980674925260246,9.999999747378752e-05
962,1.0,0.00043430441292002797,9.999999747378752e-05
963,1.0,0.0019894118886440992,9.999999747378752e-05
964,0.9975000023841858,0.013710162602365017,9.999999747378752e-05
965,1.0,0.004371729679405689,9.999999747378752e-05
966,1.0,0.002436380833387375,9.999999747378752e-05
967,1.0,0.0011247142683714628,9.999999747378752e-05
968,1.0,0.0014066478470340371,9.999999747378752e-05
969,1.0,0.0008274391875602305,9.999999747378752e-05
970,1.0,0.0005114998202770948,9.999999747378752e-05
971,1.0,0.000548553594853729,9.999999747378752e-05
972,1.0,0.0002822180395014584,9.999999747378752e-05
973,1.0,0.0002690724504645914,9.999999747378752e-05
974,1.0,0.0003780369006562978,9.999999747378752e-05
975,1.0,0.00038491544546559453,9.999999747378752e-05
976,1.0,0.0006430553621612489,9.999999747378752e-05
977,1.0,0.0003403494192752987,9.999999747378752e-05
978,1.0,0.0004173069028183818,9.999999747378752e-05
979,1.0,0.0008326870738528669,9.999999747378752e-05
980,1.0,0.0007353747496381402,9.999999747378752e-05
981,1.0,0.0008300021290779114,9.999999747378752e-05
982,1.0,0.0003728747833520174,9.999999747378752e-05
983,1.0,0.0003796613891609013,9.999999747378752e-05
984,1.0,0.00037828675704076886,9.999999747378752e-05
985,1.0,0.0004998818039894104,9.999999747378752e-05
986,1.0,0.0003044773475266993,9.999999747378752e-05
987,1.0,0.0003043568576686084,9.999999747378752e-05
988,1.0,0.00033342945971526206,9.999999747378752e-05
989,1.0,0.000286844908259809,9.999999747378752e-05
990,1.0,0.0002887817390728742,9.999999747378752e-05
991,1.0,0.00017345491505693644,9.999999747378752e-05
992,1.0,0.000239220229559578,9.999999747378752e-05
993,1.0,0.00020479470549616963,9.999999747378752e-05
994,1.0,0.00022392504615709186,9.999999747378752e-05
995,1.0,0.0003201001964043826,9.999999747378752e-05
996,1.0,0.0002741533680818975,9.999999747378752e-05
997,1.0,0.00024245455279015005,9.999999747378752e-05
998,1.0,0.0021070358343422413,9.999999747378752e-05
999,1.0,0.0012022902956232429,9.999999747378752e-05
1000,1.0,0.0005759402993135154,9.999999747378752e-05
1001,1.0,0.0005165426409803331,9.999999747378752e-05
1002,1.0,0.000590665964409709,9.999999747378752e-05
1003,1.0,0.0005089204641990364,9.999999747378752e-05
1004,1.0,0.00031558924820274115,9.999999747378752e-05
1005,1.0,0.0005419050576165318,9.999999747378752e-05
1006,1.0,0.0005595943657681346,9.999999747378752e-05
1007,1.0,0.00027980253798887134,9.999999747378752e-05
1008,1.0,0.0002664365747477859,9.999999747378752e-05
1009,1.0,0.0002389792207395658,9.999999747378752e-05
1010,1.0,0.00044444267405197024,9.999999747378752e-05
1011,1.0,0.00025412076502107084,9.999999747378752e-05
1012,1.0,0.0002916693629231304,9.999999747378752e-05
1013,1.0,0.00021019030828028917,9.999999747378752e-05
1014,1.0,0.00026157143292948604,9.999999747378752e-05
1015,1.0,0.00023740263713989407,9.999999747378752e-05
1016,1.0,0.0002926608722191304,9.999999747378752e-05
1017,1.0,0.00019679682736750692,9.999999747378752e-05
1018,1.0,0.00023235566914081573,9.999999747378752e-05
1019,1.0,0.0006622039363719523,9.999999747378752e-05
1020,1.0,0.00042359676444903016,9.999999747378752e-05
1021,1.0,0.00017833145102486014,9.999999747378752e-05
1022,1.0,0.00031785742612555623,9.999999747378752e-05
1023,1.0,0.0002090485068038106,9.999999747378752e-05
1024,1.0,0.0002951343194581568,9.999999747378752e-05
1025,1.0,0.000176480709342286,9.999999747378752e-05
1026,1.0,0.0003642835363280028,9.999999747378752e-05
1027,1.0,0.00021713438036385924,9.999999747378752e-05
1028,1.0,0.0003877989947795868,9.999999747378752e-05
1029,1.0,0.00025517024914734066,9.999999747378752e-05
1030,1.0,0.0002883805427700281,9.999999747378752e-05
1031,1.0,0.00022186973365023732,9.999999747378752e-05
1032,1.0,0.00023462179524358362,9.999999747378752e-05
1033,1.0,0.0003126986266579479,9.999999747378752e-05
1034,1.0,0.00031283879070542753,9.999999747378752e-05
1035,1.0,0.00017042884428519756,9.999999747378752e-05
1036,1.0,0.00020227588538546115,9.999999747378752e-05
1037,1.0,0.00036057631950825453,9.999999747378752e-05
1038,1.0,0.0003450213698670268,9.999999747378752e-05
1039,1.0,0.00020421847875695676,9.999999747378752e-05
1040,1.0,0.00018974293197970837,9.999999747378752e-05
1041,1.0,0.0008572225924581289,9.999999747378752e-05
1042,1.0,0.00023820150818210095,9.999999747378752e-05
1043,1.0,0.00047485041432082653,9.999999747378752e-05
1044,1.0,0.00031790733919478953,9.999999747378752e-05
1045,1.0,0.0003057316062040627,9.999999747378752e-05
1046,1.0,0.00025772242224775255,9.999999747378752e-05
1047,1.0,0.00019905203953385353,9.999999747378752e-05
1048,1.0,0.0003220190992578864,9.999999747378752e-05
1049,1.0,0.0003668511926662177,9.999999747378752e-05
1050,1.0,0.00017749234393704683,9.999999747378752e-05
1051,1.0,0.0004301259759813547,9.999999747378752e-05
1052,1.0,0.00020683856564573944,9.999999747378752e-05
1053,1.0,0.00031968459370546043,9.999999747378752e-05
1054,1.0,0.0001688308984739706,9.999999747378752e-05
1055,1.0,0.00014096088125370443,9.999999747378752e-05
1056,1.0,0.00019908574176952243,9.999999747378752e-05
1057,1.0,0.00013753827079199255,9.999999747378752e-05
1058,1.0,0.00022621270909439772,9.999999747378752e-05
1059,1.0,0.00016944017261266708,9.999999747378752e-05
1060,1.0,0.0004258266417309642,9.999999747378752e-05
1061,1.0,0.00035645056050270796,9.999999747378752e-05
1062,1.0,0.000438776973169297,9.999999747378752e-05
1063,1.0,0.00024354257038794458,9.999999747378752e-05
1064,1.0,0.0002454732602927834,9.999999747378752e-05
1065,1.0,0.0002008536976063624,9.999999747378752e-05
1066,1.0,0.00021276068582665175,9.999999747378752e-05
1067,1.0,0.00042372161988168955,9.999999747378752e-05
1068,1.0,0.00018838276446331292,9.999999747378752e-05
1069,1.0,0.00023556970700155944,9.999999747378752e-05
1070,1.0,0.00018390238983556628,9.999999747378752e-05
1071,1.0,0.00015409359184559435,9.999999747378752e-05
1072,1.0,0.0002451310574542731,9.999999747378752e-05
1073,1.0,0.00021258927881717682,9.999999747378752e-05
1074,1.0,0.00030421942938119173,9.999999747378752e-05
1075,1.0,0.0004984576953575015,9.999999747378752e-05
1076,1.0,0.0014037680812180042,9.999999747378752e-05
1077,1.0,0.0007849570247344673,9.999999747378752e-05
1078,1.0,0.0010033132275566459,9.999999747378752e-05
1079,1.0,0.0004612817720044404,9.999999747378752e-05
1080,1.0,0.0003696194617077708,9.999999747378752e-05
1081,1.0,0.00030889653135091066,9.999999747378752e-05
1082,1.0,0.00022270854969974607,9.999999747378752e-05
1083,1.0,0.00030581658938899636,9.999999747378752e-05
1084,1.0,0.00021799614478368312,9.999999747378752e-05
1085,1.0,0.00015872645599301904,9.999999747378752e-05
1086,1.0,0.00022078672191128135,9.999999747378752e-05
1087,1.0,0.00017490382015239447,9.999999747378752e-05
1088,1.0,0.00035939813824370503,9.999999747378752e-05
1089,1.0,0.00018368620658293366,9.999999747378752e-05
1090,1.0,0.000644904503133148,9.999999747378752e-05
1091,1.0,0.00029384728986769915,9.999999747378752e-05
1092,1.0,0.00022818708384875208,9.999999747378752e-05
1093,1.0,0.0004117102944292128,9.999999747378752e-05
1094,1.0,0.00036677654134109616,9.999999747378752e-05
1095,1.0,0.00016081251669675112,9.999999747378752e-05
1096,1.0,0.00017597904661670327,9.999999747378752e-05
1097,1.0,9.132193372352049e-05,9.999999747378752e-05
1098,1.0,0.00021394317445810884,9.999999747378752e-05
1099,1.0,0.00022946562967263162,9.999999747378752e-05
1100,1.0,0.00036535985418595374,9.999999747378752e-05
1101,1.0,0.00016354436229448766,9.999999747378752e-05
1102,1.0,0.00013330091314855963,9.999999747378752e-05
1103,1.0,0.0002511177444830537,9.999999747378752e-05
1104,1.0,0.000328735972288996,9.999999747378752e-05
1105,1.0,0.00031195671181194484,9.999999747378752e-05
1106,1.0,0.00019870726100634784,9.999999747378752e-05
1107,1.0,0.00018956164421979338,9.999999747378752e-05
1108,1.0,0.0001607085723662749,9.999999747378752e-05
1109,1.0,0.00010749239299912006,9.999999747378752e-05
1110,1.0,0.00017448028665967286,9.999999747378752e-05
1111,1.0,0.00020382845832500607,9.999999747378752e-05
1112,1.0,0.00017394579481333494,9.999999747378752e-05
1113,1.0,0.0003656050539575517,9.999999747378752e-05
1114,1.0,0.0002826529089361429,9.999999747378752e-05
1115,1.0,0.0001404982467647642,9.999999747378752e-05
1116,1.0,0.0005667920922860503,9.999999747378752e-05
1117,1.0,0.00028543989174067974,9.999999747378752e-05
1118,1.0,0.00026359810726717114,9.999999747378752e-05
1119,1.0,0.0002752910659182817,9.999999747378752e-05
1120,1.0,0.0001780259917723015,9.999999747378752e-05
1121,1.0,0.00018599451868794858,9.999999747378752e-05
1122,1.0,0.0003048420185223222,9.999999747378752e-05
1123,1.0,0.00013457940076477826,9.999999747378752e-05
1124,1.0,0.00038306796341203153,9.999999747378752e-05
1125,1.0,0.0005093622021377087,9.999999747378752e-05
1126,1.0,0.0004334996920078993,9.999999747378752e-05
1127,1.0,0.00048806582344695926,9.999999747378752e-05
1128,1.0,0.00044640767737291753,9.999999747378752e-05
1129,1.0,0.00017506848962511867,9.999999747378752e-05
1130,1.0,0.00013861936167813838,9.999999747378752e-05
1131,1.0,0.0001739932195050642,9.999999747378752e-05
1132,1.0,0.0001974210172193125,9.999999747378752e-05
1133,1.0,0.00012738024815917015,9.999999747378752e-05
1134,1.0,0.00014446041313931346,9.999999747378752e-05
1135,1.0,9.118174784816802e-05,9.999999747378752e-05
1136,1.0,0.00014133835793472826,9.999999747378752e-05
1137,1.0,0.00013591570314019918,9.999999747378752e-05
1138,1.0,9.591864363756031e-05,9.999999747378752e-05
1139,1.0,0.00015273207100108266,9.999999747378752e-05
1140,1.0,8.930890180636197e-05,9.999999747378752e-05
1141,1.0,0.00014805284445174038,9.999999747378752e-05
1142,1.0,0.00012901268200948834,9.999999747378752e-05
1143,1.0,0.00015030593203846365,9.999999747378752e-05
1144,1.0,0.0002013344637816772,9.999999747378752e-05
1145,1.0,0.00013845150533597916,9.999999747378752e-05
1146,1.0,0.00014578764967154711,9.999999747378752e-05
1147,1.0,0.0001723067252896726,9.999999747378752e-05
1148,1.0,0.00016789721848908812,9.999999747378752e-05
1149,1.0,0.00035219293204136193,9.999999747378752e-05
1150,1.0,0.00027713269810192287,9.999999747378752e-05
1151,1.0,0.00023751375556457788,9.999999747378752e-05
1152,1.0,0.00011827539856312796,9.999999747378752e-05
1153,1.0,0.00018271541921421885,9.999999747378752e-05
1154,1.0,0.00013418243906926364,9.999999747378752e-05
1155,1.0,9.973367559723556e-05,9.999999747378752e-05
1156,1.0,0.00016049436817411333,9.999999747378752e-05
1157,1.0,9.110364771913737e-05,9.999999747378752e-05
1158,1.0,0.00022865759092383087,9.999999747378752e-05
1159,1.0,0.00015344542043749243,9.999999747378752e-05
1160,1.0,0.00039741143700666726,9.999999747378752e-05
1161,1.0,0.0003731988836079836,9.999999747378752e-05
1162,1.0,0.00015424769662786275,9.999999747378752e-05
1163,1.0,0.00018108230142388493,9.999999747378752e-05
1164,1.0,0.00018360167450737208,9.999999747378752e-05
1165,1.0,0.00017803248192649335,9.999999747378752e-05
1166,1.0,0.0002790948492474854,9.999999747378752e-05
1167,1.0,0.00015400905977003276,9.999999747378752e-05
1168,1.0,9.003681043395773e-05,9.999999747378752e-05
1169,1.0,0.00033751080627553165,9.999999747378752e-05
1170,1.0,0.0001301086158491671,9.999999747378752e-05
1171,1.0,0.0005572614609263837,9.999999747378752e-05
1172,1.0,0.00018802826525643468,9.999999747378752e-05
1173,1.0,0.00021780595125164837,9.999999747378752e-05
1174,1.0,0.00016336774569936097,9.999999747378752e-05
1175,1.0,0.00012599825276993215,9.999999747378752e-05
1176,1.0,0.0002308358089067042,9.999999747378752e-05
1177,1.0,0.0006252408493310213,9.999999747378752e-05
1178,1.0,0.0007241679122671485,9.999999747378752e-05
1179,1.0,0.0023485450074076653,9.999999747378752e-05
1180,1.0,0.0037746683228760958,9.999999747378752e-05
1181,1.0,0.0014630417572334409,9.999999747378752e-05
1182,1.0,0.0006809952901676297,9.999999747378752e-05
1183,1.0,0.00103473337367177,9.999999747378752e-05
1184,1.0,0.0004894660669378936,9.999999747378752e-05
1185,1.0,0.0003106767253484577,9.999999747378752e-05
1186,1.0,0.0003267977444920689,9.999999747378752e-05
1187,1.0,0.00018146286311093718,9.999999747378752e-05
1188,1.0,0.00032869342248886824,9.999999747378752e-05
1189,1.0,0.00026834721211344004,9.999999747378752e-05
1190,1.0,0.0003899373405147344,9.999999747378752e-05
1191,1.0,0.00022101655486039817,9.999999747378752e-05
1192,1.0,0.00016346735355909914,9.999999747378752e-05
1193,1.0,0.00014934729551896453,9.999999747378752e-05
1194,1.0,0.0002005634014494717,9.999999747378752e-05
1195,1.0,0.00022922527568880469,9.999999747378752e-05
1196,1.0,0.0003222057712264359,9.999999747378752e-05
1197,1.0,0.00016139930812641978,9.999999747378752e-05
1198,1.0,0.00019042800704482943,9.999999747378752e-05
1199,1.0,0.0002038273523794487,9.999999747378752e-05
1200,1.0,0.00022679162793792784,9.999999747378752e-05
1201,1.0,0.0002497662208043039,9.999999747378752e-05
1202,1.0,0.00017207655764650553,9.999999747378752e-05
1203,1.0,0.00012693103053607047,9.999999747378752e-05
1204,1.0,0.00011828389688162133,9.999999747378752e-05
1205,1.0,0.000147514627315104,9.999999747378752e-05
1206,1.0,0.00016748487541917711,9.999999747378752e-05
1207,1.0,0.0001455756719224155,9.999999747378752e-05
1208,1.0,0.0002166898048017174,9.999999747378752e-05
1209,1.0,0.00014106542221270502,9.999999747378752e-05
1210,1.0,0.0001907157857203856,9.999999747378752e-05
1211,1.0,0.0001070311845978722,9.999999747378752e-05
1212,1.0,0.00015572129632346332,9.999999747378752e-05
1213,1.0,0.00010541899973759428,9.999999747378752e-05
1214,1.0,0.0003395809617359191,9.999999747378752e-05
1215,1.0,0.00012725037231575698,9.999999747378752e-05
1216,1.0,0.0004056602774653584,9.999999747378752e-05
1217,1.0,0.00011497423838591203,9.999999747378752e-05
1218,1.0,0.00012341658293735236,9.999999747378752e-05
1219,1.0,0.00018428685143589973,9.999999747378752e-05
1220,1.0,0.000327833229675889,9.999999747378752e-05
1221,1.0,0.00020451938326004893,9.999999747378752e-05
1222,1.0,0.0002737416361924261,9.999999747378752e-05
1223,1.0,0.00014267326332628727,9.999999747378752e-05
1224,1.0,8.817108027869835e-05,9.999999747378752e-05
1225,1.0,0.00011596801778068766,9.999999747378752e-05
1226,1.0,0.00010007093078456819,9.999999747378752e-05
1227,1.0,0.00017077963275369257,9.999999747378752e-05
1228,1.0,9.622734069125727e-05,9.999999747378752e-05
1229,1.0,0.0005383923999033868,9.999999747378752e-05
1230,1.0,0.00012960816093254834,9.999999747378752e-05
1231,1.0,0.00048098989645950496,9.999999747378752e-05
1232,1.0,0.00014911814650986344,9.999999747378752e-05
1233,1.0,7.38930466468446e-05,9.999999747378752e-05
1234,1.0,9.402608702657744e-05,9.999999747378752e-05
1235,1.0,8.908568270271644e-05,9.999999747378752e-05
1236,1.0,0.00020949021563865244,9.999999747378752e-05
1237,1.0,0.00011938508396269754,9.999999747378752e-05
1238,1.0,0.00012745970161631703,9.999999747378752e-05
1239,1.0,7.3302595410496e-05,9.999999747378752e-05
1240,1.0,0.0004316752892918885,9.999999747378752e-05
1241,1.0,0.00020312791457399726,9.999999747378752e-05
1242,1.0,0.00019865967624355108,9.999999747378752e-05
1243,1.0,0.00010532562737353146,9.999999747378752e-05
1244,1.0,0.00012967786460649222,9.999999747378752e-05
1245,1.0,0.00010000808106269687,9.999999747378752e-05
1246,1.0,0.00012825800513383,9.999999747378752e-05
1247,1.0,0.0002499522524885833,9.999999747378752e-05
1248,1.0,0.00015054416144266725,9.999999747378752e-05
1249,1.0,0.00010570390440989286,9.999999747378752e-05
1250,1.0,9.381620475323871e-05,9.999999747378752e-05
1251,1.0,8.977606194093823e-05,9.999999747378752e-05
1252,1.0,0.0001064378084265627,9.999999747378752e-05
1253,1.0,0.00011459876986918971,9.999999747378752e-05
1254,1.0,7.171919423853979e-05,9.999999747378752e-05
1255,1.0,0.00011032886686734855,9.999999747378752e-05
1256,1.0,0.00023034290643408895,9.999999747378752e-05
1257,1.0,0.00015735335182398558,9.999999747378752e-05
1258,1.0,0.00011053311754949391,9.999999747378752e-05
1259,1.0,8.316287858178839e-05,9.999999747378752e-05
1260,1.0,0.00010565880074864253,9.999999747378752e-05
1261,1.0,8.255606371676549e-05,9.999999747378752e-05
1262,1.0,9.594412404112518e-05,9.999999747378752e-05
1263,1.0,0.00010628950985847041,9.999999747378752e-05
1264,1.0,8.59245628817007e-05,9.999999747378752e-05
1265,1.0,8.323165820911527e-05,9.999999747378752e-05
1266,1.0,0.00012263334065210074,9.999999747378752e-05
1267,1.0,5.761291686212644e-05,9.999999747378752e-05
1268,1.0,5.855313429492526e-05,9.999999747378752e-05
1269,1.0,0.0001420168118784204,9.999999747378752e-05
1270,1.0,0.0001851550186984241,9.999999747378752e-05
1271,1.0,9.966920333681628e-05,9.999999747378752e-05
1272,1.0,7.749201904516667e-05,9.999999747378752e-05
1273,1.0,0.00011237418948439881,9.999999747378752e-05
1274,1.0,8.938227983890101e-05,9.999999747378752e-05
1275,1.0,9.874686656985432e-05,9.999999747378752e-05
1276,1.0,0.0001271142391487956,9.999999747378752e-05
1277,1.0,0.00019743714074138552,9.999999747378752e-05
1278,1.0,9.109277016250417e-05,9.999999747378752e-05
1279,1.0,8.6654705228284e-05,9.999999747378752e-05
1280,1.0,0.0001026131576509215,9.999999747378752e-05
1281,1.0,8.031034667510539e-05,9.999999747378752e-05
1282,1.0,0.0001928279671119526,9.999999747378752e-05
1283,1.0,0.0002385133848292753,9.999999747378752e-05
1284,1.0,0.00013328954810276628,9.999999747378752e-05
1285,1.0,8.032347250264138e-05,9.999999747378752e-05
1286,1.0,0.00028089145780541003,9.999999747378752e-05
1287,1.0,0.00017849115829449147,9.999999747378752e-05
1288,1.0,0.00011092086060671136,9.999999747378752e-05
1289,1.0,7.880348857725039e-05,9.999999747378752e-05
1290,1.0,0.003914335276931524,9.999999747378752e-05
1291,1.0,0.002414134331047535,9.999999747378752e-05
1292,1.0,0.0024868673644959927,9.999999747378752e-05
1293,1.0,0.002091802190989256,9.999999747378752e-05
1294,1.0,0.0008477024966850877,9.999999747378752e-05
1295,1.0,0.00040634357719682157,9.999999747378752e-05
1296,1.0,0.000551579229068011,9.999999747378752e-05
1297,1.0,0.0003495966666378081,9.999999747378752e-05
1298,1.0,0.0002942596038337797,9.999999747378752e-05
1299,1.0,0.0001498824858572334,9.999999747378752e-05
1300,1.0,0.00024153066624421626,9.999999747378752e-05
1301,1.0,0.00015179361798800528,9.999999747378752e-05
1302,1.0,0.00022013411216903478,9.999999747378752e-05
1303,1.0,0.0002369117719354108,9.999999747378752e-05
1304,1.0,0.00019336372497491539,9.999999747378752e-05
1305,1.0,0.0003853662346955389,9.999999747378752e-05
1306,1.0,0.0003615616587921977,9.999999747378752e-05
1307,1.0,0.00014979435945861042,9.999999747378752e-05
1308,1.0,0.0001372262486256659,9.999999747378752e-05
1309,1.0,0.00015987375809345394,9.999999747378752e-05
1310,1.0,0.0003142670029774308,9.999999747378752e-05
1311,1.0,0.00012531864922493696,9.999999747378752e-05
1312,1.0,0.00011709112004609779,9.999999747378752e-05
1313,1.0,0.00010779949661809951,9.999999747378752e-05
1314,1.0,0.00012583332136273384,9.999999747378752e-05
1315,1.0,0.0001167824593721889,9.999999747378752e-05
1316,1.0,0.00020466560090426356,9.999999747378752e-05
1317,1.0,0.00042524837772361934,9.999999747378752e-05
1318,1.0,0.00022512533178087324,9.999999747378752e-05
1319,1.0,9.866049367701635e-05,9.999999747378752e-05
1320,1.0,0.00028018164448440075,9.999999747378752e-05
1321,1.0,0.00010858377208933234,9.999999747378752e-05
1322,1.0,8.974748925538734e-05,9.999999747378752e-05
1323,1.0,6.651269359281287e-05,9.999999747378752e-05
1324,1.0,8.252434781752527e-05,9.999999747378752e-05
1325,1.0,0.00018938576977234334,9.999999747378752e-05
1326,1.0,8.10713681858033e-05,9.999999747378752e-05
1327,1.0,9.814893564907834e-05,9.999999747378752e-05
1328,1.0,0.0001331459206994623,9.999999747378752e-05
1329,1.0,0.0003592465945985168,9.999999747378752e-05
1330,1.0,0.00021477608243003488,9.999999747378752e-05
1331,1.0,0.00024712405866011977,9.999999747378752e-05
1332,1.0,0.00013000959006603807,9.999999747378752e-05
1333,1.0,0.00012882093142252415,9.999999747378752e-05
1334,1.0,0.00010278102126903832,9.999999747378752e-05
1335,1.0,0.00015799826360307634,9.999999747378752e-05
1336,1.0,0.00010720090358518064,9.999999747378752e-05
1337,1.0,7.85872180131264e-05,9.999999747378752e-05
1338,1.0,0.000190734353964217,9.999999747378752e-05
1339,1.0,0.00016544546815566719,9.999999747378752e-05
1340,1.0,0.00016088411211967468,9.999999747378752e-05
1341,1.0,0.00015268426795955747,9.999999747378752e-05
1342,1.0,0.0001875568414106965,9.999999747378752e-05
1343,1.0,7.928101695142686e-05,9.999999747378752e-05
1344,1.0,0.0001201263366965577,9.999999747378752e-05
1345,1.0,9.00724990060553e-05,9.999999747378752e-05
1346,1.0,7.645265577593818e-05,9.999999747378752e-05
1347,1.0,0.00010919234773609787,9.999999747378752e-05
1348,1.0,0.00011821506632259116,9.999999747378752e-05
1349,1.0,9.470379154663533e-05,9.999999747378752e-05
1350,1.0,0.00011084864672739059,9.999999747378752e-05
1351,1.0,0.00012209222768433392,9.999999747378752e-05
1352,1.0,0.00017546310846228153,9.999999747378752e-05
1353,1.0,6.631887663388625e-05,9.999999747378752e-05
1354,1.0,0.0001368190423818305,9.999999747378752e-05
1355,1.0,0.00011720784095814452,9.999999747378752e-05
1356,1.0,0.00011723888019332662,9.999999747378752e-05
1357,1.0,0.00013149807637091726,9.999999747378752e-05
1358,1.0,8.87509377207607e-05,9.999999747378752e-05
1359,1.0,9.341074473923072e-05,9.999999747378752e-05
1360,1.0,7.371615356532857e-05,9.999999747378752e-05
1361,1.0,0.00010850332910194993,9.999999747378752e-05
1362,1.0,0.00013061199570074677,9.999999747378752e-05
1363,1.0,0.0003005062462761998,9.999999747378752e-05
1364,1.0,0.0001189423564937897,9.999999747378752e-05
1365,1.0,9.975704597309232e-05,9.999999747378752e-05
1366,1.0,7.447807001881301e-05,9.999999747378752e-05
1367,1.0,7.755574188195169e-05,9.999999747378752e-05
1368,1.0,0.00012188547407276928,9.999999747378752e-05
1369,1.0,0.00015419251576531678,9.999999747378752e-05
1370,1.0,6.845199095550925e-05,9.999999747378752e-05
1371,1.0,0.00017724759527482092,9.999999747378752e-05
1372,1.0,9.231651347363368e-05,9.999999747378752e-05
1373,1.0,8.013397746253759e-05,9.999999747378752e-05
1374,1.0,6.801162089686841e-05,9.999999747378752e-05
1375,1.0,8.210288069676608e-05,9.999999747378752e-05
1376,1.0,7.82075512688607e-05,9.999999747378752e-05
1377,1.0,0.00014712655683979392,9.999999747378752e-05
1378,1.0,6.277037755353376e-05,9.999999747378752e-05
1379,1.0,0.00024310511071234941,9.999999747378752e-05
1380,1.0,0.00016747915651649237,9.999999747378752e-05
1381,1.0,8.55214602779597e-05,9.999999747378752e-05
1382,1.0,0.0005254431162029505,9.999999747378752e-05
1383,1.0,0.00013448292156681418,9.999999747378752e-05
1384,1.0,0.0008927094168029726,9.999999747378752e-05
1385,1.0,0.00036599961458705366,9.999999747378752e-05
1386,1.0,0.00025319569977000356,9.999999747378752e-05
1387,1.0,0.00016909917758312076,9.999999747378752e-05
1388,1.0,0.00031571832369081676,9.999999747378752e-05
1389,1.0,0.00010137845674762502,9.999999747378752e-05
1390,1.0,8.664221240906045e-05,9.999999747378752e-05
1391,1.0,8.53130841278471e-05,9.999999747378752e-05
1392,1.0,0.00010830352402990684,9.999999747378752e-05
1393,1.0,7.614700007252395e-05,9.999999747378752e-05
1394,1.0,5.6472876167390496e-05,9.999999747378752e-05
1395,1.0,0.0002052158088190481,9.999999747378752e-05
1396,1.0,0.00011801802611444145,9.999999747378752e-05
1397,1.0,0.0002595557598397136,9.999999747378752e-05
1398,1.0,0.00033483756124041975,9.999999747378752e-05
1399,1.0,7.835005089873448e-05,9.999999747378752e-05
1400,1.0,0.00017186671902891248,9.999999747378752e-05
1401,1.0,0.00025616781204007566,9.999999747378752e-05
1402,1.0,8.522078132955357e-05,9.999999747378752e-05
1403,1.0,0.00010902972280746326,9.999999747378752e-05
1404,1.0,8.21168432594277e-05,9.999999747378752e-05
1405,1.0,0.00012542623153422028,9.999999747378752e-05
1406,1.0,6.368578760884702e-05,9.999999747378752e-05
1407,1.0,5.518923353520222e-05,9.999999747378752e-05
1408,1.0,0.00011296547745587304,9.999999747378752e-05
1409,1.0,7.117585482774302e-05,9.999999747378752e-05
1410,1.0,7.193516648840159e-05,9.999999747378752e-05
1411,1.0,7.951274164952338e-05,9.999999747378752e-05
1412,1.0,0.00014100916450843215,9.999999747378752e-05
1413,1.0,8.898533997125924e-05,9.999999747378752e-05
1414,1.0,7.56803565309383e-05,9.999999747378752e-05
1415,1.0,7.159229426179081e-05,9.999999747378752e-05
1416,1.0,8.070343756116927e-05,9.999999747378752e-05
1417,1.0,9.86848390311934e-05,9.999999747378752e-05
1418,1.0,6.969342939555645e-05,9.999999747378752e-05
1419,1.0,3.742976696230471e-05,9.999999747378752e-05
1420,1.0,0.0006337545928545296,9.999999747378752e-05
1421,0.9975000023841858,0.008017252199351788,9.999999747378752e-05
1422,1.0,0.0022493021097034216,9.999999747378752e-05
1423,1.0,0.0008207834325730801,9.999999747378752e-05
1424,1.0,0.0005648059886880219,9.999999747378752e-05
1425,1.0,0.0001693888771114871,9.999999747378752e-05
1426,1.0,0.0005371756269596517,9.999999747378752e-05
1427,1.0,0.0004272764490451664,9.999999747378752e-05
1428,1.0,0.00037047811201773584,9.999999747378752e-05
1429,1.0,0.00014821994409430772,9.999999747378752e-05
1430,1.0,0.00022059959883335978,9.999999747378752e-05
1431,1.0,0.00020471375319175422,9.999999747378752e-05
1432,1.0,0.00015942096069920808,9.999999747378752e-05
1433,1.0,0.0002329007547814399,9.999999747378752e-05
1434,1.0,0.00010464154911460355,9.999999747378752e-05
1435,1.0,0.00024010906054172665,9.999999747378752e-05
1436,1.0,0.00014470721362158656,9.999999747378752e-05
1437,1.0,0.0001592186454217881,9.999999747378752e-05
1438,1.0,0.00015600632468704134,9.999999747378752e-05
1439,1.0,0.00018908476340584457,9.999999747378752e-05
1440,1.0,0.00019396940479055047,9.999999747378752e-05
1441,1.0,0.00015574983262922615,9.999999747378752e-05
1442,1.0,9.448793571209535e-05,9.999999747378752e-05
1443,1.0,0.00012071413948433474,9.999999747378752e-05
1444,1.0,0.00014641619054600596,9.999999747378752e-05
1445,1.0,8.434100891463459e-05,9.999999747378752e-05
1446,1.0,0.00020301499171182513,9.999999747378752e-05
1447,1.0,0.00011308673856547102,9.999999747378752e-05
1448,1.0,9.168808173853904e-05,9.999999747378752e-05
1449,1.0,0.0002144703030353412,9.999999747378752e-05
1450,1.0,7.456861203536391e-05,9.999999747378752e-05
1451,1.0,9.934962872648612e-05,9.999999747378752e-05
1452,1.0,0.0001328706566710025,9.999999747378752e-05
1453,1.0,0.00010204231512034312,9.999999747378752e-05
1454,1.0,7.237242243718356e-05,9.999999747378752e-05
1455,1.0,8.000903471838683e-05,9.999999747378752e-05
1456,1.0,0.00038336936268024147,9.999999747378752e-05
1457,1.0,0.0004202929267194122,9.999999747378752e-05
1458,1.0,9.819425758905709e-05,9.999999747378752e-05
1459,1.0,0.00015805424482095987,9.999999747378752e-05
1460,1.0,0.00013326718180906028,9.999999747378752e-05
1461,1.0,0.00011865896522067487,9.999999747378752e-05
1462,1.0,0.00010888213000725955,9.999999747378752e-05
1463,1.0,8.044334390433505e-05,9.999999747378752e-05
1464,1.0,5.565647006733343e-05,9.999999747378752e-05
1465,1.0,7.724700117250904e-05,9.999999747378752e-05
1466,1.0,0.00014354047016240656,9.999999747378752e-05
1467,1.0,0.00012041468289680779,9.999999747378752e-05
1468,1.0,9.090217645280063e-05,9.999999747378752e-05
1469,1.0,7.034153532003984e-05,9.999999747378752e-05
1470,1.0,6.105401553213596e-05,9.999999747378752e-05
1471,1.0,0.00018049828941002488,9.999999747378752e-05
1472,1.0,5.831217276863754e-05,9.999999747378752e-05
1473,1.0,5.973488441668451e-05,9.999999747378752e-05
1474,1.0,0.0001262424630112946,9.999999747378752e-05
1475,1.0,6.134333671070635e-05,9.999999747378752e-05
1476,1.0,8.47770061227493e-05,9.999999747378752e-05
1477,1.0,0.0001462929358240217,9.999999747378752e-05
1478,1.0,0.0001598159724380821,9.999999747378752e-05
1479,1.0,5.611581582343206e-05,9.999999747378752e-05
1480,1.0,9.491830132901669e-05,9.999999747378752e-05
1481,1.0,0.00015413023356813937,9.999999747378752e-05
1482,1.0,7.284879393409938e-05,9.999999747378752e-05
1483,1.0,5.998507185722701e-05,9.999999747378752e-05
1484,1.0,0.0002403562393737957,9.999999747378752e-05
1485,1.0,0.00011579363490454853,9.999999747378752e-05
1486,1.0,0.00017391469737049192,9.999999747378752e-05
1487,1.0,8.674195123603567e-05,9.999999747378752e-05
1488,1.0,6.576827581739053e-05,9.999999747378752e-05
1489,1.0,6.052615572116338e-05,9.999999747378752e-05
1490,1.0,8.381644147448242e-05,9.999999747378752e-05
1491,1.0,9.647809929447249e-05,9.999999747378752e-05
1492,1.0,6.291320460150018e-05,9.999999747378752e-05
1493,1.0,8.600734872743487e-05,9.999999747378752e-05
1494,1.0,6.287601718213409e-05,9.999999747378752e-05
1495,1.0,9.516790305497125e-05,9.999999747378752e-05
1496,1.0,4.508077472564764e-05,9.999999747378752e-05
1497,1.0,4.2302723159082234e-05,9.999999747378752e-05
1498,1.0,0.00015773173072375357,9.999999747378752e-05
1499,1.0,7.46112345950678e-05,9.999999747378752e-05
1500,1.0,6.583290814887732e-05,9.999999747378752e-05
1501,1.0,0.00010844998905668035,9.999999747378752e-05
1502,1.0,5.3103201935300604e-05,9.999999747378752e-05
1503,1.0,5.20679350302089e-05,9.999999747378752e-05
1504,1.0,5.7971443311544135e-05,9.999999747378752e-05
1505,1.0,7.69688340369612e-05,9.999999747378752e-05
1506,1.0,6.13362281001173e-05,9.999999747378752e-05
1507,1.0,8.857822831487283e-05,9.999999747378752e-05
1508,1.0,0.00010753094829851761,9.999999747378752e-05
1509,1.0,0.00012556189903989434,9.999999747378752e-05
1510,1.0,0.00012043280730722472,9.999999747378752e-05
1511,1.0,6.820887210778892e-05,9.999999747378752e-05
1512,1.0,6.290190503932536e-05,9.999999747378752e-05
1513,1.0,8.389205322600901e-05,9.999999747378752e-05
1514,1.0,6.0172540543135256e-05,9.999999747378752e-05
1515,1.0,6.219962961040437e-05,9.999999747378752e-05
1516,1.0,6.43414314254187e-05,9.999999747378752e-05
1517,1.0,8.571103535359725e-05,9.999999747378752e-05
1518,1.0,5.036194488639012e-05,9.999999747378752e-05
1519,1.0,4.759326111525297e-05,9.999999747378752e-05
1520,1.0,5.870071254321374e-05,9.999999747378752e-05
1521,1.0,8.753096335567534e-05,9.999999747378752e-05
1522,1.0,7.269209891092032e-05,9.999999747378752e-05
1523,1.0,0.00010049347474705428,9.999999747378752e-05
1524,1.0,0.00014150574861560017,9.999999747378752e-05
1525,1.0,5.555603274842724e-05,9.999999747378752e-05
1526,1.0,7.468192052328959e-05,9.999999747378752e-05
1527,1.0,7.020614430075511e-05,9.999999747378752e-05
1528,1.0,0.00017669379303697497,9.999999747378752e-05
1529,1.0,5.9821562899742275e-05,9.999999747378752e-05
1530,1.0,0.0001576567447045818,9.999999747378752e-05
1531,1.0,7.14186389814131e-05,9.999999747378752e-05
1532,1.0,0.000202102106413804,9.999999747378752e-05
1533,1.0,0.00013348212814889848,9.999999747378752e-05
1534,1.0,5.864947888767347e-05,9.999999747378752e-05
1535,1.0,7.353672117460519e-05,9.999999747378752e-05
1536,1.0,5.90193631069269e-05,9.999999747378752e-05
1537,1.0,5.748742842115462e-05,9.999999747378752e-05
1538,1.0,8.679051825311035e-05,9.999999747378752e-05
1539,1.0,6.242519884835929e-05,9.999999747378752e-05
1540,1.0,4.705749961431138e-05,9.999999747378752e-05
1541,1.0,5.7155266404151917e-05,9.999999747378752e-05
1542,1.0,9.8933742265217e-05,9.999999747378752e-05
1543,1.0,0.00024666564422659576,9.999999747378752e-05
1544,1.0,0.00024670036509633064,9.999999747378752e-05
1545,1.0,0.00011795453610830009,9.999999747378752e-05
1546,1.0,0.00043107871897518635,9.999999747378752e-05
1547,1.0,0.00017203012248501182,9.999999747378752e-05
1548,1.0,0.0001277675328310579,9.999999747378752e-05
1549,1.0,8.958140097092837e-05,9.999999747378752e-05
1550,1.0,0.00010446526721352711,9.999999747378752e-05
1551,1.0,9.172417048830539e-05,9.999999747378752e-05
1552,1.0,5.67064416827634e-05,9.999999747378752e-05
1553,1.0,6.322370609268546e-05,9.999999747378752e-05
1554,1.0,5.8172863646177575e-05,9.999999747378752e-05
1555,1.0,0.00027895960374735296,9.999999747378752e-05
1556,1.0,7.232183997984976e-05,9.999999747378752e-05
1557,1.0,0.00010371381358709186,9.999999747378752e-05
1558,1.0,0.00016806196072138846,9.999999747378752e-05
1559,1.0,8.350153802894056e-05,9.999999747378752e-05
1560,1.0,8.004866685951129e-05,9.999999747378752e-05
1561,1.0,4.235126107232645e-05,9.999999747378752e-05
1562,1.0,8.663078915560618e-05,9.999999747378752e-05
1563,1.0,7.561637903563678e-05,9.999999747378752e-05
1564,1.0,6.153160211397335e-05,9.999999747378752e-05
1565,1.0,4.58247923234012e-05,9.999999747378752e-05
1566,1.0,4.1472121665719897e-05,9.999999747378752e-05
1567,1.0,5.9857462474610656e-05,9.999999747378752e-05
1568,1.0,5.25828727404587e-05,9.999999747378752e-05
1569,1.0,8.44027308630757e-05,9.999999747378752e-05
1570,1.0,5.539531048270874e-05,9.999999747378752e-05
1571,1.0,4.491494837566279e-05,9.999999747378752e-05
1572,1.0,6.823754665674642e-05,9.999999747378752e-05
1573,1.0,0.00010534676403040066,9.999999747378752e-05
1574,1.0,8.723063365323469e-05,9.999999747378752e-05
1575,1.0,8.62600645632483e-05,9.999999747378752e-05
1576,1.0,9.773165947990492e-05,9.999999747378752e-05
1577,1.0,7.123396062524989e-05,9.999999747378752e-05
1578,1.0,5.141448127687909e-05,9.999999747378752e-05
1579,1.0,7.730507059022784e-05,9.999999747378752e-05
1580,1.0,0.00010832379484781995,9.999999747378752e-05
1581,1.0,9.007156040752307e-05,9.999999747378752e-05
1582,1.0,0.00014593295054510236,9.999999747378752e-05
1583,1.0,9.853257506620139e-05,9.999999747378752e-05
1584,1.0,6.028238567523658e-05,9.999999747378752e-05
1585,1.0,6.985163054196164e-05,9.999999747378752e-05
1586,1.0,5.7521094277035445e-05,9.999999747378752e-05
1587,1.0,6.186590326251462e-05,9.999999747378752e-05
1588,1.0,4.339007500675507e-05,9.999999747378752e-05
1589,1.0,6.088384907343425e-05,9.999999747378752e-05
1590,1.0,3.422406371100806e-05,9.999999747378752e-05
1591,1.0,5.482548294821754e-05,9.999999747378752e-05
1592,1.0,5.9207857702858746e-05,9.999999747378752e-05
1593,1.0,4.209222242934629e-05,9.999999747378752e-05
1594,1.0,3.7177305785007775e-05,9.999999747378752e-05
1595,1.0,2.275708357046824e-05,9.999999747378752e-05
1596,1.0,7.41453404771164e-05,9.999999747378752e-05
1597,1.0,7.889705011621118e-05,9.999999747378752e-05
1598,1.0,6.106695218477398e-05,9.999999747378752e-05
1599,1.0,7.112247840268537e-05,9.999999747378752e-05
1600,1.0,7.495773752452806e-05,9.999999747378752e-05
1601,1.0,8.563577284803614e-05,9.999999747378752e-05
1602,1.0,7.081744115566835e-05,9.999999747378752e-05
1603,1.0,5.576132025453262e-05,9.999999747378752e-05
1604,1.0,6.167602259665728e-05,9.999999747378752e-05
1605,1.0,4.207407255307771e-05,9.999999747378752e-05
1606,1.0,5.2182738727424294e-05,9.999999747378752e-05
1607,1.0,4.2645217035897076e-05,9.999999747378752e-05
1608,1.0,3.89993583667092e-05,9.999999747378752e-05
1609,1.0,6.577875319635496e-05,9.999999747378752e-05
1610,1.0,7.771194214001298e-05,9.999999747378752e-05
1611,1.0,9.608890832168981e-05,9.999999747378752e-05
1612,1.0,5.852434696862474e-05,9.999999747378752e-05
1613,1.0,5.608984793070704e-05,9.999999747378752e-05
1614,1.0,0.00010835802095243707,9.999999747378752e-05
1615,1.0,0.00018790073227137327,9.999999747378752e-05
1616,1.0,0.00016970105934888124,9.999999747378752e-05
1617,1.0,7.892420399002731e-05,9.999999747378752e-05
1618,1.0,4.0828959754435346e-05,9.999999747378752e-05
1619,1.0,4.74368134746328e-05,9.999999747378752e-05
1620,1.0,0.00013417772424872965,9.999999747378752e-05
1621,1.0,6.489406223408878e-05,9.999999747378752e-05
1622,1.0,0.00015978721785359085,9.999999747378752e-05
1623,1.0,9.679248614702374e-05,9.999999747378752e-05
1624,1.0,3.6626170185627416e-05,9.999999747378752e-05
1625,1.0,5.8769081078935415e-05,9.999999747378752e-05
1626,1.0,8.850821905070916e-05,9.999999747378752e-05
1627,1.0,4.0786540921544656e-05,9.999999747378752e-05
1628,1.0,5.8372643252369016e-05,9.999999747378752e-05
1629,1.0,4.591873221215792e-05,9.999999747378752e-05
1630,1.0,4.895263191428967e-05,9.999999747378752e-05
1631,1.0,4.6312259655678645e-05,9.999999747378752e-05
1632,1.0,4.5869579480495304e-05,9.999999747378752e-05
1633,1.0,2.484073229425121e-05,9.999999747378752e-05
1634,1.0,6.330096948659047e-05,9.999999747378752e-05
1635,1.0,2.8932439818163402e-05,9.999999747378752e-05
1636,1.0,3.873788227792829e-05,9.999999747378752e-05
1637,1.0,5.5815504310885444e-05,9.999999747378752e-05
1638,1.0,4.613811688614078e-05,9.999999747378752e-05
1639,1.0,0.00010965348337776959,9.999999747378752e-05
1640,1.0,7.859739707782865e-05,9.999999747378752e-05
1641,1.0,4.736851042252965e-05,9.999999747378752e-05
1642,1.0,3.932029358111322e-05,9.999999747378752e-05
1643,1.0,4.453537621884607e-05,9.999999747378752e-05
1644,1.0,5.2398041589185596e-05,9.999999747378752e-05
1645,1.0,2.4186996597563848e-05,9.999999747378752e-05
1646,1.0,5.723393041989766e-05,9.999999747378752e-05
1647,1.0,4.8473830247530714e-05,9.999999747378752e-05
1648,1.0,2.850528653652873e-05,9.999999747378752e-05
1649,1.0,9.247697744285688e-05,9.999999747378752e-05
1650,1.0,0.00011375529720680788,9.999999747378752e-05
1651,1.0,9.439884888706729e-05,9.999999747378752e-05
1652,1.0,7.044326775940135e-05,9.999999747378752e-05
1653,0.9975000023841858,0.004704651888459921,9.999999747378752e-05
1654,0.9975000023841858,0.007869006134569645,9.999999747378752e-05
1655,0.9975000023841858,0.011985297314822674,9.999999747378752e-05
1656,1.0,0.001621819450519979,9.999999747378752e-05
1657,1.0,0.000947709137108177,9.999999747378752e-05
1658,1.0,0.0012860879069194198,9.999999747378752e-05
1659,1.0,0.0003550811961758882,9.999999747378752e-05
1660,1.0,0.00062961271032691,9.999999747378752e-05
1661,1.0,0.00024403579300269485,9.999999747378752e-05
1662,1.0,0.00025252249906770885,9.999999747378752e-05
1663,1.0,0.00024064158787950873,9.999999747378752e-05
1664,1.0,0.00021866528550162911,9.999999747378752e-05
1665,1.0,0.00011471032485133037,9.999999747378752e-05
1666,1.0,0.0002591680095065385,9.999999747378752e-05
1667,1.0,0.00018549876403994858,9.999999747378752e-05
1668,1.0,0.00015709578292444348,9.999999747378752e-05
1669,1.0,0.00018613162683323026,9.999999747378752e-05
1670,1.0,0.00020607175247278064,9.999999747378752e-05
1671,1.0,0.00013446992670651525,9.999999747378752e-05
1672,1.0,0.00012580664770212024,9.999999747378752e-05
1673,1.0,0.0003818630939349532,9.999999747378752e-05
1674,1.0,0.00014760703197680414,9.999999747378752e-05
1675,1.0,0.00013105171092320234,9.999999747378752e-05
1676,1.0,0.0002201107854489237,9.999999747378752e-05
1677,1.0,0.00019560536020435393,9.999999747378752e-05
1678,1.0,0.00012529341620393097,9.999999747378752e-05
1679,1.0,0.00013370958913583308,9.999999747378752e-05
1680,1.0,0.00012329375022090971,9.999999747378752e-05
1681,1.0,0.00023221691662911326,9.999999747378752e-05
1682,1.0,0.00011363684461684898,9.999999747378752e-05
1683,1.0,0.00012560254253912717,9.999999747378752e-05
1684,1.0,9.870441863313317e-05,9.999999747378752e-05
1685,1.0,0.00023137516109272838,9.999999747378752e-05
1686,1.0,0.0003565747174434364,9.999999747378752e-05
1687,1.0,0.00019046181114390492,9.999999747378752e-05
1688,1.0,0.00012029379286104813,9.999999747378752e-05
1689,1.0,0.00010342551104258746,9.999999747378752e-05
1690,1.0,0.00020673207473009825,9.999999747378752e-05
1691,1.0,0.0001179436148959212,9.999999747378752e-05
1692,1.0,0.00012266531120985746,9.999999747378752e-05
1693,1.0,9.389863407704979e-05,9.999999747378752e-05
1694,1.0,0.00010809802188305184,9.999999747378752e-05
1695,1.0,0.00011942925630137324,9.999999747378752e-05
1696,1.0,7.38838643883355e-05,9.999999747378752e-05
1697,1.0,0.00010689038754208013,9.999999747378752e-05
1698,1.0,8.833059837343171e-05,9.999999747378752e-05
1699,1.0,8.886909927241504e-05,9.999999747378752e-05
1700,1.0,8.445395360467955e-05,9.999999747378752e-05
1701,1.0,0.00011232499673496932,9.999999747378752e-05
1702,1.0,8.587721094954759e-05,9.999999747378752e-05
1703,1.0,0.00010982131789205596,9.999999747378752e-05
1704,1.0,0.00037667324068024755,9.999999747378752e-05
1705,1.0,9.039034193847328e-05,9.999999747378752e-05
1706,1.0,0.00012265895202290267,9.999999747378752e-05
1707,1.0,0.00010686511814128608,9.999999747378752e-05
1708,1.0,0.00013687190948985517,9.999999747378752e-05
1709,1.0,0.00010258738620905206,9.999999747378752e-05
1710,1.0,0.00011123617150587961,9.999999747378752e-05
1711,1.0,7.427127275150269e-05,9.999999747378752e-05
1712,1.0,6.481786112999544e-05,9.999999747378752e-05
1713,1.0,0.00010514961468288675,9.999999747378752e-05
1714,1.0,5.531024726224132e-05,9.999999747378752e-05
1715,1.0,0.0001897893671412021,9.999999747378752e-05
1716,1.0,7.30957617633976e-05,9.999999747378752e-05
1717,1.0,9.036893607117236e-05,9.999999747378752e-05
1718,1.0,0.00010161155660171062,9.999999747378752e-05
1719,1.0,7.261198334163055e-05,9.999999747378752e-05
1720,1.0,7.239627302624285e-05,9.999999747378752e-05
1721,1.0,6.880219734739512e-05,9.999999747378752e-05
1722,1.0,5.4403950343839824e-05,9.999999747378752e-05
1723,1.0,5.8494795666774735e-05,9.999999747378752e-05
1724,1.0,0.0001536003255750984,9.999999747378752e-05
1725,1.0,0.00010021644993685186,9.999999747378752e-05
1726,1.0,9.409507038071752e-05,9.999999747378752e-05
1727,1.0,6.197083712322637e-05,9.999999747378752e-05
1728,1.0,8.818740752758458e-05,9.999999747378752e-05
1729,1.0,7.528615969931707e-05,9.999999747378752e-05
1730,1.0,6.800334085710347e-05,9.999999747378752e-05
1731,1.0,6.989503162913024e-05,9.999999747378752e-05
1732,1.0,4.313859608373605e-05,9.999999747378752e-05
1733,1.0,0.0001461927458876744,9.999999747378752e-05
1734,1.0,5.842023165314458e-05,9.999999747378752e-05
1735,1.0,4.3786341848317534e-05,9.999999747378752e-05
1736,1.0,5.697833330486901e-05,9.999999747378752e-05
1737,1.0,0.0001424106740159914,9.999999747378752e-05
1738,1.0,0.0001251857029274106,9.999999747378752e-05
1739,1.0,3.6677058233181015e-05,9.999999747378752e-05
1740,1.0,5.002415127819404e-05,9.999999747378752e-05
1741,1.0,6.938057777006179e-05,9.999999747378752e-05
1742,1.0,6.691627640975639e-05,9.999999747378752e-05
1743,1.0,6.545962969539687e-05,9.999999747378752e-05
1744,1.0,7.47421509004198e-05,9.999999747378752e-05
1745,1.0,5.776753823738545e-05,9.999999747378752e-05
1746,1.0,6.37690827716142e-05,9.999999747378752e-05
1747,1.0,0.00012074533879058436,9.999999747378752e-05
1748,1.0,6.950246461201459e-05,9.999999747378752e-05
1749,1.0,5.54815778741613e-05,9.999999747378752e-05
1750,1.0,6.695657793898135e-05,9.999999747378752e-05
1751,1.0,7.274070230778307e-05,9.999999747378752e-05
1752,1.0,3.5882399970432743e-05,9.999999747378752e-05
1753,1.0,3.7311590858735144e-05,9.999999747378752e-05
1754,1.0,4.0426206396659836e-05,9.999999747378752e-05
1755,1.0,8.373903256142512e-05,9.999999747378752e-05
1756,1.0,3.0267590773291886e-05,9.999999747378752e-05
1757,1.0,7.973244646564126e-05,9.999999747378752e-05
1758,1.0,4.746274498756975e-05,9.999999747378752e-05
1759,1.0,7.09294035914354e-05,9.999999747378752e-05
1760,1.0,0.00022409268422052264,9.999999747378752e-05
1761,1.0,7.674472726648673e-05,9.999999747378752e-05
1762,1.0,0.00020380690693855286,9.999999747378752e-05
1763,1.0,0.00016698174295015633,9.999999747378752e-05
1764,1.0,6.374149234034121e-05,9.999999747378752e-05
1765,1.0,0.00014844583347439766,9.999999747378752e-05
1766,1.0,7.912030559964478e-05,9.999999747378752e-05
1767,1.0,8.995624375529587e-05,9.999999747378752e-05
1768,1.0,5.7179509894922376e-05,9.999999747378752e-05
1769,1.0,7.264759915415198e-05,9.999999747378752e-05
1770,1.0,2.910100192821119e-05,9.999999747378752e-05
1771,1.0,5.518303805729374e-05,9.999999747378752e-05
1772,1.0,0.00011435896885814145,9.999999747378752e-05
1773,1.0,8.515859371982515e-05,9.999999747378752e-05
1774,1.0,6.256726192077622e-05,9.999999747378752e-05
1775,1.0,4.250749771017581e-05,9.999999747378752e-05
1776,1.0,3.314550849609077e-05,9.999999747378752e-05
1777,1.0,3.338918395456858e-05,9.999999747378752e-05
1778,1.0,3.638321504695341e-05,9.999999747378752e-05
1779,1.0,3.712589023052715e-05,9.999999747378752e-05
1780,1.0,0.0001107085554394871,9.999999747378752e-05
1781,1.0,5.130593490321189e-05,9.999999747378752e-05
1782,1.0,0.00014748433022759855,9.999999747378752e-05
1783,1.0,0.0011751754209399223,9.999999747378752e-05
1784,1.0,0.0006448646890930831,9.999999747378752e-05
1785,1.0,0.00025242252741008997,9.999999747378752e-05
1786,1.0,0.00024388806195929646,9.999999747378752e-05
1787,1.0,0.00018346504657529294,9.999999747378752e-05
1788,1.0,8.790349238552153e-05,9.999999747378752e-05
1789,1.0,7.373469998128712e-05,9.999999747378752e-05
1790,1.0,0.00011915275536011904,9.999999747378752e-05
1791,1.0,4.653634096030146e-05,9.999999747378752e-05
1792,1.0,5.241309918346815e-05,9.999999747378752e-05
1793,1.0,6.583780486835167e-05,9.999999747378752e-05
1794,1.0,4.202585114398971e-05,9.999999747378752e-05
1795,1.0,0.00010905069939326495,9.999999747378752e-05
1796,1.0,9.285924897994846e-05,9.999999747378752e-05
1797,1.0,4.93453917442821e-05,9.999999747378752e-05
1798,1.0,0.00019475743465591222,9.999999747378752e-05
1799,1.0,0.0001996092323679477,9.999999747378752e-05
1800,1.0,7.240602280944586e-05,9.999999747378752e-05
1801,1.0,9.103475895244628e-05,9.999999747378752e-05
1802,1.0,3.7414487451314926e-05,9.999999747378752e-05
1803,1.0,8.285427611554042e-05,9.999999747378752e-05
1804,1.0,4.0277111111208797e-05,9.999999747378752e-05
1805,1.0,0.00010089119314216077,9.999999747378752e-05
1806,1.0,7.056298636598513e-05,9.999999747378752e-05
1807,1.0,0.00038069923175498843,9.999999747378752e-05
1808,1.0,0.00010974198812618852,9.999999747378752e-05
1809,1.0,5.256714212009683e-05,9.999999747378752e-05
1810,1.0,8.349759445991367e-05,9.999999747378752e-05
1811,1.0,4.224233634886332e-05,9.999999747378752e-05
1812,1.0,5.312138091539964e-05,9.999999747378752e-05
1813,1.0,4.315822297940031e-05,9.999999747378752e-05
1814,1.0,3.838716656900942e-05,9.999999747378752e-05
1815,1.0,6.879735155962408e-05,9.999999747378752e-05
1816,1.0,6.251345621421933e-05,9.999999747378752e-05
1817,1.0,4.613575219991617e-05,9.999999747378752e-05
1818,1.0,3.660185029730201e-05,9.999999747378752e-05
1819,1.0,5.085032535134815e-05,9.999999747378752e-05
1820,1.0,4.9174996092915535e-05,9.999999747378752e-05
1821,1.0,6.377263343892992e-05,9.999999747378752e-05
1822,1.0,3.814237788901664e-05,9.999999747378752e-05
1823,1.0,3.167922477587126e-05,9.999999747378752e-05
1824,1.0,2.6791814889293164e-05,9.999999747378752e-05
1825,1.0,3.409801865927875e-05,9.999999747378752e-05
1826,1.0,5.5583499488420784e-05,9.999999747378752e-05
1827,1.0,7.94468360254541e-05,9.999999747378752e-05
1828,1.0,2.7928661438636482e-05,9.999999747378752e-05
1829,1.0,8.091836934909225e-05,9.999999747378752e-05
1830,1.0,4.8039164539659396e-05,9.999999747378752e-05
1831,1.0,3.98002375732176e-05,9.999999747378752e-05
1832,1.0,3.968362580053508e-05,9.999999747378752e-05
1833,1.0,3.1263622076949105e-05,9.999999747378752e-05
1834,1.0,3.2804717193357646e-05,9.999999747378752e-05
1835,1.0,8.861985406838357e-05,9.999999747378752e-05
1836,1.0,6.338157982099801e-05,9.999999747378752e-05
1837,1.0,0.0002106052852468565,9.999999747378752e-05
1838,1.0,4.100621663383208e-05,9.999999747378752e-05
1839,1.0,5.22790287504904e-05,9.999999747378752e-05
1840,1.0,5.332236469257623e-05,9.999999747378752e-05
1841,1.0,4.1318486182717606e-05,9.999999747378752e-05
1842,1.0,8.04825613158755e-05,9.999999747378752e-05
1843,1.0,4.683736551669426e-05,9.999999747378752e-05
1844,1.0,2.681302430573851e-05,9.999999747378752e-05
1845,1.0,3.266407293267548e-05,9.999999747378752e-05
1846,1.0,3.343801654409617e-05,9.999999747378752e-05
1847,1.0,4.584157431963831e-05,9.999999747378752e-05
1848,1.0,2.661278449522797e-05,9.999999747378752e-05
1849,1.0,2.163567660318222e-05,9.999999747378752e-05
1850,1.0,4.702211663243361e-05,9.999999747378752e-05
1851,1.0,2.3818103727535345e-05,9.999999747378752e-05
1852,1.0,6.999933975748718e-05,9.999999747378752e-05
1853,1.0,4.64428958366625e-05,9.999999747378752e-05
1854,1.0,3.981828558607958e-05,9.999999747378752e-05
1855,1.0,4.189960236544721e-05,9.999999747378752e-05
1856,1.0,2.831238271028269e-05,9.999999747378752e-05
1857,1.0,3.347013989696279e-05,9.999999747378752e-05
1858,1.0,2.335426142963115e-05,9.999999747378752e-05
1859,1.0,3.323420969536528e-05,9.999999747378752e-05
1860,1.0,5.50177828699816e-05,9.999999747378752e-05
1861,1.0,5.7348133850609884e-05,9.999999747378752e-05
1862,1.0,3.621101859607734e-05,9.999999747378752e-05
1863,1.0,4.513905878411606e-05,9.999999747378752e-05
1864,1.0,2.6044994228868745e-05,9.999999747378752e-05
1865,1.0,7.832213304936886e-05,9.999999747378752e-05
1866,1.0,4.827726661460474e-05,9.999999747378752e-05
1867,1.0,3.053524415008724e-05,9.999999747378752e-05
1868,1.0,2.2727306713932194e-05,9.999999747378752e-05
1869,1.0,2.444166057102848e-05,9.999999747378752e-05
1870,1.0,2.0099047105759382e-05,9.999999747378752e-05
1871,1.0,3.4080414479831234e-05,9.999999747378752e-05
1872,1.0,6.786215817555785e-05,9.999999747378752e-05
1873,1.0,2.8029922759742476e-05,9.999999747378752e-05
1874,1.0,3.4861412132158875e-05,9.999999747378752e-05
1875,1.0,7.109138095984235e-05,9.999999747378752e-05
1876,1.0,3.0191366022336297e-05,9.999999747378752e-05
1877,1.0,3.6620655009755865e-05,9.999999747378752e-05
1878,1.0,8.518984395777807e-05,9.999999747378752e-05
1879,1.0,0.0010411434341222048,9.999999747378752e-05
1880,0.9975000023841858,0.00933187548071146,9.999999747378752e-05
1881,1.0,0.002306044567376375,9.999999747378752e-05
1882,1.0,0.0035347887314856052,9.999999747378752e-05
1883,1.0,0.0006884834147058427,9.999999747378752e-05
1884,1.0,0.0028379689902067184,9.999999747378752e-05
1885,1.0,0.0005462135886773467,9.999999747378752e-05
1886,1.0,0.0006260629161261022,9.999999747378752e-05
1887,1.0,0.0002263316564494744,9.999999747378752e-05
1888,1.0,0.0002882204717025161,9.999999747378752e-05
1889,1.0,0.0003126219380646944,9.999999747378752e-05
1890,1.0,0.0003755657817237079,9.999999747378752e-05
1891,1.0,0.0001990069285966456,9.999999747378752e-05
1892,1.0,0.00019657483790069818,9.999999747378752e-05
1893,1.0,0.00010724259482230991,9.999999747378752e-05
1894,1.0,0.00015478499699383974,9.999999747378752e-05
1895,1.0,8.581231668358669e-05,9.999999747378752e-05
1896,1.0,0.00011083386198151857,9.999999747378752e-05
1897,1.0,0.00010698621190385893,9.999999747378752e-05
1898,1.0,8.544000593246892e-05,9.999999747378752e-05
1899,1.0,0.0001188115420518443,9.999999747378752e-05
1900,1.0,0.00017366789688821882,9.999999747378752e-05
1901,1.0,8.465495920972899e-05,9.999999747378752e-05
1902,1.0,0.00013810780365020037,9.999999747378752e-05
1903,1.0,0.0001034080924000591,9.999999747378752e-05
1904,1.0,0.00012330377649050206,9.999999747378752e-05
1905,1.0,6.100953396526165e-05,9.999999747378752e-05
1906,1.0,9.343436249764636e-05,9.999999747378752e-05
1907,1.0,0.00046741723781451583,9.999999747378752e-05
1908,1.0,0.00010818791633937508,9.999999747378752e-05
1909,1.0,0.0001658359688008204,9.999999747378752e-05
1910,1.0,0.0001648239849600941,9.999999747378752e-05
1911,1.0,7.655083754798397e-05,9.999999747378752e-05
1912,1.0,8.128829358611256e-05,9.999999747378752e-05
1913,1.0,5.8118937886320055e-05,9.999999747378752e-05
1914,1.0,7.662260759389028e-05,9.999999747378752e-05
1915,1.0,7.051622378639877e-05,9.999999747378752e-05
1916,1.0,0.0002643721818458289,9.999999747378752e-05
1917,1.0,9.076562128029764e-05,9.999999747378752e-05
1918,1.0,9.762671834323555e-05,9.999999747378752e-05
1919,1.0,6.76333365845494e-05,9.999999747378752e-05
1920,1.0,6.0289614339126274e-05,9.999999747378752e-05
1921,1.0,9.290727757615969e-05,9.999999747378752e-05
1922,1.0,5.6763099564705044e-05,9.999999747378752e-05
1923,1.0,6.92318644723855e-05,9.999999747378752e-05
1924,1.0,8.958864054875448e-05,9.999999747378752e-05
1925,1.0,4.023739165859297e-05,9.999999747378752e-05
1926,1.0,6.302357360254973e-05,9.999999747378752e-05
1927,1.0,5.066300218459219e-05,9.999999747378752e-05
1928,1.0,7.736557745374739e-05,9.999999747378752e-05
1929,1.0,0.0010542895179241896,9.999999747378752e-05
1930,1.0,0.0002289604744873941,9.999999747378752e-05
1931,1.0,0.0002515283122193068,9.999999747378752e-05
1932,1.0,7.637935050297529e-05,9.999999747378752e-05
1933,1.0,8.297376916743815e-05,9.999999747378752e-05
1934,1.0,6.300576205831021e-05,9.999999747378752e-05
1935,1.0,0.00010549424041528255,9.999999747378752e-05
1936,1.0,9.343883721157908e-05,9.999999747378752e-05
1937,1.0,5.15129831910599e-05,9.999999747378752e-05
1938,1.0,0.00011131397332064807,9.999999747378752e-05
1939,1.0,0.00015001020801719278,9.999999747378752e-05
1940,1.0,8.301953494083136e-05,9.999999747378752e-05
1941,1.0,0.00013828551163896918,9.999999747378752e-05
1942,1.0,5.809587310068309e-05,9.999999747378752e-05
1943,1.0,4.354569682618603e-05,9.999999747378752e-05
1944,1.0,3.756748992600478e-05,9.999999747378752e-05
1945,1.0,9.461292211199179e-05,9.999999747378752e-05
1946,1.0,8.224564953707159e-05,9.999999747378752e-05
1947,1.0,3.0076045732130297e-05,9.999999747378752e-05
1948,1.0,5.507633977686055e-05,9.999999747378752e-05
1949,1.0,6.083143307478167e-05,9.999999747378752e-05
1950,1.0,4.9645761464489624e-05,9.999999747378752e-05
1951,1.0,5.3640724217984825e-05,9.999999747378752e-05
1952,1.0,8.234076085500419e-05,9.999999747378752e-05
1953,1.0,7.619675307068974e-05,9.999999747378752e-05
1954,1.0,8.245766366599128e-05,9.999999747378752e-05
1955,1.0,5.886330109206028e-05,9.999999747378752e-05
1956,1.0,4.906080357613973e-05,9.999999747378752e-05
1957,1.0,5.152161611476913e-05,9.999999747378752e-05
1958,1.0,6.202231452334672e-05,9.999999747378752e-05
1959,1.0,3.761264815693721e-05,9.999999747378752e-05
1960,1.0,4.7130524762906134e-05,9.999999747378752e-05
1961,1.0,5.579317075898871e-05,9.999999747378752e-05
1962,1.0,5.0780690799001604e-05,9.999999747378752e-05
1963,1.0,4.578947846312076e-05,9.999999747378752e-05
1964,1.0,3.8750615203753114e-05,9.999999747378752e-05
1965,1.0,0.0001315301051363349,9.999999747378752e-05
1966,1.0,0.00011021438695024699,9.999999747378752e-05
1967,1.0,0.0001154464844148606,9.999999747378752e-05
1968,1.0,6.986557127675042e-05,9.999999747378752e-05
1969,1.0,4.290261858841404e-05,9.999999747378752e-05
1970,1.0,0.00014736768207512796,9.999999747378752e-05
1971,1.0,9.00165832717903e-05,9.999999747378752e-05
1972,1.0,5.82769607717637e-05,9.999999747378752e-05
1973,1.0,5.0700506108114496e-05,9.999999747378752e-05
1974,1.0,4.1750874515855685e-05,9.999999747378752e-05
1975,1.0,4.0559691115049645e-05,9.999999747378752e-05
1976,1.0,3.976236985181458e-05,9.999999747378752e-05
1977,1.0,8.047687151702121e-05,9.999999747378752e-05
1978,1.0,6.274318729992956e-05,9.999999747378752e-05
1979,1.0,2.9433427698677406e-05,9.999999747378752e-05
1980,1.0,9.523592598270625e-05,9.999999747378752e-05
1981,1.0,3.831564754364081e-05,9.999999747378752e-05
1982,1.0,4.996234565624036e-05,9.999999747378752e-05
1983,1.0,3.512260809657164e-05,9.999999747378752e-05
1984,1.0,5.066032099421136e-05,9.999999747378752e-05
1985,1.0,4.7301960876211524e-05,9.999999747378752e-05
1986,1.0,0.00012658265768550336,9.999999747378752e-05
1987,1.0,7.238575199153274e-05,9.999999747378752e-05
1988,1.0,8.806829282548279e-05,9.999999747378752e-05
1989,1.0,4.9866219342220575e-05,9.999999747378752e-05
1990,1.0,4.349657683633268e-05,9.999999747378752e-05
1991,1.0,4.468129191081971e-05,9.999999747378752e-05
1992,1.0,3.787463720072992e-05,9.999999747378752e-05
1993,1.0,3.279251541243866e-05,9.999999747378752e-05
1994,1.0,3.807988468906842e-05,9.999999747378752e-05
1995,1.0,7.422231283271685e-05,9.999999747378752e-05
1996,1.0,3.500027742120437e-05,9.999999747378752e-05
1997,1.0,2.3242282622959465e-05,9.999999747378752e-05
1998,1.0,2.8346745239105076e-05,9.999999747378752e-05
1999,1.0,3.8700763980159536e-05,9.999999747378752e-05
