,categorical_accuracy,loss,learning_rate
0,0.23204420506954193,2.252168655395508,0.0010000000474974513
1,0.32044199109077454,2.0471255779266357,0.0010000000474974513
2,0.3397790193557739,1.9620105028152466,0.0010000000474974513
3,0.37569060921669006,1.9041903018951416,0.0010000000474974513
4,0.37016573548316956,1.8692704439163208,0.0010000000474974513
5,0.4005524814128876,1.8078486919403076,0.0010000000474974513
6,0.3922652006149292,1.7838598489761353,0.0010000000474974513
7,0.38950276374816895,1.7918977737426758,0.0010000000474974513
8,0.4171270728111267,1.7289948463439941,0.0010000000474974513
9,0.4060773551464081,1.7363046407699585,0.0010000000474974513
10,0.46685081720352173,1.6743263006210327,0.0010000000474974513
11,0.43922650814056396,1.6822096109390259,0.0010000000474974513
12,0.4447513818740845,1.6492385864257812,0.0010000000474974513
13,0.45856353640556335,1.639327049255371,0.0010000000474974513
14,0.45856353640556335,1.6048494577407837,0.0010000000474974513
15,0.4806629717350006,1.6007803678512573,0.0010000000474974513
16,0.46685081720352173,1.5805933475494385,0.0010000000474974513
17,0.45303866267204285,1.5556632280349731,0.0010000000474974513
18,0.4861878454685211,1.5424617528915405,0.0010000000474974513
19,0.4613259732723236,1.514748454093933,0.0010000000474974513
20,0.450276255607605,1.5715540647506714,0.0010000000474974513
21,0.4944751262664795,1.4956303834915161,0.0010000000474974513
22,0.46685081720352173,1.489382028579712,0.0010000000474974513
23,0.46408841013908386,1.511165738105774,0.0010000000474974513
24,0.46408841013908386,1.5045199394226074,0.0010000000474974513
25,0.4944751262664795,1.4652010202407837,0.0010000000474974513
26,0.469613254070282,1.5074803829193115,0.0010000000474974513
27,0.45856353640556335,1.459032416343689,0.0010000000474974513
28,0.5,1.4338343143463135,0.0010000000474974513
29,0.511049747467041,1.4277046918869019,0.0010000000474974513
30,0.4861878454685211,1.4545618295669556,0.0010000000474974513
31,0.48342540860176086,1.437633752822876,0.0010000000474974513
32,0.5,1.4518924951553345,0.0010000000474974513
33,0.5165745615959167,1.393864631652832,0.0010000000474974513
34,0.5248618721961975,1.4397746324539185,0.0010000000474974513
35,0.5138121843338013,1.3827224969863892,0.0010000000474974513
36,0.5276243090629578,1.3787763118743896,0.0010000000474974513
37,0.5276243090629578,1.3677928447723389,0.0010000000474974513
38,0.5027624368667603,1.369644284248352,0.0010000000474974513
39,0.519336998462677,1.3726497888565063,0.0010000000474974513
40,0.5524861812591553,1.3466174602508545,0.0010000000474974513
41,0.5082873106002808,1.33146333694458,0.0010000000474974513
42,0.549723744392395,1.2978073358535767,0.0010000000474974513
43,0.5690608024597168,1.341567039489746,0.0010000000474974513
44,0.5276243090629578,1.319814920425415,0.0010000000474974513
45,0.5248618721961975,1.294907569885254,0.0010000000474974513
46,0.5359116196632385,1.3081220388412476,0.0010000000474974513
47,0.5469613075256348,1.2850112915039062,0.0010000000474974513
48,0.5552486181259155,1.3212798833847046,0.0010000000474974513
49,0.5055248737335205,1.377026081085205,0.0010000000474974513
50,0.5441988706588745,1.2888381481170654,0.0010000000474974513
51,0.519336998462677,1.335567593574524,0.0010000000474974513
52,0.5552486181259155,1.2674593925476074,0.0010000000474974513
53,0.549723744392395,1.2661505937576294,0.0010000000474974513
54,0.59944748878479,1.244842290878296,0.0010000000474974513
55,0.5552486181259155,1.2524113655090332,0.0010000000474974513
56,0.5441988706588745,1.2750366926193237,0.0010000000474974513
57,0.5718231797218323,1.2551532983779907,0.0010000000474974513
58,0.5580110549926758,1.232107400894165,0.0010000000474974513
59,0.5718231797218323,1.2676957845687866,0.0010000000474974513
60,0.5828729271888733,1.268692970275879,0.0010000000474974513
61,0.5469613075256348,1.2542359828948975,0.0010000000474974513
62,0.5856353640556335,1.2100558280944824,0.0010000000474974513
63,0.5966851115226746,1.199981689453125,0.0010000000474974513
64,0.5828729271888733,1.2280914783477783,0.0010000000474974513
65,0.5773480534553528,1.186021327972412,0.0010000000474974513
66,0.6022099256515503,1.2126226425170898,0.0010000000474974513
67,0.5662983655929565,1.1930549144744873,0.0010000000474974513
68,0.6132596731185913,1.1791075468063354,0.0010000000474974513
69,0.6022099256515503,1.1507411003112793,0.0010000000474974513
70,0.6022099256515503,1.1860843896865845,0.0010000000474974513
71,0.5773480534553528,1.1814625263214111,0.0010000000474974513
72,0.5856353640556335,1.1781600713729858,0.0010000000474974513
73,0.6022099256515503,1.158585786819458,0.0010000000474974513
74,0.6270717978477478,1.150546908378601,0.0010000000474974513
75,0.5745856165885925,1.1692527532577515,0.0010000000474974513
76,0.5745856165885925,1.180612325668335,0.0010000000474974513
77,0.5745856165885925,1.179774284362793,0.0010000000474974513
78,0.6022099256515503,1.1756494045257568,0.0010000000474974513
79,0.6022099256515503,1.1124128103256226,0.0010000000474974513
80,0.6519337296485901,1.102007508277893,0.0010000000474974513
81,0.6049723625183105,1.1465636491775513,0.0010000000474974513
82,0.5773480534553528,1.1582591533660889,0.0010000000474974513
83,0.591160237789154,1.1905800104141235,0.0010000000474974513
84,0.610497236251831,1.1379915475845337,0.0010000000474974513
85,0.6132596731185913,1.151289463043213,0.0010000000474974513
86,0.6353591084480286,1.1068652868270874,0.0010000000474974513
87,0.6381215453147888,1.0997332334518433,0.0010000000474974513
88,0.6270717978477478,1.1044247150421143,0.0010000000474974513
89,0.6325966715812683,1.082964539527893,0.0010000000474974513
90,0.6408839821815491,1.0831961631774902,0.0010000000474974513
91,0.6215469837188721,1.0976755619049072,0.0010000000474974513
92,0.6408839821815491,1.06557035446167,0.0010000000474974513
93,0.6381215453147888,1.089163899421692,0.0010000000474974513
94,0.6491712927818298,1.050390362739563,0.0010000000474974513
95,0.6574585437774658,1.0577069520950317,0.0010000000474974513
96,0.6408839821815491,1.0419399738311768,0.0010000000474974513
97,0.6519337296485901,1.0504330396652222,0.0010000000474974513
98,0.6685082912445068,1.0367847681045532,0.0010000000474974513
99,0.6767956018447876,0.9955456852912903,0.0010000000474974513
100,0.6685082912445068,0.9866096377372742,0.0010000000474974513
101,0.6464088559150696,1.0049221515655518,0.0010000000474974513
102,0.6767956018447876,1.0553550720214844,0.0010000000474974513
103,0.6519337296485901,1.0461856126785278,0.0010000000474974513
104,0.6629834175109863,1.0125147104263306,0.0010000000474974513
105,0.6602209806442261,1.0149589776992798,0.0010000000474974513
106,0.6961326003074646,1.0059010982513428,0.0010000000474974513
107,0.6795580387115479,0.9943493604660034,0.0010000000474974513
108,0.6629834175109863,0.982822060585022,0.0010000000474974513
109,0.6657458543777466,0.9874111413955688,0.0010000000474974513
110,0.6685082912445068,1.0153261423110962,0.0010000000474974513
111,0.6685082912445068,0.9997726082801819,0.0010000000474974513
112,0.6657458543777466,0.9865844249725342,0.0010000000474974513
113,0.6574585437774658,0.9933142066001892,0.0010000000474974513
114,0.6850828528404236,0.9529730081558228,0.0010000000474974513
115,0.6270717978477478,1.0683695077896118,0.0010000000474974513
116,0.6767956018447876,1.0206547975540161,0.0010000000474974513
117,0.7154695987701416,0.9818640351295471,0.0010000000474974513
118,0.6795580387115479,0.9908865690231323,0.0010000000474974513
119,0.6961326003074646,0.9352921843528748,0.0010000000474974513
120,0.6961326003074646,0.9334761500358582,0.0010000000474974513
121,0.6906077265739441,0.9456020593643188,0.0010000000474974513
122,0.7154695987701416,0.9217416048049927,0.0010000000474974513
123,0.6933701634407043,0.9243033528327942,0.0010000000474974513
124,0.6933701634407043,0.9236581921577454,0.0010000000474974513
125,0.7099447250366211,0.9142686128616333,0.0010000000474974513
126,0.7292817831039429,0.9228367805480957,0.0010000000474974513
127,0.7127071619033813,0.9264835119247437,0.0010000000474974513
128,0.7182320356369019,0.9262409806251526,0.0010000000474974513
129,0.7237569093704224,0.9023503065109253,0.0010000000474974513
130,0.6906077265739441,0.951734185218811,0.0010000000474974513
131,0.7127071619033813,0.8957421183586121,0.0010000000474974513
132,0.6878452897071838,0.9160745739936829,0.0010000000474974513
133,0.7182320356369019,0.9021905064582825,0.0010000000474974513
134,0.7154695987701416,0.9164766073226929,0.0010000000474974513
135,0.7403314709663391,0.8932086825370789,0.0010000000474974513
136,0.6988950371742249,0.9006198644638062,0.0010000000474974513
137,0.7127071619033813,0.8729268312454224,0.0010000000474974513
138,0.7154695987701416,0.8693361282348633,0.0010000000474974513
139,0.7209944725036621,0.8795288801193237,0.0010000000474974513
140,0.7569060921669006,0.8623978495597839,0.0010000000474974513
141,0.7348066568374634,0.8354286551475525,0.0010000000474974513
142,0.7348066568374634,0.8336098790168762,0.0010000000474974513
143,0.7237569093704224,0.8592041730880737,0.0010000000474974513
144,0.7348066568374634,0.8223401308059692,0.0010000000474974513
145,0.7127071619033813,0.8624035120010376,0.0010000000474974513
146,0.7430939078330994,0.847541093826294,0.0010000000474974513
147,0.7375690340995789,0.8241294026374817,0.0010000000474974513
148,0.7265193462371826,0.8484460711479187,0.0010000000474974513
149,0.7513812184333801,0.8160402774810791,0.0010000000474974513
150,0.7320442199707031,0.8146276473999023,0.0010000000474974513
151,0.7375690340995789,0.8010895252227783,0.0010000000474974513
152,0.7430939078330994,0.81556636095047,0.0010000000474974513
153,0.7541436553001404,0.78892582654953,0.0010000000474974513
154,0.7320442199707031,0.8095499277114868,0.0010000000474974513
155,0.7486187815666199,0.7983746528625488,0.0010000000474974513
156,0.7513812184333801,0.7885581851005554,0.0010000000474974513
157,0.7541436553001404,0.7957388758659363,0.0010000000474974513
158,0.7458563446998596,0.7901353240013123,0.0010000000474974513
159,0.7403314709663391,0.7865145206451416,0.0010000000474974513
160,0.7486187815666199,0.7769429087638855,0.0010000000474974513
161,0.7486187815666199,0.792776346206665,0.0010000000474974513
162,0.7348066568374634,0.7913942337036133,0.0010000000474974513
163,0.7486187815666199,0.7976794838905334,0.0010000000474974513
164,0.7486187815666199,0.7750229835510254,0.0010000000474974513
165,0.7569060921669006,0.7932634949684143,0.0010000000474974513
166,0.7430939078330994,0.7649078369140625,0.0010000000474974513
167,0.7403314709663391,0.7775472402572632,0.0010000000474974513
168,0.7707182168960571,0.7656482458114624,0.0010000000474974513
169,0.7486187815666199,0.7657225131988525,0.0010000000474974513
170,0.7513812184333801,0.7499908804893494,0.0010000000474974513
171,0.7707182168960571,0.7251467108726501,0.0010000000474974513
172,0.7348066568374634,0.7563600540161133,0.0010000000474974513
173,0.7044199109077454,0.821704089641571,0.0010000000474974513
174,0.7320442199707031,0.805820107460022,0.0010000000474974513
175,0.7513812184333801,0.7552451491355896,0.0010000000474974513
176,0.7651933431625366,0.7697796821594238,0.0010000000474974513
177,0.7458563446998596,0.7412027716636658,0.0010000000474974513
178,0.7790055274963379,0.7338574528694153,0.0010000000474974513
179,0.7403314709663391,0.723682701587677,0.0010000000474974513
180,0.7872928380966187,0.697586715221405,0.0010000000474974513
181,0.7872928380966187,0.7130114436149597,0.0010000000474974513
182,0.7707182168960571,0.7330349087715149,0.0010000000474974513
183,0.7348066568374634,0.7117007970809937,0.0010000000474974513
184,0.7928176522254944,0.6924364566802979,0.0010000000474974513
185,0.7569060921669006,0.7377833724021912,0.0010000000474974513
186,0.7679557800292969,0.7025774121284485,0.0010000000474974513
187,0.7541436553001404,0.6916159987449646,0.0010000000474974513
188,0.7872928380966187,0.688378632068634,0.0010000000474974513
189,0.7762430906295776,0.68699711561203,0.0010000000474974513
190,0.7900552749633789,0.6859016418457031,0.0010000000474974513
191,0.7707182168960571,0.7030007243156433,0.0010000000474974513
192,0.7458563446998596,0.7183061242103577,0.0010000000474974513
193,0.7458563446998596,0.7758336067199707,0.0010000000474974513
194,0.7762430906295776,0.6662373542785645,0.0010000000474974513
195,0.7872928380966187,0.7217651605606079,0.0010000000474974513
196,0.7651933431625366,0.6861876845359802,0.0010000000474974513
197,0.7955800890922546,0.6548522710800171,0.0010000000474974513
198,0.7928176522254944,0.6619683504104614,0.0010000000474974513
199,0.7817679643630981,0.7008224725723267,0.0010000000474974513
200,0.7817679643630981,0.6666973233222961,0.0010000000474974513
201,0.8093922734260559,0.6599984169006348,0.0010000000474974513
202,0.7790055274963379,0.6591276526451111,0.0010000000474974513
203,0.8011049628257751,0.6678445935249329,0.0010000000474974513
204,0.8149171471595764,0.6594151854515076,0.0010000000474974513
205,0.8149171471595764,0.6741705536842346,0.0010000000474974513
206,0.8176795840263367,0.6364470720291138,0.0010000000474974513
207,0.7817679643630981,0.6945233345031738,0.0010000000474974513
208,0.8066298365592957,0.6527779698371887,0.0010000000474974513
209,0.7762430906295776,0.693371057510376,0.0010000000474974513
210,0.7845304012298584,0.6715410947799683,0.0010000000474974513
211,0.7900552749633789,0.6739121675491333,0.0010000000474974513
212,0.8011049628257751,0.6546811461448669,0.0010000000474974513
213,0.7928176522254944,0.6425604820251465,0.0010000000474974513
214,0.7900552749633789,0.6681532859802246,0.0010000000474974513
215,0.8066298365592957,0.6639330983161926,0.0010000000474974513
216,0.8066298365592957,0.6671396493911743,0.0010000000474974513
217,0.8149171471595764,0.6391997933387756,0.0010000000474974513
218,0.7679557800292969,0.6254100799560547,0.0010000000474974513
219,0.7955800890922546,0.6295995712280273,0.0010000000474974513
220,0.7872928380966187,0.6297284960746765,0.0010000000474974513
221,0.8011049628257751,0.6170907020568848,0.0010000000474974513
222,0.8121547102928162,0.5838448405265808,0.0010000000474974513
223,0.7983425259590149,0.6130164265632629,0.0010000000474974513
224,0.7983425259590149,0.5944541096687317,0.0010000000474974513
225,0.8093922734260559,0.6134788393974304,0.0010000000474974513
226,0.8176795840263367,0.6132967472076416,0.0010000000474974513
227,0.7983425259590149,0.6117562055587769,0.0010000000474974513
228,0.8204419612884521,0.5997308492660522,0.0010000000474974513
229,0.8342541456222534,0.5620312094688416,0.0010000000474974513
230,0.8425414562225342,0.573794424533844,0.0010000000474974513
231,0.8066298365592957,0.5707284808158875,0.0010000000474974513
232,0.8093922734260559,0.5936897397041321,0.0010000000474974513
233,0.8149171471595764,0.581843376159668,0.0010000000474974513
234,0.7955800890922546,0.6268208622932434,0.0010000000474974513
235,0.8093922734260559,0.5925423502922058,0.0010000000474974513
236,0.8038673996925354,0.6131317615509033,0.0010000000474974513
237,0.7872928380966187,0.6374427676200867,0.0010000000474974513
238,0.8011049628257751,0.6080077886581421,0.0010000000474974513
239,0.8204419612884521,0.5755794644355774,0.0010000000474974513
240,0.8176795840263367,0.55533766746521,0.0010000000474974513
241,0.8397790193557739,0.547074019908905,0.0010000000474974513
242,0.8287292718887329,0.5637457370758057,0.0010000000474974513
243,0.8397790193557739,0.5469417572021484,0.0010000000474974513
244,0.8370165824890137,0.5298985242843628,0.0010000000474974513
245,0.8259668350219727,0.5579432845115662,0.0010000000474974513
246,0.8370165824890137,0.524806022644043,0.0010000000474974513
247,0.8176795840263367,0.5529800057411194,0.0010000000474974513
248,0.8121547102928162,0.5926766395568848,0.0010000000474974513
249,0.8508287072181702,0.526802122592926,0.0010000000474974513
250,0.8287292718887329,0.5382295250892639,0.0010000000474974513
251,0.8176795840263367,0.5758282542228699,0.0010000000474974513
252,0.8066298365592957,0.6020538210868835,0.0010000000474974513
253,0.8314917087554932,0.5335215926170349,0.0010000000474974513
254,0.8425414562225342,0.5183733105659485,0.0010000000474974513
255,0.8453038930892944,0.5271750688552856,0.0010000000474974513
256,0.8370165824890137,0.4992448687553406,0.0010000000474974513
257,0.8149171471595764,0.5645005106925964,0.0010000000474974513
258,0.8508287072181702,0.5326922535896301,0.0010000000474974513
259,0.8480662703514099,0.5061149597167969,0.0010000000474974513
260,0.8342541456222534,0.530033528804779,0.0010000000474974513
261,0.8176795840263367,0.5615209341049194,0.0010000000474974513
262,0.8342541456222534,0.559636652469635,0.0010000000474974513
263,0.8535911440849304,0.530522882938385,0.0010000000474974513
264,0.8259668350219727,0.562368631362915,0.0010000000474974513
265,0.8508287072181702,0.5253406167030334,0.0010000000474974513
266,0.8425414562225342,0.5308331251144409,0.0010000000474974513
267,0.8342541456222534,0.5442984700202942,0.0010000000474974513
268,0.8176795840263367,0.5506018400192261,0.0010000000474974513
269,0.8480662703514099,0.5183821320533752,0.0010000000474974513
270,0.8591160178184509,0.5029770731925964,0.0010000000474974513
271,0.8508287072181702,0.5109426379203796,0.0010000000474974513
272,0.8370165824890137,0.5214550495147705,0.0010000000474974513
273,0.8535911440849304,0.516633152961731,0.0010000000474974513
274,0.8259668350219727,0.5267597436904907,0.0010000000474974513
275,0.8425414562225342,0.5271880626678467,0.0010000000474974513
276,0.8342541456222534,0.5394935607910156,0.0010000000474974513
277,0.8370165824890137,0.50312340259552,0.0010000000474974513
278,0.8425414562225342,0.5340863466262817,0.0010000000474974513
279,0.8232043981552124,0.5070663094520569,0.0010000000474974513
280,0.8287292718887329,0.4988225996494293,0.0010000000474974513
281,0.8397790193557739,0.4902667999267578,0.0010000000474974513
282,0.8480662703514099,0.4805893301963806,0.0010000000474974513
283,0.8756905794143677,0.46986737847328186,0.0010000000474974513
284,0.8425414562225342,0.4866545796394348,0.0010000000474974513
285,0.8480662703514099,0.5292330384254456,0.0010000000474974513
286,0.8370165824890137,0.49245262145996094,0.0010000000474974513
287,0.8591160178184509,0.4843556582927704,0.0010000000474974513
288,0.8535911440849304,0.4736151397228241,0.0010000000474974513
289,0.8370165824890137,0.4937651753425598,0.0010000000474974513
290,0.8425414562225342,0.4843422472476959,0.0010000000474974513
291,0.8618784546852112,0.5045128464698792,0.0010000000474974513
292,0.8397790193557739,0.5000622868537903,0.0010000000474974513
293,0.8508287072181702,0.49633026123046875,0.0010000000474974513
294,0.8535911440849304,0.49316877126693726,0.0010000000474974513
295,0.8314917087554932,0.5273417830467224,0.0010000000474974513
296,0.8480662703514099,0.5039693713188171,0.0010000000474974513
297,0.8674033284187317,0.466734915971756,0.0010000000474974513
298,0.8480662703514099,0.4730928838253021,0.0010000000474974513
299,0.889502763748169,0.45374900102615356,0.0010000000474974513
300,0.8646408915519714,0.47856956720352173,0.0010000000474974513
301,0.8453038930892944,0.47421175241470337,0.0010000000474974513
302,0.8508287072181702,0.49665749073028564,0.0010000000474974513
303,0.8729282021522522,0.45626747608184814,0.0010000000474974513
304,0.8425414562225342,0.4608766734600067,0.0010000000474974513
305,0.8425414562225342,0.45908322930336,0.0010000000474974513
306,0.8756905794143677,0.4545762240886688,0.0010000000474974513
307,0.8674033284187317,0.4759598672389984,0.0010000000474974513
308,0.8453038930892944,0.49450573325157166,0.0010000000474974513
309,0.8618784546852112,0.44759610295295715,0.0010000000474974513
310,0.8591160178184509,0.43507120013237,0.0010000000474974513
311,0.8729282021522522,0.4199700951576233,0.0010000000474974513
312,0.8646408915519714,0.45850127935409546,0.0010000000474974513
313,0.8674033284187317,0.4752575755119324,0.0010000000474974513
314,0.8618784546852112,0.4607445299625397,0.0010000000474974513
315,0.8756905794143677,0.44474169611930847,0.0010000000474974513
316,0.8701657652854919,0.44381675124168396,0.0010000000474974513
317,0.8535911440849304,0.4814260005950928,0.0010000000474974513
318,0.8618784546852112,0.47113141417503357,0.0010000000474974513
319,0.8784530162811279,0.4523661136627197,0.0010000000474974513
320,0.8674033284187317,0.44000083208084106,0.0010000000474974513
321,0.8591160178184509,0.451216459274292,0.0010000000474974513
322,0.8867403268814087,0.4269433319568634,0.0010000000474974513
323,0.8618784546852112,0.44018790125846863,0.0010000000474974513
324,0.8729282021522522,0.4019932746887207,0.0010000000474974513
325,0.8950276374816895,0.41065680980682373,0.0010000000474974513
326,0.8756905794143677,0.46749091148376465,0.0010000000474974513
327,0.8674033284187317,0.411682665348053,0.0010000000474974513
328,0.8674033284187317,0.42621609568595886,0.0010000000474974513
329,0.8812154531478882,0.4032164514064789,0.0010000000474974513
330,0.8508287072181702,0.4557530879974365,0.0010000000474974513
331,0.8729282021522522,0.42432981729507446,0.0010000000474974513
332,0.8867403268814087,0.4364981949329376,0.0010000000474974513
333,0.8784530162811279,0.39713945984840393,0.0010000000474974513
334,0.9060773253440857,0.39918601512908936,0.0010000000474974513
335,0.8784530162811279,0.4089498221874237,0.0010000000474974513
336,0.8922652006149292,0.3996942341327667,0.0010000000474974513
337,0.90055251121521,0.41583865880966187,0.0010000000474974513
338,0.8535911440849304,0.4917660653591156,0.0010000000474974513
339,0.8563535809516907,0.45214393734931946,0.0010000000474974513
340,0.8618784546852112,0.41027697920799255,0.0010000000474974513
341,0.8784530162811279,0.42464932799339294,0.0010000000474974513
342,0.8674033284187317,0.4209257960319519,0.0010000000474974513
343,0.8674033284187317,0.42166078090667725,0.0010000000474974513
344,0.8535911440849304,0.4430752396583557,0.0010000000474974513
345,0.8729282021522522,0.427655428647995,0.0010000000474974513
346,0.90055251121521,0.40235230326652527,0.0010000000474974513
347,0.8867403268814087,0.39542481303215027,0.0010000000474974513
348,0.8314917087554932,0.4456230401992798,0.0010000000474974513
349,0.8480662703514099,0.4553810954093933,0.0010000000474974513
350,0.8784530162811279,0.4205087423324585,0.0010000000474974513
351,0.8812154531478882,0.39203840494155884,0.0010000000474974513
352,0.8591160178184509,0.4170514941215515,0.0010000000474974513
353,0.8950276374816895,0.3999437391757965,0.0010000000474974513
354,0.8701657652854919,0.4178268611431122,0.0010000000474974513
355,0.8812154531478882,0.4357052743434906,0.0010000000474974513
356,0.8701657652854919,0.402022123336792,0.0010000000474974513
357,0.8756905794143677,0.4321117401123047,0.0010000000474974513
358,0.8756905794143677,0.4089014530181885,0.0010000000474974513
359,0.8922652006149292,0.3810828924179077,0.0010000000474974513
360,0.8812154531478882,0.4059339463710785,0.0010000000474974513
361,0.8812154531478882,0.3910984396934509,0.0010000000474974513
362,0.8839778900146484,0.42435920238494873,0.0010000000474974513
363,0.8784530162811279,0.4134042263031006,0.0010000000474974513
364,0.8950276374816895,0.38815972208976746,0.0010000000474974513
365,0.8977900743484497,0.3687615692615509,0.0010000000474974513
366,0.889502763748169,0.38572609424591064,0.0010000000474974513
367,0.8867403268814087,0.38404175639152527,0.0010000000474974513
368,0.8922652006149292,0.38394591212272644,0.0010000000474974513
369,0.9171270728111267,0.38017335534095764,0.0010000000474974513
370,0.90055251121521,0.38466373085975647,0.0010000000474974513
371,0.8784530162811279,0.40625810623168945,0.0010000000474974513
372,0.8950276374816895,0.39221835136413574,0.0010000000474974513
373,0.8922652006149292,0.365874707698822,0.0010000000474974513
374,0.8812154531478882,0.3740599453449249,0.0010000000474974513
375,0.8729282021522522,0.3918861746788025,0.0010000000474974513
376,0.908839762210846,0.35997965931892395,0.0010000000474974513
377,0.8922652006149292,0.3710334300994873,0.0010000000474974513
378,0.8674033284187317,0.41511985659599304,0.0010000000474974513
379,0.9060773253440857,0.35539305210113525,0.0010000000474974513
380,0.9033148884773254,0.35387542843818665,0.0010000000474974513
381,0.8867403268814087,0.3620792627334595,0.0010000000474974513
382,0.8701657652854919,0.4169152081012726,0.0010000000474974513
383,0.8867403268814087,0.3645106256008148,0.0010000000474974513
384,0.8977900743484497,0.3614533543586731,0.0010000000474974513
385,0.9060773253440857,0.3557240962982178,0.0010000000474974513
386,0.8701657652854919,0.3870578706264496,0.0010000000474974513
387,0.9171270728111267,0.3597424626350403,0.0010000000474974513
388,0.8867403268814087,0.3613091707229614,0.0010000000474974513
389,0.8839778900146484,0.3521168529987335,0.0010000000474974513
390,0.9060773253440857,0.3461819291114807,0.0010000000474974513
391,0.8812154531478882,0.38363921642303467,0.0010000000474974513
392,0.8867403268814087,0.36423438787460327,0.0010000000474974513
393,0.908839762210846,0.3409196436405182,0.0010000000474974513
394,0.8950276374816895,0.36328667402267456,0.0010000000474974513
395,0.8867403268814087,0.3720220923423767,0.0010000000474974513
396,0.8922652006149292,0.3353695869445801,0.0010000000474974513
397,0.908839762210846,0.34989050030708313,0.0010000000474974513
398,0.9060773253440857,0.3208720088005066,0.0010000000474974513
399,0.8867403268814087,0.35896435379981995,0.0010000000474974513
400,0.9060773253440857,0.3359028995037079,0.0010000000474974513
401,0.8784530162811279,0.385394811630249,0.0010000000474974513
402,0.90055251121521,0.3433547019958496,0.0010000000474974513
403,0.889502763748169,0.34229224920272827,0.0010000000474974513
404,0.908839762210846,0.3300447463989258,0.0010000000474974513
405,0.90055251121521,0.35241079330444336,0.0010000000474974513
406,0.889502763748169,0.399890661239624,0.0010000000474974513
407,0.90055251121521,0.348710298538208,0.0010000000474974513
408,0.908839762210846,0.3250175416469574,0.0010000000474974513
409,0.8784530162811279,0.35697638988494873,0.0010000000474974513
410,0.889502763748169,0.35809317231178284,0.0010000000474974513
411,0.9116021990776062,0.3337586224079132,0.0010000000474974513
412,0.9143646359443665,0.3266049027442932,0.0010000000474974513
413,0.9171270728111267,0.32705244421958923,0.0010000000474974513
414,0.908839762210846,0.3386504352092743,0.0010000000474974513
415,0.8922652006149292,0.3319118618965149,0.0010000000474974513
416,0.8922652006149292,0.357661634683609,0.0010000000474974513
417,0.9060773253440857,0.3416735529899597,0.0010000000474974513
418,0.9226519465446472,0.3225186765193939,0.0010000000474974513
419,0.8977900743484497,0.3417028486728668,0.0010000000474974513
420,0.889502763748169,0.3386337459087372,0.0010000000474974513
421,0.8922652006149292,0.349677175283432,0.0010000000474974513
422,0.9116021990776062,0.32439911365509033,0.0010000000474974513
423,0.908839762210846,0.33288174867630005,0.0010000000474974513
424,0.9226519465446472,0.3145639896392822,0.0010000000474974513
425,0.8950276374816895,0.3226916790008545,0.0010000000474974513
426,0.9060773253440857,0.3210643529891968,0.0010000000474974513
427,0.889502763748169,0.3629623055458069,0.0010000000474974513
428,0.9060773253440857,0.3529202938079834,0.0010000000474974513
429,0.9226519465446472,0.3018535077571869,0.0010000000474974513
430,0.9171270728111267,0.29863086342811584,0.0010000000474974513
431,0.9254143834114075,0.30667686462402344,0.0010000000474974513
432,0.8977900743484497,0.3418884873390198,0.0010000000474974513
433,0.9116021990776062,0.31724271178245544,0.0010000000474974513
434,0.9281768202781677,0.28640952706336975,0.0010000000474974513
435,0.9116021990776062,0.32148846983909607,0.0010000000474974513
436,0.9171270728111267,0.30826422572135925,0.0010000000474974513
437,0.9143646359443665,0.3131611943244934,0.0010000000474974513
438,0.9060773253440857,0.3158802390098572,0.0010000000474974513
439,0.908839762210846,0.33497825264930725,0.0010000000474974513
440,0.8950276374816895,0.3313634991645813,0.0010000000474974513
441,0.9171270728111267,0.31816959381103516,0.0010000000474974513
442,0.9143646359443665,0.34804707765579224,0.0010000000474974513
443,0.90055251121521,0.32677513360977173,0.0010000000474974513
444,0.9171270728111267,0.3108394145965576,0.0010000000474974513
445,0.9033148884773254,0.3223084509372711,0.0010000000474974513
446,0.9033148884773254,0.3104712665081024,0.0010000000474974513
447,0.9060773253440857,0.3074159324169159,0.0010000000474974513
448,0.9143646359443665,0.30407947301864624,0.0010000000474974513
449,0.8977900743484497,0.31583982706069946,0.0010000000474974513
450,0.939226508140564,0.28649774193763733,0.0010000000474974513
451,0.9254143834114075,0.2811222970485687,0.0010000000474974513
452,0.9143646359443665,0.28625887632369995,0.0010000000474974513
453,0.9060773253440857,0.30988597869873047,0.0010000000474974513
454,0.9171270728111267,0.30714839696884155,0.0010000000474974513
455,0.9309391975402832,0.2818211019039154,0.0010000000474974513
456,0.9171270728111267,0.3114912211894989,0.0010000000474974513
457,0.9254143834114075,0.2973059415817261,0.0010000000474974513
458,0.9171270728111267,0.28450286388397217,0.0010000000474974513
459,0.9281768202781677,0.28001469373703003,0.0010000000474974513
460,0.908839762210846,0.28990986943244934,0.0010000000474974513
461,0.9171270728111267,0.29284143447875977,0.0010000000474974513
462,0.9116021990776062,0.30416339635849,0.0010000000474974513
463,0.889502763748169,0.3299059271812439,0.0010000000474974513
464,0.9143646359443665,0.3073776960372925,0.0010000000474974513
465,0.9171270728111267,0.30198413133621216,0.0010000000474974513
466,0.9033148884773254,0.3032410442829132,0.0010000000474974513
467,0.8977900743484497,0.34578803181648254,0.0010000000474974513
468,0.908839762210846,0.30562740564346313,0.0010000000474974513
469,0.9033148884773254,0.32053306698799133,0.0010000000474974513
470,0.8701657652854919,0.34906303882598877,0.0010000000474974513
471,0.9060773253440857,0.30191364884376526,0.0010000000474974513
472,0.9143646359443665,0.2700101137161255,0.0010000000474974513
473,0.9143646359443665,0.296947717666626,0.0010000000474974513
474,0.9143646359443665,0.30293408036231995,0.0010000000474974513
475,0.9226519465446472,0.29694923758506775,0.0010000000474974513
476,0.9060773253440857,0.318071186542511,0.0010000000474974513
477,0.9143646359443665,0.2991931438446045,0.0010000000474974513
478,0.9060773253440857,0.3011437654495239,0.0010000000474974513
479,0.9254143834114075,0.2867372930049896,0.0010000000474974513
480,0.939226508140564,0.2611142694950104,0.0010000000474974513
481,0.9281768202781677,0.27196669578552246,0.0010000000474974513
482,0.9171270728111267,0.2850360870361328,0.0010000000474974513
483,0.9281768202781677,0.2690865397453308,0.0010000000474974513
484,0.9364640712738037,0.2543419301509857,0.0010000000474974513
485,0.9419889450073242,0.2528756558895111,0.0010000000474974513
486,0.8922652006149292,0.32370078563690186,0.0010000000474974513
487,0.889502763748169,0.31180545687675476,0.0010000000474974513
488,0.919889509677887,0.2916688323020935,0.0010000000474974513
489,0.9281768202781677,0.26199647784233093,0.0010000000474974513
490,0.9254143834114075,0.263642817735672,0.0010000000474974513
491,0.9143646359443665,0.27897676825523376,0.0010000000474974513
492,0.919889509677887,0.2680095136165619,0.0010000000474974513
493,0.9226519465446472,0.28621259331703186,0.0010000000474974513
494,0.9171270728111267,0.2742295563220978,0.0010000000474974513
495,0.9226519465446472,0.2638285756111145,0.0010000000474974513
496,0.9116021990776062,0.2916410565376282,0.0010000000474974513
497,0.9116021990776062,0.290149062871933,0.0010000000474974513
498,0.9254143834114075,0.2915663421154022,0.0010000000474974513
499,0.9364640712738037,0.27023881673812866,0.0010000000474974513
500,0.9143646359443665,0.2789134383201599,0.0010000000474974513
501,0.9281768202781677,0.2699063718318939,0.0010000000474974513
502,0.9447513818740845,0.2503434717655182,0.0010000000474974513
503,0.9226519465446472,0.2645949423313141,0.0010000000474974513
504,0.9171270728111267,0.32206830382347107,0.0010000000474974513
505,0.9226519465446472,0.28500795364379883,0.0010000000474974513
506,0.9171270728111267,0.27782922983169556,0.0010000000474974513
507,0.9337016344070435,0.2617153227329254,0.0010000000474974513
508,0.919889509677887,0.2939490079879761,0.0010000000474974513
509,0.8839778900146484,0.3170294761657715,0.0010000000474974513
510,0.9143646359443665,0.28294166922569275,0.0010000000474974513
511,0.9309391975402832,0.2727811932563782,0.0010000000474974513
512,0.9116021990776062,0.265703409910202,0.0010000000474974513
513,0.9309391975402832,0.2644984722137451,0.0010000000474974513
514,0.919889509677887,0.26887595653533936,0.0010000000474974513
515,0.919889509677887,0.267426997423172,0.0010000000474974513
516,0.9281768202781677,0.26800966262817383,0.0010000000474974513
517,0.9171270728111267,0.24729923903942108,0.0010000000474974513
518,0.9337016344070435,0.2612926959991455,0.0010000000474974513
519,0.9309391975402832,0.2586154341697693,0.0010000000474974513
520,0.9281768202781677,0.2701289653778076,0.0010000000474974513
521,0.9226519465446472,0.2677896320819855,0.0010000000474974513
522,0.9226519465446472,0.26990100741386414,0.0010000000474974513
523,0.9281768202781677,0.2504323124885559,0.0010000000474974513
524,0.9447513818740845,0.23076465725898743,0.0010000000474974513
525,0.9254143834114075,0.25547367334365845,0.0010000000474974513
526,0.9364640712738037,0.2462586909532547,0.0010000000474974513
527,0.908839762210846,0.32042160630226135,0.0010000000474974513
528,0.9337016344070435,0.2480904757976532,0.0010000000474974513
529,0.9364640712738037,0.24146459996700287,0.0010000000474974513
530,0.9558011293411255,0.2130577117204666,0.0010000000474974513
531,0.9447513818740845,0.2311740666627884,0.0010000000474974513
532,0.9419889450073242,0.23486825823783875,0.0010000000474974513
533,0.9309391975402832,0.25378793478012085,0.0010000000474974513
534,0.9226519465446472,0.2629445493221283,0.0010000000474974513
535,0.9281768202781677,0.2736511528491974,0.0010000000474974513
536,0.919889509677887,0.2557171583175659,0.0010000000474974513
537,0.9447513818740845,0.23592044413089752,0.0010000000474974513
538,0.9337016344070435,0.24055850505828857,0.0010000000474974513
539,0.950276255607605,0.23745016753673553,0.0010000000474974513
540,0.9281768202781677,0.2428494095802307,0.0010000000474974513
541,0.9143646359443665,0.2785181403160095,0.0010000000474974513
542,0.889502763748169,0.2768160104751587,0.0010000000474974513
543,0.9226519465446472,0.2744816243648529,0.0010000000474974513
544,0.9337016344070435,0.27294960618019104,0.0010000000474974513
545,0.9281768202781677,0.25169482827186584,0.0010000000474974513
546,0.9254143834114075,0.25573790073394775,0.0010000000474974513
547,0.9364640712738037,0.24594557285308838,0.0010000000474974513
548,0.9309391975402832,0.24376191198825836,0.0010000000474974513
549,0.9254143834114075,0.2832601070404053,0.0010000000474974513
550,0.9447513818740845,0.2545875012874603,0.0010000000474974513
551,0.9281768202781677,0.24510563910007477,0.0010000000474974513
552,0.919889509677887,0.2503109276294708,0.0010000000474974513
553,0.9281768202781677,0.2528924345970154,0.0010000000474974513
554,0.9281768202781677,0.24829238653182983,0.0010000000474974513
555,0.9309391975402832,0.24030539393424988,0.0010000000474974513
556,0.9337016344070435,0.2718774378299713,0.0010000000474974513
557,0.908839762210846,0.2681512236595154,0.0010000000474974513
558,0.9143646359443665,0.28748592734336853,0.0010000000474974513
559,0.9337016344070435,0.2541063129901886,0.0010000000474974513
560,0.9419889450073242,0.22045116126537323,0.0010000000474974513
561,0.9558011293411255,0.19904804229736328,0.0010000000474974513
562,0.9337016344070435,0.22773350775241852,0.0010000000474974513
563,0.9447513818740845,0.2193138599395752,0.0010000000474974513
564,0.9530386924743652,0.22177022695541382,0.0010000000474974513
565,0.9419889450073242,0.2180819809436798,0.0010000000474974513
566,0.9364640712738037,0.22155624628067017,0.0010000000474974513
567,0.9475138187408447,0.2141806036233902,0.0010000000474974513
568,0.939226508140564,0.22968541085720062,0.0010000000474974513
569,0.9337016344070435,0.21734347939491272,0.0010000000474974513
570,0.9143646359443665,0.24463725090026855,0.0010000000474974513
571,0.9337016344070435,0.22962622344493866,0.0010000000474974513
572,0.950276255607605,0.19856718182563782,0.0010000000474974513
573,0.9419889450073242,0.21812821924686432,0.0010000000474974513
574,0.9364640712738037,0.23690882325172424,0.0010000000474974513
575,0.9254143834114075,0.2322317361831665,0.0010000000474974513
576,0.939226508140564,0.22569146752357483,0.0010000000474974513
577,0.9530386924743652,0.2247149497270584,0.0010000000474974513
578,0.958563506603241,0.2075294852256775,0.0010000000474974513
579,0.9171270728111267,0.23759670555591583,0.0010000000474974513
580,0.9419889450073242,0.2275496870279312,0.0010000000474974513
581,0.9364640712738037,0.21390970051288605,0.0010000000474974513
582,0.950276255607605,0.22371427714824677,0.0010000000474974513
583,0.9558011293411255,0.23116041719913483,0.0010000000474974513
584,0.9337016344070435,0.21987596154212952,0.0010000000474974513
585,0.9226519465446472,0.22806309163570404,0.0010000000474974513
586,0.9419889450073242,0.20782840251922607,0.0010000000474974513
587,0.958563506603241,0.20371849834918976,0.0010000000474974513
588,0.9475138187408447,0.2027835100889206,0.0010000000474974513
589,0.9364640712738037,0.22139973938465118,0.0010000000474974513
590,0.9171270728111267,0.24754266440868378,0.0010000000474974513
591,0.9309391975402832,0.22365352511405945,0.0010000000474974513
592,0.9364640712738037,0.23240238428115845,0.0010000000474974513
593,0.9337016344070435,0.24896545708179474,0.0010000000474974513
594,0.9309391975402832,0.2530968487262726,0.0010000000474974513
595,0.939226508140564,0.2304513156414032,0.0010000000474974513
596,0.939226508140564,0.22972823679447174,0.0010000000474974513
597,0.9226519465446472,0.2518947124481201,0.0010000000474974513
598,0.950276255607605,0.21255715191364288,0.0010000000474974513
599,0.9530386924743652,0.2108781784772873,0.0010000000474974513
600,0.9447513818740845,0.20921869575977325,0.0010000000474974513
601,0.9475138187408447,0.18488402664661407,0.0010000000474974513
602,0.9640883803367615,0.18972045183181763,0.0010000000474974513
603,0.939226508140564,0.21181070804595947,0.0010000000474974513
604,0.950276255607605,0.19676926732063293,0.0010000000474974513
605,0.9364640712738037,0.20349623262882233,0.0010000000474974513
606,0.9309391975402832,0.20243147015571594,0.0010000000474974513
607,0.9254143834114075,0.2503770887851715,0.0010000000474974513
608,0.919889509677887,0.2673603594303131,0.0010000000474974513
609,0.9337016344070435,0.24423536658287048,0.0010000000474974513
610,0.9613259434700012,0.1982305496931076,0.0010000000474974513
611,0.9530386924743652,0.21021679043769836,0.0010000000474974513
612,0.9558011293411255,0.18524321913719177,0.0010000000474974513
613,0.9419889450073242,0.21735936403274536,0.0010000000474974513
614,0.9281768202781677,0.24512340128421783,0.0010000000474974513
615,0.9226519465446472,0.25139614939689636,0.0010000000474974513
616,0.9281768202781677,0.24940817058086395,0.0010000000474974513
617,0.9226519465446472,0.2241075485944748,0.0010000000474974513
618,0.9419889450073242,0.21021240949630737,0.0010000000474974513
619,0.9475138187408447,0.19634242355823517,0.0010000000474974513
620,0.9530386924743652,0.20791269838809967,0.0010000000474974513
621,0.9475138187408447,0.22814244031906128,0.0010000000474974513
622,0.9364640712738037,0.23508329689502716,0.0010000000474974513
623,0.9226519465446472,0.24249736964702606,0.0010000000474974513
624,0.9558011293411255,0.19083271920681,0.0010000000474974513
625,0.958563506603241,0.1765642762184143,0.0010000000474974513
626,0.950276255607605,0.1813887506723404,0.0010000000474974513
627,0.9364640712738037,0.21273420751094818,0.0010000000474974513
628,0.9419889450073242,0.2148204892873764,0.0010000000474974513
629,0.9475138187408447,0.19343110918998718,0.0010000000474974513
630,0.9309391975402832,0.2259228676557541,0.0010000000474974513
631,0.939226508140564,0.20901624858379364,0.0010000000474974513
632,0.9475138187408447,0.1990930587053299,0.0010000000474974513
633,0.9640883803367615,0.18948949873447418,0.0010000000474974513
634,0.9475138187408447,0.16432002186775208,0.0010000000474974513
635,0.9613259434700012,0.17557518184185028,0.0010000000474974513
636,0.9419889450073242,0.21229791641235352,0.0010000000474974513
637,0.9364640712738037,0.21589525043964386,0.0010000000474974513
638,0.9364640712738037,0.20855087041854858,0.0010000000474974513
639,0.9419889450073242,0.20813415944576263,0.0010000000474974513
640,0.939226508140564,0.2297896146774292,0.0010000000474974513
641,0.9337016344070435,0.2126566469669342,0.0010000000474974513
642,0.9530386924743652,0.18639379739761353,0.0010000000474974513
643,0.9475138187408447,0.1874874234199524,0.0010000000474974513
644,0.9558011293411255,0.18778641521930695,0.0010000000474974513
645,0.9254143834114075,0.21459217369556427,0.0010000000474974513
646,0.9530386924743652,0.1876804530620575,0.0010000000474974513
647,0.9364640712738037,0.20085343718528748,0.0010000000474974513
648,0.9475138187408447,0.20022283494472504,0.0010000000474974513
649,0.9530386924743652,0.1828480064868927,0.0010000000474974513
650,0.9613259434700012,0.1858467012643814,0.0010000000474974513
651,0.9281768202781677,0.202680766582489,0.0010000000474974513
652,0.939226508140564,0.18706297874450684,0.0010000000474974513
653,0.9447513818740845,0.20679965615272522,0.0010000000474974513
654,0.9281768202781677,0.2229624092578888,0.0010000000474974513
655,0.9337016344070435,0.2149607390165329,0.0010000000474974513
656,0.958563506603241,0.1808050125837326,0.0010000000474974513
657,0.9309391975402832,0.20542359352111816,0.0010000000474974513
658,0.9558011293411255,0.18288804590702057,0.0010000000474974513
659,0.9447513818740845,0.20386728644371033,0.0010000000474974513
660,0.9419889450073242,0.21904422342777252,0.0010000000474974513
661,0.9530386924743652,0.18781879544258118,0.0010000000474974513
662,0.9613259434700012,0.18711347877979279,0.0010000000474974513
663,0.950276255607605,0.16712813079357147,0.0010000000474974513
664,0.950276255607605,0.1709970086812973,0.0010000000474974513
665,0.9530386924743652,0.18290619552135468,0.0010000000474974513
666,0.9419889450073242,0.21195556223392487,0.0010000000474974513
667,0.9337016344070435,0.22346632182598114,0.0010000000474974513
668,0.9530386924743652,0.2020244002342224,0.0010000000474974513
669,0.958563506603241,0.17956644296646118,0.0010000000474974513
670,0.939226508140564,0.1992092728614807,0.0010000000474974513
671,0.9419889450073242,0.19484221935272217,0.0010000000474974513
672,0.9364640712738037,0.20490720868110657,0.0010000000474974513
673,0.9558011293411255,0.17899522185325623,0.0010000000474974513
674,0.9475138187408447,0.21575073897838593,0.0010000000474974513
675,0.9475138187408447,0.18533773720264435,0.0010000000474974513
676,0.9475138187408447,0.18114416301250458,0.0010000000474974513
677,0.950276255607605,0.17346584796905518,0.0010000000474974513
678,0.9419889450073242,0.1957537829875946,0.0010000000474974513
679,0.9337016344070435,0.21478363871574402,0.0010000000474974513
680,0.9640883803367615,0.1837148517370224,0.0010000000474974513
681,0.9558011293411255,0.17319904267787933,0.0010000000474974513
682,0.9668508172035217,0.15297380089759827,0.0010000000474974513
683,0.9530386924743652,0.16864897310733795,0.0010000000474974513
684,0.9668508172035217,0.1557423323392868,0.0010000000474974513
685,0.958563506603241,0.15721921622753143,0.0010000000474974513
686,0.9475138187408447,0.17223098874092102,0.0010000000474974513
687,0.9613259434700012,0.16754662990570068,0.0010000000474974513
688,0.9364640712738037,0.17484454810619354,0.0010000000474974513
689,0.9668508172035217,0.1468154489994049,0.0010000000474974513
690,0.958563506603241,0.17077139019966125,0.0010000000474974513
691,0.958563506603241,0.17781424522399902,0.0010000000474974513
692,0.9419889450073242,0.17900121212005615,0.0010000000474974513
693,0.9668508172035217,0.18454845249652863,0.0010000000474974513
694,0.9419889450073242,0.1769750863313675,0.0010000000474974513
695,0.9668508172035217,0.14957362413406372,0.0010000000474974513
696,0.9419889450073242,0.18002140522003174,0.0010000000474974513
697,0.9475138187408447,0.16313524544239044,0.0010000000474974513
698,0.9309391975402832,0.1987813264131546,0.0010000000474974513
699,0.9447513818740845,0.19779860973358154,0.0010000000474974513
700,0.9309391975402832,0.20781688392162323,0.0010000000474974513
701,0.939226508140564,0.196797177195549,0.0010000000474974513
702,0.9558011293411255,0.18516676127910614,0.0010000000474974513
703,0.9613259434700012,0.15864823758602142,0.0010000000474974513
704,0.9281768202781677,0.2194155901670456,0.0010000000474974513
705,0.939226508140564,0.18690288066864014,0.0010000000474974513
706,0.9640883803367615,0.17718280851840973,0.0010000000474974513
707,0.9281768202781677,0.20023751258850098,0.0010000000474974513
708,0.9226519465446472,0.21693332493305206,0.0010000000474974513
709,0.950276255607605,0.1857784539461136,0.0010000000474974513
710,0.9530386924743652,0.2019433230161667,0.0010000000474974513
711,0.939226508140564,0.2037188708782196,0.0010000000474974513
712,0.958563506603241,0.1696874350309372,0.0010000000474974513
713,0.9447513818740845,0.1744590550661087,0.0010000000474974513
714,0.9530386924743652,0.18779461085796356,0.0010000000474974513
715,0.958563506603241,0.1738746464252472,0.0010000000474974513
716,0.9447513818740845,0.17509418725967407,0.0010000000474974513
717,0.9723756909370422,0.1390351951122284,0.0010000000474974513
718,0.9640883803367615,0.1609455645084381,0.0010000000474974513
719,0.9475138187408447,0.16100206971168518,0.0010000000474974513
720,0.950276255607605,0.18193918466567993,0.0010000000474974513
721,0.9254143834114075,0.2141013741493225,0.0010000000474974513
722,0.9558011293411255,0.16060477495193481,0.0010000000474974513
723,0.958563506603241,0.16286292672157288,0.0010000000474974513
724,0.9475138187408447,0.18797333538532257,0.0010000000474974513
725,0.969613254070282,0.1370316743850708,0.0010000000474974513
726,0.9640883803367615,0.14309698343276978,0.0010000000474974513
727,0.9613259434700012,0.14623573422431946,0.0010000000474974513
728,0.958563506603241,0.14726419746875763,0.0010000000474974513
729,0.9475138187408447,0.17369180917739868,0.0010000000474974513
730,0.9668508172035217,0.15293356776237488,0.0010000000474974513
731,0.9640883803367615,0.15599097311496735,0.0010000000474974513
732,0.9558011293411255,0.1664150506258011,0.0010000000474974513
733,0.9558011293411255,0.16236265003681183,0.0010000000474974513
734,0.9668508172035217,0.14501716196537018,0.0010000000474974513
735,0.958563506603241,0.169784277677536,0.0010000000474974513
736,0.9613259434700012,0.1648576557636261,0.0010000000474974513
737,0.939226508140564,0.21029344201087952,0.0010000000474974513
738,0.9337016344070435,0.2126350849866867,0.0010000000474974513
739,0.9364640712738037,0.19011326134204865,0.0010000000474974513
740,0.9364640712738037,0.17273840308189392,0.0010000000474974513
741,0.958563506603241,0.1494104415178299,0.0010000000474974513
742,0.9530386924743652,0.14523154497146606,0.0010000000474974513
743,0.9475138187408447,0.16935522854328156,0.0010000000474974513
744,0.969613254070282,0.16483917832374573,0.0010000000474974513
745,0.9640883803367615,0.15427714586257935,0.0010000000474974513
746,0.958563506603241,0.14996841549873352,0.0010000000474974513
747,0.9558011293411255,0.15881814062595367,0.0010000000474974513
748,0.969613254070282,0.14284726977348328,0.0010000000474974513
749,0.9751381278038025,0.119456447660923,0.0010000000474974513
750,0.9447513818740845,0.15225207805633545,0.0010000000474974513
751,0.9475138187408447,0.17664532363414764,0.0010000000474974513
752,0.9668508172035217,0.16348037123680115,0.0010000000474974513
753,0.9530386924743652,0.17074069380760193,0.0010000000474974513
754,0.969613254070282,0.14829297363758087,0.0010000000474974513
755,0.958563506603241,0.15080143511295319,0.0010000000474974513
756,0.9640883803367615,0.14398445188999176,0.0010000000474974513
757,0.9723756909370422,0.13633745908737183,0.0010000000474974513
758,0.9751381278038025,0.14269426465034485,0.0010000000474974513
759,0.9640883803367615,0.13965024054050446,0.0010000000474974513
760,0.9530386924743652,0.15386152267456055,0.0010000000474974513
761,0.969613254070282,0.13865429162979126,0.0010000000474974513
762,0.958563506603241,0.1613234579563141,0.0010000000474974513
763,0.939226508140564,0.1590542495250702,0.0010000000474974513
764,0.9419889450073242,0.18220551311969757,0.0010000000474974513
765,0.9364640712738037,0.20857293903827667,0.0010000000474974513
766,0.9364640712738037,0.20603281259536743,0.0010000000474974513
767,0.9364640712738037,0.1935311257839203,0.0010000000474974513
768,0.9558011293411255,0.14549361169338226,0.0010000000474974513
769,0.950276255607605,0.17397864162921906,0.0010000000474974513
770,0.950276255607605,0.15742522478103638,0.0010000000474974513
771,0.958563506603241,0.1632707118988037,0.0010000000474974513
772,0.969613254070282,0.13556529581546783,0.0010000000474974513
773,0.9723756909370422,0.13088631629943848,0.0010000000474974513
774,0.9751381278038025,0.1331256777048111,0.0010000000474974513
775,0.9558011293411255,0.1393209546804428,0.0010000000474974513
776,0.9475138187408447,0.15697303414344788,0.0010000000474974513
777,0.9668508172035217,0.13678956031799316,0.0010000000474974513
778,0.9558011293411255,0.1605975180864334,0.0010000000474974513
779,0.9530386924743652,0.15764904022216797,0.0010000000474974513
780,0.9143646359443665,0.2309248000383377,0.0010000000474974513
781,0.969613254070282,0.14050360023975372,0.0010000000474974513
782,0.9613259434700012,0.14030508697032928,0.0010000000474974513
783,0.9530386924743652,0.1409359723329544,0.0010000000474974513
784,0.9640883803367615,0.1492971032857895,0.0010000000474974513
785,0.9723756909370422,0.12433423846960068,0.0010000000474974513
786,0.9779005646705627,0.13112175464630127,0.0010000000474974513
787,0.9723756909370422,0.12982700765132904,0.0010000000474974513
788,0.950276255607605,0.19098901748657227,0.0010000000474974513
789,0.9309391975402832,0.20676666498184204,0.0010000000474974513
790,0.9419889450073242,0.18990594148635864,0.0010000000474974513
791,0.9558011293411255,0.15482600033283234,0.0010000000474974513
792,0.9309391975402832,0.20333735644817352,0.0010000000474974513
793,0.9668508172035217,0.15282385051250458,0.0010000000474974513
794,0.969613254070282,0.14302633702754974,0.0010000000474974513
795,0.9668508172035217,0.13791902363300323,0.0010000000474974513
796,0.9475138187408447,0.15405400097370148,0.0010000000474974513
797,0.9613259434700012,0.13918502628803253,0.0010000000474974513
798,0.9723756909370422,0.13384906947612762,0.0010000000474974513
799,0.9723756909370422,0.13139480352401733,0.0010000000474974513
800,0.9668508172035217,0.10883280634880066,0.0005000000237487257
801,0.9861878156661987,0.08153669536113739,0.0005000000237487257
802,0.9861878156661987,0.09596690535545349,0.0005000000237487257
803,0.9861878156661987,0.08539644628763199,0.0005000000237487257
804,0.980663001537323,0.09222875535488129,0.0005000000237487257
805,0.9834254384040833,0.09236124157905579,0.0005000000237487257
806,0.988950252532959,0.08663274347782135,0.0005000000237487257
807,0.9917126893997192,0.07423775643110275,0.0005000000237487257
808,0.9834254384040833,0.08893972635269165,0.0005000000237487257
809,0.9779005646705627,0.10195590555667877,0.0005000000237487257
810,0.980663001537323,0.09655677527189255,0.0005000000237487257
811,0.9917126893997192,0.08140251785516739,0.0005000000237487257
812,0.980663001537323,0.08913591504096985,0.0005000000237487257
813,0.988950252532959,0.08467592298984528,0.0005000000237487257
814,0.9917126893997192,0.07844171673059464,0.0005000000237487257
815,0.9917126893997192,0.09946006536483765,0.0005000000237487257
816,0.9834254384040833,0.0849122479557991,0.0005000000237487257
817,0.980663001537323,0.10266385227441788,0.0005000000237487257
818,0.9834254384040833,0.0966532975435257,0.0005000000237487257
819,0.9834254384040833,0.09856289625167847,0.0005000000237487257
820,0.9751381278038025,0.1024504005908966,0.0005000000237487257
821,0.9861878156661987,0.09204372018575668,0.0005000000237487257
822,0.980663001537323,0.08812515437602997,0.0005000000237487257
823,0.9917126893997192,0.08325162529945374,0.0005000000237487257
824,0.988950252532959,0.08453954756259918,0.0005000000237487257
825,0.9834254384040833,0.08932678401470184,0.0005000000237487257
826,0.9834254384040833,0.08198057115077972,0.0005000000237487257
827,0.9779005646705627,0.09338078647851944,0.0005000000237487257
828,0.988950252532959,0.07572077214717865,0.0005000000237487257
829,0.9834254384040833,0.08794840425252914,0.0005000000237487257
830,0.9834254384040833,0.08681100606918335,0.0005000000237487257
831,0.9944751262664795,0.07465810328722,0.0005000000237487257
832,0.9944751262664795,0.07576879858970642,0.0005000000237487257
833,0.9861878156661987,0.08147338032722473,0.0005000000237487257
834,0.980663001537323,0.08541177213191986,0.0005000000237487257
835,0.9834254384040833,0.08578624576330185,0.0005000000237487257
836,0.9861878156661987,0.08698740601539612,0.0005000000237487257
837,0.9861878156661987,0.09431394189596176,0.0005000000237487257
838,0.9779005646705627,0.08971241861581802,0.0005000000237487257
839,0.988950252532959,0.0831427201628685,0.0005000000237487257
840,0.9668508172035217,0.10565164685249329,0.0005000000237487257
841,0.9668508172035217,0.12116088718175888,0.0005000000237487257
842,0.988950252532959,0.08436249196529388,0.0005000000237487257
843,0.988950252532959,0.0907076969742775,0.0005000000237487257
844,0.9972375631332397,0.07172438502311707,0.0005000000237487257
845,0.9751381278038025,0.10705166310071945,0.0005000000237487257
846,0.9779005646705627,0.09329137951135635,0.0005000000237487257
847,0.969613254070282,0.108806312084198,0.0005000000237487257
848,0.980663001537323,0.1085483729839325,0.0005000000237487257
849,0.9917126893997192,0.09065262228250504,0.0005000000237487257
850,0.988950252532959,0.08301708102226257,0.0005000000237487257
851,0.9779005646705627,0.10017900913953781,0.0005000000237487257
852,0.9944751262664795,0.082862988114357,0.0005000000237487257
853,0.9861878156661987,0.08711210638284683,0.0005000000237487257
854,0.9779005646705627,0.10710054636001587,0.0005000000237487257
855,0.9779005646705627,0.0915568619966507,0.0005000000237487257
856,0.9723756909370422,0.09296862781047821,0.0005000000237487257
857,0.980663001537323,0.08700520545244217,0.0005000000237487257
858,0.9668508172035217,0.09975871443748474,0.0005000000237487257
859,0.9861878156661987,0.08096623420715332,0.0005000000237487257
860,0.9917126893997192,0.07749582827091217,0.0005000000237487257
861,0.980663001537323,0.08560482412576675,0.0005000000237487257
862,0.988950252532959,0.07337536662817001,0.0005000000237487257
863,0.988950252532959,0.07267748564481735,0.0005000000237487257
864,0.9834254384040833,0.08879929035902023,0.0005000000237487257
865,0.9972375631332397,0.0803058072924614,0.0005000000237487257
866,0.9917126893997192,0.07200415432453156,0.0005000000237487257
867,0.9917126893997192,0.074776791036129,0.0005000000237487257
868,0.9834254384040833,0.08065003901720047,0.0005000000237487257
869,0.9751381278038025,0.09254061430692673,0.0005000000237487257
870,0.9834254384040833,0.10055264830589294,0.0005000000237487257
871,0.9861878156661987,0.08240800350904465,0.0005000000237487257
872,0.980663001537323,0.07819926738739014,0.0005000000237487257
873,0.9944751262664795,0.07592423260211945,0.0005000000237487257
874,0.9972375631332397,0.06816402822732925,0.0005000000237487257
875,0.9779005646705627,0.0798981785774231,0.0005000000237487257
876,0.988950252532959,0.07239308953285217,0.0005000000237487257
877,0.9779005646705627,0.09234832972288132,0.0005000000237487257
878,0.9917126893997192,0.0765511766076088,0.0005000000237487257
879,0.988950252532959,0.07558192312717438,0.0005000000237487257
880,0.9861878156661987,0.08017486333847046,0.0005000000237487257
881,0.9944751262664795,0.06302361190319061,0.0005000000237487257
882,0.9779005646705627,0.09653828293085098,0.0005000000237487257
883,0.9861878156661987,0.07869654893875122,0.0005000000237487257
884,0.9944751262664795,0.0687154084444046,0.0005000000237487257
885,0.9917126893997192,0.07923994213342667,0.0005000000237487257
886,0.9834254384040833,0.08065960556268692,0.0005000000237487257
887,0.9834254384040833,0.08002576231956482,0.0005000000237487257
888,0.9917126893997192,0.06936099380254745,0.0005000000237487257
889,0.9861878156661987,0.07480523735284805,0.0005000000237487257
890,0.9944751262664795,0.07305342704057693,0.0005000000237487257
891,0.980663001537323,0.08355460315942764,0.0005000000237487257
892,1.0,0.06633146107196808,0.0005000000237487257
893,1.0,0.0681239664554596,0.0005000000237487257
894,0.980663001537323,0.07315577566623688,0.0005000000237487257
895,0.9751381278038025,0.08392222970724106,0.0005000000237487257
896,0.9751381278038025,0.09468689560890198,0.0005000000237487257
897,0.9834254384040833,0.08582562953233719,0.0005000000237487257
898,0.9723756909370422,0.10231637954711914,0.0005000000237487257
899,0.980663001537323,0.08877851068973541,0.0005000000237487257
900,0.9779005646705627,0.09315560013055801,0.0005000000237487257
901,0.9834254384040833,0.09689986705780029,0.0005000000237487257
902,0.9834254384040833,0.0891006663441658,0.0005000000237487257
903,0.9861878156661987,0.07770594954490662,0.0005000000237487257
904,0.9861878156661987,0.08402187377214432,0.0005000000237487257
905,0.9779005646705627,0.0928581953048706,0.0005000000237487257
906,0.9834254384040833,0.09680023789405823,0.0005000000237487257
907,0.969613254070282,0.10305359214544296,0.0005000000237487257
908,0.9751381278038025,0.09201185405254364,0.0005000000237487257
909,0.988950252532959,0.07987391203641891,0.0005000000237487257
910,0.9861878156661987,0.08110326528549194,0.0005000000237487257
911,0.9779005646705627,0.0842570811510086,0.0005000000237487257
912,0.9917126893997192,0.06541744619607925,0.0005000000237487257
913,0.9861878156661987,0.08182067424058914,0.0005000000237487257
914,0.9834254384040833,0.08758103102445602,0.0005000000237487257
915,0.9861878156661987,0.09306953102350235,0.0005000000237487257
916,0.9834254384040833,0.08020560443401337,0.0005000000237487257
917,0.9834254384040833,0.09502758830785751,0.0005000000237487257
918,0.9861878156661987,0.07318127155303955,0.0005000000237487257
919,0.9861878156661987,0.08103536814451218,0.0005000000237487257
920,0.988950252532959,0.0786321833729744,0.0005000000237487257
921,0.988950252532959,0.07300376147031784,0.0005000000237487257
922,0.9834254384040833,0.09242662787437439,0.0005000000237487257
923,0.9944751262664795,0.06541913002729416,0.0005000000237487257
924,0.9917126893997192,0.0711391419172287,0.0005000000237487257
925,0.9861878156661987,0.07069908827543259,0.0005000000237487257
926,0.9917126893997192,0.07177698612213135,0.0005000000237487257
927,0.9917126893997192,0.07440198957920074,0.0005000000237487257
928,0.980663001537323,0.08759298920631409,0.0005000000237487257
929,0.9917126893997192,0.07478993386030197,0.0005000000237487257
930,1.0,0.05472024157643318,0.0005000000237487257
931,0.9779005646705627,0.08177594095468521,0.0005000000237487257
932,0.9944751262664795,0.06618530303239822,0.0005000000237487257
933,0.9917126893997192,0.06227870658040047,0.0005000000237487257
934,0.9944751262664795,0.06244073435664177,0.0005000000237487257
935,0.988950252532959,0.06049151346087456,0.0005000000237487257
936,0.9917126893997192,0.06756814569234848,0.0005000000237487257
937,0.988950252532959,0.07762797921895981,0.0005000000237487257
938,0.980663001537323,0.08874250203371048,0.0005000000237487257
939,0.988950252532959,0.07358193397521973,0.0005000000237487257
940,0.9972375631332397,0.06991636753082275,0.0005000000237487257
941,0.9917126893997192,0.06770451366901398,0.0005000000237487257
942,0.9779005646705627,0.08642366528511047,0.0005000000237487257
943,0.9834254384040833,0.08034298568964005,0.0005000000237487257
944,0.9944751262664795,0.06611654162406921,0.0005000000237487257
945,0.9944751262664795,0.07566947489976883,0.0005000000237487257
946,0.9861878156661987,0.0718003585934639,0.0005000000237487257
947,0.988950252532959,0.06645149737596512,0.0005000000237487257
948,0.9917126893997192,0.06443983316421509,0.0005000000237487257
949,0.9944751262664795,0.06960559636354446,0.0005000000237487257
950,0.980663001537323,0.07206912338733673,0.0005000000237487257
951,0.9834254384040833,0.08020833134651184,0.0005000000237487257
952,0.9861878156661987,0.07622077316045761,0.0005000000237487257
953,0.988950252532959,0.07306627184152603,0.0005000000237487257
954,0.9861878156661987,0.07863763719797134,0.0005000000237487257
955,0.9917126893997192,0.06392144411802292,0.0005000000237487257
956,0.988950252532959,0.0648450255393982,0.0005000000237487257
957,0.988950252532959,0.07522644102573395,0.0005000000237487257
958,0.9861878156661987,0.06661900132894516,0.0005000000237487257
959,0.980663001537323,0.07704334706068039,0.0005000000237487257
960,0.9861878156661987,0.08483979105949402,0.0005000000237487257
961,0.9834254384040833,0.08616862446069717,0.0005000000237487257
962,0.9834254384040833,0.08047248423099518,0.0005000000237487257
963,0.9917126893997192,0.06269988417625427,0.0005000000237487257
964,0.9972375631332397,0.06706888228654861,0.0005000000237487257
965,0.988950252532959,0.06394881010055542,0.0005000000237487257
966,0.9944751262664795,0.06894224137067795,0.0005000000237487257
967,0.9944751262664795,0.06667700409889221,0.0005000000237487257
968,0.9972375631332397,0.04739288240671158,0.0005000000237487257
969,0.9944751262664795,0.050500866025686264,0.0005000000237487257
970,0.988950252532959,0.06662425398826599,0.0005000000237487257
971,0.9917126893997192,0.06395964324474335,0.0005000000237487257
972,0.980663001537323,0.06682263314723969,0.0005000000237487257
973,0.9917126893997192,0.07196034491062164,0.0005000000237487257
974,0.9779005646705627,0.08132651448249817,0.0005000000237487257
975,0.9917126893997192,0.07047758251428604,0.0005000000237487257
976,0.980663001537323,0.07552336901426315,0.0005000000237487257
977,0.9917126893997192,0.07578244060277939,0.0005000000237487257
978,0.9779005646705627,0.08781936019659042,0.0005000000237487257
979,0.9972375631332397,0.05681133642792702,0.0005000000237487257
980,0.9917126893997192,0.059343211352825165,0.0005000000237487257
981,0.980663001537323,0.07754930853843689,0.0005000000237487257
982,0.9751381278038025,0.0949719026684761,0.0005000000237487257
983,0.9834254384040833,0.07615350186824799,0.0005000000237487257
984,0.9779005646705627,0.09158312529325485,0.0005000000237487257
985,0.9861878156661987,0.08306244760751724,0.0005000000237487257
986,0.9640883803367615,0.10493315756320953,0.0005000000237487257
987,0.9751381278038025,0.09799810498952866,0.0005000000237487257
988,0.9861878156661987,0.08271726965904236,0.0005000000237487257
989,0.9861878156661987,0.0798596739768982,0.0005000000237487257
990,0.9779005646705627,0.07971632480621338,0.0005000000237487257
991,0.9917126893997192,0.06467519700527191,0.0005000000237487257
992,0.9917126893997192,0.05048093572258949,0.0005000000237487257
993,0.9917126893997192,0.05928869545459747,0.0005000000237487257
994,0.9972375631332397,0.05352113023400307,0.0005000000237487257
995,0.9917126893997192,0.06630516797304153,0.0005000000237487257
996,0.9944751262664795,0.06315690279006958,0.0005000000237487257
997,0.9834254384040833,0.08240057528018951,0.0005000000237487257
998,0.9972375631332397,0.06149955838918686,0.0005000000237487257
999,0.9944751262664795,0.06204908713698387,0.0005000000237487257
1000,0.988950252532959,0.07092639058828354,0.0005000000237487257
1001,0.988950252532959,0.06928103417158127,0.0005000000237487257
1002,0.988950252532959,0.06307999789714813,0.0005000000237487257
1003,0.9779005646705627,0.07763568311929703,0.0005000000237487257
1004,0.9834254384040833,0.0767224058508873,0.0005000000237487257
1005,0.9834254384040833,0.07350336760282516,0.0005000000237487257
1006,0.9944751262664795,0.061120741069316864,0.0005000000237487257
1007,0.9834254384040833,0.07294829189777374,0.0005000000237487257
1008,0.980663001537323,0.07841747254133224,0.0005000000237487257
1009,0.9917126893997192,0.07770668715238571,0.0005000000237487257
1010,0.988950252532959,0.0722237229347229,0.0005000000237487257
1011,0.988950252532959,0.06256940960884094,0.0005000000237487257
1012,0.9917126893997192,0.07058079540729523,0.0005000000237487257
1013,0.988950252532959,0.05445267632603645,0.0005000000237487257
1014,0.980663001537323,0.07790433615446091,0.0005000000237487257
1015,0.9779005646705627,0.08398163318634033,0.0005000000237487257
1016,0.9640883803367615,0.08769023418426514,0.0005000000237487257
1017,0.9834254384040833,0.07323353737592697,0.0005000000237487257
1018,0.9944751262664795,0.05422934517264366,0.0005000000237487257
1019,0.9972375631332397,0.051164668053388596,0.0002500000118743628
1020,0.9972375631332397,0.0462673082947731,0.0002500000118743628
1021,0.9972375631332397,0.047728389501571655,0.0002500000118743628
1022,1.0,0.038505394011735916,0.0002500000118743628
1023,0.9944751262664795,0.0500565804541111,0.0002500000118743628
1024,1.0,0.04463426396250725,0.0002500000118743628
1025,0.9972375631332397,0.05182712525129318,0.0002500000118743628
1026,0.9972375631332397,0.04439515620470047,0.0002500000118743628
1027,0.9972375631332397,0.04284212365746498,0.0002500000118743628
1028,0.9944751262664795,0.04718250408768654,0.0002500000118743628
1029,0.9972375631332397,0.05055319890379906,0.0002500000118743628
1030,0.9972375631332397,0.03577003628015518,0.0002500000118743628
1031,0.9972375631332397,0.04508842155337334,0.0002500000118743628
1032,0.9972375631332397,0.03957973048090935,0.0002500000118743628
1033,1.0,0.039781354367733,0.0002500000118743628
1034,0.9972375631332397,0.04639698192477226,0.0002500000118743628
1035,0.9972375631332397,0.04436027631163597,0.0002500000118743628
1036,0.9917126893997192,0.05417541414499283,0.0002500000118743628
1037,0.9944751262664795,0.043486565351486206,0.0002500000118743628
1038,0.9944751262664795,0.04738563671708107,0.0002500000118743628
1039,0.9944751262664795,0.048976682126522064,0.0002500000118743628
1040,0.9944751262664795,0.043766774237155914,0.0002500000118743628
1041,0.9972375631332397,0.04287857934832573,0.0002500000118743628
1042,0.9972375631332397,0.03596261143684387,0.0002500000118743628
1043,1.0,0.03447891026735306,0.0002500000118743628
1044,0.988950252532959,0.049544766545295715,0.0002500000118743628
1045,1.0,0.04614122584462166,0.0002500000118743628
1046,1.0,0.041373174637556076,0.0002500000118743628
1047,0.9972375631332397,0.0454193614423275,0.0002500000118743628
1048,1.0,0.03924190253019333,0.0002500000118743628
1049,1.0,0.03877570107579231,0.0002500000118743628
1050,0.9972375631332397,0.04831333085894585,0.0002500000118743628
1051,0.9972375631332397,0.04327934607863426,0.0002500000118743628
1052,0.9972375631332397,0.03739039972424507,0.0002500000118743628
1053,0.9944751262664795,0.049562081694602966,0.0002500000118743628
1054,1.0,0.04708677530288696,0.0002500000118743628
1055,1.0,0.04045739769935608,0.0002500000118743628
1056,0.9972375631332397,0.04180514067411423,0.0002500000118743628
1057,0.9944751262664795,0.040954604744911194,0.0002500000118743628
1058,0.9972375631332397,0.03438069298863411,0.0002500000118743628
1059,0.9944751262664795,0.04819997400045395,0.0002500000118743628
1060,1.0,0.03972339257597923,0.0002500000118743628
1061,0.9972375631332397,0.036705754697322845,0.0002500000118743628
1062,0.9972375631332397,0.0462992824614048,0.0002500000118743628
1063,0.9972375631332397,0.04722253233194351,0.0002500000118743628
1064,0.9972375631332397,0.03838060796260834,0.0002500000118743628
1065,0.9972375631332397,0.04040063917636871,0.0002500000118743628
1066,1.0,0.038348548114299774,0.0002500000118743628
1067,1.0,0.03837200626730919,0.0002500000118743628
1068,0.9972375631332397,0.03965650498867035,0.0002500000118743628
1069,0.9972375631332397,0.04199821501970291,0.0002500000118743628
1070,1.0,0.03388330712914467,0.0002500000118743628
1071,0.9944751262664795,0.04447738826274872,0.0002500000118743628
1072,0.9944751262664795,0.04475536197423935,0.0002500000118743628
1073,1.0,0.04028194025158882,0.0002500000118743628
1074,0.9972375631332397,0.04500284790992737,0.0002500000118743628
1075,0.9972375631332397,0.043692782521247864,0.0002500000118743628
1076,0.9972375631332397,0.048892032355070114,0.0002500000118743628
1077,1.0,0.04072202369570732,0.0002500000118743628
1078,0.9972375631332397,0.04208989068865776,0.0002500000118743628
1079,0.9917126893997192,0.04670662805438042,0.0002500000118743628
1080,0.9972375631332397,0.03879045695066452,0.0002500000118743628
1081,0.9944751262664795,0.049429845064878464,0.0002500000118743628
1082,0.9944751262664795,0.0450296550989151,0.0002500000118743628
1083,0.9917126893997192,0.048675742000341415,0.0002500000118743628
1084,0.9972375631332397,0.037768103182315826,0.0002500000118743628
1085,1.0,0.03558241203427315,0.0002500000118743628
1086,0.9972375631332397,0.039913028478622437,0.0002500000118743628
1087,0.9944751262664795,0.04123888909816742,0.0002500000118743628
1088,0.9972375631332397,0.04213801771402359,0.0002500000118743628
1089,0.9944751262664795,0.03714728727936745,0.0002500000118743628
1090,0.9944751262664795,0.043306294828653336,0.0002500000118743628
1091,0.9972375631332397,0.0405806228518486,0.0002500000118743628
1092,0.9972375631332397,0.038834765553474426,0.0002500000118743628
1093,0.9972375631332397,0.04133673384785652,0.0002500000118743628
1094,0.9944751262664795,0.05422992259263992,0.0002500000118743628
1095,0.9917126893997192,0.048495303839445114,0.0002500000118743628
1096,0.9972375631332397,0.04315545782446861,0.0002500000118743628
1097,0.9972375631332397,0.044650088995695114,0.0002500000118743628
1098,0.9972375631332397,0.042517948895692825,0.0002500000118743628
1099,0.9917126893997192,0.040455564856529236,0.0002500000118743628
1100,0.9917126893997192,0.04802672937512398,0.0002500000118743628
1101,0.9972375631332397,0.04592157155275345,0.0002500000118743628
1102,0.9917126893997192,0.041899025440216064,0.0002500000118743628
1103,0.9944751262664795,0.04971576854586601,0.0002500000118743628
1104,0.9944751262664795,0.05167917534708977,0.0002500000118743628
1105,0.9944751262664795,0.051415685564279556,0.0002500000118743628
1106,1.0,0.04176507517695427,0.0002500000118743628
1107,1.0,0.03193458914756775,0.0002500000118743628
1108,1.0,0.04200861230492592,0.0002500000118743628
1109,0.9972375631332397,0.04638813063502312,0.0002500000118743628
1110,0.9917126893997192,0.039517104625701904,0.0002500000118743628
1111,0.9861878156661987,0.04673497751355171,0.0002500000118743628
1112,0.9972375631332397,0.03805190697312355,0.0002500000118743628
1113,0.9944751262664795,0.04314931482076645,0.0002500000118743628
1114,0.9944751262664795,0.045951299369335175,0.0002500000118743628
1115,1.0,0.03996547311544418,0.0002500000118743628
1116,1.0,0.041514333337545395,0.0002500000118743628
1117,1.0,0.036426179111003876,0.0002500000118743628
1118,1.0,0.02829243429005146,0.0002500000118743628
1119,0.9972375631332397,0.03848448023200035,0.0002500000118743628
1120,0.9972375631332397,0.03815194591879845,0.0002500000118743628
1121,0.9972375631332397,0.03263738751411438,0.0002500000118743628
1122,0.9944751262664795,0.039374444633722305,0.0002500000118743628
1123,1.0,0.03738793358206749,0.0002500000118743628
1124,0.9972375631332397,0.033307161182165146,0.0002500000118743628
1125,1.0,0.04314504191279411,0.0002500000118743628
1126,0.9972375631332397,0.04443507269024849,0.0002500000118743628
1127,0.9944751262664795,0.045840874314308167,0.0002500000118743628
1128,0.9917126893997192,0.042772326618433,0.0002500000118743628
1129,1.0,0.03644080460071564,0.0002500000118743628
1130,1.0,0.035762496292591095,0.0002500000118743628
1131,0.9972375631332397,0.04481257498264313,0.0002500000118743628
1132,0.9972375631332397,0.03842480480670929,0.0002500000118743628
1133,0.9944751262664795,0.03545078635215759,0.0002500000118743628
1134,1.0,0.036174602806568146,0.0002500000118743628
1135,0.9944751262664795,0.04019281268119812,0.0002500000118743628
1136,1.0,0.03531542047858238,0.0002500000118743628
1137,1.0,0.033324405550956726,0.0002500000118743628
1138,0.9972375631332397,0.03712959587574005,0.0002500000118743628
1139,0.9972375631332397,0.03037775494158268,0.0002500000118743628
1140,0.9972375631332397,0.04065162315964699,0.0002500000118743628
1141,0.9972375631332397,0.03366294875741005,0.0002500000118743628
1142,1.0,0.03785846009850502,0.0002500000118743628
1143,0.9972375631332397,0.037197865545749664,0.0002500000118743628
1144,0.9972375631332397,0.04130196571350098,0.0002500000118743628
1145,0.9944751262664795,0.0442519411444664,0.0002500000118743628
1146,0.9972375631332397,0.04794152453541756,0.0002500000118743628
1147,1.0,0.03340533375740051,0.0002500000118743628
1148,1.0,0.03649923950433731,0.0002500000118743628
1149,0.9972375631332397,0.04108981415629387,0.0002500000118743628
1150,0.9972375631332397,0.03987228497862816,0.0002500000118743628
1151,1.0,0.044069234281778336,0.0002500000118743628
1152,0.9972375631332397,0.04286659508943558,0.0002500000118743628
1153,0.9917126893997192,0.052022676914930344,0.0002500000118743628
1154,0.9944751262664795,0.04025113955140114,0.0002500000118743628
1155,0.988950252532959,0.050664227455854416,0.0002500000118743628
1156,0.9861878156661987,0.05959906056523323,0.0002500000118743628
1157,0.9944751262664795,0.05527438223361969,0.0002500000118743628
1158,1.0,0.03535395860671997,0.0002500000118743628
1159,1.0,0.03572256118059158,0.0002500000118743628
1160,1.0,0.03469902649521828,0.0002500000118743628
1161,1.0,0.02810543216764927,0.0002500000118743628
1162,1.0,0.039176855236291885,0.0002500000118743628
1163,0.9972375631332397,0.032132379710674286,0.0002500000118743628
1164,1.0,0.03489537909626961,0.0002500000118743628
1165,1.0,0.03161599114537239,0.0002500000118743628
1166,1.0,0.037207331508398056,0.0002500000118743628
1167,0.9944751262664795,0.038046229630708694,0.0002500000118743628
1168,0.9972375631332397,0.03993501141667366,0.0002500000118743628
1169,0.9972375631332397,0.03274983912706375,0.0002500000118743628
1170,0.9972375631332397,0.03511372208595276,0.0002500000118743628
1171,1.0,0.0333753377199173,0.0002500000118743628
1172,0.9972375631332397,0.035797763615846634,0.0002500000118743628
1173,0.9972375631332397,0.03852786123752594,0.0002500000118743628
1174,0.9972375631332397,0.0388779453933239,0.0002500000118743628
1175,1.0,0.032870709896087646,0.0002500000118743628
1176,1.0,0.028469396755099297,0.0002500000118743628
1177,0.9972375631332397,0.0403386652469635,0.0002500000118743628
1178,0.9972375631332397,0.03812110424041748,0.0002500000118743628
1179,0.9972375631332397,0.047990940511226654,0.0002500000118743628
1180,0.9944751262664795,0.04938138276338577,0.0002500000118743628
1181,0.9972375631332397,0.040945880115032196,0.0002500000118743628
1182,0.9972375631332397,0.0421317033469677,0.0002500000118743628
1183,0.9972375631332397,0.03282840922474861,0.0002500000118743628
1184,1.0,0.031925786286592484,0.0002500000118743628
1185,0.9944751262664795,0.03919472545385361,0.0002500000118743628
1186,1.0,0.03142137825489044,0.0002500000118743628
1187,1.0,0.03555057942867279,0.0002500000118743628
1188,0.9944751262664795,0.032910000532865524,0.0002500000118743628
1189,0.9944751262664795,0.0388796329498291,0.0002500000118743628
1190,0.9917126893997192,0.044014524668455124,0.0002500000118743628
1191,0.9972375631332397,0.0320301353931427,0.0002500000118743628
1192,0.9944751262664795,0.05002865940332413,0.0002500000118743628
1193,1.0,0.03557019680738449,0.0002500000118743628
1194,0.9944751262664795,0.03746422380208969,0.0002500000118743628
1195,1.0,0.02979019284248352,0.0002500000118743628
1196,0.9972375631332397,0.035451073199510574,0.0002500000118743628
1197,1.0,0.027337748557329178,0.0002500000118743628
1198,1.0,0.029349230229854584,0.0002500000118743628
1199,0.9917126893997192,0.03878244012594223,0.0002500000118743628
1200,0.9972375631332397,0.031075382605195045,0.0002500000118743628
1201,1.0,0.029259154573082924,0.0002500000118743628
1202,0.9917126893997192,0.03516221046447754,0.0002500000118743628
1203,0.9972375631332397,0.031770579516887665,0.0002500000118743628
1204,0.9944751262664795,0.045277923345565796,0.0002500000118743628
1205,0.9917126893997192,0.049558717757463455,0.0002500000118743628
1206,1.0,0.03451897203922272,0.0002500000118743628
1207,1.0,0.029780590906739235,0.0002500000118743628
1208,1.0,0.027473654597997665,0.0002500000118743628
1209,1.0,0.023460475727915764,0.0002500000118743628
1210,1.0,0.028539517894387245,0.0002500000118743628
1211,1.0,0.03127557411789894,0.0002500000118743628
1212,0.9917126893997192,0.04233567416667938,0.0002500000118743628
1213,0.9944751262664795,0.04064818471670151,0.0002500000118743628
1214,0.9944751262664795,0.05062083154916763,0.0002500000118743628
1215,0.9944751262664795,0.041248518973588943,0.0002500000118743628
1216,0.9972375631332397,0.041933558881282806,0.0002500000118743628
1217,1.0,0.033394329249858856,0.0002500000118743628
1218,0.9917126893997192,0.04517873004078865,0.0002500000118743628
1219,0.9944751262664795,0.04402931407094002,0.0002500000118743628
1220,0.9972375631332397,0.04336050525307655,0.0002500000118743628
1221,1.0,0.031729377806186676,0.0002500000118743628
1222,0.9972375631332397,0.03500130772590637,0.0002500000118743628
1223,1.0,0.02807999961078167,0.0002500000118743628
1224,0.9944751262664795,0.03961925208568573,0.0002500000118743628
1225,1.0,0.03573879972100258,0.0002500000118743628
1226,1.0,0.034892816096544266,0.0002500000118743628
1227,0.9917126893997192,0.03472675010561943,0.0002500000118743628
1228,0.9917126893997192,0.04921342059969902,0.0002500000118743628
1229,0.988950252532959,0.04772527143359184,0.0002500000118743628
1230,0.9944751262664795,0.03939038887619972,0.0002500000118743628
1231,1.0,0.03389320150017738,0.0002500000118743628
1232,0.9917126893997192,0.0440911203622818,0.0002500000118743628
1233,1.0,0.03464105725288391,0.0002500000118743628
1234,0.9972375631332397,0.03856929391622543,0.0002500000118743628
1235,0.9917126893997192,0.03887464851140976,0.0002500000118743628
1236,0.9972375631332397,0.03657442703843117,0.0002500000118743628
1237,0.9972375631332397,0.03935074806213379,0.0002500000118743628
1238,0.9972375631332397,0.03241044655442238,0.0002500000118743628
1239,0.9944751262664795,0.03444654121994972,0.0002500000118743628
1240,1.0,0.038844428956508636,0.0002500000118743628
1241,0.9972375631332397,0.032936181873083115,0.0002500000118743628
1242,1.0,0.03222828358411789,0.0002500000118743628
1243,1.0,0.02660023793578148,0.0002500000118743628
1244,1.0,0.030138570815324783,0.0002500000118743628
1245,1.0,0.033688705414533615,0.0002500000118743628
1246,1.0,0.03150292485952377,0.0002500000118743628
1247,1.0,0.03291255235671997,0.0002500000118743628
1248,1.0,0.02967046946287155,0.0002500000118743628
1249,1.0,0.02837228775024414,0.0002500000118743628
1250,0.9972375631332397,0.039270829409360886,0.0002500000118743628
1251,1.0,0.03048648312687874,0.0002500000118743628
1252,0.9972375631332397,0.03192858025431633,0.0002500000118743628
1253,0.9972375631332397,0.03463807702064514,0.0002500000118743628
1254,1.0,0.02318209782242775,0.0002500000118743628
1255,1.0,0.0324702225625515,0.0002500000118743628
1256,0.9972375631332397,0.029583612456917763,0.0002500000118743628
1257,1.0,0.0326494425535202,0.0002500000118743628
1258,0.9944751262664795,0.042479708790779114,0.0002500000118743628
1259,0.9917126893997192,0.03899276629090309,0.0002500000118743628
1260,0.9972375631332397,0.03812078759074211,0.0002500000118743628
1261,1.0,0.03393229469656944,0.0002500000118743628
1262,1.0,0.03203272074460983,0.0002500000118743628
1263,1.0,0.02976243756711483,0.0002500000118743628
1264,0.9972375631332397,0.031016221269965172,0.0002500000118743628
1265,1.0,0.025289542973041534,0.0002500000118743628
1266,1.0,0.02291574515402317,0.0002500000118743628
1267,1.0,0.02891377918422222,0.0002500000118743628
1268,1.0,0.03217668831348419,0.0002500000118743628
1269,0.9972375631332397,0.02983783558011055,0.0002500000118743628
1270,0.9972375631332397,0.03218565881252289,0.0002500000118743628
1271,0.9972375631332397,0.030582567676901817,0.0002500000118743628
1272,0.9972375631332397,0.026532549411058426,0.0002500000118743628
1273,1.0,0.03488588705658913,0.0002500000118743628
1274,0.9972375631332397,0.02767077647149563,0.0002500000118743628
1275,0.9972375631332397,0.033280886709690094,0.0002500000118743628
1276,0.9972375631332397,0.027359770610928535,0.0002500000118743628
1277,0.9944751262664795,0.03309702128171921,0.0002500000118743628
1278,1.0,0.034491512924432755,0.0002500000118743628
1279,1.0,0.02731606364250183,0.0002500000118743628
1280,0.9917126893997192,0.046154554933309555,0.0002500000118743628
1281,0.9972375631332397,0.033354613929986954,0.0002500000118743628
1282,0.9944751262664795,0.041241806000471115,0.0002500000118743628
1283,0.988950252532959,0.04221827909350395,0.0002500000118743628
1284,0.9944751262664795,0.03748854622244835,0.0002500000118743628
1285,1.0,0.02917935699224472,0.0002500000118743628
1286,0.9972375631332397,0.029664719477295876,0.0002500000118743628
1287,0.9972375631332397,0.031824272125959396,0.0002500000118743628
1288,0.9972375631332397,0.03339051455259323,0.0002500000118743628
1289,0.9972375631332397,0.02587347850203514,0.0002500000118743628
1290,0.9972375631332397,0.02833055704832077,0.0002500000118743628
1291,0.9972375631332397,0.025763532146811485,0.0002500000118743628
1292,1.0,0.021362392231822014,0.0002500000118743628
1293,1.0,0.023182619363069534,0.0002500000118743628
1294,1.0,0.025661837309598923,0.0002500000118743628
1295,1.0,0.022036971524357796,0.0002500000118743628
1296,1.0,0.028773633763194084,0.0002500000118743628
1297,0.9972375631332397,0.034523941576480865,0.0002500000118743628
1298,1.0,0.025599664077162743,0.0002500000118743628
1299,0.9944751262664795,0.033583108335733414,0.0002500000118743628
1300,1.0,0.029332829639315605,0.0002500000118743628
1301,1.0,0.023826109245419502,0.0002500000118743628
1302,1.0,0.02561894804239273,0.0002500000118743628
1303,1.0,0.02192237414419651,0.0002500000118743628
1304,0.9972375631332397,0.035849492996931076,0.0002500000118743628
1305,0.9972375631332397,0.0323605053126812,0.0002500000118743628
1306,0.9972375631332397,0.030310198664665222,0.0002500000118743628
1307,1.0,0.03572113439440727,0.0002500000118743628
1308,0.9917126893997192,0.05056311562657356,0.0002500000118743628
1309,0.9972375631332397,0.03682124242186546,0.0002500000118743628
1310,0.9972375631332397,0.03700917959213257,0.0002500000118743628
1311,1.0,0.03412468358874321,0.0002500000118743628
1312,0.9972375631332397,0.028010213747620583,0.0002500000118743628
1313,0.9972375631332397,0.03291219100356102,0.0002500000118743628
1314,1.0,0.03319714218378067,0.0002500000118743628
1315,0.9944751262664795,0.033981919288635254,0.0002500000118743628
1316,0.9944751262664795,0.044975437223911285,0.0002500000118743628
1317,0.988950252532959,0.05092572420835495,0.0002500000118743628
1318,1.0,0.02791488543152809,0.0002500000118743628
1319,0.9972375631332397,0.029197819530963898,0.0002500000118743628
1320,0.9944751262664795,0.03330988809466362,0.0002500000118743628
1321,0.9972375631332397,0.036012906581163406,0.0002500000118743628
1322,0.9972375631332397,0.027142828330397606,0.0002500000118743628
1323,0.9972375631332397,0.02566155046224594,0.0002500000118743628
1324,1.0,0.025761999189853668,0.0002500000118743628
1325,1.0,0.021709447726607323,0.0002500000118743628
1326,0.9972375631332397,0.03430093452334404,0.0002500000118743628
1327,1.0,0.028241531923413277,0.0002500000118743628
1328,1.0,0.024230942130088806,0.0002500000118743628
1329,1.0,0.026249432936310768,0.0002500000118743628
1330,1.0,0.02825115993618965,0.0002500000118743628
1331,1.0,0.02919032983481884,0.0002500000118743628
1332,1.0,0.029888885095715523,0.0002500000118743628
1333,0.9917126893997192,0.03491362929344177,0.0002500000118743628
1334,1.0,0.029828395694494247,0.0002500000118743628
1335,1.0,0.02602865733206272,0.0002500000118743628
1336,1.0,0.0268383901566267,0.0002500000118743628
1337,0.9972375631332397,0.02745281346142292,0.0002500000118743628
1338,1.0,0.022761670872569084,0.0002500000118743628
1339,1.0,0.030791955068707466,0.0002500000118743628
1340,0.9972375631332397,0.02977406047284603,0.0002500000118743628
1341,1.0,0.02593236230313778,0.0002500000118743628
1342,1.0,0.03171475604176521,0.0002500000118743628
1343,1.0,0.023413104936480522,0.0001250000059371814
1344,0.9972375631332397,0.028104431927204132,0.0001250000059371814
1345,1.0,0.02627183496952057,0.0001250000059371814
1346,1.0,0.024281099438667297,0.0001250000059371814
1347,1.0,0.019280625507235527,0.0001250000059371814
1348,1.0,0.02138422802090645,0.0001250000059371814
1349,0.9972375631332397,0.027956275269389153,0.0001250000059371814
1350,1.0,0.023240743204951286,0.0001250000059371814
1351,1.0,0.02362838014960289,0.0001250000059371814
1352,1.0,0.02129635214805603,0.0001250000059371814
1353,1.0,0.023891577497124672,0.0001250000059371814
1354,1.0,0.023729795590043068,0.0001250000059371814
1355,1.0,0.022540029138326645,0.0001250000059371814
1356,1.0,0.020940814167261124,0.0001250000059371814
1357,0.9972375631332397,0.024288533255457878,0.0001250000059371814
1358,1.0,0.025564352050423622,0.0001250000059371814
1359,1.0,0.01787407696247101,0.0001250000059371814
1360,0.9972375631332397,0.028438162058591843,0.0001250000059371814
1361,0.9972375631332397,0.030851095914840698,0.0001250000059371814
1362,1.0,0.027330519631505013,0.0001250000059371814
1363,1.0,0.022052375599741936,0.0001250000059371814
1364,1.0,0.02181556448340416,0.0001250000059371814
1365,1.0,0.020613359287381172,0.0001250000059371814
1366,1.0,0.027043182402849197,0.0001250000059371814
1367,1.0,0.0214165598154068,0.0001250000059371814
1368,1.0,0.023781878873705864,0.0001250000059371814
1369,1.0,0.02024264819920063,0.0001250000059371814
1370,0.9972375631332397,0.023283284157514572,0.0001250000059371814
1371,0.9972375631332397,0.022852327674627304,0.0001250000059371814
1372,1.0,0.021650895476341248,0.0001250000059371814
1373,1.0,0.018287410959601402,0.0001250000059371814
1374,1.0,0.021972430869936943,0.0001250000059371814
1375,0.9972375631332397,0.02473028004169464,0.0001250000059371814
1376,0.9972375631332397,0.020877404138445854,0.0001250000059371814
1377,1.0,0.020946701988577843,0.0001250000059371814
1378,0.9972375631332397,0.02493303269147873,0.0001250000059371814
1379,1.0,0.020085206255316734,0.0001250000059371814
1380,1.0,0.022845402359962463,0.0001250000059371814
1381,1.0,0.02044156938791275,0.0001250000059371814
1382,1.0,0.02567465975880623,0.0001250000059371814
1383,0.9944751262664795,0.032580431550741196,0.0001250000059371814
1384,0.9972375631332397,0.023515835404396057,0.0001250000059371814
1385,1.0,0.02402263507246971,0.0001250000059371814
1386,1.0,0.020368199795484543,0.0001250000059371814
1387,1.0,0.0203593447804451,0.0001250000059371814
1388,0.9972375631332397,0.020059650763869286,0.0001250000059371814
1389,0.9972375631332397,0.028953315690159798,0.0001250000059371814
1390,1.0,0.0209160465747118,0.0001250000059371814
1391,1.0,0.019776031374931335,0.0001250000059371814
1392,1.0,0.02176554873585701,0.0001250000059371814
1393,1.0,0.020717492327094078,0.0001250000059371814
1394,1.0,0.018834028393030167,0.0001250000059371814
1395,1.0,0.019924677908420563,0.0001250000059371814
1396,1.0,0.01893126592040062,0.0001250000059371814
1397,1.0,0.019900759682059288,0.0001250000059371814
1398,1.0,0.028498873114585876,0.0001250000059371814
1399,1.0,0.021736064925789833,0.0001250000059371814
1400,1.0,0.01906929723918438,0.0001250000059371814
1401,1.0,0.02009025402367115,0.0001250000059371814
1402,1.0,0.01739311031997204,0.0001250000059371814
1403,0.9972375631332397,0.02727382630109787,0.0001250000059371814
1404,0.9972375631332397,0.030643926933407784,0.0001250000059371814
1405,1.0,0.01772466115653515,0.0001250000059371814
1406,1.0,0.021883172914385796,0.0001250000059371814
1407,0.9972375631332397,0.0218807402998209,0.0001250000059371814
1408,0.9972375631332397,0.026486719027161598,0.0001250000059371814
1409,1.0,0.019518451765179634,0.0001250000059371814
1410,1.0,0.01702294312417507,0.0001250000059371814
1411,1.0,0.021405668929219246,0.0001250000059371814
1412,1.0,0.0192571934312582,0.0001250000059371814
1413,0.9972375631332397,0.021513525396585464,0.0001250000059371814
1414,1.0,0.028764402493834496,0.0001250000059371814
1415,0.9972375631332397,0.03193091228604317,0.0001250000059371814
1416,0.9972375631332397,0.03519192337989807,0.0001250000059371814
1417,1.0,0.027087613940238953,0.0001250000059371814
1418,0.9972375631332397,0.027713265269994736,0.0001250000059371814
1419,1.0,0.021384546533226967,0.0001250000059371814
1420,1.0,0.02417142316699028,0.0001250000059371814
1421,1.0,0.021088197827339172,0.0001250000059371814
1422,1.0,0.02175208553671837,0.0001250000059371814
1423,1.0,0.02087518572807312,0.0001250000059371814
1424,1.0,0.0166243277490139,0.0001250000059371814
1425,1.0,0.02242829091846943,0.0001250000059371814
1426,0.9972375631332397,0.02468717098236084,0.0001250000059371814
1427,1.0,0.026363689452409744,0.0001250000059371814
1428,1.0,0.01970367319881916,0.0001250000059371814
1429,1.0,0.019567208364605904,0.0001250000059371814
1430,1.0,0.025904718786478043,0.0001250000059371814
1431,1.0,0.01836695708334446,0.0001250000059371814
1432,1.0,0.02047216147184372,0.0001250000059371814
1433,1.0,0.020243415609002113,0.0001250000059371814
1434,0.9972375631332397,0.03233315050601959,0.0001250000059371814
1435,0.9972375631332397,0.025374766439199448,0.0001250000059371814
1436,1.0,0.027169208973646164,0.0001250000059371814
1437,1.0,0.022388793528079987,0.0001250000059371814
1438,0.9972375631332397,0.02533632144331932,0.0001250000059371814
1439,1.0,0.023660646751523018,0.0001250000059371814
1440,1.0,0.01824224926531315,0.0001250000059371814
1441,1.0,0.02134963870048523,0.0001250000059371814
1442,1.0,0.01782318390905857,0.0001250000059371814
1443,0.9972375631332397,0.01895742490887642,0.0001250000059371814
1444,1.0,0.017170513048768044,0.0001250000059371814
1445,1.0,0.019488804042339325,0.0001250000059371814
1446,1.0,0.019269978627562523,0.0001250000059371814
1447,1.0,0.019544405862689018,0.0001250000059371814
1448,1.0,0.01631976291537285,0.0001250000059371814
1449,1.0,0.017227545380592346,0.0001250000059371814
1450,1.0,0.019094036892056465,0.0001250000059371814
1451,1.0,0.01873648911714554,0.0001250000059371814
1452,1.0,0.018760481849312782,0.0001250000059371814
1453,1.0,0.01670333743095398,0.0001250000059371814
1454,1.0,0.016751661896705627,0.0001250000059371814
1455,0.9972375631332397,0.02981267124414444,0.0001250000059371814
1456,0.9944751262664795,0.028010476380586624,0.0001250000059371814
1457,0.9972375631332397,0.024823065847158432,0.0001250000059371814
1458,1.0,0.01871633343398571,0.0001250000059371814
1459,1.0,0.019521281123161316,0.0001250000059371814
1460,1.0,0.01961972378194332,0.0001250000059371814
1461,1.0,0.020244380459189415,0.0001250000059371814
1462,1.0,0.01746683195233345,0.0001250000059371814
1463,1.0,0.01719331368803978,0.0001250000059371814
1464,1.0,0.01624651998281479,0.0001250000059371814
1465,0.9944751262664795,0.024033332243561745,0.0001250000059371814
1466,0.9972375631332397,0.024786897003650665,0.0001250000059371814
1467,1.0,0.021034125238656998,0.0001250000059371814
1468,1.0,0.019407059997320175,0.0001250000059371814
1469,1.0,0.021026190370321274,0.0001250000059371814
1470,1.0,0.022046325728297234,0.0001250000059371814
1471,1.0,0.021308211609721184,0.0001250000059371814
1472,0.9972375631332397,0.01922779344022274,0.0001250000059371814
1473,1.0,0.018629033118486404,0.0001250000059371814
1474,0.9972375631332397,0.02877788059413433,0.0001250000059371814
1475,0.9972375631332397,0.02615487203001976,0.0001250000059371814
1476,0.9944751262664795,0.029054762795567513,0.0001250000059371814
1477,1.0,0.02086295560002327,0.0001250000059371814
1478,1.0,0.022600213065743446,0.0001250000059371814
1479,1.0,0.02169320546090603,0.0001250000059371814
1480,1.0,0.018358727917075157,0.0001250000059371814
1481,1.0,0.020313182845711708,0.0001250000059371814
1482,1.0,0.01900096796452999,0.0001250000059371814
1483,0.9972375631332397,0.022712433710694313,0.0001250000059371814
1484,1.0,0.018290972337126732,0.0001250000059371814
1485,1.0,0.019188541918992996,0.0001250000059371814
1486,1.0,0.017856581136584282,0.0001250000059371814
1487,1.0,0.019384175539016724,0.0001250000059371814
1488,1.0,0.01698116399347782,0.0001250000059371814
1489,1.0,0.01587514579296112,0.0001250000059371814
1490,0.9972375631332397,0.020181169733405113,0.0001250000059371814
1491,0.9972375631332397,0.02251768298447132,0.0001250000059371814
1492,0.9972375631332397,0.02342725545167923,0.0001250000059371814
1493,1.0,0.02267143875360489,0.0001250000059371814
1494,1.0,0.016723861917853355,0.0001250000059371814
1495,1.0,0.020679105073213577,0.0001250000059371814
1496,1.0,0.018275292590260506,0.0001250000059371814
1497,0.9972375631332397,0.019215088337659836,0.0001250000059371814
1498,1.0,0.015406223013997078,0.0001250000059371814
1499,1.0,0.015102625824511051,0.0001250000059371814
1500,1.0,0.014558140188455582,0.0001250000059371814
1501,1.0,0.01741086132824421,0.0001250000059371814
1502,1.0,0.017675964161753654,0.0001250000059371814
1503,1.0,0.0184378232806921,0.0001250000059371814
1504,1.0,0.015339119359850883,0.0001250000059371814
1505,0.9944751262664795,0.02174060046672821,0.0001250000059371814
1506,0.9972375631332397,0.01937425322830677,0.0001250000059371814
1507,0.9972375631332397,0.024929821491241455,0.0001250000059371814
1508,1.0,0.02478611096739769,0.0001250000059371814
1509,1.0,0.027645666152238846,0.0001250000059371814
1510,1.0,0.024126766249537468,0.0001250000059371814
1511,1.0,0.024186905473470688,0.0001250000059371814
1512,0.9972375631332397,0.018186507746577263,0.0001250000059371814
1513,0.9972375631332397,0.024436965584754944,0.0001250000059371814
1514,1.0,0.018736448138952255,0.0001250000059371814
1515,1.0,0.021888623014092445,0.0001250000059371814
1516,0.9972375631332397,0.028097717091441154,0.0001250000059371814
1517,1.0,0.024776078760623932,0.0001250000059371814
1518,0.9972375631332397,0.026475075632333755,0.0001250000059371814
1519,1.0,0.023247329518198967,0.0001250000059371814
1520,1.0,0.020971709862351418,0.0001250000059371814
1521,1.0,0.0170267503708601,0.0001250000059371814
1522,1.0,0.021314414218068123,0.0001250000059371814
1523,1.0,0.01795373484492302,0.0001250000059371814
1524,1.0,0.017199212685227394,0.0001250000059371814
1525,1.0,0.01919260434806347,0.0001250000059371814
1526,1.0,0.019351840019226074,0.0001250000059371814
1527,1.0,0.021617429330945015,0.0001250000059371814
1528,0.9972375631332397,0.022516382858157158,0.0001250000059371814
1529,1.0,0.016480011865496635,0.0001250000059371814
1530,0.9972375631332397,0.020628072321414948,0.0001250000059371814
1531,1.0,0.022343477234244347,0.0001250000059371814
1532,1.0,0.019327959045767784,0.0001250000059371814
1533,1.0,0.015506387688219547,0.0001250000059371814
1534,1.0,0.0166535135358572,0.0001250000059371814
1535,1.0,0.0164543054997921,0.0001250000059371814
1536,1.0,0.02254657633602619,0.0001250000059371814
1537,1.0,0.02250766009092331,0.0001250000059371814
1538,0.9972375631332397,0.018914643675088882,0.0001250000059371814
1539,1.0,0.01830504834651947,0.0001250000059371814
1540,1.0,0.018257899209856987,0.0001250000059371814
1541,1.0,0.01598917320370674,0.0001250000059371814
1542,1.0,0.01728898473083973,0.0001250000059371814
1543,1.0,0.019171269610524178,0.0001250000059371814
1544,1.0,0.016821200028061867,0.0001250000059371814
1545,1.0,0.014572801999747753,0.0001250000059371814
1546,1.0,0.021739251911640167,0.0001250000059371814
1547,0.9972375631332397,0.02418152615427971,0.0001250000059371814
1548,1.0,0.02064783312380314,0.0001250000059371814
1549,1.0,0.023014400154352188,0.0001250000059371814
1550,1.0,0.026468290016055107,0.0001250000059371814
1551,1.0,0.01949763298034668,9.999999747378752e-05
1552,1.0,0.02145140804350376,9.999999747378752e-05
1553,0.9972375631332397,0.019874826073646545,9.999999747378752e-05
1554,1.0,0.01627654768526554,9.999999747378752e-05
1555,1.0,0.018937235698103905,9.999999747378752e-05
1556,1.0,0.019515125080943108,9.999999747378752e-05
1557,1.0,0.017436016350984573,9.999999747378752e-05
1558,0.9972375631332397,0.017337212339043617,9.999999747378752e-05
1559,1.0,0.021670443937182426,9.999999747378752e-05
1560,1.0,0.01748134195804596,9.999999747378752e-05
1561,1.0,0.013325576670467854,9.999999747378752e-05
1562,1.0,0.016708865761756897,9.999999747378752e-05
1563,1.0,0.017281420528888702,9.999999747378752e-05
1564,1.0,0.014708693139255047,9.999999747378752e-05
1565,1.0,0.017052073031663895,9.999999747378752e-05
1566,1.0,0.01825675182044506,9.999999747378752e-05
1567,0.9972375631332397,0.026681289076805115,9.999999747378752e-05
1568,1.0,0.023143446072936058,9.999999747378752e-05
1569,1.0,0.01761215180158615,9.999999747378752e-05
1570,1.0,0.016153717413544655,9.999999747378752e-05
1571,1.0,0.015610430389642715,9.999999747378752e-05
1572,0.9944751262664795,0.021818364039063454,9.999999747378752e-05
1573,1.0,0.016023550182580948,9.999999747378752e-05
1574,1.0,0.016542349010705948,9.999999747378752e-05
1575,1.0,0.017771542072296143,9.999999747378752e-05
1576,1.0,0.018022119998931885,9.999999747378752e-05
1577,1.0,0.023567134514451027,9.999999747378752e-05
1578,0.9972375631332397,0.022589923813939095,9.999999747378752e-05
1579,0.9972375631332397,0.021067572757601738,9.999999747378752e-05
1580,1.0,0.015232531353831291,9.999999747378752e-05
1581,1.0,0.017672639340162277,9.999999747378752e-05
1582,1.0,0.015657633543014526,9.999999747378752e-05
1583,1.0,0.014628463424742222,9.999999747378752e-05
1584,1.0,0.018487107008695602,9.999999747378752e-05
1585,1.0,0.021391823887825012,9.999999747378752e-05
1586,0.9972375631332397,0.020863763988018036,9.999999747378752e-05
1587,1.0,0.018111392855644226,9.999999747378752e-05
1588,1.0,0.01493533793836832,9.999999747378752e-05
1589,1.0,0.019093845039606094,9.999999747378752e-05
1590,1.0,0.016271105036139488,9.999999747378752e-05
1591,0.9972375631332397,0.018536044284701347,9.999999747378752e-05
1592,0.9972375631332397,0.020742300897836685,9.999999747378752e-05
1593,1.0,0.017238439992070198,9.999999747378752e-05
1594,1.0,0.019073590636253357,9.999999747378752e-05
1595,1.0,0.015401319600641727,9.999999747378752e-05
1596,1.0,0.018716149032115936,9.999999747378752e-05
1597,1.0,0.01563236303627491,9.999999747378752e-05
1598,1.0,0.016186125576496124,9.999999747378752e-05
1599,1.0,0.01732926070690155,9.999999747378752e-05
1600,1.0,0.016291886568069458,9.999999747378752e-05
1601,1.0,0.022001104429364204,9.999999747378752e-05
1602,1.0,0.018901482224464417,9.999999747378752e-05
1603,1.0,0.018456272780895233,9.999999747378752e-05
1604,1.0,0.015286855399608612,9.999999747378752e-05
1605,1.0,0.018679941073060036,9.999999747378752e-05
1606,1.0,0.01735788770020008,9.999999747378752e-05
1607,1.0,0.014267565682530403,9.999999747378752e-05
1608,1.0,0.01732725463807583,9.999999747378752e-05
1609,1.0,0.0186371598392725,9.999999747378752e-05
1610,1.0,0.02079721912741661,9.999999747378752e-05
1611,1.0,0.0182929839938879,9.999999747378752e-05
1612,1.0,0.017910350114107132,9.999999747378752e-05
1613,1.0,0.019432639703154564,9.999999747378752e-05
1614,0.9972375631332397,0.02071501687169075,9.999999747378752e-05
1615,1.0,0.02229153737425804,9.999999747378752e-05
1616,1.0,0.019208591431379318,9.999999747378752e-05
1617,1.0,0.017267098650336266,9.999999747378752e-05
1618,1.0,0.01761002466082573,9.999999747378752e-05
1619,1.0,0.01456422172486782,9.999999747378752e-05
1620,1.0,0.015525109134614468,9.999999747378752e-05
1621,1.0,0.015436944551765919,9.999999747378752e-05
1622,1.0,0.016559550538659096,9.999999747378752e-05
1623,1.0,0.018960673362016678,9.999999747378752e-05
1624,1.0,0.013898112811148167,9.999999747378752e-05
1625,1.0,0.015837175771594048,9.999999747378752e-05
1626,1.0,0.02053244225680828,9.999999747378752e-05
1627,1.0,0.017275771126151085,9.999999747378752e-05
1628,1.0,0.016583796590566635,9.999999747378752e-05
1629,1.0,0.0159313827753067,9.999999747378752e-05
1630,1.0,0.020629871636629105,9.999999747378752e-05
1631,1.0,0.014839488081634045,9.999999747378752e-05
1632,1.0,0.012275803834199905,9.999999747378752e-05
1633,1.0,0.014084412716329098,9.999999747378752e-05
1634,1.0,0.018000222742557526,9.999999747378752e-05
1635,1.0,0.022542627528309822,9.999999747378752e-05
1636,0.9972375631332397,0.019849248230457306,9.999999747378752e-05
1637,1.0,0.018774516880512238,9.999999747378752e-05
1638,1.0,0.015439671464264393,9.999999747378752e-05
1639,1.0,0.01920567825436592,9.999999747378752e-05
1640,1.0,0.014341398142278194,9.999999747378752e-05
1641,1.0,0.0167358610779047,9.999999747378752e-05
1642,1.0,0.01480486337095499,9.999999747378752e-05
1643,1.0,0.01792990230023861,9.999999747378752e-05
1644,1.0,0.01575476862490177,9.999999747378752e-05
1645,1.0,0.01454967726022005,9.999999747378752e-05
1646,1.0,0.015725506469607353,9.999999747378752e-05
1647,1.0,0.01686936989426613,9.999999747378752e-05
1648,1.0,0.01777692139148712,9.999999747378752e-05
1649,1.0,0.01350362692028284,9.999999747378752e-05
1650,1.0,0.016017677262425423,9.999999747378752e-05
1651,1.0,0.018997792154550552,9.999999747378752e-05
1652,1.0,0.019411010667681694,9.999999747378752e-05
1653,0.9972375631332397,0.019617201760411263,9.999999747378752e-05
1654,1.0,0.017235439270734787,9.999999747378752e-05
1655,1.0,0.017597578465938568,9.999999747378752e-05
1656,1.0,0.01349601335823536,9.999999747378752e-05
1657,0.9972375631332397,0.02297234907746315,9.999999747378752e-05
1658,1.0,0.02256554737687111,9.999999747378752e-05
1659,1.0,0.021748466417193413,9.999999747378752e-05
1660,1.0,0.018011577427387238,9.999999747378752e-05
1661,1.0,0.014534208923578262,9.999999747378752e-05
1662,1.0,0.013720830902457237,9.999999747378752e-05
1663,1.0,0.014519503340125084,9.999999747378752e-05
1664,1.0,0.017061689868569374,9.999999747378752e-05
1665,1.0,0.01822727732360363,9.999999747378752e-05
1666,1.0,0.015765665099024773,9.999999747378752e-05
1667,1.0,0.018745237961411476,9.999999747378752e-05
1668,1.0,0.018516793847084045,9.999999747378752e-05
1669,1.0,0.016267364844679832,9.999999747378752e-05
1670,1.0,0.015214674174785614,9.999999747378752e-05
1671,0.9944751262664795,0.02156364917755127,9.999999747378752e-05
1672,1.0,0.02048610709607601,9.999999747378752e-05
1673,0.9972375631332397,0.014094280079007149,9.999999747378752e-05
1674,1.0,0.014576009474694729,9.999999747378752e-05
1675,1.0,0.013038287870585918,9.999999747378752e-05
1676,1.0,0.01695546880364418,9.999999747378752e-05
1677,1.0,0.017195938155055046,9.999999747378752e-05
1678,1.0,0.012883988209068775,9.999999747378752e-05
1679,1.0,0.014764299616217613,9.999999747378752e-05
1680,1.0,0.016239406540989876,9.999999747378752e-05
1681,1.0,0.014712116681039333,9.999999747378752e-05
1682,1.0,0.01677444577217102,9.999999747378752e-05
1683,1.0,0.01788037084043026,9.999999747378752e-05
1684,1.0,0.01707437075674534,9.999999747378752e-05
1685,1.0,0.01688864827156067,9.999999747378752e-05
1686,1.0,0.014509814791381359,9.999999747378752e-05
1687,0.9972375631332397,0.02001713030040264,9.999999747378752e-05
1688,0.9972375631332397,0.02108834870159626,9.999999747378752e-05
1689,0.9972375631332397,0.017620734870433807,9.999999747378752e-05
1690,0.9972375631332397,0.017555681988596916,9.999999747378752e-05
1691,1.0,0.01704360544681549,9.999999747378752e-05
1692,1.0,0.016307711601257324,9.999999747378752e-05
1693,0.9972375631332397,0.02158505655825138,9.999999747378752e-05
1694,1.0,0.01621643826365471,9.999999747378752e-05
1695,1.0,0.01581062749028206,9.999999747378752e-05
1696,1.0,0.01767740771174431,9.999999747378752e-05
1697,0.9944751262664795,0.020457345992326736,9.999999747378752e-05
1698,1.0,0.016922688111662865,9.999999747378752e-05
1699,1.0,0.023217258974909782,9.999999747378752e-05
1700,1.0,0.015626950189471245,9.999999747378752e-05
1701,1.0,0.017787273973226547,9.999999747378752e-05
1702,0.9972375631332397,0.019144030287861824,9.999999747378752e-05
1703,1.0,0.022699197754263878,9.999999747378752e-05
1704,0.9972375631332397,0.021558774635195732,9.999999747378752e-05
1705,1.0,0.019093692302703857,9.999999747378752e-05
1706,1.0,0.018116269260644913,9.999999747378752e-05
1707,1.0,0.013781855814158916,9.999999747378752e-05
1708,1.0,0.01412927359342575,9.999999747378752e-05
1709,1.0,0.013338202610611916,9.999999747378752e-05
1710,1.0,0.012881603091955185,9.999999747378752e-05
1711,1.0,0.016805507242679596,9.999999747378752e-05
1712,1.0,0.017073437571525574,9.999999747378752e-05
1713,1.0,0.016716234385967255,9.999999747378752e-05
1714,1.0,0.015325945802032948,9.999999747378752e-05
1715,1.0,0.01807134971022606,9.999999747378752e-05
1716,1.0,0.015152412466704845,9.999999747378752e-05
1717,1.0,0.014149736613035202,9.999999747378752e-05
1718,1.0,0.01252001989632845,9.999999747378752e-05
1719,1.0,0.0167797040194273,9.999999747378752e-05
1720,1.0,0.017142685130238533,9.999999747378752e-05
1721,0.9944751262664795,0.025314275175333023,9.999999747378752e-05
1722,1.0,0.015567448921501637,9.999999747378752e-05
1723,1.0,0.013456936925649643,9.999999747378752e-05
1724,1.0,0.014372135512530804,9.999999747378752e-05
1725,1.0,0.013743612915277481,9.999999747378752e-05
1726,1.0,0.013002913445234299,9.999999747378752e-05
1727,1.0,0.014920495450496674,9.999999747378752e-05
1728,1.0,0.01728385128080845,9.999999747378752e-05
1729,1.0,0.01923951879143715,9.999999747378752e-05
1730,1.0,0.014796785078942776,9.999999747378752e-05
1731,1.0,0.01169924158602953,9.999999747378752e-05
1732,1.0,0.016210248693823814,9.999999747378752e-05
1733,0.9972375631332397,0.018109988421201706,9.999999747378752e-05
1734,0.9972375631332397,0.019944163039326668,9.999999747378752e-05
1735,1.0,0.016859523952007294,9.999999747378752e-05
1736,1.0,0.01680445671081543,9.999999747378752e-05
1737,1.0,0.01632509008049965,9.999999747378752e-05
1738,1.0,0.016031518578529358,9.999999747378752e-05
1739,1.0,0.01828187331557274,9.999999747378752e-05
1740,1.0,0.016727931797504425,9.999999747378752e-05
1741,1.0,0.020389564335346222,9.999999747378752e-05
1742,1.0,0.013030169531702995,9.999999747378752e-05
1743,1.0,0.019939491525292397,9.999999747378752e-05
1744,1.0,0.013407612219452858,9.999999747378752e-05
1745,1.0,0.015717703849077225,9.999999747378752e-05
1746,1.0,0.01799272559583187,9.999999747378752e-05
1747,1.0,0.01464409101754427,9.999999747378752e-05
1748,1.0,0.01908445730805397,9.999999747378752e-05
1749,1.0,0.021046891808509827,9.999999747378752e-05
1750,1.0,0.0124794477596879,9.999999747378752e-05
1751,1.0,0.014820306561887264,9.999999747378752e-05
1752,1.0,0.012323782779276371,9.999999747378752e-05
1753,1.0,0.01725689135491848,9.999999747378752e-05
1754,1.0,0.01574612967669964,9.999999747378752e-05
1755,1.0,0.014274521730840206,9.999999747378752e-05
1756,1.0,0.017243320122361183,9.999999747378752e-05
1757,1.0,0.013788753189146519,9.999999747378752e-05
1758,1.0,0.016151713207364082,9.999999747378752e-05
1759,1.0,0.012943490408360958,9.999999747378752e-05
1760,0.9972375631332397,0.020258085802197456,9.999999747378752e-05
1761,1.0,0.016785195097327232,9.999999747378752e-05
1762,1.0,0.014666319824755192,9.999999747378752e-05
1763,1.0,0.017128892242908478,9.999999747378752e-05
1764,1.0,0.014631143771111965,9.999999747378752e-05
1765,1.0,0.018704243004322052,9.999999747378752e-05
1766,1.0,0.013013931922614574,9.999999747378752e-05
1767,1.0,0.013277626596391201,9.999999747378752e-05
1768,1.0,0.014935772866010666,9.999999747378752e-05
1769,1.0,0.014165130443871021,9.999999747378752e-05
1770,1.0,0.015650935471057892,9.999999747378752e-05
1771,1.0,0.0127228619530797,9.999999747378752e-05
1772,1.0,0.01626797765493393,9.999999747378752e-05
1773,1.0,0.01868666149675846,9.999999747378752e-05
1774,1.0,0.015827959403395653,9.999999747378752e-05
1775,1.0,0.017111213877797127,9.999999747378752e-05
1776,1.0,0.016877127811312675,9.999999747378752e-05
1777,1.0,0.015117702074348927,9.999999747378752e-05
1778,1.0,0.016002638265490532,9.999999747378752e-05
1779,1.0,0.018480125814676285,9.999999747378752e-05
1780,1.0,0.017421161755919456,9.999999747378752e-05
1781,1.0,0.0127217136323452,9.999999747378752e-05
1782,1.0,0.014779023826122284,9.999999747378752e-05
1783,1.0,0.01569608971476555,9.999999747378752e-05
1784,1.0,0.015022500418126583,9.999999747378752e-05
1785,1.0,0.012695874087512493,9.999999747378752e-05
1786,0.9944751262664795,0.021221017464995384,9.999999747378752e-05
1787,0.9972375631332397,0.021523671224713326,9.999999747378752e-05
1788,1.0,0.014776208437979221,9.999999747378752e-05
1789,1.0,0.015448693186044693,9.999999747378752e-05
1790,1.0,0.014546248130500317,9.999999747378752e-05
1791,1.0,0.013019145466387272,9.999999747378752e-05
1792,1.0,0.013097655959427357,9.999999747378752e-05
1793,1.0,0.013489359989762306,9.999999747378752e-05
1794,1.0,0.01599251851439476,9.999999747378752e-05
1795,1.0,0.01642700657248497,9.999999747378752e-05
1796,1.0,0.013782256282866001,9.999999747378752e-05
1797,1.0,0.013132418505847454,9.999999747378752e-05
1798,1.0,0.014237472787499428,9.999999747378752e-05
1799,1.0,0.01578637585043907,9.999999747378752e-05
1800,1.0,0.015536044724285603,9.999999747378752e-05
1801,1.0,0.016421040520071983,9.999999747378752e-05
1802,1.0,0.012647435069084167,9.999999747378752e-05
1803,1.0,0.013300721533596516,9.999999747378752e-05
1804,1.0,0.016913698986172676,9.999999747378752e-05
1805,1.0,0.012061502784490585,9.999999747378752e-05
1806,1.0,0.011684224009513855,9.999999747378752e-05
1807,1.0,0.012719346210360527,9.999999747378752e-05
1808,1.0,0.014866629615426064,9.999999747378752e-05
1809,1.0,0.013960456475615501,9.999999747378752e-05
1810,1.0,0.016814246773719788,9.999999747378752e-05
1811,1.0,0.013544680550694466,9.999999747378752e-05
1812,1.0,0.013386087492108345,9.999999747378752e-05
1813,1.0,0.01562971994280815,9.999999747378752e-05
1814,1.0,0.012090319767594337,9.999999747378752e-05
1815,1.0,0.013295581564307213,9.999999747378752e-05
1816,1.0,0.017898360267281532,9.999999747378752e-05
1817,1.0,0.015285431407392025,9.999999747378752e-05
1818,1.0,0.012547752819955349,9.999999747378752e-05
1819,1.0,0.015534053556621075,9.999999747378752e-05
1820,1.0,0.017911167815327644,9.999999747378752e-05
1821,1.0,0.013696854002773762,9.999999747378752e-05
1822,1.0,0.011154085397720337,9.999999747378752e-05
1823,1.0,0.013314870186150074,9.999999747378752e-05
1824,1.0,0.014063704758882523,9.999999747378752e-05
1825,1.0,0.012531747110188007,9.999999747378752e-05
1826,1.0,0.011648377403616905,9.999999747378752e-05
1827,1.0,0.012473465874791145,9.999999747378752e-05
1828,1.0,0.014017409645020962,9.999999747378752e-05
1829,1.0,0.01283335592597723,9.999999747378752e-05
1830,1.0,0.010303415358066559,9.999999747378752e-05
1831,0.9917126893997192,0.037825487554073334,9.999999747378752e-05
1832,1.0,0.01999475248157978,9.999999747378752e-05
1833,1.0,0.018201163038611412,9.999999747378752e-05
1834,1.0,0.01940198242664337,9.999999747378752e-05
1835,1.0,0.013059447519481182,9.999999747378752e-05
1836,1.0,0.016037767753005028,9.999999747378752e-05
1837,1.0,0.01627793349325657,9.999999747378752e-05
1838,1.0,0.015650976449251175,9.999999747378752e-05
1839,1.0,0.014881306327879429,9.999999747378752e-05
1840,1.0,0.013539127074182034,9.999999747378752e-05
1841,1.0,0.015206044539809227,9.999999747378752e-05
1842,1.0,0.01373221818357706,9.999999747378752e-05
1843,1.0,0.01282330509275198,9.999999747378752e-05
1844,1.0,0.0144448047503829,9.999999747378752e-05
1845,1.0,0.01771536096930504,9.999999747378752e-05
1846,1.0,0.014273983426392078,9.999999747378752e-05
1847,0.9972375631332397,0.015957938507199287,9.999999747378752e-05
1848,1.0,0.019862541928887367,9.999999747378752e-05
1849,0.9972375631332397,0.020449243485927582,9.999999747378752e-05
1850,0.9972375631332397,0.025651583448052406,9.999999747378752e-05
1851,0.9944751262664795,0.02106929011642933,9.999999747378752e-05
1852,0.9972375631332397,0.020389311015605927,9.999999747378752e-05
1853,1.0,0.016477661207318306,9.999999747378752e-05
1854,1.0,0.01765848882496357,9.999999747378752e-05
1855,0.9972375631332397,0.02464352734386921,9.999999747378752e-05
1856,1.0,0.014596392400562763,9.999999747378752e-05
1857,1.0,0.023058496415615082,9.999999747378752e-05
1858,1.0,0.011116743087768555,9.999999747378752e-05
1859,1.0,0.01590755023062229,9.999999747378752e-05
1860,1.0,0.015054280869662762,9.999999747378752e-05
1861,1.0,0.020578445866703987,9.999999747378752e-05
1862,0.9972375631332397,0.019467318430542946,9.999999747378752e-05
1863,1.0,0.016509149223566055,9.999999747378752e-05
1864,1.0,0.015047784894704819,9.999999747378752e-05
1865,1.0,0.00996868871152401,9.999999747378752e-05
1866,1.0,0.013528954237699509,9.999999747378752e-05
1867,1.0,0.011190561577677727,9.999999747378752e-05
1868,1.0,0.012050501070916653,9.999999747378752e-05
1869,1.0,0.01346377469599247,9.999999747378752e-05
1870,1.0,0.013852586038410664,9.999999747378752e-05
1871,1.0,0.013881810940802097,9.999999747378752e-05
1872,1.0,0.012146233581006527,9.999999747378752e-05
1873,1.0,0.015022862702608109,9.999999747378752e-05
1874,1.0,0.014694484882056713,9.999999747378752e-05
1875,1.0,0.011709675192832947,9.999999747378752e-05
1876,1.0,0.014219359494745731,9.999999747378752e-05
1877,1.0,0.015412400476634502,9.999999747378752e-05
1878,1.0,0.011130278930068016,9.999999747378752e-05
1879,1.0,0.010472986847162247,9.999999747378752e-05
1880,1.0,0.014469118788838387,9.999999747378752e-05
1881,1.0,0.0116521455347538,9.999999747378752e-05
1882,1.0,0.012575671076774597,9.999999747378752e-05
1883,1.0,0.011880121193826199,9.999999747378752e-05
1884,1.0,0.017799189314246178,9.999999747378752e-05
1885,1.0,0.01582586020231247,9.999999747378752e-05
1886,1.0,0.012495152652263641,9.999999747378752e-05
1887,1.0,0.01293026003986597,9.999999747378752e-05
1888,1.0,0.010891662910580635,9.999999747378752e-05
1889,1.0,0.01403016410768032,9.999999747378752e-05
1890,1.0,0.012232204899191856,9.999999747378752e-05
1891,1.0,0.017371922731399536,9.999999747378752e-05
1892,0.9972375631332397,0.01731806993484497,9.999999747378752e-05
1893,1.0,0.015481369569897652,9.999999747378752e-05
1894,1.0,0.01147726085036993,9.999999747378752e-05
1895,1.0,0.012677823193371296,9.999999747378752e-05
1896,1.0,0.014409511350095272,9.999999747378752e-05
1897,1.0,0.013109768740832806,9.999999747378752e-05
1898,1.0,0.01355881616473198,9.999999747378752e-05
1899,1.0,0.01491716131567955,9.999999747378752e-05
1900,1.0,0.01359676755964756,9.999999747378752e-05
1901,1.0,0.01472567580640316,9.999999747378752e-05
1902,1.0,0.011753343977034092,9.999999747378752e-05
1903,1.0,0.013471860438585281,9.999999747378752e-05
1904,1.0,0.016442907974123955,9.999999747378752e-05
1905,1.0,0.012509480118751526,9.999999747378752e-05
1906,1.0,0.010152380913496017,9.999999747378752e-05
1907,1.0,0.01529114693403244,9.999999747378752e-05
1908,1.0,0.015306334011256695,9.999999747378752e-05
1909,0.9972375631332397,0.021435212343931198,9.999999747378752e-05
1910,1.0,0.017697274684906006,9.999999747378752e-05
1911,0.9972375631332397,0.025940315797924995,9.999999747378752e-05
1912,1.0,0.017679288983345032,9.999999747378752e-05
1913,1.0,0.015934672206640244,9.999999747378752e-05
1914,1.0,0.015518832951784134,9.999999747378752e-05
1915,1.0,0.014084943570196629,9.999999747378752e-05
1916,1.0,0.014409163035452366,9.999999747378752e-05
1917,1.0,0.013629513792693615,9.999999747378752e-05
1918,0.9972375631332397,0.021317820996046066,9.999999747378752e-05
1919,1.0,0.012700971215963364,9.999999747378752e-05
1920,1.0,0.01319081336259842,9.999999747378752e-05
1921,0.9972375631332397,0.014676747843623161,9.999999747378752e-05
1922,1.0,0.014556909911334515,9.999999747378752e-05
1923,1.0,0.012528314255177975,9.999999747378752e-05
1924,1.0,0.013528845272958279,9.999999747378752e-05
1925,1.0,0.011958080343902111,9.999999747378752e-05
1926,1.0,0.010451455600559711,9.999999747378752e-05
1927,1.0,0.012592717073857784,9.999999747378752e-05
1928,0.9972375631332397,0.0172804594039917,9.999999747378752e-05
1929,1.0,0.014053013175725937,9.999999747378752e-05
1930,1.0,0.014202379621565342,9.999999747378752e-05
1931,1.0,0.013251101598143578,9.999999747378752e-05
1932,1.0,0.013849823735654354,9.999999747378752e-05
1933,1.0,0.012637573294341564,9.999999747378752e-05
1934,1.0,0.013914842158555984,9.999999747378752e-05
1935,1.0,0.011655813083052635,9.999999747378752e-05
1936,1.0,0.012810182757675648,9.999999747378752e-05
1937,1.0,0.018501009792089462,9.999999747378752e-05
1938,1.0,0.01411404274404049,9.999999747378752e-05
1939,1.0,0.012850742787122726,9.999999747378752e-05
1940,1.0,0.01517006941139698,9.999999747378752e-05
1941,1.0,0.01359129510819912,9.999999747378752e-05
1942,1.0,0.012772603891789913,9.999999747378752e-05
1943,1.0,0.01564965955913067,9.999999747378752e-05
1944,1.0,0.013423319905996323,9.999999747378752e-05
1945,1.0,0.015996024012565613,9.999999747378752e-05
1946,1.0,0.011228085495531559,9.999999747378752e-05
1947,1.0,0.014498693868517876,9.999999747378752e-05
1948,1.0,0.012851775623857975,9.999999747378752e-05
1949,1.0,0.012470473535358906,9.999999747378752e-05
1950,1.0,0.010737902484834194,9.999999747378752e-05
1951,0.9972375631332397,0.01734945923089981,9.999999747378752e-05
1952,1.0,0.014480180107057095,9.999999747378752e-05
1953,1.0,0.012786018662154675,9.999999747378752e-05
1954,1.0,0.014156370423734188,9.999999747378752e-05
1955,1.0,0.013067268766462803,9.999999747378752e-05
1956,1.0,0.01057712733745575,9.999999747378752e-05
1957,1.0,0.011537822894752026,9.999999747378752e-05
1958,1.0,0.013777336105704308,9.999999747378752e-05
1959,1.0,0.01745976321399212,9.999999747378752e-05
1960,1.0,0.012070732191205025,9.999999747378752e-05
1961,1.0,0.013577301986515522,9.999999747378752e-05
1962,1.0,0.013754360377788544,9.999999747378752e-05
1963,1.0,0.011716458015143871,9.999999747378752e-05
1964,0.9972375631332397,0.015980657190084457,9.999999747378752e-05
1965,0.9972375631332397,0.01810646243393421,9.999999747378752e-05
1966,1.0,0.01728849485516548,9.999999747378752e-05
1967,1.0,0.013399549759924412,9.999999747378752e-05
1968,1.0,0.01568092219531536,9.999999747378752e-05
1969,1.0,0.012556947767734528,9.999999747378752e-05
1970,1.0,0.014221875928342342,9.999999747378752e-05
1971,1.0,0.014342501759529114,9.999999747378752e-05
1972,1.0,0.013349829241633415,9.999999747378752e-05
1973,0.9972375631332397,0.01671290025115013,9.999999747378752e-05
1974,1.0,0.016443992033600807,9.999999747378752e-05
1975,1.0,0.015718957409262657,9.999999747378752e-05
1976,1.0,0.014489284716546535,9.999999747378752e-05
1977,1.0,0.015411450527608395,9.999999747378752e-05
1978,1.0,0.011367037892341614,9.999999747378752e-05
1979,1.0,0.012052546255290508,9.999999747378752e-05
1980,1.0,0.014433790929615498,9.999999747378752e-05
1981,0.9972375631332397,0.015060700476169586,9.999999747378752e-05
1982,1.0,0.011245273984968662,9.999999747378752e-05
1983,1.0,0.01269540749490261,9.999999747378752e-05
1984,0.9972375631332397,0.015653086826205254,9.999999747378752e-05
1985,1.0,0.015403942205011845,9.999999747378752e-05
1986,1.0,0.012531252577900887,9.999999747378752e-05
1987,1.0,0.011125643737614155,9.999999747378752e-05
1988,1.0,0.011934302747249603,9.999999747378752e-05
1989,1.0,0.010930430144071579,9.999999747378752e-05
1990,1.0,0.012583576142787933,9.999999747378752e-05
1991,1.0,0.014453783631324768,9.999999747378752e-05
1992,1.0,0.011605747044086456,9.999999747378752e-05
1993,1.0,0.012280024588108063,9.999999747378752e-05
1994,1.0,0.014485560357570648,9.999999747378752e-05
1995,1.0,0.012601226568222046,9.999999747378752e-05
1996,1.0,0.010753724724054337,9.999999747378752e-05
1997,1.0,0.012767932377755642,9.999999747378752e-05
1998,1.0,0.01291718240827322,9.999999747378752e-05
1999,1.0,0.011023554019629955,9.999999747378752e-05
