,categorical_accuracy,loss,learning_rate
0,0.4017857015132904,2.197849750518799,0.0010000000474974513
1,0.7232142686843872,1.687992811203003,0.0010000000474974513
2,0.7875000238418579,1.3884555101394653,0.0010000000474974513
3,0.8589285612106323,1.1644315719604492,0.0010000000474974513
4,0.9017857313156128,0.9430989027023315,0.0010000000474974513
5,0.9214285612106323,0.7859856486320496,0.0010000000474974513
6,0.9339285492897034,0.6720684766769409,0.0010000000474974513
7,0.9428571462631226,0.5671126246452332,0.0010000000474974513
8,0.9392856955528259,0.5184488296508789,0.0010000000474974513
9,0.9410714507102966,0.45497873425483704,0.0010000000474974513
10,0.9624999761581421,0.38266703486442566,0.0010000000474974513
11,0.9660714268684387,0.3486371338367462,0.0010000000474974513
12,0.9660714268684387,0.32009872794151306,0.0010000000474974513
13,0.9785714149475098,0.273929238319397,0.0010000000474974513
14,0.9767857193946838,0.22021900117397308,0.0010000000474974513
15,0.9785714149475098,0.23117943108081818,0.0010000000474974513
16,0.9839285612106323,0.2158874273300171,0.0010000000474974513
17,0.9910714030265808,0.18207024037837982,0.0010000000474974513
18,0.9910714030265808,0.1441771388053894,0.0010000000474974513
19,0.987500011920929,0.15421687066555023,0.0010000000474974513
20,0.9857142567634583,0.15039758384227753,0.0010000000474974513
21,0.9946428537368774,0.13077041506767273,0.0010000000474974513
22,0.9892857074737549,0.11769275367259979,0.0010000000474974513
23,0.9946428537368774,0.09990473836660385,0.0010000000474974513
24,1.0,0.08592640608549118,0.0010000000474974513
25,0.9982143044471741,0.08489997684955597,0.0010000000474974513
26,1.0,0.06760978698730469,0.0010000000474974513
27,0.9946428537368774,0.0897994413971901,0.0010000000474974513
28,0.9946428537368774,0.08255237340927124,0.0010000000474974513
29,0.9964285492897034,0.0719185546040535,0.0010000000474974513
30,1.0,0.06796030700206757,0.0010000000474974513
31,1.0,0.04095495864748955,0.0010000000474974513
32,1.0,0.033171575516462326,0.0010000000474974513
33,0.9928571581840515,0.04640079289674759,0.0010000000474974513
34,0.9946428537368774,0.07982169091701508,0.0010000000474974513
35,0.9982143044471741,0.057486165314912796,0.0010000000474974513
36,1.0,0.040907829999923706,0.0010000000474974513
37,1.0,0.027125589549541473,0.0010000000474974513
38,1.0,0.023357275873422623,0.0010000000474974513
39,1.0,0.02678726799786091,0.0010000000474974513
40,1.0,0.03335580229759216,0.0010000000474974513
41,1.0,0.020113755017518997,0.0010000000474974513
42,1.0,0.019943522289395332,0.0010000000474974513
43,1.0,0.014543255791068077,0.0010000000474974513
44,1.0,0.01988176256418228,0.0010000000474974513
45,1.0,0.014827847480773926,0.0010000000474974513
46,0.9982143044471741,0.02515709213912487,0.0010000000474974513
47,1.0,0.017878536134958267,0.0010000000474974513
48,1.0,0.016381761059165,0.0010000000474974513
49,1.0,0.02177099511027336,0.0010000000474974513
50,1.0,0.017466487362980843,0.0010000000474974513
51,1.0,0.015046501532196999,0.0010000000474974513
52,0.9857142567634583,0.08551884442567825,0.0010000000474974513
53,0.9946428537368774,0.06610585004091263,0.0010000000474974513
54,0.9910714030265808,0.05339610576629639,0.0010000000474974513
55,1.0,0.03780532255768776,0.0010000000474974513
56,0.9964285492897034,0.031571317464113235,0.0010000000474974513
57,1.0,0.016698667779564857,0.0010000000474974513
58,1.0,0.01124019268900156,0.0010000000474974513
59,1.0,0.008014748804271221,0.0010000000474974513
60,1.0,0.0070343962870538235,0.0010000000474974513
61,1.0,0.007824390195310116,0.0010000000474974513
62,1.0,0.0077375429682433605,0.0010000000474974513
63,1.0,0.006667066365480423,0.0010000000474974513
64,0.9892857074737549,0.04563732445240021,0.0010000000474974513
65,0.9964285492897034,0.04729354381561279,0.0010000000474974513
66,0.9982143044471741,0.02057855948805809,0.0010000000474974513
67,1.0,0.0096452496945858,0.0010000000474974513
68,1.0,0.008059450425207615,0.0010000000474974513
69,1.0,0.008247418329119682,0.0010000000474974513
70,1.0,0.0054941861890256405,0.0010000000474974513
71,1.0,0.004728930536657572,0.0010000000474974513
72,1.0,0.004832474514842033,0.0010000000474974513
73,1.0,0.003660268848761916,0.0010000000474974513
74,1.0,0.003315330483019352,0.0010000000474974513
75,1.0,0.0035990194883197546,0.0010000000474974513
76,1.0,0.003401517868041992,0.0010000000474974513
77,1.0,0.00440581189468503,0.0010000000474974513
78,1.0,0.0036040868144482374,0.0010000000474974513
79,1.0,0.0035853246226906776,0.0010000000474974513
80,1.0,0.0029252301901578903,0.0010000000474974513
81,1.0,0.00255821505561471,0.0010000000474974513
82,1.0,0.003001375822350383,0.0010000000474974513
83,1.0,0.003156705992296338,0.0010000000474974513
84,1.0,0.0037477072328329086,0.0010000000474974513
85,1.0,0.002944851526990533,0.0010000000474974513
86,1.0,0.0026810760609805584,0.0010000000474974513
87,1.0,0.0025558120105415583,0.0010000000474974513
88,1.0,0.002364547224715352,0.0010000000474974513
89,1.0,0.0024768554139882326,0.0010000000474974513
90,1.0,0.002109625842422247,0.0010000000474974513
91,1.0,0.0030795640777796507,0.0010000000474974513
92,0.9928571581840515,0.052157968282699585,0.0010000000474974513
93,0.9714285731315613,0.13242538273334503,0.0010000000474974513
94,0.9839285612106323,0.1250980794429779,0.0010000000474974513
95,0.9946428537368774,0.04927081614732742,0.0010000000474974513
96,0.9964285492897034,0.04271992668509483,0.0010000000474974513
97,1.0,0.016553470864892006,0.0010000000474974513
98,0.9982143044471741,0.02033606357872486,0.0010000000474974513
99,1.0,0.0146316634491086,0.0010000000474974513
100,1.0,0.006194458343088627,0.0010000000474974513
101,1.0,0.004861115012317896,0.0010000000474974513
102,1.0,0.0033446764573454857,0.0010000000474974513
103,1.0,0.0027602065820246935,0.0010000000474974513
104,1.0,0.0024562415201216936,0.0010000000474974513
105,1.0,0.003584999358281493,0.0010000000474974513
106,1.0,0.004616391379386187,0.0010000000474974513
107,1.0,0.002549604047089815,0.0010000000474974513
108,1.0,0.002140143420547247,0.0010000000474974513
109,1.0,0.0020315321162343025,0.0010000000474974513
110,1.0,0.002215153304859996,0.0010000000474974513
111,1.0,0.001854956615716219,0.0010000000474974513
112,1.0,0.0017444118857383728,0.0010000000474974513
113,1.0,0.0020633090753108263,0.0010000000474974513
114,1.0,0.0015411495696753263,0.0010000000474974513
115,1.0,0.0021963142789900303,0.0010000000474974513
116,1.0,0.0014545680023729801,0.0010000000474974513
117,1.0,0.001314161461777985,0.0010000000474974513
118,1.0,0.0015683701494708657,0.0010000000474974513
119,1.0,0.001348089543171227,0.0010000000474974513
120,1.0,0.0013082457007840276,0.0010000000474974513
121,1.0,0.001350023434497416,0.0010000000474974513
122,1.0,0.0012630888959392905,0.0010000000474974513
123,1.0,0.0009958208538591862,0.0010000000474974513
124,1.0,0.0013779979199171066,0.0010000000474974513
125,1.0,0.0017440022202208638,0.0010000000474974513
126,1.0,0.0012916397536173463,0.0010000000474974513
127,1.0,0.0011326102539896965,0.0010000000474974513
128,1.0,0.0011329024564474821,0.0010000000474974513
129,1.0,0.001017124392092228,0.0010000000474974513
130,1.0,0.001492478884756565,0.0010000000474974513
131,1.0,0.001311709638684988,0.0010000000474974513
132,1.0,0.007427793927490711,0.0010000000474974513
133,0.9857142567634583,0.05220635607838631,0.0010000000474974513
134,0.9857142567634583,0.11848204582929611,0.0010000000474974513
135,0.9964285492897034,0.030437592417001724,0.0010000000474974513
136,0.9892857074737549,0.0410657599568367,0.0010000000474974513
137,0.9910714030265808,0.05264121666550636,0.0010000000474974513
138,0.9910714030265808,0.03411655128002167,0.0010000000474974513
139,0.9946428537368774,0.04285233095288277,0.0010000000474974513
140,1.0,0.01037893071770668,0.0010000000474974513
141,1.0,0.004292499739676714,0.0010000000474974513
142,1.0,0.005150239448994398,0.0010000000474974513
143,1.0,0.002474157838150859,0.0010000000474974513
144,1.0,0.0026776900049299,0.0010000000474974513
145,1.0,0.0019866821821779013,0.0010000000474974513
146,1.0,0.0019001892069354653,0.0010000000474974513
147,1.0,0.0019379507284611464,0.0010000000474974513
148,1.0,0.0017905350541695952,0.0010000000474974513
149,1.0,0.0015265137189999223,0.0010000000474974513
150,1.0,0.001277511240914464,0.0010000000474974513
151,1.0,0.0013938586926087737,0.0010000000474974513
152,1.0,0.001351086306385696,0.0010000000474974513
153,1.0,0.001000695745460689,0.0010000000474974513
154,1.0,0.0013295164098963141,0.0010000000474974513
155,1.0,0.0012498240685090423,0.0010000000474974513
156,1.0,0.0009026831830851734,0.0010000000474974513
157,1.0,0.0012589407851919532,0.0010000000474974513
158,1.0,0.001756714191287756,0.0010000000474974513
159,1.0,0.001244890969246626,0.0010000000474974513
160,1.0,0.0009949147934094071,0.0010000000474974513
161,1.0,0.0006960657774470747,0.0010000000474974513
162,1.0,0.0008331006392836571,0.0010000000474974513
163,1.0,0.0009134979918599129,0.0010000000474974513
164,1.0,0.000648391607683152,0.0010000000474974513
165,1.0,0.0010324851609766483,0.0010000000474974513
166,1.0,0.0007534519536420703,0.0010000000474974513
167,1.0,0.0011226870119571686,0.0010000000474974513
168,1.0,0.0029782247729599476,0.0010000000474974513
169,1.0,0.0025749378837645054,0.0010000000474974513
170,1.0,0.001123208086937666,0.0010000000474974513
171,1.0,0.0018037821864709258,0.0010000000474974513
172,1.0,0.01077550183981657,0.0010000000474974513
173,1.0,0.00885753333568573,0.0010000000474974513
174,0.9857142567634583,0.0660851001739502,0.0010000000474974513
175,0.9660714268684387,0.12557291984558105,0.0010000000474974513
176,0.9892857074737549,0.06903278827667236,0.0010000000474974513
177,0.9982143044471741,0.01975882612168789,0.0010000000474974513
178,0.9964285492897034,0.009018396958708763,0.0010000000474974513
179,1.0,0.006205664481967688,0.0010000000474974513
180,1.0,0.002561891684308648,0.0010000000474974513
181,1.0,0.0027561013121157885,0.0010000000474974513
182,1.0,0.002025106456130743,0.0010000000474974513
183,1.0,0.0016602339455857873,0.0010000000474974513
184,1.0,0.001915554516017437,0.0010000000474974513
185,1.0,0.0017537742387503386,0.0010000000474974513
186,1.0,0.0014914078637957573,0.0010000000474974513
187,1.0,0.0012586928205564618,0.0010000000474974513
188,1.0,0.0010563243413344026,0.0010000000474974513
189,1.0,0.0010877567110583186,0.0010000000474974513
190,1.0,0.001033960608765483,0.0010000000474974513
191,1.0,0.0009118291782215238,0.0010000000474974513
192,1.0,0.0009115177672356367,0.0010000000474974513
193,1.0,0.0007568749715574086,0.0010000000474974513
194,1.0,0.0006825283053331077,0.0010000000474974513
195,1.0,0.0008717650198377669,0.0010000000474974513
196,1.0,0.0011066849110648036,0.0010000000474974513
197,1.0,0.0012761758407577872,0.0010000000474974513
198,1.0,0.0008652174146845937,0.0010000000474974513
199,1.0,0.0009281788370572031,0.0010000000474974513
200,1.0,0.0008360820938833058,0.0010000000474974513
201,1.0,0.0006818107212893665,0.0010000000474974513
202,1.0,0.0006597801111638546,0.0010000000474974513
203,1.0,0.0007531152805313468,0.0010000000474974513
204,1.0,0.0006020680302754045,0.0010000000474974513
205,1.0,0.0006470761727541685,0.0010000000474974513
206,1.0,0.0005166673217900097,0.0010000000474974513
207,1.0,0.0005310926353558898,0.0010000000474974513
208,1.0,0.0005908714956603944,0.0010000000474974513
209,1.0,0.000518325949087739,0.0010000000474974513
210,1.0,0.0007395445718429983,0.0010000000474974513
211,1.0,0.00045575611875392497,0.0010000000474974513
212,1.0,0.00036462966818362474,0.0010000000474974513
213,1.0,0.0005583043675869703,0.0010000000474974513
214,1.0,0.0005382667295634747,0.0010000000474974513
215,1.0,0.0004978269571438432,0.0010000000474974513
216,1.0,0.0006015074322931468,0.0010000000474974513
217,1.0,0.0005144128226675093,0.0010000000474974513
218,1.0,0.00045128969941288233,0.0010000000474974513
219,1.0,0.00047205309965647757,0.0010000000474974513
220,1.0,0.0004973684553988278,0.0010000000474974513
221,1.0,0.000709426763933152,0.0010000000474974513
222,1.0,0.00042744234087876976,0.0010000000474974513
223,1.0,0.00033558771247044206,0.0010000000474974513
224,1.0,0.00031969338306225836,0.0010000000474974513
225,1.0,0.00037365788011811674,0.0010000000474974513
226,1.0,0.0002754215383902192,0.0010000000474974513
227,1.0,0.0034992489963769913,0.0010000000474974513
228,0.9857142567634583,0.03507177531719208,0.0010000000474974513
229,0.9785714149475098,0.10248149931430817,0.0010000000474974513
230,0.987500011920929,0.04875070974230766,0.0010000000474974513
231,0.9946428537368774,0.028882121667265892,0.0010000000474974513
232,1.0,0.014467206783592701,0.0010000000474974513
233,1.0,0.0032364828512072563,0.0010000000474974513
234,1.0,0.00413194065913558,0.0010000000474974513
235,1.0,0.0031026266515254974,0.0010000000474974513
236,1.0,0.0020767590031027794,0.0010000000474974513
237,1.0,0.001095526502467692,0.0010000000474974513
238,1.0,0.001674130093306303,0.0010000000474974513
239,1.0,0.0014985514571890235,0.0010000000474974513
240,1.0,0.0012064441107213497,0.0010000000474974513
241,1.0,0.0008726671221666038,0.0010000000474974513
242,1.0,0.0009308779845014215,0.0010000000474974513
243,1.0,0.0007372336694970727,0.0010000000474974513
244,1.0,0.0007592204492539167,0.0010000000474974513
245,1.0,0.0006924194167368114,0.0010000000474974513
246,1.0,0.0010409493697807193,0.0010000000474974513
247,1.0,0.000742209202144295,0.0010000000474974513
248,1.0,0.0006619730265811086,0.0010000000474974513
249,1.0,0.0005954552907496691,0.0010000000474974513
250,1.0,0.0007415479049086571,0.0010000000474974513
251,1.0,0.0005626252968795598,0.0010000000474974513
252,1.0,0.0005731161800213158,0.0010000000474974513
253,1.0,0.0004914655582979321,0.0010000000474974513
254,1.0,0.0005319282645359635,0.0010000000474974513
255,1.0,0.00045426344149746,0.0010000000474974513
256,1.0,0.00046564440708607435,0.0010000000474974513
257,1.0,0.0006061203894205391,0.0010000000474974513
258,1.0,0.00037703459383919835,0.0010000000474974513
259,1.0,0.0005071414634585381,0.0010000000474974513
260,1.0,0.000493720464874059,0.0010000000474974513
261,1.0,0.00041803144267760217,0.0010000000474974513
262,1.0,0.00039357339846901596,0.0010000000474974513
263,1.0,0.00034198802313767374,0.0005000000237487257
264,1.0,0.00046359002590179443,0.0005000000237487257
265,1.0,0.0003549342800397426,0.0005000000237487257
266,1.0,0.00036700055352412164,0.0005000000237487257
267,1.0,0.00047361929318867624,0.0005000000237487257
268,1.0,0.00047691428335383534,0.0005000000237487257
269,1.0,0.00033559175790287554,0.0005000000237487257
270,1.0,0.00021644031221512705,0.0005000000237487257
271,1.0,0.0005677904118783772,0.0005000000237487257
272,1.0,0.0005064191645942628,0.0005000000237487257
273,1.0,0.0003585503436625004,0.0005000000237487257
274,1.0,0.0002748648403212428,0.0005000000237487257
275,1.0,0.0002998192794620991,0.0005000000237487257
276,1.0,0.0003857067204080522,0.0005000000237487257
277,1.0,0.0002691044646780938,0.0005000000237487257
278,1.0,0.00033905330928973854,0.0005000000237487257
279,1.0,0.00029383308719843626,0.0005000000237487257
280,1.0,0.00033968465868383646,0.0005000000237487257
281,1.0,0.00031587047851644456,0.0005000000237487257
282,1.0,0.00029317481676116586,0.0005000000237487257
283,1.0,0.00045981796574778855,0.0005000000237487257
284,1.0,0.00042020820546895266,0.0005000000237487257
285,1.0,0.00027717812918126583,0.0005000000237487257
286,1.0,0.0003235043550375849,0.0005000000237487257
287,1.0,0.00039790349546819925,0.0005000000237487257
288,1.0,0.0003312225453555584,0.0005000000237487257
289,1.0,0.00028182737878523767,0.0005000000237487257
290,1.0,0.0003399641427677125,0.0005000000237487257
291,1.0,0.00031128633418120444,0.0005000000237487257
292,1.0,0.00039149948861449957,0.0005000000237487257
293,1.0,0.0002548806369304657,0.0005000000237487257
294,1.0,0.0006158738397061825,0.0005000000237487257
295,1.0,0.00022317819821182638,0.0005000000237487257
296,1.0,0.00026029147556982934,0.0005000000237487257
297,1.0,0.00022421497851610184,0.0005000000237487257
298,1.0,0.00025352509692311287,0.0005000000237487257
299,1.0,0.00020939542446285486,0.0005000000237487257
300,1.0,0.0002781503717415035,0.0005000000237487257
301,1.0,0.0002026795264100656,0.0005000000237487257
302,1.0,0.00022056989837437868,0.0005000000237487257
303,1.0,0.00021084070613142103,0.0005000000237487257
304,1.0,0.000278898689430207,0.0005000000237487257
305,1.0,0.0002459624665789306,0.0005000000237487257
306,1.0,0.00021700291836168617,0.0005000000237487257
307,1.0,0.000256545637967065,0.0005000000237487257
308,1.0,0.00036379345692694187,0.0005000000237487257
309,1.0,0.00022974189778324217,0.0005000000237487257
310,1.0,0.00018175791774410754,0.0005000000237487257
311,1.0,0.000213293096749112,0.0005000000237487257
312,1.0,0.00018849398475140333,0.0005000000237487257
313,1.0,0.00021227970137260854,0.0005000000237487257
314,1.0,0.000186117336852476,0.0005000000237487257
315,1.0,0.00020894159388262779,0.0005000000237487257
316,1.0,0.00015614648873452097,0.0005000000237487257
317,1.0,0.0002612542302813381,0.0005000000237487257
318,1.0,0.0002368540590396151,0.0005000000237487257
319,1.0,0.00020505141583271325,0.0005000000237487257
320,1.0,0.0002643340267241001,0.0005000000237487257
321,1.0,0.0001706621696939692,0.0002500000118743628
322,1.0,0.00015034932584967464,0.0002500000118743628
323,1.0,0.0001996530481847003,0.0002500000118743628
324,1.0,0.00015460354916285723,0.0002500000118743628
325,1.0,0.00012661016080528498,0.0002500000118743628
326,1.0,0.00029575437656603754,0.0002500000118743628
327,1.0,0.00016533212328795344,0.0002500000118743628
328,1.0,0.000287839473458007,0.0002500000118743628
329,1.0,0.0001431472774129361,0.0002500000118743628
330,1.0,0.00028017000295221806,0.0002500000118743628
331,1.0,0.00017136664246208966,0.0002500000118743628
332,1.0,0.00018285290570929646,0.0002500000118743628
333,1.0,0.00019412201072555035,0.0002500000118743628
334,1.0,0.00012607012467924505,0.0002500000118743628
335,1.0,0.0002145372418453917,0.0002500000118743628
336,1.0,0.0003506019420456141,0.0002500000118743628
337,1.0,0.00017734615539666265,0.0002500000118743628
338,1.0,0.0001350231614196673,0.0002500000118743628
339,1.0,0.00022617785725742579,0.0002500000118743628
340,1.0,0.00015440730203408748,0.0002500000118743628
341,1.0,0.00013082241639494896,0.0002500000118743628
342,1.0,0.0002394186012679711,0.0002500000118743628
343,1.0,0.0001500848593423143,0.0002500000118743628
344,1.0,0.00022562631056644022,0.0002500000118743628
345,1.0,0.00022327194164972752,0.0002500000118743628
346,1.0,0.00018019721028394997,0.0002500000118743628
347,1.0,0.00020708933880086988,0.0002500000118743628
348,1.0,0.00020312832202762365,0.0002500000118743628
349,1.0,0.00015271066513378173,0.0002500000118743628
350,1.0,0.000133941721287556,0.0002500000118743628
351,1.0,0.00020484825654421002,0.0002500000118743628
352,1.0,0.00022944191005080938,0.0002500000118743628
353,1.0,0.00015343881386797875,0.0002500000118743628
354,1.0,0.00015901830920483917,0.0002500000118743628
355,1.0,0.00029559351969510317,0.0002500000118743628
356,1.0,0.00021213509899098426,0.0002500000118743628
357,1.0,0.00018455304962117225,0.0002500000118743628
358,1.0,0.00015987774531822652,0.0002500000118743628
359,1.0,0.00016473964205943048,0.0002500000118743628
360,1.0,0.00010858298628591001,0.0002500000118743628
361,1.0,0.00015277204511221498,0.0002500000118743628
362,1.0,0.0001509510475443676,0.0002500000118743628
363,1.0,0.0001486225228291005,0.0002500000118743628
364,1.0,0.00013284471060615033,0.0002500000118743628
365,1.0,0.0001268734340555966,0.0002500000118743628
366,1.0,0.00013161783863324672,0.0002500000118743628
367,1.0,0.00016798674187157303,0.0002500000118743628
368,1.0,0.00013181650137994438,0.0002500000118743628
369,1.0,0.0001228037290275097,0.0002500000118743628
370,1.0,0.0001094542458304204,0.0002500000118743628
371,1.0,0.00021224234660621732,0.0002500000118743628
372,1.0,0.00012753081682603806,0.0002500000118743628
373,1.0,0.00015070934023242444,0.0002500000118743628
374,1.0,0.00015542902110610157,0.0002500000118743628
375,1.0,0.00018524604092817754,0.0002500000118743628
376,1.0,0.00014888797886669636,0.0002500000118743628
377,1.0,0.00011401177471270785,0.0002500000118743628
378,1.0,0.0001313394313910976,0.0002500000118743628
379,1.0,0.0001419768377672881,0.0002500000118743628
380,1.0,0.00014307198580354452,0.0002500000118743628
381,1.0,0.00010313084203517064,0.0002500000118743628
382,1.0,0.00019656072254292667,0.0002500000118743628
383,1.0,0.0002001653629122302,0.0002500000118743628
384,1.0,0.00016234326176345348,0.0002500000118743628
385,1.0,0.00018355278007220477,0.0002500000118743628
386,1.0,0.0001339739392278716,0.0002500000118743628
387,1.0,9.820119885262102e-05,0.0002500000118743628
388,1.0,0.00012931627861689776,0.0002500000118743628
389,1.0,0.00011505592556204647,0.0002500000118743628
390,1.0,0.00014642895257566124,0.0002500000118743628
391,1.0,0.00010592313628876582,0.0002500000118743628
392,1.0,9.18952573556453e-05,0.0002500000118743628
393,1.0,7.603102130815387e-05,0.0002500000118743628
394,1.0,0.00010275352542521432,0.0002500000118743628
395,1.0,0.00010267911420669407,0.0002500000118743628
396,1.0,9.070080704987049e-05,0.0002500000118743628
397,1.0,0.00010160500823985785,0.0002500000118743628
398,1.0,8.837738278089091e-05,0.0002500000118743628
399,1.0,9.497650171397254e-05,0.0002500000118743628
400,1.0,9.934747504303232e-05,0.0002500000118743628
401,1.0,0.00013707664038520306,0.0002500000118743628
402,1.0,0.0001818878372432664,0.0002500000118743628
403,1.0,0.00018656777683645487,0.0002500000118743628
404,1.0,0.00012591945414897054,0.0002500000118743628
405,1.0,8.576002437621355e-05,0.0002500000118743628
406,1.0,0.00011280347825959325,0.0002500000118743628
407,1.0,0.00012902222806587815,0.0002500000118743628
408,1.0,0.00010914471931755543,0.0002500000118743628
409,1.0,0.00014765480591449887,0.0002500000118743628
410,1.0,8.90122028067708e-05,0.0002500000118743628
411,1.0,0.00015498614811804146,0.0001250000059371814
412,1.0,0.0001484240056015551,0.0001250000059371814
413,1.0,9.3093141913414e-05,0.0001250000059371814
414,1.0,0.00010450185800436884,0.0001250000059371814
415,1.0,8.577656262787059e-05,0.0001250000059371814
416,1.0,6.0886006394866854e-05,0.0001250000059371814
417,1.0,7.626110891578719e-05,0.0001250000059371814
418,1.0,8.101530693238601e-05,0.0001250000059371814
419,1.0,7.795115379849449e-05,0.0001250000059371814
420,1.0,0.00011196939885849133,0.0001250000059371814
421,1.0,0.00010412276606075466,0.0001250000059371814
422,1.0,0.00010159148223465309,0.0001250000059371814
423,1.0,0.0001339120790362358,0.0001250000059371814
424,1.0,6.905554619152099e-05,0.0001250000059371814
425,1.0,0.00016209844034165144,0.0001250000059371814
426,1.0,0.0002401522797299549,0.0001250000059371814
427,1.0,8.63078748807311e-05,0.0001250000059371814
428,1.0,0.00011578118574107066,0.0001250000059371814
429,1.0,0.00038645390304736793,0.0001250000059371814
430,1.0,0.00013459401088766754,0.0001250000059371814
431,1.0,8.072040509432554e-05,0.0001250000059371814
432,1.0,0.00013445201329886913,0.0001250000059371814
433,1.0,7.629103492945433e-05,0.0001250000059371814
434,1.0,0.0001239007106050849,0.0001250000059371814
435,1.0,0.0001027790640364401,0.0001250000059371814
436,1.0,7.982462557265535e-05,0.0001250000059371814
437,1.0,7.285097672138363e-05,0.0001250000059371814
438,1.0,7.386894867522642e-05,0.0001250000059371814
439,1.0,7.581052341265604e-05,0.0001250000059371814
440,1.0,7.301821460714564e-05,0.0001250000059371814
441,1.0,7.006584928603843e-05,0.0001250000059371814
442,1.0,7.278456905623898e-05,0.0001250000059371814
443,1.0,9.377778769703582e-05,0.0001250000059371814
444,1.0,5.3250631026457995e-05,0.0001250000059371814
445,1.0,7.64937067287974e-05,0.0001250000059371814
446,1.0,6.203704833751544e-05,0.0001250000059371814
447,1.0,7.549746806034818e-05,0.0001250000059371814
448,1.0,6.250080332392827e-05,0.0001250000059371814
449,1.0,4.425577571964823e-05,0.0001250000059371814
450,1.0,7.530629954999313e-05,0.0001250000059371814
451,1.0,6.578619650099427e-05,0.0001250000059371814
452,1.0,7.42787669878453e-05,0.0001250000059371814
453,1.0,6.703934195684269e-05,0.0001250000059371814
454,1.0,6.328424206003547e-05,0.0001250000059371814
455,1.0,6.31229268037714e-05,0.0001250000059371814
456,1.0,5.614970359602012e-05,0.0001250000059371814
457,1.0,6.722589751007035e-05,0.0001250000059371814
458,1.0,9.473731188336387e-05,0.0001250000059371814
459,1.0,5.945178054389544e-05,0.0001250000059371814
460,1.0,6.656110781477764e-05,0.0001250000059371814
461,1.0,6.651409057667479e-05,9.999999747378752e-05
462,1.0,8.828008139971644e-05,9.999999747378752e-05
463,1.0,6.68310749460943e-05,9.999999747378752e-05
464,1.0,7.602019468322396e-05,9.999999747378752e-05
465,1.0,5.916943700867705e-05,9.999999747378752e-05
466,1.0,5.112380677019246e-05,9.999999747378752e-05
467,1.0,6.528556696139276e-05,9.999999747378752e-05
468,1.0,7.315431139431894e-05,9.999999747378752e-05
469,1.0,6.666503759333864e-05,9.999999747378752e-05
470,1.0,0.0002506215241737664,9.999999747378752e-05
471,1.0,8.866405551088974e-05,9.999999747378752e-05
472,1.0,6.502394535345957e-05,9.999999747378752e-05
473,1.0,7.854744035284966e-05,9.999999747378752e-05
474,1.0,6.147982639959082e-05,9.999999747378752e-05
475,1.0,9.057894931174815e-05,9.999999747378752e-05
476,1.0,8.114258525893092e-05,9.999999747378752e-05
477,1.0,5.0092770834453404e-05,9.999999747378752e-05
478,1.0,6.465431215474382e-05,9.999999747378752e-05
479,1.0,7.550274312961847e-05,9.999999747378752e-05
480,1.0,8.055686339503154e-05,9.999999747378752e-05
481,1.0,5.6344182667089626e-05,9.999999747378752e-05
482,1.0,4.78197616757825e-05,9.999999747378752e-05
483,1.0,5.220516322879121e-05,9.999999747378752e-05
484,1.0,9.15680211619474e-05,9.999999747378752e-05
485,1.0,4.3739168177125975e-05,9.999999747378752e-05
486,1.0,5.796978803118691e-05,9.999999747378752e-05
487,1.0,5.238743688096292e-05,9.999999747378752e-05
488,1.0,5.831003363709897e-05,9.999999747378752e-05
489,1.0,4.8365011025452986e-05,9.999999747378752e-05
490,1.0,4.245975287631154e-05,9.999999747378752e-05
491,1.0,4.356831414042972e-05,9.999999747378752e-05
492,1.0,0.00011575075768632814,9.999999747378752e-05
493,1.0,8.64528410602361e-05,9.999999747378752e-05
494,1.0,6.495078559964895e-05,9.999999747378752e-05
495,1.0,5.9172078181291e-05,9.999999747378752e-05
496,1.0,6.632366421399638e-05,9.999999747378752e-05
497,1.0,4.231662751408294e-05,9.999999747378752e-05
498,1.0,6.025534094078466e-05,9.999999747378752e-05
499,1.0,6.0395177570171654e-05,9.999999747378752e-05
500,1.0,0.00011544433800736442,9.999999747378752e-05
501,1.0,6.409546767827123e-05,9.999999747378752e-05
502,1.0,4.8457677621627226e-05,9.999999747378752e-05
503,1.0,5.200356099521741e-05,9.999999747378752e-05
504,1.0,4.7548874135827646e-05,9.999999747378752e-05
505,1.0,4.650956907426007e-05,9.999999747378752e-05
506,1.0,3.9418944652425125e-05,9.999999747378752e-05
507,1.0,4.5939392293803394e-05,9.999999747378752e-05
508,1.0,6.651574221905321e-05,9.999999747378752e-05
509,1.0,3.691008168971166e-05,9.999999747378752e-05
510,1.0,4.734347021440044e-05,9.999999747378752e-05
511,1.0,4.368487498140894e-05,9.999999747378752e-05
512,1.0,4.459916817722842e-05,9.999999747378752e-05
513,1.0,5.990423233015463e-05,9.999999747378752e-05
514,1.0,4.54095279565081e-05,9.999999747378752e-05
515,1.0,4.038586121168919e-05,9.999999747378752e-05
516,1.0,5.195958146941848e-05,9.999999747378752e-05
517,1.0,4.470280691748485e-05,9.999999747378752e-05
518,1.0,3.350854240125045e-05,9.999999747378752e-05
519,1.0,2.449801286275033e-05,9.999999747378752e-05
520,1.0,3.4359953133389354e-05,9.999999747378752e-05
521,1.0,3.175228994223289e-05,9.999999747378752e-05
522,1.0,4.3552019633352757e-05,9.999999747378752e-05
523,1.0,4.480459028854966e-05,9.999999747378752e-05
524,1.0,4.1137071093544364e-05,9.999999747378752e-05
525,1.0,4.72189967695158e-05,9.999999747378752e-05
526,1.0,6.665766704827547e-05,9.999999747378752e-05
527,1.0,3.288890729891136e-05,9.999999747378752e-05
528,1.0,3.0026927561266348e-05,9.999999747378752e-05
529,1.0,3.800196645897813e-05,9.999999747378752e-05
530,1.0,0.00011677297879941761,9.999999747378752e-05
531,1.0,5.8231416915077716e-05,9.999999747378752e-05
532,1.0,5.146653711562976e-05,9.999999747378752e-05
533,1.0,3.8461868825834244e-05,9.999999747378752e-05
534,1.0,3.899652438121848e-05,9.999999747378752e-05
535,1.0,4.5813962060492486e-05,9.999999747378752e-05
536,1.0,3.234541873098351e-05,9.999999747378752e-05
537,1.0,4.288758282200433e-05,9.999999747378752e-05
538,1.0,3.154281876049936e-05,9.999999747378752e-05
539,1.0,4.270967110642232e-05,9.999999747378752e-05
540,1.0,3.6820012610405684e-05,9.999999747378752e-05
541,1.0,4.202244235784747e-05,9.999999747378752e-05
542,1.0,3.7125042581465095e-05,9.999999747378752e-05
543,1.0,3.9862788980826735e-05,9.999999747378752e-05
544,1.0,3.2534200727241114e-05,9.999999747378752e-05
545,1.0,4.8857880756258965e-05,9.999999747378752e-05
546,1.0,4.5514683733927086e-05,9.999999747378752e-05
547,1.0,4.572495163301937e-05,9.999999747378752e-05
548,1.0,2.922245766967535e-05,9.999999747378752e-05
549,1.0,2.3069769667927176e-05,9.999999747378752e-05
550,1.0,8.188206265913323e-05,9.999999747378752e-05
551,1.0,3.6297347833169624e-05,9.999999747378752e-05
552,1.0,3.874889080179855e-05,9.999999747378752e-05
553,1.0,3.786370507441461e-05,9.999999747378752e-05
554,1.0,3.66127205779776e-05,9.999999747378752e-05
555,1.0,2.1905640096520074e-05,9.999999747378752e-05
556,1.0,2.3001686713541858e-05,9.999999747378752e-05
557,1.0,2.7470327040646225e-05,9.999999747378752e-05
558,1.0,3.329850733280182e-05,9.999999747378752e-05
559,1.0,3.2655862014507875e-05,9.999999747378752e-05
560,1.0,2.9703669497394003e-05,9.999999747378752e-05
561,1.0,2.754303568508476e-05,9.999999747378752e-05
562,1.0,2.7830088583868928e-05,9.999999747378752e-05
563,1.0,4.281993824406527e-05,9.999999747378752e-05
564,1.0,4.1217528632842004e-05,9.999999747378752e-05
565,1.0,2.8646863938774914e-05,9.999999747378752e-05
566,1.0,3.092054248554632e-05,9.999999747378752e-05
567,1.0,3.2198669941863045e-05,9.999999747378752e-05
568,1.0,3.8155685615492985e-05,9.999999747378752e-05
569,1.0,7.06813734723255e-05,9.999999747378752e-05
570,1.0,3.0136936402413994e-05,9.999999747378752e-05
571,1.0,2.4647271857247688e-05,9.999999747378752e-05
572,1.0,2.6253859687130898e-05,9.999999747378752e-05
573,1.0,2.2530426576850004e-05,9.999999747378752e-05
574,1.0,2.240441790490877e-05,9.999999747378752e-05
575,1.0,2.7216585294809192e-05,9.999999747378752e-05
576,1.0,1.7745469449437223e-05,9.999999747378752e-05
577,1.0,2.6759666070574895e-05,9.999999747378752e-05
578,1.0,4.607515438692644e-05,9.999999747378752e-05
579,1.0,0.000276373844826594,9.999999747378752e-05
580,1.0,0.0007587773725390434,9.999999747378752e-05
581,1.0,0.00031579419737681746,9.999999747378752e-05
582,1.0,0.0001253552472917363,9.999999747378752e-05
583,1.0,6.005433533573523e-05,9.999999747378752e-05
584,1.0,6.511974788736552e-05,9.999999747378752e-05
585,1.0,7.532904419349506e-05,9.999999747378752e-05
586,1.0,8.233283006120473e-05,9.999999747378752e-05
587,1.0,3.405131428735331e-05,9.999999747378752e-05
588,1.0,6.65689367451705e-05,9.999999747378752e-05
589,1.0,5.30632387381047e-05,9.999999747378752e-05
590,1.0,5.6246502936119214e-05,9.999999747378752e-05
591,1.0,4.732765592052601e-05,9.999999747378752e-05
592,1.0,5.521761704585515e-05,9.999999747378752e-05
593,1.0,4.076263212482445e-05,9.999999747378752e-05
594,1.0,4.559658555081114e-05,9.999999747378752e-05
595,1.0,3.9012189517961815e-05,9.999999747378752e-05
596,1.0,2.6423405870446004e-05,9.999999747378752e-05
597,1.0,4.285515024093911e-05,9.999999747378752e-05
598,1.0,4.807214645552449e-05,9.999999747378752e-05
599,1.0,4.549707591650076e-05,9.999999747378752e-05
600,1.0,2.3664084437768906e-05,9.999999747378752e-05
601,1.0,2.8818367354688235e-05,9.999999747378752e-05
602,1.0,2.0890232917736284e-05,9.999999747378752e-05
603,1.0,2.538953958719503e-05,9.999999747378752e-05
604,1.0,3.85375133191701e-05,9.999999747378752e-05
605,1.0,2.4292008674819954e-05,9.999999747378752e-05
606,1.0,2.9555179935414344e-05,9.999999747378752e-05
607,1.0,0.00012947812501806766,9.999999747378752e-05
608,1.0,4.246108073857613e-05,9.999999747378752e-05
609,1.0,2.8984817618038505e-05,9.999999747378752e-05
610,1.0,2.993660200445447e-05,9.999999747378752e-05
611,1.0,4.490329229156487e-05,9.999999747378752e-05
612,1.0,2.510216108930763e-05,9.999999747378752e-05
613,1.0,3.515660864650272e-05,9.999999747378752e-05
614,1.0,2.0656967535614967e-05,9.999999747378752e-05
615,1.0,1.4576896319340449e-05,9.999999747378752e-05
616,1.0,2.24014074774459e-05,9.999999747378752e-05
617,1.0,2.8421058232197538e-05,9.999999747378752e-05
618,1.0,6.0824822867289186e-05,9.999999747378752e-05
619,1.0,2.429976848361548e-05,9.999999747378752e-05
620,1.0,2.2663900381303392e-05,9.999999747378752e-05
621,1.0,2.9225138860056177e-05,9.999999747378752e-05
622,1.0,2.393800241407007e-05,9.999999747378752e-05
623,1.0,1.9787641576840542e-05,9.999999747378752e-05
624,1.0,2.2386942873708904e-05,9.999999747378752e-05
625,1.0,3.764132270589471e-05,9.999999747378752e-05
626,1.0,1.7837162886280566e-05,9.999999747378752e-05
627,1.0,2.3258740839082748e-05,9.999999747378752e-05
628,1.0,3.360881601111032e-05,9.999999747378752e-05
629,1.0,3.343565549585037e-05,9.999999747378752e-05
630,1.0,1.9969236745964736e-05,9.999999747378752e-05
631,1.0,2.371316986682359e-05,9.999999747378752e-05
632,1.0,2.0921044779242948e-05,9.999999747378752e-05
633,1.0,3.57659300789237e-05,9.999999747378752e-05
634,1.0,2.5539600756019354e-05,9.999999747378752e-05
635,1.0,3.411733632674441e-05,9.999999747378752e-05
636,1.0,1.9720502677955665e-05,9.999999747378752e-05
637,1.0,2.0435199985513464e-05,9.999999747378752e-05
638,1.0,2.1082738385302946e-05,9.999999747378752e-05
639,1.0,2.2878844902152196e-05,9.999999747378752e-05
640,1.0,1.4937296327843796e-05,9.999999747378752e-05
641,1.0,1.9395447452552617e-05,9.999999747378752e-05
642,1.0,2.7070303985965438e-05,9.999999747378752e-05
643,1.0,2.4331870008609258e-05,9.999999747378752e-05
644,1.0,1.4650137927674223e-05,9.999999747378752e-05
645,1.0,2.2419904780690558e-05,9.999999747378752e-05
646,1.0,1.7658232536632568e-05,9.999999747378752e-05
647,1.0,2.7475722163217142e-05,9.999999747378752e-05
648,1.0,3.6088222259422764e-05,9.999999747378752e-05
649,1.0,1.6227208107011393e-05,9.999999747378752e-05
650,1.0,1.3761520676780492e-05,9.999999747378752e-05
651,1.0,1.595506546436809e-05,9.999999747378752e-05
652,1.0,1.606343903404195e-05,9.999999747378752e-05
653,1.0,2.117025724146515e-05,9.999999747378752e-05
654,1.0,2.2643254851573147e-05,9.999999747378752e-05
655,1.0,0.00014291159459389746,9.999999747378752e-05
656,1.0,1.6985151887638494e-05,9.999999747378752e-05
657,1.0,7.257634570123628e-05,9.999999747378752e-05
658,1.0,5.974216037429869e-05,9.999999747378752e-05
659,1.0,3.3354626793880016e-05,9.999999747378752e-05
660,1.0,2.3785309167578816e-05,9.999999747378752e-05
661,1.0,1.7682910765870474e-05,9.999999747378752e-05
662,1.0,2.4182430934160948e-05,9.999999747378752e-05
663,1.0,2.3078639060258865e-05,9.999999747378752e-05
664,1.0,2.5922339773387648e-05,9.999999747378752e-05
665,1.0,2.9130578695912845e-05,9.999999747378752e-05
666,1.0,2.2013840862200595e-05,9.999999747378752e-05
667,1.0,1.985421658901032e-05,9.999999747378752e-05
668,1.0,2.958134973596316e-05,9.999999747378752e-05
669,1.0,1.9728839106392115e-05,9.999999747378752e-05
670,1.0,1.3717892215936445e-05,9.999999747378752e-05
671,1.0,1.2795806469512172e-05,9.999999747378752e-05
672,1.0,1.2249319297552574e-05,9.999999747378752e-05
673,1.0,1.379778768750839e-05,9.999999747378752e-05
674,1.0,2.3616370526724495e-05,9.999999747378752e-05
675,1.0,1.7407974155503325e-05,9.999999747378752e-05
676,1.0,1.6463547581224702e-05,9.999999747378752e-05
677,1.0,1.7142470824182965e-05,9.999999747378752e-05
678,1.0,2.608138856885489e-05,9.999999747378752e-05
679,1.0,2.3646245608688332e-05,9.999999747378752e-05
680,1.0,1.9586939743021503e-05,9.999999747378752e-05
681,1.0,1.8608066966407932e-05,9.999999747378752e-05
682,1.0,2.549024429754354e-05,9.999999747378752e-05
683,1.0,1.8274682588526048e-05,9.999999747378752e-05
684,1.0,1.4817476767348126e-05,9.999999747378752e-05
685,1.0,1.8662267393665388e-05,9.999999747378752e-05
686,1.0,2.1718749849242158e-05,9.999999747378752e-05
687,1.0,2.1393019778770395e-05,9.999999747378752e-05
688,1.0,1.2889553545392118e-05,9.999999747378752e-05
689,1.0,1.917176996357739e-05,9.999999747378752e-05
690,1.0,1.028255428536795e-05,9.999999747378752e-05
691,1.0,2.2856351279187948e-05,9.999999747378752e-05
692,1.0,1.3645493709191214e-05,9.999999747378752e-05
693,1.0,4.6482444304274395e-05,9.999999747378752e-05
694,1.0,1.718889870971907e-05,9.999999747378752e-05
695,1.0,1.911008803290315e-05,9.999999747378752e-05
696,1.0,2.8637421564781107e-05,9.999999747378752e-05
697,1.0,1.7524320355732925e-05,9.999999747378752e-05
698,1.0,1.0828111953742336e-05,9.999999747378752e-05
699,1.0,1.8841674318537116e-05,9.999999747378752e-05
700,1.0,1.2007685654680245e-05,9.999999747378752e-05
701,1.0,2.0043271433678456e-05,9.999999747378752e-05
702,1.0,1.3775626030110288e-05,9.999999747378752e-05
703,1.0,1.1902342521352693e-05,9.999999747378752e-05
704,1.0,1.3386466889642179e-05,9.999999747378752e-05
705,1.0,9.952478649211116e-06,9.999999747378752e-05
706,1.0,2.145684811694082e-05,9.999999747378752e-05
707,1.0,1.3806161405227613e-05,9.999999747378752e-05
708,1.0,1.2562867595988791e-05,9.999999747378752e-05
709,1.0,1.4861455383652356e-05,9.999999747378752e-05
710,1.0,1.0461514648341108e-05,9.999999747378752e-05
711,1.0,1.6186178982025012e-05,9.999999747378752e-05
712,1.0,1.5014383279776666e-05,9.999999747378752e-05
713,1.0,1.5840594642213546e-05,9.999999747378752e-05
714,1.0,1.4361724424816202e-05,9.999999747378752e-05
715,1.0,9.386233614350203e-06,9.999999747378752e-05
716,1.0,9.7408619694761e-06,9.999999747378752e-05
717,1.0,8.207222890632693e-06,9.999999747378752e-05
718,1.0,1.5135458852455486e-05,9.999999747378752e-05
719,1.0,1.4424089386011474e-05,9.999999747378752e-05
720,1.0,1.36822163767647e-05,9.999999747378752e-05
721,1.0,1.403158330504084e-05,9.999999747378752e-05
722,1.0,1.2678362509177532e-05,9.999999747378752e-05
723,1.0,1.225320556841325e-05,9.999999747378752e-05
724,1.0,5.7239078159909695e-05,9.999999747378752e-05
725,1.0,4.218304093228653e-05,9.999999747378752e-05
726,1.0,2.335396311536897e-05,9.999999747378752e-05
727,1.0,2.0466943169594742e-05,9.999999747378752e-05
728,1.0,1.3315788237378001e-05,9.999999747378752e-05
729,1.0,1.2450401300156955e-05,9.999999747378752e-05
730,1.0,1.5397694369312376e-05,9.999999747378752e-05
731,1.0,1.1509899195516482e-05,9.999999747378752e-05
732,1.0,1.002948010864202e-05,9.999999747378752e-05
733,1.0,1.4717899830429815e-05,9.999999747378752e-05
734,1.0,1.3633702110382728e-05,9.999999747378752e-05
735,1.0,1.1029561392206233e-05,9.999999747378752e-05
736,1.0,1.4211159395927098e-05,9.999999747378752e-05
737,1.0,1.0138719517271966e-05,9.999999747378752e-05
738,1.0,1.2732842151308432e-05,9.999999747378752e-05
739,1.0,2.316713653272018e-05,9.999999747378752e-05
740,1.0,1.1533843462530058e-05,9.999999747378752e-05
741,1.0,9.422727998753544e-06,9.999999747378752e-05
742,1.0,2.4451046556350775e-05,9.999999747378752e-05
743,1.0,8.194108886527829e-06,9.999999747378752e-05
744,1.0,1.2260148650966585e-05,9.999999747378752e-05
745,1.0,1.376486397930421e-05,9.999999747378752e-05
746,1.0,7.645980076631531e-06,9.999999747378752e-05
747,1.0,7.72382554714568e-06,9.999999747378752e-05
748,1.0,1.256392351933755e-05,9.999999747378752e-05
749,1.0,1.3839680832461454e-05,9.999999747378752e-05
750,1.0,5.8208911468682345e-06,9.999999747378752e-05
751,1.0,1.4006796845933422e-05,9.999999747378752e-05
752,1.0,2.5980569262173958e-05,9.999999747378752e-05
753,1.0,1.3654056601808406e-05,9.999999747378752e-05
754,1.0,1.0621632100082934e-05,9.999999747378752e-05
755,1.0,1.3268616385175847e-05,9.999999747378752e-05
756,1.0,1.0543203643464949e-05,9.999999747378752e-05
757,1.0,1.4005770935909823e-05,9.999999747378752e-05
758,1.0,2.2769012502976693e-05,9.999999747378752e-05
759,1.0,8.152184818754904e-06,9.999999747378752e-05
760,1.0,1.5870784409344196e-05,9.999999747378752e-05
761,1.0,2.2811145754531026e-05,9.999999747378752e-05
762,1.0,2.248402961413376e-05,9.999999747378752e-05
763,1.0,4.420616460265592e-05,9.999999747378752e-05
764,1.0,1.4432246643991675e-05,9.999999747378752e-05
765,1.0,1.4435941011470277e-05,9.999999747378752e-05
766,1.0,1.1871175956912339e-05,9.999999747378752e-05
767,1.0,1.2382753084239084e-05,9.999999747378752e-05
768,1.0,1.0015794941864442e-05,9.999999747378752e-05
769,1.0,2.507782119209878e-05,9.999999747378752e-05
770,1.0,1.1592723240028135e-05,9.999999747378752e-05
771,1.0,2.4241900973720476e-05,9.999999747378752e-05
772,1.0,9.080965355678927e-06,9.999999747378752e-05
773,1.0,1.6590620361967012e-05,9.999999747378752e-05
774,1.0,1.5163446732913144e-05,9.999999747378752e-05
775,1.0,1.0455469237058423e-05,9.999999747378752e-05
776,1.0,2.9666847694898024e-05,9.999999747378752e-05
777,1.0,1.5267640264937654e-05,9.999999747378752e-05
778,1.0,1.7116060917032883e-05,9.999999747378752e-05
779,1.0,9.7856463980861e-06,9.999999747378752e-05
780,1.0,5.1684969548659865e-06,9.999999747378752e-05
781,1.0,6.122022114141146e-06,9.999999747378752e-05
782,1.0,1.3488782315107528e-05,9.999999747378752e-05
783,1.0,8.746339517529123e-06,9.999999747378752e-05
784,1.0,9.057327588379849e-06,9.999999747378752e-05
785,1.0,8.720850019017234e-06,9.999999747378752e-05
786,1.0,7.816737706889398e-06,9.999999747378752e-05
787,1.0,2.9036951673333533e-05,9.999999747378752e-05
788,1.0,1.410758250131039e-05,9.999999747378752e-05
789,1.0,1.4992414435255341e-05,9.999999747378752e-05
790,1.0,1.5772478946018964e-05,9.999999747378752e-05
791,1.0,1.3993038919579703e-05,9.999999747378752e-05
792,1.0,1.0824431228684261e-05,9.999999747378752e-05
793,1.0,6.737650892318925e-06,9.999999747378752e-05
794,1.0,1.467983383918181e-05,9.999999747378752e-05
795,1.0,1.8388402168056928e-05,9.999999747378752e-05
796,1.0,2.1177773305680603e-05,9.999999747378752e-05
797,1.0,1.4271442523750011e-05,9.999999747378752e-05
798,1.0,1.4541315067617688e-05,9.999999747378752e-05
799,1.0,8.23091613710858e-06,9.999999747378752e-05
800,1.0,1.3348349966690876e-05,9.999999747378752e-05
801,1.0,8.496448572259396e-06,9.999999747378752e-05
802,1.0,1.3117298294673674e-05,9.999999747378752e-05
803,1.0,2.38407556025777e-05,9.999999747378752e-05
804,1.0,1.5627920220140368e-05,9.999999747378752e-05
805,1.0,1.128054009313928e-05,9.999999747378752e-05
806,1.0,7.686025128350593e-06,9.999999747378752e-05
807,1.0,1.2609787518158555e-05,9.999999747378752e-05
808,1.0,8.615267688583117e-06,9.999999747378752e-05
809,1.0,4.890894615527941e-06,9.999999747378752e-05
810,1.0,8.699754289409611e-06,9.999999747378752e-05
811,1.0,1.571582652104553e-05,9.999999747378752e-05
812,1.0,1.3318139281182084e-05,9.999999747378752e-05
813,1.0,7.054432444419945e-06,9.999999747378752e-05
814,1.0,6.570291589014232e-06,9.999999747378752e-05
815,1.0,6.16244278717204e-06,9.999999747378752e-05
816,1.0,7.915734386187978e-06,9.999999747378752e-05
817,1.0,1.0904172995651606e-05,9.999999747378752e-05
818,1.0,1.0083913366543129e-05,9.999999747378752e-05
819,1.0,7.439659384544939e-06,9.999999747378752e-05
820,1.0,8.431936294073239e-06,9.999999747378752e-05
821,1.0,5.98232190895942e-06,9.999999747378752e-05
822,1.0,7.295629984582774e-06,9.999999747378752e-05
823,1.0,7.970156730152667e-06,9.999999747378752e-05
824,1.0,1.0055136044684332e-05,9.999999747378752e-05
825,1.0,6.345444944599876e-06,9.999999747378752e-05
826,1.0,4.34293860962498e-06,9.999999747378752e-05
827,1.0,1.2522384167823475e-05,9.999999747378752e-05
828,1.0,9.94232323137112e-06,9.999999747378752e-05
829,1.0,4.562457888823701e-06,9.999999747378752e-05
830,1.0,5.377283287089085e-06,9.999999747378752e-05
831,1.0,6.3864740695862565e-06,9.999999747378752e-05
832,1.0,6.906395356054418e-06,9.999999747378752e-05
833,1.0,4.4955554585612845e-06,9.999999747378752e-05
834,1.0,2.0060215319972485e-05,9.999999747378752e-05
835,1.0,1.4538465620717034e-05,9.999999747378752e-05
836,1.0,1.2455689102353062e-05,9.999999747378752e-05
837,1.0,2.1973241018713452e-05,9.999999747378752e-05
838,1.0,2.8620464945561253e-05,9.999999747378752e-05
839,1.0,1.2299283298489172e-05,9.999999747378752e-05
840,1.0,8.35037644719705e-06,9.999999747378752e-05
841,1.0,1.4064837159821764e-05,9.999999747378752e-05
842,1.0,1.436465754522942e-05,9.999999747378752e-05
843,1.0,7.839569661882706e-06,9.999999747378752e-05
844,1.0,4.959790203429293e-06,9.999999747378752e-05
845,1.0,1.536165837023873e-05,9.999999747378752e-05
846,1.0,1.2776066796504892e-05,9.999999747378752e-05
847,1.0,5.985807092656614e-06,9.999999747378752e-05
848,1.0,8.687933586770669e-06,9.999999747378752e-05
849,1.0,5.0541570999484975e-06,9.999999747378752e-05
850,1.0,1.804245766834356e-05,9.999999747378752e-05
851,1.0,7.348452982114395e-06,9.999999747378752e-05
852,1.0,7.598593583679758e-06,9.999999747378752e-05
853,1.0,6.967261015233817e-06,9.999999747378752e-05
854,1.0,8.174924914783332e-06,9.999999747378752e-05
855,1.0,4.512772648013197e-06,9.999999747378752e-05
856,1.0,6.691768703603884e-06,9.999999747378752e-05
857,1.0,6.752709396096179e-06,9.999999747378752e-05
858,1.0,4.17364663007902e-06,9.999999747378752e-05
859,1.0,7.085839570208918e-06,9.999999747378752e-05
860,1.0,4.803397132491227e-06,9.999999747378752e-05
861,1.0,5.118468379805563e-06,9.999999747378752e-05
862,1.0,6.695971478620777e-06,9.999999747378752e-05
863,1.0,1.1714038919308223e-05,9.999999747378752e-05
864,1.0,8.582092050346546e-06,9.999999747378752e-05
865,1.0,6.559028406627476e-06,9.999999747378752e-05
866,1.0,1.206960132549284e-05,9.999999747378752e-05
867,1.0,1.3883496649214067e-05,9.999999747378752e-05
868,1.0,4.561305104289204e-06,9.999999747378752e-05
869,1.0,5.636339210468577e-06,9.999999747378752e-05
870,1.0,3.417422931306646e-06,9.999999747378752e-05
871,1.0,6.775444944651099e-06,9.999999747378752e-05
872,1.0,4.720398464996833e-06,9.999999747378752e-05
873,1.0,5.584215159615269e-06,9.999999747378752e-05
874,1.0,4.474573415791383e-06,9.999999747378752e-05
875,1.0,5.422968115453841e-06,9.999999747378752e-05
876,1.0,7.0525584305869415e-06,9.999999747378752e-05
877,1.0,3.612639193306677e-05,9.999999747378752e-05
878,1.0,0.0002780867216642946,9.999999747378752e-05
879,1.0,0.00020519604731816798,9.999999747378752e-05
880,1.0,4.1841976781142876e-05,9.999999747378752e-05
881,1.0,6.461022712755948e-05,9.999999747378752e-05
882,1.0,2.6065708880196325e-05,9.999999747378752e-05
883,1.0,1.8816312149283476e-05,9.999999747378752e-05
884,1.0,3.7888356018811464e-05,9.999999747378752e-05
885,1.0,1.964479270100128e-05,9.999999747378752e-05
886,1.0,1.5591738701914437e-05,9.999999747378752e-05
887,1.0,1.6862841221154667e-05,9.999999747378752e-05
888,1.0,1.6237458112300374e-05,9.999999747378752e-05
889,1.0,1.0354012374591548e-05,9.999999747378752e-05
890,1.0,1.8040751456283033e-05,9.999999747378752e-05
891,1.0,1.0323862625227775e-05,9.999999747378752e-05
892,1.0,9.32694547373103e-06,9.999999747378752e-05
893,1.0,1.5218417502183001e-05,9.999999747378752e-05
894,1.0,1.3945547834737226e-05,9.999999747378752e-05
895,1.0,8.011610589164775e-06,9.999999747378752e-05
896,1.0,9.109992788580712e-06,9.999999747378752e-05
897,1.0,8.044458809308708e-06,9.999999747378752e-05
898,1.0,2.1231413484201767e-05,9.999999747378752e-05
899,1.0,1.225699634233024e-05,9.999999747378752e-05
900,1.0,9.267627319786698e-06,9.999999747378752e-05
901,1.0,1.1587465451157186e-05,9.999999747378752e-05
902,1.0,1.811108086258173e-05,9.999999747378752e-05
903,1.0,6.9354227889562026e-06,9.999999747378752e-05
904,1.0,7.038318017293932e-06,9.999999747378752e-05
905,1.0,7.903014193288982e-06,9.999999747378752e-05
906,1.0,1.08458425529534e-05,9.999999747378752e-05
907,1.0,7.793671102263033e-06,9.999999747378752e-05
908,1.0,4.3064308556495234e-05,9.999999747378752e-05
909,1.0,6.800150458730059e-06,9.999999747378752e-05
910,1.0,1.0563662726781331e-05,9.999999747378752e-05
911,1.0,1.1798687410191633e-05,9.999999747378752e-05
912,1.0,1.2750419955409598e-05,9.999999747378752e-05
913,1.0,5.807046363770496e-06,9.999999747378752e-05
914,1.0,8.178800271707587e-06,9.999999747378752e-05
915,1.0,7.5110992838745005e-06,9.999999747378752e-05
916,1.0,7.339593594224425e-06,9.999999747378752e-05
917,1.0,9.691359991848003e-06,9.999999747378752e-05
918,1.0,7.457987976522418e-06,9.999999747378752e-05
919,1.0,7.598178399348399e-06,9.999999747378752e-05
920,1.0,6.34568277746439e-06,9.999999747378752e-05
921,1.0,1.2586994671437424e-05,9.999999747378752e-05
922,1.0,1.1004286534443963e-05,9.999999747378752e-05
923,1.0,9.976564797398169e-06,9.999999747378752e-05
924,1.0,6.880980436108075e-06,9.999999747378752e-05
925,1.0,5.151332970854128e-06,9.999999747378752e-05
926,1.0,7.462505891453475e-06,9.999999747378752e-05
927,1.0,5.121341928315815e-06,9.999999747378752e-05
928,1.0,7.610632565047126e-06,9.999999747378752e-05
929,1.0,2.310271156602539e-05,9.999999747378752e-05
930,1.0,6.6340949160803575e-06,9.999999747378752e-05
931,1.0,6.7877349465561565e-06,9.999999747378752e-05
932,1.0,1.1826663467218168e-05,9.999999747378752e-05
933,1.0,6.526267043227563e-06,9.999999747378752e-05
934,1.0,4.629442173609277e-06,9.999999747378752e-05
935,1.0,4.946131866745418e-06,9.999999747378752e-05
936,1.0,5.858273652847856e-06,9.999999747378752e-05
937,1.0,7.1868489612825215e-06,9.999999747378752e-05
938,1.0,2.964434997920762e-06,9.999999747378752e-05
939,1.0,5.687414613930741e-06,9.999999747378752e-05
940,1.0,1.4969510630180594e-05,9.999999747378752e-05
941,1.0,3.1670822409068933e-06,9.999999747378752e-05
942,1.0,4.3341769924154505e-06,9.999999747378752e-05
943,1.0,7.861990525270812e-06,9.999999747378752e-05
944,1.0,5.387109922594391e-06,9.999999747378752e-05
945,1.0,5.058258921053493e-06,9.999999747378752e-05
946,1.0,2.7353780751582235e-06,9.999999747378752e-05
947,1.0,7.134602583391825e-06,9.999999747378752e-05
948,1.0,4.637750862457324e-06,9.999999747378752e-05
949,1.0,1.2709296242974233e-05,9.999999747378752e-05
950,1.0,9.142312592302915e-06,9.999999747378752e-05
951,1.0,3.5395962640905054e-06,9.999999747378752e-05
952,1.0,4.485741555981804e-06,9.999999747378752e-05
953,1.0,6.132404450909235e-06,9.999999747378752e-05
954,1.0,1.2164561667304952e-05,9.999999747378752e-05
955,1.0,6.106340606493177e-06,9.999999747378752e-05
956,1.0,8.951138624979649e-06,9.999999747378752e-05
957,1.0,5.379665708460379e-06,9.999999747378752e-05
958,1.0,5.305279501044424e-06,9.999999747378752e-05
959,1.0,5.223456355452072e-06,9.999999747378752e-05
960,1.0,3.139180080324877e-06,9.999999747378752e-05
961,1.0,3.555141802280559e-06,9.999999747378752e-05
962,1.0,3.89377964893356e-06,9.999999747378752e-05
963,1.0,1.3811389180773403e-05,9.999999747378752e-05
964,1.0,6.192397904669633e-06,9.999999747378752e-05
965,1.0,5.847942702530418e-06,9.999999747378752e-05
966,1.0,5.148403488419717e-06,9.999999747378752e-05
967,1.0,3.2904370073083555e-06,9.999999747378752e-05
968,1.0,4.332051048550056e-06,9.999999747378752e-05
969,1.0,4.277644165995298e-06,9.999999747378752e-05
970,1.0,3.5995988127979217e-06,9.999999747378752e-05
971,1.0,2.655764774317504e-06,9.999999747378752e-05
972,1.0,3.696810153996921e-06,9.999999747378752e-05
973,1.0,3.828659828286618e-06,9.999999747378752e-05
974,1.0,3.3699309369694674e-06,9.999999747378752e-05
975,1.0,4.236734639562201e-06,9.999999747378752e-05
976,1.0,3.1274958018912002e-06,9.999999747378752e-05
977,1.0,3.5461841889627976e-06,9.999999747378752e-05
978,1.0,4.012483714177506e-06,9.999999747378752e-05
979,1.0,5.09821893501794e-06,9.999999747378752e-05
980,1.0,3.476986648820457e-06,9.999999747378752e-05
981,1.0,2.9441973765642615e-06,9.999999747378752e-05
982,1.0,3.0881028578733094e-06,9.999999747378752e-05
983,1.0,2.7281489565211814e-06,9.999999747378752e-05
984,1.0,3.849009772238787e-06,9.999999747378752e-05
985,1.0,3.5320804272487294e-06,9.999999747378752e-05
986,1.0,3.7056317978567677e-06,9.999999747378752e-05
987,1.0,3.2015741453506052e-06,9.999999747378752e-05
988,1.0,4.573797468765406e-06,9.999999747378752e-05
989,1.0,2.210245156675228e-06,9.999999747378752e-05
990,1.0,3.857939191220794e-06,9.999999747378752e-05
991,1.0,3.124058139292174e-06,9.999999747378752e-05
992,1.0,4.490500941756181e-06,9.999999747378752e-05
993,1.0,2.237494754808722e-06,9.999999747378752e-05
994,1.0,2.62569642472954e-06,9.999999747378752e-05
995,1.0,3.321194071759237e-06,9.999999747378752e-05
996,1.0,4.2767087506945245e-06,9.999999747378752e-05
997,1.0,2.6164034352404997e-06,9.999999747378752e-05
998,1.0,4.7862013161648065e-06,9.999999747378752e-05
999,1.0,5.549674369831337e-06,9.999999747378752e-05
1000,1.0,3.489278924462269e-06,9.999999747378752e-05
1001,1.0,2.700916638787021e-06,9.999999747378752e-05
1002,1.0,2.5878591713990318e-06,9.999999747378752e-05
1003,1.0,4.396290478325682e-06,9.999999747378752e-05
1004,1.0,3.314130253784242e-06,9.999999747378752e-05
1005,1.0,3.3046944736270234e-06,9.999999747378752e-05
1006,1.0,3.998045485786861e-06,9.999999747378752e-05
1007,1.0,3.87713316740701e-06,9.999999747378752e-05
1008,1.0,3.542343165463535e-06,9.999999747378752e-05
1009,1.0,5.745315775129711e-06,9.999999747378752e-05
1010,1.0,4.690015430242056e-06,9.999999747378752e-05
1011,1.0,3.256239779148018e-06,9.999999747378752e-05
1012,1.0,2.6449097276781686e-06,9.999999747378752e-05
1013,1.0,5.582665835390799e-06,9.999999747378752e-05
1014,1.0,3.348786776768975e-06,9.999999747378752e-05
1015,1.0,3.841796115011675e-06,9.999999747378752e-05
1016,1.0,6.810618742747465e-06,9.999999747378752e-05
1017,1.0,2.9755058221780928e-06,9.999999747378752e-05
1018,1.0,2.7634780508378753e-06,9.999999747378752e-05
1019,1.0,1.942666358445422e-06,9.999999747378752e-05
1020,1.0,3.0788962703809375e-06,9.999999747378752e-05
1021,1.0,3.5582188502303325e-06,9.999999747378752e-05
1022,1.0,2.1331657080736477e-06,9.999999747378752e-05
1023,1.0,3.648552592494525e-06,9.999999747378752e-05
1024,1.0,2.248981672892114e-06,9.999999747378752e-05
1025,1.0,4.4450443965615705e-06,9.999999747378752e-05
1026,1.0,3.0384576348296832e-06,9.999999747378752e-05
1027,1.0,2.286860308231553e-06,9.999999747378752e-05
1028,1.0,3.521272446960211e-06,9.999999747378752e-05
1029,1.0,4.885487669525901e-06,9.999999747378752e-05
1030,1.0,4.543973773252219e-06,9.999999747378752e-05
1031,1.0,2.8134209060226567e-06,9.999999747378752e-05
1032,1.0,2.3143265934777446e-06,9.999999747378752e-05
1033,1.0,1.7134093468484934e-06,9.999999747378752e-05
1034,1.0,2.863068175429362e-06,9.999999747378752e-05
1035,1.0,4.256121883372543e-06,9.999999747378752e-05
1036,1.0,2.603169377835002e-06,9.999999747378752e-05
1037,1.0,4.106292180949822e-06,9.999999747378752e-05
1038,1.0,2.2655851807940053e-06,9.999999747378752e-05
1039,1.0,3.041412355742068e-06,9.999999747378752e-05
1040,1.0,2.3441266421286855e-06,9.999999747378752e-05
1041,1.0,2.9929251468274742e-06,9.999999747378752e-05
1042,1.0,2.5420417841814924e-06,9.999999747378752e-05
1043,1.0,5.747932391386712e-06,9.999999747378752e-05
1044,1.0,4.697492386185331e-06,9.999999747378752e-05
1045,1.0,2.7771143322752323e-06,9.999999747378752e-05
1046,1.0,3.747921937247156e-06,9.999999747378752e-05
1047,1.0,3.164722329529468e-06,9.999999747378752e-05
1048,1.0,2.561863539085607e-06,9.999999747378752e-05
1049,1.0,4.550782705337042e-06,9.999999747378752e-05
1050,1.0,2.8788399504264817e-06,9.999999747378752e-05
1051,1.0,4.820392405235907e-06,9.999999747378752e-05
1052,1.0,4.269033070158912e-06,9.999999747378752e-05
1053,1.0,2.4652199499541894e-06,9.999999747378752e-05
1054,1.0,3.721265329659218e-06,9.999999747378752e-05
1055,1.0,1.941802565852413e-06,9.999999747378752e-05
1056,1.0,3.3394394449715037e-06,9.999999747378752e-05
1057,1.0,5.419737135525793e-06,9.999999747378752e-05
1058,1.0,2.674480811037938e-06,9.999999747378752e-05
1059,1.0,1.8272817214892711e-06,9.999999747378752e-05
1060,1.0,3.32725403495715e-06,9.999999747378752e-05
1061,1.0,1.940324636962032e-06,9.999999747378752e-05
1062,1.0,2.7287646844342817e-06,9.999999747378752e-05
1063,1.0,2.1088997073093196e-06,9.999999747378752e-05
1064,1.0,1.4298610722107696e-06,9.999999747378752e-05
1065,1.0,1.317255510002724e-06,9.999999747378752e-05
1066,1.0,4.177755272394279e-06,9.999999747378752e-05
1067,1.0,9.833085641730577e-06,9.999999747378752e-05
1068,1.0,0.00018221070058643818,9.999999747378752e-05
1069,0.9982143044471741,0.003997584339231253,9.999999747378752e-05
1070,1.0,0.00010790493251988664,9.999999747378752e-05
1071,1.0,9.756645158631727e-05,9.999999747378752e-05
1072,1.0,3.082541297771968e-05,9.999999747378752e-05
1073,1.0,2.9058508516754955e-05,9.999999747378752e-05
1074,1.0,3.418786218389869e-05,9.999999747378752e-05
1075,1.0,2.3012487872620113e-05,9.999999747378752e-05
1076,1.0,3.3693704608595e-05,9.999999747378752e-05
1077,1.0,2.9516028007492423e-05,9.999999747378752e-05
1078,1.0,5.649031663779169e-05,9.999999747378752e-05
1079,1.0,5.8364003052702174e-05,9.999999747378752e-05
1080,1.0,3.570755507098511e-05,9.999999747378752e-05
1081,1.0,3.340025432407856e-05,9.999999747378752e-05
1082,1.0,8.551514474675059e-05,9.999999747378752e-05
1083,1.0,2.1283287424012087e-05,9.999999747378752e-05
1084,1.0,2.5775041649467312e-05,9.999999747378752e-05
1085,1.0,1.973797770915553e-05,9.999999747378752e-05
1086,1.0,2.3702916223555803e-05,9.999999747378752e-05
1087,1.0,2.190027225879021e-05,9.999999747378752e-05
1088,1.0,1.0912657671724446e-05,9.999999747378752e-05
1089,1.0,2.1366955479606986e-05,9.999999747378752e-05
1090,1.0,1.5958727090037428e-05,9.999999747378752e-05
1091,1.0,1.4698989616590552e-05,9.999999747378752e-05
1092,1.0,1.3098391718813218e-05,9.999999747378752e-05
1093,1.0,2.472469350323081e-05,9.999999747378752e-05
1094,1.0,1.0579786248854361e-05,9.999999747378752e-05
1095,1.0,1.3888738067180384e-05,9.999999747378752e-05
1096,1.0,1.5702415112173185e-05,9.999999747378752e-05
1097,1.0,1.545205850561615e-05,9.999999747378752e-05
1098,1.0,1.287374925595941e-05,9.999999747378752e-05
1099,1.0,1.1131702194688842e-05,9.999999747378752e-05
1100,1.0,1.155748850578675e-05,9.999999747378752e-05
1101,1.0,1.320071896770969e-05,9.999999747378752e-05
1102,1.0,1.0919440683210269e-05,9.999999747378752e-05
1103,1.0,1.1753299986594357e-05,9.999999747378752e-05
1104,1.0,8.16893680166686e-06,9.999999747378752e-05
1105,1.0,1.2350881661404856e-05,9.999999747378752e-05
1106,1.0,1.2299351510591805e-05,9.999999747378752e-05
1107,1.0,8.542113391740713e-06,9.999999747378752e-05
1108,1.0,1.061154489434557e-05,9.999999747378752e-05
1109,1.0,1.4902636394253932e-05,9.999999747378752e-05
1110,1.0,1.2733290532196406e-05,9.999999747378752e-05
1111,1.0,1.2368419447739143e-05,9.999999747378752e-05
1112,1.0,9.977897207136266e-06,9.999999747378752e-05
1113,1.0,8.881867870513815e-06,9.999999747378752e-05
1114,1.0,1.1151048056490254e-05,9.999999747378752e-05
1115,1.0,1.0351805940445047e-05,9.999999747378752e-05
1116,1.0,7.780447958793957e-06,9.999999747378752e-05
1117,1.0,1.1771047866204754e-05,9.999999747378752e-05
1118,1.0,6.777002454327885e-06,9.999999747378752e-05
1119,1.0,1.8002221622737125e-05,9.999999747378752e-05
1120,1.0,1.290825275646057e-05,9.999999747378752e-05
1121,1.0,1.1219519365113229e-05,9.999999747378752e-05
1122,1.0,1.9254159269621596e-05,9.999999747378752e-05
1123,1.0,4.610136238625273e-05,9.999999747378752e-05
1124,1.0,7.4068448157049716e-06,9.999999747378752e-05
1125,1.0,8.863312359608244e-06,9.999999747378752e-05
1126,1.0,1.3212837075116113e-05,9.999999747378752e-05
1127,1.0,7.354382432822604e-06,9.999999747378752e-05
1128,1.0,8.535035703971516e-06,9.999999747378752e-05
1129,1.0,1.2671801414398942e-05,9.999999747378752e-05
1130,1.0,8.193310350179672e-06,9.999999747378752e-05
1131,1.0,7.1418894549424294e-06,9.999999747378752e-05
1132,1.0,1.0868313438550103e-05,9.999999747378752e-05
1133,1.0,6.842315087851603e-06,9.999999747378752e-05
1134,1.0,8.79138406162383e-06,9.999999747378752e-05
1135,1.0,9.046502782439347e-06,9.999999747378752e-05
1136,1.0,9.110902283282485e-06,9.999999747378752e-05
1137,1.0,1.4532576642523054e-05,9.999999747378752e-05
1138,1.0,9.128901183430571e-06,9.999999747378752e-05
1139,1.0,6.459600626840256e-06,9.999999747378752e-05
1140,1.0,1.183360018330859e-05,9.999999747378752e-05
1141,1.0,9.901421435642987e-06,9.999999747378752e-05
1142,1.0,4.684397026721854e-06,9.999999747378752e-05
1143,1.0,6.123074399511097e-06,9.999999747378752e-05
1144,1.0,1.5208650438580662e-05,9.999999747378752e-05
1145,1.0,9.560229045746382e-06,9.999999747378752e-05
1146,1.0,9.22278832149459e-06,9.999999747378752e-05
1147,1.0,1.1128475307486951e-05,9.999999747378752e-05
1148,1.0,4.976821401214693e-06,9.999999747378752e-05
1149,1.0,2.6521782274357975e-05,9.999999747378752e-05
1150,1.0,1.2097807484678924e-05,9.999999747378752e-05
1151,1.0,5.53856989427004e-06,9.999999747378752e-05
1152,1.0,1.1314481525914744e-05,9.999999747378752e-05
1153,1.0,5.084087661089143e-06,9.999999747378752e-05
1154,1.0,1.2603640243469272e-05,9.999999747378752e-05
1155,1.0,2.0396033505676314e-05,9.999999747378752e-05
1156,1.0,6.750438842573203e-06,9.999999747378752e-05
1157,1.0,2.2623231416218914e-05,9.999999747378752e-05
1158,1.0,4.765235644299537e-06,9.999999747378752e-05
1159,1.0,4.548280685412465e-06,9.999999747378752e-05
1160,1.0,5.842499376740307e-06,9.999999747378752e-05
1161,1.0,4.669007466873154e-06,9.999999747378752e-05
1162,1.0,6.2329063439392485e-06,9.999999747378752e-05
1163,1.0,3.815002855844796e-06,9.999999747378752e-05
1164,1.0,4.939313384966226e-06,9.999999747378752e-05
1165,1.0,5.578780019277474e-06,9.999999747378752e-05
1166,1.0,5.348004833649611e-06,9.999999747378752e-05
1167,1.0,1.0195747563557234e-05,9.999999747378752e-05
1168,1.0,6.652799129369669e-06,9.999999747378752e-05
1169,1.0,3.9533956623927224e-06,9.999999747378752e-05
1170,1.0,7.622745670232689e-06,9.999999747378752e-05
1171,1.0,4.867157258559018e-06,9.999999747378752e-05
1172,1.0,4.123781309317565e-06,9.999999747378752e-05
1173,1.0,4.3897866817133036e-06,9.999999747378752e-05
1174,1.0,4.318439096095972e-06,9.999999747378752e-05
1175,1.0,1.3799027328786906e-05,9.999999747378752e-05
1176,1.0,5.20578305440722e-06,9.999999747378752e-05
1177,1.0,7.433028713421663e-06,9.999999747378752e-05
1178,1.0,2.597239245005767e-06,9.999999747378752e-05
1179,1.0,3.4438148759363685e-06,9.999999747378752e-05
1180,1.0,4.73678665002808e-06,9.999999747378752e-05
1181,1.0,5.243076429906068e-06,9.999999747378752e-05
1182,1.0,5.564439106819918e-06,9.999999747378752e-05
1183,1.0,6.687555469397921e-06,9.999999747378752e-05
1184,1.0,4.913584234600421e-06,9.999999747378752e-05
1185,1.0,6.629890322074061e-06,9.999999747378752e-05
1186,1.0,3.0518970106641063e-06,9.999999747378752e-05
1187,1.0,3.875449237966677e-06,9.999999747378752e-05
1188,1.0,5.323233926901594e-05,9.999999747378752e-05
1189,1.0,1.4787616237299517e-05,9.999999747378752e-05
1190,1.0,6.709817625960568e-06,9.999999747378752e-05
1191,1.0,5.559480541705852e-06,9.999999747378752e-05
1192,1.0,6.722777925460832e-06,9.999999747378752e-05
1193,1.0,5.1362221711315215e-06,9.999999747378752e-05
1194,1.0,3.3482303933851654e-06,9.999999747378752e-05
1195,1.0,6.972308710828656e-06,9.999999747378752e-05
1196,1.0,6.777423550374806e-06,9.999999747378752e-05
1197,1.0,5.341175437933998e-06,9.999999747378752e-05
1198,1.0,3.745387630260666e-06,9.999999747378752e-05
1199,1.0,5.619111561827594e-06,9.999999747378752e-05
1200,1.0,3.936528173653642e-06,9.999999747378752e-05
1201,1.0,3.7181021070864517e-06,9.999999747378752e-05
1202,1.0,3.654527972685173e-06,9.999999747378752e-05
1203,1.0,3.3224198432435514e-06,9.999999747378752e-05
1204,1.0,3.7059221540403087e-06,9.999999747378752e-05
1205,1.0,8.380724466405809e-06,9.999999747378752e-05
1206,1.0,4.869096756010549e-06,9.999999747378752e-05
1207,1.0,2.3609482013853267e-06,9.999999747378752e-05
1208,1.0,1.0141758139070589e-05,9.999999747378752e-05
1209,1.0,5.097979737911373e-06,9.999999747378752e-05
1210,1.0,3.212416004316765e-06,9.999999747378752e-05
1211,1.0,3.421673454795382e-06,9.999999747378752e-05
1212,1.0,7.485584319510963e-06,9.999999747378752e-05
1213,1.0,8.067197086347733e-06,9.999999747378752e-05
1214,1.0,3.5363809729460627e-06,9.999999747378752e-05
1215,1.0,3.91226285501034e-06,9.999999747378752e-05
1216,1.0,3.3690214422676945e-06,9.999999747378752e-05
1217,1.0,2.319637360415072e-06,9.999999747378752e-05
1218,1.0,2.477991756677511e-06,9.999999747378752e-05
1219,1.0,1.5931360621834756e-06,9.999999747378752e-05
1220,1.0,2.734962890826864e-06,9.999999747378752e-05
1221,1.0,2.4899513846321497e-06,9.999999747378752e-05
1222,1.0,2.705365432120743e-06,9.999999747378752e-05
1223,1.0,3.259650156905991e-06,9.999999747378752e-05
1224,1.0,3.567237399693113e-06,9.999999747378752e-05
1225,1.0,3.215826836822089e-06,9.999999747378752e-05
1226,1.0,3.3673263715172652e-06,9.999999747378752e-05
1227,1.0,2.9929356060165446e-06,9.999999747378752e-05
1228,1.0,2.271116045449162e-06,9.999999747378752e-05
1229,1.0,1.6670032891852316e-06,9.999999747378752e-05
1230,1.0,3.227220531698549e-06,9.999999747378752e-05
1231,1.0,2.5160886707453756e-06,9.999999747378752e-05
1232,1.0,3.0641822377219796e-06,9.999999747378752e-05
1233,1.0,4.044384695589542e-06,9.999999747378752e-05
1234,1.0,7.4213521656929515e-06,9.999999747378752e-05
1235,1.0,1.8615575072544743e-06,9.999999747378752e-05
1236,1.0,2.539320576033788e-06,9.999999747378752e-05
1237,1.0,2.1410601220850367e-06,9.999999747378752e-05
1238,1.0,2.6337977487855824e-06,9.999999747378752e-05
1239,1.0,1.9935359887313098e-06,9.999999747378752e-05
1240,1.0,2.237876287836116e-06,9.999999747378752e-05
1241,1.0,2.5862811980914557e-06,9.999999747378752e-05
1242,1.0,3.403483788133599e-06,9.999999747378752e-05
1243,1.0,2.2551546408067225e-06,9.999999747378752e-05
1244,1.0,3.2381929031544132e-06,9.999999747378752e-05
1245,1.0,1.0401681720395572e-05,9.999999747378752e-05
1246,1.0,3.2773059501778334e-06,9.999999747378752e-05
1247,1.0,6.053278866602341e-06,9.999999747378752e-05
1248,1.0,2.019090288740699e-06,9.999999747378752e-05
1249,1.0,1.8117427771358052e-06,9.999999747378752e-05
1250,1.0,2.1723483314417535e-06,9.999999747378752e-05
1251,1.0,4.517523393587908e-06,9.999999747378752e-05
1252,1.0,1.5426868458234821e-06,9.999999747378752e-05
1253,1.0,1.5173502561083296e-06,9.999999747378752e-05
1254,1.0,2.9281598017405486e-06,9.999999747378752e-05
1255,1.0,1.5661000816180604e-06,9.999999747378752e-05
1256,1.0,2.989043650813983e-06,9.999999747378752e-05
1257,1.0,3.2747041132097365e-06,9.999999747378752e-05
1258,1.0,2.7294058781990316e-06,9.999999747378752e-05
1259,1.0,2.3462632725568255e-06,9.999999747378752e-05
1260,1.0,2.1831513095094124e-06,9.999999747378752e-05
1261,1.0,2.075499196507735e-06,9.999999747378752e-05
1262,1.0,3.209727537978324e-06,9.999999747378752e-05
1263,1.0,2.61272043644567e-06,9.999999747378752e-05
1264,1.0,1.852185278039542e-06,9.999999747378752e-05
1265,1.0,1.6399444575654343e-06,9.999999747378752e-05
1266,1.0,1.0216723239864223e-05,9.999999747378752e-05
1267,1.0,1.8360218518864713e-06,9.999999747378752e-05
1268,1.0,3.3012825042533223e-06,9.999999747378752e-05
1269,1.0,2.3720097033219645e-06,9.999999747378752e-05
1270,1.0,3.0257242542575113e-06,9.999999747378752e-05
1271,1.0,2.490919086994836e-06,9.999999747378752e-05
1272,1.0,2.4661017050675582e-06,9.999999747378752e-05
1273,1.0,1.6874340644790209e-06,9.999999747378752e-05
1274,1.0,1.686151335889008e-06,9.999999747378752e-05
1275,1.0,3.3605369935685303e-06,9.999999747378752e-05
1276,1.0,2.06016329684644e-06,9.999999747378752e-05
1277,1.0,2.141891400242457e-06,9.999999747378752e-05
1278,1.0,1.5550299394817557e-06,9.999999747378752e-05
1279,1.0,2.080363856293843e-06,9.999999747378752e-05
1280,1.0,2.901399966503959e-06,9.999999747378752e-05
1281,1.0,1.3551141364587238e-06,9.999999747378752e-05
1282,1.0,2.2896645077707944e-06,9.999999747378752e-05
1283,1.0,1.6905656821109005e-06,9.999999747378752e-05
1284,1.0,1.5497087133553578e-06,9.999999747378752e-05
1285,1.0,3.848121195915155e-06,9.999999747378752e-05
1286,1.0,3.546531161191524e-06,9.999999747378752e-05
1287,1.0,1.4775375802855706e-06,9.999999747378752e-05
1288,1.0,7.400552021863405e-06,9.999999747378752e-05
1289,1.0,6.792952717660228e-06,9.999999747378752e-05
1290,1.0,1.518830913482816e-06,9.999999747378752e-05
1291,1.0,2.8697131710941903e-06,9.999999747378752e-05
1292,1.0,1.3772836382486275e-06,9.999999747378752e-05
1293,1.0,1.593343768035993e-06,9.999999747378752e-05
1294,1.0,2.5525216642563464e-06,9.999999747378752e-05
1295,1.0,1.8023753227680572e-06,9.999999747378752e-05
1296,1.0,3.4430152027198346e-06,9.999999747378752e-05
1297,1.0,1.7340402109766728e-06,9.999999747378752e-05
1298,1.0,8.884189810487442e-06,9.999999747378752e-05
1299,1.0,6.864285751362331e-06,9.999999747378752e-05
1300,1.0,5.194109689909965e-06,9.999999747378752e-05
1301,1.0,1.9294013782200636e-06,9.999999747378752e-05
1302,1.0,5.724414677388268e-06,9.999999747378752e-05
1303,1.0,3.891647793352604e-06,9.999999747378752e-05
1304,1.0,2.1193204702285584e-06,9.999999747378752e-05
1305,1.0,1.9317901660542702e-06,9.999999747378752e-05
1306,1.0,2.3756206246616784e-06,9.999999747378752e-05
1307,1.0,1.7329838328805636e-06,9.999999747378752e-05
1308,1.0,1.6574050505369087e-06,9.999999747378752e-05
1309,1.0,2.0133079488005023e-06,9.999999747378752e-05
1310,1.0,3.7126842471479904e-06,9.999999747378752e-05
1311,1.0,1.7597964188098558e-06,9.999999747378752e-05
1312,1.0,1.1269394235569052e-06,9.999999747378752e-05
1313,1.0,3.945008757000323e-06,9.999999747378752e-05
1314,1.0,4.358850674179848e-06,9.999999747378752e-05
1315,1.0,1.501166366324469e-06,9.999999747378752e-05
1316,1.0,1.611653146937897e-06,9.999999747378752e-05
1317,1.0,2.622987722133985e-06,9.999999747378752e-05
1318,1.0,1.1720751444954658e-06,9.999999747378752e-05
1319,1.0,1.476471538808255e-06,9.999999747378752e-05
1320,1.0,1.6280174577332218e-06,9.999999747378752e-05
1321,1.0,1.300220674238517e-06,9.999999747378752e-05
1322,1.0,4.085459750058362e-06,9.999999747378752e-05
1323,1.0,2.523514467611676e-06,9.999999747378752e-05
1324,1.0,2.4768664843577426e-06,9.999999747378752e-05
1325,1.0,1.5739612990728347e-06,9.999999747378752e-05
1326,1.0,9.67929281614488e-07,9.999999747378752e-05
1327,1.0,9.504761351308844e-07,9.999999747378752e-05
1328,1.0,1.8474866010365076e-06,9.999999747378752e-05
1329,1.0,1.2553052783914609e-06,9.999999747378752e-05
1330,1.0,1.5022247907836572e-06,9.999999747378752e-05
1331,1.0,1.4822147704762756e-06,9.999999747378752e-05
1332,1.0,1.331083694822155e-06,9.999999747378752e-05
1333,1.0,1.7582613054401008e-06,9.999999747378752e-05
1334,1.0,1.5550232319583301e-06,9.999999747378752e-05
1335,1.0,1.8140754036721773e-06,9.999999747378752e-05
1336,1.0,4.3489603740454186e-06,9.999999747378752e-05
1337,1.0,2.9937802992208162e-06,9.999999747378752e-05
1338,1.0,2.5820390874287114e-06,9.999999747378752e-05
1339,1.0,1.8210773760074517e-06,9.999999747378752e-05
1340,1.0,3.3370779419783503e-06,9.999999747378752e-05
1341,1.0,9.30891530970257e-07,9.999999747378752e-05
1342,1.0,1.428790142199432e-06,9.999999747378752e-05
1343,1.0,1.1152327488161973e-06,9.999999747378752e-05
1344,1.0,1.5756613720441237e-06,9.999999747378752e-05
1345,1.0,6.91836078203778e-07,9.999999747378752e-05
1346,1.0,1.584606025062385e-06,9.999999747378752e-05
1347,1.0,1.187397970170423e-06,9.999999747378752e-05
1348,1.0,6.784605375287356e-06,9.999999747378752e-05
1349,1.0,2.5282024580519646e-06,9.999999747378752e-05
1350,1.0,1.4668992207589326e-06,9.999999747378752e-05
1351,1.0,1.02796298051544e-06,9.999999747378752e-05
1352,1.0,1.7940759562407038e-06,9.999999747378752e-05
1353,1.0,1.2301802598813083e-06,9.999999747378752e-05
1354,1.0,2.07284438147326e-06,9.999999747378752e-05
1355,1.0,1.2565819815790746e-06,9.999999747378752e-05
1356,1.0,3.035862846445525e-06,9.999999747378752e-05
1357,1.0,1.1056547464249888e-06,9.999999747378752e-05
1358,1.0,8.314821684507478e-07,9.999999747378752e-05
1359,1.0,1.3336324400370358e-06,9.999999747378752e-05
1360,1.0,1.099266796700249e-06,9.999999747378752e-05
1361,1.0,1.4753894674868206e-06,9.999999747378752e-05
1362,1.0,1.0973519692925038e-06,9.999999747378752e-05
1363,1.0,1.0464669912835234e-06,9.999999747378752e-05
1364,1.0,1.2525357533377246e-06,9.999999747378752e-05
1365,1.0,7.778373856126564e-07,9.999999747378752e-05
1366,1.0,1.2084726677130675e-06,9.999999747378752e-05
1367,1.0,2.3082434381649364e-06,9.999999747378752e-05
1368,1.0,9.245062528862036e-07,9.999999747378752e-05
1369,1.0,1.3983440112497192e-06,9.999999747378752e-05
1370,1.0,1.0837104582606116e-06,9.999999747378752e-05
1371,1.0,2.215073891420616e-06,9.999999747378752e-05
1372,1.0,1.377477019559592e-06,9.999999747378752e-05
1373,1.0,1.0464646038599312e-06,9.999999747378752e-05
1374,1.0,2.14066176340566e-06,9.999999747378752e-05
1375,1.0,2.0528959794319235e-06,9.999999747378752e-05
1376,1.0,1.4937140804249793e-06,9.999999747378752e-05
1377,1.0,1.2895726513306727e-06,9.999999747378752e-05
1378,1.0,7.759187496958475e-07,9.999999747378752e-05
1379,1.0,8.700110925019544e-07,9.999999747378752e-05
1380,1.0,2.2952087874728022e-06,9.999999747378752e-05
1381,1.0,1.5075352166604716e-06,9.999999747378752e-05
1382,1.0,1.191017418022966e-06,9.999999747378752e-05
1383,1.0,3.0301525839604437e-06,9.999999747378752e-05
1384,1.0,1.3860026228940114e-06,9.999999747378752e-05
1385,1.0,2.44933039539319e-06,9.999999747378752e-05
1386,1.0,9.96882704384916e-07,9.999999747378752e-05
1387,1.0,9.660151363277691e-07,9.999999747378752e-05
1388,1.0,1.0947995860988158e-06,9.999999747378752e-05
1389,1.0,1.7088210597648867e-06,9.999999747378752e-05
1390,1.0,1.0200568567597657e-06,9.999999747378752e-05
1391,1.0,8.167941700776282e-07,9.999999747378752e-05
1392,1.0,9.025758913594473e-07,9.999999747378752e-05
1393,1.0,1.0134779131476535e-06,9.999999747378752e-05
1394,1.0,1.6016357449188945e-06,9.999999747378752e-05
1395,1.0,1.4345324643727508e-06,9.999999747378752e-05
1396,1.0,8.661732522341481e-07,9.999999747378752e-05
1397,1.0,8.58084888477606e-07,9.999999747378752e-05
1398,1.0,1.3891643675378873e-06,9.999999747378752e-05
1399,1.0,6.269105483625026e-07,9.999999747378752e-05
1400,1.0,5.768858386545617e-07,9.999999747378752e-05
1401,1.0,8.866130656315363e-07,9.999999747378752e-05
1402,1.0,9.843211046245415e-07,9.999999747378752e-05
1403,1.0,8.895914334061672e-07,9.999999747378752e-05
1404,1.0,1.9236240405007266e-06,9.999999747378752e-05
1405,1.0,7.537821602454642e-07,9.999999747378752e-05
1406,1.0,9.628159887142829e-07,9.999999747378752e-05
1407,1.0,6.509641252705478e-07,9.999999747378752e-05
1408,1.0,1.1131036217193468e-06,9.999999747378752e-05
1409,1.0,1.8157014665121096e-06,9.999999747378752e-05
1410,1.0,9.057705483428435e-07,9.999999747378752e-05
1411,1.0,1.3849233937435201e-06,9.999999747378752e-05
1412,1.0,7.512271622545086e-07,9.999999747378752e-05
1413,1.0,8.110412181849824e-07,9.999999747378752e-05
1414,1.0,8.740428825149138e-07,9.999999747378752e-05
1415,1.0,1.0113444659509696e-06,9.999999747378752e-05
1416,1.0,1.3353367194213206e-06,9.999999747378752e-05
1417,1.0,1.2448628012862173e-06,9.999999747378752e-05
1418,1.0,4.455435771433258e-07,9.999999747378752e-05
1419,1.0,1.2184758588773548e-06,9.999999747378752e-05
1420,1.0,1.5320091506509925e-06,9.999999747378752e-05
1421,1.0,1.0956508731396752e-06,9.999999747378752e-05
1422,1.0,1.2042078196827788e-06,9.999999747378752e-05
1423,1.0,1.3317095408638124e-06,9.999999747378752e-05
1424,1.0,8.614933335593378e-07,9.999999747378752e-05
1425,1.0,6.745941618646611e-07,9.999999747378752e-05
1426,1.0,2.7516189220477827e-06,9.999999747378752e-05
1427,1.0,9.828310112425243e-07,9.999999747378752e-05
1428,1.0,1.1382162483641878e-06,9.999999747378752e-05
1429,1.0,4.580484528560191e-06,9.999999747378752e-05
1430,1.0,4.789527793036541e-06,9.999999747378752e-05
1431,1.0,3.933498646802036e-06,9.999999747378752e-05
1432,1.0,1.135872480517719e-06,9.999999747378752e-05
1433,1.0,2.3015566057438264e-06,9.999999747378752e-05
1434,1.0,4.227498720865697e-06,9.999999747378752e-05
1435,1.0,1.5038995115901344e-06,9.999999747378752e-05
1436,1.0,3.2717834983486682e-06,9.999999747378752e-05
1437,1.0,2.367894239796442e-06,9.999999747378752e-05
1438,1.0,1.4702933412991115e-06,9.999999747378752e-05
1439,1.0,2.0803277038794477e-06,9.999999747378752e-05
1440,1.0,7.522911005253263e-07,9.999999747378752e-05
1441,1.0,1.0907554042205447e-06,9.999999747378752e-05
1442,1.0,1.5933383110677823e-06,9.999999747378752e-05
1443,1.0,7.901832645984541e-07,9.999999747378752e-05
1444,1.0,1.5849799410716514e-06,9.999999747378752e-05
1445,1.0,4.99613008742017e-07,9.999999747378752e-05
1446,1.0,1.211442167914356e-06,9.999999747378752e-05
1447,1.0,1.9846149825752946e-06,9.999999747378752e-05
1448,1.0,1.3578998050434166e-06,9.999999747378752e-05
1449,1.0,8.461664151582227e-07,9.999999747378752e-05
1450,1.0,7.431368658217252e-07,9.999999747378752e-05
1451,1.0,1.2497690704549314e-06,9.999999747378752e-05
1452,1.0,9.766582707015914e-07,9.999999747378752e-05
1453,1.0,6.613960294998833e-07,9.999999747378752e-05
1454,1.0,5.03752744407393e-06,9.999999747378752e-05
1455,1.0,8.103668733383529e-06,9.999999747378752e-05
1456,1.0,7.209000614238903e-06,9.999999747378752e-05
1457,1.0,1.955638026629458e-06,9.999999747378752e-05
1458,1.0,1.8408601363262278e-06,9.999999747378752e-05
1459,1.0,1.2425081195033272e-06,9.999999747378752e-05
1460,1.0,1.0892679256357951e-06,9.999999747378752e-05
1461,1.0,1.9637166133179562e-06,9.999999747378752e-05
1462,1.0,1.2105942914786283e-06,9.999999747378752e-05
1463,1.0,1.2110139095966588e-06,9.999999747378752e-05
1464,1.0,9.389763704348297e-07,9.999999747378752e-05
1465,1.0,1.5094219634192996e-06,9.999999747378752e-05
1466,1.0,1.0535012506807107e-06,9.999999747378752e-05
1467,1.0,2.5056046979443636e-06,9.999999747378752e-05
1468,1.0,2.0131396922806744e-06,9.999999747378752e-05
1469,1.0,1.6656928210068145e-06,9.999999747378752e-05
1470,1.0,9.000228828881518e-07,9.999999747378752e-05
1471,1.0,1.657817392697325e-06,9.999999747378752e-05
1472,1.0,1.0752097523436532e-06,9.999999747378752e-05
1473,1.0,9.323757126367127e-07,9.999999747378752e-05
1474,1.0,1.130772147917014e-06,9.999999747378752e-05
1475,1.0,7.17166358299437e-07,9.999999747378752e-05
1476,1.0,9.19819910905062e-07,9.999999747378752e-05
1477,1.0,3.3158885344164446e-06,9.999999747378752e-05
1478,1.0,1.460482167203736e-06,9.999999747378752e-05
1479,1.0,8.804193498690438e-07,9.999999747378752e-05
1480,1.0,1.0741416645032587e-06,9.999999747378752e-05
1481,1.0,3.894306701113237e-06,9.999999747378752e-05
1482,1.0,1.0173019973080955e-06,9.999999747378752e-05
1483,1.0,7.99123995420814e-07,9.999999747378752e-05
1484,1.0,7.848622090023127e-07,9.999999747378752e-05
1485,1.0,7.525054002144316e-07,9.999999747378752e-05
1486,1.0,6.741579909430584e-06,9.999999747378752e-05
1487,1.0,5.422362664830871e-05,9.999999747378752e-05
1488,1.0,3.661276423372328e-05,9.999999747378752e-05
1489,1.0,8.180001714208629e-06,9.999999747378752e-05
1490,1.0,2.558482492531766e-06,9.999999747378752e-05
1491,1.0,2.839612761817989e-06,9.999999747378752e-05
1492,1.0,1.8006394384428859e-06,9.999999747378752e-05
1493,1.0,1.7180730083055096e-06,9.999999747378752e-05
1494,1.0,4.420424374984577e-06,9.999999747378752e-05
1495,1.0,1.4036777429282665e-06,9.999999747378752e-05
1496,1.0,2.374762061663205e-06,9.999999747378752e-05
1497,1.0,3.3293888463958865e-06,9.999999747378752e-05
1498,1.0,2.710460421440075e-06,9.999999747378752e-05
1499,1.0,1.5094706213858444e-06,9.999999747378752e-05
1500,1.0,1.9654214611364296e-06,9.999999747378752e-05
1501,1.0,1.343625058325415e-06,9.999999747378752e-05
1502,1.0,1.705290060272091e-06,9.999999747378752e-05
1503,1.0,2.1921425741311396e-06,9.999999747378752e-05
1504,1.0,1.5771636299177771e-06,9.999999747378752e-05
1505,1.0,9.992222658183891e-07,9.999999747378752e-05
1506,1.0,9.11517929580441e-07,9.999999747378752e-05
1507,1.0,4.832223226003407e-07,9.999999747378752e-05
1508,1.0,8.974637921710382e-07,9.999999747378752e-05
1509,1.0,1.4011208122610697e-06,9.999999747378752e-05
1510,1.0,1.0926577260761405e-06,9.999999747378752e-05
1511,1.0,9.534467722005502e-07,9.999999747378752e-05
1512,1.0,1.3266020459923311e-06,9.999999747378752e-05
1513,1.0,1.8783304085445707e-06,9.999999747378752e-05
1514,1.0,1.1799459116446087e-06,9.999999747378752e-05
1515,1.0,1.5967384570103604e-06,9.999999747378752e-05
1516,1.0,1.1371583923391881e-06,9.999999747378752e-05
1517,1.0,3.084441004830296e-06,9.999999747378752e-05
1518,1.0,5.202597890274774e-07,9.999999747378752e-05
1519,1.0,1.0096553069161018e-06,9.999999747378752e-05
1520,1.0,1.3785244163955213e-06,9.999999747378752e-05
1521,1.0,2.789850668705185e-06,9.999999747378752e-05
1522,1.0,1.3485384897649055e-06,9.999999747378752e-05
1523,1.0,1.0688173688322422e-06,9.999999747378752e-05
1524,1.0,7.416479661515041e-07,9.999999747378752e-05
1525,1.0,6.473429721154389e-07,9.999999747378752e-05
1526,1.0,1.718497173897049e-06,9.999999747378752e-05
1527,1.0,1.4692003560412559e-06,9.999999747378752e-05
1528,1.0,6.635240765717754e-07,9.999999747378752e-05
1529,1.0,1.6939696934059612e-06,9.999999747378752e-05
1530,1.0,7.671906701034459e-07,9.999999747378752e-05
1531,1.0,1.871047629720124e-06,9.999999747378752e-05
1532,1.0,4.891816729468701e-07,9.999999747378752e-05
1533,1.0,1.125636799770291e-06,9.999999747378752e-05
1534,1.0,1.4383564348463551e-06,9.999999747378752e-05
1535,1.0,2.328477648916305e-06,9.999999747378752e-05
1536,1.0,1.283394112761016e-06,9.999999747378752e-05
1537,1.0,2.0764955479535274e-06,9.999999747378752e-05
1538,1.0,8.114715797091776e-07,9.999999747378752e-05
1539,1.0,8.91717547801818e-07,9.999999747378752e-05
1540,1.0,6.469124400609871e-07,9.999999747378752e-05
1541,1.0,6.222273327693983e-07,9.999999747378752e-05
1542,1.0,7.94225456957065e-07,9.999999747378752e-05
1543,1.0,9.71336362454167e-07,9.999999747378752e-05
1544,1.0,6.122223226157075e-07,9.999999747378752e-05
1545,1.0,1.5675605027354322e-06,9.999999747378752e-05
1546,1.0,7.154614536375448e-07,9.999999747378752e-05
1547,1.0,8.138087537190586e-07,9.999999747378752e-05
1548,1.0,8.233892572206969e-07,9.999999747378752e-05
1549,1.0,5.5495723927379e-07,9.999999747378752e-05
1550,1.0,7.561235406683409e-07,9.999999747378752e-05
1551,1.0,8.150877306434268e-07,9.999999747378752e-05
1552,1.0,1.390803731737833e-06,9.999999747378752e-05
1553,1.0,5.157911573405727e-07,9.999999747378752e-05
1554,1.0,1.3753589200860006e-06,9.999999747378752e-05
1555,1.0,6.577765816473402e-07,9.999999747378752e-05
1556,1.0,1.1177475016665994e-06,9.999999747378752e-05
1557,1.0,5.685831752089143e-07,9.999999747378752e-05
1558,1.0,6.771433618268929e-07,9.999999747378752e-05
1559,1.0,6.109443688728788e-07,9.999999747378752e-05
1560,1.0,6.95665050898242e-07,9.999999747378752e-05
1561,1.0,2.9344353151827818e-06,9.999999747378752e-05
1562,1.0,4.974841658622609e-07,9.999999747378752e-05
1563,1.0,8.391375558858272e-07,9.999999747378752e-05
1564,1.0,5.187708893572562e-07,9.999999747378752e-05
1565,1.0,5.040817541157594e-07,9.999999747378752e-05
1566,1.0,8.54437246289308e-07,9.999999747378752e-05
1567,1.0,6.994980026320263e-07,9.999999747378752e-05
1568,1.0,7.5761204243463e-07,9.999999747378752e-05
1569,1.0,1.8571754480944946e-06,9.999999747378752e-05
1570,1.0,5.515540237865935e-07,9.999999747378752e-05
1571,1.0,1.281458821722481e-06,9.999999747378752e-05
1572,1.0,1.2489134633142385e-06,9.999999747378752e-05
1573,1.0,7.469689080608077e-07,9.999999747378752e-05
1574,1.0,3.3484928962934646e-07,9.999999747378752e-05
1575,1.0,9.666463256507996e-07,9.999999747378752e-05
1576,1.0,3.197352498318651e-07,9.999999747378752e-05
1577,1.0,5.51766561329714e-07,9.999999747378752e-05
1578,1.0,1.463658577449678e-06,9.999999747378752e-05
1579,1.0,5.575139994107303e-07,9.999999747378752e-05
1580,1.0,4.5171609031058324e-07,9.999999747378752e-05
1581,1.0,2.701141283978359e-06,9.999999747378752e-05
1582,1.0,1.2929048125442932e-06,9.999999747378752e-05
1583,1.0,1.0732932196333422e-06,9.999999747378752e-05
1584,1.0,1.3257066484584357e-06,9.999999747378752e-05
1585,1.0,5.845477062393911e-07,9.999999747378752e-05
1586,1.0,9.579065363141126e-07,9.999999747378752e-05
1587,1.0,4.378800610993494e-07,9.999999747378752e-05
1588,1.0,8.106098903226666e-07,9.999999747378752e-05
1589,1.0,5.69221185742208e-07,9.999999747378752e-05
1590,1.0,4.287254569135257e-07,9.999999747378752e-05
1591,1.0,7.19080446742737e-07,9.999999747378752e-05
1592,1.0,4.050974098390725e-07,9.999999747378752e-05
1593,1.0,6.039201139174111e-07,9.999999747378752e-05
1594,1.0,5.56447446342645e-07,9.999999747378752e-05
1595,1.0,4.295777102925058e-07,9.999999747378752e-05
1596,1.0,5.753926188845071e-07,9.999999747378752e-05
1597,1.0,3.76998514184379e-07,9.999999747378752e-05
1598,1.0,5.481424523168243e-07,9.999999747378752e-05
1599,1.0,3.12923077672167e-07,9.999999747378752e-05
1600,1.0,4.832201057070051e-07,9.999999747378752e-05
1601,1.0,4.348999311787338e-07,9.999999747378752e-05
1602,1.0,8.659357604301476e-07,9.999999747378752e-05
1603,1.0,5.590008527178725e-07,9.999999747378752e-05
1604,1.0,3.9743312640894146e-07,9.999999747378752e-05
1605,1.0,1.5083680864336202e-06,9.999999747378752e-05
1606,1.0,5.613451889985299e-07,9.999999747378752e-05
1607,1.0,1.2127092077207635e-06,9.999999747378752e-05
1608,1.0,4.985467398910259e-07,9.999999747378752e-05
1609,1.0,3.801893342370022e-07,9.999999747378752e-05
1610,1.0,1.6164955241038115e-06,9.999999747378752e-05
1611,1.0,1.1696829460561275e-06,9.999999747378752e-05
1612,1.0,9.87930548035365e-07,9.999999747378752e-05
1613,1.0,6.002965164952911e-07,9.999999747378752e-05
1614,1.0,3.793398093421274e-07,9.999999747378752e-05
1615,1.0,7.175873406595201e-07,9.999999747378752e-05
1616,1.0,7.022568411230168e-07,9.999999747378752e-05
1617,1.0,5.947660497440665e-07,9.999999747378752e-05
1618,1.0,4.0360737330047414e-07,9.999999747378752e-05
1619,1.0,6.064714739295596e-07,9.999999747378752e-05
1620,1.0,4.691720505434205e-07,9.999999747378752e-05
1621,1.0,6.677761348328204e-07,9.999999747378752e-05
1622,1.0,3.2207643130277575e-07,9.999999747378752e-05
1623,1.0,3.1313666681853647e-07,9.999999747378752e-05
1624,1.0,4.2234029251631e-07,9.999999747378752e-05
1625,1.0,3.6465161201704177e-07,9.999999747378752e-05
1626,1.0,6.76296338042448e-07,9.999999747378752e-05
1627,1.0,1.75782872702257e-06,9.999999747378752e-05
1628,1.0,4.268098621196259e-07,9.999999747378752e-05
1629,1.0,9.417271940037608e-07,9.999999747378752e-05
1630,1.0,8.695810151948535e-07,9.999999747378752e-05
1631,1.0,1.0208976846115547e-06,9.999999747378752e-05
1632,1.0,1.5157812640609336e-06,9.999999747378752e-05
1633,1.0,4.280869632111717e-07,9.999999747378752e-05
1634,1.0,8.08905554094963e-07,9.999999747378752e-05
1635,1.0,5.347343403627747e-07,9.999999747378752e-05
1636,1.0,5.745416729041608e-07,9.999999747378752e-05
1637,1.0,2.603441373594251e-07,9.999999747378752e-05
1638,1.0,9.685436452855356e-07,9.999999747378752e-05
1639,1.0,1.4312983012132463e-06,9.999999747378752e-05
1640,1.0,4.94076971335744e-07,9.999999747378752e-05
1641,1.0,5.798602273898723e-07,9.999999747378752e-05
1642,1.0,5.641108486997837e-07,9.999999747378752e-05
1643,1.0,2.873790094781725e-07,9.999999747378752e-05
1644,1.0,8.472259764857881e-07,9.999999747378752e-05
1645,1.0,6.062601300982351e-07,9.999999747378752e-05
1646,1.0,4.4958744638279313e-07,9.999999747378752e-05
1647,1.0,9.415242061550089e-07,9.999999747378752e-05
1648,1.0,2.6928353236144176e-07,9.999999747378752e-05
1649,1.0,1.0200643600910553e-06,9.999999747378752e-05
1650,1.0,6.845978077762993e-07,9.999999747378752e-05
1651,1.0,2.6864628921430267e-07,9.999999747378752e-05
1652,1.0,6.145542670310533e-07,9.999999747378752e-05
1653,1.0,3.2271537975248066e-07,9.999999747378752e-05
1654,1.0,1.2258366268724785e-06,9.999999747378752e-05
1655,1.0,4.31703256253968e-07,9.999999747378752e-05
1656,1.0,5.602762485068524e-07,9.999999747378752e-05
1657,1.0,3.523044824760291e-07,9.999999747378752e-05
1658,1.0,2.7162630544808053e-07,9.999999747378752e-05
1659,1.0,1.2641767170862295e-06,9.999999747378752e-05
1660,1.0,4.849215429203468e-07,9.999999747378752e-05
1661,1.0,8.806450182419212e-07,9.999999747378752e-05
1662,1.0,3.2915800147748087e-06,9.999999747378752e-05
1663,1.0,7.418514087476069e-07,9.999999747378752e-05
1664,1.0,4.258656190359034e-06,9.999999747378752e-05
1665,1.0,7.31201798771508e-05,9.999999747378752e-05
1666,1.0,0.0007673856453038752,9.999999747378752e-05
1667,0.9982143044471741,0.009511634707450867,9.999999747378752e-05
1668,1.0,0.0002461214899085462,9.999999747378752e-05
1669,1.0,7.765022019157186e-05,9.999999747378752e-05
1670,1.0,7.53648710087873e-05,9.999999747378752e-05
1671,1.0,0.00010243345604976639,9.999999747378752e-05
1672,1.0,0.00012307550059631467,9.999999747378752e-05
1673,1.0,3.7318230170058087e-05,9.999999747378752e-05
1674,1.0,2.419328666292131e-05,9.999999747378752e-05
1675,1.0,3.251853559049778e-05,9.999999747378752e-05
1676,1.0,2.9710559829254635e-05,9.999999747378752e-05
1677,1.0,6.853328522993252e-05,9.999999747378752e-05
1678,1.0,1.954875551746227e-05,9.999999747378752e-05
1679,1.0,2.2270345652941614e-05,9.999999747378752e-05
1680,1.0,1.9890794646926224e-05,9.999999747378752e-05
1681,1.0,1.6352136299246922e-05,9.999999747378752e-05
1682,1.0,1.8488690329832025e-05,9.999999747378752e-05
1683,1.0,1.2206442079332191e-05,9.999999747378752e-05
1684,1.0,1.8296821508556604e-05,9.999999747378752e-05
1685,1.0,1.6756988770794123e-05,9.999999747378752e-05
1686,1.0,1.7267302609980106e-05,9.999999747378752e-05
1687,1.0,1.2352447811281309e-05,9.999999747378752e-05
1688,1.0,1.0547822967055254e-05,9.999999747378752e-05
1689,1.0,1.9973154849139974e-05,9.999999747378752e-05
1690,1.0,9.474087164562661e-06,9.999999747378752e-05
1691,1.0,1.5181772141659167e-05,9.999999747378752e-05
1692,1.0,1.2794270332960878e-05,9.999999747378752e-05
1693,1.0,3.700123124872334e-05,9.999999747378752e-05
1694,1.0,1.2285001503187232e-05,9.999999747378752e-05
1695,1.0,1.0720249520090874e-05,9.999999747378752e-05
1696,1.0,1.3183773262426257e-05,9.999999747378752e-05
1697,1.0,1.8473388990969397e-05,9.999999747378752e-05
1698,1.0,9.803115972317755e-06,9.999999747378752e-05
1699,1.0,7.909213309176266e-06,9.999999747378752e-05
1700,1.0,7.65988625062164e-06,9.999999747378752e-05
1701,1.0,1.3086202670820057e-05,9.999999747378752e-05
1702,1.0,7.938352609926369e-06,9.999999747378752e-05
1703,1.0,6.404107807611581e-06,9.999999747378752e-05
1704,1.0,5.962613158772001e-06,9.999999747378752e-05
1705,1.0,1.823673301259987e-05,9.999999747378752e-05
1706,1.0,8.499878276779782e-06,9.999999747378752e-05
1707,1.0,9.426312317373231e-06,9.999999747378752e-05
1708,1.0,1.9945018721045926e-05,9.999999747378752e-05
1709,1.0,8.5919182311045e-06,9.999999747378752e-05
1710,1.0,1.0518163435335737e-05,9.999999747378752e-05
1711,1.0,9.84278813120909e-06,9.999999747378752e-05
1712,1.0,4.581619577948004e-06,9.999999747378752e-05
1713,1.0,9.702178431325592e-06,9.999999747378752e-05
1714,1.0,5.951387265668018e-06,9.999999747378752e-05
1715,1.0,4.2952374315063935e-06,9.999999747378752e-05
1716,1.0,4.556190560833784e-06,9.999999747378752e-05
1717,1.0,7.296815965673886e-06,9.999999747378752e-05
1718,1.0,7.005865882092621e-06,9.999999747378752e-05
1719,1.0,3.257360003772192e-05,9.999999747378752e-05
1720,1.0,5.381874416343635e-06,9.999999747378752e-05
1721,1.0,5.047189006290864e-06,9.999999747378752e-05
1722,1.0,2.861383109120652e-06,9.999999747378752e-05
1723,1.0,6.206221769389231e-06,9.999999747378752e-05
1724,1.0,4.338832241046475e-06,9.999999747378752e-05
1725,1.0,4.30688578489935e-06,9.999999747378752e-05
1726,1.0,7.598597676405916e-06,9.999999747378752e-05
1727,1.0,1.0968679816869553e-05,9.999999747378752e-05
1728,1.0,4.028436251246603e-06,9.999999747378752e-05
1729,1.0,4.226745659252629e-06,9.999999747378752e-05
1730,1.0,7.221845407912042e-06,9.999999747378752e-05
1731,1.0,7.491337782994378e-06,9.999999747378752e-05
1732,1.0,5.1657848416653e-06,9.999999747378752e-05
1733,1.0,2.761360747172148e-06,9.999999747378752e-05
1734,1.0,3.934405413019704e-06,9.999999747378752e-05
1735,1.0,8.374602657568175e-06,9.999999747378752e-05
1736,1.0,6.000371286063455e-06,9.999999747378752e-05
1737,1.0,2.3336642698268406e-06,9.999999747378752e-05
1738,1.0,2.809873194564716e-06,9.999999747378752e-05
1739,1.0,3.3481180707894964e-06,9.999999747378752e-05
1740,1.0,7.544209893239895e-06,9.999999747378752e-05
1741,1.0,3.0086725928413216e-06,9.999999747378752e-05
1742,1.0,4.7981761781557e-06,9.999999747378752e-05
1743,1.0,2.7203941499465145e-06,9.999999747378752e-05
1744,1.0,3.905203811882529e-06,9.999999747378752e-05
1745,1.0,8.087696187430993e-06,9.999999747378752e-05
1746,1.0,2.6696225177147426e-06,9.999999747378752e-05
1747,1.0,5.718894499295857e-06,9.999999747378752e-05
1748,1.0,3.2802070109028136e-06,9.999999747378752e-05
1749,1.0,6.110947651905008e-06,9.999999747378752e-05
1750,1.0,2.360245161980856e-06,9.999999747378752e-05
1751,1.0,7.277954864548519e-06,9.999999747378752e-05
1752,1.0,4.703377726400504e-06,9.999999747378752e-05
1753,1.0,5.550913556362502e-06,9.999999747378752e-05
1754,1.0,2.289207259309478e-06,9.999999747378752e-05
1755,1.0,2.526763182686409e-06,9.999999747378752e-05
1756,1.0,4.611971689882921e-06,9.999999747378752e-05
1757,1.0,2.6612710826157127e-06,9.999999747378752e-05
1758,1.0,2.1393375391198788e-06,9.999999747378752e-05
1759,1.0,4.151681878283853e-06,9.999999747378752e-05
1760,1.0,4.4009257180732675e-06,9.999999747378752e-05
1761,1.0,6.9530583459709305e-06,9.999999747378752e-05
1762,1.0,3.5109687814838253e-06,9.999999747378752e-05
1763,1.0,3.9735446080158e-06,9.999999747378752e-05
1764,1.0,4.444494607014349e-06,9.999999747378752e-05
1765,1.0,3.364279109518975e-06,9.999999747378752e-05
1766,1.0,2.467553258611588e-06,9.999999747378752e-05
1767,1.0,3.3449016427766765e-06,9.999999747378752e-05
1768,1.0,1.7925879092217656e-06,9.999999747378752e-05
1769,1.0,3.5685745842783945e-06,9.999999747378752e-05
1770,1.0,1.8845216800400522e-06,9.999999747378752e-05
1771,1.0,5.642648375214776e-06,9.999999747378752e-05
1772,1.0,1.2476393749238923e-06,9.999999747378752e-05
1773,1.0,2.365407226534444e-06,9.999999747378752e-05
1774,1.0,2.187239033446531e-06,9.999999747378752e-05
1775,1.0,2.9206391900515882e-06,9.999999747378752e-05
1776,1.0,1.3938846450400888e-06,9.999999747378752e-05
1777,1.0,3.2251416541839717e-06,9.999999747378752e-05
1778,1.0,1.808976890060876e-06,9.999999747378752e-05
1779,1.0,1.5850288264118717e-06,9.999999747378752e-05
1780,1.0,1.8700695818552049e-06,9.999999747378752e-05
1781,1.0,2.295567810506327e-06,9.999999747378752e-05
1782,1.0,2.287264578626491e-06,9.999999747378752e-05
1783,1.0,2.058223572021234e-06,9.999999747378752e-05
1784,1.0,2.579314923423226e-06,9.999999747378752e-05
1785,1.0,1.6823142914290656e-06,9.999999747378752e-05
1786,1.0,1.7876830042951042e-06,9.999999747378752e-05
1787,1.0,1.8417402998238686e-06,9.999999747378752e-05
1788,1.0,1.4760298654437065e-06,9.999999747378752e-05
1789,1.0,2.9224315767351072e-06,9.999999747378752e-05
1790,1.0,2.498628191460739e-06,9.999999747378752e-05
1791,1.0,2.388919256191002e-06,9.999999747378752e-05
1792,1.0,2.5301415007561445e-06,9.999999747378752e-05
1793,1.0,1.6020687780837761e-06,9.999999747378752e-05
1794,1.0,7.650932275282685e-06,9.999999747378752e-05
1795,1.0,2.6777447601489257e-06,9.999999747378752e-05
1796,1.0,2.043545464402996e-06,9.999999747378752e-05
1797,1.0,1.5043392522784416e-06,9.999999747378752e-05
1798,1.0,3.6327235193311935e-06,9.999999747378752e-05
1799,1.0,5.375605724111665e-06,9.999999747378752e-05
1800,1.0,2.875792461054516e-06,9.999999747378752e-05
1801,1.0,3.1794388632988557e-06,9.999999747378752e-05
1802,1.0,1.8504830450183363e-06,9.999999747378752e-05
1803,1.0,1.1175778809047188e-06,9.999999747378752e-05
1804,1.0,1.2684981811617035e-06,9.999999747378752e-05
1805,1.0,1.8772748262563255e-06,9.999999747378752e-05
1806,1.0,3.4568324736028444e-06,9.999999747378752e-05
1807,1.0,5.890401553187985e-06,9.999999747378752e-05
1808,1.0,1.7800110754251364e-06,9.999999747378752e-05
1809,1.0,2.0337236037448747e-06,9.999999747378752e-05
1810,1.0,1.8962191461469047e-06,9.999999747378752e-05
1811,1.0,1.532875103293918e-06,9.999999747378752e-05
1812,1.0,1.7065769952750998e-06,9.999999747378752e-05
1813,1.0,1.1173660823260434e-06,9.999999747378752e-05
1814,1.0,1.433262355021725e-06,9.999999747378752e-05
1815,1.0,1.9132482975692255e-06,9.999999747378752e-05
1816,1.0,1.1118225984318997e-06,9.999999747378752e-05
1817,1.0,2.7509247502166545e-06,9.999999747378752e-05
1818,1.0,1.3553398048316012e-06,9.999999747378752e-05
1819,1.0,7.993372719283798e-07,9.999999747378752e-05
1820,1.0,9.277545359509531e-06,9.999999747378752e-05
1821,1.0,2.1242237835394917e-06,9.999999747378752e-05
1822,1.0,1.1158593906657188e-06,9.999999747378752e-05
1823,1.0,1.5543689642072422e-06,9.999999747378752e-05
1824,1.0,2.799938556563575e-06,9.999999747378752e-05
1825,1.0,1.7102007632274763e-06,9.999999747378752e-05
1826,1.0,1.3242231489130063e-06,9.999999747378752e-05
1827,1.0,1.6561252778046764e-06,9.999999747378752e-05
1828,1.0,1.2114521723560756e-06,9.999999747378752e-05
1829,1.0,1.2831823141823406e-06,9.999999747378752e-05
1830,1.0,2.5526869649183936e-06,9.999999747378752e-05
1831,1.0,6.648027692790492e-07,9.999999747378752e-05
1832,1.0,9.513269105809741e-07,9.999999747378752e-05
1833,1.0,2.4153307549568126e-06,9.999999747378752e-05
1834,1.0,1.666343564465933e-06,9.999999747378752e-05
1835,1.0,1.616953113625641e-06,9.999999747378752e-05
1836,1.0,1.0164594641537406e-06,9.999999747378752e-05
1837,1.0,1.0311117648598156e-06,9.999999747378752e-05
1838,1.0,4.785389364769799e-07,9.999999747378752e-05
1839,1.0,5.20473122378462e-07,9.999999747378752e-05
1840,1.0,1.4904383078828687e-06,9.999999747378752e-05
1841,1.0,4.793991138285492e-06,9.999999747378752e-05
1842,1.0,2.678424607438501e-06,9.999999747378752e-05
1843,1.0,9.581372069078498e-07,9.999999747378752e-05
1844,1.0,7.903944947429409e-07,9.999999747378752e-05
1845,1.0,7.016278118499031e-07,9.999999747378752e-05
1846,1.0,1.3972743317935965e-06,9.999999747378752e-05
1847,1.0,2.9586892651423113e-06,9.999999747378752e-05
1848,1.0,1.0245461226077168e-06,9.999999747378752e-05
1849,1.0,6.094536502132542e-07,9.999999747378752e-05
1850,1.0,1.151417905020935e-06,9.999999747378752e-05
1851,1.0,7.34623426978942e-07,9.999999747378752e-05
1852,1.0,8.791598702373449e-07,9.999999747378752e-05
1853,1.0,9.32168120471033e-07,9.999999747378752e-05
1854,1.0,1.074984425031289e-06,9.999999747378752e-05
1855,1.0,2.413012225588318e-06,9.999999747378752e-05
1856,1.0,1.0166668289457448e-06,9.999999747378752e-05
1857,1.0,1.437693640582438e-06,9.999999747378752e-05
1858,1.0,5.958314659437747e-07,9.999999747378752e-05
1859,1.0,6.428750793929794e-07,9.999999747378752e-05
1860,1.0,1.1132923418699647e-06,9.999999747378752e-05
1861,1.0,7.674056519135775e-07,9.999999747378752e-05
1862,1.0,9.52386699282215e-07,9.999999747378752e-05
1863,1.0,1.40387317060231e-06,9.999999747378752e-05
1864,1.0,1.041572318172257e-06,9.999999747378752e-05
1865,1.0,1.080746301340696e-06,9.999999747378752e-05
1866,1.0,5.90509728226607e-07,9.999999747378752e-05
1867,1.0,6.648024850619549e-07,9.999999747378752e-05
1868,1.0,7.335536338359816e-07,9.999999747378752e-05
1869,1.0,6.762969064766367e-07,9.999999747378752e-05
1870,1.0,1.3206465609982843e-06,9.999999747378752e-05
1871,1.0,3.1483873499382753e-06,9.999999747378752e-05
1872,1.0,1.0643467476256774e-06,9.999999747378752e-05
1873,1.0,4.6555339849874144e-07,9.999999747378752e-05
1874,1.0,5.985969551147718e-07,9.999999747378752e-05
1875,1.0,9.61318846748327e-07,9.999999747378752e-05
1876,1.0,4.896081122751639e-07,9.999999747378752e-05
1877,1.0,1.3717317415284924e-06,9.999999747378752e-05
1878,1.0,8.440389933639381e-07,9.999999747378752e-05
1879,1.0,5.432498824120557e-07,9.999999747378752e-05
1880,1.0,8.544669185539533e-07,9.999999747378752e-05
1881,1.0,6.16051920587779e-07,9.999999747378752e-05
1882,1.0,9.059809258360474e-07,9.999999747378752e-05
1883,1.0,8.376472919735534e-07,9.999999747378752e-05
1884,1.0,4.90884247028589e-07,9.999999747378752e-05
1885,1.0,9.166211043520889e-07,9.999999747378752e-05
1886,1.0,1.1664587873383425e-06,9.999999747378752e-05
1887,1.0,9.794257493922487e-07,9.999999747378752e-05
1888,1.0,1.39892927109031e-06,9.999999747378752e-05
1889,1.0,9.513244094705442e-07,9.999999747378752e-05
1890,1.0,6.0093975662312e-07,9.999999747378752e-05
1891,1.0,9.400303611073468e-07,9.999999747378752e-05
1892,1.0,7.352563784479571e-07,9.999999747378752e-05
1893,1.0,6.01364490648848e-07,9.999999747378752e-05
1894,1.0,4.480975519527419e-07,9.999999747378752e-05
1895,1.0,4.412831913214177e-07,9.999999747378752e-05
1896,1.0,8.625425493846706e-07,9.999999747378752e-05
1897,1.0,8.529722776984272e-07,9.999999747378752e-05
1898,1.0,1.002818976303388e-06,9.999999747378752e-05
1899,1.0,6.952423063921742e-07,9.999999747378752e-05
1900,1.0,4.589539344124205e-07,9.999999747378752e-05
1901,1.0,1.5745011978651746e-06,9.999999747378752e-05
1902,1.0,5.99448753746401e-07,9.999999747378752e-05
1903,1.0,7.399429478027741e-07,9.999999747378752e-05
1904,1.0,1.0366801461714203e-06,9.999999747378752e-05
1905,1.0,6.882144134578994e-07,9.999999747378752e-05
1906,1.0,1.687746816969593e-06,9.999999747378752e-05
1907,1.0,2.08539222512627e-06,9.999999747378752e-05
1908,1.0,5.839072514390864e-07,9.999999747378752e-05
1909,1.0,6.773508403057349e-07,9.999999747378752e-05
1910,1.0,4.6810819753773103e-07,9.999999747378752e-05
1911,1.0,3.533695007718052e-07,9.999999747378752e-05
1912,1.0,4.112710030312883e-07,9.999999747378752e-05
1913,1.0,6.030675763213367e-07,9.999999747378752e-05
1914,1.0,6.818272595410235e-07,9.999999747378752e-05
1915,1.0,4.7108770218073914e-07,9.999999747378752e-05
1916,1.0,6.418096063498524e-07,9.999999747378752e-05
1917,1.0,5.411228016782843e-07,9.999999747378752e-05
1918,1.0,1.8344879890719312e-06,9.999999747378752e-05
1919,1.0,3.563500285963528e-07,9.999999747378752e-05
1920,1.0,3.642259116531932e-07,9.999999747378752e-05
1921,1.0,4.930128625346697e-07,9.999999747378752e-05
1922,1.0,6.409528054973634e-07,9.999999747378752e-05
1923,1.0,4.927997565573605e-07,9.999999747378752e-05
1924,1.0,9.670375220593996e-07,9.999999747378752e-05
1925,1.0,4.6938438913457503e-07,9.999999747378752e-05
1926,1.0,5.732657655244111e-07,9.999999747378752e-05
1927,1.0,1.1218328381801257e-06,9.999999747378752e-05
1928,1.0,4.378776168323384e-07,9.999999747378752e-05
1929,1.0,3.425124361911003e-07,9.999999747378752e-05
1930,1.0,6.524531386276067e-07,9.999999747378752e-05
1931,1.0,4.832198783333297e-07,9.999999747378752e-05
1932,1.0,3.665669510155567e-07,9.999999747378752e-05
1933,1.0,9.338597806163307e-07,9.999999747378752e-05
1934,1.0,0.0005396890337578952,9.999999747378752e-05
1935,1.0,0.0005145073519088328,9.999999747378752e-05
1936,1.0,7.092635496519506e-05,9.999999747378752e-05
1937,1.0,3.858178752125241e-05,9.999999747378752e-05
1938,1.0,2.603826578706503e-05,9.999999747378752e-05
1939,1.0,8.893173071555793e-05,9.999999747378752e-05
1940,1.0,2.2392097889678553e-05,9.999999747378752e-05
1941,1.0,3.815742093138397e-05,9.999999747378752e-05
1942,1.0,1.1130612620036118e-05,9.999999747378752e-05
1943,1.0,1.2941774002683815e-05,9.999999747378752e-05
1944,1.0,1.5866131434449926e-05,9.999999747378752e-05
1945,1.0,1.164299828815274e-05,9.999999747378752e-05
1946,1.0,7.915075912023894e-06,9.999999747378752e-05
1947,1.0,1.1593272574828006e-05,9.999999747378752e-05
1948,1.0,1.036869525705697e-05,9.999999747378752e-05
1949,1.0,1.292036449740408e-05,9.999999747378752e-05
1950,1.0,1.0647051567502785e-05,9.999999747378752e-05
1951,1.0,7.603921858390095e-06,9.999999747378752e-05
1952,1.0,8.9543964350014e-06,9.999999747378752e-05
1953,1.0,6.356769517879002e-06,9.999999747378752e-05
1954,1.0,8.20663626655005e-06,9.999999747378752e-05
1955,1.0,1.5095594790182076e-05,9.999999747378752e-05
1956,1.0,1.2659520507440902e-05,9.999999747378752e-05
1957,1.0,9.40077552513685e-06,9.999999747378752e-05
1958,1.0,7.050070962577593e-06,9.999999747378752e-05
1959,1.0,8.89949114935007e-06,9.999999747378752e-05
1960,1.0,3.582981662475504e-06,9.999999747378752e-05
1961,1.0,1.0706081411626656e-05,9.999999747378752e-05
1962,1.0,7.992171958903782e-06,9.999999747378752e-05
1963,1.0,4.647119112632936e-06,9.999999747378752e-05
1964,1.0,4.110845111426897e-06,9.999999747378752e-05
1965,1.0,7.695086424064357e-06,9.999999747378752e-05
1966,1.0,3.0077578685450135e-06,9.999999747378752e-05
1967,1.0,5.738522759202169e-06,9.999999747378752e-05
1968,1.0,6.056975962565048e-06,9.999999747378752e-05
1969,1.0,4.16771126765525e-06,9.999999747378752e-05
1970,1.0,4.975704086973565e-06,9.999999747378752e-05
1971,1.0,4.83925123262452e-06,9.999999747378752e-05
1972,1.0,5.523796971829142e-06,9.999999747378752e-05
1973,1.0,4.117064236197621e-06,9.999999747378752e-05
1974,1.0,4.9041177589970175e-06,9.999999747378752e-05
1975,1.0,2.6993996016244637e-06,9.999999747378752e-05
1976,1.0,3.751405074581271e-06,9.999999747378752e-05
1977,1.0,2.775395159915206e-06,9.999999747378752e-05
1978,1.0,3.880110853060614e-06,9.999999747378752e-05
1979,1.0,2.0844324808422243e-06,9.999999747378752e-05
1980,1.0,2.7972801035502926e-06,9.999999747378752e-05
1981,1.0,4.720172455563443e-06,9.999999747378752e-05
1982,1.0,2.84838279185351e-06,9.999999747378752e-05
1983,1.0,2.9030975383648183e-06,9.999999747378752e-05
1984,1.0,2.1637722511513857e-06,9.999999747378752e-05
1985,1.0,8.802922820905223e-06,9.999999747378752e-05
1986,1.0,2.409266471659066e-06,9.999999747378752e-05
1987,1.0,6.022409706929466e-06,9.999999747378752e-05
1988,1.0,3.09688039124012e-06,9.999999747378752e-05
1989,1.0,2.9564625947386958e-06,9.999999747378752e-05
1990,1.0,2.737052682277863e-06,9.999999747378752e-05
1991,1.0,2.571851382526802e-06,9.999999747378752e-05
1992,1.0,4.979597633791855e-06,9.999999747378752e-05
1993,1.0,4.673097919294378e-06,9.999999747378752e-05
1994,1.0,2.2251349491853034e-06,9.999999747378752e-05
1995,1.0,2.9370482934609754e-06,9.999999747378752e-05
1996,1.0,1.3396044096225523e-06,9.999999747378752e-05
1997,1.0,5.571218935074285e-06,9.999999747378752e-05
1998,1.0,6.096920060372213e-06,9.999999747378752e-05
1999,1.0,4.488437298277859e-06,9.999999747378752e-05
