,categorical_accuracy,loss,learning_rate
0,0.5441176295280457,0.702735424041748,0.0010000000474974513
1,0.625,0.6287160515785217,0.0010000000474974513
2,0.6029411554336548,0.6332033276557922,0.0010000000474974513
3,0.625,0.6061174869537354,0.0010000000474974513
4,0.6470588445663452,0.5923834443092346,0.0010000000474974513
5,0.6470588445663452,0.6032312512397766,0.0010000000474974513
6,0.654411792755127,0.5784022808074951,0.0010000000474974513
7,0.5661764740943909,0.5985512733459473,0.0010000000474974513
8,0.625,0.5771355628967285,0.0010000000474974513
9,0.7352941036224365,0.5572905540466309,0.0010000000474974513
10,0.6691176295280457,0.5512926578521729,0.0010000000474974513
11,0.6617646813392639,0.5792470574378967,0.0010000000474974513
12,0.720588207244873,0.5714532732963562,0.0010000000474974513
13,0.75,0.5364552736282349,0.0010000000474974513
14,0.7647058963775635,0.5009027719497681,0.0010000000474974513
15,0.8088235259056091,0.48761773109436035,0.0010000000474974513
16,0.6323529481887817,0.5680626034736633,0.0010000000474974513
17,0.6985294222831726,0.537716805934906,0.0010000000474974513
18,0.6691176295280457,0.5470584034919739,0.0010000000474974513
19,0.7573529481887817,0.5308911204338074,0.0010000000474974513
20,0.7426470518112183,0.5123681426048279,0.0010000000474974513
21,0.7647058963775635,0.4896601438522339,0.0010000000474974513
22,0.8235294222831726,0.47473978996276855,0.0010000000474974513
23,0.779411792755127,0.4676261842250824,0.0010000000474974513
24,0.8014705777168274,0.48216259479522705,0.0010000000474974513
25,0.845588207244873,0.42217230796813965,0.0010000000474974513
26,0.8161764740943909,0.4243830144405365,0.0010000000474974513
27,0.8676470518112183,0.3943021297454834,0.0010000000474974513
28,0.7867646813392639,0.4543435275554657,0.0010000000474974513
29,0.6838235259056091,0.5470864772796631,0.0010000000474974513
30,0.7352941036224365,0.5159392952919006,0.0010000000474974513
31,0.8676470518112183,0.39610224962234497,0.0010000000474974513
32,0.904411792755127,0.3283578157424927,0.0010000000474974513
33,0.8676470518112183,0.33484089374542236,0.0010000000474974513
34,0.8382353186607361,0.387702614068985,0.0010000000474974513
35,0.8970588445663452,0.3222728371620178,0.0010000000474974513
36,0.9117646813392639,0.3016335666179657,0.0010000000474974513
37,0.8382353186607361,0.3491493761539459,0.0010000000474974513
38,0.9338235259056091,0.31368696689605713,0.0010000000474974513
39,0.9558823704719543,0.24637867510318756,0.0010000000474974513
40,0.9338235259056091,0.24995501339435577,0.0010000000474974513
41,0.8529411554336548,0.34673649072647095,0.0010000000474974513
42,0.9338235259056091,0.2672410309314728,0.0010000000474974513
43,0.8897058963775635,0.302998811006546,0.0010000000474974513
44,0.9338235259056091,0.26922231912612915,0.0010000000474974513
45,0.8970588445663452,0.2788209915161133,0.0010000000474974513
46,0.9411764740943909,0.2376800924539566,0.0010000000474974513
47,0.8529411554336548,0.28049060702323914,0.0010000000474974513
48,0.9117646813392639,0.2574317753314972,0.0010000000474974513
49,0.9411764740943909,0.20269334316253662,0.0010000000474974513
50,0.9411764740943909,0.20445753633975983,0.0010000000474974513
51,0.9558823704719543,0.20036745071411133,0.0010000000474974513
52,0.8970588445663452,0.23529422283172607,0.0010000000474974513
53,0.904411792755127,0.2369714379310608,0.0010000000474974513
54,0.9632353186607361,0.179800346493721,0.0010000000474974513
55,0.904411792755127,0.23108087480068207,0.0010000000474974513
56,0.9411764740943909,0.18823732435703278,0.0010000000474974513
57,0.9632353186607361,0.16102993488311768,0.0010000000474974513
58,0.904411792755127,0.19700457155704498,0.0010000000474974513
59,0.8676470518112183,0.3408202528953552,0.0010000000474974513
60,0.8897058963775635,0.30986568331718445,0.0010000000474974513
61,0.9558823704719543,0.19661808013916016,0.0010000000474974513
62,0.9411764740943909,0.21627363562583923,0.0010000000474974513
63,0.9558823704719543,0.1999998241662979,0.0010000000474974513
64,0.9485294222831726,0.1691092550754547,0.0010000000474974513
65,0.9485294222831726,0.14418131113052368,0.0010000000474974513
66,0.9632353186607361,0.1810837835073471,0.0010000000474974513
67,0.904411792755127,0.22687169909477234,0.0010000000474974513
68,0.875,0.30790576338768005,0.0010000000474974513
69,0.9338235259056091,0.21328634023666382,0.0010000000474974513
70,0.9338235259056091,0.17602112889289856,0.0010000000474974513
71,0.970588207244873,0.136732816696167,0.0010000000474974513
72,0.9779411554336548,0.11082816123962402,0.0010000000474974513
73,0.904411792755127,0.21409714221954346,0.0010000000474974513
74,0.970588207244873,0.13610495626926422,0.0010000000474974513
75,0.9264705777168274,0.19404330849647522,0.0010000000474974513
76,0.9411764740943909,0.2083151638507843,0.0010000000474974513
77,0.9264705777168274,0.19939740002155304,0.0010000000474974513
78,0.9779411554336548,0.13882771134376526,0.0010000000474974513
79,0.9632353186607361,0.13380156457424164,0.0010000000474974513
80,0.9411764740943909,0.15087978541851044,0.0010000000474974513
81,0.9779411554336548,0.1051919236779213,0.0010000000474974513
82,0.9779411554336548,0.13996024429798126,0.0010000000474974513
83,0.9852941036224365,0.08468001335859299,0.0010000000474974513
84,1.0,0.06532469391822815,0.0010000000474974513
85,0.9926470518112183,0.0642271339893341,0.0010000000474974513
86,0.9411764740943909,0.15171824395656586,0.0010000000474974513
87,0.9411764740943909,0.16604800522327423,0.0010000000474974513
88,0.8897058963775635,0.23787416517734528,0.0010000000474974513
89,0.9779411554336548,0.1515335738658905,0.0010000000474974513
90,0.9632353186607361,0.1702439785003662,0.0010000000474974513
91,0.9117646813392639,0.19555987417697906,0.0010000000474974513
92,0.9485294222831726,0.18688422441482544,0.0010000000474974513
93,0.9558823704719543,0.18289849162101746,0.0010000000474974513
94,0.970588207244873,0.12446006387472153,0.0010000000474974513
95,0.9852941036224365,0.08374866843223572,0.0010000000474974513
96,0.9852941036224365,0.09119846671819687,0.0010000000474974513
97,0.970588207244873,0.09694541245698929,0.0010000000474974513
98,0.9852941036224365,0.10776816308498383,0.0010000000474974513
99,0.9779411554336548,0.08620581775903702,0.0010000000474974513
100,0.9485294222831726,0.1202964335680008,0.0010000000474974513
101,0.970588207244873,0.0946136862039566,0.0010000000474974513
102,0.9632353186607361,0.11004108190536499,0.0010000000474974513
103,0.9411764740943909,0.1586449146270752,0.0010000000474974513
104,0.9852941036224365,0.0925305038690567,0.0010000000474974513
105,0.9779411554336548,0.09166326373815536,0.0010000000474974513
106,0.9191176295280457,0.19123366475105286,0.0010000000474974513
107,0.9852941036224365,0.12004643678665161,0.0010000000474974513
108,0.9411764740943909,0.14182956516742706,0.0010000000474974513
109,0.9852941036224365,0.08048295974731445,0.0010000000474974513
110,0.970588207244873,0.08016198873519897,0.0010000000474974513
111,0.9264705777168274,0.14769724011421204,0.0010000000474974513
112,0.9852941036224365,0.10446766018867493,0.0010000000474974513
113,0.9411764740943909,0.1371389627456665,0.0010000000474974513
114,0.9485294222831726,0.1342124342918396,0.0010000000474974513
115,0.9926470518112183,0.06767620891332626,0.0010000000474974513
116,0.9779411554336548,0.08469109237194061,0.0010000000474974513
117,0.9926470518112183,0.05676107853651047,0.0010000000474974513
118,0.9338235259056091,0.14858922362327576,0.0010000000474974513
119,1.0,0.058860111981630325,0.0010000000474974513
120,1.0,0.049305886030197144,0.0010000000474974513
121,0.9852941036224365,0.06427780538797379,0.0010000000474974513
122,0.970588207244873,0.06802050769329071,0.0010000000474974513
123,0.9852941036224365,0.07415041327476501,0.0010000000474974513
124,0.9191176295280457,0.18754257261753082,0.0010000000474974513
125,0.9558823704719543,0.19046904146671295,0.0010000000474974513
126,0.845588207244873,0.326384574174881,0.0010000000474974513
127,0.9558823704719543,0.14650170505046844,0.0010000000474974513
128,0.9779411554336548,0.10711289942264557,0.0010000000474974513
129,0.9926470518112183,0.07593801617622375,0.0010000000474974513
130,0.9852941036224365,0.0808878168463707,0.0010000000474974513
131,0.9926470518112183,0.05908169597387314,0.0010000000474974513
132,0.9779411554336548,0.08801441639661789,0.0010000000474974513
133,0.9852941036224365,0.0762137919664383,0.0010000000474974513
134,0.9852941036224365,0.08805754780769348,0.0010000000474974513
135,1.0,0.04803239181637764,0.0010000000474974513
136,0.9852941036224365,0.09086816757917404,0.0010000000474974513
137,0.970588207244873,0.09763222932815552,0.0010000000474974513
138,0.9632353186607361,0.09962312877178192,0.0010000000474974513
139,0.9852941036224365,0.059601038694381714,0.0010000000474974513
140,0.9852941036224365,0.08962740749120712,0.0010000000474974513
141,0.9926470518112183,0.060905806720256805,0.0010000000474974513
142,0.9926470518112183,0.045049164444208145,0.0010000000474974513
143,1.0,0.028912914916872978,0.0010000000474974513
144,0.9926470518112183,0.038516439497470856,0.0010000000474974513
145,1.0,0.04714493453502655,0.0010000000474974513
146,1.0,0.03581375628709793,0.0010000000474974513
147,0.9852941036224365,0.05326739698648453,0.0010000000474974513
148,0.9852941036224365,0.06184682995080948,0.0010000000474974513
149,0.9926470518112183,0.05533144623041153,0.0010000000474974513
150,0.970588207244873,0.08870933204889297,0.0010000000474974513
151,0.9485294222831726,0.11032921820878983,0.0010000000474974513
152,0.9338235259056091,0.19429360330104828,0.0010000000474974513
153,0.8970588445663452,0.21924829483032227,0.0010000000474974513
154,0.9632353186607361,0.12509483098983765,0.0010000000474974513
155,0.9779411554336548,0.08566038310527802,0.0010000000474974513
156,0.9852941036224365,0.05623125657439232,0.0010000000474974513
157,1.0,0.05684322863817215,0.0010000000474974513
158,0.9852941036224365,0.054877445101737976,0.0010000000474974513
159,0.9926470518112183,0.044467248022556305,0.0010000000474974513
160,0.9485294222831726,0.10247956216335297,0.0010000000474974513
161,0.9926470518112183,0.058399178087711334,0.0010000000474974513
162,0.9779411554336548,0.08191501349210739,0.0010000000474974513
163,0.9852941036224365,0.07279720157384872,0.0010000000474974513
164,0.9779411554336548,0.08556471019983292,0.0010000000474974513
165,0.9926470518112183,0.052830349653959274,0.0010000000474974513
166,0.9852941036224365,0.07720475643873215,0.0010000000474974513
167,0.9558823704719543,0.11683594435453415,0.0010000000474974513
168,0.9558823704719543,0.11676264554262161,0.0010000000474974513
169,0.904411792755127,0.19886630773544312,0.0010000000474974513
170,0.9338235259056091,0.17991580069065094,0.0010000000474974513
171,0.9411764740943909,0.1412849873304367,0.0010000000474974513
172,0.9558823704719543,0.11924345046281815,0.0010000000474974513
173,1.0,0.07344318926334381,0.0010000000474974513
174,0.9779411554336548,0.0788448378443718,0.0010000000474974513
175,0.9779411554336548,0.08912810683250427,0.0010000000474974513
176,0.9926470518112183,0.08219116181135178,0.0010000000474974513
177,0.9632353186607361,0.07896890491247177,0.0010000000474974513
178,0.9779411554336548,0.08127734810113907,0.0010000000474974513
179,0.8823529481887817,0.3651203513145447,0.0010000000474974513
180,0.9411764740943909,0.1814943552017212,0.0010000000474974513
181,0.9191176295280457,0.1942470818758011,0.0010000000474974513
182,0.9926470518112183,0.10689094662666321,0.0010000000474974513
183,0.9852941036224365,0.09122583270072937,0.0010000000474974513
184,0.9632353186607361,0.1300814300775528,0.0010000000474974513
185,0.9779411554336548,0.11315456032752991,0.0010000000474974513
186,1.0,0.07088682800531387,0.0010000000474974513
187,0.9926470518112183,0.052481018006801605,0.0010000000474974513
188,0.9852941036224365,0.05732068046927452,0.0010000000474974513
189,1.0,0.04707998409867287,0.0010000000474974513
190,0.9779411554336548,0.06145990639925003,0.0010000000474974513
191,1.0,0.033735696226358414,0.0010000000474974513
192,1.0,0.03178003430366516,0.0010000000474974513
193,0.9926470518112183,0.03731318935751915,0.0010000000474974513
194,0.9852941036224365,0.0485135018825531,0.0005000000237487257
195,0.9926470518112183,0.029213178902864456,0.0005000000237487257
196,1.0,0.02614223212003708,0.0005000000237487257
197,1.0,0.021372541785240173,0.0005000000237487257
198,0.9926470518112183,0.04808005318045616,0.0005000000237487257
199,1.0,0.039719436317682266,0.0005000000237487257
200,1.0,0.02940833941102028,0.0005000000237487257
201,1.0,0.04427776858210564,0.0005000000237487257
202,1.0,0.019959261640906334,0.0005000000237487257
203,1.0,0.03602496162056923,0.0005000000237487257
204,0.9852941036224365,0.047115568071603775,0.0005000000237487257
205,1.0,0.018367361277341843,0.0005000000237487257
206,1.0,0.039480146020650864,0.0005000000237487257
207,0.9852941036224365,0.037177421152591705,0.0005000000237487257
208,1.0,0.03874959051609039,0.0005000000237487257
209,1.0,0.014129340648651123,0.0005000000237487257
210,1.0,0.03191899508237839,0.0005000000237487257
211,0.9926470518112183,0.07467064261436462,0.0005000000237487257
212,0.9926470518112183,0.0421815924346447,0.0005000000237487257
213,1.0,0.019879573956131935,0.0005000000237487257
214,1.0,0.02658964693546295,0.0005000000237487257
215,1.0,0.02198077365756035,0.0005000000237487257
216,0.9779411554336548,0.05826224386692047,0.0005000000237487257
217,0.9852941036224365,0.055849410593509674,0.0005000000237487257
218,1.0,0.03233703225851059,0.0005000000237487257
219,0.9926470518112183,0.038346342742443085,0.0005000000237487257
220,0.9852941036224365,0.04882049560546875,0.0005000000237487257
221,0.9926470518112183,0.03713845834136009,0.0005000000237487257
222,1.0,0.015875408425927162,0.0005000000237487257
223,1.0,0.024544833227992058,0.0005000000237487257
224,1.0,0.02086591348052025,0.0005000000237487257
225,1.0,0.016132550314068794,0.0005000000237487257
226,1.0,0.021450171247124672,0.0005000000237487257
227,1.0,0.020990777760744095,0.0005000000237487257
228,1.0,0.034463558346033096,0.0005000000237487257
229,0.9926470518112183,0.021939875558018684,0.0005000000237487257
230,0.970588207244873,0.07990947365760803,0.0005000000237487257
231,1.0,0.03226982057094574,0.0005000000237487257
232,0.9926470518112183,0.03737247735261917,0.0005000000237487257
233,0.9926470518112183,0.027425715699791908,0.0005000000237487257
234,0.9926470518112183,0.02070765756070614,0.0005000000237487257
235,0.9926470518112183,0.04448579624295235,0.0005000000237487257
236,0.9264705777168274,0.18631678819656372,0.0005000000237487257
237,0.9338235259056091,0.18571631610393524,0.0005000000237487257
238,0.9926470518112183,0.07288870215415955,0.0005000000237487257
239,0.9779411554336548,0.07641594111919403,0.0005000000237487257
240,0.9852941036224365,0.07037221640348434,0.0005000000237487257
241,0.9926470518112183,0.04743621125817299,0.0005000000237487257
242,0.9926470518112183,0.03255652263760567,0.0005000000237487257
243,0.9852941036224365,0.04641125351190567,0.0005000000237487257
244,1.0,0.019987156614661217,0.0005000000237487257
245,1.0,0.029619595035910606,0.0005000000237487257
246,0.9926470518112183,0.027780801057815552,0.0005000000237487257
247,1.0,0.010223028250038624,0.0005000000237487257
248,0.9852941036224365,0.025962937623262405,0.0005000000237487257
249,0.9926470518112183,0.03969845175743103,0.0005000000237487257
250,0.9852941036224365,0.04801705479621887,0.0005000000237487257
251,0.9632353186607361,0.07976411283016205,0.0005000000237487257
252,1.0,0.030435236170887947,0.0005000000237487257
253,0.9852941036224365,0.04584725201129913,0.0005000000237487257
254,1.0,0.040106046944856644,0.0005000000237487257
255,1.0,0.025266461074352264,0.0005000000237487257
256,1.0,0.026291701942682266,0.0005000000237487257
257,1.0,0.015894576907157898,0.0005000000237487257
258,0.9558823704719543,0.08290082216262817,0.0005000000237487257
259,0.9779411554336548,0.06785829365253448,0.0005000000237487257
260,0.9926470518112183,0.03722172603011131,0.0005000000237487257
261,0.9926470518112183,0.03805522248148918,0.0005000000237487257
262,0.9779411554336548,0.05536624416708946,0.0005000000237487257
263,0.9779411554336548,0.049891915172338486,0.0005000000237487257
264,0.9779411554336548,0.07268904149532318,0.0005000000237487257
265,0.970588207244873,0.08919812738895416,0.0005000000237487257
266,0.9779411554336548,0.08835513144731522,0.0005000000237487257
267,0.970588207244873,0.07968733459711075,0.0005000000237487257
268,1.0,0.04649908468127251,0.0005000000237487257
269,0.9926470518112183,0.05524405464529991,0.0005000000237487257
270,1.0,0.027887694537639618,0.0005000000237487257
271,1.0,0.017964793369174004,0.0005000000237487257
272,0.9852941036224365,0.03565840423107147,0.0005000000237487257
273,0.9852941036224365,0.05628347396850586,0.0005000000237487257
274,0.9779411554336548,0.055923640727996826,0.0005000000237487257
275,1.0,0.02342611365020275,0.0005000000237487257
276,1.0,0.016339341178536415,0.0005000000237487257
277,0.9926470518112183,0.029708782210946083,0.0005000000237487257
278,1.0,0.009569802321493626,0.0005000000237487257
279,0.9926470518112183,0.026275411248207092,0.0005000000237487257
280,0.9926470518112183,0.03567081317305565,0.0005000000237487257
281,1.0,0.04381713271141052,0.0005000000237487257
282,0.9852941036224365,0.04067575931549072,0.0005000000237487257
283,1.0,0.02096603251993656,0.0005000000237487257
284,1.0,0.011374758556485176,0.0005000000237487257
285,0.9926470518112183,0.024788038805127144,0.0005000000237487257
286,1.0,0.011529020965099335,0.0005000000237487257
287,1.0,0.008919662795960903,0.0005000000237487257
288,1.0,0.010447779670357704,0.0005000000237487257
289,1.0,0.010965904220938683,0.0005000000237487257
290,1.0,0.016875984147191048,0.0005000000237487257
291,0.9926470518112183,0.029902473092079163,0.0005000000237487257
292,1.0,0.027506984770298004,0.0005000000237487257
293,0.9852941036224365,0.02630971185863018,0.0005000000237487257
294,0.9926470518112183,0.02276231348514557,0.0005000000237487257
295,1.0,0.01806226745247841,0.0005000000237487257
296,0.9852941036224365,0.036233674734830856,0.0005000000237487257
297,1.0,0.010150096379220486,0.0005000000237487257
298,0.9926470518112183,0.03382027894258499,0.0005000000237487257
299,1.0,0.028436314314603806,0.0005000000237487257
300,0.9926470518112183,0.032847654074430466,0.0005000000237487257
301,0.9852941036224365,0.041394609957933426,0.0005000000237487257
302,1.0,0.021170534193515778,0.0005000000237487257
303,1.0,0.012621894478797913,0.0005000000237487257
304,1.0,0.026811812072992325,0.0005000000237487257
305,1.0,0.010974925942718983,0.0005000000237487257
306,1.0,0.008879996836185455,0.0005000000237487257
307,1.0,0.016648903489112854,0.0005000000237487257
308,0.9779411554336548,0.0336165651679039,0.0005000000237487257
309,0.9779411554336548,0.04189549386501312,0.0005000000237487257
310,0.970588207244873,0.06236607953906059,0.0005000000237487257
311,0.9779411554336548,0.08008034527301788,0.0005000000237487257
312,1.0,0.020312270149588585,0.0005000000237487257
313,1.0,0.008442985825240612,0.0005000000237487257
314,1.0,0.020360469818115234,0.0005000000237487257
315,1.0,0.02130688726902008,0.0005000000237487257
316,1.0,0.01631452515721321,0.0005000000237487257
317,1.0,0.010547949001193047,0.0005000000237487257
318,0.9926470518112183,0.037711091339588165,0.0005000000237487257
319,0.9926470518112183,0.0370633602142334,0.0005000000237487257
320,0.9926470518112183,0.04653506726026535,0.0005000000237487257
321,0.9852941036224365,0.036396563053131104,0.0005000000237487257
322,1.0,0.021030006930232048,0.0005000000237487257
323,1.0,0.01950831711292267,0.0005000000237487257
324,0.9926470518112183,0.027916057035326958,0.0005000000237487257
325,1.0,0.02462618425488472,0.0005000000237487257
326,0.9632353186607361,0.0891074612736702,0.0005000000237487257
327,0.9558823704719543,0.08262317627668381,0.0005000000237487257
328,0.9338235259056091,0.17724095284938812,0.0005000000237487257
329,0.9852941036224365,0.06332680583000183,0.0005000000237487257
330,0.9926470518112183,0.05050627142190933,0.0005000000237487257
331,0.9926470518112183,0.04515445604920387,0.0005000000237487257
332,0.9852941036224365,0.07263116538524628,0.0005000000237487257
333,0.970588207244873,0.07082328200340271,0.0005000000237487257
334,0.970588207244873,0.06060071662068367,0.0005000000237487257
335,0.9926470518112183,0.034130796790122986,0.0005000000237487257
336,0.9852941036224365,0.06297007948160172,0.0005000000237487257
337,0.9779411554336548,0.06668852269649506,0.0005000000237487257
338,0.9779411554336548,0.0359683521091938,0.0005000000237487257
339,1.0,0.020021654665470123,0.0005000000237487257
340,0.9852941036224365,0.05901041626930237,0.0005000000237487257
341,1.0,0.04051312804222107,0.0005000000237487257
342,0.9926470518112183,0.03714832663536072,0.0005000000237487257
343,1.0,0.014881572686135769,0.0005000000237487257
344,1.0,0.00877307914197445,0.0005000000237487257
345,1.0,0.009055089205503464,0.0005000000237487257
346,1.0,0.00798697117716074,0.0005000000237487257
347,1.0,0.00997680053114891,0.0005000000237487257
348,1.0,0.008145324885845184,0.0005000000237487257
349,1.0,0.012425968423485756,0.0005000000237487257
350,1.0,0.009726611897349358,0.0005000000237487257
351,1.0,0.009988633915781975,0.0005000000237487257
352,0.9852941036224365,0.0393608994781971,0.0005000000237487257
353,1.0,0.014927083626389503,0.0005000000237487257
354,0.9779411554336548,0.04095582664012909,0.0005000000237487257
355,1.0,0.008006852120161057,0.0005000000237487257
356,1.0,0.01901967078447342,0.0005000000237487257
357,0.9852941036224365,0.03829190880060196,0.0005000000237487257
358,0.9779411554336548,0.05673383176326752,0.0005000000237487257
359,0.970588207244873,0.07080051302909851,0.0005000000237487257
360,0.9852941036224365,0.05955018848180771,0.0005000000237487257
361,0.9852941036224365,0.046428173780441284,0.0005000000237487257
362,0.9926470518112183,0.025355428457260132,0.0005000000237487257
363,0.9926470518112183,0.03569643944501877,0.0005000000237487257
364,0.9926470518112183,0.04489034786820412,0.0005000000237487257
365,1.0,0.015492258593440056,0.0005000000237487257
366,0.9852941036224365,0.032887257635593414,0.0005000000237487257
367,0.9852941036224365,0.03750184178352356,0.0005000000237487257
368,0.9558823704719543,0.08321977406740189,0.0005000000237487257
369,0.9558823704719543,0.09292548149824142,0.0005000000237487257
370,0.9852941036224365,0.056711792945861816,0.0005000000237487257
371,1.0,0.02069770358502865,0.0005000000237487257
372,1.0,0.011523068882524967,0.0005000000237487257
373,1.0,0.01252780295908451,0.0005000000237487257
374,1.0,0.016906842589378357,0.0005000000237487257
375,1.0,0.019865643233060837,0.0005000000237487257
376,0.9926470518112183,0.019461428746581078,0.0005000000237487257
377,1.0,0.009156164713203907,0.0005000000237487257
378,1.0,0.02560054138302803,0.0005000000237487257
379,1.0,0.03436460718512535,0.0005000000237487257
380,1.0,0.010801203548908234,0.0005000000237487257
381,1.0,0.01819632388651371,0.0005000000237487257
382,0.9926470518112183,0.02458110824227333,0.0005000000237487257
383,1.0,0.01096589956432581,0.0005000000237487257
384,1.0,0.012772910296916962,0.0005000000237487257
385,0.9926470518112183,0.023220757022500038,0.0005000000237487257
386,0.9852941036224365,0.037087637931108475,0.0005000000237487257
387,1.0,0.0246108565479517,0.0005000000237487257
388,1.0,0.009792739525437355,0.0005000000237487257
389,1.0,0.008284308947622776,0.0005000000237487257
390,1.0,0.008708294481039047,0.0005000000237487257
391,0.9926470518112183,0.021079085767269135,0.0005000000237487257
392,1.0,0.01527805533260107,0.0005000000237487257
393,1.0,0.01002252846956253,0.0005000000237487257
394,0.9852941036224365,0.030069302767515182,0.0005000000237487257
395,0.9411764740943909,0.17160670459270477,0.0005000000237487257
396,0.9485294222831726,0.11443357169628143,0.0005000000237487257
397,0.9779411554336548,0.0748964250087738,0.0002500000118743628
398,0.9632353186607361,0.0804731696844101,0.0002500000118743628
399,1.0,0.044373754411935806,0.0002500000118743628
400,1.0,0.02457173354923725,0.0002500000118743628
401,1.0,0.02238411270081997,0.0002500000118743628
402,0.9926470518112183,0.04447042942047119,0.0002500000118743628
403,0.9926470518112183,0.035248734056949615,0.0002500000118743628
404,1.0,0.009597941301763058,0.0002500000118743628
405,1.0,0.031033333390951157,0.0002500000118743628
406,1.0,0.01652652956545353,0.0002500000118743628
407,0.9926470518112183,0.017705468460917473,0.0002500000118743628
408,0.9926470518112183,0.020339470356702805,0.0002500000118743628
409,1.0,0.011626451276242733,0.0002500000118743628
410,1.0,0.01282532699406147,0.0002500000118743628
411,1.0,0.007785371039062738,0.0002500000118743628
412,1.0,0.022786717861890793,0.0002500000118743628
413,1.0,0.014245107769966125,0.0002500000118743628
414,0.9926470518112183,0.02849532663822174,0.0002500000118743628
415,1.0,0.015856822952628136,0.0002500000118743628
416,1.0,0.007940924726426601,0.0002500000118743628
417,1.0,0.00821014866232872,0.0002500000118743628
418,1.0,0.010709624737501144,0.0002500000118743628
419,1.0,0.008946169167757034,0.0002500000118743628
420,1.0,0.006236765533685684,0.0002500000118743628
421,1.0,0.006874461192637682,0.0002500000118743628
422,1.0,0.009136355482041836,0.0002500000118743628
423,1.0,0.008833133615553379,0.0002500000118743628
424,1.0,0.007352480199187994,0.0002500000118743628
425,1.0,0.014021020382642746,0.0002500000118743628
426,1.0,0.006971693132072687,0.0002500000118743628
427,1.0,0.020792851224541664,0.0002500000118743628
428,1.0,0.010563547722995281,0.0002500000118743628
429,1.0,0.0078076026402413845,0.0002500000118743628
430,1.0,0.006591592449694872,0.0002500000118743628
431,1.0,0.008925740607082844,0.0002500000118743628
432,0.9926470518112183,0.015190867707133293,0.0002500000118743628
433,1.0,0.014064371585845947,0.0002500000118743628
434,1.0,0.009502595290541649,0.0002500000118743628
435,1.0,0.0042178635485470295,0.0002500000118743628
436,1.0,0.010625260882079601,0.0002500000118743628
437,1.0,0.006132794544100761,0.0002500000118743628
438,1.0,0.010722867213189602,0.0002500000118743628
439,1.0,0.010419818572700024,0.0002500000118743628
440,1.0,0.004810710903257132,0.0002500000118743628
441,1.0,0.012451983988285065,0.0002500000118743628
442,0.9926470518112183,0.029958005994558334,0.0002500000118743628
443,1.0,0.007419221568852663,0.0002500000118743628
444,1.0,0.0054003335535526276,0.0002500000118743628
445,1.0,0.0037430126685649157,0.0002500000118743628
446,1.0,0.008434676565229893,0.0002500000118743628
447,1.0,0.00824432447552681,0.0002500000118743628
448,1.0,0.005217766389250755,0.0002500000118743628
449,1.0,0.005845451261848211,0.0002500000118743628
450,1.0,0.007010168861597776,0.0002500000118743628
451,1.0,0.004325770772993565,0.0002500000118743628
452,1.0,0.0029360686894506216,0.0002500000118743628
453,0.9926470518112183,0.00870724767446518,0.0002500000118743628
454,1.0,0.017141591757535934,0.0002500000118743628
455,0.9632353186607361,0.054628729820251465,0.0002500000118743628
456,0.9779411554336548,0.056254446506500244,0.0002500000118743628
457,0.9926470518112183,0.03271004557609558,0.0002500000118743628
458,0.9926470518112183,0.044055428355932236,0.0002500000118743628
459,0.9926470518112183,0.03405885770916939,0.0002500000118743628
460,0.9558823704719543,0.07020312547683716,0.0002500000118743628
461,0.9926470518112183,0.027996350079774857,0.0002500000118743628
462,1.0,0.025099612772464752,0.0002500000118743628
463,1.0,0.019000191241502762,0.0002500000118743628
464,1.0,0.008139473386108875,0.0002500000118743628
465,0.9926470518112183,0.017016515135765076,0.0002500000118743628
466,0.9926470518112183,0.023892201483249664,0.0002500000118743628
467,1.0,0.012667739763855934,0.0002500000118743628
468,1.0,0.015863517299294472,0.0002500000118743628
469,0.9926470518112183,0.018260417506098747,0.0002500000118743628
470,1.0,0.008195777423679829,0.0002500000118743628
471,1.0,0.005347799509763718,0.0002500000118743628
472,1.0,0.0114196902140975,0.0002500000118743628
473,1.0,0.006392027251422405,0.0002500000118743628
474,1.0,0.0048738764598965645,0.0002500000118743628
475,1.0,0.0038430672138929367,0.0002500000118743628
476,1.0,0.009797886945307255,0.0002500000118743628
477,1.0,0.004768745973706245,0.0002500000118743628
478,1.0,0.006423620507121086,0.0002500000118743628
479,1.0,0.011134560219943523,0.0002500000118743628
480,1.0,0.0030028168112039566,0.0002500000118743628
481,1.0,0.006049798801541328,0.0002500000118743628
482,1.0,0.006143737118691206,0.0002500000118743628
483,1.0,0.006302868947386742,0.0002500000118743628
484,1.0,0.005796652287244797,0.0002500000118743628
485,1.0,0.008436286821961403,0.0002500000118743628
486,1.0,0.013480019755661488,0.0002500000118743628
487,0.9926470518112183,0.022270889952778816,0.0002500000118743628
488,0.9926470518112183,0.015383281745016575,0.0002500000118743628
489,1.0,0.005949210841208696,0.0002500000118743628
490,1.0,0.00846575666218996,0.0002500000118743628
491,1.0,0.002718962263315916,0.0002500000118743628
492,1.0,0.0031987763941287994,0.0002500000118743628
493,1.0,0.007458693813532591,0.0002500000118743628
494,1.0,0.0031235343776643276,0.0002500000118743628
495,1.0,0.006305912043899298,0.0002500000118743628
496,1.0,0.008243413642048836,0.0002500000118743628
497,1.0,0.006716735661029816,0.0002500000118743628
498,0.9926470518112183,0.018626855686306953,0.0002500000118743628
499,1.0,0.007586936932057142,0.0002500000118743628
500,1.0,0.009268466383218765,0.0002500000118743628
501,1.0,0.0051473998464643955,0.0002500000118743628
502,1.0,0.008568928577005863,0.0002500000118743628
503,1.0,0.008269846439361572,0.0002500000118743628
504,1.0,0.0036598185542970896,0.0002500000118743628
505,1.0,0.006767308339476585,0.0002500000118743628
506,1.0,0.006435304880142212,0.0002500000118743628
507,1.0,0.005498189479112625,0.0002500000118743628
508,1.0,0.010720712132751942,0.0002500000118743628
509,1.0,0.008486191742122173,0.0002500000118743628
510,1.0,0.0033489500638097525,0.0002500000118743628
511,1.0,0.004922276828438044,0.0002500000118743628
512,1.0,0.002224376192316413,0.0002500000118743628
513,0.9852941036224365,0.033849142491817474,0.0002500000118743628
514,0.9926470518112183,0.017712393775582314,0.0002500000118743628
515,1.0,0.017026294022798538,0.0002500000118743628
516,0.9852941036224365,0.03065437078475952,0.0002500000118743628
517,1.0,0.009953334927558899,0.0002500000118743628
518,1.0,0.008140601217746735,0.0002500000118743628
519,1.0,0.010317983105778694,0.0002500000118743628
520,0.9926470518112183,0.015379895456135273,0.0002500000118743628
521,1.0,0.002786582335829735,0.0002500000118743628
522,1.0,0.005222785752266645,0.0002500000118743628
523,1.0,0.0021724363323301077,0.0002500000118743628
524,0.9926470518112183,0.015640100464224815,0.0002500000118743628
525,1.0,0.0032503153197467327,0.0002500000118743628
526,1.0,0.013576350174844265,0.0002500000118743628
527,0.9852941036224365,0.04355064034461975,0.0002500000118743628
528,0.9926470518112183,0.020988982170820236,0.0002500000118743628
529,1.0,0.008519214577972889,0.0002500000118743628
530,1.0,0.01574091985821724,0.0002500000118743628
531,1.0,0.007257337216287851,0.0002500000118743628
532,0.9926470518112183,0.016463864594697952,0.0002500000118743628
533,1.0,0.008289051242172718,0.0002500000118743628
534,1.0,0.006115469615906477,0.0002500000118743628
535,1.0,0.006784580182284117,0.0002500000118743628
536,1.0,0.006648857146501541,0.0002500000118743628
537,1.0,0.0031042741611599922,0.0002500000118743628
538,1.0,0.006442095618695021,0.0002500000118743628
539,1.0,0.005490200128406286,0.0002500000118743628
540,1.0,0.008953210897743702,0.0002500000118743628
541,1.0,0.0055794245563447475,0.0002500000118743628
542,0.9852941036224365,0.026256423443555832,0.0002500000118743628
543,0.970588207244873,0.044851355254650116,0.0002500000118743628
544,1.0,0.015121742151677608,0.0002500000118743628
545,1.0,0.015242024324834347,0.0002500000118743628
546,1.0,0.011036744341254234,0.0002500000118743628
547,1.0,0.007204074878245592,0.0002500000118743628
548,1.0,0.012853250838816166,0.0002500000118743628
549,1.0,0.005401664413511753,0.0002500000118743628
550,1.0,0.007743872236460447,0.0002500000118743628
551,1.0,0.011837559752166271,0.0002500000118743628
552,1.0,0.011069129221141338,0.0002500000118743628
553,1.0,0.004738982766866684,0.0002500000118743628
554,1.0,0.0028947487007826567,0.0002500000118743628
555,0.9926470518112183,0.016324449330568314,0.0002500000118743628
556,1.0,0.01511213555932045,0.0002500000118743628
557,1.0,0.004455869551748037,0.0002500000118743628
558,1.0,0.008771190419793129,0.0002500000118743628
559,1.0,0.0052476124837994576,0.0002500000118743628
560,1.0,0.015397473238408566,0.0002500000118743628
561,1.0,0.01501066517084837,0.0002500000118743628
562,0.9926470518112183,0.014335458166897297,0.0002500000118743628
563,1.0,0.014603016898036003,0.0001250000059371814
564,1.0,0.009675942361354828,0.0001250000059371814
565,1.0,0.0047381240874528885,0.0001250000059371814
566,1.0,0.008268721401691437,0.0001250000059371814
567,1.0,0.005458494648337364,0.0001250000059371814
568,1.0,0.009585708379745483,0.0001250000059371814
569,0.9926470518112183,0.014767052605748177,0.0001250000059371814
570,1.0,0.009388817474246025,0.0001250000059371814
571,1.0,0.003049905877560377,0.0001250000059371814
572,1.0,0.0032652518711984158,0.0001250000059371814
573,1.0,0.005527142900973558,0.0001250000059371814
574,1.0,0.00802705530077219,0.0001250000059371814
575,1.0,0.0065380181185901165,0.0001250000059371814
576,1.0,0.005926240235567093,0.0001250000059371814
577,1.0,0.009925078600645065,0.0001250000059371814
578,1.0,0.006690012291073799,0.0001250000059371814
579,1.0,0.00306282052770257,0.0001250000059371814
580,1.0,0.0038299853913486004,0.0001250000059371814
581,1.0,0.0019246602896600962,0.0001250000059371814
582,1.0,0.012551403604447842,0.0001250000059371814
583,1.0,0.005046755075454712,0.0001250000059371814
584,1.0,0.006026232149451971,0.0001250000059371814
585,1.0,0.004543455317616463,0.0001250000059371814
586,1.0,0.009140057489275932,0.0001250000059371814
587,1.0,0.004116033669561148,0.0001250000059371814
588,0.9926470518112183,0.01745644584298134,0.0001250000059371814
589,1.0,0.00460243783891201,0.0001250000059371814
590,1.0,0.013208678923547268,0.0001250000059371814
591,1.0,0.006887874566018581,0.0001250000059371814
592,1.0,0.005129730794578791,0.0001250000059371814
593,1.0,0.003124826354905963,0.0001250000059371814
594,1.0,0.0037822630256414413,0.0001250000059371814
595,1.0,0.008928440511226654,0.0001250000059371814
596,1.0,0.0023360000923275948,0.0001250000059371814
597,1.0,0.008894076570868492,0.0001250000059371814
598,1.0,0.008113875053822994,0.0001250000059371814
599,1.0,0.004313293844461441,0.0001250000059371814
600,1.0,0.005319021176546812,0.0001250000059371814
601,1.0,0.010423295199871063,0.0001250000059371814
602,1.0,0.0023070459719747305,0.0001250000059371814
603,1.0,0.005147221032530069,0.0001250000059371814
604,1.0,0.004177261143922806,0.0001250000059371814
605,1.0,0.010011827573180199,0.0001250000059371814
606,1.0,0.0022698596585541964,0.0001250000059371814
607,1.0,0.0020333046559244394,0.0001250000059371814
608,1.0,0.0015083426842465997,0.0001250000059371814
609,1.0,0.0031806721817702055,0.0001250000059371814
610,1.0,0.014800095930695534,0.0001250000059371814
611,1.0,0.002350245602428913,0.0001250000059371814
612,1.0,0.0048104203306138515,0.0001250000059371814
613,1.0,0.005040361545979977,0.0001250000059371814
614,1.0,0.002523677656427026,0.0001250000059371814
615,1.0,0.004671619273722172,0.0001250000059371814
616,1.0,0.002198730828240514,0.0001250000059371814
617,1.0,0.006221971474587917,0.0001250000059371814
618,1.0,0.0034660808742046356,0.0001250000059371814
619,1.0,0.0045966580510139465,0.0001250000059371814
620,1.0,0.006365624256432056,0.0001250000059371814
621,1.0,0.005513028707355261,0.0001250000059371814
622,0.9926470518112183,0.008610393851995468,0.0001250000059371814
623,1.0,0.0016129560535773635,0.0001250000059371814
624,1.0,0.00699673080816865,0.0001250000059371814
625,1.0,0.016399215906858444,0.0001250000059371814
626,1.0,0.005543881561607122,0.0001250000059371814
627,1.0,0.003090201411396265,0.0001250000059371814
628,1.0,0.00419856421649456,0.0001250000059371814
629,1.0,0.010911740362644196,0.0001250000059371814
630,1.0,0.0026027539279311895,0.0001250000059371814
631,1.0,0.0032428198028355837,0.0001250000059371814
632,1.0,0.0015018710400909185,0.0001250000059371814
633,1.0,0.002106435364112258,0.0001250000059371814
634,1.0,0.002141936682164669,0.0001250000059371814
635,1.0,0.007458467036485672,0.0001250000059371814
636,1.0,0.0026795321609824896,0.0001250000059371814
637,1.0,0.007821851409971714,0.0001250000059371814
638,1.0,0.005798906087875366,0.0001250000059371814
639,1.0,0.0015880799619480968,0.0001250000059371814
640,1.0,0.0040259286761283875,0.0001250000059371814
641,1.0,0.007409519981592894,0.0001250000059371814
642,1.0,0.0030128154903650284,0.0001250000059371814
643,1.0,0.0029557414818555117,0.0001250000059371814
644,1.0,0.0025596104096621275,0.0001250000059371814
645,1.0,0.0027353919576853514,0.0001250000059371814
646,1.0,0.005467809736728668,0.0001250000059371814
647,1.0,0.0013627959415316582,0.0001250000059371814
648,1.0,0.0013129330473020673,0.0001250000059371814
649,1.0,0.0035204703453928232,0.0001250000059371814
650,0.9779411554336548,0.05624048039317131,0.0001250000059371814
651,0.970588207244873,0.08377376943826675,0.0001250000059371814
652,0.970588207244873,0.06307068467140198,0.0001250000059371814
653,0.9926470518112183,0.021208878606557846,0.0001250000059371814
654,0.9926470518112183,0.01492295041680336,0.0001250000059371814
655,1.0,0.010149518959224224,0.0001250000059371814
656,1.0,0.01039478275924921,0.0001250000059371814
657,1.0,0.009187246672809124,0.0001250000059371814
658,0.970588207244873,0.07167854905128479,0.0001250000059371814
659,0.9852941036224365,0.03909755498170853,0.0001250000059371814
660,1.0,0.012457225471735,0.0001250000059371814
661,1.0,0.016891852021217346,0.0001250000059371814
662,1.0,0.010143540799617767,0.0001250000059371814
663,1.0,0.010477714240550995,0.0001250000059371814
664,1.0,0.009274843148887157,0.0001250000059371814
665,1.0,0.0053106085397303104,0.0001250000059371814
666,1.0,0.003610278246924281,0.0001250000059371814
667,1.0,0.0033890956547111273,0.0001250000059371814
668,1.0,0.0019252916099503636,0.0001250000059371814
669,1.0,0.003638660069555044,0.0001250000059371814
670,1.0,0.007877673953771591,0.0001250000059371814
671,1.0,0.002884065732359886,0.0001250000059371814
672,1.0,0.0033453209325671196,0.0001250000059371814
673,1.0,0.005102026741951704,0.0001250000059371814
674,0.9926470518112183,0.01596011221408844,0.0001250000059371814
675,1.0,0.002820307156071067,0.0001250000059371814
676,1.0,0.003235499607399106,0.0001250000059371814
677,1.0,0.010483267717063427,0.0001250000059371814
678,1.0,0.004523358307778835,0.0001250000059371814
679,1.0,0.003195876954123378,0.0001250000059371814
680,1.0,0.004794418346136808,0.0001250000059371814
681,1.0,0.003643135540187359,0.0001250000059371814
682,1.0,0.0028191395103931427,0.0001250000059371814
683,1.0,0.004264533054083586,0.0001250000059371814
684,1.0,0.005582236219197512,0.0001250000059371814
685,1.0,0.006624249741435051,0.0001250000059371814
686,1.0,0.002570504555478692,0.0001250000059371814
687,1.0,0.004852762911468744,0.0001250000059371814
688,1.0,0.005559420213103294,0.0001250000059371814
689,1.0,0.006352351047098637,0.0001250000059371814
690,1.0,0.00992075726389885,0.0001250000059371814
691,1.0,0.002621222287416458,0.0001250000059371814
692,0.9852941036224365,0.03385023772716522,0.0001250000059371814
693,1.0,0.009798508137464523,0.0001250000059371814
694,1.0,0.010231719352304935,0.0001250000059371814
695,1.0,0.00402534706518054,0.0001250000059371814
696,1.0,0.008863987401127815,0.0001250000059371814
697,1.0,0.0032791178673505783,0.0001250000059371814
698,1.0,0.005849370267242193,9.999999747378752e-05
699,1.0,0.0020279225427657366,9.999999747378752e-05
700,1.0,0.0020069286692887545,9.999999747378752e-05
701,1.0,0.007693033665418625,9.999999747378752e-05
702,1.0,0.004827704280614853,9.999999747378752e-05
703,1.0,0.0076088448986411095,9.999999747378752e-05
704,1.0,0.006678788922727108,9.999999747378752e-05
705,1.0,0.006887250114232302,9.999999747378752e-05
706,1.0,0.0015888992929831147,9.999999747378752e-05
707,1.0,0.0022612682078033686,9.999999747378752e-05
708,1.0,0.00293986895121634,9.999999747378752e-05
709,1.0,0.002379974350333214,9.999999747378752e-05
710,1.0,0.0014072812628000975,9.999999747378752e-05
711,1.0,0.005319892894476652,9.999999747378752e-05
712,1.0,0.00667543662711978,9.999999747378752e-05
713,1.0,0.0034284982830286026,9.999999747378752e-05
714,1.0,0.006285869050770998,9.999999747378752e-05
715,1.0,0.0009473028476350009,9.999999747378752e-05
716,1.0,0.001407154486514628,9.999999747378752e-05
717,1.0,0.011918672360479832,9.999999747378752e-05
718,1.0,0.0023698117583990097,9.999999747378752e-05
719,1.0,0.0015218493063002825,9.999999747378752e-05
720,1.0,0.004671241622418165,9.999999747378752e-05
721,1.0,0.0014833962777629495,9.999999747378752e-05
722,1.0,0.005238558165729046,9.999999747378752e-05
723,1.0,0.006828885525465012,9.999999747378752e-05
724,1.0,0.0058381566777825356,9.999999747378752e-05
725,1.0,0.002862963592633605,9.999999747378752e-05
726,1.0,0.006538029294461012,9.999999747378752e-05
727,1.0,0.0018474208191037178,9.999999747378752e-05
728,1.0,0.003273876616731286,9.999999747378752e-05
729,1.0,0.002271462231874466,9.999999747378752e-05
730,1.0,0.005052583757787943,9.999999747378752e-05
731,1.0,0.006068117450922728,9.999999747378752e-05
732,1.0,0.002127324929460883,9.999999747378752e-05
733,1.0,0.0030757132917642593,9.999999747378752e-05
734,1.0,0.0028208806179463863,9.999999747378752e-05
735,1.0,0.003341000759974122,9.999999747378752e-05
736,1.0,0.0018894093809649348,9.999999747378752e-05
737,1.0,0.0022682270500808954,9.999999747378752e-05
738,1.0,0.0014015823835507035,9.999999747378752e-05
739,1.0,0.0035560242831707,9.999999747378752e-05
740,1.0,0.0016324927564710379,9.999999747378752e-05
741,1.0,0.0010844857897609472,9.999999747378752e-05
742,1.0,0.002306930487975478,9.999999747378752e-05
743,1.0,0.0024260112550109625,9.999999747378752e-05
744,1.0,0.003040796145796776,9.999999747378752e-05
745,1.0,0.005129687022417784,9.999999747378752e-05
746,0.9926470518112183,0.008711292408406734,9.999999747378752e-05
747,1.0,0.0032731860410422087,9.999999747378752e-05
748,1.0,0.009677976369857788,9.999999747378752e-05
749,1.0,0.007243979722261429,9.999999747378752e-05
750,1.0,0.006843205075711012,9.999999747378752e-05
751,1.0,0.00176640332210809,9.999999747378752e-05
752,1.0,0.0028223833069205284,9.999999747378752e-05
753,1.0,0.0030154716223478317,9.999999747378752e-05
754,1.0,0.001938014174811542,9.999999747378752e-05
755,1.0,0.005262920167297125,9.999999747378752e-05
756,1.0,0.008630645461380482,9.999999747378752e-05
757,0.9926470518112183,0.029674123972654343,9.999999747378752e-05
758,1.0,0.012467595748603344,9.999999747378752e-05
759,0.9852941036224365,0.03143566846847534,9.999999747378752e-05
760,1.0,0.00491861067712307,9.999999747378752e-05
761,1.0,0.0082155242562294,9.999999747378752e-05
762,1.0,0.003570271423086524,9.999999747378752e-05
763,1.0,0.0027324240654706955,9.999999747378752e-05
764,0.9852941036224365,0.029892122372984886,9.999999747378752e-05
765,1.0,0.007832041010260582,9.999999747378752e-05
766,1.0,0.005978400353342295,9.999999747378752e-05
767,1.0,0.003987430594861507,9.999999747378752e-05
768,1.0,0.003641544608399272,9.999999747378752e-05
769,1.0,0.002053603297099471,9.999999747378752e-05
770,1.0,0.003389668883755803,9.999999747378752e-05
771,1.0,0.005296973045915365,9.999999747378752e-05
772,1.0,0.0023038003128021955,9.999999747378752e-05
773,1.0,0.003858697833493352,9.999999747378752e-05
774,1.0,0.0025542823132127523,9.999999747378752e-05
775,1.0,0.0037835929542779922,9.999999747378752e-05
776,1.0,0.0024243430234491825,9.999999747378752e-05
777,1.0,0.005793890915811062,9.999999747378752e-05
778,1.0,0.0033858646638691425,9.999999747378752e-05
779,1.0,0.002492719329893589,9.999999747378752e-05
780,1.0,0.0021305771078914404,9.999999747378752e-05
781,1.0,0.0036118370480835438,9.999999747378752e-05
782,1.0,0.006592124234884977,9.999999747378752e-05
783,1.0,0.003139190375804901,9.999999747378752e-05
784,1.0,0.002880035201087594,9.999999747378752e-05
785,1.0,0.0023312666453421116,9.999999747378752e-05
786,1.0,0.002769480226561427,9.999999747378752e-05
787,1.0,0.004780688788741827,9.999999747378752e-05
788,1.0,0.0027696932666003704,9.999999747378752e-05
789,1.0,0.0018688656855374575,9.999999747378752e-05
790,1.0,0.0019271818455308676,9.999999747378752e-05
791,1.0,0.001949427998624742,9.999999747378752e-05
792,1.0,0.0015925386687740684,9.999999747378752e-05
793,1.0,0.0014330781996250153,9.999999747378752e-05
794,1.0,0.0021070216316729784,9.999999747378752e-05
795,1.0,0.0013572388561442494,9.999999747378752e-05
796,1.0,0.004293401259928942,9.999999747378752e-05
797,1.0,0.004780036862939596,9.999999747378752e-05
798,1.0,0.002225416013970971,9.999999747378752e-05
799,1.0,0.008828733116388321,9.999999747378752e-05
800,1.0,0.007325795013457537,9.999999747378752e-05
801,1.0,0.0018811263144016266,9.999999747378752e-05
802,1.0,0.002192688174545765,9.999999747378752e-05
803,1.0,0.0027991945389658213,9.999999747378752e-05
804,1.0,0.0011333764996379614,9.999999747378752e-05
805,1.0,0.002882862463593483,9.999999747378752e-05
806,1.0,0.003475629026070237,9.999999747378752e-05
807,1.0,0.002149947453290224,9.999999747378752e-05
808,0.9926470518112183,0.01679590530693531,9.999999747378752e-05
809,1.0,0.00965563952922821,9.999999747378752e-05
810,1.0,0.005261617247015238,9.999999747378752e-05
811,0.9926470518112183,0.015533766709268093,9.999999747378752e-05
812,1.0,0.0060410089790821075,9.999999747378752e-05
813,1.0,0.0015463590389117599,9.999999747378752e-05
814,1.0,0.0039894916117191315,9.999999747378752e-05
815,1.0,0.002874863101169467,9.999999747378752e-05
816,1.0,0.0030572719406336546,9.999999747378752e-05
817,1.0,0.002633263822644949,9.999999747378752e-05
818,1.0,0.001029545208439231,9.999999747378752e-05
819,1.0,0.0022199423983693123,9.999999747378752e-05
820,1.0,0.014150033704936504,9.999999747378752e-05
821,1.0,0.001241555786691606,9.999999747378752e-05
822,1.0,0.004584052134305239,9.999999747378752e-05
823,1.0,0.001390330377034843,9.999999747378752e-05
824,1.0,0.007425896357744932,9.999999747378752e-05
825,1.0,0.0013308936031535268,9.999999747378752e-05
826,1.0,0.00429603923112154,9.999999747378752e-05
827,1.0,0.0043419124558568,9.999999747378752e-05
828,1.0,0.005895496811717749,9.999999747378752e-05
829,1.0,0.002734225708991289,9.999999747378752e-05
830,1.0,0.0013169505400583148,9.999999747378752e-05
831,0.9926470518112183,0.01481756940484047,9.999999747378752e-05
832,1.0,0.0028111941646784544,9.999999747378752e-05
833,1.0,0.009673754684627056,9.999999747378752e-05
834,1.0,0.0036665666848421097,9.999999747378752e-05
835,0.9926470518112183,0.020945128053426743,9.999999747378752e-05
836,1.0,0.004608672112226486,9.999999747378752e-05
837,1.0,0.0025190887972712517,9.999999747378752e-05
838,1.0,0.00948416069149971,9.999999747378752e-05
839,1.0,0.003310023108497262,9.999999747378752e-05
840,1.0,0.002316875383257866,9.999999747378752e-05
841,1.0,0.004726860672235489,9.999999747378752e-05
842,1.0,0.0071349055506289005,9.999999747378752e-05
843,1.0,0.002010601805523038,9.999999747378752e-05
844,1.0,0.0012149473186582327,9.999999747378752e-05
845,1.0,0.004366910085082054,9.999999747378752e-05
846,1.0,0.0018850989872589707,9.999999747378752e-05
847,1.0,0.005662273615598679,9.999999747378752e-05
848,0.9926470518112183,0.023545419797301292,9.999999747378752e-05
849,1.0,0.007203122600913048,9.999999747378752e-05
850,1.0,0.0055356924422085285,9.999999747378752e-05
851,1.0,0.009370207786560059,9.999999747378752e-05
852,1.0,0.0106039522215724,9.999999747378752e-05
853,1.0,0.00223630596883595,9.999999747378752e-05
854,1.0,0.00261429650709033,9.999999747378752e-05
855,0.9926470518112183,0.01605217531323433,9.999999747378752e-05
856,1.0,0.004895622376352549,9.999999747378752e-05
857,1.0,0.003537797601893544,9.999999747378752e-05
858,1.0,0.006158732809126377,9.999999747378752e-05
859,1.0,0.007947028614580631,9.999999747378752e-05
860,1.0,0.00578051432967186,9.999999747378752e-05
861,1.0,0.008088306523859501,9.999999747378752e-05
862,1.0,0.0025384873151779175,9.999999747378752e-05
863,1.0,0.0048183053731918335,9.999999747378752e-05
864,1.0,0.0023306789807975292,9.999999747378752e-05
865,1.0,0.0030319555662572384,9.999999747378752e-05
866,1.0,0.004259873181581497,9.999999747378752e-05
867,1.0,0.0041113970801234245,9.999999747378752e-05
868,1.0,0.004887951537966728,9.999999747378752e-05
869,1.0,0.0017163259908556938,9.999999747378752e-05
870,1.0,0.0059461635537445545,9.999999747378752e-05
871,1.0,0.0018154340796172619,9.999999747378752e-05
872,1.0,0.0013417211594060063,9.999999747378752e-05
873,1.0,0.0020063556730747223,9.999999747378752e-05
874,1.0,0.001929252059198916,9.999999747378752e-05
875,1.0,0.0011320363264530897,9.999999747378752e-05
876,1.0,0.002120179822668433,9.999999747378752e-05
877,1.0,0.0045024314895272255,9.999999747378752e-05
878,1.0,0.0034336389508098364,9.999999747378752e-05
879,1.0,0.0038789191748946905,9.999999747378752e-05
880,1.0,0.0038889585994184017,9.999999747378752e-05
881,1.0,0.0019336186815053225,9.999999747378752e-05
882,1.0,0.008441390469670296,9.999999747378752e-05
883,1.0,0.001597764901816845,9.999999747378752e-05
884,1.0,0.005053203087300062,9.999999747378752e-05
885,1.0,0.0017606174806132913,9.999999747378752e-05
886,1.0,0.0015592487761750817,9.999999747378752e-05
887,1.0,0.0020556263625621796,9.999999747378752e-05
888,1.0,0.003495690645650029,9.999999747378752e-05
889,1.0,0.003264953847974539,9.999999747378752e-05
890,1.0,0.01226121373474598,9.999999747378752e-05
891,1.0,0.0021923973690718412,9.999999747378752e-05
892,1.0,0.004912582691758871,9.999999747378752e-05
893,1.0,0.004199188202619553,9.999999747378752e-05
894,1.0,0.002762190066277981,9.999999747378752e-05
895,1.0,0.0039822994731366634,9.999999747378752e-05
896,1.0,0.001497240155003965,9.999999747378752e-05
897,1.0,0.004203456453979015,9.999999747378752e-05
898,1.0,0.001248275046236813,9.999999747378752e-05
899,1.0,0.0012556454166769981,9.999999747378752e-05
900,1.0,0.001439684652723372,9.999999747378752e-05
901,1.0,0.004351136740297079,9.999999747378752e-05
902,1.0,0.0037181759253144264,9.999999747378752e-05
903,1.0,0.006506152451038361,9.999999747378752e-05
904,1.0,0.008934798650443554,9.999999747378752e-05
905,1.0,0.0016320382710546255,9.999999747378752e-05
906,1.0,0.003197555663064122,9.999999747378752e-05
907,1.0,0.0018880472052842379,9.999999747378752e-05
908,1.0,0.000765210366807878,9.999999747378752e-05
909,1.0,0.0039993636310100555,9.999999747378752e-05
910,1.0,0.0018696184270083904,9.999999747378752e-05
911,1.0,0.0034284761641174555,9.999999747378752e-05
912,1.0,0.0006754058413207531,9.999999747378752e-05
913,1.0,0.002155885100364685,9.999999747378752e-05
914,1.0,0.0033107614144682884,9.999999747378752e-05
915,1.0,0.006712883710861206,9.999999747378752e-05
916,1.0,0.004057295620441437,9.999999747378752e-05
917,1.0,0.006520634051412344,9.999999747378752e-05
918,0.9926470518112183,0.019063495099544525,9.999999747378752e-05
919,1.0,0.004304193891584873,9.999999747378752e-05
920,1.0,0.008961181156337261,9.999999747378752e-05
921,1.0,0.004121923819184303,9.999999747378752e-05
922,1.0,0.002604832174256444,9.999999747378752e-05
923,1.0,0.0013227516319602728,9.999999747378752e-05
924,1.0,0.0014081572880968451,9.999999747378752e-05
925,1.0,0.0031480733305215836,9.999999747378752e-05
926,1.0,0.0012296003988012671,9.999999747378752e-05
927,1.0,0.0014166859909892082,9.999999747378752e-05
928,1.0,0.0015366649022325873,9.999999747378752e-05
929,1.0,0.0034360215067863464,9.999999747378752e-05
930,1.0,0.0037845128681510687,9.999999747378752e-05
931,1.0,0.0009919654112309217,9.999999747378752e-05
932,1.0,0.0038147594314068556,9.999999747378752e-05
933,1.0,0.0030694103334099054,9.999999747378752e-05
934,1.0,0.0047185104340314865,9.999999747378752e-05
935,1.0,0.001018028357066214,9.999999747378752e-05
936,1.0,0.0010124034015461802,9.999999747378752e-05
937,1.0,0.006286100950092077,9.999999747378752e-05
938,0.9926470518112183,0.014655462466180325,9.999999747378752e-05
939,1.0,0.009918175637722015,9.999999747378752e-05
940,1.0,0.005104247946292162,9.999999747378752e-05
941,1.0,0.0016940601635724306,9.999999747378752e-05
942,1.0,0.0061776600778102875,9.999999747378752e-05
943,1.0,0.0038857520557940006,9.999999747378752e-05
944,1.0,0.0037218083161860704,9.999999747378752e-05
945,1.0,0.0033748659770935774,9.999999747378752e-05
946,1.0,0.015528309158980846,9.999999747378752e-05
947,1.0,0.001933853141963482,9.999999747378752e-05
948,1.0,0.0026909310836344957,9.999999747378752e-05
949,1.0,0.0020355430897325277,9.999999747378752e-05
950,1.0,0.0012201055651530623,9.999999747378752e-05
951,1.0,0.004424350801855326,9.999999747378752e-05
952,1.0,0.004106571432203054,9.999999747378752e-05
953,1.0,0.008032714948058128,9.999999747378752e-05
954,1.0,0.002106837462633848,9.999999747378752e-05
955,1.0,0.00152231240645051,9.999999747378752e-05
956,1.0,0.003146117553114891,9.999999747378752e-05
957,1.0,0.0022601766977459192,9.999999747378752e-05
958,1.0,0.0031185289844870567,9.999999747378752e-05
959,1.0,0.00594231765717268,9.999999747378752e-05
960,1.0,0.006129087880253792,9.999999747378752e-05
961,1.0,0.004506387282162905,9.999999747378752e-05
962,1.0,0.007773994468152523,9.999999747378752e-05
963,1.0,0.0036253982689231634,9.999999747378752e-05
964,1.0,0.0016442218329757452,9.999999747378752e-05
965,1.0,0.0008066239533945918,9.999999747378752e-05
966,0.9926470518112183,0.009625288657844067,9.999999747378752e-05
967,1.0,0.004317374899983406,9.999999747378752e-05
968,1.0,0.004574235528707504,9.999999747378752e-05
969,1.0,0.004518007393926382,9.999999747378752e-05
970,1.0,0.003757830010727048,9.999999747378752e-05
971,1.0,0.0030561883468180895,9.999999747378752e-05
972,1.0,0.0045714774169027805,9.999999747378752e-05
973,1.0,0.010620128363370895,9.999999747378752e-05
974,1.0,0.0045260535553097725,9.999999747378752e-05
975,1.0,0.005958784371614456,9.999999747378752e-05
976,1.0,0.0027333812322467566,9.999999747378752e-05
977,1.0,0.0030762709211558104,9.999999747378752e-05
978,1.0,0.003263456979766488,9.999999747378752e-05
979,1.0,0.009909607470035553,9.999999747378752e-05
980,1.0,0.0015319361118599772,9.999999747378752e-05
981,0.9852941036224365,0.03257964551448822,9.999999747378752e-05
982,0.9852941036224365,0.026102963835000992,9.999999747378752e-05
983,1.0,0.004989864770323038,9.999999747378752e-05
984,1.0,0.004203589167445898,9.999999747378752e-05
985,1.0,0.0022181991953402758,9.999999747378752e-05
986,1.0,0.0018317638896405697,9.999999747378752e-05
987,1.0,0.014076070860028267,9.999999747378752e-05
988,1.0,0.012866177596151829,9.999999747378752e-05
989,1.0,0.002454799832776189,9.999999747378752e-05
990,1.0,0.001993386773392558,9.999999747378752e-05
991,1.0,0.0025640863459557295,9.999999747378752e-05
992,1.0,0.005568208172917366,9.999999747378752e-05
993,1.0,0.004034098237752914,9.999999747378752e-05
994,1.0,0.0006381755229085684,9.999999747378752e-05
995,1.0,0.01068040169775486,9.999999747378752e-05
996,1.0,0.005314207170158625,9.999999747378752e-05
997,1.0,0.00473324628546834,9.999999747378752e-05
998,1.0,0.0028105746023356915,9.999999747378752e-05
999,1.0,0.004549275152385235,9.999999747378752e-05
1000,1.0,0.002581794047728181,9.999999747378752e-05
1001,0.9926470518112183,0.027335545048117638,9.999999747378752e-05
1002,1.0,0.002298937411978841,9.999999747378752e-05
1003,1.0,0.003053734777495265,9.999999747378752e-05
1004,1.0,0.002945065964013338,9.999999747378752e-05
1005,1.0,0.0023215648252516985,9.999999747378752e-05
1006,1.0,0.006401066202670336,9.999999747378752e-05
1007,1.0,0.004155735019594431,9.999999747378752e-05
1008,1.0,0.0038482635281980038,9.999999747378752e-05
1009,1.0,0.003927599173039198,9.999999747378752e-05
1010,1.0,0.0011603540042415261,9.999999747378752e-05
1011,1.0,0.0014729377580806613,9.999999747378752e-05
1012,1.0,0.0015879538841545582,9.999999747378752e-05
1013,0.9852941036224365,0.0313040129840374,9.999999747378752e-05
1014,1.0,0.006273344624787569,9.999999747378752e-05
1015,0.9632353186607361,0.08466269075870514,9.999999747378752e-05
1016,0.9926470518112183,0.03207167983055115,9.999999747378752e-05
1017,1.0,0.026592571288347244,9.999999747378752e-05
1018,0.9926470518112183,0.02035568654537201,9.999999747378752e-05
1019,0.9926470518112183,0.020229360088706017,9.999999747378752e-05
1020,1.0,0.011790111660957336,9.999999747378752e-05
1021,1.0,0.011708753183484077,9.999999747378752e-05
1022,1.0,0.005701729562133551,9.999999747378752e-05
1023,0.9926470518112183,0.015330646187067032,9.999999747378752e-05
1024,1.0,0.003995697945356369,9.999999747378752e-05
1025,0.9926470518112183,0.026385584846138954,9.999999747378752e-05
1026,1.0,0.003922455944120884,9.999999747378752e-05
1027,1.0,0.011467328295111656,9.999999747378752e-05
1028,1.0,0.0030362922698259354,9.999999747378752e-05
1029,1.0,0.004608287010341883,9.999999747378752e-05
1030,1.0,0.0037754098884761333,9.999999747378752e-05
1031,1.0,0.0058544049970805645,9.999999747378752e-05
1032,1.0,0.001362200127914548,9.999999747378752e-05
1033,1.0,0.0032452112063765526,9.999999747378752e-05
1034,1.0,0.0012932104291394353,9.999999747378752e-05
1035,1.0,0.0058114975690841675,9.999999747378752e-05
1036,1.0,0.001870242296718061,9.999999747378752e-05
1037,1.0,0.0034900810569524765,9.999999747378752e-05
1038,1.0,0.0013318898854777217,9.999999747378752e-05
1039,1.0,0.007991922087967396,9.999999747378752e-05
1040,1.0,0.0011916978983208537,9.999999747378752e-05
1041,1.0,0.005239591933786869,9.999999747378752e-05
1042,1.0,0.0023792132269591093,9.999999747378752e-05
1043,1.0,0.006160368211567402,9.999999747378752e-05
1044,1.0,0.00362113444134593,9.999999747378752e-05
1045,1.0,0.002893512137234211,9.999999747378752e-05
1046,1.0,0.001402196241542697,9.999999747378752e-05
1047,1.0,0.0026333038695156574,9.999999747378752e-05
1048,1.0,0.001695295562967658,9.999999747378752e-05
1049,1.0,0.0017353184521198273,9.999999747378752e-05
1050,1.0,0.004786586854606867,9.999999747378752e-05
1051,1.0,0.0022271217312663794,9.999999747378752e-05
1052,1.0,0.005458128172904253,9.999999747378752e-05
1053,1.0,0.0066643813624978065,9.999999747378752e-05
1054,1.0,0.006658835336565971,9.999999747378752e-05
1055,1.0,0.002435277448967099,9.999999747378752e-05
1056,1.0,0.010163317434489727,9.999999747378752e-05
1057,1.0,0.005242266226559877,9.999999747378752e-05
1058,1.0,0.006853435188531876,9.999999747378752e-05
1059,0.9926470518112183,0.009736757725477219,9.999999747378752e-05
1060,1.0,0.0032357140444219112,9.999999747378752e-05
1061,1.0,0.004479561932384968,9.999999747378752e-05
1062,1.0,0.0027825471479445696,9.999999747378752e-05
1063,1.0,0.0035158104728907347,9.999999747378752e-05
1064,1.0,0.001960562542080879,9.999999747378752e-05
1065,1.0,0.001954370643943548,9.999999747378752e-05
1066,1.0,0.0025526632089167833,9.999999747378752e-05
1067,1.0,0.006541390437632799,9.999999747378752e-05
1068,1.0,0.0068121603690087795,9.999999747378752e-05
1069,0.9926470518112183,0.023022186011075974,9.999999747378752e-05
1070,0.9926470518112183,0.02030457928776741,9.999999747378752e-05
1071,1.0,0.01983286440372467,9.999999747378752e-05
1072,0.9926470518112183,0.032733552157878876,9.999999747378752e-05
1073,1.0,0.008001369424164295,9.999999747378752e-05
1074,0.9926470518112183,0.02058284357190132,9.999999747378752e-05
1075,1.0,0.004029158968478441,9.999999747378752e-05
1076,1.0,0.002612847601994872,9.999999747378752e-05
1077,1.0,0.0040719471871852875,9.999999747378752e-05
1078,1.0,0.0024459264241158962,9.999999747378752e-05
1079,1.0,0.005610436666756868,9.999999747378752e-05
1080,1.0,0.012446636334061623,9.999999747378752e-05
1081,1.0,0.007063714787364006,9.999999747378752e-05
1082,1.0,0.0028688577003777027,9.999999747378752e-05
1083,1.0,0.0015653817681595683,9.999999747378752e-05
1084,1.0,0.0021201109047979116,9.999999747378752e-05
1085,1.0,0.00280461716465652,9.999999747378752e-05
1086,1.0,0.001828150823712349,9.999999747378752e-05
1087,1.0,0.0028863416519016027,9.999999747378752e-05
1088,1.0,0.007034480571746826,9.999999747378752e-05
1089,1.0,0.001980304252356291,9.999999747378752e-05
1090,0.9779411554336548,0.0575922355055809,9.999999747378752e-05
1091,1.0,0.023947514593601227,9.999999747378752e-05
1092,0.9926470518112183,0.013306516222655773,9.999999747378752e-05
1093,0.9852941036224365,0.05726383253931999,9.999999747378752e-05
1094,1.0,0.005199708975851536,9.999999747378752e-05
1095,1.0,0.01549943070858717,9.999999747378752e-05
1096,1.0,0.004776737652719021,9.999999747378752e-05
1097,1.0,0.001587919658049941,9.999999747378752e-05
1098,1.0,0.0020070045720785856,9.999999747378752e-05
1099,1.0,0.005979626905173063,9.999999747378752e-05
1100,1.0,0.0024517737329006195,9.999999747378752e-05
1101,0.9926470518112183,0.017802748829126358,9.999999747378752e-05
1102,1.0,0.002209963509812951,9.999999747378752e-05
1103,1.0,0.006263289600610733,9.999999747378752e-05
1104,1.0,0.003297198098152876,9.999999747378752e-05
1105,1.0,0.005470192991197109,9.999999747378752e-05
1106,1.0,0.004564756993204355,9.999999747378752e-05
1107,1.0,0.001022137119434774,9.999999747378752e-05
1108,1.0,0.002455356065183878,9.999999747378752e-05
1109,1.0,0.012374822981655598,9.999999747378752e-05
1110,1.0,0.0060046943835914135,9.999999747378752e-05
1111,1.0,0.006498110014945269,9.999999747378752e-05
1112,1.0,0.0040959944017231464,9.999999747378752e-05
1113,1.0,0.0010805270867422223,9.999999747378752e-05
1114,1.0,0.0014870823360979557,9.999999747378752e-05
1115,1.0,0.0031878126319497824,9.999999747378752e-05
1116,1.0,0.0016187845030799508,9.999999747378752e-05
1117,1.0,0.014087323099374771,9.999999747378752e-05
1118,1.0,0.0018080376321449876,9.999999747378752e-05
1119,1.0,0.007950423285365105,9.999999747378752e-05
1120,1.0,0.002046620473265648,9.999999747378752e-05
1121,1.0,0.002058482263237238,9.999999747378752e-05
1122,1.0,0.0026744836941361427,9.999999747378752e-05
1123,1.0,0.0014088035095483065,9.999999747378752e-05
1124,1.0,0.010122413747012615,9.999999747378752e-05
1125,1.0,0.0021492037922143936,9.999999747378752e-05
1126,1.0,0.0036534147802740335,9.999999747378752e-05
1127,1.0,0.0030107044149190187,9.999999747378752e-05
1128,1.0,0.0020306755322963,9.999999747378752e-05
1129,1.0,0.0009179534390568733,9.999999747378752e-05
1130,1.0,0.0014692293480038643,9.999999747378752e-05
1131,1.0,0.0021194610744714737,9.999999747378752e-05
1132,1.0,0.0055016702972352505,9.999999747378752e-05
1133,1.0,0.0008657715516164899,9.999999747378752e-05
1134,1.0,0.00140533281955868,9.999999747378752e-05
1135,1.0,0.0013144125696271658,9.999999747378752e-05
1136,1.0,0.004636641591787338,9.999999747378752e-05
1137,1.0,0.0029006570111960173,9.999999747378752e-05
1138,1.0,0.0011173596139997244,9.999999747378752e-05
1139,1.0,0.0018840559059754014,9.999999747378752e-05
1140,1.0,0.0033910165075212717,9.999999747378752e-05
1141,1.0,0.0015446320176124573,9.999999747378752e-05
1142,1.0,0.0010547707788646221,9.999999747378752e-05
1143,1.0,0.004794165026396513,9.999999747378752e-05
1144,1.0,0.004098039120435715,9.999999747378752e-05
1145,1.0,0.0009906289633363485,9.999999747378752e-05
1146,1.0,0.004717957228422165,9.999999747378752e-05
1147,1.0,0.002074267016723752,9.999999747378752e-05
1148,1.0,0.002875656122341752,9.999999747378752e-05
1149,1.0,0.002222322626039386,9.999999747378752e-05
1150,1.0,0.003356758039444685,9.999999747378752e-05
1151,1.0,0.0009394079679623246,9.999999747378752e-05
1152,1.0,0.001240376615896821,9.999999747378752e-05
1153,1.0,0.001357555272988975,9.999999747378752e-05
1154,1.0,0.0011527242604643106,9.999999747378752e-05
1155,1.0,0.0015620474005118012,9.999999747378752e-05
1156,1.0,0.0026466732379049063,9.999999747378752e-05
1157,1.0,0.003381219459697604,9.999999747378752e-05
1158,1.0,0.0014811796136200428,9.999999747378752e-05
1159,1.0,0.0038708325009793043,9.999999747378752e-05
1160,1.0,0.0016230059554800391,9.999999747378752e-05
1161,1.0,0.0006950871320441365,9.999999747378752e-05
1162,1.0,0.001214472926221788,9.999999747378752e-05
1163,1.0,0.0016047860262915492,9.999999747378752e-05
1164,1.0,0.001075924257747829,9.999999747378752e-05
1165,1.0,0.0034785254392772913,9.999999747378752e-05
1166,1.0,0.002279286738485098,9.999999747378752e-05
1167,1.0,0.0023832505103200674,9.999999747378752e-05
1168,1.0,0.002043551066890359,9.999999747378752e-05
1169,1.0,0.0017959504621103406,9.999999747378752e-05
1170,1.0,0.0007941657677292824,9.999999747378752e-05
1171,1.0,0.0022366319317370653,9.999999747378752e-05
1172,1.0,0.0016440760809928179,9.999999747378752e-05
1173,1.0,0.00106885377317667,9.999999747378752e-05
1174,1.0,0.0028728453908115625,9.999999747378752e-05
1175,1.0,0.0010234118672087789,9.999999747378752e-05
1176,1.0,0.005870279390364885,9.999999747378752e-05
1177,1.0,0.005608860403299332,9.999999747378752e-05
1178,1.0,0.006248816382139921,9.999999747378752e-05
1179,1.0,0.0073440540581941605,9.999999747378752e-05
1180,1.0,0.0022554448805749416,9.999999747378752e-05
1181,1.0,0.002028094604611397,9.999999747378752e-05
1182,1.0,0.002606946276500821,9.999999747378752e-05
1183,1.0,0.0017974841175600886,9.999999747378752e-05
1184,1.0,0.0014099320396780968,9.999999747378752e-05
1185,1.0,0.0010764076141640544,9.999999747378752e-05
1186,1.0,0.0028353692032396793,9.999999747378752e-05
1187,1.0,0.0009460279252380133,9.999999747378752e-05
1188,1.0,0.0016555546317249537,9.999999747378752e-05
1189,1.0,0.000509896781295538,9.999999747378752e-05
1190,1.0,0.005031068343669176,9.999999747378752e-05
1191,1.0,0.0011535912053659558,9.999999747378752e-05
1192,1.0,0.001837876858189702,9.999999747378752e-05
1193,1.0,0.0017911968752741814,9.999999747378752e-05
1194,1.0,0.0024288510903716087,9.999999747378752e-05
1195,1.0,0.00393556198105216,9.999999747378752e-05
1196,1.0,0.0014699783641844988,9.999999747378752e-05
1197,1.0,0.0006442706217058003,9.999999747378752e-05
1198,1.0,0.001287729130126536,9.999999747378752e-05
1199,1.0,0.0010871365666389465,9.999999747378752e-05
1200,1.0,0.0010359531734138727,9.999999747378752e-05
1201,1.0,0.002353824907913804,9.999999747378752e-05
1202,1.0,0.0010438620811328292,9.999999747378752e-05
1203,1.0,0.007079824339598417,9.999999747378752e-05
1204,1.0,0.005765258334577084,9.999999747378752e-05
1205,1.0,0.004548544995486736,9.999999747378752e-05
1206,1.0,0.0028496470768004656,9.999999747378752e-05
1207,1.0,0.0007596309296786785,9.999999747378752e-05
1208,1.0,0.003766794456169009,9.999999747378752e-05
1209,1.0,0.00474967435002327,9.999999747378752e-05
1210,1.0,0.001169708208180964,9.999999747378752e-05
1211,1.0,0.006340855732560158,9.999999747378752e-05
1212,1.0,0.0013412090484052896,9.999999747378752e-05
1213,1.0,0.0015187861863523722,9.999999747378752e-05
1214,1.0,0.0014085661387071013,9.999999747378752e-05
1215,1.0,0.0011218393919989467,9.999999747378752e-05
1216,1.0,0.002458729548379779,9.999999747378752e-05
1217,1.0,0.0006607126560993493,9.999999747378752e-05
1218,1.0,0.00491145858541131,9.999999747378752e-05
1219,1.0,0.0024372348561882973,9.999999747378752e-05
1220,1.0,0.003901256248354912,9.999999747378752e-05
1221,1.0,0.0035152575001120567,9.999999747378752e-05
1222,1.0,0.006671978626400232,9.999999747378752e-05
1223,1.0,0.003838566830381751,9.999999747378752e-05
1224,0.9926470518112183,0.026353759691119194,9.999999747378752e-05
1225,0.9926470518112183,0.015528742223978043,9.999999747378752e-05
1226,0.9926470518112183,0.014987587928771973,9.999999747378752e-05
1227,1.0,0.0035360686015337706,9.999999747378752e-05
1228,1.0,0.0036187421064823866,9.999999747378752e-05
1229,1.0,0.003975111059844494,9.999999747378752e-05
1230,1.0,0.009488902986049652,9.999999747378752e-05
1231,1.0,0.0023754555732011795,9.999999747378752e-05
1232,1.0,0.004369847942143679,9.999999747378752e-05
1233,1.0,0.006859699729830027,9.999999747378752e-05
1234,1.0,0.010781524702906609,9.999999747378752e-05
1235,1.0,0.0032391634304076433,9.999999747378752e-05
1236,1.0,0.006253072991967201,9.999999747378752e-05
1237,1.0,0.0010315387044101954,9.999999747378752e-05
1238,1.0,0.0016848669620230794,9.999999747378752e-05
1239,1.0,0.0026267131324857473,9.999999747378752e-05
1240,1.0,0.0007767520728521049,9.999999747378752e-05
1241,1.0,0.002593373181298375,9.999999747378752e-05
1242,0.9779411554336548,0.047229230403900146,9.999999747378752e-05
1243,1.0,0.006703699938952923,9.999999747378752e-05
1244,1.0,0.014357064850628376,9.999999747378752e-05
1245,1.0,0.0083857960999012,9.999999747378752e-05
1246,0.9926470518112183,0.016887489706277847,9.999999747378752e-05
1247,1.0,0.001966172829270363,9.999999747378752e-05
1248,1.0,0.0031318161636590958,9.999999747378752e-05
1249,1.0,0.00414711469784379,9.999999747378752e-05
1250,1.0,0.004093023017048836,9.999999747378752e-05
1251,1.0,0.0048854658380150795,9.999999747378752e-05
1252,1.0,0.0036061424762010574,9.999999747378752e-05
1253,1.0,0.0012663638917729259,9.999999747378752e-05
1254,1.0,0.0010916561586782336,9.999999747378752e-05
1255,1.0,0.0021678984630852938,9.999999747378752e-05
1256,1.0,0.0028682772535830736,9.999999747378752e-05
1257,1.0,0.0005637863650918007,9.999999747378752e-05
1258,1.0,0.004571528639644384,9.999999747378752e-05
1259,1.0,0.002080286853015423,9.999999747378752e-05
1260,1.0,0.004484104923903942,9.999999747378752e-05
1261,1.0,0.009790006093680859,9.999999747378752e-05
1262,0.9926470518112183,0.028693217784166336,9.999999747378752e-05
1263,0.9852941036224365,0.0297755878418684,9.999999747378752e-05
1264,1.0,0.002541565801948309,9.999999747378752e-05
1265,1.0,0.010316376574337482,9.999999747378752e-05
1266,1.0,0.0032038569916039705,9.999999747378752e-05
1267,1.0,0.006134865805506706,9.999999747378752e-05
1268,1.0,0.0012704207329079509,9.999999747378752e-05
1269,1.0,0.0048475442454218864,9.999999747378752e-05
1270,1.0,0.0046122074127197266,9.999999747378752e-05
1271,1.0,0.001213386538438499,9.999999747378752e-05
1272,1.0,0.0018670723075047135,9.999999747378752e-05
1273,1.0,0.0010931163560599089,9.999999747378752e-05
1274,1.0,0.0011826838599517941,9.999999747378752e-05
1275,1.0,0.002072579227387905,9.999999747378752e-05
1276,1.0,0.006366236135363579,9.999999747378752e-05
1277,1.0,0.003274177201092243,9.999999747378752e-05
1278,1.0,0.0016344020841643214,9.999999747378752e-05
1279,1.0,0.0009376198286190629,9.999999747378752e-05
1280,1.0,0.0043983859941363335,9.999999747378752e-05
1281,1.0,0.0012953549157828093,9.999999747378752e-05
1282,1.0,0.0030278812628239393,9.999999747378752e-05
1283,1.0,0.0009271609596908092,9.999999747378752e-05
1284,1.0,0.0023911488242447376,9.999999747378752e-05
1285,1.0,0.0007973979809321463,9.999999747378752e-05
1286,0.9926470518112183,0.02637508697807789,9.999999747378752e-05
1287,1.0,0.001290386077016592,9.999999747378752e-05
1288,1.0,0.003439859487116337,9.999999747378752e-05
1289,1.0,0.001996551174670458,9.999999747378752e-05
1290,1.0,0.004985824227333069,9.999999747378752e-05
1291,0.9926470518112183,0.01988951861858368,9.999999747378752e-05
1292,1.0,0.007196124643087387,9.999999747378752e-05
1293,1.0,0.0045379879884421825,9.999999747378752e-05
1294,0.9926470518112183,0.017261728644371033,9.999999747378752e-05
1295,1.0,0.014189186505973339,9.999999747378752e-05
1296,1.0,0.006497916765511036,9.999999747378752e-05
1297,1.0,0.003073836909607053,9.999999747378752e-05
1298,1.0,0.004210330545902252,9.999999747378752e-05
1299,1.0,0.004978015553206205,9.999999747378752e-05
1300,0.9852941036224365,0.019365383312106133,9.999999747378752e-05
1301,1.0,0.007752415724098682,9.999999747378752e-05
1302,1.0,0.017324790358543396,9.999999747378752e-05
1303,1.0,0.008362488821148872,9.999999747378752e-05
1304,1.0,0.0018242441583424807,9.999999747378752e-05
1305,1.0,0.0034466818906366825,9.999999747378752e-05
1306,1.0,0.004821539856493473,9.999999747378752e-05
1307,1.0,0.006705553270876408,9.999999747378752e-05
1308,1.0,0.005160325672477484,9.999999747378752e-05
1309,1.0,0.0037359297275543213,9.999999747378752e-05
1310,1.0,0.0021329005248844624,9.999999747378752e-05
1311,1.0,0.0008492148481309414,9.999999747378752e-05
1312,1.0,0.003741046180948615,9.999999747378752e-05
1313,1.0,0.0032797190360724926,9.999999747378752e-05
1314,1.0,0.0016939279157668352,9.999999747378752e-05
1315,1.0,0.0011516043450683355,9.999999747378752e-05
1316,1.0,0.0018893788801506162,9.999999747378752e-05
1317,1.0,0.0028265349101275206,9.999999747378752e-05
1318,1.0,0.0029505707789212465,9.999999747378752e-05
1319,1.0,0.00273102056235075,9.999999747378752e-05
1320,1.0,0.0005711569101549685,9.999999747378752e-05
1321,1.0,0.0005527504254132509,9.999999747378752e-05
1322,1.0,0.005311293993145227,9.999999747378752e-05
1323,1.0,0.002680429257452488,9.999999747378752e-05
1324,1.0,0.001257311087101698,9.999999747378752e-05
1325,1.0,0.003528529778122902,9.999999747378752e-05
1326,1.0,0.004170715343207121,9.999999747378752e-05
1327,1.0,0.0013855277793481946,9.999999747378752e-05
1328,1.0,0.002609292510896921,9.999999747378752e-05
1329,1.0,0.0008864402188919485,9.999999747378752e-05
1330,1.0,0.002767364028841257,9.999999747378752e-05
1331,1.0,0.001416939776390791,9.999999747378752e-05
1332,1.0,0.0037016626447439194,9.999999747378752e-05
1333,1.0,0.00235956022515893,9.999999747378752e-05
1334,1.0,0.0038781617768108845,9.999999747378752e-05
1335,1.0,0.001406361348927021,9.999999747378752e-05
1336,1.0,0.0012469027424231172,9.999999747378752e-05
1337,1.0,0.003659364767372608,9.999999747378752e-05
1338,1.0,0.0013780368026345968,9.999999747378752e-05
1339,1.0,0.003733908524736762,9.999999747378752e-05
1340,1.0,0.0019015714060515165,9.999999747378752e-05
1341,1.0,0.0008428480941802263,9.999999747378752e-05
1342,1.0,0.0006871326477266848,9.999999747378752e-05
1343,1.0,0.0012196508469060063,9.999999747378752e-05
1344,1.0,0.001344264135695994,9.999999747378752e-05
1345,1.0,0.0011202023597434163,9.999999747378752e-05
1346,1.0,0.0012424845481291413,9.999999747378752e-05
1347,1.0,0.0034632550086826086,9.999999747378752e-05
1348,1.0,0.0009331831242889166,9.999999747378752e-05
1349,1.0,0.0035766386426985264,9.999999747378752e-05
1350,1.0,0.001887328689917922,9.999999747378752e-05
1351,1.0,0.0008009111625142395,9.999999747378752e-05
1352,1.0,0.0009747132426127791,9.999999747378752e-05
1353,1.0,0.003038890426978469,9.999999747378752e-05
1354,1.0,0.0013055565068498254,9.999999747378752e-05
1355,1.0,0.003845369443297386,9.999999747378752e-05
1356,1.0,0.0034330913331359625,9.999999747378752e-05
1357,1.0,0.0044132075272500515,9.999999747378752e-05
1358,1.0,0.0029828071128576994,9.999999747378752e-05
1359,1.0,0.001705660717561841,9.999999747378752e-05
1360,1.0,0.0025276062078773975,9.999999747378752e-05
1361,1.0,0.002425414277240634,9.999999747378752e-05
1362,1.0,0.0022156680934131145,9.999999747378752e-05
1363,1.0,0.0015104596968740225,9.999999747378752e-05
1364,1.0,0.0014583126176148653,9.999999747378752e-05
1365,1.0,0.0014817529590800405,9.999999747378752e-05
1366,1.0,0.0009927169885486364,9.999999747378752e-05
1367,1.0,0.001692364807240665,9.999999747378752e-05
1368,1.0,0.002304892288520932,9.999999747378752e-05
1369,1.0,0.0011777776526287198,9.999999747378752e-05
1370,1.0,0.0038569613825529814,9.999999747378752e-05
1371,1.0,0.000690752814989537,9.999999747378752e-05
1372,1.0,0.0014183911262080073,9.999999747378752e-05
1373,1.0,0.0008236955618485808,9.999999747378752e-05
1374,1.0,0.001583543256856501,9.999999747378752e-05
1375,1.0,0.0007924363599158823,9.999999747378752e-05
1376,1.0,0.0076467315666377544,9.999999747378752e-05
1377,1.0,0.002085312269628048,9.999999747378752e-05
1378,1.0,0.002738707698881626,9.999999747378752e-05
1379,1.0,0.004434526897966862,9.999999747378752e-05
1380,1.0,0.001456417259760201,9.999999747378752e-05
1381,1.0,0.00307979597710073,9.999999747378752e-05
1382,1.0,0.00046015140833333135,9.999999747378752e-05
1383,1.0,0.0013828331138938665,9.999999747378752e-05
1384,1.0,0.0015499897999688983,9.999999747378752e-05
1385,1.0,0.0031942029017955065,9.999999747378752e-05
1386,1.0,0.0011344149243086576,9.999999747378752e-05
1387,1.0,0.0013946725521236658,9.999999747378752e-05
1388,1.0,0.0012403303990140557,9.999999747378752e-05
1389,1.0,0.0016093243611976504,9.999999747378752e-05
1390,1.0,0.0010827397927641869,9.999999747378752e-05
1391,1.0,0.0023909981828182936,9.999999747378752e-05
1392,1.0,0.0032191327773034573,9.999999747378752e-05
1393,1.0,0.008315234445035458,9.999999747378752e-05
1394,1.0,0.0010882714996114373,9.999999747378752e-05
1395,1.0,0.00817029643803835,9.999999747378752e-05
1396,1.0,0.009209082461893559,9.999999747378752e-05
1397,1.0,0.005599256604909897,9.999999747378752e-05
1398,1.0,0.0018036137335002422,9.999999747378752e-05
1399,1.0,0.0013460023328661919,9.999999747378752e-05
1400,1.0,0.00195221696048975,9.999999747378752e-05
1401,1.0,0.003569263033568859,9.999999747378752e-05
1402,1.0,0.0067922500893473625,9.999999747378752e-05
1403,1.0,0.0012674285098910332,9.999999747378752e-05
1404,1.0,0.0019366992637515068,9.999999747378752e-05
1405,1.0,0.0018701466033235192,9.999999747378752e-05
1406,0.9779411554336548,0.032311007380485535,9.999999747378752e-05
1407,0.9926470518112183,0.044803082942962646,9.999999747378752e-05
1408,0.9632353186607361,0.09701293706893921,9.999999747378752e-05
1409,0.9779411554336548,0.04802904278039932,9.999999747378752e-05
1410,0.9852941036224365,0.03587261214852333,9.999999747378752e-05
1411,1.0,0.016383418813347816,9.999999747378752e-05
1412,0.9926470518112183,0.019985612481832504,9.999999747378752e-05
1413,1.0,0.0032638353295624256,9.999999747378752e-05
1414,1.0,0.006142797414213419,9.999999747378752e-05
1415,1.0,0.003360576229169965,9.999999747378752e-05
1416,0.9926470518112183,0.0237121544778347,9.999999747378752e-05
1417,1.0,0.012737010605633259,9.999999747378752e-05
1418,1.0,0.0028700297698378563,9.999999747378752e-05
1419,1.0,0.0029300767928361893,9.999999747378752e-05
1420,1.0,0.006324737332761288,9.999999747378752e-05
1421,1.0,0.00268385699018836,9.999999747378752e-05
1422,1.0,0.009034787304699421,9.999999747378752e-05
1423,1.0,0.005344450008124113,9.999999747378752e-05
1424,1.0,0.003351824125275016,9.999999747378752e-05
1425,1.0,0.005913610570132732,9.999999747378752e-05
1426,1.0,0.006088117137551308,9.999999747378752e-05
1427,1.0,0.00813252106308937,9.999999747378752e-05
1428,1.0,0.0028698318637907505,9.999999747378752e-05
1429,1.0,0.001609302475117147,9.999999747378752e-05
1430,1.0,0.00682023074477911,9.999999747378752e-05
1431,1.0,0.001341428142040968,9.999999747378752e-05
1432,1.0,0.009097784757614136,9.999999747378752e-05
1433,1.0,0.003568745218217373,9.999999747378752e-05
1434,1.0,0.001076461630873382,9.999999747378752e-05
1435,1.0,0.0071070389822125435,9.999999747378752e-05
1436,1.0,0.003221510211005807,9.999999747378752e-05
1437,1.0,0.002507263096049428,9.999999747378752e-05
1438,0.9926470518112183,0.016441674903035164,9.999999747378752e-05
1439,1.0,0.001227288506925106,9.999999747378752e-05
1440,1.0,0.006513480097055435,9.999999747378752e-05
1441,1.0,0.0026235487312078476,9.999999747378752e-05
1442,1.0,0.0011589928762987256,9.999999747378752e-05
1443,1.0,0.0010559102520346642,9.999999747378752e-05
1444,1.0,0.0055322833359241486,9.999999747378752e-05
1445,1.0,0.0023724951315671206,9.999999747378752e-05
1446,1.0,0.0009548295056447387,9.999999747378752e-05
1447,1.0,0.010747305117547512,9.999999747378752e-05
1448,1.0,0.0018251162255182862,9.999999747378752e-05
1449,1.0,0.0012941821478307247,9.999999747378752e-05
1450,1.0,0.00283107440918684,9.999999747378752e-05
1451,1.0,0.0008690610993653536,9.999999747378752e-05
1452,1.0,0.0011213350808247924,9.999999747378752e-05
1453,1.0,0.002636339282616973,9.999999747378752e-05
1454,1.0,0.0025980803184211254,9.999999747378752e-05
1455,1.0,0.0009122044430114329,9.999999747378752e-05
1456,1.0,0.0029879622161388397,9.999999747378752e-05
1457,1.0,0.007381325121968985,9.999999747378752e-05
1458,1.0,0.002009460935369134,9.999999747378752e-05
1459,1.0,0.0015969820087775588,9.999999747378752e-05
1460,1.0,0.0027855325024574995,9.999999747378752e-05
1461,1.0,0.0007924171513877809,9.999999747378752e-05
1462,1.0,0.002697867341339588,9.999999747378752e-05
1463,1.0,0.0017651834059506655,9.999999747378752e-05
1464,1.0,0.0033805316779762506,9.999999747378752e-05
1465,1.0,0.001317501300945878,9.999999747378752e-05
1466,1.0,0.0009730505407787859,9.999999747378752e-05
1467,1.0,0.0020012317690998316,9.999999747378752e-05
1468,1.0,0.0030688727274537086,9.999999747378752e-05
1469,1.0,0.00303927855566144,9.999999747378752e-05
1470,1.0,0.0014501645928248763,9.999999747378752e-05
1471,1.0,0.0017587479669600725,9.999999747378752e-05
1472,1.0,0.0021942434832453728,9.999999747378752e-05
1473,1.0,0.0026466657873243093,9.999999747378752e-05
1474,1.0,0.0031571220606565475,9.999999747378752e-05
1475,1.0,0.001770341768860817,9.999999747378752e-05
1476,1.0,0.0014970351476222277,9.999999747378752e-05
1477,1.0,0.0016117877094075084,9.999999747378752e-05
1478,1.0,0.001985499868169427,9.999999747378752e-05
1479,1.0,0.0012551568215712905,9.999999747378752e-05
1480,1.0,0.0012208783300593495,9.999999747378752e-05
1481,1.0,0.0018192044226452708,9.999999747378752e-05
1482,1.0,0.002036644844338298,9.999999747378752e-05
1483,1.0,0.0005319253541529179,9.999999747378752e-05
1484,1.0,0.0012465481413528323,9.999999747378752e-05
1485,1.0,0.001309211365878582,9.999999747378752e-05
1486,1.0,0.0015534167177975178,9.999999747378752e-05
1487,1.0,0.0014728165697306395,9.999999747378752e-05
1488,1.0,0.0012975806603208184,9.999999747378752e-05
1489,1.0,0.0006661305669695139,9.999999747378752e-05
1490,1.0,0.001260708668269217,9.999999747378752e-05
1491,1.0,0.002356048906221986,9.999999747378752e-05
1492,1.0,0.0004999800003133714,9.999999747378752e-05
1493,1.0,0.0022675497457385063,9.999999747378752e-05
1494,1.0,0.0017901419196277857,9.999999747378752e-05
1495,1.0,0.003399804700165987,9.999999747378752e-05
1496,1.0,0.0033385944552719593,9.999999747378752e-05
1497,1.0,0.0015237852931022644,9.999999747378752e-05
1498,1.0,0.006637822836637497,9.999999747378752e-05
1499,1.0,0.001386862713843584,9.999999747378752e-05
1500,1.0,0.002348496112972498,9.999999747378752e-05
1501,1.0,0.0013107657432556152,9.999999747378752e-05
1502,1.0,0.0012505876366049051,9.999999747378752e-05
1503,1.0,0.0007087781559675932,9.999999747378752e-05
1504,1.0,0.00045964561286382377,9.999999747378752e-05
1505,1.0,0.0009920900920405984,9.999999747378752e-05
1506,1.0,0.0008922568522393703,9.999999747378752e-05
1507,1.0,0.009918993338942528,9.999999747378752e-05
1508,1.0,0.0023536663502454758,9.999999747378752e-05
1509,1.0,0.0030132820829749107,9.999999747378752e-05
1510,1.0,0.0027310370933264494,9.999999747378752e-05
1511,1.0,0.0012000943534076214,9.999999747378752e-05
1512,1.0,0.0007922581862658262,9.999999747378752e-05
1513,1.0,0.0010735208634287119,9.999999747378752e-05
1514,1.0,0.0022937064059078693,9.999999747378752e-05
1515,1.0,0.000781425682362169,9.999999747378752e-05
1516,1.0,0.0005754858138971031,9.999999747378752e-05
1517,1.0,0.0017453698674216866,9.999999747378752e-05
1518,1.0,0.001529438653960824,9.999999747378752e-05
1519,1.0,0.002002948662266135,9.999999747378752e-05
1520,1.0,0.0009672953165136278,9.999999747378752e-05
1521,1.0,0.00046742038102820516,9.999999747378752e-05
1522,1.0,0.0008192138047888875,9.999999747378752e-05
1523,1.0,0.0008151850779540837,9.999999747378752e-05
1524,1.0,0.0016384768532589078,9.999999747378752e-05
1525,1.0,0.0011345118982717395,9.999999747378752e-05
1526,1.0,0.0015426973113790154,9.999999747378752e-05
1527,1.0,0.0019441014155745506,9.999999747378752e-05
1528,1.0,0.0009429205092601478,9.999999747378752e-05
1529,1.0,0.003834759583696723,9.999999747378752e-05
1530,1.0,0.00042554797255434096,9.999999747378752e-05
1531,1.0,0.00046109670074656606,9.999999747378752e-05
1532,1.0,0.0009331434848718345,9.999999747378752e-05
1533,0.9926470518112183,0.02804153971374035,9.999999747378752e-05
1534,1.0,0.006119202356785536,9.999999747378752e-05
1535,1.0,0.010794838890433311,9.999999747378752e-05
1536,1.0,0.011925898492336273,9.999999747378752e-05
1537,1.0,0.02586190402507782,9.999999747378752e-05
1538,1.0,0.021418564021587372,9.999999747378752e-05
1539,1.0,0.0054899114184081554,9.999999747378752e-05
1540,1.0,0.009429996833205223,9.999999747378752e-05
1541,1.0,0.0022394752595573664,9.999999747378752e-05
1542,1.0,0.006960026919841766,9.999999747378752e-05
1543,1.0,0.0036243244539946318,9.999999747378752e-05
1544,1.0,0.0026689027436077595,9.999999747378752e-05
1545,1.0,0.0018421253189444542,9.999999747378752e-05
1546,1.0,0.0032050861045718193,9.999999747378752e-05
1547,1.0,0.002138053299859166,9.999999747378752e-05
1548,1.0,0.0020324622746556997,9.999999747378752e-05
1549,1.0,0.006928634364157915,9.999999747378752e-05
1550,1.0,0.0022277473472058773,9.999999747378752e-05
1551,1.0,0.010935639031231403,9.999999747378752e-05
1552,1.0,0.0032148133032023907,9.999999747378752e-05
1553,1.0,0.002340003615245223,9.999999747378752e-05
1554,1.0,0.0013017893070355058,9.999999747378752e-05
1555,1.0,0.0013430617982521653,9.999999747378752e-05
1556,1.0,0.0016314302338287234,9.999999747378752e-05
1557,1.0,0.0030678363982588053,9.999999747378752e-05
1558,1.0,0.0010699917329475284,9.999999747378752e-05
1559,1.0,0.001185461413115263,9.999999747378752e-05
1560,1.0,0.001127314753830433,9.999999747378752e-05
1561,1.0,0.0012808034662157297,9.999999747378752e-05
1562,1.0,0.0013938082847744226,9.999999747378752e-05
1563,1.0,0.009983174502849579,9.999999747378752e-05
1564,1.0,0.004209836944937706,9.999999747378752e-05
1565,1.0,0.002512474777176976,9.999999747378752e-05
1566,1.0,0.0009422111324965954,9.999999747378752e-05
1567,1.0,0.0005054211360402405,9.999999747378752e-05
1568,1.0,0.0019866193179041147,9.999999747378752e-05
1569,1.0,0.002320561558008194,9.999999747378752e-05
1570,1.0,0.001215142197906971,9.999999747378752e-05
1571,1.0,0.0007206341251730919,9.999999747378752e-05
1572,1.0,0.002140819327905774,9.999999747378752e-05
1573,1.0,0.0036040800623595715,9.999999747378752e-05
1574,1.0,0.0008090789197012782,9.999999747378752e-05
1575,1.0,0.0011678826995193958,9.999999747378752e-05
1576,1.0,0.000577085476834327,9.999999747378752e-05
1577,1.0,0.0018569919047877192,9.999999747378752e-05
1578,1.0,0.003735590958967805,9.999999747378752e-05
1579,1.0,0.003114563412964344,9.999999747378752e-05
1580,1.0,0.0018356278305873275,9.999999747378752e-05
1581,1.0,0.001635997206903994,9.999999747378752e-05
1582,1.0,0.002316405763849616,9.999999747378752e-05
1583,1.0,0.0008474967908114195,9.999999747378752e-05
1584,1.0,0.00328169297426939,9.999999747378752e-05
1585,1.0,0.0009922883473336697,9.999999747378752e-05
1586,1.0,0.0017449071165174246,9.999999747378752e-05
1587,1.0,0.00898339319974184,9.999999747378752e-05
1588,1.0,0.00735971936956048,9.999999747378752e-05
1589,1.0,0.0007994013139978051,9.999999747378752e-05
1590,1.0,0.0023791263811290264,9.999999747378752e-05
1591,1.0,0.0007863136124797165,9.999999747378752e-05
1592,1.0,0.0006603532237932086,9.999999747378752e-05
1593,1.0,0.0025711460039019585,9.999999747378752e-05
1594,1.0,0.0011074623325839639,9.999999747378752e-05
1595,1.0,0.0009634732268750668,9.999999747378752e-05
1596,1.0,0.0018983222544193268,9.999999747378752e-05
1597,1.0,0.0029936174396425486,9.999999747378752e-05
1598,1.0,0.0022082552313804626,9.999999747378752e-05
1599,1.0,0.002177175600081682,9.999999747378752e-05
1600,1.0,0.002380489371716976,9.999999747378752e-05
1601,1.0,0.002114647999405861,9.999999747378752e-05
1602,1.0,0.0022905762307345867,9.999999747378752e-05
1603,1.0,0.0014906862052157521,9.999999747378752e-05
1604,1.0,0.0008177385898306966,9.999999747378752e-05
1605,1.0,0.0010856003500521183,9.999999747378752e-05
1606,1.0,0.0012880024733021855,9.999999747378752e-05
1607,1.0,0.003809352172538638,9.999999747378752e-05
1608,1.0,0.001875392161309719,9.999999747378752e-05
1609,1.0,0.002704271348193288,9.999999747378752e-05
1610,1.0,0.004092274233698845,9.999999747378752e-05
1611,0.9852941036224365,0.014643942005932331,9.999999747378752e-05
1612,1.0,0.0011012374889105558,9.999999747378752e-05
1613,1.0,0.0011449221055954695,9.999999747378752e-05
1614,1.0,0.0010364678455516696,9.999999747378752e-05
1615,1.0,0.0021312395110726357,9.999999747378752e-05
1616,1.0,0.0007818443118594587,9.999999747378752e-05
1617,1.0,0.0009121055481955409,9.999999747378752e-05
1618,1.0,0.0013340625446289778,9.999999747378752e-05
1619,1.0,0.0037767847534269094,9.999999747378752e-05
1620,1.0,0.002113594673573971,9.999999747378752e-05
1621,1.0,0.001755387638695538,9.999999747378752e-05
1622,1.0,0.0010555172339081764,9.999999747378752e-05
1623,1.0,0.0015343871200457215,9.999999747378752e-05
1624,1.0,0.0014232704415917397,9.999999747378752e-05
1625,1.0,0.001724648056551814,9.999999747378752e-05
1626,1.0,0.0005745874950662255,9.999999747378752e-05
1627,1.0,0.0006191909196786582,9.999999747378752e-05
1628,1.0,0.0010472675785422325,9.999999747378752e-05
1629,1.0,0.005487886723130941,9.999999747378752e-05
1630,1.0,0.00205800193361938,9.999999747378752e-05
1631,1.0,0.0017945888685062528,9.999999747378752e-05
1632,1.0,0.0006889854557812214,9.999999747378752e-05
1633,1.0,0.003679531393572688,9.999999747378752e-05
1634,0.9926470518112183,0.007432826329022646,9.999999747378752e-05
1635,1.0,0.0017066731816157699,9.999999747378752e-05
1636,1.0,0.0012669601710513234,9.999999747378752e-05
1637,1.0,0.0009407352772541344,9.999999747378752e-05
1638,1.0,0.001368604600429535,9.999999747378752e-05
1639,1.0,0.0014450071612372994,9.999999747378752e-05
1640,1.0,0.0013555057812482119,9.999999747378752e-05
1641,1.0,0.002614482305943966,9.999999747378752e-05
1642,1.0,0.003766104578971863,9.999999747378752e-05
1643,1.0,0.0030876242090016603,9.999999747378752e-05
1644,1.0,0.0007086735568009317,9.999999747378752e-05
1645,1.0,0.00253173871897161,9.999999747378752e-05
1646,1.0,0.0023848600685596466,9.999999747378752e-05
1647,1.0,0.0009026945335790515,9.999999747378752e-05
1648,1.0,0.003756394376978278,9.999999747378752e-05
1649,1.0,0.002426617546007037,9.999999747378752e-05
1650,1.0,0.001376071129925549,9.999999747378752e-05
1651,1.0,0.0010970717994496226,9.999999747378752e-05
1652,1.0,0.0008470244356431067,9.999999747378752e-05
1653,1.0,0.003257908159866929,9.999999747378752e-05
1654,1.0,0.0034052231349051,9.999999747378752e-05
1655,1.0,0.0022915059234946966,9.999999747378752e-05
1656,1.0,0.002612639684230089,9.999999747378752e-05
1657,1.0,0.002410728484392166,9.999999747378752e-05
1658,1.0,0.0010169603629037738,9.999999747378752e-05
1659,1.0,0.0008939316030591726,9.999999747378752e-05
1660,1.0,0.0017207430209964514,9.999999747378752e-05
1661,1.0,0.0007087858975864947,9.999999747378752e-05
1662,1.0,0.004496291745454073,9.999999747378752e-05
1663,1.0,0.0015789612662047148,9.999999747378752e-05
1664,1.0,0.0008976881508715451,9.999999747378752e-05
1665,1.0,0.0011568133486434817,9.999999747378752e-05
1666,1.0,0.0017545536393299699,9.999999747378752e-05
1667,1.0,0.00045543303713202477,9.999999747378752e-05
1668,0.9926470518112183,0.012846354395151138,9.999999747378752e-05
1669,0.9852941036224365,0.03467628359794617,9.999999747378752e-05
1670,0.9779411554336548,0.04469212144613266,9.999999747378752e-05
1671,1.0,0.02271241508424282,9.999999747378752e-05
1672,1.0,0.017007678747177124,9.999999747378752e-05
1673,1.0,0.006002458278089762,9.999999747378752e-05
1674,0.9926470518112183,0.018322767689824104,9.999999747378752e-05
1675,1.0,0.011695913039147854,9.999999747378752e-05
1676,1.0,0.006964191794395447,9.999999747378752e-05
1677,1.0,0.004102789796888828,9.999999747378752e-05
1678,1.0,0.004291115328669548,9.999999747378752e-05
1679,1.0,0.008171631023287773,9.999999747378752e-05
1680,1.0,0.0008245814824476838,9.999999747378752e-05
1681,1.0,0.0015583080239593983,9.999999747378752e-05
1682,1.0,0.0029198380652815104,9.999999747378752e-05
1683,1.0,0.005807954352349043,9.999999747378752e-05
1684,1.0,0.0026671704836189747,9.999999747378752e-05
1685,1.0,0.0017002761596813798,9.999999747378752e-05
1686,1.0,0.001719810999929905,9.999999747378752e-05
1687,1.0,0.0012019267305731773,9.999999747378752e-05
1688,1.0,0.0008181483717635274,9.999999747378752e-05
1689,1.0,0.0006538503221236169,9.999999747378752e-05
1690,1.0,0.0018649873090907931,9.999999747378752e-05
1691,1.0,0.0012905409093946218,9.999999747378752e-05
1692,1.0,0.0029054302722215652,9.999999747378752e-05
1693,1.0,0.002863546134904027,9.999999747378752e-05
1694,0.9926470518112183,0.019120588898658752,9.999999747378752e-05
1695,0.9852941036224365,0.02012898214161396,9.999999747378752e-05
1696,0.9852941036224365,0.02799009531736374,9.999999747378752e-05
1697,1.0,0.004125378560274839,9.999999747378752e-05
1698,1.0,0.004018123261630535,9.999999747378752e-05
1699,0.9926470518112183,0.0073273624293506145,9.999999747378752e-05
1700,1.0,0.003363651456311345,9.999999747378752e-05
1701,1.0,0.00857449322938919,9.999999747378752e-05
1702,1.0,0.011976365000009537,9.999999747378752e-05
1703,1.0,0.002654558978974819,9.999999747378752e-05
1704,1.0,0.00735875079408288,9.999999747378752e-05
1705,1.0,0.001142502878792584,9.999999747378752e-05
1706,1.0,0.005650645587593317,9.999999747378752e-05
1707,1.0,0.0022881391923874617,9.999999747378752e-05
1708,1.0,0.0022712997160851955,9.999999747378752e-05
1709,1.0,0.0012467968044802547,9.999999747378752e-05
1710,1.0,0.001629894832149148,9.999999747378752e-05
1711,1.0,0.000923606101423502,9.999999747378752e-05
1712,1.0,0.0012331572361290455,9.999999747378752e-05
1713,1.0,0.0013947352999821305,9.999999747378752e-05
1714,1.0,0.0016305464087054133,9.999999747378752e-05
1715,1.0,0.0008410498849116266,9.999999747378752e-05
1716,1.0,0.003853818168863654,9.999999747378752e-05
1717,1.0,0.0006646528490819037,9.999999747378752e-05
1718,1.0,0.0009150020778179169,9.999999747378752e-05
1719,1.0,0.001727067749015987,9.999999747378752e-05
1720,1.0,0.0015272462042048573,9.999999747378752e-05
1721,1.0,0.003444968955591321,9.999999747378752e-05
1722,1.0,0.00105023302603513,9.999999747378752e-05
1723,1.0,0.001863787299953401,9.999999747378752e-05
1724,1.0,0.003147730603814125,9.999999747378752e-05
1725,1.0,0.0004402170015964657,9.999999747378752e-05
1726,1.0,0.0010431275004521012,9.999999747378752e-05
1727,1.0,0.001053296378813684,9.999999747378752e-05
1728,1.0,0.0031112690921872854,9.999999747378752e-05
1729,1.0,0.0006297104409895837,9.999999747378752e-05
1730,1.0,0.004464363679289818,9.999999747378752e-05
1731,1.0,0.0016283710720017552,9.999999747378752e-05
1732,1.0,0.002703842706978321,9.999999747378752e-05
1733,1.0,0.0037358831614255905,9.999999747378752e-05
1734,1.0,0.0016951740253716707,9.999999747378752e-05
1735,1.0,0.004713467787951231,9.999999747378752e-05
1736,1.0,0.0007199067040346563,9.999999747378752e-05
1737,1.0,0.002203944604843855,9.999999747378752e-05
1738,1.0,0.003402706468477845,9.999999747378752e-05
1739,1.0,0.0018611655104905367,9.999999747378752e-05
1740,1.0,0.0011737955501303077,9.999999747378752e-05
1741,1.0,0.001223970321007073,9.999999747378752e-05
1742,1.0,0.001439203042536974,9.999999747378752e-05
1743,1.0,0.0007445481023751199,9.999999747378752e-05
1744,1.0,0.0020221900194883347,9.999999747378752e-05
1745,1.0,0.0008131060749292374,9.999999747378752e-05
1746,1.0,0.0014322029892355204,9.999999747378752e-05
1747,1.0,0.005488021299242973,9.999999747378752e-05
1748,1.0,0.0018058319110423326,9.999999747378752e-05
1749,1.0,0.0012053180253133178,9.999999747378752e-05
1750,1.0,0.005477824714034796,9.999999747378752e-05
1751,1.0,0.004269460216164589,9.999999747378752e-05
1752,1.0,0.0005621186573989689,9.999999747378752e-05
1753,1.0,0.002742151264101267,9.999999747378752e-05
1754,1.0,0.002638382837176323,9.999999747378752e-05
1755,1.0,0.00384239642880857,9.999999747378752e-05
1756,1.0,0.0012152319541200995,9.999999747378752e-05
1757,1.0,0.001210209564305842,9.999999747378752e-05
1758,1.0,0.0010845446959137917,9.999999747378752e-05
1759,1.0,0.0010550431907176971,9.999999747378752e-05
1760,1.0,0.00046514091081917286,9.999999747378752e-05
1761,1.0,0.000693413196131587,9.999999747378752e-05
1762,1.0,0.00071891606785357,9.999999747378752e-05
1763,1.0,0.0023268728982657194,9.999999747378752e-05
1764,1.0,0.0007662517600692809,9.999999747378752e-05
1765,1.0,0.0016592573374509811,9.999999747378752e-05
1766,1.0,0.0005732614081352949,9.999999747378752e-05
1767,1.0,0.002320116152986884,9.999999747378752e-05
1768,1.0,0.0005852483445778489,9.999999747378752e-05
1769,1.0,0.007643308490514755,9.999999747378752e-05
1770,1.0,0.0008381955558434129,9.999999747378752e-05
1771,1.0,0.0006045825430192053,9.999999747378752e-05
1772,1.0,0.005769895855337381,9.999999747378752e-05
1773,1.0,0.0005654707783833146,9.999999747378752e-05
1774,1.0,0.0007257048273459077,9.999999747378752e-05
1775,1.0,0.002767034340649843,9.999999747378752e-05
1776,1.0,0.001434348407201469,9.999999747378752e-05
1777,1.0,0.0006081149913370609,9.999999747378752e-05
1778,1.0,0.0006520135793834925,9.999999747378752e-05
1779,1.0,0.0005590678192675114,9.999999747378752e-05
1780,1.0,0.00044232484651729465,9.999999747378752e-05
1781,1.0,0.0009216944454237819,9.999999747378752e-05
1782,1.0,0.00043047836516052485,9.999999747378752e-05
1783,1.0,0.001690070959739387,9.999999747378752e-05
1784,1.0,0.0008103097206912935,9.999999747378752e-05
1785,1.0,0.00360465538688004,9.999999747378752e-05
1786,1.0,0.0008017602376639843,9.999999747378752e-05
1787,1.0,0.005230502691119909,9.999999747378752e-05
1788,1.0,0.001043499680235982,9.999999747378752e-05
1789,1.0,0.0016546155093237758,9.999999747378752e-05
1790,1.0,0.0014960539992898703,9.999999747378752e-05
1791,1.0,0.0013569387374445796,9.999999747378752e-05
1792,1.0,0.0007921031792648137,9.999999747378752e-05
1793,1.0,0.004361751489341259,9.999999747378752e-05
1794,1.0,0.0024762628600001335,9.999999747378752e-05
1795,1.0,0.0017229908844456077,9.999999747378752e-05
1796,1.0,0.0005935035296715796,9.999999747378752e-05
1797,1.0,0.001195054966956377,9.999999747378752e-05
1798,1.0,0.0005918811075389385,9.999999747378752e-05
1799,1.0,0.004520669113844633,9.999999747378752e-05
1800,1.0,0.0011309449328109622,9.999999747378752e-05
1801,1.0,0.0005477297236211598,9.999999747378752e-05
1802,1.0,0.0012013099621981382,9.999999747378752e-05
1803,1.0,0.0015820208936929703,9.999999747378752e-05
1804,1.0,0.0004368586523924023,9.999999747378752e-05
1805,1.0,0.0009459874127060175,9.999999747378752e-05
1806,1.0,0.0006109751993790269,9.999999747378752e-05
1807,1.0,0.004481717012822628,9.999999747378752e-05
1808,1.0,0.0008420915110036731,9.999999747378752e-05
1809,1.0,0.0006034919642843306,9.999999747378752e-05
1810,1.0,0.002706862986087799,9.999999747378752e-05
1811,1.0,0.0011232777033001184,9.999999747378752e-05
1812,1.0,0.0004419352626428008,9.999999747378752e-05
1813,1.0,0.005330556537955999,9.999999747378752e-05
1814,1.0,0.00045949401101097465,9.999999747378752e-05
1815,1.0,0.0016225785948336124,9.999999747378752e-05
1816,1.0,0.0005097948014736176,9.999999747378752e-05
1817,1.0,0.0007161584799177945,9.999999747378752e-05
1818,1.0,0.001122806454077363,9.999999747378752e-05
1819,1.0,0.0019163877004757524,9.999999747378752e-05
1820,1.0,0.0006673923344351351,9.999999747378752e-05
1821,1.0,0.0012984898639842868,9.999999747378752e-05
1822,1.0,0.0005335926543921232,9.999999747378752e-05
1823,1.0,0.0006593784200958908,9.999999747378752e-05
1824,1.0,0.004318462684750557,9.999999747378752e-05
1825,1.0,0.001468592556193471,9.999999747378752e-05
1826,1.0,0.0004736450791824609,9.999999747378752e-05
1827,1.0,0.001148480223491788,9.999999747378752e-05
1828,1.0,0.0011264518834650517,9.999999747378752e-05
1829,1.0,0.004589565098285675,9.999999747378752e-05
1830,1.0,0.0021396197844296694,9.999999747378752e-05
1831,1.0,0.0006304006674326956,9.999999747378752e-05
1832,1.0,0.0023739312309771776,9.999999747378752e-05
1833,1.0,0.0005752722499892116,9.999999747378752e-05
1834,1.0,0.001981431618332863,9.999999747378752e-05
1835,1.0,0.000950497284065932,9.999999747378752e-05
1836,1.0,0.0006738190422765911,9.999999747378752e-05
1837,1.0,0.001466483110561967,9.999999747378752e-05
1838,1.0,0.00028443880728445947,9.999999747378752e-05
1839,1.0,0.0011488636955618858,9.999999747378752e-05
1840,1.0,0.003783152438700199,9.999999747378752e-05
1841,1.0,0.0007442114292643964,9.999999747378752e-05
1842,1.0,0.0017944304272532463,9.999999747378752e-05
1843,1.0,0.005179781466722488,9.999999747378752e-05
1844,1.0,0.002236056374385953,9.999999747378752e-05
1845,1.0,0.0006503919721581042,9.999999747378752e-05
1846,1.0,0.0008516854140907526,9.999999747378752e-05
1847,1.0,0.0005597941344603896,9.999999747378752e-05
1848,1.0,0.0008955755620263517,9.999999747378752e-05
1849,1.0,0.002675427123904228,9.999999747378752e-05
1850,1.0,0.0014281425392255187,9.999999747378752e-05
1851,1.0,0.0017958543030545115,9.999999747378752e-05
1852,1.0,0.0004180597607046366,9.999999747378752e-05
1853,1.0,0.0015042036538943648,9.999999747378752e-05
1854,1.0,0.00047300668666139245,9.999999747378752e-05
1855,1.0,0.002155441092327237,9.999999747378752e-05
1856,1.0,0.0004402059130370617,9.999999747378752e-05
1857,1.0,0.0007945209508761764,9.999999747378752e-05
1858,1.0,0.0010986963752657175,9.999999747378752e-05
1859,1.0,0.002085585379973054,9.999999747378752e-05
1860,1.0,0.0011234973790124059,9.999999747378752e-05
1861,1.0,0.0006996876327320933,9.999999747378752e-05
1862,1.0,0.0005064251599833369,9.999999747378752e-05
1863,1.0,0.001085544005036354,9.999999747378752e-05
1864,1.0,0.000577248225454241,9.999999747378752e-05
1865,1.0,0.0005819314392283559,9.999999747378752e-05
1866,1.0,0.002287697745487094,9.999999747378752e-05
1867,1.0,0.0012674442259594798,9.999999747378752e-05
1868,1.0,0.0004321466840337962,9.999999747378752e-05
1869,1.0,0.00031305389711633325,9.999999747378752e-05
1870,1.0,0.0005242499173618853,9.999999747378752e-05
1871,1.0,0.007314332760870457,9.999999747378752e-05
1872,1.0,0.009114454500377178,9.999999747378752e-05
1873,1.0,0.004684475716203451,9.999999747378752e-05
1874,1.0,0.006895024329423904,9.999999747378752e-05
1875,1.0,0.0020281660836189985,9.999999747378752e-05
1876,1.0,0.003300695912912488,9.999999747378752e-05
1877,1.0,0.0006407774053514004,9.999999747378752e-05
1878,1.0,0.0005901376134715974,9.999999747378752e-05
1879,1.0,0.002515757456421852,9.999999747378752e-05
1880,1.0,0.0025998372584581375,9.999999747378752e-05
1881,1.0,0.0010179764358326793,9.999999747378752e-05
1882,1.0,0.001067955163307488,9.999999747378752e-05
1883,1.0,0.0017490455647930503,9.999999747378752e-05
1884,1.0,0.0016474442090839148,9.999999747378752e-05
1885,1.0,0.001447900547645986,9.999999747378752e-05
1886,1.0,0.0013305607717484236,9.999999747378752e-05
1887,1.0,0.0005270143738016486,9.999999747378752e-05
1888,1.0,0.0016514809103682637,9.999999747378752e-05
1889,1.0,0.0014856792986392975,9.999999747378752e-05
1890,1.0,0.0006216628244146705,9.999999747378752e-05
1891,1.0,0.0004251981736160815,9.999999747378752e-05
1892,1.0,0.0005342492368072271,9.999999747378752e-05
1893,1.0,0.0009674993925727904,9.999999747378752e-05
1894,1.0,0.0004011370474472642,9.999999747378752e-05
1895,1.0,0.0005652937688864768,9.999999747378752e-05
1896,1.0,0.000560654210858047,9.999999747378752e-05
1897,1.0,0.000813965976703912,9.999999747378752e-05
1898,1.0,0.001077941618859768,9.999999747378752e-05
1899,1.0,0.0007275380194187164,9.999999747378752e-05
1900,1.0,0.006328225135803223,9.999999747378752e-05
1901,0.9926470518112183,0.010763004422187805,9.999999747378752e-05
1902,0.9852941036224365,0.026373472064733505,9.999999747378752e-05
1903,0.9632353186607361,0.07561450451612473,9.999999747378752e-05
1904,0.9926470518112183,0.022227173671126366,9.999999747378752e-05
1905,1.0,0.027944160625338554,9.999999747378752e-05
1906,1.0,0.008341094478964806,9.999999747378752e-05
1907,1.0,0.0031939407344907522,9.999999747378752e-05
1908,1.0,0.004988869186490774,9.999999747378752e-05
1909,1.0,0.0017943884013220668,9.999999747378752e-05
1910,1.0,0.0028696381486952305,9.999999747378752e-05
1911,1.0,0.001566228223964572,9.999999747378752e-05
1912,0.9926470518112183,0.019398286938667297,9.999999747378752e-05
1913,1.0,0.0034815650433301926,9.999999747378752e-05
1914,1.0,0.004302972462028265,9.999999747378752e-05
1915,1.0,0.007306432817131281,9.999999747378752e-05
1916,1.0,0.004225555807352066,9.999999747378752e-05
1917,1.0,0.0024547616485506296,9.999999747378752e-05
1918,1.0,0.006626636255532503,9.999999747378752e-05
1919,1.0,0.00164733175188303,9.999999747378752e-05
1920,1.0,0.007541763596236706,9.999999747378752e-05
1921,1.0,0.0018164688954129815,9.999999747378752e-05
1922,0.9926470518112183,0.01844317652285099,9.999999747378752e-05
1923,1.0,0.002945610322058201,9.999999747378752e-05
1924,1.0,0.0048907785676419735,9.999999747378752e-05
1925,1.0,0.0010448906105011702,9.999999747378752e-05
1926,1.0,0.0006036424892954528,9.999999747378752e-05
1927,1.0,0.004852682817727327,9.999999747378752e-05
1928,1.0,0.0013668460305780172,9.999999747378752e-05
1929,1.0,0.001311646425165236,9.999999747378752e-05
1930,1.0,0.0025331403594464064,9.999999747378752e-05
1931,1.0,0.0028241663239896297,9.999999747378752e-05
1932,1.0,0.005907897371798754,9.999999747378752e-05
1933,1.0,0.0027418092358857393,9.999999747378752e-05
1934,1.0,0.0031360480934381485,9.999999747378752e-05
1935,1.0,0.0010837261797860265,9.999999747378752e-05
1936,1.0,0.0009345178841613233,9.999999747378752e-05
1937,1.0,0.002005191519856453,9.999999747378752e-05
1938,1.0,0.0010027261450886726,9.999999747378752e-05
1939,1.0,0.0005147580523043871,9.999999747378752e-05
1940,1.0,0.0007426666561514139,9.999999747378752e-05
1941,1.0,0.001032950822263956,9.999999747378752e-05
1942,1.0,0.0005999967688694596,9.999999747378752e-05
1943,1.0,0.0002977050025947392,9.999999747378752e-05
1944,1.0,0.0005678451852872968,9.999999747378752e-05
1945,1.0,0.002354539930820465,9.999999747378752e-05
1946,1.0,0.0013673135545104742,9.999999747378752e-05
1947,1.0,0.005655781831592321,9.999999747378752e-05
1948,1.0,0.0010885645169764757,9.999999747378752e-05
1949,1.0,0.0007943816017359495,9.999999747378752e-05
1950,1.0,0.0017829601420089602,9.999999747378752e-05
1951,1.0,0.0017911768518388271,9.999999747378752e-05
1952,1.0,0.0004492341831792146,9.999999747378752e-05
1953,1.0,0.00038724264595657587,9.999999747378752e-05
1954,1.0,0.001978939166292548,9.999999747378752e-05
1955,1.0,0.0005565130850300193,9.999999747378752e-05
1956,1.0,0.00022611570602748543,9.999999747378752e-05
1957,1.0,0.002552359364926815,9.999999747378752e-05
1958,1.0,0.0009665112011134624,9.999999747378752e-05
1959,1.0,0.0004523236711975187,9.999999747378752e-05
1960,1.0,0.0006818599067628384,9.999999747378752e-05
1961,1.0,0.003977704793214798,9.999999747378752e-05
1962,1.0,0.0011633181711658835,9.999999747378752e-05
1963,1.0,0.0003617425973061472,9.999999747378752e-05
1964,1.0,0.0006158545147627592,9.999999747378752e-05
1965,1.0,0.003627114463597536,9.999999747378752e-05
1966,1.0,0.0010242514545097947,9.999999747378752e-05
1967,1.0,0.001024417346343398,9.999999747378752e-05
1968,1.0,0.0029094310011714697,9.999999747378752e-05
1969,1.0,0.0030078261625021696,9.999999747378752e-05
1970,1.0,0.0009939717128872871,9.999999747378752e-05
1971,1.0,0.0008622549939900637,9.999999747378752e-05
1972,1.0,0.0005340115167200565,9.999999747378752e-05
1973,1.0,0.001200445811264217,9.999999747378752e-05
1974,1.0,0.00038913689786568284,9.999999747378752e-05
1975,1.0,0.0008866196149028838,9.999999747378752e-05
1976,1.0,0.0003074496053159237,9.999999747378752e-05
1977,1.0,0.00034663768019527197,9.999999747378752e-05
1978,1.0,0.0008770984131842852,9.999999747378752e-05
1979,1.0,0.0004824325442314148,9.999999747378752e-05
1980,1.0,0.001098178094252944,9.999999747378752e-05
1981,1.0,0.001603204756975174,9.999999747378752e-05
1982,1.0,0.0005173939862288535,9.999999747378752e-05
1983,1.0,0.0013321972219273448,9.999999747378752e-05
1984,1.0,0.0005296591552905738,9.999999747378752e-05
1985,1.0,0.0007369178929366171,9.999999747378752e-05
1986,1.0,0.00256757577881217,9.999999747378752e-05
1987,1.0,0.0015389808686450124,9.999999747378752e-05
1988,1.0,0.000664993014652282,9.999999747378752e-05
1989,1.0,0.001513892668299377,9.999999747378752e-05
1990,1.0,0.0006699882796965539,9.999999747378752e-05
1991,1.0,0.0015491069061681628,9.999999747378752e-05
1992,1.0,0.00022473384160548449,9.999999747378752e-05
1993,1.0,0.012560782954096794,9.999999747378752e-05
1994,0.9852941036224365,0.029010090976953506,9.999999747378752e-05
1995,1.0,0.009567953646183014,9.999999747378752e-05
1996,1.0,0.005605956539511681,9.999999747378752e-05
1997,1.0,0.003842900274321437,9.999999747378752e-05
1998,1.0,0.0009960680035874248,9.999999747378752e-05
1999,1.0,0.005958643741905689,9.999999747378752e-05
