,categorical_accuracy,loss,learning_rate
0,0.057777777314186096,3.6760623455047607,0.0010000000474974513
1,0.125,3.4540812969207764,0.0010000000474974513
2,0.1644444465637207,3.112417697906494,0.0010000000474974513
3,0.22499999403953552,2.8510935306549072,0.0010000000474974513
4,0.2705555558204651,2.6945343017578125,0.0010000000474974513
5,0.3338888883590698,2.5162367820739746,0.0010000000474974513
6,0.37444445490837097,2.3486521244049072,0.0010000000474974513
7,0.41111111640930176,2.217071056365967,0.0010000000474974513
8,0.45944443345069885,2.076738119125366,0.0010000000474974513
9,0.48444443941116333,1.9549767971038818,0.0010000000474974513
10,0.5344444513320923,1.8354076147079468,0.0010000000474974513
11,0.5683333277702332,1.7360111474990845,0.0010000000474974513
12,0.601111114025116,1.6227836608886719,0.0010000000474974513
13,0.6116666793823242,1.5659301280975342,0.0010000000474974513
14,0.6383333206176758,1.457303524017334,0.0010000000474974513
15,0.644444465637207,1.3932394981384277,0.0010000000474974513
16,0.6638888716697693,1.3225324153900146,0.0010000000474974513
17,0.6933333277702332,1.2705755233764648,0.0010000000474974513
18,0.7238888740539551,1.1480183601379395,0.0010000000474974513
19,0.7177777886390686,1.120012640953064,0.0010000000474974513
20,0.7288888692855835,1.09310781955719,0.0010000000474974513
21,0.7333333492279053,1.0281387567520142,0.0010000000474974513
22,0.7594444155693054,0.982926607131958,0.0010000000474974513
23,0.7594444155693054,0.9286701679229736,0.0010000000474974513
24,0.7633333206176758,0.9185113310813904,0.0010000000474974513
25,0.777222216129303,0.8500370979309082,0.0010000000474974513
26,0.7961111068725586,0.7875298261642456,0.0010000000474974513
27,0.801111102104187,0.7639902234077454,0.0010000000474974513
28,0.8072222471237183,0.7507494688034058,0.0010000000474974513
29,0.8149999976158142,0.7134154438972473,0.0010000000474974513
30,0.8111110925674438,0.6763437390327454,0.0010000000474974513
31,0.8244444727897644,0.6588835716247559,0.0010000000474974513
32,0.82833331823349,0.6463689804077148,0.0010000000474974513
33,0.8372222185134888,0.6178222894668579,0.0010000000474974513
34,0.8327777981758118,0.6106250286102295,0.0010000000474974513
35,0.8405555486679077,0.5862478017807007,0.0010000000474974513
36,0.8516666889190674,0.5645279288291931,0.0010000000474974513
37,0.8622221946716309,0.5477084517478943,0.0010000000474974513
38,0.8361111283302307,0.5743572115898132,0.0010000000474974513
39,0.8588888645172119,0.5191830992698669,0.0010000000474974513
40,0.8666666746139526,0.5062987208366394,0.0010000000474974513
41,0.8616666793823242,0.48953214287757874,0.0010000000474974513
42,0.8566666841506958,0.5020796656608582,0.0010000000474974513
43,0.846666693687439,0.517243504524231,0.0010000000474974513
44,0.867222249507904,0.4638553857803345,0.0010000000474974513
45,0.8822222352027893,0.4299451410770416,0.0010000000474974513
46,0.8738889098167419,0.4491370618343353,0.0010000000474974513
47,0.8833333253860474,0.42450353503227234,0.0010000000474974513
48,0.878333330154419,0.43264853954315186,0.0010000000474974513
49,0.8916666507720947,0.3995274305343628,0.0010000000474974513
50,0.8766666650772095,0.4222424030303955,0.0010000000474974513
51,0.8833333253860474,0.40316256880760193,0.0010000000474974513
52,0.8816666603088379,0.39484521746635437,0.0010000000474974513
53,0.882777750492096,0.3995835781097412,0.0010000000474974513
54,0.8833333253860474,0.41758859157562256,0.0010000000474974513
55,0.8899999856948853,0.3748913109302521,0.0010000000474974513
56,0.8772222399711609,0.40547123551368713,0.0010000000474974513
57,0.8905555605888367,0.3610406517982483,0.0010000000474974513
58,0.8855555653572083,0.34590861201286316,0.0010000000474974513
59,0.8888888955116272,0.36437055468559265,0.0010000000474974513
60,0.9011111259460449,0.3364451825618744,0.0010000000474974513
61,0.897777795791626,0.34728628396987915,0.0010000000474974513
62,0.9005555510520935,0.3306680917739868,0.0010000000474974513
63,0.8966666460037231,0.3387811481952667,0.0010000000474974513
64,0.9122222065925598,0.2903456389904022,0.0010000000474974513
65,0.8983333110809326,0.349677711725235,0.0010000000474974513
66,0.9166666865348816,0.3097144365310669,0.0010000000474974513
67,0.9155555367469788,0.31152474880218506,0.0010000000474974513
68,0.9100000262260437,0.2982783317565918,0.0010000000474974513
69,0.8994444608688354,0.3394932150840759,0.0010000000474974513
70,0.9061111211776733,0.3197644054889679,0.0010000000474974513
71,0.9116666913032532,0.3076454699039459,0.0010000000474974513
72,0.9155555367469788,0.2767065167427063,0.0010000000474974513
73,0.9016666412353516,0.3083369731903076,0.0010000000474974513
74,0.9105555415153503,0.28679779171943665,0.0010000000474974513
75,0.9083333611488342,0.3021498918533325,0.0010000000474974513
76,0.9133333563804626,0.2721391022205353,0.0010000000474974513
77,0.9222221970558167,0.2787288427352905,0.0010000000474974513
78,0.9205555319786072,0.2781708240509033,0.0010000000474974513
79,0.9088888764381409,0.27491307258605957,0.0010000000474974513
80,0.9072222113609314,0.2979820966720581,0.0010000000474974513
81,0.9205555319786072,0.2651899755001068,0.0010000000474974513
82,0.9177777767181396,0.25381937623023987,0.0010000000474974513
83,0.9211111068725586,0.261040061712265,0.0010000000474974513
84,0.9161111116409302,0.2730705738067627,0.0010000000474974513
85,0.9200000166893005,0.2663422226905823,0.0010000000474974513
86,0.9211111068725586,0.24083265662193298,0.0010000000474974513
87,0.9222221970558167,0.24814888834953308,0.0010000000474974513
88,0.9138888716697693,0.2775494158267975,0.0010000000474974513
89,0.9200000166893005,0.25608131289482117,0.0010000000474974513
90,0.9238888621330261,0.2464040219783783,0.0010000000474974513
91,0.9238888621330261,0.2571898102760315,0.0010000000474974513
92,0.9244444370269775,0.2387727051973343,0.0010000000474974513
93,0.9327777624130249,0.2181769609451294,0.0010000000474974513
94,0.9305555820465088,0.2198365032672882,0.0010000000474974513
95,0.9355555772781372,0.2149268239736557,0.0010000000474974513
96,0.9322222471237183,0.21748214960098267,0.0010000000474974513
97,0.9161111116409302,0.25264623761177063,0.0010000000474974513
98,0.9238888621330261,0.23772495985031128,0.0010000000474974513
99,0.9350000023841858,0.21244579553604126,0.0010000000474974513
100,0.9183333516120911,0.25221195816993713,0.0010000000474974513
101,0.9361110925674438,0.2089746594429016,0.0010000000474974513
102,0.9272222518920898,0.22264330089092255,0.0010000000474974513
103,0.9361110925674438,0.21073271334171295,0.0010000000474974513
104,0.9288889169692993,0.23075172305107117,0.0010000000474974513
105,0.9394444227218628,0.20537970960140228,0.0010000000474974513
106,0.9366666674613953,0.20019148290157318,0.0010000000474974513
107,0.9416666626930237,0.20080986618995667,0.0010000000474974513
108,0.9394444227218628,0.19039173424243927,0.0010000000474974513
109,0.9277777671813965,0.20402906835079193,0.0010000000474974513
110,0.929444432258606,0.20493878424167633,0.0010000000474974513
111,0.9383333325386047,0.21602626144886017,0.0010000000474974513
112,0.9127777814865112,0.24581488966941833,0.0010000000474974513
113,0.9427777528762817,0.19489595293998718,0.0010000000474974513
114,0.9438889026641846,0.18111127614974976,0.0010000000474974513
115,0.9355555772781372,0.1940155327320099,0.0010000000474974513
116,0.9388889074325562,0.18687178194522858,0.0010000000474974513
117,0.9538888931274414,0.16878637671470642,0.0010000000474974513
118,0.9344444274902344,0.20131756365299225,0.0010000000474974513
119,0.9416666626930237,0.17289550602436066,0.0010000000474974513
120,0.9472222328186035,0.1806020587682724,0.0010000000474974513
121,0.9311110973358154,0.2134637087583542,0.0010000000474974513
122,0.9477777481079102,0.179737389087677,0.0010000000474974513
123,0.9433333277702332,0.18023209273815155,0.0010000000474974513
124,0.9449999928474426,0.17702752351760864,0.0010000000474974513
125,0.9449999928474426,0.16533932089805603,0.0010000000474974513
126,0.9555555582046509,0.16256339848041534,0.0010000000474974513
127,0.9522222280502319,0.15688040852546692,0.0010000000474974513
128,0.949999988079071,0.16349701583385468,0.0010000000474974513
129,0.9511111378669739,0.1614304482936859,0.0010000000474974513
130,0.9449999928474426,0.17293326556682587,0.0010000000474974513
131,0.95333331823349,0.14682196080684662,0.0010000000474974513
132,0.9472222328186035,0.16522620618343353,0.0010000000474974513
133,0.9466666579246521,0.17192848026752472,0.0010000000474974513
134,0.9338889122009277,0.19381144642829895,0.0010000000474974513
135,0.9416666626930237,0.17710433900356293,0.0010000000474974513
136,0.9411110877990723,0.1936311572790146,0.0010000000474974513
137,0.9361110925674438,0.17877651751041412,0.0010000000474974513
138,0.95333331823349,0.1622302234172821,0.0010000000474974513
139,0.9555555582046509,0.14467094838619232,0.0010000000474974513
140,0.9549999833106995,0.15126612782478333,0.0010000000474974513
141,0.9561111330986023,0.15075266361236572,0.0010000000474974513
142,0.9399999976158142,0.18632031977176666,0.0010000000474974513
143,0.9544444680213928,0.14835122227668762,0.0010000000474974513
144,0.9505555629730225,0.14845430850982666,0.0010000000474974513
145,0.949999988079071,0.16320423781871796,0.0010000000474974513
146,0.9472222328186035,0.1592785120010376,0.0010000000474974513
147,0.9566666483879089,0.13270048797130585,0.0010000000474974513
148,0.9649999737739563,0.12327459454536438,0.0010000000474974513
149,0.945555567741394,0.16723574697971344,0.0010000000474974513
150,0.9422222375869751,0.16606105864048004,0.0010000000474974513
151,0.9605555534362793,0.13671135902404785,0.0010000000474974513
152,0.9522222280502319,0.15087875723838806,0.0010000000474974513
153,0.9511111378669739,0.16434524953365326,0.0010000000474974513
154,0.9527778029441833,0.1331661343574524,0.0010000000474974513
155,0.9555555582046509,0.14204764366149902,0.0010000000474974513
156,0.9588888883590698,0.1410084366798401,0.0010000000474974513
157,0.9605555534362793,0.1401924192905426,0.0010000000474974513
158,0.9555555582046509,0.14803674817085266,0.0010000000474974513
159,0.9633333086967468,0.14095449447631836,0.0010000000474974513
160,0.9622222185134888,0.12830863893032074,0.0010000000474974513
161,0.9566666483879089,0.1320241242647171,0.0010000000474974513
162,0.9638888835906982,0.12919586896896362,0.0010000000474974513
163,0.9605555534362793,0.14412212371826172,0.0010000000474974513
164,0.9549999833106995,0.14590352773666382,0.0010000000474974513
165,0.9577777981758118,0.13403667509555817,0.0010000000474974513
166,0.9566666483879089,0.1430240422487259,0.0010000000474974513
167,0.9522222280502319,0.14962972700595856,0.0010000000474974513
168,0.9644444584846497,0.12225300818681717,0.0010000000474974513
169,0.9627777934074402,0.11959295719861984,0.0010000000474974513
170,0.9622222185134888,0.1180921122431755,0.0010000000474974513
171,0.9583333134651184,0.12296614050865173,0.0010000000474974513
172,0.9599999785423279,0.12737424671649933,0.0010000000474974513
173,0.9572222232818604,0.12630845606327057,0.0010000000474974513
174,0.9672222137451172,0.11254231631755829,0.0010000000474974513
175,0.9594444632530212,0.12440817058086395,0.0010000000474974513
176,0.948888897895813,0.1440275013446808,0.0010000000474974513
177,0.9599999785423279,0.12975764274597168,0.0010000000474974513
178,0.9538888931274414,0.1292766034603119,0.0010000000474974513
179,0.9566666483879089,0.13960769772529602,0.0010000000474974513
180,0.9649999737739563,0.11882613599300385,0.0010000000474974513
181,0.9677777886390686,0.11033489555120468,0.0010000000474974513
182,0.9677777886390686,0.10667973011732101,0.0010000000474974513
183,0.9711111187934875,0.09881770610809326,0.0010000000474974513
184,0.9549999833106995,0.1433396190404892,0.0010000000474974513
185,0.9666666388511658,0.10356494784355164,0.0010000000474974513
186,0.9516666531562805,0.15556496381759644,0.0010000000474974513
187,0.9705555438995361,0.10654184967279434,0.0010000000474974513
188,0.9644444584846497,0.10422399640083313,0.0010000000474974513
189,0.9677777886390686,0.10383603721857071,0.0010000000474974513
190,0.9683333039283752,0.11043230444192886,0.0010000000474974513
191,0.9611111283302307,0.1197107806801796,0.0010000000474974513
192,0.9638888835906982,0.11419737339019775,0.0010000000474974513
193,0.9683333039283752,0.10306060314178467,0.0010000000474974513
194,0.9694444537162781,0.09575236588716507,0.0010000000474974513
195,0.971666693687439,0.1018822118639946,0.0010000000474974513
196,0.9583333134651184,0.11929883807897568,0.0010000000474974513
197,0.9688888788223267,0.10697868466377258,0.0010000000474974513
198,0.9722222089767456,0.100516676902771,0.0010000000474974513
199,0.9711111187934875,0.10027709603309631,0.0010000000474974513
200,0.9644444584846497,0.10612987726926804,0.0010000000474974513
201,0.9555555582046509,0.1293262392282486,0.0010000000474974513
202,0.972777783870697,0.10113222151994705,0.0010000000474974513
203,0.9594444632530212,0.1363949477672577,0.0010000000474974513
204,0.9649999737739563,0.10060758888721466,0.0010000000474974513
205,0.9616666436195374,0.11068059504032135,0.0010000000474974513
206,0.9705555438995361,0.09499450027942657,0.0010000000474974513
207,0.9722222089767456,0.09892440587282181,0.0010000000474974513
208,0.9683333039283752,0.10141164064407349,0.0010000000474974513
209,0.9688888788223267,0.10312020778656006,0.0010000000474974513
210,0.9738888740539551,0.08960771560668945,0.0010000000474974513
211,0.9838888645172119,0.07257650047540665,0.0010000000474974513
212,0.9733333587646484,0.0902790054678917,0.0010000000474974513
213,0.9649999737739563,0.10935329645872116,0.0010000000474974513
214,0.9638888835906982,0.1042197048664093,0.0010000000474974513
215,0.9672222137451172,0.10676738619804382,0.0010000000474974513
216,0.9666666388511658,0.09398552775382996,0.0010000000474974513
217,0.9605555534362793,0.11055271327495575,0.0010000000474974513
218,0.9711111187934875,0.09110137075185776,0.0010000000474974513
219,0.9744444489479065,0.08599486947059631,0.0010000000474974513
220,0.9827777743339539,0.06991569697856903,0.0010000000474974513
221,0.9661111235618591,0.10691679269075394,0.0010000000474974513
222,0.9655555486679077,0.1250283271074295,0.0010000000474974513
223,0.9611111283302307,0.10248782485723495,0.0010000000474974513
224,0.9800000190734863,0.08230792731046677,0.0010000000474974513
225,0.980555534362793,0.0810076892375946,0.0010000000474974513
226,0.976111114025116,0.07898443192243576,0.0010000000474974513
227,0.971666693687439,0.08787737041711807,0.0010000000474974513
228,0.9694444537162781,0.09826070070266724,0.0010000000474974513
229,0.9744444489479065,0.08468437194824219,0.0010000000474974513
230,0.9788888692855835,0.07572034746408463,0.0010000000474974513
231,0.980555534362793,0.07355965673923492,0.0010000000474974513
232,0.9811111092567444,0.07340775430202484,0.0010000000474974513
233,0.9700000286102295,0.10230711102485657,0.0010000000474974513
234,0.9633333086967468,0.11219469457864761,0.0010000000474974513
235,0.9644444584846497,0.0979611948132515,0.0010000000474974513
236,0.971666693687439,0.09156697243452072,0.0010000000474974513
237,0.9738888740539551,0.08738196641206741,0.0010000000474974513
238,0.9800000190734863,0.0715847983956337,0.0010000000474974513
239,0.9783333539962769,0.07150380313396454,0.0010000000474974513
240,0.9711111187934875,0.08788341283798218,0.0010000000474974513
241,0.9700000286102295,0.09593617916107178,0.0010000000474974513
242,0.972777783870697,0.08890599012374878,0.0010000000474974513
243,0.976111114025116,0.08298099040985107,0.0010000000474974513
244,0.972777783870697,0.08818808943033218,0.0010000000474974513
245,0.9722222089767456,0.07841700315475464,0.0010000000474974513
246,0.9661111235618591,0.09297089278697968,0.0010000000474974513
247,0.9744444489479065,0.09301813691854477,0.0010000000474974513
248,0.9788888692855835,0.07266420125961304,0.0010000000474974513
249,0.9661111235618591,0.10779719054698944,0.0010000000474974513
250,0.9794444441795349,0.06495639681816101,0.0010000000474974513
251,0.9788888692855835,0.07120410352945328,0.0010000000474974513
252,0.9788888692855835,0.0710335373878479,0.0010000000474974513
253,0.9844444394111633,0.06999506801366806,0.0010000000474974513
254,0.9816666841506958,0.06637255102396011,0.0010000000474974513
255,0.980555534362793,0.07360672950744629,0.0010000000474974513
256,0.977222204208374,0.07517795264720917,0.0010000000474974513
257,0.9738888740539551,0.08171438425779343,0.0010000000474974513
258,0.9777777791023254,0.06643034517765045,0.0010000000474974513
259,0.9816666841506958,0.06331304460763931,0.0010000000474974513
260,0.9711111187934875,0.0917525514960289,0.0010000000474974513
261,0.9800000190734863,0.07274045050144196,0.0010000000474974513
262,0.9777777791023254,0.07106966525316238,0.0010000000474974513
263,0.9722222089767456,0.07971762865781784,0.0010000000474974513
264,0.9794444441795349,0.08033255487680435,0.0010000000474974513
265,0.9800000190734863,0.06626733392477036,0.0010000000474974513
266,0.9800000190734863,0.07315532863140106,0.0010000000474974513
267,0.971666693687439,0.07961027324199677,0.0010000000474974513
268,0.972777783870697,0.08602786809206009,0.0010000000474974513
269,0.977222204208374,0.0680469274520874,0.0010000000474974513
270,0.9844444394111633,0.05876811966300011,0.0010000000474974513
271,0.9777777791023254,0.06900636851787567,0.0010000000474974513
272,0.9783333539962769,0.07186576724052429,0.0010000000474974513
273,0.9755555391311646,0.08126997947692871,0.0010000000474974513
274,0.9766666889190674,0.07152149081230164,0.0010000000474974513
275,0.9705555438995361,0.08627726137638092,0.0010000000474974513
276,0.9844444394111633,0.06314480304718018,0.0010000000474974513
277,0.9877777695655823,0.05096002295613289,0.0010000000474974513
278,0.9827777743339539,0.061695218086242676,0.0010000000474974513
279,0.9599999785423279,0.12398368865251541,0.0010000000474974513
280,0.9838888645172119,0.06220952421426773,0.0010000000474974513
281,0.9800000190734863,0.06428667157888412,0.0010000000474974513
282,0.9783333539962769,0.07152944803237915,0.0010000000474974513
283,0.9800000190734863,0.06562276929616928,0.0010000000474974513
284,0.9777777791023254,0.06812655180692673,0.0010000000474974513
285,0.9822221994400024,0.0695994421839714,0.0010000000474974513
286,0.9811111092567444,0.07251182198524475,0.0010000000474974513
287,0.9822221994400024,0.05767643824219704,0.0010000000474974513
288,0.9894444346427917,0.04685081169009209,0.0010000000474974513
289,0.9816666841506958,0.06424487382173538,0.0010000000474974513
290,0.977222204208374,0.07426182925701141,0.0010000000474974513
291,0.980555534362793,0.07235793024301529,0.0010000000474974513
292,0.9827777743339539,0.05446001514792442,0.0010000000474974513
293,0.9850000143051147,0.05631096288561821,0.0010000000474974513
294,0.9766666889190674,0.07073616236448288,0.0010000000474974513
295,0.9833333492279053,0.0570952408015728,0.0010000000474974513
296,0.9822221994400024,0.05827822908759117,0.0010000000474974513
297,0.9666666388511658,0.09536997228860855,0.0010000000474974513
298,0.9794444441795349,0.07217024266719818,0.0010000000474974513
299,0.9733333587646484,0.08370503038167953,0.0010000000474974513
300,0.9711111187934875,0.07868660986423492,0.0010000000474974513
301,0.9861111044883728,0.059480294585227966,0.0010000000474974513
302,0.9850000143051147,0.05550266429781914,0.0010000000474974513
303,0.9855555295944214,0.05174071341753006,0.0010000000474974513
304,0.9888888597488403,0.04455525800585747,0.0010000000474974513
305,0.9872221946716309,0.05242275074124336,0.0010000000474974513
306,0.9844444394111633,0.056950345635414124,0.0010000000474974513
307,0.9827777743339539,0.05604119598865509,0.0010000000474974513
308,0.9822221994400024,0.0538298524916172,0.0010000000474974513
309,0.9877777695655823,0.04637470841407776,0.0010000000474974513
310,0.980555534362793,0.06593818217515945,0.0010000000474974513
311,0.9783333539962769,0.06893596053123474,0.0010000000474974513
312,0.9900000095367432,0.03955360874533653,0.0010000000474974513
313,0.9811111092567444,0.05699048936367035,0.0010000000474974513
314,0.9788888692855835,0.06687510758638382,0.0010000000474974513
315,0.9744444489479065,0.07051742076873779,0.0010000000474974513
316,0.9783333539962769,0.06889883428812027,0.0010000000474974513
317,0.9794444441795349,0.07030324637889862,0.0010000000474974513
318,0.9838888645172119,0.04936308413743973,0.0010000000474974513
319,0.9794444441795349,0.06159263104200363,0.0010000000474974513
320,0.9816666841506958,0.05684259906411171,0.0010000000474974513
321,0.9927777647972107,0.04146557301282883,0.0010000000474974513
322,0.9844444394111633,0.05617746710777283,0.0010000000474974513
323,0.9827777743339539,0.0510454922914505,0.0010000000474974513
324,0.9894444346427917,0.047899503260850906,0.0010000000474974513
325,0.9850000143051147,0.04598395526409149,0.0010000000474974513
326,0.9850000143051147,0.05149064213037491,0.0010000000474974513
327,0.9800000190734863,0.06627167016267776,0.0010000000474974513
328,0.977222204208374,0.07199594378471375,0.0010000000474974513
329,0.9850000143051147,0.04582402855157852,0.0010000000474974513
330,0.9855555295944214,0.05357452854514122,0.0010000000474974513
331,0.9888888597488403,0.04171658679842949,0.0010000000474974513
332,0.9816666841506958,0.06022472679615021,0.0010000000474974513
333,0.9766666889190674,0.07375398278236389,0.0010000000474974513
334,0.9844444394111633,0.05377437546849251,0.0010000000474974513
335,0.9711111187934875,0.08901314437389374,0.0010000000474974513
336,0.9766666889190674,0.06693077832460403,0.0010000000474974513
337,0.9855555295944214,0.050137877464294434,0.0010000000474974513
338,0.9861111044883728,0.04771478474140167,0.0010000000474974513
339,0.9938889145851135,0.034004393965005875,0.0010000000474974513
340,0.9888888597488403,0.03648848459124565,0.0010000000474974513
341,0.9883333444595337,0.04342395067214966,0.0010000000474974513
342,0.9816666841506958,0.056428972631692886,0.0010000000474974513
343,0.9850000143051147,0.04928218573331833,0.0010000000474974513
344,0.9877777695655823,0.042763423174619675,0.0010000000474974513
345,0.9822221994400024,0.06168113276362419,0.0010000000474974513
346,0.9916666746139526,0.036139026284217834,0.0010000000474974513
347,0.9861111044883728,0.05247105658054352,0.0010000000474974513
348,0.9816666841506958,0.05326368659734726,0.0010000000474974513
349,0.9855555295944214,0.046453237533569336,0.0010000000474974513
350,0.9900000095367432,0.03779430314898491,0.0010000000474974513
351,0.9822221994400024,0.05819117650389671,0.0010000000474974513
352,0.9866666793823242,0.045432768762111664,0.0010000000474974513
353,0.9861111044883728,0.04747270420193672,0.0010000000474974513
354,0.9938889145851135,0.028486132621765137,0.0010000000474974513
355,0.9855555295944214,0.05377768725156784,0.0010000000474974513
356,0.9777777791023254,0.06306084245443344,0.0010000000474974513
357,0.9783333539962769,0.06914125382900238,0.0010000000474974513
358,0.9822221994400024,0.06317631155252457,0.0010000000474974513
359,0.9911110997200012,0.04595024138689041,0.0010000000474974513
360,0.9861111044883728,0.049393851310014725,0.0010000000474974513
361,0.9811111092567444,0.06792809069156647,0.0010000000474974513
362,0.9883333444595337,0.04125801846385002,0.0010000000474974513
363,0.9883333444595337,0.037966154515743256,0.0010000000474974513
364,0.9833333492279053,0.05029180645942688,0.0010000000474974513
365,0.9888888597488403,0.04068217799067497,0.0010000000474974513
366,0.9916666746139526,0.03468684107065201,0.0010000000474974513
367,0.9911110997200012,0.031137464568018913,0.0010000000474974513
368,0.995555579662323,0.030515791848301888,0.0010000000474974513
369,0.9961110949516296,0.023923208937048912,0.0010000000474974513
370,0.992222249507904,0.0340290442109108,0.0010000000474974513
371,0.9822221994400024,0.06216946244239807,0.0010000000474974513
372,0.980555534362793,0.0693562924861908,0.0010000000474974513
373,0.9905555844306946,0.04072290658950806,0.0010000000474974513
374,0.9900000095367432,0.03460163250565529,0.0010000000474974513
375,0.9888888597488403,0.039655592292547226,0.0010000000474974513
376,0.9905555844306946,0.03611195087432861,0.0010000000474974513
377,0.9872221946716309,0.047561854124069214,0.0010000000474974513
378,0.9822221994400024,0.058495622128248215,0.0010000000474974513
379,0.9816666841506958,0.0657869353890419,0.0010000000474974513
380,0.9822221994400024,0.06325047463178635,0.0010000000474974513
381,0.9927777647972107,0.03500787913799286,0.0010000000474974513
382,0.9883333444595337,0.04116358980536461,0.0010000000474974513
383,0.9900000095367432,0.03223725035786629,0.0010000000474974513
384,0.9816666841506958,0.06419678032398224,0.0010000000474974513
385,0.9838888645172119,0.05930449441075325,0.0010000000474974513
386,0.9827777743339539,0.05589469522237778,0.0010000000474974513
387,0.9877777695655823,0.03907371684908867,0.0010000000474974513
388,0.9927777647972107,0.03232220187783241,0.0010000000474974513
389,0.9905555844306946,0.031844038516283035,0.0010000000474974513
390,0.9950000047683716,0.02336997538805008,0.0010000000474974513
391,0.9900000095367432,0.03295420482754707,0.0010000000474974513
392,0.9833333492279053,0.05483150854706764,0.0010000000474974513
393,0.9811111092567444,0.062206149101257324,0.0010000000474974513
394,0.992222249507904,0.03458285331726074,0.0010000000474974513
395,0.9905555844306946,0.0347110889852047,0.0010000000474974513
396,0.9883333444595337,0.04134778305888176,0.0010000000474974513
397,0.9861111044883728,0.04483767971396446,0.0010000000474974513
398,0.9916666746139526,0.03263385593891144,0.0010000000474974513
399,0.9950000047683716,0.02524619549512863,0.0010000000474974513
400,0.9916666746139526,0.034189194440841675,0.0010000000474974513
401,0.980555534362793,0.06412068754434586,0.0010000000474974513
402,0.9866666793823242,0.047761306166648865,0.0010000000474974513
403,0.9916666746139526,0.032464202493429184,0.0010000000474974513
404,0.9900000095367432,0.03664356470108032,0.0010000000474974513
405,0.9855555295944214,0.04182058945298195,0.0010000000474974513
406,0.9855555295944214,0.046743057668209076,0.0010000000474974513
407,0.9938889145851135,0.03129229694604874,0.0010000000474974513
408,0.9927777647972107,0.03603769838809967,0.0010000000474974513
409,0.992222249507904,0.03132105991244316,0.0010000000474974513
410,0.9938889145851135,0.02502627857029438,0.0010000000474974513
411,0.9866666793823242,0.044961199164390564,0.0010000000474974513
412,0.9872221946716309,0.042557984590530396,0.0010000000474974513
413,0.9933333396911621,0.030823683366179466,0.0010000000474974513
414,0.9916666746139526,0.03844793513417244,0.0010000000474974513
415,0.9694444537162781,0.08572123944759369,0.0010000000474974513
416,0.9811111092567444,0.05411995202302933,0.0010000000474974513
417,0.9844444394111633,0.050394635647535324,0.0010000000474974513
418,0.9916666746139526,0.03677528351545334,0.0010000000474974513
419,0.9905555844306946,0.03855178877711296,0.0010000000474974513
420,0.995555579662323,0.024125564843416214,0.0010000000474974513
421,0.9938889145851135,0.030886681750416756,0.0010000000474974513
422,0.9938889145851135,0.026714744046330452,0.0010000000474974513
423,0.9872221946716309,0.036708228290081024,0.0010000000474974513
424,0.9900000095367432,0.04049912840127945,0.0010000000474974513
425,0.972777783870697,0.07394623756408691,0.0010000000474974513
426,0.9644444584846497,0.12220350652933121,0.0010000000474974513
427,0.9900000095367432,0.04241045564413071,0.0010000000474974513
428,0.9911110997200012,0.03224203735589981,0.0010000000474974513
429,0.9916666746139526,0.03088880144059658,0.0010000000474974513
430,0.9927777647972107,0.02947903238236904,0.0010000000474974513
431,0.992222249507904,0.024553481489419937,0.0010000000474974513
432,0.9916666746139526,0.029268037527799606,0.0010000000474974513
433,0.992222249507904,0.026050638407468796,0.0010000000474974513
434,0.9905555844306946,0.031590644270181656,0.0010000000474974513
435,0.992222249507904,0.03304547071456909,0.0010000000474974513
436,0.9855555295944214,0.048362769186496735,0.0010000000474974513
437,0.9894444346427917,0.035553522408008575,0.0010000000474974513
438,0.9938889145851135,0.023399004712700844,0.0010000000474974513
439,0.9961110949516296,0.01963134855031967,0.0010000000474974513
440,0.9950000047683716,0.026247253641486168,0.0010000000474974513
441,0.9916666746139526,0.030094921588897705,0.0010000000474974513
442,0.9916666746139526,0.032027363777160645,0.0010000000474974513
443,0.9933333396911621,0.028933990746736526,0.0010000000474974513
444,0.9872221946716309,0.0393683947622776,0.0010000000474974513
445,0.9944444298744202,0.025937413796782494,0.0010000000474974513
446,0.9894444346427917,0.03301575779914856,0.0010000000474974513
447,0.9827777743339539,0.053254567086696625,0.0010000000474974513
448,0.977222204208374,0.061229027807712555,0.0010000000474974513
449,0.9883333444595337,0.04030800983309746,0.0010000000474974513
450,0.9855555295944214,0.04626667499542236,0.0010000000474974513
451,0.9927777647972107,0.023544998839497566,0.0010000000474974513
452,0.9938889145851135,0.029752956703305244,0.0010000000474974513
453,0.9866666793823242,0.04484536871314049,0.0010000000474974513
454,0.9894444346427917,0.0349922776222229,0.0010000000474974513
455,0.992222249507904,0.02397158369421959,0.0010000000474974513
456,0.9927777647972107,0.0346386581659317,0.0010000000474974513
457,0.9927777647972107,0.026953041553497314,0.0010000000474974513
458,0.996666669845581,0.01927778869867325,0.0010000000474974513
459,0.9872221946716309,0.04390745237469673,0.0010000000474974513
460,0.9883333444595337,0.03880209103226662,0.0010000000474974513
461,0.9944444298744202,0.025740761309862137,0.0010000000474974513
462,0.9950000047683716,0.027950067073106766,0.0010000000474974513
463,0.9883333444595337,0.04022073373198509,0.0010000000474974513
464,0.9905555844306946,0.029593762010335922,0.0010000000474974513
465,0.9883333444595337,0.032012712210416794,0.0010000000474974513
466,0.9944444298744202,0.025350579991936684,0.0010000000474974513
467,0.9944444298744202,0.026561211794614792,0.0010000000474974513
468,0.9938889145851135,0.022025002166628838,0.0010000000474974513
469,0.9883333444595337,0.04167044162750244,0.0010000000474974513
470,0.9844444394111633,0.06311393529176712,0.0010000000474974513
471,0.9894444346427917,0.03830236569046974,0.0010000000474974513
472,0.9944444298744202,0.021695232018828392,0.0010000000474974513
473,0.9933333396911621,0.024683304131031036,0.0010000000474974513
474,0.9883333444595337,0.0366426557302475,0.0010000000474974513
475,0.9905555844306946,0.032385606318712234,0.0010000000474974513
476,0.9872221946716309,0.034950681030750275,0.0010000000474974513
477,0.9972222447395325,0.018562084063887596,0.0010000000474974513
478,0.9944444298744202,0.025075262412428856,0.0010000000474974513
479,0.9938889145851135,0.02215437963604927,0.0010000000474974513
480,0.9905555844306946,0.02872159145772457,0.0010000000474974513
481,0.9888888597488403,0.03214871138334274,0.0010000000474974513
482,0.9866666793823242,0.04420597478747368,0.0010000000474974513
483,0.9938889145851135,0.02406201884150505,0.0010000000474974513
484,0.992222249507904,0.023011205717921257,0.0010000000474974513
485,0.9711111187934875,0.08136358112096786,0.0010000000474974513
486,0.9877777695655823,0.03609536960721016,0.0010000000474974513
487,0.9927777647972107,0.02447623200714588,0.0010000000474974513
488,0.9972222447395325,0.015651093795895576,0.0010000000474974513
489,0.9833333492279053,0.046631988137960434,0.0010000000474974513
490,0.9883333444595337,0.037326276302337646,0.0010000000474974513
491,0.9933333396911621,0.026240739971399307,0.0010000000474974513
492,0.9872221946716309,0.038650039583444595,0.0010000000474974513
493,0.9794444441795349,0.0552147813141346,0.0010000000474974513
494,0.9933333396911621,0.029397521167993546,0.0010000000474974513
495,0.9916666746139526,0.027355268597602844,0.0010000000474974513
496,0.995555579662323,0.020825335755944252,0.0010000000474974513
497,0.9950000047683716,0.015805352479219437,0.0010000000474974513
498,0.9950000047683716,0.01983456499874592,0.0010000000474974513
499,0.996666669845581,0.018627040088176727,0.0010000000474974513
500,0.9933333396911621,0.027465490624308586,0.0010000000474974513
501,0.972777783870697,0.07246735692024231,0.0010000000474974513
502,0.9872221946716309,0.042373280972242355,0.0010000000474974513
503,0.972777783870697,0.09216691553592682,0.0010000000474974513
504,0.9883333444595337,0.0378139466047287,0.0010000000474974513
505,0.9911110997200012,0.03285405412316322,0.0010000000474974513
506,0.9938889145851135,0.023821383714675903,0.0010000000474974513
507,0.996666669845581,0.01735779456794262,0.0010000000474974513
508,0.9972222447395325,0.013692080043256283,0.0010000000474974513
509,0.9972222447395325,0.011516878381371498,0.0010000000474974513
510,0.9938889145851135,0.021535495296120644,0.0010000000474974513
511,0.9961110949516296,0.016545431688427925,0.0010000000474974513
512,0.9961110949516296,0.01604614034295082,0.0010000000474974513
513,0.9972222447395325,0.015335841104388237,0.0010000000474974513
514,0.9944444298744202,0.022367065772414207,0.0010000000474974513
515,0.9883333444595337,0.03204042464494705,0.0010000000474974513
516,0.995555579662323,0.020703086629509926,0.0010000000474974513
517,0.9972222447395325,0.015363865531980991,0.0010000000474974513
518,0.9916666746139526,0.02610066346824169,0.0010000000474974513
519,0.9905555844306946,0.027566974982619286,0.0010000000474974513
520,0.9794444441795349,0.05545908957719803,0.0010000000474974513
521,0.9877777695655823,0.042461249977350235,0.0010000000474974513
522,0.9905555844306946,0.037072762846946716,0.0010000000474974513
523,0.9894444346427917,0.03470618650317192,0.0010000000474974513
524,0.9861111044883728,0.048658423125743866,0.0010000000474974513
525,0.9850000143051147,0.03767969831824303,0.0010000000474974513
526,0.9933333396911621,0.021442752331495285,0.0010000000474974513
527,0.9961110949516296,0.018390441313385963,0.0010000000474974513
528,0.9988889098167419,0.009180091321468353,0.0010000000474974513
529,0.9977777600288391,0.011309807188808918,0.0010000000474974513
530,0.9994444251060486,0.010029325261712074,0.0010000000474974513
531,0.9950000047683716,0.018438825383782387,0.0010000000474974513
532,0.996666669845581,0.01657005399465561,0.0010000000474974513
533,1.0,0.007636424619704485,0.0010000000474974513
534,0.9933333396911621,0.02767566405236721,0.0010000000474974513
535,0.9916666746139526,0.030800102278590202,0.0010000000474974513
536,0.9783333539962769,0.06085474044084549,0.0010000000474974513
537,0.9894444346427917,0.0373433381319046,0.0010000000474974513
538,0.9877777695655823,0.03758885711431503,0.0010000000474974513
539,0.9900000095367432,0.029545359313488007,0.0010000000474974513
540,0.9933333396911621,0.02779790759086609,0.0010000000474974513
541,0.9983333349227905,0.012639925815165043,0.0010000000474974513
542,0.9927777647972107,0.03259064257144928,0.0010000000474974513
543,0.9911110997200012,0.027164654806256294,0.0010000000474974513
544,0.9877777695655823,0.03429260849952698,0.0010000000474974513
545,0.995555579662323,0.01796385832130909,0.0010000000474974513
546,0.995555579662323,0.014773555099964142,0.0010000000474974513
547,0.996666669845581,0.015364103950560093,0.0010000000474974513
548,0.9894444346427917,0.02769835852086544,0.0010000000474974513
549,0.980555534362793,0.05992073565721512,0.0010000000474974513
550,0.9883333444595337,0.036793749779462814,0.0010000000474974513
551,0.9911110997200012,0.02464902028441429,0.0010000000474974513
552,0.9944444298744202,0.02302483282983303,0.0010000000474974513
553,0.9900000095367432,0.03031996637582779,0.0010000000474974513
554,0.9950000047683716,0.021693654358386993,0.0010000000474974513
555,0.9961110949516296,0.01216875109821558,0.0010000000474974513
556,0.9977777600288391,0.01220309641212225,0.0010000000474974513
557,0.9950000047683716,0.016679642722010612,0.0010000000474974513
558,0.9950000047683716,0.01458741445094347,0.0010000000474974513
559,0.9788888692855835,0.05155796557664871,0.0010000000474974513
560,0.9794444441795349,0.060545288026332855,0.0010000000474974513
561,0.9844444394111633,0.05132746323943138,0.0010000000474974513
562,0.9983333349227905,0.015208152122795582,0.0010000000474974513
563,0.9944444298744202,0.021368328481912613,0.0010000000474974513
564,0.996666669845581,0.016854770481586456,0.0010000000474974513
565,0.9983333349227905,0.011440089903771877,0.0010000000474974513
566,0.9994444251060486,0.008330616168677807,0.0010000000474974513
567,0.9988889098167419,0.00993000902235508,0.0010000000474974513
568,0.9944444298744202,0.017779741436243057,0.0010000000474974513
569,0.9916666746139526,0.02852453477680683,0.0010000000474974513
570,0.9866666793823242,0.037236206233501434,0.0010000000474974513
571,0.996666669845581,0.017696643248200417,0.0010000000474974513
572,0.995555579662323,0.01865333318710327,0.0010000000474974513
573,0.9833333492279053,0.05336356535553932,0.0010000000474974513
574,0.9938889145851135,0.02415064536035061,0.0010000000474974513
575,0.995555579662323,0.015461878851056099,0.0010000000474974513
576,0.9950000047683716,0.018370376899838448,0.0010000000474974513
577,0.9905555844306946,0.024716265499591827,0.0010000000474974513
578,0.9911110997200012,0.039136853069067,0.0010000000474974513
579,0.9872221946716309,0.033961061388254166,0.0010000000474974513
580,0.9900000095367432,0.03232281655073166,0.0010000000474974513
581,0.995555579662323,0.01915874518454075,0.0010000000474974513
582,0.9983333349227905,0.014068982563912868,0.0010000000474974513
583,0.9972222447395325,0.012820222415030003,0.0010000000474974513
584,0.9988889098167419,0.008090581744909286,0.0005000000237487257
585,0.9994444251060486,0.00593753345310688,0.0005000000237487257
586,0.9988889098167419,0.007663353346288204,0.0005000000237487257
587,1.0,0.0056086257100105286,0.0005000000237487257
588,1.0,0.005437659565359354,0.0005000000237487257
589,0.9983333349227905,0.008622940629720688,0.0005000000237487257
590,0.9988889098167419,0.006192153785377741,0.0005000000237487257
591,0.9994444251060486,0.006567260250449181,0.0005000000237487257
592,0.9994444251060486,0.005416024476289749,0.0005000000237487257
593,0.9994444251060486,0.005956148728728294,0.0005000000237487257
594,0.9994444251060486,0.005133324768394232,0.0005000000237487257
595,0.9972222447395325,0.009416021406650543,0.0005000000237487257
596,0.9977777600288391,0.008111264556646347,0.0005000000237487257
597,0.995555579662323,0.015185464173555374,0.0005000000237487257
598,0.9994444251060486,0.007534319069236517,0.0005000000237487257
599,0.995555579662323,0.011688366532325745,0.0005000000237487257
600,0.9994444251060486,0.00820948462933302,0.0005000000237487257
601,0.9977777600288391,0.008545732125639915,0.0005000000237487257
602,0.9983333349227905,0.008376548998057842,0.0005000000237487257
603,0.996666669845581,0.011319983750581741,0.0005000000237487257
604,0.9994444251060486,0.00763160502538085,0.0005000000237487257
605,1.0,0.005014015827327967,0.0005000000237487257
606,0.9950000047683716,0.01060498133301735,0.0005000000237487257
607,0.9977777600288391,0.010379997082054615,0.0005000000237487257
608,0.9972222447395325,0.012746656313538551,0.0005000000237487257
609,0.9961110949516296,0.014465587213635445,0.0005000000237487257
610,0.9977777600288391,0.009801492094993591,0.0005000000237487257
611,1.0,0.006750165950506926,0.0005000000237487257
612,1.0,0.005280253943055868,0.0005000000237487257
613,0.9950000047683716,0.015405678190290928,0.0005000000237487257
614,0.9983333349227905,0.013099702075123787,0.0005000000237487257
615,0.9994444251060486,0.005947483237832785,0.0005000000237487257
616,0.9972222447395325,0.008656327612698078,0.0005000000237487257
617,0.9994444251060486,0.005615983624011278,0.0005000000237487257
618,0.9994444251060486,0.005822243634611368,0.0005000000237487257
619,0.9983333349227905,0.005182985216379166,0.0005000000237487257
620,0.9977777600288391,0.011867827735841274,0.0005000000237487257
621,0.9988889098167419,0.0076672956347465515,0.0005000000237487257
622,0.9983333349227905,0.009876919910311699,0.0005000000237487257
623,0.9988889098167419,0.006120321806520224,0.0005000000237487257
624,0.9994444251060486,0.005849572364240885,0.0005000000237487257
625,0.9983333349227905,0.009372164495289326,0.0005000000237487257
626,1.0,0.006073155906051397,0.0005000000237487257
627,0.9994444251060486,0.0051097143441438675,0.0005000000237487257
628,0.9994444251060486,0.006470717489719391,0.0005000000237487257
629,0.9988889098167419,0.005861356388777494,0.0005000000237487257
630,1.0,0.00732850655913353,0.0005000000237487257
631,0.9994444251060486,0.005229619797319174,0.0005000000237487257
632,0.9988889098167419,0.00903039425611496,0.0005000000237487257
633,0.9988889098167419,0.010192125104367733,0.0005000000237487257
634,0.9983333349227905,0.009485919959843159,0.0005000000237487257
635,0.9988889098167419,0.006978788413107395,0.0005000000237487257
636,1.0,0.003826697124168277,0.0005000000237487257
637,0.9983333349227905,0.0073266420513391495,0.0005000000237487257
638,0.9983333349227905,0.010996932163834572,0.0005000000237487257
639,0.9983333349227905,0.010938790626823902,0.0005000000237487257
640,0.9944444298744202,0.017698775976896286,0.0005000000237487257
641,0.9938889145851135,0.0215532798320055,0.0005000000237487257
642,0.995555579662323,0.012171192094683647,0.0005000000237487257
643,0.9994444251060486,0.007124447729438543,0.0005000000237487257
644,1.0,0.00520824920386076,0.0005000000237487257
645,0.9988889098167419,0.006735455710440874,0.0005000000237487257
646,0.996666669845581,0.008804380893707275,0.0005000000237487257
647,0.9977777600288391,0.008653692901134491,0.0005000000237487257
648,1.0,0.004499346483498812,0.0005000000237487257
649,0.9994444251060486,0.005307150073349476,0.0005000000237487257
650,1.0,0.004037118051201105,0.0005000000237487257
651,0.9994444251060486,0.008882908150553703,0.0005000000237487257
652,0.9950000047683716,0.022665875032544136,0.0005000000237487257
653,0.9994444251060486,0.008199195377528667,0.0005000000237487257
654,0.9983333349227905,0.008718657307326794,0.0005000000237487257
655,0.9994444251060486,0.005868611391633749,0.0005000000237487257
656,0.9916666746139526,0.027112822979688644,0.0005000000237487257
657,0.996666669845581,0.011707322672009468,0.0005000000237487257
658,1.0,0.005385297816246748,0.0005000000237487257
659,0.9994444251060486,0.0051550064235925674,0.0005000000237487257
660,0.9972222447395325,0.014876911416649818,0.0005000000237487257
661,1.0,0.00650333147495985,0.0005000000237487257
662,0.9988889098167419,0.004628703463822603,0.0005000000237487257
663,0.9944444298744202,0.016394931823015213,0.0005000000237487257
664,0.9988889098167419,0.007089107763022184,0.0005000000237487257
665,0.9994444251060486,0.006107380148023367,0.0005000000237487257
666,0.9983333349227905,0.007110284175723791,0.0005000000237487257
667,0.9994444251060486,0.004925574641674757,0.0005000000237487257
668,0.9994444251060486,0.0036449674516916275,0.0005000000237487257
669,1.0,0.003310910426080227,0.0005000000237487257
670,0.9994444251060486,0.0037787791807204485,0.0005000000237487257
671,0.9977777600288391,0.00786486268043518,0.0005000000237487257
672,1.0,0.006178290117532015,0.0005000000237487257
673,1.0,0.003572002984583378,0.0005000000237487257
674,0.9988889098167419,0.005290770437568426,0.0005000000237487257
675,0.992222249507904,0.02334839478135109,0.0005000000237487257
676,0.9944444298744202,0.02058422937989235,0.0005000000237487257
677,1.0,0.004948185756802559,0.0005000000237487257
678,0.9994444251060486,0.0046060471795499325,0.0005000000237487257
679,0.9988889098167419,0.007044537458568811,0.0005000000237487257
680,0.9977777600288391,0.00761614041402936,0.0005000000237487257
681,0.9983333349227905,0.007380378432571888,0.0005000000237487257
682,1.0,0.005522280931472778,0.0005000000237487257
683,1.0,0.003364820731803775,0.0005000000237487257
684,1.0,0.003459269180893898,0.0005000000237487257
685,0.9972222447395325,0.008187410421669483,0.0005000000237487257
686,0.9972222447395325,0.013237742707133293,0.0005000000237487257
687,0.9994444251060486,0.0062794978730380535,0.0005000000237487257
688,0.9988889098167419,0.006369330920279026,0.0005000000237487257
689,0.9944444298744202,0.016812216490507126,0.0005000000237487257
690,0.9977777600288391,0.009539525955915451,0.0005000000237487257
691,0.9988889098167419,0.007183960173279047,0.0005000000237487257
692,0.9988889098167419,0.006863945629447699,0.0005000000237487257
693,1.0,0.003637423738837242,0.0005000000237487257
694,0.9994444251060486,0.003685868578031659,0.0005000000237487257
695,1.0,0.0031286785379052162,0.0005000000237487257
696,0.9988889098167419,0.004888294730335474,0.0005000000237487257
697,0.9994444251060486,0.006222310941666365,0.0005000000237487257
698,1.0,0.0035233069211244583,0.0005000000237487257
699,0.9983333349227905,0.006018410436809063,0.0005000000237487257
700,1.0,0.0029002949595451355,0.0005000000237487257
701,1.0,0.0037751737982034683,0.0005000000237487257
702,0.9988889098167419,0.005844108760356903,0.0005000000237487257
703,0.9927777647972107,0.019932344555854797,0.0005000000237487257
704,0.9944444298744202,0.023576773703098297,0.0005000000237487257
705,0.9988889098167419,0.005730425473302603,0.0005000000237487257
706,0.9988889098167419,0.0064714509062469006,0.0005000000237487257
707,0.9983333349227905,0.004934864118695259,0.0005000000237487257
708,0.9988889098167419,0.006234471686184406,0.0005000000237487257
709,0.9994444251060486,0.0042282878421247005,0.0005000000237487257
710,1.0,0.0032344770152121782,0.0005000000237487257
711,1.0,0.002438525902107358,0.0005000000237487257
712,1.0,0.0035146751906722784,0.0005000000237487257
713,1.0,0.003485045162960887,0.0005000000237487257
714,0.9988889098167419,0.006654258351773024,0.0005000000237487257
715,1.0,0.003892474342137575,0.0005000000237487257
716,0.9983333349227905,0.010048096999526024,0.0005000000237487257
717,0.9961110949516296,0.011814278550446033,0.0005000000237487257
718,0.9977777600288391,0.017125042155385017,0.0005000000237487257
719,0.9988889098167419,0.006210409104824066,0.0005000000237487257
720,1.0,0.003564371494576335,0.0005000000237487257
721,0.9994444251060486,0.004299501422792673,0.0005000000237487257
722,0.9994444251060486,0.003734047058969736,0.0005000000237487257
723,0.9994444251060486,0.006003840826451778,0.0005000000237487257
724,1.0,0.003959532827138901,0.0005000000237487257
725,1.0,0.0029827191028743982,0.0005000000237487257
726,1.0,0.0027411256451159716,0.0005000000237487257
727,0.9977777600288391,0.006818378809839487,0.0005000000237487257
728,0.9994444251060486,0.006304878741502762,0.0005000000237487257
729,1.0,0.006203374359756708,0.0005000000237487257
730,0.9988889098167419,0.006516604218631983,0.0005000000237487257
731,0.996666669845581,0.019650163128972054,0.0005000000237487257
732,0.9927777647972107,0.02599506452679634,0.0005000000237487257
733,0.996666669845581,0.014647412113845348,0.0005000000237487257
734,0.9994444251060486,0.0047678579576313496,0.0005000000237487257
735,1.0,0.00470404839143157,0.0005000000237487257
736,0.9994444251060486,0.0034932203125208616,0.0005000000237487257
737,0.9994444251060486,0.003989730961620808,0.0005000000237487257
738,1.0,0.002648726338520646,0.0005000000237487257
739,1.0,0.0025815994013100863,0.0005000000237487257
740,1.0,0.0023445666301995516,0.0005000000237487257
741,0.9977777600288391,0.0065187690779566765,0.0005000000237487257
742,0.996666669845581,0.012293285690248013,0.0005000000237487257
743,0.9988889098167419,0.006440461613237858,0.0005000000237487257
744,0.9961110949516296,0.007741175126284361,0.0005000000237487257
745,0.9972222447395325,0.009985392913222313,0.0005000000237487257
746,1.0,0.0042603216134011745,0.0005000000237487257
747,0.9988889098167419,0.0057737319730222225,0.0005000000237487257
748,1.0,0.0022473300341516733,0.0005000000237487257
749,1.0,0.0019360078731551766,0.0005000000237487257
750,0.9994444251060486,0.0033632423728704453,0.0005000000237487257
751,1.0,0.002172226319089532,0.0005000000237487257
752,1.0,0.0025332067161798477,0.0005000000237487257
753,1.0,0.0025783637538552284,0.0005000000237487257
754,1.0,0.004696097690612078,0.0005000000237487257
755,0.9994444251060486,0.005282625090330839,0.0005000000237487257
756,0.9933333396911621,0.02306750975549221,0.0005000000237487257
757,0.9900000095367432,0.035105857998132706,0.0005000000237487257
758,0.9977777600288391,0.008061125874519348,0.0005000000237487257
759,0.9983333349227905,0.006326037459075451,0.0005000000237487257
760,1.0,0.0035593060310930014,0.0005000000237487257
761,0.9988889098167419,0.004752253647893667,0.0005000000237487257
762,0.9983333349227905,0.006596619728952646,0.0005000000237487257
763,0.9994444251060486,0.004679768346250057,0.0005000000237487257
764,0.9988889098167419,0.0038620091509073973,0.0005000000237487257
765,0.9950000047683716,0.016620730981230736,0.0005000000237487257
766,0.9994444251060486,0.0055389562621712685,0.0005000000237487257
767,1.0,0.002692755311727524,0.0005000000237487257
768,1.0,0.0028165923431515694,0.0005000000237487257
769,0.9994444251060486,0.0035083394031971693,0.0005000000237487257
770,0.9994444251060486,0.004003650508821011,0.0005000000237487257
771,1.0,0.0023638340644538403,0.0005000000237487257
772,0.9977777600288391,0.005453341640532017,0.0005000000237487257
773,0.996666669845581,0.012173487804830074,0.0005000000237487257
774,0.9983333349227905,0.0068105412647128105,0.0005000000237487257
775,0.9994444251060486,0.003829029854387045,0.0005000000237487257
776,0.9983333349227905,0.007349436637014151,0.0005000000237487257
777,0.9988889098167419,0.004318907856941223,0.0005000000237487257
778,0.9994444251060486,0.0031038757879287004,0.0005000000237487257
779,1.0,0.0023882922250777483,0.0005000000237487257
780,0.9977777600288391,0.007925381883978844,0.0005000000237487257
781,0.9988889098167419,0.006415189243853092,0.0005000000237487257
782,0.9988889098167419,0.004958536475896835,0.0005000000237487257
783,0.9938889145851135,0.014978392980992794,0.0005000000237487257
784,0.996666669845581,0.013348571956157684,0.0005000000237487257
785,0.995555579662323,0.012269175611436367,0.0005000000237487257
786,0.9977777600288391,0.009470594115555286,0.0005000000237487257
787,0.9977777600288391,0.007278189528733492,0.0005000000237487257
788,1.0,0.002214570762589574,0.0005000000237487257
789,0.9994444251060486,0.0037959590554237366,0.0005000000237487257
790,1.0,0.0038403093349188566,0.0005000000237487257
791,1.0,0.0030981090385466814,0.0005000000237487257
792,0.9994444251060486,0.0027203059289604425,0.0005000000237487257
793,1.0,0.0025803979951888323,0.0005000000237487257
794,1.0,0.0018746249843388796,0.0005000000237487257
795,0.9994444251060486,0.003094442654401064,0.0005000000237487257
796,0.9994444251060486,0.0033450720366090536,0.0005000000237487257
797,0.9994444251060486,0.0033923997543752193,0.0005000000237487257
798,0.9988889098167419,0.004514774307608604,0.0005000000237487257
799,0.9994444251060486,0.003634283784776926,0.0005000000237487257
800,0.9994444251060486,0.0034468157682567835,0.0002500000118743628
801,1.0,0.002197330817580223,0.0002500000118743628
802,1.0,0.0025471835397183895,0.0002500000118743628
803,1.0,0.0022051092237234116,0.0002500000118743628
804,1.0,0.0012150384718552232,0.0002500000118743628
805,1.0,0.001186121255159378,0.0002500000118743628
806,1.0,0.0012507153442129493,0.0002500000118743628
807,1.0,0.0014693810371682048,0.0002500000118743628
808,1.0,0.0018779555102810264,0.0002500000118743628
809,0.9994444251060486,0.0027953817043453455,0.0002500000118743628
810,1.0,0.002466524252668023,0.0002500000118743628
811,1.0,0.0014139552367851138,0.0002500000118743628
812,1.0,0.002079101512208581,0.0002500000118743628
813,0.9988889098167419,0.005325036589056253,0.0002500000118743628
814,0.996666669845581,0.012129686772823334,0.0002500000118743628
815,0.9988889098167419,0.0033813174813985825,0.0002500000118743628
816,0.9994444251060486,0.002599984873086214,0.0002500000118743628
817,1.0,0.0021320239175111055,0.0002500000118743628
818,1.0,0.002133808098733425,0.0002500000118743628
819,1.0,0.0019284181762486696,0.0002500000118743628
820,1.0,0.0013562706299126148,0.0002500000118743628
821,1.0,0.0021967256907373667,0.0002500000118743628
822,0.9994444251060486,0.0023372801952064037,0.0002500000118743628
823,1.0,0.0015460957074537873,0.0002500000118743628
824,1.0,0.0017887523863464594,0.0002500000118743628
825,1.0,0.0012472368543967605,0.0002500000118743628
826,1.0,0.002134519862011075,0.0002500000118743628
827,1.0,0.0016862977063283324,0.0002500000118743628
828,0.9994444251060486,0.00471476698294282,0.0002500000118743628
829,1.0,0.0020394627936184406,0.0002500000118743628
830,1.0,0.0018426083261147141,0.0002500000118743628
831,1.0,0.0023680604062974453,0.0002500000118743628
832,1.0,0.002215537242591381,0.0002500000118743628
833,0.9988889098167419,0.0031440993770956993,0.0002500000118743628
834,0.9977777600288391,0.008185094222426414,0.0002500000118743628
835,1.0,0.0030837301164865494,0.0002500000118743628
836,0.9983333349227905,0.00433629285544157,0.0002500000118743628
837,1.0,0.0022216043435037136,0.0002500000118743628
838,0.9988889098167419,0.0035286240745335817,0.0002500000118743628
839,1.0,0.0014436927158385515,0.0002500000118743628
840,1.0,0.0015484202886000276,0.0002500000118743628
841,1.0,0.0014002362731844187,0.0002500000118743628
842,1.0,0.0015888618072494864,0.0002500000118743628
843,1.0,0.00164202565792948,0.0002500000118743628
844,1.0,0.0010094991885125637,0.0002500000118743628
845,1.0,0.001684481743723154,0.0002500000118743628
846,1.0,0.0019698531832545996,0.0002500000118743628
847,1.0,0.001405999413691461,0.0002500000118743628
848,1.0,0.0018070328515022993,0.0002500000118743628
849,1.0,0.0014198534190654755,0.0002500000118743628
850,0.9994444251060486,0.004295815713703632,0.0002500000118743628
851,1.0,0.0015892403898760676,0.0002500000118743628
852,1.0,0.002798430621623993,0.0002500000118743628
853,0.9994444251060486,0.003038640832528472,0.0002500000118743628
854,1.0,0.0020030757877975702,0.0002500000118743628
855,0.9994444251060486,0.0022206127177923918,0.0002500000118743628
856,0.9994444251060486,0.004414142109453678,0.0002500000118743628
857,1.0,0.0019071206916123629,0.0002500000118743628
858,1.0,0.0015268409624695778,0.0002500000118743628
859,1.0,0.0013650002656504512,0.0002500000118743628
860,1.0,0.0021072684321552515,0.0002500000118743628
861,1.0,0.0015401080017909408,0.0002500000118743628
862,0.9994444251060486,0.002686226274818182,0.0002500000118743628
863,1.0,0.0011304646031931043,0.0002500000118743628
864,1.0,0.0010879754554480314,0.0002500000118743628
865,1.0,0.0012909868964925408,0.0002500000118743628
866,1.0,0.0017719425959512591,0.0002500000118743628
867,1.0,0.0013616095529869199,0.0002500000118743628
868,1.0,0.001636160770431161,0.0002500000118743628
869,1.0,0.001863611862063408,0.0002500000118743628
870,1.0,0.0013377441791817546,0.0002500000118743628
871,1.0,0.0012758298544213176,0.0002500000118743628
872,0.9994444251060486,0.0031052418053150177,0.0002500000118743628
873,1.0,0.0020930792670696974,0.0002500000118743628
874,1.0,0.0014650389784947038,0.0002500000118743628
875,1.0,0.001495544915087521,0.0002500000118743628
876,1.0,0.001921657007187605,0.0002500000118743628
877,1.0,0.002083416096866131,0.0002500000118743628
878,1.0,0.001308987382799387,0.0002500000118743628
879,1.0,0.0014361001085489988,0.0002500000118743628
880,1.0,0.0011690681567415595,0.0002500000118743628
881,1.0,0.0011925410944968462,0.0002500000118743628
882,1.0,0.0016418744344264269,0.0002500000118743628
883,1.0,0.0014994052471593022,0.0002500000118743628
884,1.0,0.0016403504414483905,0.0002500000118743628
885,1.0,0.0029480792582035065,0.0002500000118743628
886,1.0,0.001338463625870645,0.0002500000118743628
887,1.0,0.0011076531372964382,0.0002500000118743628
888,1.0,0.0012994111748412251,0.0002500000118743628
889,1.0,0.001003549201413989,0.0002500000118743628
890,1.0,0.0023763373028486967,0.0002500000118743628
891,0.9983333349227905,0.006599835120141506,0.0002500000118743628
892,1.0,0.002053359290584922,0.0002500000118743628
893,0.9988889098167419,0.004413551650941372,0.0002500000118743628
894,1.0,0.0016041228082031012,0.0002500000118743628
895,0.9994444251060486,0.002041168510913849,0.0001250000059371814
896,1.0,0.0013468177057802677,0.0001250000059371814
897,0.9994444251060486,0.0019022494088858366,0.0001250000059371814
898,1.0,0.0010898731416091323,0.0001250000059371814
899,1.0,0.0013650493929162621,0.0001250000059371814
900,1.0,0.0008659664308652282,0.0001250000059371814
901,1.0,0.0010778441792353988,0.0001250000059371814
902,1.0,0.0013349226210266352,0.0001250000059371814
903,1.0,0.000921610917430371,0.0001250000059371814
904,1.0,0.0016344443429261446,0.0001250000059371814
905,1.0,0.001284899190068245,0.0001250000059371814
906,1.0,0.0012308245059102774,0.0001250000059371814
907,1.0,0.0013158173533156514,0.0001250000059371814
908,1.0,0.0016174091724678874,0.0001250000059371814
909,0.9994444251060486,0.0028754277154803276,0.0001250000059371814
910,1.0,0.0011836658231914043,0.0001250000059371814
911,1.0,0.0009065857739187777,0.0001250000059371814
912,1.0,0.0012400129344314337,0.0001250000059371814
913,1.0,0.001216165372170508,0.0001250000059371814
914,1.0,0.0013985205441713333,0.0001250000059371814
915,1.0,0.0015740853268653154,0.0001250000059371814
916,1.0,0.0011190833756700158,0.0001250000059371814
917,1.0,0.0010509740095585585,0.0001250000059371814
918,1.0,0.0010761826997622848,0.0001250000059371814
919,1.0,0.0012454872485250235,0.0001250000059371814
920,1.0,0.0010631914483383298,0.0001250000059371814
921,1.0,0.0013922883663326502,0.0001250000059371814
922,1.0,0.0009708591387607157,0.0001250000059371814
923,0.9994444251060486,0.0026325667276978493,0.0001250000059371814
924,0.9983333349227905,0.0036514042876660824,0.0001250000059371814
925,1.0,0.0019201418617740273,0.0001250000059371814
926,1.0,0.0010835453867912292,0.0001250000059371814
927,0.9988889098167419,0.0030793901532888412,0.0001250000059371814
928,1.0,0.0008803307428024709,0.0001250000059371814
929,1.0,0.0008614260004833341,0.0001250000059371814
930,1.0,0.0009794787038117647,0.0001250000059371814
931,1.0,0.0009725178824737668,0.0001250000059371814
932,1.0,0.0009757349034771323,0.0001250000059371814
933,1.0,0.0011709651444107294,0.0001250000059371814
934,1.0,0.0009438659762963653,0.0001250000059371814
935,1.0,0.0010114179458469152,0.0001250000059371814
936,1.0,0.000864568748511374,0.0001250000059371814
937,1.0,0.0007786713540554047,0.0001250000059371814
938,1.0,0.0012343368725851178,0.0001250000059371814
939,1.0,0.0012017093831673265,0.0001250000059371814
940,1.0,0.0009566828957758844,0.0001250000059371814
941,0.9994444251060486,0.0017979764379560947,0.0001250000059371814
942,1.0,0.0014322572387754917,0.0001250000059371814
943,1.0,0.0009279145742766559,0.0001250000059371814
944,1.0,0.000756459659896791,0.0001250000059371814
945,1.0,0.0012417612597346306,0.0001250000059371814
946,1.0,0.0010399960447102785,0.0001250000059371814
947,1.0,0.0010317220585420728,0.0001250000059371814
948,1.0,0.001216926146298647,0.0001250000059371814
949,1.0,0.0015237763291224837,0.0001250000059371814
950,1.0,0.0010077402694150805,0.0001250000059371814
951,1.0,0.0008018800290301442,0.0001250000059371814
952,1.0,0.0007970452425070107,0.0001250000059371814
953,1.0,0.0007577251526527107,0.0001250000059371814
954,1.0,0.0007477343897335231,0.0001250000059371814
955,1.0,0.0007816056604497135,0.0001250000059371814
956,1.0,0.0008111236384138465,0.0001250000059371814
957,1.0,0.0013305414468050003,0.0001250000059371814
958,1.0,0.000985870137810707,0.0001250000059371814
959,1.0,0.0009944752091541886,0.0001250000059371814
960,1.0,0.0015757452929392457,0.0001250000059371814
961,1.0,0.0018462856533005834,0.0001250000059371814
962,1.0,0.001310572843067348,0.0001250000059371814
963,0.9994444251060486,0.0013999596703797579,0.0001250000059371814
964,1.0,0.0014697484439238906,0.0001250000059371814
965,1.0,0.0009096625144593418,0.0001250000059371814
966,1.0,0.0009658642811700702,0.0001250000059371814
967,1.0,0.0008607896161265671,0.0001250000059371814
968,1.0,0.0007118608336895704,0.0001250000059371814
969,1.0,0.0009186521056108177,0.0001250000059371814
970,1.0,0.0008179899887181818,0.0001250000059371814
971,1.0,0.0009732208563946187,0.0001250000059371814
972,1.0,0.0008896882063709199,0.0001250000059371814
973,0.9994444251060486,0.0020441035740077496,0.0001250000059371814
974,1.0,0.0013907040702179074,0.0001250000059371814
975,1.0,0.0014940319815650582,0.0001250000059371814
976,1.0,0.001953579019755125,0.0001250000059371814
977,1.0,0.0008483527926728129,0.0001250000059371814
978,1.0,0.001042814808897674,0.0001250000059371814
979,1.0,0.0008175734546966851,0.0001250000059371814
980,1.0,0.0007420032052323222,0.0001250000059371814
981,1.0,0.0008117009419947863,0.0001250000059371814
982,1.0,0.0008997144177556038,0.0001250000059371814
983,1.0,0.0009044446633197367,0.0001250000059371814
984,1.0,0.0009947501821443439,0.0001250000059371814
985,1.0,0.0008595911785960197,0.0001250000059371814
986,0.9994444251060486,0.0016223046695813537,0.0001250000059371814
987,1.0,0.0015900415601208806,0.0001250000059371814
988,1.0,0.0007811812101863325,0.0001250000059371814
989,1.0,0.0007430633413605392,0.0001250000059371814
990,1.0,0.0006885918555781245,0.0001250000059371814
991,1.0,0.0006611427525058389,0.0001250000059371814
992,1.0,0.001021491247229278,0.0001250000059371814
993,1.0,0.0012550639221444726,0.0001250000059371814
994,1.0,0.0008942566346377134,0.0001250000059371814
995,1.0,0.0007470518467016518,9.999999747378752e-05
996,1.0,0.001148957759141922,9.999999747378752e-05
997,1.0,0.0008147006737999618,9.999999747378752e-05
998,1.0,0.0007335426635108888,9.999999747378752e-05
999,1.0,0.0006343910354189575,9.999999747378752e-05
1000,1.0,0.0006792868953198195,9.999999747378752e-05
1001,1.0,0.0009982121409848332,9.999999747378752e-05
1002,1.0,0.0011339893098920584,9.999999747378752e-05
1003,1.0,0.000697657756973058,9.999999747378752e-05
1004,1.0,0.0009608318796381354,9.999999747378752e-05
1005,1.0,0.0012446584878489375,9.999999747378752e-05
1006,1.0,0.0008942076819948852,9.999999747378752e-05
1007,1.0,0.0006338609964586794,9.999999747378752e-05
1008,1.0,0.0008801222429610789,9.999999747378752e-05
1009,1.0,0.0006672894232906401,9.999999747378752e-05
1010,1.0,0.000603503838647157,9.999999747378752e-05
1011,1.0,0.0006693630712106824,9.999999747378752e-05
1012,1.0,0.0007815658464096487,9.999999747378752e-05
1013,1.0,0.0006689511938020587,9.999999747378752e-05
1014,1.0,0.0006287583382800221,9.999999747378752e-05
1015,1.0,0.0008109141490422189,9.999999747378752e-05
1016,1.0,0.000790286750998348,9.999999747378752e-05
1017,1.0,0.0008570472127757967,9.999999747378752e-05
1018,1.0,0.0007847716333344579,9.999999747378752e-05
1019,1.0,0.0006509234081022441,9.999999747378752e-05
1020,1.0,0.0005364789976738393,9.999999747378752e-05
1021,1.0,0.000567558454349637,9.999999747378752e-05
1022,1.0,0.0012122467160224915,9.999999747378752e-05
1023,1.0,0.0005692723207175732,9.999999747378752e-05
1024,1.0,0.0006842018919996917,9.999999747378752e-05
1025,1.0,0.0009240108192898333,9.999999747378752e-05
1026,1.0,0.001135696074925363,9.999999747378752e-05
1027,1.0,0.0007170084281824529,9.999999747378752e-05
1028,1.0,0.000575961428694427,9.999999747378752e-05
1029,1.0,0.0006705287960357964,9.999999747378752e-05
1030,1.0,0.0007574945921078324,9.999999747378752e-05
1031,1.0,0.0012288927100598812,9.999999747378752e-05
1032,0.9994444251060486,0.0027542985044419765,9.999999747378752e-05
1033,1.0,0.0009144230280071497,9.999999747378752e-05
1034,1.0,0.0005852410686202347,9.999999747378752e-05
1035,1.0,0.0007233384530991316,9.999999747378752e-05
1036,1.0,0.0006392672075890005,9.999999747378752e-05
1037,1.0,0.0008257490117102861,9.999999747378752e-05
1038,1.0,0.0007657455280423164,9.999999747378752e-05
1039,1.0,0.0005071366322226822,9.999999747378752e-05
1040,1.0,0.0005641542375087738,9.999999747378752e-05
1041,1.0,0.0008687066147103906,9.999999747378752e-05
1042,1.0,0.0006026723422110081,9.999999747378752e-05
1043,1.0,0.0008089470793493092,9.999999747378752e-05
1044,1.0,0.0010146653512492776,9.999999747378752e-05
1045,1.0,0.0006053338292986155,9.999999747378752e-05
1046,1.0,0.0008036556537263095,9.999999747378752e-05
1047,1.0,0.0007490818970836699,9.999999747378752e-05
1048,1.0,0.000945414649322629,9.999999747378752e-05
1049,1.0,0.0008456091163679957,9.999999747378752e-05
1050,1.0,0.0006725483690388501,9.999999747378752e-05
1051,1.0,0.0006553919520229101,9.999999747378752e-05
1052,1.0,0.0006582255591638386,9.999999747378752e-05
1053,0.9994444251060486,0.0015026356559246778,9.999999747378752e-05
1054,1.0,0.0007744213216938078,9.999999747378752e-05
1055,1.0,0.0005729098338633776,9.999999747378752e-05
1056,1.0,0.0005310078267939389,9.999999747378752e-05
1057,1.0,0.0007297602714970708,9.999999747378752e-05
1058,1.0,0.0006472122622653842,9.999999747378752e-05
1059,1.0,0.0005797040648758411,9.999999747378752e-05
1060,1.0,0.0005850177840329707,9.999999747378752e-05
1061,1.0,0.0008080433472059667,9.999999747378752e-05
1062,1.0,0.0008496398222632706,9.999999747378752e-05
1063,1.0,0.0008365045650862157,9.999999747378752e-05
1064,1.0,0.0006457551498897374,9.999999747378752e-05
1065,1.0,0.0006283683469519019,9.999999747378752e-05
1066,1.0,0.0009038121206685901,9.999999747378752e-05
1067,1.0,0.0009181498899124563,9.999999747378752e-05
1068,1.0,0.0008664455963298678,9.999999747378752e-05
1069,1.0,0.0010161083191633224,9.999999747378752e-05
1070,1.0,0.0014400063082575798,9.999999747378752e-05
1071,1.0,0.0007198563544079661,9.999999747378752e-05
1072,1.0,0.0007359209121204913,9.999999747378752e-05
1073,1.0,0.0006050415686331689,9.999999747378752e-05
1074,1.0,0.000730274070519954,9.999999747378752e-05
1075,1.0,0.0006363822612911463,9.999999747378752e-05
1076,1.0,0.0010863903444260359,9.999999747378752e-05
1077,1.0,0.0014757709577679634,9.999999747378752e-05
1078,1.0,0.0006503940676338971,9.999999747378752e-05
1079,1.0,0.0007177567458711565,9.999999747378752e-05
1080,1.0,0.0006758488598279655,9.999999747378752e-05
1081,1.0,0.0009715101332403719,9.999999747378752e-05
1082,1.0,0.0006532102124765515,9.999999747378752e-05
1083,1.0,0.0011356498580425978,9.999999747378752e-05
1084,1.0,0.0006415099487639964,9.999999747378752e-05
1085,1.0,0.0006147751118987799,9.999999747378752e-05
1086,0.9994444251060486,0.0018487484194338322,9.999999747378752e-05
1087,1.0,0.0009559062891639769,9.999999747378752e-05
1088,1.0,0.0006815488450229168,9.999999747378752e-05
1089,0.9988889098167419,0.00217434111982584,9.999999747378752e-05
1090,1.0,0.0009274875046685338,9.999999747378752e-05
1091,1.0,0.0007321659941226244,9.999999747378752e-05
1092,1.0,0.0006676370976492763,9.999999747378752e-05
1093,1.0,0.0005495728109963238,9.999999747378752e-05
1094,1.0,0.0007146585267037153,9.999999747378752e-05
1095,1.0,0.0004842066846322268,9.999999747378752e-05
1096,1.0,0.0005342127988114953,9.999999747378752e-05
1097,1.0,0.0005862296675331891,9.999999747378752e-05
1098,1.0,0.000986993545666337,9.999999747378752e-05
1099,1.0,0.0005292784771881998,9.999999747378752e-05
1100,1.0,0.0010459651239216328,9.999999747378752e-05
1101,1.0,0.0007676073000766337,9.999999747378752e-05
1102,1.0,0.0006259469082579017,9.999999747378752e-05
1103,1.0,0.0005483458517119288,9.999999747378752e-05
1104,1.0,0.0006820813869126141,9.999999747378752e-05
1105,1.0,0.0005957430694252253,9.999999747378752e-05
1106,1.0,0.0005680933827534318,9.999999747378752e-05
1107,1.0,0.0006200893549248576,9.999999747378752e-05
1108,1.0,0.000425111036747694,9.999999747378752e-05
1109,1.0,0.0009744591079652309,9.999999747378752e-05
1110,1.0,0.0007244469015859067,9.999999747378752e-05
1111,1.0,0.0008165472536347806,9.999999747378752e-05
1112,1.0,0.00047530996380373836,9.999999747378752e-05
1113,1.0,0.000478682282846421,9.999999747378752e-05
1114,1.0,0.000847883231472224,9.999999747378752e-05
1115,1.0,0.0007277693948708475,9.999999747378752e-05
1116,1.0,0.0004789730010088533,9.999999747378752e-05
1117,1.0,0.0005253513227216899,9.999999747378752e-05
1118,1.0,0.0005679468158632517,9.999999747378752e-05
1119,1.0,0.0005398500361479819,9.999999747378752e-05
1120,1.0,0.0009930274682119489,9.999999747378752e-05
1121,1.0,0.0010756761766970158,9.999999747378752e-05
1122,1.0,0.0008173249079845846,9.999999747378752e-05
1123,0.9994444251060486,0.0018426654860377312,9.999999747378752e-05
1124,1.0,0.001048612641170621,9.999999747378752e-05
1125,1.0,0.0005931777413934469,9.999999747378752e-05
1126,1.0,0.0007469995762221515,9.999999747378752e-05
1127,1.0,0.0006363028078339994,9.999999747378752e-05
1128,1.0,0.0005675933207385242,9.999999747378752e-05
1129,1.0,0.0006064111366868019,9.999999747378752e-05
1130,1.0,0.0005120564601384103,9.999999747378752e-05
1131,1.0,0.0006006512558087707,9.999999747378752e-05
1132,1.0,0.000640737940557301,9.999999747378752e-05
1133,0.9994444251060486,0.0012713526375591755,9.999999747378752e-05
1134,1.0,0.0009107863297685981,9.999999747378752e-05
1135,1.0,0.000774555082898587,9.999999747378752e-05
1136,1.0,0.000890105904545635,9.999999747378752e-05
1137,1.0,0.0006527270888909698,9.999999747378752e-05
1138,1.0,0.0005743628717027605,9.999999747378752e-05
1139,1.0,0.0004352242103777826,9.999999747378752e-05
1140,1.0,0.00048781701480038464,9.999999747378752e-05
1141,1.0,0.0008717630989849567,9.999999747378752e-05
1142,1.0,0.000727160251699388,9.999999747378752e-05
1143,1.0,0.0005254286807030439,9.999999747378752e-05
1144,1.0,0.0005914506036788225,9.999999747378752e-05
1145,1.0,0.0003804607840720564,9.999999747378752e-05
1146,1.0,0.0007379843736998737,9.999999747378752e-05
1147,1.0,0.0005249083624221385,9.999999747378752e-05
1148,1.0,0.0005159775610081851,9.999999747378752e-05
1149,1.0,0.00044434916344471276,9.999999747378752e-05
1150,1.0,0.00047561718383803964,9.999999747378752e-05
1151,1.0,0.000639567500911653,9.999999747378752e-05
1152,1.0,0.0006440444267354906,9.999999747378752e-05
1153,1.0,0.0005877651856280863,9.999999747378752e-05
1154,1.0,0.0006528146914206445,9.999999747378752e-05
1155,1.0,0.0006066177738830447,9.999999747378752e-05
1156,1.0,0.0016660371329635382,9.999999747378752e-05
1157,1.0,0.0009450459619984031,9.999999747378752e-05
1158,1.0,0.0006264644907787442,9.999999747378752e-05
1159,1.0,0.0004839945468120277,9.999999747378752e-05
1160,1.0,0.0004649275215342641,9.999999747378752e-05
1161,0.9988889098167419,0.0037078331224620342,9.999999747378752e-05
1162,1.0,0.0011397183407098055,9.999999747378752e-05
1163,1.0,0.0005585986655205488,9.999999747378752e-05
1164,1.0,0.0005630312953144312,9.999999747378752e-05
1165,1.0,0.00061762984842062,9.999999747378752e-05
1166,1.0,0.0003847465559374541,9.999999747378752e-05
1167,1.0,0.0005117122200317681,9.999999747378752e-05
1168,1.0,0.0010150044690817595,9.999999747378752e-05
1169,1.0,0.0006318659870885313,9.999999747378752e-05
1170,1.0,0.0005957126850262284,9.999999747378752e-05
1171,1.0,0.0005473133642226458,9.999999747378752e-05
1172,1.0,0.0005789563874714077,9.999999747378752e-05
1173,1.0,0.0009484778274782002,9.999999747378752e-05
1174,1.0,0.0006157009047456086,9.999999747378752e-05
1175,1.0,0.0006006642361171544,9.999999747378752e-05
1176,1.0,0.0005337008042261004,9.999999747378752e-05
1177,1.0,0.0003846314502879977,9.999999747378752e-05
1178,1.0,0.00039011944318190217,9.999999747378752e-05
1179,1.0,0.000398347299778834,9.999999747378752e-05
1180,1.0,0.0010085200192406774,9.999999747378752e-05
1181,0.9994444251060486,0.0013670773478224874,9.999999747378752e-05
1182,1.0,0.0008127043256536126,9.999999747378752e-05
1183,1.0,0.0008278622990474105,9.999999747378752e-05
1184,1.0,0.00044039750355295837,9.999999747378752e-05
1185,1.0,0.0004894676385447383,9.999999747378752e-05
1186,1.0,0.0008008108707144856,9.999999747378752e-05
1187,1.0,0.0006768068415112793,9.999999747378752e-05
1188,1.0,0.000532958481926471,9.999999747378752e-05
1189,1.0,0.0005173611571080983,9.999999747378752e-05
1190,1.0,0.0005270318943075836,9.999999747378752e-05
1191,1.0,0.0009209976415149868,9.999999747378752e-05
1192,1.0,0.0005401390371844172,9.999999747378752e-05
1193,1.0,0.0005201313178986311,9.999999747378752e-05
1194,1.0,0.0006045136251486838,9.999999747378752e-05
1195,1.0,0.0005129803321324289,9.999999747378752e-05
1196,1.0,0.000474607921205461,9.999999747378752e-05
1197,1.0,0.000509156845510006,9.999999747378752e-05
1198,1.0,0.0004938443889841437,9.999999747378752e-05
1199,1.0,0.000568878254853189,9.999999747378752e-05
1200,1.0,0.000668824533931911,9.999999747378752e-05
1201,0.9994444251060486,0.0016192297916859388,9.999999747378752e-05
1202,1.0,0.0006261501112021506,9.999999747378752e-05
1203,1.0,0.0009678017231635749,9.999999747378752e-05
1204,0.9994444251060486,0.001594311441294849,9.999999747378752e-05
1205,0.9994444251060486,0.0014769902918487787,9.999999747378752e-05
1206,1.0,0.0004933130694553256,9.999999747378752e-05
1207,1.0,0.0006723045371472836,9.999999747378752e-05
1208,1.0,0.0005127537297084928,9.999999747378752e-05
1209,1.0,0.0005010747699998319,9.999999747378752e-05
1210,1.0,0.00045766515540890396,9.999999747378752e-05
1211,1.0,0.00037573566078208387,9.999999747378752e-05
1212,1.0,0.00043257736251689494,9.999999747378752e-05
1213,1.0,0.0004924051463603973,9.999999747378752e-05
1214,1.0,0.0005233715055510402,9.999999747378752e-05
1215,1.0,0.0003622176591306925,9.999999747378752e-05
1216,1.0,0.0004007842217106372,9.999999747378752e-05
1217,1.0,0.0005962160648778081,9.999999747378752e-05
1218,1.0,0.0005449450691230595,9.999999747378752e-05
1219,1.0,0.0005856276256963611,9.999999747378752e-05
1220,1.0,0.0004939103964716196,9.999999747378752e-05
1221,1.0,0.0005592851084657013,9.999999747378752e-05
1222,1.0,0.0005606728373095393,9.999999747378752e-05
1223,1.0,0.0005312114371918142,9.999999747378752e-05
1224,1.0,0.00048365729162469506,9.999999747378752e-05
1225,1.0,0.0004081213555764407,9.999999747378752e-05
1226,1.0,0.000411196582717821,9.999999747378752e-05
1227,1.0,0.00046508462401106954,9.999999747378752e-05
1228,1.0,0.00038648350164294243,9.999999747378752e-05
1229,1.0,0.0005360817303881049,9.999999747378752e-05
1230,1.0,0.0006073617259971797,9.999999747378752e-05
1231,1.0,0.0005022100522182882,9.999999747378752e-05
1232,1.0,0.0006491292151622474,9.999999747378752e-05
1233,1.0,0.00040301663102582097,9.999999747378752e-05
1234,1.0,0.00044670270290225744,9.999999747378752e-05
1235,1.0,0.0009226658730767667,9.999999747378752e-05
1236,1.0,0.0008882878464646637,9.999999747378752e-05
1237,1.0,0.0006736780051141977,9.999999747378752e-05
1238,1.0,0.0006271763704717159,9.999999747378752e-05
1239,1.0,0.0005651405663229525,9.999999747378752e-05
1240,1.0,0.0005197007558308542,9.999999747378752e-05
1241,1.0,0.00044336047722026706,9.999999747378752e-05
1242,1.0,0.0003229224239476025,9.999999747378752e-05
1243,1.0,0.0004890878917649388,9.999999747378752e-05
1244,1.0,0.0008000038214959204,9.999999747378752e-05
1245,1.0,0.0011189092183485627,9.999999747378752e-05
1246,1.0,0.0007693662773817778,9.999999747378752e-05
1247,1.0,0.0009402520954608917,9.999999747378752e-05
1248,1.0,0.0005657016299664974,9.999999747378752e-05
1249,1.0,0.00045163524919189513,9.999999747378752e-05
1250,1.0,0.0005427172873169184,9.999999747378752e-05
1251,1.0,0.0008110373164527118,9.999999747378752e-05
1252,1.0,0.0008023270638659596,9.999999747378752e-05
1253,1.0,0.0008259036112576723,9.999999747378752e-05
1254,1.0,0.0006953099509701133,9.999999747378752e-05
1255,1.0,0.0004655530792661011,9.999999747378752e-05
1256,1.0,0.000776117027271539,9.999999747378752e-05
1257,1.0,0.0004305310139898211,9.999999747378752e-05
1258,1.0,0.0005261667538434267,9.999999747378752e-05
1259,1.0,0.0008798126946203411,9.999999747378752e-05
1260,1.0,0.0005331066204234958,9.999999747378752e-05
1261,1.0,0.000617876707110554,9.999999747378752e-05
1262,1.0,0.0005835523479618132,9.999999747378752e-05
1263,1.0,0.0004311468219384551,9.999999747378752e-05
1264,1.0,0.0005233801784925163,9.999999747378752e-05
1265,1.0,0.00044759776210412383,9.999999747378752e-05
1266,1.0,0.0003956932050641626,9.999999747378752e-05
1267,1.0,0.00043329308391548693,9.999999747378752e-05
1268,1.0,0.0004352426331024617,9.999999747378752e-05
1269,1.0,0.00039019749965518713,9.999999747378752e-05
1270,1.0,0.0009768756572157145,9.999999747378752e-05
1271,1.0,0.00047172789345495403,9.999999747378752e-05
1272,1.0,0.0003718823427334428,9.999999747378752e-05
1273,1.0,0.0004758469294756651,9.999999747378752e-05
1274,1.0,0.00041228707414120436,9.999999747378752e-05
1275,1.0,0.0003590637061279267,9.999999747378752e-05
1276,1.0,0.0004396110016386956,9.999999747378752e-05
1277,1.0,0.0007210450130514801,9.999999747378752e-05
1278,1.0,0.0004661541315726936,9.999999747378752e-05
1279,1.0,0.0004025081580039114,9.999999747378752e-05
1280,1.0,0.0004868317337241024,9.999999747378752e-05
1281,1.0,0.0005276868469081819,9.999999747378752e-05
1282,1.0,0.000516009284183383,9.999999747378752e-05
1283,1.0,0.0007545447442680597,9.999999747378752e-05
1284,1.0,0.00044006085954606533,9.999999747378752e-05
1285,1.0,0.0004516073677223176,9.999999747378752e-05
1286,1.0,0.00041380259790457785,9.999999747378752e-05
1287,1.0,0.0007146192365325987,9.999999747378752e-05
1288,1.0,0.0008937614038586617,9.999999747378752e-05
1289,1.0,0.0005196240381337702,9.999999747378752e-05
1290,1.0,0.00047206730232574046,9.999999747378752e-05
1291,1.0,0.00044975735363550484,9.999999747378752e-05
1292,1.0,0.0005366358091123402,9.999999747378752e-05
1293,1.0,0.0006606742390431464,9.999999747378752e-05
1294,1.0,0.0003727761213667691,9.999999747378752e-05
1295,1.0,0.0008120278944261372,9.999999747378752e-05
1296,1.0,0.00047010439448058605,9.999999747378752e-05
1297,1.0,0.00045221319305710495,9.999999747378752e-05
1298,1.0,0.0005340626812539995,9.999999747378752e-05
1299,1.0,0.000519351102411747,9.999999747378752e-05
1300,1.0,0.00037478774902410805,9.999999747378752e-05
1301,1.0,0.0004955337499268353,9.999999747378752e-05
1302,1.0,0.0005055059446021914,9.999999747378752e-05
1303,1.0,0.000949439883697778,9.999999747378752e-05
1304,1.0,0.0005957709508948028,9.999999747378752e-05
1305,1.0,0.000469192280434072,9.999999747378752e-05
1306,1.0,0.0004179940733592957,9.999999747378752e-05
1307,1.0,0.0008011191384866834,9.999999747378752e-05
1308,1.0,0.00047914611059240997,9.999999747378752e-05
1309,1.0,0.000794057734310627,9.999999747378752e-05
1310,1.0,0.000995389767922461,9.999999747378752e-05
1311,1.0,0.0006301490357145667,9.999999747378752e-05
1312,1.0,0.0007602814002893865,9.999999747378752e-05
1313,1.0,0.00043524769716896117,9.999999747378752e-05
1314,1.0,0.0004721627337858081,9.999999747378752e-05
1315,1.0,0.0005314042791724205,9.999999747378752e-05
1316,1.0,0.00039747401024214923,9.999999747378752e-05
1317,1.0,0.0006321020773611963,9.999999747378752e-05
1318,1.0,0.0004820289323106408,9.999999747378752e-05
1319,1.0,0.00045638284063898027,9.999999747378752e-05
1320,1.0,0.0004927932168357074,9.999999747378752e-05
1321,1.0,0.0003879119176417589,9.999999747378752e-05
1322,1.0,0.00035277509596198797,9.999999747378752e-05
1323,1.0,0.00041281653102487326,9.999999747378752e-05
1324,1.0,0.0007960261427797377,9.999999747378752e-05
1325,1.0,0.00042573941755108535,9.999999747378752e-05
1326,1.0,0.0004623532004188746,9.999999747378752e-05
1327,1.0,0.0004017608589492738,9.999999747378752e-05
1328,1.0,0.0007235119119286537,9.999999747378752e-05
1329,1.0,0.0004412553971633315,9.999999747378752e-05
1330,1.0,0.00028360943542793393,9.999999747378752e-05
1331,1.0,0.00046883331378921866,9.999999747378752e-05
1332,1.0,0.0005321522476151586,9.999999747378752e-05
1333,1.0,0.0005039776442572474,9.999999747378752e-05
1334,1.0,0.0005899043753743172,9.999999747378752e-05
1335,1.0,0.00042310357093811035,9.999999747378752e-05
1336,1.0,0.001093577709980309,9.999999747378752e-05
1337,1.0,0.0013111780863255262,9.999999747378752e-05
1338,1.0,0.0010030672419816256,9.999999747378752e-05
1339,1.0,0.00048805397818796337,9.999999747378752e-05
1340,1.0,0.000427776831202209,9.999999747378752e-05
1341,1.0,0.0003963694325648248,9.999999747378752e-05
1342,1.0,0.0004899784689769149,9.999999747378752e-05
1343,1.0,0.0005012257024645805,9.999999747378752e-05
1344,1.0,0.0003564833605196327,9.999999747378752e-05
1345,1.0,0.00044217437971383333,9.999999747378752e-05
1346,1.0,0.000656631775200367,9.999999747378752e-05
1347,1.0,0.00035768881207332015,9.999999747378752e-05
1348,1.0,0.0003006725455634296,9.999999747378752e-05
1349,1.0,0.0004761205054819584,9.999999747378752e-05
1350,1.0,0.00035760601167567074,9.999999747378752e-05
1351,1.0,0.0003888953651767224,9.999999747378752e-05
1352,1.0,0.00035711858072318137,9.999999747378752e-05
1353,1.0,0.0004104608087800443,9.999999747378752e-05
1354,1.0,0.0003973722050432116,9.999999747378752e-05
1355,1.0,0.0003692633763421327,9.999999747378752e-05
1356,1.0,0.0003329995379317552,9.999999747378752e-05
1357,1.0,0.00036525120958685875,9.999999747378752e-05
1358,1.0,0.00039684801595285535,9.999999747378752e-05
1359,1.0,0.00044126177090220153,9.999999747378752e-05
1360,1.0,0.0005718307802453637,9.999999747378752e-05
1361,1.0,0.0004450858396012336,9.999999747378752e-05
1362,1.0,0.0003495178243611008,9.999999747378752e-05
1363,1.0,0.00033995293779298663,9.999999747378752e-05
1364,1.0,0.0006677689962089062,9.999999747378752e-05
1365,0.9988889098167419,0.0018847566097974777,9.999999747378752e-05
1366,1.0,0.0010739198187366128,9.999999747378752e-05
1367,1.0,0.000403399026254192,9.999999747378752e-05
1368,1.0,0.0005626954371109605,9.999999747378752e-05
1369,1.0,0.0005628615035675466,9.999999747378752e-05
1370,1.0,0.0009752862970344722,9.999999747378752e-05
1371,1.0,0.0004907282418571413,9.999999747378752e-05
1372,1.0,0.0007275121170096099,9.999999747378752e-05
1373,1.0,0.0006925237830728292,9.999999747378752e-05
1374,1.0,0.00046711351023986936,9.999999747378752e-05
1375,1.0,0.0003666170232463628,9.999999747378752e-05
1376,1.0,0.00036571489181369543,9.999999747378752e-05
1377,1.0,0.0004003615176770836,9.999999747378752e-05
1378,1.0,0.0004784854536410421,9.999999747378752e-05
1379,1.0,0.00039866563747636974,9.999999747378752e-05
1380,1.0,0.0003156016464345157,9.999999747378752e-05
1381,1.0,0.0003702028188854456,9.999999747378752e-05
1382,1.0,0.0002925567969214171,9.999999747378752e-05
1383,1.0,0.0005635548150166869,9.999999747378752e-05
1384,1.0,0.0003412182559259236,9.999999747378752e-05
1385,1.0,0.00043314878712408245,9.999999747378752e-05
1386,1.0,0.00035204755840823054,9.999999747378752e-05
1387,1.0,0.0004371308023110032,9.999999747378752e-05
1388,1.0,0.00035753287374973297,9.999999747378752e-05
1389,1.0,0.00034212684840895236,9.999999747378752e-05
1390,1.0,0.0003607631369959563,9.999999747378752e-05
1391,1.0,0.000253643054747954,9.999999747378752e-05
1392,1.0,0.0005622790195047855,9.999999747378752e-05
1393,1.0,0.0008601397275924683,9.999999747378752e-05
1394,1.0,0.0005819658981636167,9.999999747378752e-05
1395,1.0,0.00034090824192389846,9.999999747378752e-05
1396,1.0,0.00046843450400047004,9.999999747378752e-05
1397,1.0,0.00033721307408995926,9.999999747378752e-05
1398,1.0,0.00035027333069592714,9.999999747378752e-05
1399,1.0,0.00023094777134247124,9.999999747378752e-05
1400,1.0,0.0004400014004204422,9.999999747378752e-05
1401,1.0,0.0003326081787236035,9.999999747378752e-05
1402,1.0,0.00028941346681676805,9.999999747378752e-05
1403,1.0,0.0003918058064300567,9.999999747378752e-05
1404,1.0,0.0003728994051925838,9.999999747378752e-05
1405,1.0,0.0003202440566383302,9.999999747378752e-05
1406,1.0,0.0003495968703646213,9.999999747378752e-05
1407,1.0,0.0003103669441770762,9.999999747378752e-05
1408,1.0,0.0005892100743949413,9.999999747378752e-05
1409,1.0,0.0006780550465919077,9.999999747378752e-05
1410,1.0,0.0006239036447368562,9.999999747378752e-05
1411,1.0,0.00046311705955304205,9.999999747378752e-05
1412,1.0,0.0003436116094235331,9.999999747378752e-05
1413,1.0,0.0003102939226664603,9.999999747378752e-05
1414,1.0,0.0002677098964340985,9.999999747378752e-05
1415,1.0,0.0002993385132867843,9.999999747378752e-05
1416,1.0,0.00037532561691477895,9.999999747378752e-05
1417,0.9994444251060486,0.0022534646559506655,9.999999747378752e-05
1418,1.0,0.0015012860530987382,9.999999747378752e-05
1419,1.0,0.00038080726517364383,9.999999747378752e-05
1420,1.0,0.00040976551827043295,9.999999747378752e-05
1421,1.0,0.0002567550109233707,9.999999747378752e-05
1422,1.0,0.0003912663378287107,9.999999747378752e-05
1423,1.0,0.0005761009524576366,9.999999747378752e-05
1424,1.0,0.000594037352129817,9.999999747378752e-05
1425,0.9988889098167419,0.003195927245542407,9.999999747378752e-05
1426,1.0,0.000643025035969913,9.999999747378752e-05
1427,1.0,0.0004936629557050765,9.999999747378752e-05
1428,1.0,0.00038207662873901427,9.999999747378752e-05
1429,1.0,0.0004535772022791207,9.999999747378752e-05
1430,1.0,0.0004533955652732402,9.999999747378752e-05
1431,1.0,0.0003135258157271892,9.999999747378752e-05
1432,1.0,0.00030076559050939977,9.999999747378752e-05
1433,1.0,0.0003050743544008583,9.999999747378752e-05
1434,1.0,0.0007986807613633573,9.999999747378752e-05
1435,1.0,0.0003524484927766025,9.999999747378752e-05
1436,1.0,0.0003750422620214522,9.999999747378752e-05
1437,1.0,0.00038526084972545505,9.999999747378752e-05
1438,1.0,0.0003992407873738557,9.999999747378752e-05
1439,1.0,0.0008113531512208283,9.999999747378752e-05
1440,1.0,0.000414071575505659,9.999999747378752e-05
1441,1.0,0.0002951722126454115,9.999999747378752e-05
1442,1.0,0.00035405304515734315,9.999999747378752e-05
1443,1.0,0.00025031829136423767,9.999999747378752e-05
1444,1.0,0.00032408061088062823,9.999999747378752e-05
1445,1.0,0.000315745739499107,9.999999747378752e-05
1446,1.0,0.00032914557959884405,9.999999747378752e-05
1447,1.0,0.0002743109653238207,9.999999747378752e-05
1448,1.0,0.00023209892970044166,9.999999747378752e-05
1449,1.0,0.0004181019903626293,9.999999747378752e-05
1450,1.0,0.00026583901490084827,9.999999747378752e-05
1451,1.0,0.00044837043969891965,9.999999747378752e-05
1452,0.9988889098167419,0.001988349948078394,9.999999747378752e-05
1453,1.0,0.0006851317593827844,9.999999747378752e-05
1454,1.0,0.0005420192610472441,9.999999747378752e-05
1455,1.0,0.000619682774413377,9.999999747378752e-05
1456,1.0,0.00042239855974912643,9.999999747378752e-05
1457,1.0,0.0003160833439324051,9.999999747378752e-05
1458,1.0,0.0003893757238984108,9.999999747378752e-05
1459,1.0,0.0003198036574758589,9.999999747378752e-05
1460,1.0,0.0003259657241869718,9.999999747378752e-05
1461,1.0,0.00024676122120581567,9.999999747378752e-05
1462,1.0,0.00024577093427069485,9.999999747378752e-05
1463,1.0,0.0003027740167453885,9.999999747378752e-05
1464,1.0,0.0002656143333297223,9.999999747378752e-05
1465,1.0,0.00039573051617480814,9.999999747378752e-05
1466,1.0,0.00040445965714752674,9.999999747378752e-05
1467,1.0,0.0003374343505129218,9.999999747378752e-05
1468,1.0,0.00030652640271000564,9.999999747378752e-05
1469,1.0,0.0004227523459121585,9.999999747378752e-05
1470,1.0,0.0003392436483409256,9.999999747378752e-05
1471,1.0,0.0003585627709981054,9.999999747378752e-05
1472,0.9994444251060486,0.0013825083151459694,9.999999747378752e-05
1473,1.0,0.0005276589654386044,9.999999747378752e-05
1474,1.0,0.00031892259721644223,9.999999747378752e-05
1475,1.0,0.00033927959157153964,9.999999747378752e-05
1476,1.0,0.00030440016416832805,9.999999747378752e-05
1477,1.0,0.00027703557861968875,9.999999747378752e-05
1478,1.0,0.00028975456370972097,9.999999747378752e-05
1479,1.0,0.0002723299548961222,9.999999747378752e-05
1480,1.0,0.00023387464170809835,9.999999747378752e-05
1481,1.0,0.000536579464096576,9.999999747378752e-05
1482,1.0,0.00042688194662332535,9.999999747378752e-05
1483,1.0,0.00029537538648582995,9.999999747378752e-05
1484,1.0,0.0002602586173452437,9.999999747378752e-05
1485,1.0,0.000324649183312431,9.999999747378752e-05
1486,1.0,0.0003096280270256102,9.999999747378752e-05
1487,1.0,0.00029047002317383885,9.999999747378752e-05
1488,1.0,0.0003332743945065886,9.999999747378752e-05
1489,1.0,0.0007010191911831498,9.999999747378752e-05
1490,1.0,0.0005276123993098736,9.999999747378752e-05
1491,1.0,0.00047503141104243696,9.999999747378752e-05
1492,1.0,0.00031816985574550927,9.999999747378752e-05
1493,1.0,0.00043093928252346814,9.999999747378752e-05
1494,1.0,0.00044879750930704176,9.999999747378752e-05
1495,1.0,0.00040462453034706414,9.999999747378752e-05
1496,1.0,0.0004283922608010471,9.999999747378752e-05
1497,1.0,0.0003971934784203768,9.999999747378752e-05
1498,1.0,0.0003670216246973723,9.999999747378752e-05
1499,1.0,0.00045235134894028306,9.999999747378752e-05
1500,1.0,0.0006108077359385788,9.999999747378752e-05
1501,1.0,0.00030277547193691134,9.999999747378752e-05
1502,1.0,0.0003429951029829681,9.999999747378752e-05
1503,1.0,0.0002778469934128225,9.999999747378752e-05
1504,1.0,0.00024712318554520607,9.999999747378752e-05
1505,1.0,0.00035359084722585976,9.999999747378752e-05
1506,1.0,0.000403232203098014,9.999999747378752e-05
1507,1.0,0.00023089325986802578,9.999999747378752e-05
1508,1.0,0.00029779208125546575,9.999999747378752e-05
1509,1.0,0.0002472489723004401,9.999999747378752e-05
1510,1.0,0.0003410516947042197,9.999999747378752e-05
1511,1.0,0.00028835938428528607,9.999999747378752e-05
1512,1.0,0.0003551877161953598,9.999999747378752e-05
1513,0.9994444251060486,0.000886682013515383,9.999999747378752e-05
1514,1.0,0.000689835986122489,9.999999747378752e-05
1515,1.0,0.0005147170159034431,9.999999747378752e-05
1516,1.0,0.00040178318158723414,9.999999747378752e-05
1517,1.0,0.0004964504041709006,9.999999747378752e-05
1518,1.0,0.0002830299490597099,9.999999747378752e-05
1519,1.0,0.00028031246620230377,9.999999747378752e-05
1520,1.0,0.00026207725750282407,9.999999747378752e-05
1521,1.0,0.0003876683476846665,9.999999747378752e-05
1522,1.0,0.00048165954649448395,9.999999747378752e-05
1523,1.0,0.0005822269595228136,9.999999747378752e-05
1524,1.0,0.00035248571657575667,9.999999747378752e-05
1525,1.0,0.0003032204695045948,9.999999747378752e-05
1526,1.0,0.001583414152264595,9.999999747378752e-05
1527,1.0,0.0003937787259928882,9.999999747378752e-05
1528,1.0,0.0006431284709833562,9.999999747378752e-05
1529,1.0,0.0006319563835859299,9.999999747378752e-05
1530,0.9983333349227905,0.002452170941978693,9.999999747378752e-05
1531,1.0,0.00042726012179628015,9.999999747378752e-05
1532,1.0,0.00032745071803219616,9.999999747378752e-05
1533,1.0,0.0003468831710051745,9.999999747378752e-05
1534,1.0,0.00033446625457145274,9.999999747378752e-05
1535,1.0,0.0002829498262144625,9.999999747378752e-05
1536,1.0,0.0003924350021407008,9.999999747378752e-05
1537,1.0,0.00033955005346797407,9.999999747378752e-05
1538,1.0,0.0002638267760630697,9.999999747378752e-05
1539,1.0,0.0003185159293934703,9.999999747378752e-05
1540,1.0,0.00023039698135107756,9.999999747378752e-05
1541,1.0,0.0003558336466085166,9.999999747378752e-05
1542,1.0,0.0002806362172123045,9.999999747378752e-05
1543,1.0,0.00030413822969421744,9.999999747378752e-05
1544,1.0,0.000223768045543693,9.999999747378752e-05
1545,1.0,0.00025823721080087125,9.999999747378752e-05
1546,1.0,0.0003025652840733528,9.999999747378752e-05
1547,1.0,0.00033218495082110167,9.999999747378752e-05
1548,1.0,0.0002919051330536604,9.999999747378752e-05
1549,1.0,0.0003103787312284112,9.999999747378752e-05
1550,1.0,0.00031096747261472046,9.999999747378752e-05
1551,1.0,0.0003116983862128109,9.999999747378752e-05
1552,1.0,0.00045983499148860574,9.999999747378752e-05
1553,1.0,0.00034725284785963595,9.999999747378752e-05
1554,1.0,0.0005871355533599854,9.999999747378752e-05
1555,1.0,0.00024496816331520677,9.999999747378752e-05
1556,1.0,0.00036434922367334366,9.999999747378752e-05
1557,1.0,0.0002553910599090159,9.999999747378752e-05
1558,1.0,0.0004060410719830543,9.999999747378752e-05
1559,1.0,0.0003362053248565644,9.999999747378752e-05
1560,1.0,0.0004425948136486113,9.999999747378752e-05
1561,1.0,0.00029654279933311045,9.999999747378752e-05
1562,1.0,0.0002331726427655667,9.999999747378752e-05
1563,1.0,0.0006965104839764535,9.999999747378752e-05
1564,1.0,0.0005741002969443798,9.999999747378752e-05
1565,1.0,0.0006006762268953025,9.999999747378752e-05
1566,1.0,0.0004156953073106706,9.999999747378752e-05
1567,1.0,0.000317275058478117,9.999999747378752e-05
1568,1.0,0.0002455484645906836,9.999999747378752e-05
1569,1.0,0.00020483705156948417,9.999999747378752e-05
1570,1.0,0.00029313346021808684,9.999999747378752e-05
1571,1.0,0.0002915198274422437,9.999999747378752e-05
1572,1.0,0.0002501702110748738,9.999999747378752e-05
1573,1.0,0.0003020988660864532,9.999999747378752e-05
1574,1.0,0.00023012135352473706,9.999999747378752e-05
1575,1.0,0.00022320091375149786,9.999999747378752e-05
1576,1.0,0.00020526185107883066,9.999999747378752e-05
1577,1.0,0.00024259858764708042,9.999999747378752e-05
1578,1.0,0.000271742173936218,9.999999747378752e-05
1579,1.0,0.0002390376612311229,9.999999747378752e-05
1580,1.0,0.00038189528277143836,9.999999747378752e-05
1581,1.0,0.00022135689505375922,9.999999747378752e-05
1582,1.0,0.0003344348515383899,9.999999747378752e-05
1583,1.0,0.0007748584030196071,9.999999747378752e-05
1584,1.0,0.0002691960835363716,9.999999747378752e-05
1585,1.0,0.0005770886200480163,9.999999747378752e-05
1586,1.0,0.0003480321611277759,9.999999747378752e-05
1587,1.0,0.0004880418418906629,9.999999747378752e-05
1588,1.0,0.00023400418285746127,9.999999747378752e-05
1589,1.0,0.00023127092572394758,9.999999747378752e-05
1590,1.0,0.00029552337946370244,9.999999747378752e-05
1591,1.0,0.0002777922200039029,9.999999747378752e-05
1592,1.0,0.0004655415832530707,9.999999747378752e-05
1593,1.0,0.0003098178713116795,9.999999747378752e-05
1594,1.0,0.00032226412440650165,9.999999747378752e-05
1595,1.0,0.00023096079530660063,9.999999747378752e-05
1596,1.0,0.00022529800480697304,9.999999747378752e-05
1597,1.0,0.00032821870991028845,9.999999747378752e-05
1598,1.0,0.0003181577776558697,9.999999747378752e-05
1599,1.0,0.001042181276716292,9.999999747378752e-05
1600,1.0,0.00032567375455982983,9.999999747378752e-05
1601,1.0,0.00029723820625804365,9.999999747378752e-05
1602,1.0,0.00024853352806530893,9.999999747378752e-05
1603,1.0,0.0003443212772253901,9.999999747378752e-05
1604,1.0,0.0002876988728530705,9.999999747378752e-05
1605,1.0,0.00019195544882677495,9.999999747378752e-05
1606,1.0,0.00023114276700653136,9.999999747378752e-05
1607,1.0,0.00020899027003906667,9.999999747378752e-05
1608,1.0,0.00024056002439465374,9.999999747378752e-05
1609,1.0,0.0004082578525412828,9.999999747378752e-05
1610,1.0,0.0005108596524223685,9.999999747378752e-05
1611,1.0,0.00031132056028582156,9.999999747378752e-05
1612,1.0,0.00034844951005652547,9.999999747378752e-05
1613,1.0,0.0007056657923385501,9.999999747378752e-05
1614,1.0,0.0005053985514678061,9.999999747378752e-05
1615,1.0,0.00029547829763032496,9.999999747378752e-05
1616,1.0,0.0002094229857902974,9.999999747378752e-05
1617,1.0,0.00024098186986520886,9.999999747378752e-05
1618,1.0,0.0002341198269277811,9.999999747378752e-05
1619,1.0,0.0002666539803612977,9.999999747378752e-05
1620,1.0,0.00033767655258998275,9.999999747378752e-05
1621,1.0,0.0003223544918000698,9.999999747378752e-05
1622,1.0,0.00029362543136812747,9.999999747378752e-05
1623,1.0,0.0003288155421614647,9.999999747378752e-05
1624,1.0,0.00021544890478253365,9.999999747378752e-05
1625,1.0,0.00029689609073102474,9.999999747378752e-05
1626,1.0,0.00027954415418207645,9.999999747378752e-05
1627,1.0,0.00026475623599253595,9.999999747378752e-05
1628,1.0,0.00021595733414869756,9.999999747378752e-05
1629,1.0,0.0002310857962584123,9.999999747378752e-05
1630,1.0,0.00015382685523945838,9.999999747378752e-05
1631,1.0,0.00023337190214078873,9.999999747378752e-05
1632,1.0,0.0003670738369692117,9.999999747378752e-05
1633,1.0,0.0007902254583314061,9.999999747378752e-05
1634,1.0,0.0006599525804631412,9.999999747378752e-05
1635,1.0,0.0003499253070913255,9.999999747378752e-05
1636,1.0,0.0003936220018658787,9.999999747378752e-05
1637,1.0,0.0004617794475052506,9.999999747378752e-05
1638,1.0,0.00035774210118688643,9.999999747378752e-05
1639,1.0,0.00022159535728860646,9.999999747378752e-05
1640,1.0,0.00038401808706112206,9.999999747378752e-05
1641,0.9977777600288391,0.005503701977431774,9.999999747378752e-05
1642,1.0,0.0014025444397702813,9.999999747378752e-05
1643,1.0,0.000544812239240855,9.999999747378752e-05
1644,1.0,0.0013473775470629334,9.999999747378752e-05
1645,1.0,0.0004961121594533324,9.999999747378752e-05
1646,1.0,0.00032025566906668246,9.999999747378752e-05
1647,1.0,0.00038936868077144027,9.999999747378752e-05
1648,1.0,0.0002663384366314858,9.999999747378752e-05
1649,1.0,0.00040580640779808164,9.999999747378752e-05
1650,1.0,0.0003220770740881562,9.999999747378752e-05
1651,1.0,0.00024563970509916544,9.999999747378752e-05
1652,1.0,0.00022764489403925836,9.999999747378752e-05
1653,1.0,0.0002551034849602729,9.999999747378752e-05
1654,1.0,0.0002537789987400174,9.999999747378752e-05
1655,1.0,0.0005409416044130921,9.999999747378752e-05
1656,1.0,0.000957610085606575,9.999999747378752e-05
1657,1.0,0.00047489715507254004,9.999999747378752e-05
1658,1.0,0.00028852379182353616,9.999999747378752e-05
1659,1.0,0.00027016480453312397,9.999999747378752e-05
1660,1.0,0.0002601878368295729,9.999999747378752e-05
1661,1.0,0.0005842020618729293,9.999999747378752e-05
1662,1.0,0.0004298533604014665,9.999999747378752e-05
1663,1.0,0.00028369721258059144,9.999999747378752e-05
1664,1.0,0.00024916103575378656,9.999999747378752e-05
1665,1.0,0.00022225180873647332,9.999999747378752e-05
1666,1.0,0.0004136155766900629,9.999999747378752e-05
1667,1.0,0.0006312362384051085,9.999999747378752e-05
1668,1.0,0.00024893859517760575,9.999999747378752e-05
1669,1.0,0.0005766414105892181,9.999999747378752e-05
1670,1.0,0.000433253007940948,9.999999747378752e-05
1671,1.0,0.00037165131652727723,9.999999747378752e-05
1672,1.0,0.0004285007598809898,9.999999747378752e-05
1673,1.0,0.00029983444255776703,9.999999747378752e-05
1674,1.0,0.00029124171123839915,9.999999747378752e-05
1675,1.0,0.0002886363072320819,9.999999747378752e-05
1676,1.0,0.0001605416473466903,9.999999747378752e-05
1677,1.0,0.00024275256146211177,9.999999747378752e-05
1678,1.0,0.00024943106109276414,9.999999747378752e-05
1679,1.0,0.00024122169998008758,9.999999747378752e-05
1680,1.0,0.00020296376897022128,9.999999747378752e-05
1681,1.0,0.0007013995782472193,9.999999747378752e-05
1682,1.0,0.0008069851901382208,9.999999747378752e-05
1683,1.0,0.0002621224266476929,9.999999747378752e-05
1684,1.0,0.0002922982966993004,9.999999747378752e-05
1685,1.0,0.0003571815323084593,9.999999747378752e-05
1686,1.0,0.00024635434965603054,9.999999747378752e-05
1687,1.0,0.00021739288058597594,9.999999747378752e-05
1688,1.0,0.0006690276204608381,9.999999747378752e-05
1689,1.0,0.0002636419958434999,9.999999747378752e-05
1690,1.0,0.00025662017287686467,9.999999747378752e-05
1691,1.0,0.00024174537975341082,9.999999747378752e-05
1692,1.0,0.0004737300332635641,9.999999747378752e-05
1693,0.9994444251060486,0.0017155841924250126,9.999999747378752e-05
1694,0.9994444251060486,0.0020471548195928335,9.999999747378752e-05
1695,1.0,0.00047627807362005115,9.999999747378752e-05
1696,1.0,0.0006638840422965586,9.999999747378752e-05
1697,1.0,0.00033052306389436126,9.999999747378752e-05
1698,1.0,0.0002849477459676564,9.999999747378752e-05
1699,1.0,0.00022928202815819532,9.999999747378752e-05
1700,1.0,0.00026526983128860593,9.999999747378752e-05
1701,1.0,0.0002966556348837912,9.999999747378752e-05
1702,1.0,0.0002725094964262098,9.999999747378752e-05
1703,1.0,0.00020198435231577605,9.999999747378752e-05
1704,1.0,0.0002170856314478442,9.999999747378752e-05
1705,1.0,0.00022448210802394897,9.999999747378752e-05
1706,1.0,0.0002533002116251737,9.999999747378752e-05
1707,1.0,0.00026960737886838615,9.999999747378752e-05
1708,1.0,0.00016347796190530062,9.999999747378752e-05
1709,1.0,0.0002074926160275936,9.999999747378752e-05
1710,1.0,0.00023211805091705173,9.999999747378752e-05
1711,1.0,0.00019095258903689682,9.999999747378752e-05
1712,1.0,0.00027258822228759527,9.999999747378752e-05
1713,1.0,0.00016773806419223547,9.999999747378752e-05
1714,1.0,0.0002551544748712331,9.999999747378752e-05
1715,1.0,0.00031085440423339605,9.999999747378752e-05
1716,1.0,0.0002469875034876168,9.999999747378752e-05
1717,1.0,0.000398573640268296,9.999999747378752e-05
1718,1.0,0.0002599692961666733,9.999999747378752e-05
1719,0.9994444251060486,0.0009303783299401402,9.999999747378752e-05
1720,0.9988889098167419,0.002930466551333666,9.999999747378752e-05
1721,1.0,0.0005751829594373703,9.999999747378752e-05
1722,1.0,0.00033029282349161804,9.999999747378752e-05
1723,1.0,0.0003013965906575322,9.999999747378752e-05
1724,1.0,0.00034096703166142106,9.999999747378752e-05
1725,1.0,0.00023722198966424912,9.999999747378752e-05
1726,1.0,0.00023743821657262743,9.999999747378752e-05
1727,1.0,0.0002298279432579875,9.999999747378752e-05
1728,1.0,0.00018322111282031983,9.999999747378752e-05
1729,1.0,0.00021814086358062923,9.999999747378752e-05
1730,1.0,0.00024858146207407117,9.999999747378752e-05
1731,1.0,0.00018236986943520606,9.999999747378752e-05
1732,1.0,0.0001726654008962214,9.999999747378752e-05
1733,1.0,0.00026960772811435163,9.999999747378752e-05
1734,1.0,0.0003141597844660282,9.999999747378752e-05
1735,1.0,0.0002923309220932424,9.999999747378752e-05
1736,1.0,0.0002225927310064435,9.999999747378752e-05
1737,1.0,0.00017904763808473945,9.999999747378752e-05
1738,1.0,0.0001859236799646169,9.999999747378752e-05
1739,1.0,0.0002918863610830158,9.999999747378752e-05
1740,1.0,0.00025185695267282426,9.999999747378752e-05
1741,1.0,0.00022770946088712662,9.999999747378752e-05
1742,1.0,0.00028767483308911324,9.999999747378752e-05
1743,1.0,0.0002653702686075121,9.999999747378752e-05
1744,1.0,0.00022633647313341498,9.999999747378752e-05
1745,1.0,0.00026627862825989723,9.999999747378752e-05
1746,1.0,0.00027608813252300024,9.999999747378752e-05
1747,1.0,0.00019533408340066671,9.999999747378752e-05
1748,1.0,0.0002636665303725749,9.999999747378752e-05
1749,1.0,0.00019150550360791385,9.999999747378752e-05
1750,1.0,0.00022909269318915904,9.999999747378752e-05
1751,1.0,0.0001859805779531598,9.999999747378752e-05
1752,1.0,0.00016580910596530885,9.999999747378752e-05
1753,1.0,0.00021872369688935578,9.999999747378752e-05
1754,1.0,0.00018426065798848867,9.999999747378752e-05
1755,1.0,0.00018035736866295338,9.999999747378752e-05
1756,1.0,0.0003398265689611435,9.999999747378752e-05
1757,1.0,0.00025441692559979856,9.999999747378752e-05
1758,1.0,0.0005933624343015254,9.999999747378752e-05
1759,1.0,0.0005860737874172628,9.999999747378752e-05
1760,1.0,0.0005885587306693196,9.999999747378752e-05
1761,1.0,0.00045911557390354574,9.999999747378752e-05
1762,1.0,0.000236165986279957,9.999999747378752e-05
1763,1.0,0.0006655927281826735,9.999999747378752e-05
1764,1.0,0.0003465934714768082,9.999999747378752e-05
1765,1.0,0.00021494422981049865,9.999999747378752e-05
1766,1.0,0.00020507496083155274,9.999999747378752e-05
1767,1.0,0.00021710405417252332,9.999999747378752e-05
1768,1.0,0.00020995570230297744,9.999999747378752e-05
1769,1.0,0.00025666796136647463,9.999999747378752e-05
1770,1.0,0.00017815946193877608,9.999999747378752e-05
1771,1.0,0.00019069024710915983,9.999999747378752e-05
1772,1.0,0.00018679640197660774,9.999999747378752e-05
1773,1.0,0.00015393491776194423,9.999999747378752e-05
1774,1.0,0.0001699854910839349,9.999999747378752e-05
1775,1.0,0.00019741611322388053,9.999999747378752e-05
1776,1.0,0.00026215158868581057,9.999999747378752e-05
1777,1.0,0.00019007964874617755,9.999999747378752e-05
1778,1.0,0.0006008805939927697,9.999999747378752e-05
1779,1.0,0.00060069136088714,9.999999747378752e-05
1780,1.0,0.00031705471337772906,9.999999747378752e-05
1781,1.0,0.00021326886781025678,9.999999747378752e-05
1782,1.0,0.00018516613636165857,9.999999747378752e-05
1783,1.0,0.0005640914314426482,9.999999747378752e-05
1784,1.0,0.00028016979922540486,9.999999747378752e-05
1785,1.0,0.0001594342029420659,9.999999747378752e-05
1786,1.0,0.0007968457066453993,9.999999747378752e-05
1787,1.0,0.0002820564841385931,9.999999747378752e-05
1788,1.0,0.0003242794773541391,9.999999747378752e-05
1789,1.0,0.000242638896452263,9.999999747378752e-05
1790,1.0,0.0003327396116219461,9.999999747378752e-05
1791,1.0,0.00033493165392428637,9.999999747378752e-05
1792,1.0,0.00022886827355250716,9.999999747378752e-05
1793,1.0,0.00020260752353351563,9.999999747378752e-05
1794,1.0,0.0001957975619006902,9.999999747378752e-05
1795,1.0,0.0003230211150366813,9.999999747378752e-05
1796,1.0,0.00024574805865995586,9.999999747378752e-05
1797,1.0,0.00021739539806731045,9.999999747378752e-05
1798,1.0,0.00022563690436072648,9.999999747378752e-05
1799,1.0,0.00026812945725396276,9.999999747378752e-05
1800,1.0,0.00017524002760183066,9.999999747378752e-05
1801,1.0,0.00023031921591609716,9.999999747378752e-05
1802,1.0,0.0003645198012236506,9.999999747378752e-05
1803,1.0,0.0002279730251757428,9.999999747378752e-05
1804,1.0,0.0002607343776617199,9.999999747378752e-05
1805,1.0,0.00033525205799378455,9.999999747378752e-05
1806,1.0,0.00022611883468925953,9.999999747378752e-05
1807,1.0,0.00020490687165874988,9.999999747378752e-05
1808,1.0,0.0001915870379889384,9.999999747378752e-05
1809,1.0,0.00021935462427791208,9.999999747378752e-05
1810,1.0,0.000368498673196882,9.999999747378752e-05
1811,1.0,0.0002897860831581056,9.999999747378752e-05
1812,0.9994444251060486,0.001606059493497014,9.999999747378752e-05
1813,1.0,0.0005975760286673903,9.999999747378752e-05
1814,1.0,0.00029857258778065443,9.999999747378752e-05
1815,1.0,0.00022517930483445525,9.999999747378752e-05
1816,1.0,0.00027259477064944804,9.999999747378752e-05
1817,1.0,0.00028178762295283377,9.999999747378752e-05
1818,1.0,0.00020918498921673745,9.999999747378752e-05
1819,1.0,0.00021532562095671892,9.999999747378752e-05
1820,1.0,0.0003710043674800545,9.999999747378752e-05
1821,1.0,0.00020437366038095206,9.999999747378752e-05
1822,1.0,0.0003256072523072362,9.999999747378752e-05
1823,1.0,0.0005628853105008602,9.999999747378752e-05
1824,1.0,0.0003901760501321405,9.999999747378752e-05
1825,1.0,0.0002940636477433145,9.999999747378752e-05
1826,1.0,0.00024935483816079795,9.999999747378752e-05
1827,1.0,0.0003122017369605601,9.999999747378752e-05
1828,1.0,0.0002837928768713027,9.999999747378752e-05
1829,1.0,0.0003979424946010113,9.999999747378752e-05
1830,1.0,0.0003014722024090588,9.999999747378752e-05
1831,1.0,0.00019022077322006226,9.999999747378752e-05
1832,1.0,0.0002362634113524109,9.999999747378752e-05
1833,1.0,0.00022356666158884764,9.999999747378752e-05
1834,1.0,0.00022198724036570638,9.999999747378752e-05
1835,1.0,0.00042201922042295337,9.999999747378752e-05
1836,1.0,0.0002420061791781336,9.999999747378752e-05
1837,1.0,0.00014592694060411304,9.999999747378752e-05
1838,1.0,0.00019795897242147475,9.999999747378752e-05
1839,1.0,0.00024247003602795303,9.999999747378752e-05
1840,1.0,0.0003046011843252927,9.999999747378752e-05
1841,1.0,0.00016855570720508695,9.999999747378752e-05
1842,1.0,0.00020242432947270572,9.999999747378752e-05
1843,1.0,0.00015700400399509817,9.999999747378752e-05
1844,1.0,0.0001508651621406898,9.999999747378752e-05
1845,1.0,0.00026790137053467333,9.999999747378752e-05
1846,1.0,0.00021189494873397052,9.999999747378752e-05
1847,1.0,0.0001850863773142919,9.999999747378752e-05
1848,1.0,0.00016152614261955023,9.999999747378752e-05
1849,1.0,0.0002339603379368782,9.999999747378752e-05
1850,1.0,0.0005405652336776257,9.999999747378752e-05
1851,1.0,0.0003335464862175286,9.999999747378752e-05
1852,1.0,0.0001612434716662392,9.999999747378752e-05
1853,1.0,0.00025015941355377436,9.999999747378752e-05
1854,1.0,0.0003431953373365104,9.999999747378752e-05
1855,1.0,0.00021933089010417461,9.999999747378752e-05
1856,1.0,0.00029629108030349016,9.999999747378752e-05
1857,0.9988889098167419,0.0036284024827182293,9.999999747378752e-05
1858,1.0,0.0006362666026689112,9.999999747378752e-05
1859,1.0,0.0002912932832259685,9.999999747378752e-05
1860,1.0,0.0003524850762914866,9.999999747378752e-05
1861,1.0,0.00026048498693853617,9.999999747378752e-05
1862,1.0,0.0002098720578942448,9.999999747378752e-05
1863,1.0,0.00032279841252602637,9.999999747378752e-05
1864,1.0,0.0002504133153706789,9.999999747378752e-05
1865,1.0,0.00020323775243014097,9.999999747378752e-05
1866,1.0,0.0002141541917808354,9.999999747378752e-05
1867,1.0,0.0001852819259511307,9.999999747378752e-05
1868,1.0,0.00021368688612710685,9.999999747378752e-05
1869,1.0,0.00018367137818131596,9.999999747378752e-05
1870,1.0,0.00023043648980092257,9.999999747378752e-05
1871,1.0,0.0001878369803307578,9.999999747378752e-05
1872,1.0,0.00015172148414421827,9.999999747378752e-05
1873,1.0,0.00019000141764990985,9.999999747378752e-05
1874,1.0,0.00013110922009218484,9.999999747378752e-05
1875,1.0,0.00020937918452546,9.999999747378752e-05
1876,1.0,0.00023922001128084958,9.999999747378752e-05
1877,1.0,0.0003344010328873992,9.999999747378752e-05
1878,1.0,0.00016460953338537365,9.999999747378752e-05
1879,1.0,0.0001369105593767017,9.999999747378752e-05
1880,1.0,0.0001727259368635714,9.999999747378752e-05
1881,1.0,0.00016961802612058818,9.999999747378752e-05
1882,1.0,0.00019914095173589885,9.999999747378752e-05
1883,1.0,0.0001634326035855338,9.999999747378752e-05
1884,1.0,0.00016181255341507494,9.999999747378752e-05
1885,1.0,0.000201628208742477,9.999999747378752e-05
1886,1.0,0.00022417159925680608,9.999999747378752e-05
1887,1.0,0.00017237778229173273,9.999999747378752e-05
1888,1.0,0.00017158209811896086,9.999999747378752e-05
1889,1.0,0.0003445895854383707,9.999999747378752e-05
1890,1.0,0.00029848399572074413,9.999999747378752e-05
1891,1.0,0.00017120115808211267,9.999999747378752e-05
1892,1.0,0.0001883650984382257,9.999999747378752e-05
1893,1.0,0.00015493146202061325,9.999999747378752e-05
1894,1.0,0.00022272160276770592,9.999999747378752e-05
1895,1.0,0.0002693219867069274,9.999999747378752e-05
1896,1.0,0.0001817973388824612,9.999999747378752e-05
1897,1.0,0.00019789382349699736,9.999999747378752e-05
1898,1.0,0.0001316157722612843,9.999999747378752e-05
1899,1.0,0.0001966337877092883,9.999999747378752e-05
1900,1.0,0.00018113070109393448,9.999999747378752e-05
1901,1.0,0.00013851594121661037,9.999999747378752e-05
1902,1.0,0.00022141342924442142,9.999999747378752e-05
1903,1.0,0.0002561536675784737,9.999999747378752e-05
1904,1.0,0.0006228976999409497,9.999999747378752e-05
1905,1.0,0.0011045386781916022,9.999999747378752e-05
1906,0.9994444251060486,0.0011670006206259131,9.999999747378752e-05
1907,1.0,0.0005170213407836854,9.999999747378752e-05
1908,1.0,0.0006603042711503804,9.999999747378752e-05
1909,1.0,0.00017696426948532462,9.999999747378752e-05
1910,1.0,0.00021246018877718598,9.999999747378752e-05
1911,1.0,0.00022066100791562349,9.999999747378752e-05
1912,1.0,0.00018250355788040906,9.999999747378752e-05
1913,1.0,0.0001797010627342388,9.999999747378752e-05
1914,1.0,0.00024604573263786733,9.999999747378752e-05
1915,1.0,0.00015288231952581555,9.999999747378752e-05
1916,1.0,0.0002371613954892382,9.999999747378752e-05
1917,1.0,0.0003239041834603995,9.999999747378752e-05
1918,1.0,0.00019971728033851832,9.999999747378752e-05
1919,1.0,0.00025417187134735286,9.999999747378752e-05
1920,1.0,0.0001751948002493009,9.999999747378752e-05
1921,1.0,0.00018849977641366422,9.999999747378752e-05
1922,1.0,0.0001642754505155608,9.999999747378752e-05
1923,1.0,0.00017796721658669412,9.999999747378752e-05
1924,1.0,0.00020645587937906384,9.999999747378752e-05
1925,1.0,0.00018555755377747118,9.999999747378752e-05
1926,1.0,0.0001568792067700997,9.999999747378752e-05
1927,1.0,0.00022283269208855927,9.999999747378752e-05
1928,1.0,0.0002998387790285051,9.999999747378752e-05
1929,1.0,0.0001550616871099919,9.999999747378752e-05
1930,1.0,0.00012826376769226044,9.999999747378752e-05
1931,1.0,0.00016227603191509843,9.999999747378752e-05
1932,1.0,0.00025395318516530097,9.999999747378752e-05
1933,1.0,0.0003262239624746144,9.999999747378752e-05
1934,1.0,0.0001605836150702089,9.999999747378752e-05
1935,1.0,0.00017230407684110105,9.999999747378752e-05
1936,1.0,0.00016633144696243107,9.999999747378752e-05
1937,1.0,0.00027632550336420536,9.999999747378752e-05
1938,1.0,0.00020905838755425066,9.999999747378752e-05
1939,1.0,0.0002167875791201368,9.999999747378752e-05
1940,1.0,0.00017456051136832684,9.999999747378752e-05
1941,1.0,0.000300521613098681,9.999999747378752e-05
1942,1.0,0.00019110275025013834,9.999999747378752e-05
1943,1.0,0.0001798593148123473,9.999999747378752e-05
1944,1.0,0.00021427216415759176,9.999999747378752e-05
1945,1.0,0.00015633735165465623,9.999999747378752e-05
1946,1.0,0.0001568430889165029,9.999999747378752e-05
1947,1.0,0.00014913307677488774,9.999999747378752e-05
1948,1.0,0.00017885096895042807,9.999999747378752e-05
1949,1.0,0.0001413641730323434,9.999999747378752e-05
1950,1.0,0.0003494716656859964,9.999999747378752e-05
1951,1.0,0.00022957731562200934,9.999999747378752e-05
1952,1.0,0.0002518359397072345,9.999999747378752e-05
1953,1.0,0.00019974754832219332,9.999999747378752e-05
1954,1.0,0.00016388863150496036,9.999999747378752e-05
1955,1.0,0.00019618016085587442,9.999999747378752e-05
1956,1.0,0.00023902073735371232,9.999999747378752e-05
1957,1.0,0.00015438553236890584,9.999999747378752e-05
1958,1.0,0.00018495850963518023,9.999999747378752e-05
1959,0.9994444251060486,0.0011353209847584367,9.999999747378752e-05
1960,0.9983333349227905,0.004930176772177219,9.999999747378752e-05
1961,1.0,0.0006168444524519145,9.999999747378752e-05
1962,1.0,0.00021550492965616286,9.999999747378752e-05
1963,1.0,0.00037848440115340054,9.999999747378752e-05
1964,1.0,0.0002674651041161269,9.999999747378752e-05
1965,1.0,0.00019707879982888699,9.999999747378752e-05
1966,1.0,0.00016200542449951172,9.999999747378752e-05
1967,1.0,0.00021481489238794893,9.999999747378752e-05
1968,1.0,0.0002889471361413598,9.999999747378752e-05
1969,1.0,0.00014596899563912302,9.999999747378752e-05
1970,1.0,0.00014741913764737546,9.999999747378752e-05
1971,1.0,0.00021067715715616941,9.999999747378752e-05
1972,1.0,0.00019440543837845325,9.999999747378752e-05
1973,1.0,0.00014238398580346256,9.999999747378752e-05
1974,1.0,0.00016294134547933936,9.999999747378752e-05
1975,1.0,0.0001411990961059928,9.999999747378752e-05
1976,1.0,0.00017050220048986375,9.999999747378752e-05
1977,1.0,0.0001732448727125302,9.999999747378752e-05
1978,1.0,0.000136926508275792,9.999999747378752e-05
1979,1.0,0.00013884551299270242,9.999999747378752e-05
1980,1.0,0.00014045422722119838,9.999999747378752e-05
1981,1.0,0.00013340433361008763,9.999999747378752e-05
1982,1.0,0.00021915935212746263,9.999999747378752e-05
1983,1.0,0.0001414819562342018,9.999999747378752e-05
1984,1.0,0.00015011300274636596,9.999999747378752e-05
1985,1.0,0.00027050808421336114,9.999999747378752e-05
1986,1.0,0.00013543825480155647,9.999999747378752e-05
1987,1.0,0.00011210103548364714,9.999999747378752e-05
1988,1.0,0.0001623566640773788,9.999999747378752e-05
1989,1.0,0.0003291469474788755,9.999999747378752e-05
1990,1.0,0.00023127409804146737,9.999999747378752e-05
1991,1.0,0.00022160442313179374,9.999999747378752e-05
1992,1.0,0.00012915981642436236,9.999999747378752e-05
1993,1.0,0.00016674623475410044,9.999999747378752e-05
1994,1.0,0.00013777923595625907,9.999999747378752e-05
1995,1.0,0.0001355248095933348,9.999999747378752e-05
1996,1.0,0.00015993317356333137,9.999999747378752e-05
1997,1.0,0.0002650301903486252,9.999999747378752e-05
1998,1.0,0.0001378692832076922,9.999999747378752e-05
1999,1.0,0.00011342246580170467,9.999999747378752e-05
