,categorical_accuracy,loss,learning_rate
0,0.20718231797218323,2.235212802886963,0.0010000000474974513
1,0.31215471029281616,2.0458874702453613,0.0010000000474974513
2,0.37016573548316956,1.9466948509216309,0.0010000000474974513
3,0.3563535809516907,1.8985905647277832,0.0010000000474974513
4,0.36464089155197144,1.8607302904129028,0.0010000000474974513
5,0.3867403268814087,1.8716959953308105,0.0010000000474974513
6,0.38950276374816895,1.7919433116912842,0.0010000000474974513
7,0.4171270728111267,1.7754532098770142,0.0010000000474974513
8,0.38950276374816895,1.766143798828125,0.0010000000474974513
9,0.4005524814128876,1.7238891124725342,0.0010000000474974513
10,0.45303866267204285,1.6808668375015259,0.0010000000474974513
11,0.4419889450073242,1.6924536228179932,0.0010000000474974513
12,0.4419889450073242,1.6472551822662354,0.0010000000474974513
13,0.4226519465446472,1.7003999948501587,0.0010000000474974513
14,0.45856353640556335,1.6412314176559448,0.0010000000474974513
15,0.46685081720352173,1.608812928199768,0.0010000000474974513
16,0.4751381278038025,1.588153600692749,0.0010000000474974513
17,0.4475138187408447,1.611020803451538,0.0010000000474974513
18,0.46408841013908386,1.6051077842712402,0.0010000000474974513
19,0.5027624368667603,1.5452210903167725,0.0010000000474974513
20,0.4475138187408447,1.5587406158447266,0.0010000000474974513
21,0.4861878454685211,1.5151021480560303,0.0010000000474974513
22,0.48895028233528137,1.5079134702682495,0.0010000000474974513
23,0.47237569093704224,1.5207996368408203,0.0010000000474974513
24,0.5082873106002808,1.4823343753814697,0.0010000000474974513
25,0.4806629717350006,1.5042561292648315,0.0010000000474974513
26,0.46685081720352173,1.4987996816635132,0.0010000000474974513
27,0.4861878454685211,1.48438560962677,0.0010000000474974513
28,0.4944751262664795,1.4549059867858887,0.0010000000474974513
29,0.5138121843338013,1.4110673666000366,0.0010000000474974513
30,0.5055248737335205,1.413328766822815,0.0010000000474974513
31,0.49723756313323975,1.3922051191329956,0.0010000000474974513
32,0.5248618721961975,1.4024622440338135,0.0010000000474974513
33,0.511049747467041,1.3991591930389404,0.0010000000474974513
34,0.5220994353294373,1.387676477432251,0.0010000000474974513
35,0.5386740565299988,1.3643187284469604,0.0010000000474974513
36,0.5220994353294373,1.4314167499542236,0.0010000000474974513
37,0.5276243090629578,1.3627257347106934,0.0010000000474974513
38,0.541436493396759,1.3551276922225952,0.0010000000474974513
39,0.541436493396759,1.3496760129928589,0.0010000000474974513
40,0.5331491827964783,1.3698627948760986,0.0010000000474974513
41,0.530386745929718,1.370511770248413,0.0010000000474974513
42,0.5580110549926758,1.3223679065704346,0.0010000000474974513
43,0.5580110549926758,1.3288323879241943,0.0010000000474974513
44,0.549723744392395,1.3415112495422363,0.0010000000474974513
45,0.5524861812591553,1.3134444952011108,0.0010000000474974513
46,0.5386740565299988,1.3358798027038574,0.0010000000474974513
47,0.5469613075256348,1.3514569997787476,0.0010000000474974513
48,0.580110490322113,1.3134981393814087,0.0010000000474974513
49,0.530386745929718,1.3256783485412598,0.0010000000474974513
50,0.5635359287261963,1.3044053316116333,0.0010000000474974513
51,0.5469613075256348,1.2955762147903442,0.0010000000474974513
52,0.5359116196632385,1.2655134201049805,0.0010000000474974513
53,0.5552486181259155,1.28725266456604,0.0010000000474974513
54,0.5745856165885925,1.2289806604385376,0.0010000000474974513
55,0.5745856165885925,1.2488064765930176,0.0010000000474974513
56,0.560773491859436,1.2595067024230957,0.0010000000474974513
57,0.5552486181259155,1.2562363147735596,0.0010000000474974513
58,0.5745856165885925,1.2232494354248047,0.0010000000474974513
59,0.6077347993850708,1.1950860023498535,0.0010000000474974513
60,0.6049723625183105,1.17643404006958,0.0010000000474974513
61,0.549723744392395,1.1916922330856323,0.0010000000474974513
62,0.6022099256515503,1.2016043663024902,0.0010000000474974513
63,0.580110490322113,1.2014976739883423,0.0010000000474974513
64,0.5718231797218323,1.2297122478485107,0.0010000000474974513
65,0.5828729271888733,1.2157659530639648,0.0010000000474974513
66,0.6049723625183105,1.2248928546905518,0.0010000000474974513
67,0.5883978009223938,1.204715609550476,0.0010000000474974513
68,0.6243094205856323,1.1689938306808472,0.0010000000474974513
69,0.6022099256515503,1.173792839050293,0.0010000000474974513
70,0.5939226746559143,1.1340901851654053,0.0010000000474974513
71,0.6353591084480286,1.13898766040802,0.0010000000474974513
72,0.610497236251831,1.1701488494873047,0.0010000000474974513
73,0.5966851115226746,1.2007170915603638,0.0010000000474974513
74,0.59944748878479,1.2004748582839966,0.0010000000474974513
75,0.6077347993850708,1.1355042457580566,0.0010000000474974513
76,0.5939226746559143,1.1560609340667725,0.0010000000474974513
77,0.6353591084480286,1.118844985961914,0.0010000000474974513
78,0.6325966715812683,1.1165214776992798,0.0010000000474974513
79,0.610497236251831,1.1113035678863525,0.0010000000474974513
80,0.6132596731185913,1.117734670639038,0.0010000000474974513
81,0.6381215453147888,1.0924220085144043,0.0010000000474974513
82,0.6657458543777466,1.061523199081421,0.0010000000474974513
83,0.6464088559150696,1.065728783607483,0.0010000000474974513
84,0.6243094205856323,1.0950595140457153,0.0010000000474974513
85,0.6436464190483093,1.089257001876831,0.0010000000474974513
86,0.6657458543777466,1.064427375793457,0.0010000000474974513
87,0.6298342347145081,1.1080347299575806,0.0010000000474974513
88,0.6215469837188721,1.1167114973068237,0.0010000000474974513
89,0.6408839821815491,1.0678093433380127,0.0010000000474974513
90,0.6464088559150696,1.0787053108215332,0.0010000000474974513
91,0.6077347993850708,1.0824851989746094,0.0010000000474974513
92,0.6657458543777466,1.0371696949005127,0.0010000000474974513
93,0.6519337296485901,1.0613327026367188,0.0010000000474974513
94,0.6187845468521118,1.0583407878875732,0.0010000000474974513
95,0.6546961069107056,1.0540211200714111,0.0010000000474974513
96,0.6602209806442261,1.0106786489486694,0.0010000000474974513
97,0.6408839821815491,1.0721900463104248,0.0010000000474974513
98,0.6574585437774658,1.0379308462142944,0.0010000000474974513
99,0.6491712927818298,1.0617101192474365,0.0010000000474974513
100,0.6657458543777466,1.0304139852523804,0.0010000000474974513
101,0.6740331649780273,1.0154552459716797,0.0010000000474974513
102,0.6657458543777466,1.0086084604263306,0.0010000000474974513
103,0.6685082912445068,0.9874078631401062,0.0010000000474974513
104,0.6546961069107056,1.0174689292907715,0.0010000000474974513
105,0.6933701634407043,0.9812190532684326,0.0010000000474974513
106,0.6740331649780273,1.001176357269287,0.0010000000474974513
107,0.6712707281112671,1.0527840852737427,0.0010000000474974513
108,0.6823204159736633,0.9988099932670593,0.0010000000474974513
109,0.6906077265739441,0.9447441101074219,0.0010000000474974513
110,0.6988950371742249,0.9597669839859009,0.0010000000474974513
111,0.7016574740409851,0.9526171684265137,0.0010000000474974513
112,0.6491712927818298,0.9948132634162903,0.0010000000474974513
113,0.7127071619033813,0.9254593253135681,0.0010000000474974513
114,0.7044199109077454,0.9607769846916199,0.0010000000474974513
115,0.6961326003074646,0.9274314045906067,0.0010000000474974513
116,0.7127071619033813,0.9379183650016785,0.0010000000474974513
117,0.6961326003074646,0.958713173866272,0.0010000000474974513
118,0.6933701634407043,0.9721456170082092,0.0010000000474974513
119,0.6602209806442261,1.0145879983901978,0.0010000000474974513
120,0.7127071619033813,0.9018599987030029,0.0010000000474974513
121,0.7044199109077454,0.9388324022293091,0.0010000000474974513
122,0.7209944725036621,0.9268149137496948,0.0010000000474974513
123,0.6878452897071838,0.9384950995445251,0.0010000000474974513
124,0.7292817831039429,0.8903604745864868,0.0010000000474974513
125,0.7016574740409851,0.8922803401947021,0.0010000000474974513
126,0.6629834175109863,0.950339138507843,0.0010000000474974513
127,0.6850828528404236,0.941685140132904,0.0010000000474974513
128,0.7071823477745056,0.8931313157081604,0.0010000000474974513
129,0.7071823477745056,0.8878338932991028,0.0010000000474974513
130,0.6906077265739441,0.9307028651237488,0.0010000000474974513
131,0.6933701634407043,0.9300244450569153,0.0010000000474974513
132,0.7209944725036621,0.8816876411437988,0.0010000000474974513
133,0.7209944725036621,0.8454539179801941,0.0010000000474974513
134,0.7375690340995789,0.8371709585189819,0.0010000000474974513
135,0.6961326003074646,0.9146451354026794,0.0010000000474974513
136,0.7127071619033813,0.8750717639923096,0.0010000000474974513
137,0.7016574740409851,0.861935019493103,0.0010000000474974513
138,0.7099447250366211,0.8976472616195679,0.0010000000474974513
139,0.7375690340995789,0.845617413520813,0.0010000000474974513
140,0.7237569093704224,0.8626460433006287,0.0010000000474974513
141,0.7127071619033813,0.8190897107124329,0.0010000000474974513
142,0.7348066568374634,0.8361968398094177,0.0010000000474974513
143,0.7458563446998596,0.8159013390541077,0.0010000000474974513
144,0.7237569093704224,0.8201077580451965,0.0010000000474974513
145,0.7292817831039429,0.8028599619865417,0.0010000000474974513
146,0.7237569093704224,0.8173941969871521,0.0010000000474974513
147,0.7127071619033813,0.8278918862342834,0.0010000000474974513
148,0.7154695987701416,0.8356717824935913,0.0010000000474974513
149,0.7403314709663391,0.8362456560134888,0.0010000000474974513
150,0.7237569093704224,0.8004160523414612,0.0010000000474974513
151,0.7237569093704224,0.8108969926834106,0.0010000000474974513
152,0.7348066568374634,0.788210391998291,0.0010000000474974513
153,0.7375690340995789,0.8273885250091553,0.0010000000474974513
154,0.7099447250366211,0.8218510150909424,0.0010000000474974513
155,0.7292817831039429,0.8105518221855164,0.0010000000474974513
156,0.7707182168960571,0.7970505356788635,0.0010000000474974513
157,0.7209944725036621,0.8486971259117126,0.0010000000474974513
158,0.7707182168960571,0.7852380275726318,0.0010000000474974513
159,0.7513812184333801,0.776678740978241,0.0010000000474974513
160,0.7265193462371826,0.8025259971618652,0.0010000000474974513
161,0.7541436553001404,0.7886528968811035,0.0010000000474974513
162,0.7569060921669006,0.758634626865387,0.0010000000474974513
163,0.7430939078330994,0.7920961380004883,0.0010000000474974513
164,0.7569060921669006,0.760805070400238,0.0010000000474974513
165,0.7458563446998596,0.7549646496772766,0.0010000000474974513
166,0.7541436553001404,0.7863461971282959,0.0010000000474974513
167,0.7624309659004211,0.7594818472862244,0.0010000000474974513
168,0.7403314709663391,0.7626681923866272,0.0010000000474974513
169,0.7762430906295776,0.740485429763794,0.0010000000474974513
170,0.7734806537628174,0.7389184236526489,0.0010000000474974513
171,0.7430939078330994,0.7892981171607971,0.0010000000474974513
172,0.7762430906295776,0.7681665420532227,0.0010000000474974513
173,0.7458563446998596,0.7534655332565308,0.0010000000474974513
174,0.7569060921669006,0.752483069896698,0.0010000000474974513
175,0.7762430906295776,0.7205544114112854,0.0010000000474974513
176,0.7596685290336609,0.7776220440864563,0.0010000000474974513
177,0.7320442199707031,0.7565995454788208,0.0010000000474974513
178,0.7513812184333801,0.7481796741485596,0.0010000000474974513
179,0.7624309659004211,0.7844387292861938,0.0010000000474974513
180,0.7790055274963379,0.7244552969932556,0.0010000000474974513
181,0.7430939078330994,0.7612047791481018,0.0010000000474974513
182,0.7486187815666199,0.7408013939857483,0.0010000000474974513
183,0.7458563446998596,0.7440348267555237,0.0010000000474974513
184,0.7845304012298584,0.7088157534599304,0.0010000000474974513
185,0.7596685290336609,0.7181129455566406,0.0010000000474974513
186,0.7900552749633789,0.6916095018386841,0.0010000000474974513
187,0.7955800890922546,0.6585842370986938,0.0010000000474974513
188,0.7955800890922546,0.6882913708686829,0.0010000000474974513
189,0.7872928380966187,0.7042956948280334,0.0010000000474974513
190,0.7486187815666199,0.7274925112724304,0.0010000000474974513
191,0.7734806537628174,0.7019115686416626,0.0010000000474974513
192,0.8038673996925354,0.679430365562439,0.0010000000474974513
193,0.7955800890922546,0.6676284074783325,0.0010000000474974513
194,0.7900552749633789,0.6769505143165588,0.0010000000474974513
195,0.7734806537628174,0.7082903385162354,0.0010000000474974513
196,0.7900552749633789,0.6655111312866211,0.0010000000474974513
197,0.7790055274963379,0.6623762249946594,0.0010000000474974513
198,0.7762430906295776,0.6714254021644592,0.0010000000474974513
199,0.7679557800292969,0.6764494180679321,0.0010000000474974513
200,0.7651933431625366,0.6982514262199402,0.0010000000474974513
201,0.8011049628257751,0.6598358750343323,0.0010000000474974513
202,0.7928176522254944,0.6653361916542053,0.0010000000474974513
203,0.7762430906295776,0.6689304113388062,0.0010000000474974513
204,0.7928176522254944,0.6801856160163879,0.0010000000474974513
205,0.8011049628257751,0.6676584482192993,0.0010000000474974513
206,0.8038673996925354,0.6289321780204773,0.0010000000474974513
207,0.7955800890922546,0.6462066769599915,0.0010000000474974513
208,0.7928176522254944,0.6699548363685608,0.0010000000474974513
209,0.8066298365592957,0.604570746421814,0.0010000000474974513
210,0.7762430906295776,0.6714000105857849,0.0010000000474974513
211,0.7955800890922546,0.6473892331123352,0.0010000000474974513
212,0.8232043981552124,0.5982974767684937,0.0010000000474974513
213,0.8176795840263367,0.59278404712677,0.0010000000474974513
214,0.8038673996925354,0.6218366622924805,0.0010000000474974513
215,0.8121547102928162,0.6153401732444763,0.0010000000474974513
216,0.7900552749633789,0.6225206255912781,0.0010000000474974513
217,0.8093922734260559,0.6141344308853149,0.0010000000474974513
218,0.7983425259590149,0.6288045048713684,0.0010000000474974513
219,0.7872928380966187,0.634548544883728,0.0010000000474974513
220,0.8011049628257751,0.6207483410835266,0.0010000000474974513
221,0.8259668350219727,0.5645175576210022,0.0010000000474974513
222,0.7845304012298584,0.6301317811012268,0.0010000000474974513
223,0.8149171471595764,0.6013050675392151,0.0010000000474974513
224,0.8204419612884521,0.6233010292053223,0.0010000000474974513
225,0.8066298365592957,0.6183176040649414,0.0010000000474974513
226,0.8232043981552124,0.5904105305671692,0.0010000000474974513
227,0.8204419612884521,0.587395191192627,0.0010000000474974513
228,0.8397790193557739,0.6079511642456055,0.0010000000474974513
229,0.7955800890922546,0.6169226765632629,0.0010000000474974513
230,0.8176795840263367,0.6114386320114136,0.0010000000474974513
231,0.7734806537628174,0.6411214470863342,0.0010000000474974513
232,0.8121547102928162,0.5782902240753174,0.0010000000474974513
233,0.8342541456222534,0.5639002919197083,0.0010000000474974513
234,0.8342541456222534,0.5669450759887695,0.0010000000474974513
235,0.7817679643630981,0.6118902564048767,0.0010000000474974513
236,0.8204419612884521,0.5838550925254822,0.0010000000474974513
237,0.8149171471595764,0.584464967250824,0.0010000000474974513
238,0.8232043981552124,0.5927725434303284,0.0010000000474974513
239,0.8287292718887329,0.5598663091659546,0.0010000000474974513
240,0.8066298365592957,0.6077991724014282,0.0010000000474974513
241,0.7845304012298584,0.6378562450408936,0.0010000000474974513
242,0.8259668350219727,0.579060971736908,0.0010000000474974513
243,0.8038673996925354,0.604335367679596,0.0010000000474974513
244,0.8204419612884521,0.5757030248641968,0.0010000000474974513
245,0.8149171471595764,0.5668032169342041,0.0010000000474974513
246,0.8370165824890137,0.5762107968330383,0.0010000000474974513
247,0.8370165824890137,0.5548353791236877,0.0010000000474974513
248,0.8149171471595764,0.5433914661407471,0.0010000000474974513
249,0.8038673996925354,0.5761182308197021,0.0010000000474974513
250,0.8259668350219727,0.592411458492279,0.0010000000474974513
251,0.8287292718887329,0.5574887990951538,0.0010000000474974513
252,0.8204419612884521,0.5766230225563049,0.0010000000474974513
253,0.8204419612884521,0.571628212928772,0.0010000000474974513
254,0.8287292718887329,0.572932243347168,0.0010000000474974513
255,0.8314917087554932,0.5626266002655029,0.0010000000474974513
256,0.8259668350219727,0.5528136491775513,0.0010000000474974513
257,0.8535911440849304,0.5182485580444336,0.0010000000474974513
258,0.8149171471595764,0.5613446235656738,0.0010000000474974513
259,0.8563535809516907,0.5312905311584473,0.0010000000474974513
260,0.8287292718887329,0.5213108062744141,0.0010000000474974513
261,0.8453038930892944,0.5061867833137512,0.0010000000474974513
262,0.8480662703514099,0.5053662657737732,0.0010000000474974513
263,0.8232043981552124,0.5800946354866028,0.0010000000474974513
264,0.8508287072181702,0.5125671625137329,0.0010000000474974513
265,0.8508287072181702,0.5364881753921509,0.0010000000474974513
266,0.8480662703514099,0.5255907773971558,0.0010000000474974513
267,0.8729282021522522,0.488139271736145,0.0010000000474974513
268,0.8618784546852112,0.520238995552063,0.0010000000474974513
269,0.8232043981552124,0.5249939560890198,0.0010000000474974513
270,0.8232043981552124,0.5359100699424744,0.0010000000474974513
271,0.8480662703514099,0.5136271119117737,0.0010000000474974513
272,0.8591160178184509,0.5025064945220947,0.0010000000474974513
273,0.8453038930892944,0.5339921712875366,0.0010000000474974513
274,0.8646408915519714,0.4724615812301636,0.0010000000474974513
275,0.8701657652854919,0.4791140556335449,0.0010000000474974513
276,0.8729282021522522,0.4778849184513092,0.0010000000474974513
277,0.8287292718887329,0.5066034197807312,0.0010000000474974513
278,0.8535911440849304,0.4801395833492279,0.0010000000474974513
279,0.8563535809516907,0.4902104437351227,0.0010000000474974513
280,0.8287292718887329,0.5444034337997437,0.0010000000474974513
281,0.8093922734260559,0.5445969104766846,0.0010000000474974513
282,0.8342541456222534,0.5147184729576111,0.0010000000474974513
283,0.8729282021522522,0.49976927042007446,0.0010000000474974513
284,0.8425414562225342,0.5269516110420227,0.0010000000474974513
285,0.8618784546852112,0.4853617250919342,0.0010000000474974513
286,0.8287292718887329,0.5359378457069397,0.0010000000474974513
287,0.8480662703514099,0.5019550323486328,0.0010000000474974513
288,0.8618784546852112,0.4761486053466797,0.0010000000474974513
289,0.8535911440849304,0.46279752254486084,0.0010000000474974513
290,0.8618784546852112,0.4745004177093506,0.0010000000474974513
291,0.8370165824890137,0.48889365792274475,0.0010000000474974513
292,0.8729282021522522,0.4661189019680023,0.0010000000474974513
293,0.8508287072181702,0.4540693461894989,0.0010000000474974513
294,0.8480662703514099,0.49277356266975403,0.0010000000474974513
295,0.8591160178184509,0.460653156042099,0.0010000000474974513
296,0.8480662703514099,0.5008726119995117,0.0010000000474974513
297,0.8535911440849304,0.49074554443359375,0.0010000000474974513
298,0.8646408915519714,0.5079101920127869,0.0010000000474974513
299,0.8646408915519714,0.4430008828639984,0.0010000000474974513
300,0.8674033284187317,0.44869083166122437,0.0010000000474974513
301,0.8591160178184509,0.4613475501537323,0.0010000000474974513
302,0.8397790193557739,0.5116358995437622,0.0010000000474974513
303,0.8480662703514099,0.49855345487594604,0.0010000000474974513
304,0.9033148884773254,0.4424116313457489,0.0010000000474974513
305,0.8453038930892944,0.4776940643787384,0.0010000000474974513
306,0.8839778900146484,0.45716774463653564,0.0010000000474974513
307,0.8453038930892944,0.4970818758010864,0.0010000000474974513
308,0.8480662703514099,0.4716000258922577,0.0010000000474974513
309,0.8646408915519714,0.47697263956069946,0.0010000000474974513
310,0.8480662703514099,0.48563820123672485,0.0010000000474974513
311,0.8425414562225342,0.4536798894405365,0.0010000000474974513
312,0.8508287072181702,0.4898342788219452,0.0010000000474974513
313,0.8977900743484497,0.41956469416618347,0.0010000000474974513
314,0.8618784546852112,0.43634361028671265,0.0010000000474974513
315,0.8867403268814087,0.4034692645072937,0.0010000000474974513
316,0.8839778900146484,0.43007639050483704,0.0010000000474974513
317,0.8618784546852112,0.4675138294696808,0.0010000000474974513
318,0.8756905794143677,0.4472528100013733,0.0010000000474974513
319,0.8674033284187317,0.41561058163642883,0.0010000000474974513
320,0.8756905794143677,0.45287802815437317,0.0010000000474974513
321,0.8701657652854919,0.44153180718421936,0.0010000000474974513
322,0.8508287072181702,0.47075116634368896,0.0010000000474974513
323,0.8563535809516907,0.48319846391677856,0.0010000000474974513
324,0.8591160178184509,0.4503844082355499,0.0010000000474974513
325,0.8370165824890137,0.4627883732318878,0.0010000000474974513
326,0.8646408915519714,0.46271970868110657,0.0010000000474974513
327,0.8591160178184509,0.44679486751556396,0.0010000000474974513
328,0.8535911440849304,0.4531848430633545,0.0010000000474974513
329,0.8535911440849304,0.4315776526927948,0.0010000000474974513
330,0.8535911440849304,0.4316771328449249,0.0010000000474974513
331,0.8756905794143677,0.437483012676239,0.0010000000474974513
332,0.8756905794143677,0.4449249505996704,0.0010000000474974513
333,0.889502763748169,0.3998126983642578,0.0010000000474974513
334,0.8784530162811279,0.4114918112754822,0.0010000000474974513
335,0.8701657652854919,0.45524904131889343,0.0010000000474974513
336,0.8370165824890137,0.4607123136520386,0.0010000000474974513
337,0.8839778900146484,0.417829304933548,0.0010000000474974513
338,0.889502763748169,0.4025000333786011,0.0010000000474974513
339,0.8977900743484497,0.4042426347732544,0.0010000000474974513
340,0.8591160178184509,0.4488746225833893,0.0010000000474974513
341,0.8867403268814087,0.41202592849731445,0.0010000000474974513
342,0.8922652006149292,0.3999135494232178,0.0010000000474974513
343,0.8480662703514099,0.4259955883026123,0.0010000000474974513
344,0.8756905794143677,0.42925891280174255,0.0010000000474974513
345,0.8812154531478882,0.41425442695617676,0.0010000000474974513
346,0.8756905794143677,0.41040387749671936,0.0010000000474974513
347,0.8922652006149292,0.40422728657722473,0.0010000000474974513
348,0.889502763748169,0.40539786219596863,0.0010000000474974513
349,0.8756905794143677,0.43348756432533264,0.0010000000474974513
350,0.8701657652854919,0.42258313298225403,0.0010000000474974513
351,0.8867403268814087,0.3832121789455414,0.0010000000474974513
352,0.8535911440849304,0.4461568295955658,0.0010000000474974513
353,0.8812154531478882,0.4151637554168701,0.0010000000474974513
354,0.8729282021522522,0.4202654957771301,0.0010000000474974513
355,0.8784530162811279,0.41376546025276184,0.0010000000474974513
356,0.8314917087554932,0.45124033093452454,0.0010000000474974513
357,0.8784530162811279,0.3876374363899231,0.0010000000474974513
358,0.8729282021522522,0.4101979732513428,0.0010000000474974513
359,0.8729282021522522,0.39506468176841736,0.0010000000474974513
360,0.889502763748169,0.36351948976516724,0.0010000000474974513
361,0.889502763748169,0.39323070645332336,0.0010000000474974513
362,0.8784530162811279,0.44983741641044617,0.0010000000474974513
363,0.8674033284187317,0.40214061737060547,0.0010000000474974513
364,0.8701657652854919,0.4032314121723175,0.0010000000474974513
365,0.8591160178184509,0.4169166088104248,0.0010000000474974513
366,0.8867403268814087,0.3933049440383911,0.0010000000474974513
367,0.8618784546852112,0.41013821959495544,0.0010000000474974513
368,0.8701657652854919,0.445046991109848,0.0010000000474974513
369,0.8646408915519714,0.4138919413089752,0.0010000000474974513
370,0.889502763748169,0.38695523142814636,0.0010000000474974513
371,0.8784530162811279,0.3978002071380615,0.0010000000474974513
372,0.8756905794143677,0.40179920196533203,0.0010000000474974513
373,0.8922652006149292,0.3989661633968353,0.0010000000474974513
374,0.8950276374816895,0.3814866840839386,0.0010000000474974513
375,0.8839778900146484,0.4169841706752777,0.0010000000474974513
376,0.8701657652854919,0.4131588935852051,0.0010000000474974513
377,0.889502763748169,0.4184738099575043,0.0010000000474974513
378,0.8425414562225342,0.4404725134372711,0.0010000000474974513
379,0.8922652006149292,0.37034809589385986,0.0010000000474974513
380,0.8867403268814087,0.39626502990722656,0.0010000000474974513
381,0.8784530162811279,0.3965027630329132,0.0010000000474974513
382,0.90055251121521,0.3542811870574951,0.0010000000474974513
383,0.889502763748169,0.3621585965156555,0.0010000000474974513
384,0.8812154531478882,0.3569848835468292,0.0010000000474974513
385,0.889502763748169,0.3663848042488098,0.0010000000474974513
386,0.9033148884773254,0.35616639256477356,0.0010000000474974513
387,0.8729282021522522,0.40675508975982666,0.0010000000474974513
388,0.8756905794143677,0.3929092586040497,0.0010000000474974513
389,0.8950276374816895,0.3770691752433777,0.0010000000474974513
390,0.8701657652854919,0.3712010383605957,0.0010000000474974513
391,0.9033148884773254,0.34578976035118103,0.0010000000474974513
392,0.8950276374816895,0.3519296646118164,0.0010000000474974513
393,0.9171270728111267,0.3176257610321045,0.0010000000474974513
394,0.8922652006149292,0.3685859441757202,0.0010000000474974513
395,0.8922652006149292,0.3598782420158386,0.0010000000474974513
396,0.9060773253440857,0.35483869910240173,0.0010000000474974513
397,0.919889509677887,0.33006757497787476,0.0010000000474974513
398,0.8812154531478882,0.3672979474067688,0.0010000000474974513
399,0.8812154531478882,0.35471025109291077,0.0010000000474974513
400,0.8977900743484497,0.3272009491920471,0.0010000000474974513
401,0.8922652006149292,0.36738696694374084,0.0010000000474974513
402,0.889502763748169,0.3851105570793152,0.0010000000474974513
403,0.8977900743484497,0.359904408454895,0.0010000000474974513
404,0.8950276374816895,0.33936911821365356,0.0010000000474974513
405,0.9033148884773254,0.3393099308013916,0.0010000000474974513
406,0.9116021990776062,0.32855039834976196,0.0010000000474974513
407,0.9033148884773254,0.33476170897483826,0.0010000000474974513
408,0.889502763748169,0.3818308413028717,0.0010000000474974513
409,0.8950276374816895,0.3686065375804901,0.0010000000474974513
410,0.8922652006149292,0.35186463594436646,0.0010000000474974513
411,0.908839762210846,0.3505587875843048,0.0010000000474974513
412,0.8839778900146484,0.35926246643066406,0.0010000000474974513
413,0.8812154531478882,0.3737894892692566,0.0010000000474974513
414,0.8812154531478882,0.36793074011802673,0.0010000000474974513
415,0.9033148884773254,0.35437503457069397,0.0010000000474974513
416,0.90055251121521,0.3548371493816376,0.0010000000474974513
417,0.9060773253440857,0.33882057666778564,0.0010000000474974513
418,0.9143646359443665,0.3374546468257904,0.0010000000474974513
419,0.8674033284187317,0.3886512219905853,0.0010000000474974513
420,0.9060773253440857,0.30950838327407837,0.0010000000474974513
421,0.9033148884773254,0.3464421331882477,0.0010000000474974513
422,0.889502763748169,0.35618531703948975,0.0010000000474974513
423,0.8867403268814087,0.3466450273990631,0.0010000000474974513
424,0.9116021990776062,0.32945704460144043,0.0010000000474974513
425,0.908839762210846,0.32836031913757324,0.0010000000474974513
426,0.9116021990776062,0.31852301955223083,0.0010000000474974513
427,0.9254143834114075,0.30513107776641846,0.0010000000474974513
428,0.8922652006149292,0.3459043800830841,0.0010000000474974513
429,0.9143646359443665,0.32320636510849,0.0010000000474974513
430,0.919889509677887,0.29239964485168457,0.0010000000474974513
431,0.9060773253440857,0.31415125727653503,0.0010000000474974513
432,0.9060773253440857,0.3160819709300995,0.0010000000474974513
433,0.9143646359443665,0.3207184672355652,0.0010000000474974513
434,0.9226519465446472,0.33117932081222534,0.0010000000474974513
435,0.919889509677887,0.2973857820034027,0.0010000000474974513
436,0.8977900743484497,0.3248279094696045,0.0010000000474974513
437,0.8977900743484497,0.3385615646839142,0.0010000000474974513
438,0.9143646359443665,0.27513808012008667,0.0010000000474974513
439,0.9171270728111267,0.3144665062427521,0.0010000000474974513
440,0.8977900743484497,0.33127275109291077,0.0010000000474974513
441,0.8977900743484497,0.3428882658481598,0.0010000000474974513
442,0.9254143834114075,0.30719447135925293,0.0010000000474974513
443,0.8784530162811279,0.3633701801300049,0.0010000000474974513
444,0.8950276374816895,0.35291704535484314,0.0010000000474974513
445,0.889502763748169,0.36095479130744934,0.0010000000474974513
446,0.919889509677887,0.32184863090515137,0.0010000000474974513
447,0.9033148884773254,0.3065683841705322,0.0010000000474974513
448,0.9171270728111267,0.30551472306251526,0.0010000000474974513
449,0.8839778900146484,0.3370264768600464,0.0010000000474974513
450,0.8922652006149292,0.337619423866272,0.0010000000474974513
451,0.8977900743484497,0.33532965183258057,0.0010000000474974513
452,0.90055251121521,0.30074256658554077,0.0010000000474974513
453,0.908839762210846,0.29304611682891846,0.0010000000474974513
454,0.9033148884773254,0.32373178005218506,0.0010000000474974513
455,0.9060773253440857,0.3281293511390686,0.0010000000474974513
456,0.9033148884773254,0.31060591340065,0.0010000000474974513
457,0.9337016344070435,0.2898404896259308,0.0010000000474974513
458,0.9309391975402832,0.26269206404685974,0.0010000000474974513
459,0.9116021990776062,0.27855727076530457,0.0010000000474974513
460,0.9116021990776062,0.3049488663673401,0.0010000000474974513
461,0.9226519465446472,0.2863757610321045,0.0010000000474974513
462,0.9171270728111267,0.30435770750045776,0.0010000000474974513
463,0.919889509677887,0.29539424180984497,0.0010000000474974513
464,0.9116021990776062,0.3212577700614929,0.0010000000474974513
465,0.908839762210846,0.3133319318294525,0.0010000000474974513
466,0.90055251121521,0.32161945104599,0.0010000000474974513
467,0.919889509677887,0.29271453619003296,0.0010000000474974513
468,0.9060773253440857,0.29245084524154663,0.0010000000474974513
469,0.90055251121521,0.3033507764339447,0.0010000000474974513
470,0.9281768202781677,0.3031003475189209,0.0010000000474974513
471,0.9060773253440857,0.30346691608428955,0.0010000000474974513
472,0.9143646359443665,0.27944186329841614,0.0010000000474974513
473,0.9254143834114075,0.286512166261673,0.0010000000474974513
474,0.9143646359443665,0.29394370317459106,0.0010000000474974513
475,0.9060773253440857,0.2987212538719177,0.0010000000474974513
476,0.8950276374816895,0.3326214849948883,0.0010000000474974513
477,0.8977900743484497,0.3277713358402252,0.0010000000474974513
478,0.919889509677887,0.3067593574523926,0.0010000000474974513
479,0.919889509677887,0.288906067609787,0.0010000000474974513
480,0.9254143834114075,0.2742011845111847,0.0010000000474974513
481,0.9281768202781677,0.2819533050060272,0.0010000000474974513
482,0.9143646359443665,0.30076950788497925,0.0010000000474974513
483,0.9143646359443665,0.2915317118167877,0.0010000000474974513
484,0.9254143834114075,0.27201035618782043,0.0010000000474974513
485,0.9281768202781677,0.271686315536499,0.0010000000474974513
486,0.9309391975402832,0.25970250368118286,0.0010000000474974513
487,0.9475138187408447,0.23036792874336243,0.0010000000474974513
488,0.9447513818740845,0.23364508152008057,0.0010000000474974513
489,0.919889509677887,0.2984558641910553,0.0010000000474974513
490,0.9116021990776062,0.29379716515541077,0.0010000000474974513
491,0.9226519465446472,0.283844530582428,0.0010000000474974513
492,0.9309391975402832,0.288627564907074,0.0010000000474974513
493,0.9309391975402832,0.2881206274032593,0.0010000000474974513
494,0.9281768202781677,0.26685813069343567,0.0010000000474974513
495,0.9364640712738037,0.273745596408844,0.0010000000474974513
496,0.9226519465446472,0.27621790766716003,0.0010000000474974513
497,0.919889509677887,0.2709638476371765,0.0010000000474974513
498,0.908839762210846,0.2824445068836212,0.0010000000474974513
499,0.8977900743484497,0.3039201498031616,0.0010000000474974513
500,0.9143646359443665,0.32596245408058167,0.0010000000474974513
501,0.908839762210846,0.3154657781124115,0.0010000000474974513
502,0.908839762210846,0.3086912930011749,0.0010000000474974513
503,0.9309391975402832,0.26834216713905334,0.0010000000474974513
504,0.9171270728111267,0.28169217705726624,0.0010000000474974513
505,0.9171270728111267,0.2877737283706665,0.0010000000474974513
506,0.8839778900146484,0.29792824387550354,0.0010000000474974513
507,0.919889509677887,0.28793856501579285,0.0010000000474974513
508,0.950276255607605,0.22942179441452026,0.0010000000474974513
509,0.919889509677887,0.25324395298957825,0.0010000000474974513
510,0.908839762210846,0.2860168516635895,0.0010000000474974513
511,0.919889509677887,0.2706359028816223,0.0010000000474974513
512,0.9143646359443665,0.28669410943984985,0.0010000000474974513
513,0.9171270728111267,0.28809303045272827,0.0010000000474974513
514,0.9364640712738037,0.24467790126800537,0.0010000000474974513
515,0.9171270728111267,0.28551432490348816,0.0010000000474974513
516,0.919889509677887,0.26576343178749084,0.0010000000474974513
517,0.9337016344070435,0.24567162990570068,0.0010000000474974513
518,0.9558011293411255,0.2382543534040451,0.0010000000474974513
519,0.9226519465446472,0.2731645107269287,0.0010000000474974513
520,0.9364640712738037,0.24190063774585724,0.0010000000474974513
521,0.9171270728111267,0.2590385675430298,0.0010000000474974513
522,0.9337016344070435,0.24050657451152802,0.0010000000474974513
523,0.9364640712738037,0.23494289815425873,0.0010000000474974513
524,0.9475138187408447,0.23403331637382507,0.0010000000474974513
525,0.9364640712738037,0.25802573561668396,0.0010000000474974513
526,0.9447513818740845,0.23272302746772766,0.0010000000474974513
527,0.9337016344070435,0.2481551170349121,0.0010000000474974513
528,0.9226519465446472,0.2541748881340027,0.0010000000474974513
529,0.9143646359443665,0.2727810740470886,0.0010000000474974513
530,0.9226519465446472,0.26291507482528687,0.0010000000474974513
531,0.9254143834114075,0.24636051058769226,0.0010000000474974513
532,0.9309391975402832,0.25033602118492126,0.0010000000474974513
533,0.9060773253440857,0.2725811302661896,0.0010000000474974513
534,0.9364640712738037,0.22661113739013672,0.0010000000474974513
535,0.9281768202781677,0.2491421401500702,0.0010000000474974513
536,0.9309391975402832,0.2508319616317749,0.0010000000474974513
537,0.9530386924743652,0.21357960999011993,0.0010000000474974513
538,0.9419889450073242,0.22503259778022766,0.0010000000474974513
539,0.9226519465446472,0.26446446776390076,0.0010000000474974513
540,0.9419889450073242,0.2269868403673172,0.0010000000474974513
541,0.9475138187408447,0.21041733026504517,0.0010000000474974513
542,0.939226508140564,0.22880077362060547,0.0010000000474974513
543,0.9309391975402832,0.22966188192367554,0.0010000000474974513
544,0.9530386924743652,0.21466009318828583,0.0010000000474974513
545,0.939226508140564,0.2215576022863388,0.0010000000474974513
546,0.9281768202781677,0.23777571320533752,0.0010000000474974513
547,0.9309391975402832,0.23984593152999878,0.0010000000474974513
548,0.9281768202781677,0.251812607049942,0.0010000000474974513
549,0.9254143834114075,0.22645016014575958,0.0010000000474974513
550,0.9281768202781677,0.25392869114875793,0.0010000000474974513
551,0.9364640712738037,0.24050664901733398,0.0010000000474974513
552,0.9447513818740845,0.23597459495067596,0.0010000000474974513
553,0.9281768202781677,0.25588423013687134,0.0010000000474974513
554,0.908839762210846,0.27592766284942627,0.0010000000474974513
555,0.919889509677887,0.2627551555633545,0.0010000000474974513
556,0.9171270728111267,0.2555224299430847,0.0010000000474974513
557,0.9419889450073242,0.25012096762657166,0.0010000000474974513
558,0.9254143834114075,0.25021639466285706,0.0010000000474974513
559,0.9281768202781677,0.22779007256031036,0.0010000000474974513
560,0.9337016344070435,0.2333921641111374,0.0010000000474974513
561,0.919889509677887,0.268766313791275,0.0010000000474974513
562,0.9033148884773254,0.3163774907588959,0.0010000000474974513
563,0.9337016344070435,0.24756166338920593,0.0010000000474974513
564,0.9447513818740845,0.24850967526435852,0.0010000000474974513
565,0.9226519465446472,0.23938918113708496,0.0010000000474974513
566,0.9530386924743652,0.21002650260925293,0.0010000000474974513
567,0.9281768202781677,0.23214216530323029,0.0010000000474974513
568,0.939226508140564,0.20625106990337372,0.0010000000474974513
569,0.9558011293411255,0.2105894833803177,0.0010000000474974513
570,0.9364640712738037,0.2071365863084793,0.0010000000474974513
571,0.9309391975402832,0.22748561203479767,0.0010000000474974513
572,0.9364640712738037,0.23050861060619354,0.0010000000474974513
573,0.9419889450073242,0.2488393485546112,0.0010000000474974513
574,0.9337016344070435,0.26242032647132874,0.0010000000474974513
575,0.9419889450073242,0.23982802033424377,0.0010000000474974513
576,0.919889509677887,0.2482629418373108,0.0010000000474974513
577,0.9419889450073242,0.23894831538200378,0.0010000000474974513
578,0.9447513818740845,0.22275686264038086,0.0010000000474974513
579,0.9475138187408447,0.2159905880689621,0.0010000000474974513
580,0.9447513818740845,0.23771987855434418,0.0010000000474974513
581,0.9309391975402832,0.2293420433998108,0.0010000000474974513
582,0.9309391975402832,0.2384546399116516,0.0010000000474974513
583,0.9281768202781677,0.23845335841178894,0.0010000000474974513
584,0.950276255607605,0.18640369176864624,0.0010000000474974513
585,0.9530386924743652,0.1908555030822754,0.0010000000474974513
586,0.9281768202781677,0.22399508953094482,0.0010000000474974513
587,0.9337016344070435,0.2462475448846817,0.0010000000474974513
588,0.9419889450073242,0.2166755199432373,0.0010000000474974513
589,0.939226508140564,0.2166702300310135,0.0010000000474974513
590,0.950276255607605,0.19799338281154633,0.0010000000474974513
591,0.9668508172035217,0.19136454164981842,0.0010000000474974513
592,0.9447513818740845,0.19295881688594818,0.0010000000474974513
593,0.9558011293411255,0.1908036768436432,0.0010000000474974513
594,0.9309391975402832,0.1971167027950287,0.0010000000474974513
595,0.939226508140564,0.2112552523612976,0.0010000000474974513
596,0.9447513818740845,0.2143457531929016,0.0010000000474974513
597,0.950276255607605,0.17809464037418365,0.0010000000474974513
598,0.958563506603241,0.17623361945152283,0.0010000000474974513
599,0.9475138187408447,0.1957133561372757,0.0010000000474974513
600,0.939226508140564,0.20360520482063293,0.0010000000474974513
601,0.958563506603241,0.19410625100135803,0.0010000000474974513
602,0.9613259434700012,0.19683220982551575,0.0010000000474974513
603,0.9447513818740845,0.19680021703243256,0.0010000000474974513
604,0.9447513818740845,0.19472646713256836,0.0010000000474974513
605,0.919889509677887,0.24636605381965637,0.0010000000474974513
606,0.939226508140564,0.2139595001935959,0.0010000000474974513
607,0.9447513818740845,0.22011077404022217,0.0010000000474974513
608,0.9364640712738037,0.2211763858795166,0.0010000000474974513
609,0.9226519465446472,0.24736568331718445,0.0010000000474974513
610,0.9419889450073242,0.21610653400421143,0.0010000000474974513
611,0.9530386924743652,0.20490920543670654,0.0010000000474974513
612,0.9337016344070435,0.21307048201560974,0.0010000000474974513
613,0.9419889450073242,0.20910343527793884,0.0010000000474974513
614,0.9447513818740845,0.24120086431503296,0.0010000000474974513
615,0.9143646359443665,0.24485060572624207,0.0010000000474974513
616,0.950276255607605,0.19160859286785126,0.0010000000474974513
617,0.9364640712738037,0.20888420939445496,0.0010000000474974513
618,0.9364640712738037,0.22044889628887177,0.0010000000474974513
619,0.9419889450073242,0.2077215611934662,0.0010000000474974513
620,0.958563506603241,0.178872212767601,0.0010000000474974513
621,0.939226508140564,0.19029290974140167,0.0010000000474974513
622,0.9530386924743652,0.19596435129642487,0.0010000000474974513
623,0.9419889450073242,0.19408497214317322,0.0010000000474974513
624,0.950276255607605,0.2087102234363556,0.0010000000474974513
625,0.950276255607605,0.19725307822227478,0.0010000000474974513
626,0.9281768202781677,0.2217547446489334,0.0010000000474974513
627,0.9309391975402832,0.23277036845684052,0.0010000000474974513
628,0.9337016344070435,0.22323088347911835,0.0010000000474974513
629,0.9337016344070435,0.21423204243183136,0.0010000000474974513
630,0.9419889450073242,0.19079482555389404,0.0010000000474974513
631,0.9558011293411255,0.1998564749956131,0.0010000000474974513
632,0.9558011293411255,0.18416935205459595,0.0010000000474974513
633,0.9723756909370422,0.1852300614118576,0.0010000000474974513
634,0.950276255607605,0.18420863151550293,0.0010000000474974513
635,0.9475138187408447,0.19464106857776642,0.0010000000474974513
636,0.9475138187408447,0.19783228635787964,0.0010000000474974513
637,0.9337016344070435,0.21410579979419708,0.0010000000474974513
638,0.9613259434700012,0.18263688683509827,0.0010000000474974513
639,0.950276255607605,0.18277853727340698,0.0010000000474974513
640,0.939226508140564,0.19038835167884827,0.0010000000474974513
641,0.9613259434700012,0.1703064739704132,0.0010000000474974513
642,0.9640883803367615,0.1789168417453766,0.0010000000474974513
643,0.9530386924743652,0.17283950746059418,0.0010000000474974513
644,0.9558011293411255,0.1668539047241211,0.0010000000474974513
645,0.9613259434700012,0.1787039041519165,0.0010000000474974513
646,0.9281768202781677,0.2077331393957138,0.0010000000474974513
647,0.9364640712738037,0.2016572207212448,0.0010000000474974513
648,0.9309391975402832,0.24465948343276978,0.0010000000474974513
649,0.9309391975402832,0.22714686393737793,0.0010000000474974513
650,0.9337016344070435,0.2230406552553177,0.0010000000474974513
651,0.9447513818740845,0.18902383744716644,0.0010000000474974513
652,0.950276255607605,0.18883343040943146,0.0010000000474974513
653,0.9613259434700012,0.17692258954048157,0.0010000000474974513
654,0.939226508140564,0.18775171041488647,0.0010000000474974513
655,0.9447513818740845,0.20346054434776306,0.0010000000474974513
656,0.9558011293411255,0.1861836165189743,0.0010000000474974513
657,0.9668508172035217,0.15916520357131958,0.0010000000474974513
658,0.939226508140564,0.20229710638523102,0.0010000000474974513
659,0.9558011293411255,0.18415328860282898,0.0010000000474974513
660,0.9640883803367615,0.1804807037115097,0.0010000000474974513
661,0.9723756909370422,0.16896961629390717,0.0010000000474974513
662,0.9475138187408447,0.17623759806156158,0.0010000000474974513
663,0.9723756909370422,0.14361290633678436,0.0010000000474974513
664,0.969613254070282,0.13684262335300446,0.0010000000474974513
665,0.969613254070282,0.15443022549152374,0.0010000000474974513
666,0.939226508140564,0.18960903584957123,0.0010000000474974513
667,0.950276255607605,0.17009016871452332,0.0010000000474974513
668,0.9723756909370422,0.13888825476169586,0.0010000000474974513
669,0.9558011293411255,0.1772308200597763,0.0010000000474974513
670,0.950276255607605,0.17975886166095734,0.0010000000474974513
671,0.9447513818740845,0.1857900470495224,0.0010000000474974513
672,0.969613254070282,0.1530902087688446,0.0010000000474974513
673,0.9447513818740845,0.20733648538589478,0.0010000000474974513
674,0.9171270728111267,0.24851635098457336,0.0010000000474974513
675,0.919889509677887,0.24698331952095032,0.0010000000474974513
676,0.9364640712738037,0.2244957536458969,0.0010000000474974513
677,0.950276255607605,0.18217675387859344,0.0010000000474974513
678,0.9558011293411255,0.16435959935188293,0.0010000000474974513
679,0.9364640712738037,0.186394602060318,0.0010000000474974513
680,0.9447513818740845,0.17453832924365997,0.0010000000474974513
681,0.9364640712738037,0.19916006922721863,0.0010000000474974513
682,0.958563506603241,0.1541953682899475,0.0010000000474974513
683,0.9723756909370422,0.1336120069026947,0.0010000000474974513
684,0.9779005646705627,0.12415839731693268,0.0010000000474974513
685,0.969613254070282,0.1531459391117096,0.0010000000474974513
686,0.9530386924743652,0.16205193102359772,0.0010000000474974513
687,0.958563506603241,0.16047292947769165,0.0010000000474974513
688,0.969613254070282,0.15295793116092682,0.0010000000474974513
689,0.9640883803367615,0.14372482895851135,0.0010000000474974513
690,0.958563506603241,0.16158433258533478,0.0010000000474974513
691,0.9640883803367615,0.19327759742736816,0.0010000000474974513
692,0.9613259434700012,0.16754238307476044,0.0010000000474974513
693,0.950276255607605,0.2136513888835907,0.0010000000474974513
694,0.9475138187408447,0.17793777585029602,0.0010000000474974513
695,0.939226508140564,0.16688913106918335,0.0010000000474974513
696,0.9613259434700012,0.1400032639503479,0.0010000000474974513
697,0.9558011293411255,0.14859849214553833,0.0010000000474974513
698,0.9668508172035217,0.1467137187719345,0.0010000000474974513
699,0.9613259434700012,0.15453989803791046,0.0010000000474974513
700,0.958563506603241,0.15309831500053406,0.0010000000474974513
701,0.950276255607605,0.1832137554883957,0.0010000000474974513
702,0.9447513818740845,0.16462524235248566,0.0010000000474974513
703,0.9751381278038025,0.16071276366710663,0.0010000000474974513
704,0.969613254070282,0.14404182136058807,0.0010000000474974513
705,0.9668508172035217,0.14794518053531647,0.0010000000474974513
706,0.9558011293411255,0.15982145071029663,0.0010000000474974513
707,0.980663001537323,0.12333272397518158,0.0010000000474974513
708,0.9530386924743652,0.15325595438480377,0.0010000000474974513
709,0.9447513818740845,0.19600681960582733,0.0010000000474974513
710,0.9364640712738037,0.19427946209907532,0.0010000000474974513
711,0.9447513818740845,0.1804693192243576,0.0010000000474974513
712,0.9558011293411255,0.1552339494228363,0.0010000000474974513
713,0.969613254070282,0.1342870444059372,0.0010000000474974513
714,0.9723756909370422,0.14385934174060822,0.0010000000474974513
715,0.9558011293411255,0.1584884226322174,0.0010000000474974513
716,0.9640883803367615,0.16283807158470154,0.0010000000474974513
717,0.9613259434700012,0.15695485472679138,0.0010000000474974513
718,0.9668508172035217,0.16493858397006989,0.0010000000474974513
719,0.9558011293411255,0.17678190767765045,0.0010000000474974513
720,0.9668508172035217,0.1526838093996048,0.0010000000474974513
721,0.9640883803367615,0.155300572514534,0.0010000000474974513
722,0.9558011293411255,0.154652938246727,0.0010000000474974513
723,0.9475138187408447,0.1640017181634903,0.0010000000474974513
724,0.9613259434700012,0.16087651252746582,0.0010000000474974513
725,0.9668508172035217,0.1358046531677246,0.0010000000474974513
726,0.958563506603241,0.14635016024112701,0.0010000000474974513
727,0.9364640712738037,0.18712063133716583,0.0010000000474974513
728,0.9834254384040833,0.13401813805103302,0.0010000000474974513
729,0.9640883803367615,0.14446285367012024,0.0010000000474974513
730,0.9668508172035217,0.15871956944465637,0.0010000000474974513
731,0.9419889450073242,0.2179105132818222,0.0010000000474974513
732,0.9309391975402832,0.2250986248254776,0.0010000000474974513
733,0.9640883803367615,0.1654568612575531,0.0010000000474974513
734,0.9558011293411255,0.16616879403591156,0.0010000000474974513
735,0.9640883803367615,0.16240356862545013,0.0010000000474974513
736,0.969613254070282,0.11586647480726242,0.0010000000474974513
737,0.958563506603241,0.15226899087429047,0.0010000000474974513
738,0.958563506603241,0.1656973958015442,0.0010000000474974513
739,0.9530386924743652,0.172973170876503,0.0010000000474974513
740,0.950276255607605,0.17300088703632355,0.0010000000474974513
741,0.958563506603241,0.15277887880802155,0.0010000000474974513
742,0.9254143834114075,0.22178085148334503,0.0010000000474974513
743,0.9143646359443665,0.22926245629787445,0.0010000000474974513
744,0.9171270728111267,0.25224754214286804,0.0010000000474974513
745,0.958563506603241,0.1949622631072998,0.0010000000474974513
746,0.9475138187408447,0.17964015901088715,0.0010000000474974513
747,0.9558011293411255,0.16427932679653168,0.0010000000474974513
748,0.9640883803367615,0.14826567471027374,0.0010000000474974513
749,0.9558011293411255,0.15354564785957336,0.0010000000474974513
750,0.9447513818740845,0.16864913702011108,0.0010000000474974513
751,0.9640883803367615,0.15428033471107483,0.0010000000474974513
752,0.9668508172035217,0.15556924045085907,0.0010000000474974513
753,0.9640883803367615,0.14403845369815826,0.0010000000474974513
754,0.9530386924743652,0.16620032489299774,0.0010000000474974513
755,0.958563506603241,0.1624535620212555,0.0010000000474974513
756,0.9558011293411255,0.16724881529808044,0.0010000000474974513
757,0.969613254070282,0.13596057891845703,0.0010000000474974513
758,0.969613254070282,0.13145311176776886,0.0010000000474974513
759,0.9723756909370422,0.1195475310087204,0.0010000000474974513
760,0.969613254070282,0.12729701399803162,0.0010000000474974513
761,0.9723756909370422,0.13299231231212616,0.0010000000474974513
762,0.969613254070282,0.13663317263126373,0.0010000000474974513
763,0.9613259434700012,0.14574812352657318,0.0010000000474974513
764,0.9723756909370422,0.14653025567531586,0.0010000000474974513
765,0.9723756909370422,0.13794603943824768,0.0010000000474974513
766,0.9751381278038025,0.11376169323921204,0.0010000000474974513
767,0.9779005646705627,0.12185349315404892,0.0010000000474974513
768,0.9723756909370422,0.12206286936998367,0.0010000000474974513
769,0.9558011293411255,0.13783980906009674,0.0010000000474974513
770,0.939226508140564,0.1558096706867218,0.0010000000474974513
771,0.9613259434700012,0.15363803505897522,0.0010000000474974513
772,0.9558011293411255,0.14588792622089386,0.0010000000474974513
773,0.9779005646705627,0.1156458705663681,0.0010000000474974513
774,0.9640883803367615,0.12910676002502441,0.0010000000474974513
775,0.958563506603241,0.13041558861732483,0.0010000000474974513
776,0.958563506603241,0.16681092977523804,0.0010000000474974513
777,0.9613259434700012,0.15385201573371887,0.0010000000474974513
778,0.9530386924743652,0.14898698031902313,0.0010000000474974513
779,0.958563506603241,0.14884896576404572,0.0010000000474974513
780,0.9751381278038025,0.12308064103126526,0.0010000000474974513
781,0.969613254070282,0.13241712749004364,0.0010000000474974513
782,0.9640883803367615,0.12268556654453278,0.0010000000474974513
783,0.980663001537323,0.10454346239566803,0.0010000000474974513
784,0.9834254384040833,0.10847930610179901,0.0010000000474974513
785,0.9751381278038025,0.12201976031064987,0.0010000000474974513
786,0.969613254070282,0.11983782798051834,0.0010000000474974513
787,0.9779005646705627,0.11125092208385468,0.0010000000474974513
788,0.9861878156661987,0.10912197828292847,0.0010000000474974513
789,0.9751381278038025,0.11898793280124664,0.0010000000474974513
790,0.9447513818740845,0.15178079903125763,0.0010000000474974513
791,0.9668508172035217,0.1268867701292038,0.0010000000474974513
792,0.9530386924743652,0.15414035320281982,0.0010000000474974513
793,0.9475138187408447,0.18582147359848022,0.0010000000474974513
794,0.9364640712738037,0.209227055311203,0.0010000000474974513
795,0.9640883803367615,0.1564158797264099,0.0010000000474974513
796,0.9558011293411255,0.15544266998767853,0.0010000000474974513
797,0.9613259434700012,0.15429919958114624,0.0010000000474974513
798,0.9668508172035217,0.13339371979236603,0.0010000000474974513
799,0.9751381278038025,0.11563704907894135,0.0010000000474974513
800,0.969613254070282,0.11485293507575989,0.0010000000474974513
801,0.969613254070282,0.11874768882989883,0.0010000000474974513
802,0.9640883803367615,0.1448700875043869,0.0010000000474974513
803,0.9613259434700012,0.13374556601047516,0.0010000000474974513
804,0.980663001537323,0.1013079285621643,0.0010000000474974513
805,0.9751381278038025,0.10547980666160583,0.0010000000474974513
806,0.980663001537323,0.09539585560560226,0.0010000000474974513
807,0.9640883803367615,0.11577450484037399,0.0010000000474974513
808,0.9751381278038025,0.11296157538890839,0.0010000000474974513
809,0.9668508172035217,0.11756927520036697,0.0010000000474974513
810,0.9834254384040833,0.08928312361240387,0.0010000000474974513
811,0.9917126893997192,0.08947369456291199,0.0010000000474974513
812,0.9779005646705627,0.10243465006351471,0.0010000000474974513
813,0.9668508172035217,0.1185138151049614,0.0010000000474974513
814,0.9779005646705627,0.1217128187417984,0.0010000000474974513
815,0.988950252532959,0.08934816718101501,0.0010000000474974513
816,0.9723756909370422,0.12544190883636475,0.0010000000474974513
817,0.9751381278038025,0.11578976362943649,0.0010000000474974513
818,0.9723756909370422,0.12061315029859543,0.0010000000474974513
819,0.969613254070282,0.13427022099494934,0.0010000000474974513
820,0.9419889450073242,0.19960246980190277,0.0010000000474974513
821,0.9364640712738037,0.20646679401397705,0.0010000000474974513
822,0.9668508172035217,0.1616305410861969,0.0010000000474974513
823,0.958563506603241,0.13171696662902832,0.0010000000474974513
824,0.9613259434700012,0.11049710959196091,0.0010000000474974513
825,0.9668508172035217,0.12814220786094666,0.0010000000474974513
826,0.9779005646705627,0.11269312351942062,0.0010000000474974513
827,0.9751381278038025,0.09877391159534454,0.0010000000474974513
828,0.9861878156661987,0.08887476474046707,0.0010000000474974513
829,0.9779005646705627,0.10969118028879166,0.0010000000474974513
830,0.9751381278038025,0.1031629666686058,0.0010000000474974513
831,0.958563506603241,0.14688526093959808,0.0010000000474974513
832,0.9640883803367615,0.1459922045469284,0.0010000000474974513
833,0.9530386924743652,0.157492995262146,0.0010000000474974513
834,0.969613254070282,0.12475281208753586,0.0010000000474974513
835,0.9751381278038025,0.09525652974843979,0.0010000000474974513
836,0.969613254070282,0.12583529949188232,0.0010000000474974513
837,0.9779005646705627,0.10917259752750397,0.0010000000474974513
838,0.9751381278038025,0.10396052151918411,0.0010000000474974513
839,0.9834254384040833,0.10946711897850037,0.0010000000474974513
840,0.980663001537323,0.1275428831577301,0.0010000000474974513
841,0.9834254384040833,0.11079078167676926,0.0010000000474974513
842,0.969613254070282,0.11968211084604263,0.0010000000474974513
843,0.980663001537323,0.11243893951177597,0.0010000000474974513
844,0.980663001537323,0.10648778825998306,0.0010000000474974513
845,0.9779005646705627,0.10315170139074326,0.0010000000474974513
846,0.9668508172035217,0.12561681866645813,0.0010000000474974513
847,0.9779005646705627,0.11428443342447281,0.0010000000474974513
848,0.9613259434700012,0.15190061926841736,0.0010000000474974513
849,0.9475138187408447,0.15420739352703094,0.0010000000474974513
850,0.9723756909370422,0.13345108926296234,0.0010000000474974513
851,0.9668508172035217,0.13369260728359222,0.0010000000474974513
852,0.980663001537323,0.10707379877567291,0.0010000000474974513
853,0.969613254070282,0.13710808753967285,0.0010000000474974513
854,0.9834254384040833,0.10015370696783066,0.0010000000474974513
855,0.9779005646705627,0.09616770595312119,0.0010000000474974513
856,0.9723756909370422,0.1225852221250534,0.0010000000474974513
857,0.9668508172035217,0.12507516145706177,0.0010000000474974513
858,0.9723756909370422,0.11756574362516403,0.0010000000474974513
859,0.9475138187408447,0.13454852998256683,0.0010000000474974513
860,0.969613254070282,0.12059279531240463,0.0010000000474974513
861,0.958563506603241,0.1318017989397049,0.0010000000474974513
862,0.969613254070282,0.1306578367948532,0.0010000000474974513
863,0.9613259434700012,0.12238162010908127,0.0010000000474974513
864,0.9668508172035217,0.12444178760051727,0.0010000000474974513
865,0.9779005646705627,0.10930203646421432,0.0010000000474974513
866,0.980663001537323,0.0993417352437973,0.0010000000474974513
867,0.9944751262664795,0.09012655168771744,0.0010000000474974513
868,0.9779005646705627,0.10426851361989975,0.0010000000474974513
869,0.9834254384040833,0.08852081745862961,0.0010000000474974513
870,0.958563506603241,0.12647821009159088,0.0010000000474974513
871,0.9723756909370422,0.10836224257946014,0.0010000000474974513
872,0.969613254070282,0.11881048232316971,0.0010000000474974513
873,0.9779005646705627,0.09989260137081146,0.0010000000474974513
874,0.988950252532959,0.0857926532626152,0.0010000000474974513
875,0.9723756909370422,0.09396270662546158,0.0010000000474974513
876,0.969613254070282,0.12595559656620026,0.0010000000474974513
877,0.9917126893997192,0.09377835690975189,0.0010000000474974513
878,0.969613254070282,0.12171533703804016,0.0010000000474974513
879,0.9419889450073242,0.13539442420005798,0.0010000000474974513
880,0.9779005646705627,0.09916448593139648,0.0010000000474974513
881,0.980663001537323,0.10755957663059235,0.0010000000474974513
882,0.9723756909370422,0.09128890931606293,0.0010000000474974513
883,0.9751381278038025,0.1070079356431961,0.0010000000474974513
884,0.9668508172035217,0.11150724440813065,0.0010000000474974513
885,0.9834254384040833,0.08795629441738129,0.0010000000474974513
886,0.980663001537323,0.09972315281629562,0.0010000000474974513
887,0.988950252532959,0.08721304684877396,0.0010000000474974513
888,0.9944751262664795,0.07413659244775772,0.0010000000474974513
889,0.9972375631332397,0.06711066514253616,0.0010000000474974513
890,0.9917126893997192,0.07482592761516571,0.0010000000474974513
891,0.9834254384040833,0.09296699613332748,0.0010000000474974513
892,0.9779005646705627,0.09128391742706299,0.0010000000474974513
893,0.9779005646705627,0.09145668894052505,0.0010000000474974513
894,0.9779005646705627,0.09429987519979477,0.0010000000474974513
895,0.9779005646705627,0.0957321971654892,0.0010000000474974513
896,0.980663001537323,0.08924224227666855,0.0010000000474974513
897,0.988950252532959,0.07855847477912903,0.0010000000474974513
898,0.9751381278038025,0.09143094718456268,0.0010000000474974513
899,0.9613259434700012,0.11727970838546753,0.0010000000474974513
900,0.9668508172035217,0.12148775905370712,0.0010000000474974513
901,0.9640883803367615,0.1059463694691658,0.0010000000474974513
902,0.958563506603241,0.12096087634563446,0.0010000000474974513
903,0.988950252532959,0.09511265903711319,0.0010000000474974513
904,0.9751381278038025,0.10406684130430222,0.0010000000474974513
905,0.969613254070282,0.1217961311340332,0.0010000000474974513
906,0.9640883803367615,0.12017989903688431,0.0010000000474974513
907,0.9723756909370422,0.11183451861143112,0.0010000000474974513
908,0.9834254384040833,0.10322647541761398,0.0010000000474974513
909,0.980663001537323,0.09011329710483551,0.0010000000474974513
910,0.9613259434700012,0.14092135429382324,0.0010000000474974513
911,0.9419889450073242,0.17333032190799713,0.0010000000474974513
912,0.958563506603241,0.1332417130470276,0.0010000000474974513
913,0.9613259434700012,0.13838931918144226,0.0010000000474974513
914,0.969613254070282,0.10332506150007248,0.0010000000474974513
915,0.980663001537323,0.09359515458345413,0.0010000000474974513
916,0.9751381278038025,0.10621453076601028,0.0010000000474974513
917,0.9834254384040833,0.09708251804113388,0.0010000000474974513
918,0.980663001537323,0.08794458210468292,0.0010000000474974513
919,0.988950252532959,0.08030012249946594,0.0010000000474974513
920,0.9779005646705627,0.09987600147724152,0.0010000000474974513
921,0.9668508172035217,0.10241129994392395,0.0010000000474974513
922,0.9779005646705627,0.0893002301454544,0.0010000000474974513
923,0.9751381278038025,0.08488761633634567,0.0010000000474974513
924,0.9723756909370422,0.11204478144645691,0.0010000000474974513
925,0.9723756909370422,0.10995107144117355,0.0010000000474974513
926,0.9779005646705627,0.1171637773513794,0.0010000000474974513
927,0.980663001537323,0.08305118978023529,0.0010000000474974513
928,0.9723756909370422,0.09998977184295654,0.0010000000474974513
929,0.9723756909370422,0.09368390589952469,0.0010000000474974513
930,0.9834254384040833,0.08491464704275131,0.0010000000474974513
931,0.980663001537323,0.08793047070503235,0.0010000000474974513
932,0.9834254384040833,0.09059018641710281,0.0010000000474974513
933,0.9751381278038025,0.12481582909822464,0.0010000000474974513
934,0.9640883803367615,0.11758270114660263,0.0010000000474974513
935,0.9861878156661987,0.08539047092199326,0.0010000000474974513
936,0.9861878156661987,0.08414356410503387,0.0010000000474974513
937,0.969613254070282,0.09809058904647827,0.0010000000474974513
938,0.9613259434700012,0.12521328032016754,0.0010000000474974513
939,0.9640883803367615,0.11593839526176453,0.0010000000474974513
940,0.9751381278038025,0.08970092236995697,0.0005000000237487257
941,0.988950252532959,0.060460470616817474,0.0005000000237487257
942,0.9944751262664795,0.053347066044807434,0.0005000000237487257
943,0.9972375631332397,0.05211605504155159,0.0005000000237487257
944,0.9972375631332397,0.058045096695423126,0.0005000000237487257
945,0.9917126893997192,0.05856773629784584,0.0005000000237487257
946,0.988950252532959,0.05073690786957741,0.0005000000237487257
947,0.9972375631332397,0.05340281128883362,0.0005000000237487257
948,0.9944751262664795,0.05277504026889801,0.0005000000237487257
949,0.9944751262664795,0.052964888513088226,0.0005000000237487257
950,0.9917126893997192,0.05201105400919914,0.0005000000237487257
951,0.9972375631332397,0.04854626953601837,0.0005000000237487257
952,0.9944751262664795,0.052470650523900986,0.0005000000237487257
953,0.988950252532959,0.05519180744886398,0.0005000000237487257
954,1.0,0.05094414949417114,0.0005000000237487257
955,0.9944751262664795,0.04931166395545006,0.0005000000237487257
956,0.9972375631332397,0.04934877157211304,0.0005000000237487257
957,0.9972375631332397,0.047281306236982346,0.0005000000237487257
958,0.9944751262664795,0.049056679010391235,0.0005000000237487257
959,0.988950252532959,0.06046304479241371,0.0005000000237487257
960,0.9972375631332397,0.05318543314933777,0.0005000000237487257
961,0.9944751262664795,0.04776794835925102,0.0005000000237487257
962,1.0,0.03360794484615326,0.0005000000237487257
963,1.0,0.038685861974954605,0.0005000000237487257
964,0.9917126893997192,0.04206794872879982,0.0005000000237487257
965,0.9972375631332397,0.042621951550245285,0.0005000000237487257
966,0.988950252532959,0.05169973149895668,0.0005000000237487257
967,0.9972375631332397,0.05169324204325676,0.0005000000237487257
968,0.9917126893997192,0.04678713157773018,0.0005000000237487257
969,0.9861878156661987,0.063398078083992,0.0005000000237487257
970,1.0,0.04543057829141617,0.0005000000237487257
971,0.9944751262664795,0.05477374047040939,0.0005000000237487257
972,0.9944751262664795,0.049948155879974365,0.0005000000237487257
973,0.988950252532959,0.059637513011693954,0.0005000000237487257
974,0.9944751262664795,0.05314445123076439,0.0005000000237487257
975,0.988950252532959,0.05155454948544502,0.0005000000237487257
976,0.9917126893997192,0.05859021842479706,0.0005000000237487257
977,0.988950252532959,0.053596366196870804,0.0005000000237487257
978,0.9917126893997192,0.060231976211071014,0.0005000000237487257
979,1.0,0.04660414531826973,0.0005000000237487257
980,0.9944751262664795,0.05315109342336655,0.0005000000237487257
981,0.9834254384040833,0.06986645609140396,0.0005000000237487257
982,0.9944751262664795,0.047443266957998276,0.0005000000237487257
983,0.9972375631332397,0.04459473863244057,0.0005000000237487257
984,1.0,0.04596862941980362,0.0005000000237487257
985,0.9944751262664795,0.048768576234579086,0.0005000000237487257
986,0.9944751262664795,0.047676339745521545,0.0005000000237487257
987,0.9944751262664795,0.05862713232636452,0.0005000000237487257
988,1.0,0.039892081171274185,0.0005000000237487257
989,0.9944751262664795,0.04034272953867912,0.0005000000237487257
990,0.9972375631332397,0.043238330632448196,0.0005000000237487257
991,0.9972375631332397,0.04593672230839729,0.0005000000237487257
992,1.0,0.045113272964954376,0.0005000000237487257
993,0.9944751262664795,0.05380970239639282,0.0005000000237487257
994,0.9861878156661987,0.048095665872097015,0.0005000000237487257
995,0.9917126893997192,0.045273516327142715,0.0005000000237487257
996,0.9917126893997192,0.04556604102253914,0.0005000000237487257
997,0.9917126893997192,0.0518876388669014,0.0005000000237487257
998,0.9917126893997192,0.05514734983444214,0.0005000000237487257
999,0.9834254384040833,0.050651565194129944,0.0005000000237487257
1000,0.988950252532959,0.053704507648944855,0.0005000000237487257
1001,0.9944751262664795,0.04878535866737366,0.0005000000237487257
1002,1.0,0.051955707371234894,0.0005000000237487257
1003,1.0,0.044991616159677505,0.0005000000237487257
1004,1.0,0.04207734018564224,0.0005000000237487257
1005,0.9944751262664795,0.04550940543413162,0.0005000000237487257
1006,0.9917126893997192,0.04889877513051033,0.0005000000237487257
1007,0.9944751262664795,0.04760165885090828,0.0005000000237487257
1008,0.988950252532959,0.05986499413847923,0.0005000000237487257
1009,0.9779005646705627,0.06763173639774323,0.0005000000237487257
1010,0.9917126893997192,0.06835963577032089,0.0005000000237487257
1011,0.9944751262664795,0.05757823958992958,0.0005000000237487257
1012,0.980663001537323,0.07595854252576828,0.0005000000237487257
1013,0.988950252532959,0.05136372894048691,0.0002500000118743628
1014,0.9917126893997192,0.047108132392168045,0.0002500000118743628
1015,0.9972375631332397,0.046454768627882004,0.0002500000118743628
1016,0.9972375631332397,0.03748542070388794,0.0002500000118743628
1017,1.0,0.04341179132461548,0.0002500000118743628
1018,1.0,0.03567753732204437,0.0002500000118743628
1019,0.9972375631332397,0.030586587265133858,0.0002500000118743628
1020,0.9944751262664795,0.03847241401672363,0.0002500000118743628
1021,0.9972375631332397,0.03758393973112106,0.0002500000118743628
1022,1.0,0.034727271646261215,0.0002500000118743628
1023,1.0,0.030997471883893013,0.0002500000118743628
1024,1.0,0.03287847712635994,0.0002500000118743628
1025,1.0,0.032552435994148254,0.0002500000118743628
1026,0.9972375631332397,0.03663741797208786,0.0002500000118743628
1027,1.0,0.03588484600186348,0.0002500000118743628
1028,0.9972375631332397,0.04314250499010086,0.0002500000118743628
1029,0.9944751262664795,0.03955106437206268,0.0002500000118743628
1030,0.9972375631332397,0.04456058517098427,0.0002500000118743628
1031,1.0,0.037106096744537354,0.0002500000118743628
1032,0.9944751262664795,0.04273076355457306,0.0002500000118743628
1033,0.9944751262664795,0.03595271706581116,0.0002500000118743628
1034,0.9972375631332397,0.03896219655871391,0.0002500000118743628
1035,1.0,0.03432681784033775,0.0002500000118743628
1036,1.0,0.03432855382561684,0.0002500000118743628
1037,0.9972375631332397,0.03875431418418884,0.0002500000118743628
1038,0.9972375631332397,0.032230500131845474,0.0002500000118743628
1039,1.0,0.03245361149311066,0.0002500000118743628
1040,1.0,0.036809276789426804,0.0002500000118743628
1041,0.9944751262664795,0.03625700622797012,0.0002500000118743628
1042,1.0,0.03191289305686951,0.0002500000118743628
1043,0.9972375631332397,0.03478345647454262,0.0002500000118743628
1044,0.9944751262664795,0.0401715412735939,0.0002500000118743628
1045,0.9972375631332397,0.030896464362740517,0.0002500000118743628
1046,0.9917126893997192,0.04150084778666496,0.0002500000118743628
1047,0.9944751262664795,0.045092858374118805,0.0002500000118743628
1048,0.9944751262664795,0.03559857979416847,0.0002500000118743628
1049,0.9972375631332397,0.04420730471611023,0.0002500000118743628
1050,1.0,0.04097247123718262,0.0002500000118743628
1051,0.9972375631332397,0.03784782811999321,0.0002500000118743628
1052,0.9972375631332397,0.034758929163217545,0.0002500000118743628
1053,1.0,0.03677371144294739,0.0002500000118743628
1054,0.9972375631332397,0.03504697605967522,0.0002500000118743628
1055,1.0,0.03068597987294197,0.0002500000118743628
1056,1.0,0.029758581891655922,0.0002500000118743628
1057,0.9972375631332397,0.04212627187371254,0.0002500000118743628
1058,0.9972375631332397,0.02772648073732853,0.0002500000118743628
1059,0.9972375631332397,0.03582519292831421,0.0002500000118743628
1060,0.9972375631332397,0.03712189942598343,0.0002500000118743628
1061,0.9917126893997192,0.032999832183122635,0.0002500000118743628
1062,1.0,0.024911824613809586,0.0002500000118743628
1063,1.0,0.03069813922047615,0.0002500000118743628
1064,1.0,0.031155338510870934,0.0002500000118743628
1065,1.0,0.031290654093027115,0.0002500000118743628
1066,1.0,0.03321441262960434,0.0002500000118743628
1067,1.0,0.029135024175047874,0.0002500000118743628
1068,1.0,0.028726469725370407,0.0002500000118743628
1069,1.0,0.03371940180659294,0.0002500000118743628
1070,0.9972375631332397,0.03240389749407768,0.0002500000118743628
1071,1.0,0.027174929156899452,0.0002500000118743628
1072,0.9944751262664795,0.037291526794433594,0.0002500000118743628
1073,0.9972375631332397,0.03367904946208,0.0002500000118743628
1074,0.9972375631332397,0.03323950245976448,0.0002500000118743628
1075,1.0,0.032989248633384705,0.0002500000118743628
1076,0.9972375631332397,0.03571677953004837,0.0002500000118743628
1077,1.0,0.03236544504761696,0.0002500000118743628
1078,0.9972375631332397,0.03550180047750473,0.0002500000118743628
1079,0.9944751262664795,0.03716786950826645,0.0002500000118743628
1080,1.0,0.028333617374300957,0.0002500000118743628
1081,0.9972375631332397,0.032380763441324234,0.0002500000118743628
1082,0.9972375631332397,0.030017927289009094,0.0002500000118743628
1083,1.0,0.02823052927851677,0.0002500000118743628
1084,0.9944751262664795,0.03563104569911957,0.0002500000118743628
1085,0.9944751262664795,0.038149990141391754,0.0002500000118743628
1086,0.9972375631332397,0.03335150331258774,0.0002500000118743628
1087,1.0,0.0275421142578125,0.0002500000118743628
1088,1.0,0.031525660306215286,0.0002500000118743628
1089,1.0,0.035560060292482376,0.0002500000118743628
1090,0.9972375631332397,0.03681185841560364,0.0002500000118743628
1091,0.9972375631332397,0.03269166499376297,0.0002500000118743628
1092,1.0,0.025871526449918747,0.0002500000118743628
1093,1.0,0.03325827419757843,0.0002500000118743628
1094,0.9972375631332397,0.026931151747703552,0.0002500000118743628
1095,0.9972375631332397,0.0369812548160553,0.0002500000118743628
1096,1.0,0.027394095435738564,0.0002500000118743628
1097,1.0,0.03015662543475628,0.0002500000118743628
1098,1.0,0.024199582636356354,0.0002500000118743628
1099,1.0,0.03053746558725834,0.0002500000118743628
1100,0.9917126893997192,0.03327352553606033,0.0002500000118743628
1101,1.0,0.032585397362709045,0.0002500000118743628
1102,1.0,0.03621179237961769,0.0002500000118743628
1103,0.9972375631332397,0.02998371608555317,0.0002500000118743628
1104,1.0,0.029526030644774437,0.0002500000118743628
1105,0.9972375631332397,0.029894979670643806,0.0002500000118743628
1106,0.9972375631332397,0.03344300389289856,0.0002500000118743628
1107,0.9972375631332397,0.03671404346823692,0.0002500000118743628
1108,0.9944751262664795,0.032586470246315,0.0002500000118743628
1109,1.0,0.02805684506893158,0.0002500000118743628
1110,1.0,0.026459600776433945,0.0002500000118743628
1111,1.0,0.02802155166864395,0.0002500000118743628
1112,1.0,0.02739305980503559,0.0002500000118743628
1113,0.9944751262664795,0.04054133966565132,0.0002500000118743628
1114,1.0,0.031917233020067215,0.0002500000118743628
1115,1.0,0.03649541735649109,0.0002500000118743628
1116,0.9972375631332397,0.03306662663817406,0.0002500000118743628
1117,0.9972375631332397,0.03654142841696739,0.0002500000118743628
1118,0.9917126893997192,0.04491740092635155,0.0002500000118743628
1119,0.9944751262664795,0.038750309497117996,0.0002500000118743628
1120,1.0,0.02337031066417694,0.0002500000118743628
1121,0.9917126893997192,0.04267066344618797,0.0002500000118743628
1122,0.9972375631332397,0.030947232618927956,0.0002500000118743628
1123,0.9972375631332397,0.030043212696909904,0.0002500000118743628
1124,0.9972375631332397,0.030918560922145844,0.0002500000118743628
1125,0.9972375631332397,0.03772760182619095,0.0002500000118743628
1126,0.9972375631332397,0.030651167035102844,0.0002500000118743628
1127,1.0,0.03241874650120735,0.0002500000118743628
1128,0.9972375631332397,0.02916390635073185,0.0002500000118743628
1129,0.9944751262664795,0.035365309566259384,0.0002500000118743628
1130,0.9972375631332397,0.03451855108141899,0.0002500000118743628
1131,0.9944751262664795,0.03629779815673828,0.0002500000118743628
1132,1.0,0.02775169163942337,0.0002500000118743628
1133,0.9972375631332397,0.03426095098257065,0.0002500000118743628
1134,1.0,0.032758571207523346,0.0002500000118743628
1135,1.0,0.03440801426768303,0.0002500000118743628
1136,1.0,0.027809634804725647,0.0002500000118743628
1137,1.0,0.026712551712989807,0.0002500000118743628
1138,1.0,0.03052918240427971,0.0002500000118743628
1139,1.0,0.031871240586042404,0.0002500000118743628
1140,1.0,0.02596230059862137,0.0002500000118743628
1141,1.0,0.03192833065986633,0.0002500000118743628
1142,1.0,0.03942805901169777,0.0002500000118743628
1143,0.9972375631332397,0.037909042090177536,0.0002500000118743628
1144,0.9944751262664795,0.03985663503408432,0.0002500000118743628
1145,0.9972375631332397,0.029438376426696777,0.0002500000118743628
1146,1.0,0.03292170166969299,0.0002500000118743628
1147,0.9972375631332397,0.03265738487243652,0.0002500000118743628
1148,0.9944751262664795,0.035562664270401,0.0002500000118743628
1149,1.0,0.032643839716911316,0.0002500000118743628
1150,1.0,0.02841321937739849,0.0002500000118743628
1151,0.9944751262664795,0.03382996469736099,0.0002500000118743628
1152,0.9972375631332397,0.037108972668647766,0.0002500000118743628
1153,0.9944751262664795,0.033256661146879196,0.0002500000118743628
1154,1.0,0.029849890619516373,0.0002500000118743628
1155,1.0,0.025428427383303642,0.0002500000118743628
1156,1.0,0.02899681031703949,0.0002500000118743628
1157,0.9944751262664795,0.04272131249308586,0.0002500000118743628
1158,0.9972375631332397,0.035331614315509796,0.0002500000118743628
1159,1.0,0.0325155109167099,0.0002500000118743628
1160,0.9972375631332397,0.030054697766900063,0.0002500000118743628
1161,0.9944751262664795,0.035437293350696564,0.0002500000118743628
1162,0.9972375631332397,0.02861098386347294,0.0002500000118743628
1163,0.9972375631332397,0.030395369976758957,0.0002500000118743628
1164,0.9944751262664795,0.03474484384059906,0.0002500000118743628
1165,0.9972375631332397,0.029386280104517937,0.0002500000118743628
1166,0.9972375631332397,0.034842461347579956,0.0002500000118743628
1167,0.9972375631332397,0.03020053170621395,0.0002500000118743628
1168,1.0,0.02446751296520233,0.0002500000118743628
1169,1.0,0.02539352886378765,0.0002500000118743628
1170,0.9972375631332397,0.03665344417095184,0.0002500000118743628
1171,1.0,0.029901739209890366,0.0001250000059371814
1172,1.0,0.02481529861688614,0.0001250000059371814
1173,1.0,0.024481136351823807,0.0001250000059371814
1174,1.0,0.022220874205231667,0.0001250000059371814
1175,1.0,0.02297176420688629,0.0001250000059371814
1176,1.0,0.018918976187705994,0.0001250000059371814
1177,1.0,0.0206892192363739,0.0001250000059371814
1178,1.0,0.02567366138100624,0.0001250000059371814
1179,1.0,0.023788249120116234,0.0001250000059371814
1180,1.0,0.022852301597595215,0.0001250000059371814
1181,0.9944751262664795,0.034867770969867706,0.0001250000059371814
1182,0.9972375631332397,0.027476690709590912,0.0001250000059371814
1183,0.9972375631332397,0.02635185979306698,0.0001250000059371814
1184,1.0,0.02550419047474861,0.0001250000059371814
1185,1.0,0.024346470832824707,0.0001250000059371814
1186,1.0,0.02216065675020218,0.0001250000059371814
1187,1.0,0.018917599692940712,0.0001250000059371814
1188,1.0,0.025237571448087692,0.0001250000059371814
1189,1.0,0.02067757397890091,0.0001250000059371814
1190,0.9972375631332397,0.02482263371348381,0.0001250000059371814
1191,0.9972375631332397,0.02596307173371315,0.0001250000059371814
1192,1.0,0.024072540923953056,0.0001250000059371814
1193,1.0,0.01849403791129589,0.0001250000059371814
1194,1.0,0.019285745918750763,0.0001250000059371814
1195,1.0,0.023678502067923546,0.0001250000059371814
1196,1.0,0.018149683251976967,0.0001250000059371814
1197,0.9972375631332397,0.027565142139792442,0.0001250000059371814
1198,1.0,0.02143816091120243,0.0001250000059371814
1199,0.9972375631332397,0.0257255919277668,0.0001250000059371814
1200,1.0,0.021343708038330078,0.0001250000059371814
1201,1.0,0.0225862804800272,0.0001250000059371814
1202,1.0,0.027979286387562752,0.0001250000059371814
1203,1.0,0.02587094157934189,0.0001250000059371814
1204,1.0,0.02313377894461155,0.0001250000059371814
1205,1.0,0.02168779820203781,0.0001250000059371814
1206,1.0,0.022915981709957123,0.0001250000059371814
1207,1.0,0.020880380645394325,0.0001250000059371814
1208,1.0,0.02404819428920746,0.0001250000059371814
1209,1.0,0.02317914366722107,0.0001250000059371814
1210,0.9972375631332397,0.03281966969370842,0.0001250000059371814
1211,1.0,0.01887734793126583,0.0001250000059371814
1212,0.9972375631332397,0.02342084050178528,0.0001250000059371814
1213,1.0,0.020701851695775986,0.0001250000059371814
1214,1.0,0.019646691158413887,0.0001250000059371814
1215,1.0,0.0216668713837862,0.0001250000059371814
1216,1.0,0.020626429468393326,0.0001250000059371814
1217,1.0,0.019408579915761948,0.0001250000059371814
1218,1.0,0.020544638857245445,0.0001250000059371814
1219,1.0,0.023379679769277573,0.0001250000059371814
1220,1.0,0.023555096238851547,0.0001250000059371814
1221,1.0,0.021406764164566994,0.0001250000059371814
1222,1.0,0.023041417822241783,0.0001250000059371814
1223,1.0,0.02385518327355385,0.0001250000059371814
1224,1.0,0.022718066349625587,0.0001250000059371814
1225,0.9972375631332397,0.027583986520767212,0.0001250000059371814
1226,1.0,0.02213222347199917,0.0001250000059371814
1227,0.9972375631332397,0.026288514956831932,0.0001250000059371814
1228,1.0,0.020660774782299995,0.0001250000059371814
1229,1.0,0.02018238790333271,0.0001250000059371814
1230,1.0,0.01920301653444767,0.0001250000059371814
1231,0.9972375631332397,0.02517821080982685,0.0001250000059371814
1232,0.9972375631332397,0.021811477839946747,0.0001250000059371814
1233,1.0,0.02129310928285122,0.0001250000059371814
1234,1.0,0.022715376690030098,0.0001250000059371814
1235,1.0,0.01812807284295559,0.0001250000059371814
1236,0.9972375631332397,0.025456789880990982,0.0001250000059371814
1237,1.0,0.022558441385626793,0.0001250000059371814
1238,1.0,0.020070383325219154,0.0001250000059371814
1239,1.0,0.01770707592368126,0.0001250000059371814
1240,1.0,0.02079692669212818,0.0001250000059371814
1241,0.9972375631332397,0.020794857293367386,0.0001250000059371814
1242,1.0,0.021758217364549637,0.0001250000059371814
1243,0.9972375631332397,0.024517381563782692,0.0001250000059371814
1244,0.9972375631332397,0.026400761678814888,0.0001250000059371814
1245,1.0,0.023940378800034523,0.0001250000059371814
1246,0.9972375631332397,0.02143157832324505,0.0001250000059371814
1247,1.0,0.018657449632883072,0.0001250000059371814
1248,0.9972375631332397,0.022077014669775963,0.0001250000059371814
1249,1.0,0.02067934162914753,0.0001250000059371814
1250,1.0,0.01865917071700096,0.0001250000059371814
1251,0.9972375631332397,0.025835242122411728,0.0001250000059371814
1252,1.0,0.026528168469667435,0.0001250000059371814
1253,0.9972375631332397,0.026977473869919777,0.0001250000059371814
1254,1.0,0.02407674677670002,0.0001250000059371814
1255,0.9972375631332397,0.029144279658794403,0.0001250000059371814
1256,1.0,0.024200178682804108,0.0001250000059371814
1257,1.0,0.022701427340507507,0.0001250000059371814
1258,1.0,0.021798022091388702,0.0001250000059371814
1259,1.0,0.02134069614112377,0.0001250000059371814
1260,1.0,0.02581971324980259,0.0001250000059371814
1261,1.0,0.0193457193672657,0.0001250000059371814
1262,0.9972375631332397,0.026915766298770905,0.0001250000059371814
1263,1.0,0.022483477368950844,0.0001250000059371814
1264,1.0,0.01923319511115551,0.0001250000059371814
1265,1.0,0.022689951583743095,0.0001250000059371814
1266,1.0,0.026932671666145325,0.0001250000059371814
1267,0.9917126893997192,0.029422249644994736,0.0001250000059371814
1268,1.0,0.019841760396957397,0.0001250000059371814
1269,1.0,0.020836809650063515,0.0001250000059371814
1270,1.0,0.020570669323205948,0.0001250000059371814
1271,1.0,0.017740141600370407,0.0001250000059371814
1272,1.0,0.020380375906825066,0.0001250000059371814
1273,1.0,0.023657582700252533,0.0001250000059371814
1274,1.0,0.01737833209335804,0.0001250000059371814
1275,1.0,0.020861634984612465,0.0001250000059371814
1276,1.0,0.019645778462290764,0.0001250000059371814
1277,0.9972375631332397,0.024686086922883987,0.0001250000059371814
1278,1.0,0.020163629204034805,0.0001250000059371814
1279,1.0,0.01935003139078617,0.0001250000059371814
1280,1.0,0.02150513045489788,0.0001250000059371814
1281,1.0,0.019932325929403305,0.0001250000059371814
1282,1.0,0.022499630227684975,0.0001250000059371814
1283,0.9972375631332397,0.023157166317105293,0.0001250000059371814
1284,0.9972375631332397,0.020790869370102882,0.0001250000059371814
1285,1.0,0.01995643973350525,0.0001250000059371814
1286,0.9944751262664795,0.028607798740267754,0.0001250000059371814
1287,0.9944751262664795,0.030729027464985847,0.0001250000059371814
1288,1.0,0.025385163724422455,0.0001250000059371814
1289,1.0,0.021895864978432655,0.0001250000059371814
1290,1.0,0.020992321893572807,0.0001250000059371814
1291,1.0,0.024166569113731384,0.0001250000059371814
1292,1.0,0.020956818014383316,0.0001250000059371814
1293,1.0,0.018444253131747246,0.0001250000059371814
1294,1.0,0.020345894619822502,0.0001250000059371814
1295,1.0,0.02282416634261608,0.0001250000059371814
1296,1.0,0.023658741265535355,0.0001250000059371814
1297,1.0,0.018992144614458084,0.0001250000059371814
1298,1.0,0.01789800450205803,0.0001250000059371814
1299,1.0,0.018596213310956955,0.0001250000059371814
1300,1.0,0.020287329331040382,0.0001250000059371814
1301,1.0,0.01890738680958748,0.0001250000059371814
1302,1.0,0.020296335220336914,0.0001250000059371814
1303,1.0,0.023360786959528923,0.0001250000059371814
1304,0.9972375631332397,0.026208749040961266,0.0001250000059371814
1305,1.0,0.02343728207051754,0.0001250000059371814
1306,1.0,0.023848198354244232,0.0001250000059371814
1307,1.0,0.017229871824383736,0.0001250000059371814
1308,1.0,0.020570218563079834,0.0001250000059371814
1309,1.0,0.01834927499294281,0.0001250000059371814
1310,1.0,0.017100803554058075,0.0001250000059371814
1311,0.9944751262664795,0.02588115632534027,0.0001250000059371814
1312,1.0,0.019017646089196205,0.0001250000059371814
1313,1.0,0.02296820469200611,0.0001250000059371814
1314,1.0,0.020077921450138092,0.0001250000059371814
1315,1.0,0.02057129517197609,0.0001250000059371814
1316,1.0,0.021902602165937424,0.0001250000059371814
1317,1.0,0.017553245648741722,0.0001250000059371814
1318,1.0,0.018878426402807236,0.0001250000059371814
1319,0.9972375631332397,0.022505497559905052,0.0001250000059371814
1320,1.0,0.021559298038482666,0.0001250000059371814
1321,1.0,0.018644213676452637,0.0001250000059371814
1322,1.0,0.020918047055602074,0.0001250000059371814
1323,1.0,0.022527556866407394,0.0001250000059371814
1324,1.0,0.02584378980100155,0.0001250000059371814
1325,1.0,0.023680144920945168,0.0001250000059371814
1326,1.0,0.018561815842986107,0.0001250000059371814
1327,1.0,0.020824963226914406,0.0001250000059371814
1328,1.0,0.021137850359082222,0.0001250000059371814
1329,1.0,0.022568345069885254,0.0001250000059371814
1330,1.0,0.019938042387366295,0.0001250000059371814
1331,1.0,0.016885336488485336,0.0001250000059371814
1332,1.0,0.018573911860585213,0.0001250000059371814
1333,1.0,0.016653677448630333,0.0001250000059371814
1334,1.0,0.016312604770064354,0.0001250000059371814
1335,1.0,0.022650394588708878,0.0001250000059371814
1336,1.0,0.015123789198696613,0.0001250000059371814
1337,1.0,0.02020401693880558,0.0001250000059371814
1338,0.9972375631332397,0.022909535095095634,0.0001250000059371814
1339,1.0,0.01961301639676094,0.0001250000059371814
1340,1.0,0.01881633885204792,0.0001250000059371814
1341,1.0,0.01947198621928692,0.0001250000059371814
1342,1.0,0.020406242460012436,0.0001250000059371814
1343,1.0,0.02046731486916542,0.0001250000059371814
1344,1.0,0.015018668957054615,0.0001250000059371814
1345,1.0,0.01673762872815132,0.0001250000059371814
1346,1.0,0.019496522843837738,0.0001250000059371814
1347,1.0,0.02357606403529644,0.0001250000059371814
1348,0.9972375631332397,0.02230055443942547,0.0001250000059371814
1349,0.9972375631332397,0.020884813740849495,0.0001250000059371814
1350,1.0,0.0220850370824337,0.0001250000059371814
1351,0.9944751262664795,0.025682339444756508,0.0001250000059371814
1352,0.9944751262664795,0.0257926806807518,0.0001250000059371814
1353,1.0,0.023893332108855247,0.0001250000059371814
1354,1.0,0.02060505747795105,0.0001250000059371814
1355,1.0,0.015691732987761497,0.0001250000059371814
1356,1.0,0.017408840358257294,0.0001250000059371814
1357,1.0,0.017204293981194496,0.0001250000059371814
1358,1.0,0.017103120684623718,0.0001250000059371814
1359,1.0,0.016995126381516457,0.0001250000059371814
1360,1.0,0.01664663851261139,0.0001250000059371814
1361,1.0,0.020482946187257767,0.0001250000059371814
1362,1.0,0.02066005766391754,0.0001250000059371814
1363,1.0,0.015307405032217503,0.0001250000059371814
1364,1.0,0.01646454446017742,0.0001250000059371814
1365,1.0,0.02021360583603382,0.0001250000059371814
1366,1.0,0.021773362532258034,0.0001250000059371814
1367,1.0,0.01630346104502678,0.0001250000059371814
1368,1.0,0.017718089744448662,0.0001250000059371814
1369,0.9972375631332397,0.01708926074206829,0.0001250000059371814
1370,1.0,0.01879693940281868,0.0001250000059371814
1371,1.0,0.018790554255247116,0.0001250000059371814
1372,1.0,0.018032800406217575,0.0001250000059371814
1373,1.0,0.019077429547905922,0.0001250000059371814
1374,1.0,0.023703325539827347,0.0001250000059371814
1375,1.0,0.015451113693416119,0.0001250000059371814
1376,1.0,0.020126769319176674,0.0001250000059371814
1377,1.0,0.015102977864444256,0.0001250000059371814
1378,1.0,0.015889523550868034,0.0001250000059371814
1379,1.0,0.016591699793934822,0.0001250000059371814
1380,0.9972375631332397,0.01808163896203041,0.0001250000059371814
1381,1.0,0.021534308791160583,0.0001250000059371814
1382,1.0,0.017732538282871246,0.0001250000059371814
1383,1.0,0.018587812781333923,0.0001250000059371814
1384,1.0,0.020237864926457405,0.0001250000059371814
1385,1.0,0.02178293652832508,0.0001250000059371814
1386,1.0,0.01813546009361744,0.0001250000059371814
1387,1.0,0.016718726605176926,0.0001250000059371814
1388,1.0,0.0203779898583889,0.0001250000059371814
1389,1.0,0.015863919630646706,0.0001250000059371814
1390,1.0,0.015339710749685764,0.0001250000059371814
1391,1.0,0.018422367051243782,0.0001250000059371814
1392,0.9972375631332397,0.023404186591506004,0.0001250000059371814
1393,1.0,0.02016737125813961,0.0001250000059371814
1394,1.0,0.019086210057139397,0.0001250000059371814
1395,1.0,0.01357982587069273,9.999999747378752e-05
1396,1.0,0.015667863190174103,9.999999747378752e-05
1397,1.0,0.01703784056007862,9.999999747378752e-05
1398,1.0,0.018099317327141762,9.999999747378752e-05
1399,0.9944751262664795,0.02398715168237686,9.999999747378752e-05
1400,1.0,0.018042299896478653,9.999999747378752e-05
1401,1.0,0.015797145664691925,9.999999747378752e-05
1402,0.9972375631332397,0.01806734874844551,9.999999747378752e-05
1403,1.0,0.01779521256685257,9.999999747378752e-05
1404,1.0,0.01733899675309658,9.999999747378752e-05
1405,1.0,0.01747739315032959,9.999999747378752e-05
1406,1.0,0.013683023862540722,9.999999747378752e-05
1407,1.0,0.014416965655982494,9.999999747378752e-05
1408,1.0,0.01588367111980915,9.999999747378752e-05
1409,1.0,0.014481783844530582,9.999999747378752e-05
1410,1.0,0.01690249890089035,9.999999747378752e-05
1411,1.0,0.018860772252082825,9.999999747378752e-05
1412,1.0,0.019088616594672203,9.999999747378752e-05
1413,0.9944751262664795,0.01963787153363228,9.999999747378752e-05
1414,1.0,0.018962277099490166,9.999999747378752e-05
1415,1.0,0.014871647581458092,9.999999747378752e-05
1416,1.0,0.014977187849581242,9.999999747378752e-05
1417,1.0,0.019057150930166245,9.999999747378752e-05
1418,1.0,0.016734318807721138,9.999999747378752e-05
1419,1.0,0.015184185467660427,9.999999747378752e-05
1420,1.0,0.021576959639787674,9.999999747378752e-05
1421,0.9972375631332397,0.018904555588960648,9.999999747378752e-05
1422,1.0,0.020853206515312195,9.999999747378752e-05
1423,1.0,0.01990392804145813,9.999999747378752e-05
1424,1.0,0.019809288904070854,9.999999747378752e-05
1425,1.0,0.015930596739053726,9.999999747378752e-05
1426,0.9972375631332397,0.021258804947137833,9.999999747378752e-05
1427,0.9972375631332397,0.019349420443177223,9.999999747378752e-05
1428,1.0,0.01600273884832859,9.999999747378752e-05
1429,1.0,0.013458077795803547,9.999999747378752e-05
1430,0.9972375631332397,0.020316727459430695,9.999999747378752e-05
1431,1.0,0.016438504680991173,9.999999747378752e-05
1432,1.0,0.015217269770801067,9.999999747378752e-05
1433,1.0,0.016545452177524567,9.999999747378752e-05
1434,1.0,0.01828681491315365,9.999999747378752e-05
1435,1.0,0.015295447781682014,9.999999747378752e-05
1436,1.0,0.0181292574852705,9.999999747378752e-05
1437,1.0,0.01711450144648552,9.999999747378752e-05
1438,1.0,0.016721731051802635,9.999999747378752e-05
1439,1.0,0.019783617928624153,9.999999747378752e-05
1440,0.9972375631332397,0.018331624567508698,9.999999747378752e-05
1441,1.0,0.01725664921104908,9.999999747378752e-05
1442,1.0,0.017795365303754807,9.999999747378752e-05
1443,1.0,0.016173720359802246,9.999999747378752e-05
1444,1.0,0.015349805355072021,9.999999747378752e-05
1445,1.0,0.021803194656968117,9.999999747378752e-05
1446,1.0,0.013433949090540409,9.999999747378752e-05
1447,1.0,0.014570120722055435,9.999999747378752e-05
1448,1.0,0.014811384491622448,9.999999747378752e-05
1449,1.0,0.01784968562424183,9.999999747378752e-05
1450,0.9972375631332397,0.01809610426425934,9.999999747378752e-05
1451,1.0,0.013774200342595577,9.999999747378752e-05
1452,1.0,0.016572164371609688,9.999999747378752e-05
1453,1.0,0.017458872869610786,9.999999747378752e-05
1454,1.0,0.02087053656578064,9.999999747378752e-05
1455,1.0,0.017353137955069542,9.999999747378752e-05
1456,1.0,0.01490405760705471,9.999999747378752e-05
1457,1.0,0.014445415697991848,9.999999747378752e-05
1458,1.0,0.01710464432835579,9.999999747378752e-05
1459,1.0,0.014936324208974838,9.999999747378752e-05
1460,1.0,0.015666987746953964,9.999999747378752e-05
1461,0.9972375631332397,0.019127052277326584,9.999999747378752e-05
1462,1.0,0.015925800427794456,9.999999747378752e-05
1463,1.0,0.012960226275026798,9.999999747378752e-05
1464,1.0,0.017887147143483162,9.999999747378752e-05
1465,1.0,0.01434810645878315,9.999999747378752e-05
1466,1.0,0.017481757327914238,9.999999747378752e-05
1467,1.0,0.01566058024764061,9.999999747378752e-05
1468,1.0,0.018651649355888367,9.999999747378752e-05
1469,1.0,0.01879008486866951,9.999999747378752e-05
1470,1.0,0.017511464655399323,9.999999747378752e-05
1471,1.0,0.018485592678189278,9.999999747378752e-05
1472,0.9972375631332397,0.01899576373398304,9.999999747378752e-05
1473,1.0,0.017783042043447495,9.999999747378752e-05
1474,1.0,0.015329777263104916,9.999999747378752e-05
1475,1.0,0.0163163710385561,9.999999747378752e-05
1476,0.9972375631332397,0.022974444553256035,9.999999747378752e-05
1477,1.0,0.02071511745452881,9.999999747378752e-05
1478,1.0,0.01603584550321102,9.999999747378752e-05
1479,1.0,0.01990813948214054,9.999999747378752e-05
1480,1.0,0.01721678487956524,9.999999747378752e-05
1481,1.0,0.01645209826529026,9.999999747378752e-05
1482,1.0,0.015327868983149529,9.999999747378752e-05
1483,1.0,0.015447829850018024,9.999999747378752e-05
1484,1.0,0.01332173403352499,9.999999747378752e-05
1485,1.0,0.0142774423584342,9.999999747378752e-05
1486,1.0,0.015668632462620735,9.999999747378752e-05
1487,1.0,0.016899822279810905,9.999999747378752e-05
1488,1.0,0.015517390333116055,9.999999747378752e-05
1489,1.0,0.017057249322533607,9.999999747378752e-05
1490,1.0,0.018554363399744034,9.999999747378752e-05
1491,1.0,0.016227973625063896,9.999999747378752e-05
1492,1.0,0.014786766842007637,9.999999747378752e-05
1493,1.0,0.012478825636208057,9.999999747378752e-05
1494,1.0,0.014315560460090637,9.999999747378752e-05
1495,1.0,0.01605093851685524,9.999999747378752e-05
1496,1.0,0.015669450163841248,9.999999747378752e-05
1497,1.0,0.018039606511592865,9.999999747378752e-05
1498,1.0,0.014062264934182167,9.999999747378752e-05
1499,1.0,0.015452815219759941,9.999999747378752e-05
1500,1.0,0.01586645096540451,9.999999747378752e-05
1501,0.9972375631332397,0.025629693642258644,9.999999747378752e-05
1502,1.0,0.016373904421925545,9.999999747378752e-05
1503,1.0,0.015714962035417557,9.999999747378752e-05
1504,0.9972375631332397,0.016640489920973778,9.999999747378752e-05
1505,1.0,0.01636599190533161,9.999999747378752e-05
1506,1.0,0.0157319363206625,9.999999747378752e-05
1507,1.0,0.01777653954923153,9.999999747378752e-05
1508,1.0,0.015112917870283127,9.999999747378752e-05
1509,1.0,0.015980105847120285,9.999999747378752e-05
1510,1.0,0.015090685337781906,9.999999747378752e-05
1511,1.0,0.014064004644751549,9.999999747378752e-05
1512,1.0,0.015316669829189777,9.999999747378752e-05
1513,1.0,0.014655825681984425,9.999999747378752e-05
1514,1.0,0.019181886687874794,9.999999747378752e-05
1515,1.0,0.018207889050245285,9.999999747378752e-05
1516,1.0,0.021700618788599968,9.999999747378752e-05
1517,0.9944751262664795,0.02250843122601509,9.999999747378752e-05
1518,1.0,0.02143206261098385,9.999999747378752e-05
1519,1.0,0.01556431408971548,9.999999747378752e-05
1520,1.0,0.016658125445246696,9.999999747378752e-05
1521,1.0,0.017012838274240494,9.999999747378752e-05
1522,1.0,0.016387170180678368,9.999999747378752e-05
1523,1.0,0.012698713690042496,9.999999747378752e-05
1524,1.0,0.019513415172696114,9.999999747378752e-05
1525,1.0,0.014676560647785664,9.999999747378752e-05
1526,1.0,0.013825598172843456,9.999999747378752e-05
1527,1.0,0.016711052507162094,9.999999747378752e-05
1528,0.9972375631332397,0.016208002343773842,9.999999747378752e-05
1529,0.9972375631332397,0.01907174102962017,9.999999747378752e-05
1530,1.0,0.020211830735206604,9.999999747378752e-05
1531,1.0,0.02022615820169449,9.999999747378752e-05
1532,1.0,0.02009592391550541,9.999999747378752e-05
1533,1.0,0.016161318868398666,9.999999747378752e-05
1534,0.9972375631332397,0.017766982316970825,9.999999747378752e-05
1535,1.0,0.013888603076338768,9.999999747378752e-05
1536,1.0,0.013969255611300468,9.999999747378752e-05
1537,1.0,0.012841527350246906,9.999999747378752e-05
1538,1.0,0.016681740060448647,9.999999747378752e-05
1539,1.0,0.01575697399675846,9.999999747378752e-05
1540,1.0,0.016255006194114685,9.999999747378752e-05
1541,1.0,0.013442033901810646,9.999999747378752e-05
1542,1.0,0.020463265478610992,9.999999747378752e-05
1543,1.0,0.017102958634495735,9.999999747378752e-05
1544,1.0,0.014906011521816254,9.999999747378752e-05
1545,1.0,0.015725165605545044,9.999999747378752e-05
1546,1.0,0.013258165679872036,9.999999747378752e-05
1547,1.0,0.014847047626972198,9.999999747378752e-05
1548,1.0,0.016841264441609383,9.999999747378752e-05
1549,1.0,0.01724979467689991,9.999999747378752e-05
1550,1.0,0.01462689321488142,9.999999747378752e-05
1551,1.0,0.013484031893312931,9.999999747378752e-05
1552,1.0,0.015814373269677162,9.999999747378752e-05
1553,0.9972375631332397,0.020266728475689888,9.999999747378752e-05
1554,1.0,0.013475125655531883,9.999999747378752e-05
1555,1.0,0.017891017720103264,9.999999747378752e-05
1556,1.0,0.014148534275591373,9.999999747378752e-05
1557,1.0,0.01631803996860981,9.999999747378752e-05
1558,1.0,0.015064152888953686,9.999999747378752e-05
1559,1.0,0.013475337997078896,9.999999747378752e-05
1560,1.0,0.016181856393814087,9.999999747378752e-05
1561,1.0,0.013091013766825199,9.999999747378752e-05
1562,0.9972375631332397,0.023990953341126442,9.999999747378752e-05
1563,0.9972375631332397,0.01839764416217804,9.999999747378752e-05
1564,1.0,0.01553106214851141,9.999999747378752e-05
1565,1.0,0.012676602229475975,9.999999747378752e-05
1566,1.0,0.015182939358055592,9.999999747378752e-05
1567,1.0,0.012739705853164196,9.999999747378752e-05
1568,1.0,0.013531900942325592,9.999999747378752e-05
1569,1.0,0.012545589357614517,9.999999747378752e-05
1570,1.0,0.013698608614504337,9.999999747378752e-05
1571,1.0,0.013252168893814087,9.999999747378752e-05
1572,1.0,0.012949159368872643,9.999999747378752e-05
1573,1.0,0.017243580892682076,9.999999747378752e-05
1574,1.0,0.014882846735417843,9.999999747378752e-05
1575,0.9972375631332397,0.018520377576351166,9.999999747378752e-05
1576,1.0,0.019695643335580826,9.999999747378752e-05
1577,1.0,0.015370247885584831,9.999999747378752e-05
1578,1.0,0.014160684309899807,9.999999747378752e-05
1579,1.0,0.015910640358924866,9.999999747378752e-05
1580,1.0,0.013832028955221176,9.999999747378752e-05
1581,1.0,0.014210955239832401,9.999999747378752e-05
1582,1.0,0.020420977845788002,9.999999747378752e-05
1583,1.0,0.011343068443238735,9.999999747378752e-05
1584,1.0,0.012451798655092716,9.999999747378752e-05
1585,1.0,0.01282485295087099,9.999999747378752e-05
1586,1.0,0.012985722161829472,9.999999747378752e-05
1587,1.0,0.014483079314231873,9.999999747378752e-05
1588,1.0,0.012134094722568989,9.999999747378752e-05
1589,0.9972375631332397,0.015432393178343773,9.999999747378752e-05
1590,1.0,0.016813600435853004,9.999999747378752e-05
1591,1.0,0.01489447895437479,9.999999747378752e-05
1592,1.0,0.013195762410759926,9.999999747378752e-05
1593,1.0,0.012527995742857456,9.999999747378752e-05
1594,1.0,0.014679774641990662,9.999999747378752e-05
1595,1.0,0.013909953646361828,9.999999747378752e-05
1596,1.0,0.013601820915937424,9.999999747378752e-05
1597,1.0,0.01292715035378933,9.999999747378752e-05
1598,1.0,0.014455986209213734,9.999999747378752e-05
1599,1.0,0.016875121742486954,9.999999747378752e-05
1600,1.0,0.01326162088662386,9.999999747378752e-05
1601,1.0,0.015719575807452202,9.999999747378752e-05
1602,1.0,0.01590871997177601,9.999999747378752e-05
1603,1.0,0.019588101655244827,9.999999747378752e-05
1604,1.0,0.014694004319608212,9.999999747378752e-05
1605,0.9972375631332397,0.01678614877164364,9.999999747378752e-05
1606,1.0,0.012093965895473957,9.999999747378752e-05
1607,1.0,0.0112453643232584,9.999999747378752e-05
1608,1.0,0.011249455623328686,9.999999747378752e-05
1609,1.0,0.014739032834768295,9.999999747378752e-05
1610,1.0,0.014710837043821812,9.999999747378752e-05
1611,1.0,0.015606372617185116,9.999999747378752e-05
1612,1.0,0.013140294700860977,9.999999747378752e-05
1613,1.0,0.013044556602835655,9.999999747378752e-05
1614,1.0,0.012946614995598793,9.999999747378752e-05
1615,1.0,0.014733214862644672,9.999999747378752e-05
1616,1.0,0.01025457214564085,9.999999747378752e-05
1617,1.0,0.012520107440650463,9.999999747378752e-05
1618,1.0,0.011035970412194729,9.999999747378752e-05
1619,1.0,0.014462837018072605,9.999999747378752e-05
1620,1.0,0.013310139067471027,9.999999747378752e-05
1621,1.0,0.01376353669911623,9.999999747378752e-05
1622,1.0,0.012333106249570847,9.999999747378752e-05
1623,1.0,0.012850208207964897,9.999999747378752e-05
1624,1.0,0.014276999980211258,9.999999747378752e-05
1625,1.0,0.013895334675908089,9.999999747378752e-05
1626,1.0,0.01537903118878603,9.999999747378752e-05
1627,1.0,0.0162328090518713,9.999999747378752e-05
1628,1.0,0.01051752083003521,9.999999747378752e-05
1629,1.0,0.012091942131519318,9.999999747378752e-05
1630,1.0,0.011533970013260841,9.999999747378752e-05
1631,1.0,0.009837266057729721,9.999999747378752e-05
1632,0.9972375631332397,0.016073396429419518,9.999999747378752e-05
1633,1.0,0.0167844220995903,9.999999747378752e-05
1634,1.0,0.013531615026295185,9.999999747378752e-05
1635,1.0,0.01416771300137043,9.999999747378752e-05
1636,1.0,0.013620777986943722,9.999999747378752e-05
1637,1.0,0.014875741675496101,9.999999747378752e-05
1638,1.0,0.014023281633853912,9.999999747378752e-05
1639,1.0,0.017349692061543465,9.999999747378752e-05
1640,1.0,0.013573200441896915,9.999999747378752e-05
1641,1.0,0.017011968418955803,9.999999747378752e-05
1642,1.0,0.012090816162526608,9.999999747378752e-05
1643,1.0,0.013502953574061394,9.999999747378752e-05
1644,1.0,0.013857078738510609,9.999999747378752e-05
1645,1.0,0.015111044980585575,9.999999747378752e-05
1646,1.0,0.016860954463481903,9.999999747378752e-05
1647,1.0,0.01159847155213356,9.999999747378752e-05
1648,1.0,0.012522720731794834,9.999999747378752e-05
1649,1.0,0.012484502047300339,9.999999747378752e-05
1650,0.9972375631332397,0.018231119960546494,9.999999747378752e-05
1651,1.0,0.01256747916340828,9.999999747378752e-05
1652,0.9972375631332397,0.01628054492175579,9.999999747378752e-05
1653,1.0,0.012378854677081108,9.999999747378752e-05
1654,1.0,0.013204066082835197,9.999999747378752e-05
1655,1.0,0.011543513275682926,9.999999747378752e-05
1656,1.0,0.010979811660945415,9.999999747378752e-05
1657,1.0,0.012195535935461521,9.999999747378752e-05
1658,1.0,0.016608472913503647,9.999999747378752e-05
1659,1.0,0.014734016731381416,9.999999747378752e-05
1660,1.0,0.017901115119457245,9.999999747378752e-05
1661,1.0,0.01531178504228592,9.999999747378752e-05
1662,1.0,0.013083144091069698,9.999999747378752e-05
1663,1.0,0.012896906584501266,9.999999747378752e-05
1664,1.0,0.013496377505362034,9.999999747378752e-05
1665,1.0,0.014266468584537506,9.999999747378752e-05
1666,1.0,0.013808022253215313,9.999999747378752e-05
1667,1.0,0.013999246060848236,9.999999747378752e-05
1668,1.0,0.015458873473107815,9.999999747378752e-05
1669,0.9972375631332397,0.019807754084467888,9.999999747378752e-05
1670,0.9944751262664795,0.023015135899186134,9.999999747378752e-05
1671,0.9972375631332397,0.022053081542253494,9.999999747378752e-05
1672,1.0,0.01545276865363121,9.999999747378752e-05
1673,1.0,0.011793534271419048,9.999999747378752e-05
1674,1.0,0.01302532758563757,9.999999747378752e-05
1675,1.0,0.011796338483691216,9.999999747378752e-05
1676,1.0,0.01646626926958561,9.999999747378752e-05
1677,1.0,0.01674940437078476,9.999999747378752e-05
1678,1.0,0.014694252982735634,9.999999747378752e-05
1679,1.0,0.014744714833796024,9.999999747378752e-05
1680,1.0,0.014493093825876713,9.999999747378752e-05
1681,0.9944751262664795,0.018168963491916656,9.999999747378752e-05
1682,1.0,0.01779923215508461,9.999999747378752e-05
1683,1.0,0.014251229353249073,9.999999747378752e-05
1684,1.0,0.01285703293979168,9.999999747378752e-05
1685,1.0,0.011777547188103199,9.999999747378752e-05
1686,1.0,0.010795011185109615,9.999999747378752e-05
1687,1.0,0.012829490937292576,9.999999747378752e-05
1688,1.0,0.011728445999324322,9.999999747378752e-05
1689,1.0,0.017301566898822784,9.999999747378752e-05
1690,1.0,0.015397552400827408,9.999999747378752e-05
1691,1.0,0.014181142672896385,9.999999747378752e-05
1692,1.0,0.014037043787539005,9.999999747378752e-05
1693,0.9972375631332397,0.015931064262986183,9.999999747378752e-05
1694,1.0,0.011206265538930893,9.999999747378752e-05
1695,1.0,0.014047108590602875,9.999999747378752e-05
1696,1.0,0.01555665023624897,9.999999747378752e-05
1697,1.0,0.012681557796895504,9.999999747378752e-05
1698,0.9972375631332397,0.01537872664630413,9.999999747378752e-05
1699,1.0,0.017414888367056847,9.999999747378752e-05
1700,1.0,0.01737705059349537,9.999999747378752e-05
1701,1.0,0.016875287517905235,9.999999747378752e-05
1702,1.0,0.016567962244153023,9.999999747378752e-05
1703,1.0,0.014407151378691196,9.999999747378752e-05
1704,1.0,0.011467899195849895,9.999999747378752e-05
1705,1.0,0.009814659133553505,9.999999747378752e-05
1706,1.0,0.013253418728709221,9.999999747378752e-05
1707,1.0,0.013606911525130272,9.999999747378752e-05
1708,1.0,0.009499595500528812,9.999999747378752e-05
1709,1.0,0.010910017415881157,9.999999747378752e-05
1710,1.0,0.014335044659674168,9.999999747378752e-05
1711,1.0,0.012321344576776028,9.999999747378752e-05
1712,1.0,0.011594181880354881,9.999999747378752e-05
1713,1.0,0.013292535208165646,9.999999747378752e-05
1714,1.0,0.014907662756741047,9.999999747378752e-05
1715,1.0,0.013964788988232613,9.999999747378752e-05
1716,1.0,0.011958545073866844,9.999999747378752e-05
1717,1.0,0.01135513000190258,9.999999747378752e-05
1718,1.0,0.013993997126817703,9.999999747378752e-05
1719,1.0,0.01186591200530529,9.999999747378752e-05
1720,1.0,0.012725118547677994,9.999999747378752e-05
1721,1.0,0.012870315462350845,9.999999747378752e-05
1722,1.0,0.01209130510687828,9.999999747378752e-05
1723,1.0,0.013240331783890724,9.999999747378752e-05
1724,1.0,0.010727710090577602,9.999999747378752e-05
1725,1.0,0.010347941890358925,9.999999747378752e-05
1726,1.0,0.01112871803343296,9.999999747378752e-05
1727,1.0,0.008549530990421772,9.999999747378752e-05
1728,1.0,0.010841742157936096,9.999999747378752e-05
1729,1.0,0.011664272285997868,9.999999747378752e-05
1730,0.9972375631332397,0.013622348196804523,9.999999747378752e-05
1731,1.0,0.013889995403587818,9.999999747378752e-05
1732,1.0,0.010258294641971588,9.999999747378752e-05
1733,1.0,0.0109047070145607,9.999999747378752e-05
1734,1.0,0.015836333855986595,9.999999747378752e-05
1735,1.0,0.014965406619012356,9.999999747378752e-05
1736,1.0,0.015749821439385414,9.999999747378752e-05
1737,1.0,0.011512012220919132,9.999999747378752e-05
1738,0.9972375631332397,0.014594277366995811,9.999999747378752e-05
1739,1.0,0.01440257765352726,9.999999747378752e-05
1740,1.0,0.011035623028874397,9.999999747378752e-05
1741,1.0,0.01162559725344181,9.999999747378752e-05
1742,1.0,0.011035542003810406,9.999999747378752e-05
1743,1.0,0.011673235334455967,9.999999747378752e-05
1744,1.0,0.009960947558283806,9.999999747378752e-05
1745,1.0,0.011641371995210648,9.999999747378752e-05
1746,1.0,0.011364271864295006,9.999999747378752e-05
1747,1.0,0.011944478377699852,9.999999747378752e-05
1748,1.0,0.014003966934978962,9.999999747378752e-05
1749,1.0,0.011141840368509293,9.999999747378752e-05
1750,1.0,0.015496300533413887,9.999999747378752e-05
1751,1.0,0.011883710511028767,9.999999747378752e-05
1752,1.0,0.013579708524048328,9.999999747378752e-05
1753,1.0,0.011650046333670616,9.999999747378752e-05
1754,1.0,0.012491833418607712,9.999999747378752e-05
1755,1.0,0.012310812249779701,9.999999747378752e-05
1756,1.0,0.012995310127735138,9.999999747378752e-05
1757,0.9972375631332397,0.016242407262325287,9.999999747378752e-05
1758,0.9972375631332397,0.013863171450793743,9.999999747378752e-05
1759,1.0,0.015093001537024975,9.999999747378752e-05
1760,1.0,0.011289059184491634,9.999999747378752e-05
1761,1.0,0.011381321586668491,9.999999747378752e-05
1762,0.9972375631332397,0.014514976181089878,9.999999747378752e-05
1763,1.0,0.013201833702623844,9.999999747378752e-05
1764,1.0,0.015474668703973293,9.999999747378752e-05
1765,1.0,0.010212746448814869,9.999999747378752e-05
1766,1.0,0.01185985654592514,9.999999747378752e-05
1767,1.0,0.012101974338293076,9.999999747378752e-05
1768,1.0,0.010031498037278652,9.999999747378752e-05
1769,1.0,0.009527778252959251,9.999999747378752e-05
1770,1.0,0.015081937424838543,9.999999747378752e-05
1771,1.0,0.017005499452352524,9.999999747378752e-05
1772,1.0,0.01637006178498268,9.999999747378752e-05
1773,1.0,0.011389929801225662,9.999999747378752e-05
1774,0.9972375631332397,0.012954803183674812,9.999999747378752e-05
1775,1.0,0.013035876676440239,9.999999747378752e-05
1776,1.0,0.01369248703122139,9.999999747378752e-05
1777,1.0,0.01294372882694006,9.999999747378752e-05
1778,1.0,0.013510547578334808,9.999999747378752e-05
1779,1.0,0.015754902735352516,9.999999747378752e-05
1780,1.0,0.014937705360352993,9.999999747378752e-05
1781,1.0,0.013568058609962463,9.999999747378752e-05
1782,1.0,0.014050791971385479,9.999999747378752e-05
1783,0.9972375631332397,0.019758883863687515,9.999999747378752e-05
1784,1.0,0.019109336659312248,9.999999747378752e-05
1785,1.0,0.014819282107055187,9.999999747378752e-05
1786,1.0,0.01282814983278513,9.999999747378752e-05
1787,1.0,0.012596305459737778,9.999999747378752e-05
1788,1.0,0.009871755726635456,9.999999747378752e-05
1789,1.0,0.015101385302841663,9.999999747378752e-05
1790,0.9972375631332397,0.015373150818049908,9.999999747378752e-05
1791,1.0,0.013826803304255009,9.999999747378752e-05
1792,0.9972375631332397,0.015790974721312523,9.999999747378752e-05
1793,0.9972375631332397,0.017802029848098755,9.999999747378752e-05
1794,1.0,0.018856029957532883,9.999999747378752e-05
1795,1.0,0.014684990979731083,9.999999747378752e-05
1796,1.0,0.01413631346076727,9.999999747378752e-05
1797,0.9972375631332397,0.014577495865523815,9.999999747378752e-05
1798,1.0,0.015179628506302834,9.999999747378752e-05
1799,1.0,0.014353114180266857,9.999999747378752e-05
1800,1.0,0.011041018180549145,9.999999747378752e-05
1801,1.0,0.009862427599728107,9.999999747378752e-05
1802,1.0,0.014836488291621208,9.999999747378752e-05
1803,1.0,0.01268022321164608,9.999999747378752e-05
1804,1.0,0.011983070522546768,9.999999747378752e-05
1805,1.0,0.01010936964303255,9.999999747378752e-05
1806,1.0,0.01116746012121439,9.999999747378752e-05
1807,1.0,0.011383666656911373,9.999999747378752e-05
1808,1.0,0.010460585355758667,9.999999747378752e-05
1809,1.0,0.010181275196373463,9.999999747378752e-05
1810,1.0,0.009625228121876717,9.999999747378752e-05
1811,1.0,0.009319289587438107,9.999999747378752e-05
1812,1.0,0.008529477752745152,9.999999747378752e-05
1813,1.0,0.010484887287020683,9.999999747378752e-05
1814,1.0,0.011176045052707195,9.999999747378752e-05
1815,0.9972375631332397,0.014742229133844376,9.999999747378752e-05
1816,1.0,0.011775028891861439,9.999999747378752e-05
1817,1.0,0.012328001670539379,9.999999747378752e-05
1818,1.0,0.01584138162434101,9.999999747378752e-05
1819,1.0,0.013919509947299957,9.999999747378752e-05
1820,1.0,0.010678684338927269,9.999999747378752e-05
1821,1.0,0.0116684315726161,9.999999747378752e-05
1822,1.0,0.011876185424625874,9.999999747378752e-05
1823,1.0,0.017842434346675873,9.999999747378752e-05
1824,1.0,0.013382134959101677,9.999999747378752e-05
1825,1.0,0.012870684266090393,9.999999747378752e-05
1826,1.0,0.011670343577861786,9.999999747378752e-05
1827,1.0,0.011286428198218346,9.999999747378752e-05
1828,1.0,0.009230878204107285,9.999999747378752e-05
1829,1.0,0.00980238988995552,9.999999747378752e-05
1830,1.0,0.00881621241569519,9.999999747378752e-05
1831,0.9972375631332397,0.013299483805894852,9.999999747378752e-05
1832,1.0,0.009541204199194908,9.999999747378752e-05
1833,0.9972375631332397,0.013717051595449448,9.999999747378752e-05
1834,1.0,0.014381331391632557,9.999999747378752e-05
1835,1.0,0.013313662260770798,9.999999747378752e-05
1836,1.0,0.012640763074159622,9.999999747378752e-05
1837,1.0,0.012796216644346714,9.999999747378752e-05
1838,1.0,0.016547156497836113,9.999999747378752e-05
1839,1.0,0.012579062953591347,9.999999747378752e-05
1840,1.0,0.010888970457017422,9.999999747378752e-05
1841,1.0,0.010663107968866825,9.999999747378752e-05
1842,1.0,0.009921254590153694,9.999999747378752e-05
1843,1.0,0.00990006048232317,9.999999747378752e-05
1844,1.0,0.010414349846541882,9.999999747378752e-05
1845,1.0,0.008494910784065723,9.999999747378752e-05
1846,1.0,0.009511559270322323,9.999999747378752e-05
1847,1.0,0.01402528677135706,9.999999747378752e-05
1848,1.0,0.009823175147175789,9.999999747378752e-05
1849,1.0,0.009799441322684288,9.999999747378752e-05
1850,1.0,0.009489794261753559,9.999999747378752e-05
1851,1.0,0.01309361681342125,9.999999747378752e-05
1852,0.9972375631332397,0.015416457317769527,9.999999747378752e-05
1853,0.9972375631332397,0.01418166421353817,9.999999747378752e-05
1854,1.0,0.01579281874001026,9.999999747378752e-05
1855,1.0,0.016064025461673737,9.999999747378752e-05
1856,1.0,0.01646878756582737,9.999999747378752e-05
1857,1.0,0.011930093169212341,9.999999747378752e-05
1858,1.0,0.01714133657515049,9.999999747378752e-05
1859,1.0,0.009333818219602108,9.999999747378752e-05
1860,1.0,0.009113728068768978,9.999999747378752e-05
1861,1.0,0.009735018014907837,9.999999747378752e-05
1862,1.0,0.008176415227353573,9.999999747378752e-05
1863,1.0,0.010610559023916721,9.999999747378752e-05
1864,1.0,0.015312029980123043,9.999999747378752e-05
1865,1.0,0.009305411949753761,9.999999747378752e-05
1866,1.0,0.013067261315882206,9.999999747378752e-05
1867,1.0,0.012169093824923038,9.999999747378752e-05
1868,1.0,0.009406886994838715,9.999999747378752e-05
1869,1.0,0.015286309644579887,9.999999747378752e-05
1870,1.0,0.01455535925924778,9.999999747378752e-05
1871,1.0,0.010770470835268497,9.999999747378752e-05
1872,1.0,0.009427160955965519,9.999999747378752e-05
1873,1.0,0.010417058132588863,9.999999747378752e-05
1874,1.0,0.009802179411053658,9.999999747378752e-05
1875,1.0,0.01138373464345932,9.999999747378752e-05
1876,1.0,0.010532526299357414,9.999999747378752e-05
1877,1.0,0.011054150760173798,9.999999747378752e-05
1878,1.0,0.009748313575983047,9.999999747378752e-05
1879,1.0,0.011541379615664482,9.999999747378752e-05
1880,1.0,0.010841477662324905,9.999999747378752e-05
1881,1.0,0.008193030953407288,9.999999747378752e-05
1882,1.0,0.010201617144048214,9.999999747378752e-05
1883,1.0,0.010079164989292622,9.999999747378752e-05
1884,1.0,0.0100631108507514,9.999999747378752e-05
1885,1.0,0.010503505356609821,9.999999747378752e-05
1886,1.0,0.01263891626149416,9.999999747378752e-05
1887,1.0,0.010091081261634827,9.999999747378752e-05
1888,1.0,0.009578065946698189,9.999999747378752e-05
1889,1.0,0.012163257226347923,9.999999747378752e-05
1890,1.0,0.011253926903009415,9.999999747378752e-05
1891,1.0,0.010099205188453197,9.999999747378752e-05
1892,1.0,0.008812876418232918,9.999999747378752e-05
1893,1.0,0.008624897338449955,9.999999747378752e-05
1894,1.0,0.014527286402881145,9.999999747378752e-05
1895,0.9972375631332397,0.013647496700286865,9.999999747378752e-05
1896,1.0,0.009166780859231949,9.999999747378752e-05
1897,1.0,0.010029001161456108,9.999999747378752e-05
1898,1.0,0.010147243738174438,9.999999747378752e-05
1899,1.0,0.009127668105065823,9.999999747378752e-05
1900,1.0,0.007808815687894821,9.999999747378752e-05
1901,1.0,0.010692466981709003,9.999999747378752e-05
1902,1.0,0.010321165435016155,9.999999747378752e-05
1903,1.0,0.013703725300729275,9.999999747378752e-05
1904,1.0,0.01768081821501255,9.999999747378752e-05
1905,1.0,0.011698821559548378,9.999999747378752e-05
1906,1.0,0.01082967221736908,9.999999747378752e-05
1907,1.0,0.012131369672715664,9.999999747378752e-05
1908,1.0,0.013162702322006226,9.999999747378752e-05
1909,1.0,0.009579773992300034,9.999999747378752e-05
1910,1.0,0.011577052995562553,9.999999747378752e-05
1911,1.0,0.010543249547481537,9.999999747378752e-05
1912,1.0,0.01727299764752388,9.999999747378752e-05
1913,1.0,0.016362790018320084,9.999999747378752e-05
1914,0.9944751262664795,0.018142877146601677,9.999999747378752e-05
1915,0.9972375631332397,0.014811252243816853,9.999999747378752e-05
1916,1.0,0.011330405250191689,9.999999747378752e-05
1917,1.0,0.013390579260885715,9.999999747378752e-05
1918,1.0,0.00917915627360344,9.999999747378752e-05
1919,1.0,0.010922984220087528,9.999999747378752e-05
1920,0.9972375631332397,0.011662592180073261,9.999999747378752e-05
1921,1.0,0.011747701093554497,9.999999747378752e-05
1922,1.0,0.009861953556537628,9.999999747378752e-05
1923,1.0,0.009485023096203804,9.999999747378752e-05
1924,1.0,0.009814486838877201,9.999999747378752e-05
1925,1.0,0.01184816937893629,9.999999747378752e-05
1926,1.0,0.010168533772230148,9.999999747378752e-05
1927,1.0,0.00901854783296585,9.999999747378752e-05
1928,1.0,0.010884281247854233,9.999999747378752e-05
1929,1.0,0.010354113765060902,9.999999747378752e-05
1930,1.0,0.00908670388162136,9.999999747378752e-05
1931,1.0,0.007641097530722618,9.999999747378752e-05
1932,1.0,0.009630805812776089,9.999999747378752e-05
1933,1.0,0.010226081125438213,9.999999747378752e-05
1934,1.0,0.010188520886003971,9.999999747378752e-05
1935,1.0,0.01025468297302723,9.999999747378752e-05
1936,1.0,0.011576496995985508,9.999999747378752e-05
1937,1.0,0.010225838981568813,9.999999747378752e-05
1938,1.0,0.009442433714866638,9.999999747378752e-05
1939,1.0,0.007411230821162462,9.999999747378752e-05
1940,1.0,0.011140638031065464,9.999999747378752e-05
1941,1.0,0.010089848190546036,9.999999747378752e-05
1942,1.0,0.011303684674203396,9.999999747378752e-05
1943,1.0,0.01261409092694521,9.999999747378752e-05
1944,1.0,0.011193704791367054,9.999999747378752e-05
1945,1.0,0.010931182652711868,9.999999747378752e-05
1946,1.0,0.011676112189888954,9.999999747378752e-05
1947,1.0,0.008404234424233437,9.999999747378752e-05
1948,1.0,0.009393710643053055,9.999999747378752e-05
1949,1.0,0.008036794140934944,9.999999747378752e-05
1950,1.0,0.009942339733242989,9.999999747378752e-05
1951,1.0,0.009620551951229572,9.999999747378752e-05
1952,1.0,0.009985101409256458,9.999999747378752e-05
1953,1.0,0.011261126957833767,9.999999747378752e-05
1954,1.0,0.009804700501263142,9.999999747378752e-05
1955,1.0,0.00911367405205965,9.999999747378752e-05
1956,1.0,0.008377693593502045,9.999999747378752e-05
1957,1.0,0.009800261817872524,9.999999747378752e-05
1958,1.0,0.010089895687997341,9.999999747378752e-05
1959,1.0,0.011650831438601017,9.999999747378752e-05
1960,1.0,0.013757380656898022,9.999999747378752e-05
1961,0.9972375631332397,0.019696107134222984,9.999999747378752e-05
1962,1.0,0.013010215014219284,9.999999747378752e-05
1963,1.0,0.010886047035455704,9.999999747378752e-05
1964,1.0,0.007689584046602249,9.999999747378752e-05
1965,1.0,0.00969863124191761,9.999999747378752e-05
1966,1.0,0.0085649024695158,9.999999747378752e-05
1967,1.0,0.010065765120089054,9.999999747378752e-05
1968,1.0,0.00918262917548418,9.999999747378752e-05
1969,1.0,0.012658323161303997,9.999999747378752e-05
1970,1.0,0.011329958215355873,9.999999747378752e-05
1971,1.0,0.0091281458735466,9.999999747378752e-05
1972,1.0,0.008077530190348625,9.999999747378752e-05
1973,1.0,0.015554488636553288,9.999999747378752e-05
1974,0.9944751262664795,0.022273732349276543,9.999999747378752e-05
1975,1.0,0.012660376727581024,9.999999747378752e-05
1976,1.0,0.011722507886588573,9.999999747378752e-05
1977,1.0,0.014401417225599289,9.999999747378752e-05
1978,1.0,0.012418992817401886,9.999999747378752e-05
1979,1.0,0.011403944343328476,9.999999747378752e-05
1980,1.0,0.014239802956581116,9.999999747378752e-05
1981,1.0,0.009328347630798817,9.999999747378752e-05
1982,1.0,0.014237654395401478,9.999999747378752e-05
1983,1.0,0.008006266318261623,9.999999747378752e-05
1984,1.0,0.011217105202376842,9.999999747378752e-05
1985,1.0,0.008574334904551506,9.999999747378752e-05
1986,0.9972375631332397,0.01478932611644268,9.999999747378752e-05
1987,1.0,0.010876506567001343,9.999999747378752e-05
1988,1.0,0.01150348037481308,9.999999747378752e-05
1989,1.0,0.010908002965152264,9.999999747378752e-05
1990,1.0,0.008481710217893124,9.999999747378752e-05
1991,1.0,0.009418140165507793,9.999999747378752e-05
1992,1.0,0.009698347188532352,9.999999747378752e-05
1993,1.0,0.010726545006036758,9.999999747378752e-05
1994,1.0,0.009546075947582722,9.999999747378752e-05
1995,1.0,0.00942591205239296,9.999999747378752e-05
1996,0.9972375631332397,0.012768399901688099,9.999999747378752e-05
1997,1.0,0.009903122670948505,9.999999747378752e-05
1998,1.0,0.00822974182665348,9.999999747378752e-05
1999,1.0,0.010242097079753876,9.999999747378752e-05
