,categorical_accuracy,loss,learning_rate
0,0.4333333373069763,1.3603841066360474,0.0010000000474974513
1,0.4333333373069763,1.2951571941375732,0.0010000000474974513
2,0.4333333373069763,1.3013726472854614,0.0010000000474974513
3,0.4333333373069763,1.2921420335769653,0.0010000000474974513
4,0.4333333373069763,1.29541015625,0.0010000000474974513
5,0.4333333373069763,1.3048198223114014,0.0010000000474974513
6,0.4333333373069763,1.2920206785202026,0.0010000000474974513
7,0.4333333373069763,1.29930579662323,0.0010000000474974513
8,0.4333333373069763,1.297265648841858,0.0010000000474974513
9,0.4333333373069763,1.2894023656845093,0.0010000000474974513
10,0.4333333373069763,1.2912524938583374,0.0010000000474974513
11,0.4333333373069763,1.301648497581482,0.0010000000474974513
12,0.4333333373069763,1.2917530536651611,0.0010000000474974513
13,0.4333333373069763,1.306034803390503,0.0010000000474974513
14,0.4333333373069763,1.2900398969650269,0.0010000000474974513
15,0.4333333373069763,1.2886179685592651,0.0010000000474974513
16,0.4333333373069763,1.2886710166931152,0.0010000000474974513
17,0.4333333373069763,1.295389175415039,0.0010000000474974513
18,0.4333333373069763,1.293359398841858,0.0010000000474974513
19,0.4333333373069763,1.2899129390716553,0.0010000000474974513
20,0.4333333373069763,1.3003993034362793,0.0010000000474974513
21,0.4333333373069763,1.294662356376648,0.0010000000474974513
22,0.4333333373069763,1.2937793731689453,0.0010000000474974513
23,0.4333333373069763,1.2940824031829834,0.0010000000474974513
24,0.4333333373069763,1.290111780166626,0.0010000000474974513
25,0.4333333373069763,1.2921128273010254,0.0010000000474974513
26,0.4333333373069763,1.2953096628189087,0.0010000000474974513
27,0.4333333373069763,1.290898084640503,0.0010000000474974513
28,0.4333333373069763,1.2906181812286377,0.0010000000474974513
29,0.4333333373069763,1.2871683835983276,0.0010000000474974513
30,0.4333333373069763,1.2896201610565186,0.0010000000474974513
31,0.4333333373069763,1.2917723655700684,0.0010000000474974513
32,0.4333333373069763,1.2904212474822998,0.0010000000474974513
33,0.4333333373069763,1.2988754510879517,0.0010000000474974513
34,0.4333333373069763,1.2952885627746582,0.0010000000474974513
35,0.4333333373069763,1.2859153747558594,0.0010000000474974513
36,0.4333333373069763,1.2929471731185913,0.0010000000474974513
37,0.4333333373069763,1.2910836935043335,0.0010000000474974513
38,0.4333333373069763,1.2899720668792725,0.0010000000474974513
39,0.4333333373069763,1.285088062286377,0.0010000000474974513
40,0.4333333373069763,1.2876838445663452,0.0010000000474974513
41,0.4333333373069763,1.287771224975586,0.0010000000474974513
42,0.4333333373069763,1.2896502017974854,0.0010000000474974513
43,0.4333333373069763,1.2911393642425537,0.0010000000474974513
44,0.4333333373069763,1.2895185947418213,0.0010000000474974513
45,0.4333333373069763,1.2861480712890625,0.0010000000474974513
46,0.4333333373069763,1.2924715280532837,0.0010000000474974513
47,0.4333333373069763,1.2966841459274292,0.0010000000474974513
48,0.4333333373069763,1.293375015258789,0.0010000000474974513
49,0.4333333373069763,1.2936246395111084,0.0010000000474974513
50,0.4333333373069763,1.2875748872756958,0.0010000000474974513
51,0.4333333373069763,1.2920862436294556,0.0010000000474974513
52,0.4333333373069763,1.2936397790908813,0.0010000000474974513
53,0.4333333373069763,1.290327787399292,0.0010000000474974513
54,0.4333333373069763,1.2921830415725708,0.0010000000474974513
55,0.4333333373069763,1.2923628091812134,0.0010000000474974513
56,0.4333333373069763,1.315081238746643,0.0010000000474974513
57,0.4333333373069763,1.3028587102890015,0.0010000000474974513
58,0.4333333373069763,1.2887142896652222,0.0010000000474974513
59,0.4333333373069763,1.2985866069793701,0.0010000000474974513
60,0.4333333373069763,1.293903112411499,0.0010000000474974513
61,0.4333333373069763,1.2987406253814697,0.0010000000474974513
62,0.4333333373069763,1.2897571325302124,0.0010000000474974513
63,0.4333333373069763,1.3016828298568726,0.0010000000474974513
64,0.4333333373069763,1.2982332706451416,0.0010000000474974513
65,0.4333333373069763,1.2902523279190063,0.0010000000474974513
66,0.4333333373069763,1.295721173286438,0.0010000000474974513
67,0.4333333373069763,1.2891288995742798,0.0010000000474974513
68,0.4333333373069763,1.291972279548645,0.0010000000474974513
69,0.4333333373069763,1.290252685546875,0.0010000000474974513
70,0.4333333373069763,1.2891767024993896,0.0010000000474974513
71,0.4333333373069763,1.2926559448242188,0.0010000000474974513
72,0.4333333373069763,1.283428430557251,0.0010000000474974513
73,0.4333333373069763,1.2882055044174194,0.0010000000474974513
74,0.4333333373069763,1.2894285917282104,0.0010000000474974513
75,0.4333333373069763,1.2837834358215332,0.0010000000474974513
76,0.4333333373069763,1.282791018486023,0.0010000000474974513
77,0.4333333373069763,1.2928478717803955,0.0010000000474974513
78,0.4333333373069763,1.301843523979187,0.0010000000474974513
79,0.4333333373069763,1.2956454753875732,0.0010000000474974513
80,0.4333333373069763,1.2924346923828125,0.0010000000474974513
81,0.4333333373069763,1.2875597476959229,0.0010000000474974513
82,0.4333333373069763,1.2888014316558838,0.0010000000474974513
83,0.4333333373069763,1.2840232849121094,0.0010000000474974513
84,0.4333333373069763,1.282220721244812,0.0010000000474974513
85,0.4333333373069763,1.303922176361084,0.0010000000474974513
86,0.4333333373069763,1.2837891578674316,0.0010000000474974513
87,0.4333333373069763,1.2856782674789429,0.0010000000474974513
88,0.4333333373069763,1.2911726236343384,0.0010000000474974513
89,0.4333333373069763,1.2897025346755981,0.0010000000474974513
90,0.4333333373069763,1.2940117120742798,0.0010000000474974513
91,0.4333333373069763,1.2865817546844482,0.0010000000474974513
92,0.4333333373069763,1.2837291955947876,0.0010000000474974513
93,0.4333333373069763,1.285061240196228,0.0010000000474974513
94,0.4333333373069763,1.2833362817764282,0.0010000000474974513
95,0.4333333373069763,1.2867244482040405,0.0010000000474974513
96,0.4333333373069763,1.2944412231445312,0.0010000000474974513
97,0.4333333373069763,1.287992000579834,0.0010000000474974513
98,0.4333333373069763,1.2910373210906982,0.0010000000474974513
99,0.4333333373069763,1.2971771955490112,0.0010000000474974513
100,0.4333333373069763,1.2806798219680786,0.0010000000474974513
101,0.4333333373069763,1.291259527206421,0.0010000000474974513
102,0.4333333373069763,1.2807525396347046,0.0010000000474974513
103,0.4333333373069763,1.283814787864685,0.0010000000474974513
104,0.4333333373069763,1.279943585395813,0.0010000000474974513
105,0.4333333373069763,1.2971749305725098,0.0010000000474974513
106,0.4333333373069763,1.3082205057144165,0.0010000000474974513
107,0.4333333373069763,1.2840361595153809,0.0010000000474974513
108,0.4333333373069763,1.2935935258865356,0.0010000000474974513
109,0.4333333373069763,1.3002668619155884,0.0010000000474974513
110,0.4333333373069763,1.2849866151809692,0.0010000000474974513
111,0.4333333373069763,1.2997090816497803,0.0010000000474974513
112,0.4333333373069763,1.2941431999206543,0.0010000000474974513
113,0.4333333373069763,1.283677577972412,0.0010000000474974513
114,0.4333333373069763,1.2821002006530762,0.0010000000474974513
115,0.4333333373069763,1.2820804119110107,0.0010000000474974513
116,0.4333333373069763,1.283740758895874,0.0010000000474974513
117,0.4333333373069763,1.295817494392395,0.0010000000474974513
118,0.4333333373069763,1.2907414436340332,0.0010000000474974513
119,0.4333333373069763,1.2835496664047241,0.0010000000474974513
120,0.4333333373069763,1.2877861261367798,0.0010000000474974513
121,0.4333333373069763,1.2807708978652954,0.0010000000474974513
122,0.4333333373069763,1.3101943731307983,0.0010000000474974513
123,0.4333333373069763,1.2769813537597656,0.0010000000474974513
124,0.4333333373069763,1.277335524559021,0.0010000000474974513
125,0.4333333373069763,1.2869621515274048,0.0010000000474974513
126,0.4333333373069763,1.2866578102111816,0.0010000000474974513
127,0.4333333373069763,1.2870290279388428,0.0010000000474974513
128,0.4333333373069763,1.2988929748535156,0.0010000000474974513
129,0.4333333373069763,1.2803566455841064,0.0010000000474974513
130,0.4333333373069763,1.2837949991226196,0.0010000000474974513
131,0.4333333373069763,1.2812350988388062,0.0010000000474974513
132,0.4333333373069763,1.277093529701233,0.0010000000474974513
133,0.4333333373069763,1.280542254447937,0.0010000000474974513
134,0.4333333373069763,1.3004801273345947,0.0010000000474974513
135,0.4333333373069763,1.2807914018630981,0.0010000000474974513
136,0.4333333373069763,1.2962720394134521,0.0010000000474974513
137,0.4333333373069763,1.2804527282714844,0.0010000000474974513
138,0.4333333373069763,1.2995266914367676,0.0010000000474974513
139,0.4333333373069763,1.2866880893707275,0.0010000000474974513
140,0.4333333373069763,1.2874797582626343,0.0010000000474974513
141,0.4333333373069763,1.2911723852157593,0.0010000000474974513
142,0.4333333373069763,1.288892149925232,0.0010000000474974513
143,0.4333333373069763,1.2865763902664185,0.0010000000474974513
144,0.4333333373069763,1.2816987037658691,0.0010000000474974513
145,0.4333333373069763,1.2823528051376343,0.0010000000474974513
146,0.4333333373069763,1.2964694499969482,0.0010000000474974513
147,0.4333333373069763,1.2933121919631958,0.0010000000474974513
148,0.4333333373069763,1.2852668762207031,0.0010000000474974513
149,0.4333333373069763,1.286129355430603,0.0010000000474974513
150,0.4333333373069763,1.2828891277313232,0.0010000000474974513
151,0.4333333373069763,1.272495150566101,0.0010000000474974513
152,0.4333333373069763,1.2821885347366333,0.0010000000474974513
153,0.4333333373069763,1.276450514793396,0.0010000000474974513
154,0.4333333373069763,1.2726974487304688,0.0010000000474974513
155,0.4333333373069763,1.2890836000442505,0.0010000000474974513
156,0.4333333373069763,1.2771613597869873,0.0010000000474974513
157,0.4333333373069763,1.2698471546173096,0.0010000000474974513
158,0.4333333373069763,1.2774063348770142,0.0010000000474974513
159,0.4333333373069763,1.279840350151062,0.0010000000474974513
160,0.4333333373069763,1.2925565242767334,0.0010000000474974513
161,0.4333333373069763,1.2833468914031982,0.0010000000474974513
162,0.4333333373069763,1.2847996950149536,0.0010000000474974513
163,0.4333333373069763,1.2844113111495972,0.0010000000474974513
164,0.4333333373069763,1.277606725692749,0.0010000000474974513
165,0.4333333373069763,1.285969614982605,0.0010000000474974513
166,0.4333333373069763,1.2920180559158325,0.0010000000474974513
167,0.4333333373069763,1.2805448770523071,0.0010000000474974513
168,0.4333333373069763,1.2919496297836304,0.0010000000474974513
169,0.4333333373069763,1.2789480686187744,0.0010000000474974513
170,0.4333333373069763,1.2771302461624146,0.0010000000474974513
171,0.4333333373069763,1.2703903913497925,0.0010000000474974513
172,0.4333333373069763,1.2890565395355225,0.0010000000474974513
173,0.4333333373069763,1.3118517398834229,0.0010000000474974513
174,0.4333333373069763,1.3291524648666382,0.0010000000474974513
175,0.4333333373069763,1.2958948612213135,0.0010000000474974513
176,0.4333333373069763,1.2839760780334473,0.0010000000474974513
177,0.4333333373069763,1.3065062761306763,0.0010000000474974513
178,0.4333333373069763,1.3019121885299683,0.0010000000474974513
179,0.4333333373069763,1.28954017162323,0.0010000000474974513
180,0.4333333373069763,1.2879966497421265,0.0010000000474974513
181,0.4333333373069763,1.2814613580703735,0.0010000000474974513
182,0.4333333373069763,1.2843934297561646,0.0010000000474974513
183,0.4333333373069763,1.2846235036849976,0.0010000000474974513
184,0.4333333373069763,1.2789111137390137,0.0010000000474974513
185,0.4333333373069763,1.2775863409042358,0.0010000000474974513
186,0.4333333373069763,1.275988221168518,0.0010000000474974513
187,0.4333333373069763,1.271694540977478,0.0010000000474974513
188,0.4333333373069763,1.2866367101669312,0.0010000000474974513
189,0.4333333373069763,1.293005108833313,0.0010000000474974513
190,0.4333333373069763,1.2642216682434082,0.0010000000474974513
191,0.4333333373069763,1.2670167684555054,0.0010000000474974513
192,0.4333333373069763,1.2610598802566528,0.0010000000474974513
193,0.4333333373069763,1.2955352067947388,0.0010000000474974513
194,0.4333333373069763,1.262669324874878,0.0010000000474974513
195,0.4333333373069763,1.2593443393707275,0.0010000000474974513
196,0.4333333373069763,1.270359754562378,0.0010000000474974513
197,0.4333333373069763,1.2569690942764282,0.0010000000474974513
198,0.4333333373069763,1.2688802480697632,0.0010000000474974513
199,0.4333333373069763,1.2714310884475708,0.0010000000474974513
200,0.4333333373069763,1.285198450088501,0.0010000000474974513
201,0.4333333373069763,1.2816989421844482,0.0010000000474974513
202,0.4333333373069763,1.2934536933898926,0.0010000000474974513
203,0.4333333373069763,1.2959545850753784,0.0010000000474974513
204,0.4333333373069763,1.2619781494140625,0.0010000000474974513
205,0.4333333373069763,1.262725830078125,0.0010000000474974513
206,0.4333333373069763,1.2570282220840454,0.0010000000474974513
207,0.4333333373069763,1.2651787996292114,0.0010000000474974513
208,0.4333333373069763,1.284164309501648,0.0010000000474974513
209,0.4333333373069763,1.2865893840789795,0.0010000000474974513
210,0.4333333373069763,1.2760522365570068,0.0010000000474974513
211,0.4333333373069763,1.2706198692321777,0.0010000000474974513
212,0.4333333373069763,1.244049072265625,0.0010000000474974513
213,0.4333333373069763,1.27632474899292,0.0010000000474974513
214,0.4333333373069763,1.265641689300537,0.0010000000474974513
215,0.4333333373069763,1.2725776433944702,0.0010000000474974513
216,0.4333333373069763,1.2398353815078735,0.0010000000474974513
217,0.4333333373069763,1.2346134185791016,0.0010000000474974513
218,0.4333333373069763,1.3054414987564087,0.0010000000474974513
219,0.4333333373069763,1.2992374897003174,0.0010000000474974513
220,0.4333333373069763,1.28630793094635,0.0010000000474974513
221,0.4333333373069763,1.2809094190597534,0.0010000000474974513
222,0.4333333373069763,1.280129313468933,0.0010000000474974513
223,0.4333333373069763,1.2795913219451904,0.0010000000474974513
224,0.4333333373069763,1.2841705083847046,0.0010000000474974513
225,0.4333333373069763,1.2772974967956543,0.0010000000474974513
226,0.4333333373069763,1.291473388671875,0.0010000000474974513
227,0.4333333373069763,1.2724173069000244,0.0010000000474974513
228,0.4333333373069763,1.2685502767562866,0.0010000000474974513
229,0.4333333373069763,1.2631893157958984,0.0010000000474974513
230,0.4333333373069763,1.2699028253555298,0.0010000000474974513
231,0.4333333373069763,1.247369647026062,0.0010000000474974513
232,0.4333333373069763,1.2705384492874146,0.0010000000474974513
233,0.4333333373069763,1.287759780883789,0.0010000000474974513
234,0.4333333373069763,1.2473987340927124,0.0010000000474974513
235,0.4333333373069763,1.2524012327194214,0.0010000000474974513
236,0.4333333373069763,1.259494662284851,0.0010000000474974513
237,0.4333333373069763,1.253541111946106,0.0010000000474974513
238,0.4333333373069763,1.2297930717468262,0.0010000000474974513
239,0.4333333373069763,1.309339165687561,0.0010000000474974513
240,0.4333333373069763,1.3025423288345337,0.0010000000474974513
241,0.4333333373069763,1.2736598253250122,0.0010000000474974513
242,0.4333333373069763,1.25981605052948,0.0010000000474974513
243,0.4333333373069763,1.2577080726623535,0.0010000000474974513
244,0.4333333373069763,1.2483386993408203,0.0010000000474974513
245,0.4333333373069763,1.2663742303848267,0.0010000000474974513
246,0.4333333373069763,1.2590820789337158,0.0010000000474974513
247,0.4333333373069763,1.2785133123397827,0.0010000000474974513
248,0.4333333373069763,1.2798069715499878,0.0010000000474974513
249,0.4333333373069763,1.2457021474838257,0.0010000000474974513
250,0.4333333373069763,1.2661067247390747,0.0010000000474974513
251,0.4333333373069763,1.2471778392791748,0.0010000000474974513
252,0.4333333373069763,1.24661123752594,0.0010000000474974513
253,0.4333333373069763,1.2629101276397705,0.0010000000474974513
254,0.4333333373069763,1.348077654838562,0.0010000000474974513
255,0.4333333373069763,1.2778593301773071,0.0010000000474974513
256,0.4333333373069763,1.2723997831344604,0.0010000000474974513
257,0.4333333373069763,1.2700538635253906,0.0010000000474974513
258,0.4333333373069763,1.2769968509674072,0.0010000000474974513
259,0.4333333373069763,1.2560935020446777,0.0010000000474974513
260,0.4333333373069763,1.261867642402649,0.0010000000474974513
261,0.4333333373069763,1.2237526178359985,0.0010000000474974513
262,0.4333333373069763,1.2652043104171753,0.0010000000474974513
263,0.4333333373069763,1.2504920959472656,0.0010000000474974513
264,0.4333333373069763,1.2400784492492676,0.0010000000474974513
265,0.4333333373069763,1.2306859493255615,0.0010000000474974513
266,0.4333333373069763,1.2518655061721802,0.0010000000474974513
267,0.4333333373069763,1.255115032196045,0.0010000000474974513
268,0.4333333373069763,1.2537040710449219,0.0010000000474974513
269,0.4333333373069763,1.232109785079956,0.0010000000474974513
270,0.4333333373069763,1.2268903255462646,0.0010000000474974513
271,0.4333333373069763,1.2466189861297607,0.0010000000474974513
272,0.4333333373069763,1.249572992324829,0.0010000000474974513
273,0.4333333373069763,1.2327221632003784,0.0010000000474974513
274,0.4333333373069763,1.2728677988052368,0.0010000000474974513
275,0.4333333373069763,1.275192141532898,0.0010000000474974513
276,0.4333333373069763,1.244329571723938,0.0010000000474974513
277,0.4333333373069763,1.2160724401474,0.0010000000474974513
278,0.4333333373069763,1.207226037979126,0.0010000000474974513
279,0.4333333373069763,1.2680072784423828,0.0010000000474974513
280,0.5,1.1773535013198853,0.0010000000474974513
281,0.4333333373069763,1.2480676174163818,0.0010000000474974513
282,0.4333333373069763,1.2493176460266113,0.0010000000474974513
283,0.4333333373069763,1.203091025352478,0.0010000000474974513
284,0.4333333373069763,1.1880868673324585,0.0010000000474974513
285,0.4333333373069763,1.2734555006027222,0.0010000000474974513
286,0.4333333373069763,1.2434009313583374,0.0010000000474974513
287,0.4333333373069763,1.2961946725845337,0.0010000000474974513
288,0.4333333373069763,1.2570093870162964,0.0010000000474974513
289,0.4333333373069763,1.2309244871139526,0.0010000000474974513
290,0.4333333373069763,1.1938027143478394,0.0010000000474974513
291,0.4333333373069763,1.1997013092041016,0.0010000000474974513
292,0.5,1.1832014322280884,0.0010000000474974513
293,0.4333333373069763,1.1546473503112793,0.0010000000474974513
294,0.4333333373069763,1.2661521434783936,0.0010000000474974513
295,0.4333333373069763,1.2592164278030396,0.0010000000474974513
296,0.4333333373069763,1.2195943593978882,0.0010000000474974513
297,0.4333333373069763,1.2307407855987549,0.0010000000474974513
298,0.4333333373069763,1.197247862815857,0.0010000000474974513
299,0.4333333373069763,1.2076679468154907,0.0010000000474974513
300,0.4333333373069763,1.2329070568084717,0.0010000000474974513
301,0.4333333373069763,1.2566548585891724,0.0010000000474974513
302,0.4333333373069763,1.2339565753936768,0.0010000000474974513
303,0.4333333373069763,1.194109559059143,0.0010000000474974513
304,0.4333333373069763,1.1982614994049072,0.0010000000474974513
305,0.46666666865348816,1.159806728363037,0.0010000000474974513
306,0.4333333373069763,1.216753602027893,0.0010000000474974513
307,0.4333333373069763,1.2249410152435303,0.0010000000474974513
308,0.4333333373069763,1.1506788730621338,0.0010000000474974513
309,0.4333333373069763,1.2716625928878784,0.0010000000474974513
310,0.4333333373069763,1.2476691007614136,0.0010000000474974513
311,0.4333333373069763,1.208229422569275,0.0010000000474974513
312,0.4333333373069763,1.1958423852920532,0.0010000000474974513
313,0.4333333373069763,1.2249114513397217,0.0010000000474974513
314,0.4333333373069763,1.2132904529571533,0.0010000000474974513
315,0.5333333611488342,1.2121522426605225,0.0010000000474974513
316,0.4333333373069763,1.2393410205841064,0.0010000000474974513
317,0.4333333373069763,1.2332050800323486,0.0010000000474974513
318,0.4333333373069763,1.262260913848877,0.0010000000474974513
319,0.4333333373069763,1.2449687719345093,0.0010000000474974513
320,0.4333333373069763,1.2187930345535278,0.0010000000474974513
321,0.4333333373069763,1.1913589239120483,0.0010000000474974513
322,0.5,1.1939570903778076,0.0010000000474974513
323,0.46666666865348816,1.1803830862045288,0.0010000000474974513
324,0.4333333373069763,1.2095750570297241,0.0010000000474974513
325,0.46666666865348816,1.2013663053512573,0.0010000000474974513
326,0.46666666865348816,1.1555572748184204,0.0010000000474974513
327,0.4333333373069763,1.200640320777893,0.0010000000474974513
328,0.46666666865348816,1.188651204109192,0.0010000000474974513
329,0.4333333373069763,1.1480110883712769,0.0010000000474974513
330,0.46666666865348816,1.181183099746704,0.0010000000474974513
331,0.5333333611488342,1.1868784427642822,0.0010000000474974513
332,0.4333333373069763,1.2568984031677246,0.0010000000474974513
333,0.4333333373069763,1.2831060886383057,0.0010000000474974513
334,0.4333333373069763,1.2844172716140747,0.0010000000474974513
335,0.4333333373069763,1.2636990547180176,0.0010000000474974513
336,0.4333333373069763,1.268241286277771,0.0010000000474974513
337,0.4333333373069763,1.2707955837249756,0.0010000000474974513
338,0.4333333373069763,1.2634671926498413,0.0010000000474974513
339,0.4333333373069763,1.2208466529846191,0.0010000000474974513
340,0.4333333373069763,1.2076395750045776,0.0010000000474974513
341,0.4333333373069763,1.1995936632156372,0.0010000000474974513
342,0.4333333373069763,1.2073293924331665,0.0010000000474974513
343,0.46666666865348816,1.1669490337371826,0.0010000000474974513
344,0.46666666865348816,1.2017407417297363,0.0010000000474974513
345,0.4333333373069763,1.2122167348861694,0.0010000000474974513
346,0.4333333373069763,1.1738194227218628,0.0010000000474974513
347,0.4333333373069763,1.1620341539382935,0.0010000000474974513
348,0.4333333373069763,1.2231419086456299,0.0010000000474974513
349,0.5,1.2071119546890259,0.0010000000474974513
350,0.46666666865348816,1.1652952432632446,0.0010000000474974513
351,0.4333333373069763,1.1262824535369873,0.0010000000474974513
352,0.5666666626930237,1.1316211223602295,0.0010000000474974513
353,0.5,1.203500509262085,0.0010000000474974513
354,0.4333333373069763,1.2709572315216064,0.0010000000474974513
355,0.4333333373069763,1.1997621059417725,0.0010000000474974513
356,0.4333333373069763,1.1743680238723755,0.0010000000474974513
357,0.5,1.1865298748016357,0.0010000000474974513
358,0.5,1.1738297939300537,0.0010000000474974513
359,0.4333333373069763,1.1803959608078003,0.0010000000474974513
360,0.46666666865348816,1.1636821031570435,0.0010000000474974513
361,0.46666666865348816,1.1915555000305176,0.0010000000474974513
362,0.5,1.1986355781555176,0.0010000000474974513
363,0.4333333373069763,1.1605829000473022,0.0010000000474974513
364,0.4333333373069763,1.2018065452575684,0.0010000000474974513
365,0.4333333373069763,1.1997864246368408,0.0010000000474974513
366,0.5333333611488342,1.181729793548584,0.0010000000474974513
367,0.5,1.1606898307800293,0.0010000000474974513
368,0.4333333373069763,1.1950987577438354,0.0010000000474974513
369,0.5,1.1395665407180786,0.0010000000474974513
370,0.46666666865348816,1.2420861721038818,0.0010000000474974513
371,0.4333333373069763,1.2319947481155396,0.0010000000474974513
372,0.46666666865348816,1.1252113580703735,0.0010000000474974513
373,0.46666666865348816,1.1424615383148193,0.0010000000474974513
374,0.5,1.1303651332855225,0.0010000000474974513
375,0.4333333373069763,1.221388339996338,0.0010000000474974513
376,0.4333333373069763,1.2408322095870972,0.0010000000474974513
377,0.46666666865348816,1.220017671585083,0.0010000000474974513
378,0.5,1.1720041036605835,0.0010000000474974513
379,0.5333333611488342,1.093974232673645,0.0010000000474974513
380,0.5666666626930237,1.0420163869857788,0.0010000000474974513
381,0.6000000238418579,1.0281219482421875,0.0010000000474974513
382,0.5333333611488342,1.1402970552444458,0.0010000000474974513
383,0.4333333373069763,1.2705274820327759,0.0010000000474974513
384,0.4333333373069763,1.275268793106079,0.0010000000474974513
385,0.4333333373069763,1.2702089548110962,0.0010000000474974513
386,0.4333333373069763,1.2734520435333252,0.0010000000474974513
387,0.4333333373069763,1.2570273876190186,0.0010000000474974513
388,0.4333333373069763,1.2702466249465942,0.0010000000474974513
389,0.4333333373069763,1.2693867683410645,0.0010000000474974513
390,0.4333333373069763,1.2309311628341675,0.0010000000474974513
391,0.4333333373069763,1.210343837738037,0.0010000000474974513
392,0.4333333373069763,1.1542160511016846,0.0010000000474974513
393,0.46666666865348816,1.1411588191986084,0.0010000000474974513
394,0.4333333373069763,1.2009997367858887,0.0010000000474974513
395,0.46666666865348816,1.3187565803527832,0.0010000000474974513
396,0.46666666865348816,1.197703242301941,0.0010000000474974513
397,0.4333333373069763,1.195203185081482,0.0010000000474974513
398,0.5,1.1739572286605835,0.0010000000474974513
399,0.46666666865348816,1.1128928661346436,0.0010000000474974513
400,0.46666666865348816,1.183866024017334,0.0010000000474974513
401,0.5,1.1314457654953003,0.0010000000474974513
402,0.46666666865348816,1.1350611448287964,0.0010000000474974513
403,0.5666666626930237,1.0870946645736694,0.0010000000474974513
404,0.5,1.195704698562622,0.0010000000474974513
405,0.46666666865348816,1.1087231636047363,0.0010000000474974513
406,0.5666666626930237,1.1233160495758057,0.0010000000474974513
407,0.4333333373069763,1.1929032802581787,0.0010000000474974513
408,0.46666666865348816,1.1744755506515503,0.0010000000474974513
409,0.46666666865348816,1.2053698301315308,0.0010000000474974513
410,0.46666666865348816,1.1514559984207153,0.0010000000474974513
411,0.46666666865348816,1.1755988597869873,0.0010000000474974513
412,0.4333333373069763,1.2282536029815674,0.0010000000474974513
413,0.5333333611488342,1.147278070449829,0.0010000000474974513
414,0.5333333611488342,1.108242392539978,0.0010000000474974513
415,0.5666666626930237,1.1544204950332642,0.0010000000474974513
416,0.5333333611488342,1.1416277885437012,0.0010000000474974513
417,0.5,1.104218602180481,0.0010000000474974513
418,0.5666666626930237,1.1271134614944458,0.0010000000474974513
419,0.6000000238418579,1.0858702659606934,0.0010000000474974513
420,0.5,1.121986746788025,0.0010000000474974513
421,0.5666666626930237,1.1358689069747925,0.0010000000474974513
422,0.4333333373069763,1.1518186330795288,0.0010000000474974513
423,0.4333333373069763,1.1150676012039185,0.0010000000474974513
424,0.46666666865348816,1.157070517539978,0.0010000000474974513
425,0.5,1.1274313926696777,0.0010000000474974513
426,0.46666666865348816,1.135755181312561,0.0010000000474974513
427,0.5,1.2029632329940796,0.0010000000474974513
428,0.5,1.0933151245117188,0.0010000000474974513
429,0.4000000059604645,1.2641624212265015,0.0010000000474974513
430,0.4333333373069763,1.2655372619628906,0.0010000000474974513
431,0.4333333373069763,1.2054802179336548,0.0010000000474974513
432,0.5,1.1816933155059814,0.0005000000237487257
433,0.5,1.1527774333953857,0.0005000000237487257
434,0.5333333611488342,1.1883320808410645,0.0005000000237487257
435,0.6000000238418579,1.1024572849273682,0.0005000000237487257
436,0.5333333611488342,1.1033493280410767,0.0005000000237487257
437,0.6000000238418579,1.0717523097991943,0.0005000000237487257
438,0.5666666626930237,1.0276992321014404,0.0005000000237487257
439,0.5,1.1331055164337158,0.0005000000237487257
440,0.5,1.1023370027542114,0.0005000000237487257
441,0.5,1.1041276454925537,0.0005000000237487257
442,0.5333333611488342,1.089453935623169,0.0005000000237487257
443,0.5333333611488342,1.034820318222046,0.0005000000237487257
444,0.5333333611488342,1.0702193975448608,0.0005000000237487257
445,0.6333333253860474,1.0272228717803955,0.0005000000237487257
446,0.5666666626930237,1.0622955560684204,0.0005000000237487257
447,0.699999988079071,1.053754448890686,0.0005000000237487257
448,0.5,1.0798985958099365,0.0005000000237487257
449,0.5333333611488342,1.0793074369430542,0.0005000000237487257
450,0.5333333611488342,1.0601097345352173,0.0005000000237487257
451,0.5333333611488342,1.1556471586227417,0.0005000000237487257
452,0.46666666865348816,1.056408166885376,0.0005000000237487257
453,0.6666666865348816,0.9559367895126343,0.0005000000237487257
454,0.5666666626930237,1.007538080215454,0.0005000000237487257
455,0.5333333611488342,1.0828418731689453,0.0005000000237487257
456,0.5333333611488342,1.0364550352096558,0.0005000000237487257
457,0.5666666626930237,1.1181505918502808,0.0005000000237487257
458,0.6333333253860474,1.022220253944397,0.0005000000237487257
459,0.699999988079071,1.0500880479812622,0.0005000000237487257
460,0.5666666626930237,1.0826665163040161,0.0005000000237487257
461,0.5333333611488342,1.0341720581054688,0.0005000000237487257
462,0.5333333611488342,1.1006039381027222,0.0005000000237487257
463,0.6000000238418579,1.0346585512161255,0.0005000000237487257
464,0.5666666626930237,1.0244824886322021,0.0005000000237487257
465,0.5666666626930237,1.0489637851715088,0.0005000000237487257
466,0.5666666626930237,1.038555383682251,0.0005000000237487257
467,0.6333333253860474,1.0370100736618042,0.0005000000237487257
468,0.6333333253860474,0.9773257970809937,0.0005000000237487257
469,0.6000000238418579,1.0757471323013306,0.0005000000237487257
470,0.6000000238418579,1.0893828868865967,0.0005000000237487257
471,0.699999988079071,0.9467068910598755,0.0005000000237487257
472,0.5666666626930237,1.1455090045928955,0.0005000000237487257
473,0.46666666865348816,0.9854600429534912,0.0005000000237487257
474,0.6666666865348816,0.9815649390220642,0.0005000000237487257
475,0.6000000238418579,1.0564959049224854,0.0005000000237487257
476,0.6666666865348816,1.0192447900772095,0.0005000000237487257
477,0.6333333253860474,1.0312039852142334,0.0005000000237487257
478,0.4333333373069763,1.1011526584625244,0.0005000000237487257
479,0.6666666865348816,1.015522837638855,0.0005000000237487257
480,0.6000000238418579,1.004905343055725,0.0005000000237487257
481,0.5333333611488342,1.0089869499206543,0.0005000000237487257
482,0.6666666865348816,0.9176910519599915,0.0005000000237487257
483,0.6666666865348816,1.0053467750549316,0.0005000000237487257
484,0.6000000238418579,0.9392834901809692,0.0005000000237487257
485,0.699999988079071,1.0185086727142334,0.0005000000237487257
486,0.6000000238418579,1.093863844871521,0.0005000000237487257
487,0.6000000238418579,1.1161874532699585,0.0005000000237487257
488,0.5,1.1008846759796143,0.0005000000237487257
489,0.5666666626930237,1.0348783731460571,0.0005000000237487257
490,0.6333333253860474,1.009421467781067,0.0005000000237487257
491,0.5333333611488342,1.0649195909500122,0.0005000000237487257
492,0.699999988079071,0.9743948578834534,0.0005000000237487257
493,0.7666666507720947,1.0322622060775757,0.0005000000237487257
494,0.5666666626930237,1.073235273361206,0.0005000000237487257
495,0.6666666865348816,0.9476641416549683,0.0005000000237487257
496,0.6333333253860474,0.9623084664344788,0.0005000000237487257
497,0.6000000238418579,1.0709782838821411,0.0005000000237487257
498,0.5666666626930237,1.0644441843032837,0.0005000000237487257
499,0.6000000238418579,1.0115389823913574,0.0005000000237487257
500,0.6333333253860474,1.0115246772766113,0.0005000000237487257
501,0.699999988079071,1.0312340259552002,0.0005000000237487257
502,0.6000000238418579,0.9292112588882446,0.0005000000237487257
503,0.7333333492279053,1.0330671072006226,0.0005000000237487257
504,0.6666666865348816,0.9702828526496887,0.0005000000237487257
505,0.6333333253860474,1.0442341566085815,0.0005000000237487257
506,0.6000000238418579,1.0461584329605103,0.0005000000237487257
507,0.6000000238418579,1.0836313962936401,0.0005000000237487257
508,0.5333333611488342,1.0103975534439087,0.0005000000237487257
509,0.5,1.0834163427352905,0.0005000000237487257
510,0.6333333253860474,0.9854292273521423,0.0005000000237487257
511,0.5333333611488342,0.988565981388092,0.0005000000237487257
512,0.699999988079071,1.0601063966751099,0.0005000000237487257
513,0.5333333611488342,1.1508527994155884,0.0005000000237487257
514,0.6000000238418579,1.012403130531311,0.0005000000237487257
515,0.6333333253860474,0.9477090835571289,0.0005000000237487257
516,0.5,1.057746410369873,0.0005000000237487257
517,0.6000000238418579,0.9868401885032654,0.0005000000237487257
518,0.6000000238418579,0.9763587713241577,0.0005000000237487257
519,0.6666666865348816,0.968218982219696,0.0005000000237487257
520,0.6000000238418579,1.0092649459838867,0.0005000000237487257
521,0.7333333492279053,0.9647518992424011,0.0005000000237487257
522,0.6000000238418579,0.9948293566703796,0.0005000000237487257
523,0.6000000238418579,0.9698716402053833,0.0005000000237487257
524,0.6333333253860474,1.0193946361541748,0.0005000000237487257
525,0.46666666865348816,1.1699446439743042,0.0005000000237487257
526,0.5,1.0864753723144531,0.0005000000237487257
527,0.6333333253860474,0.9703876376152039,0.0005000000237487257
528,0.699999988079071,1.0034642219543457,0.0005000000237487257
529,0.6000000238418579,1.0241717100143433,0.0005000000237487257
530,0.5333333611488342,1.0222638845443726,0.0005000000237487257
531,0.5,1.0843701362609863,0.0005000000237487257
532,0.699999988079071,1.052381157875061,0.0005000000237487257
533,0.5,1.066354751586914,0.0002500000118743628
534,0.6000000238418579,0.9552283883094788,0.0002500000118743628
535,0.6333333253860474,0.9408712983131409,0.0002500000118743628
536,0.699999988079071,0.9888390898704529,0.0002500000118743628
537,0.5666666626930237,0.9307893514633179,0.0002500000118743628
538,0.6333333253860474,0.9297918081283569,0.0002500000118743628
539,0.6666666865348816,0.9947184920310974,0.0002500000118743628
540,0.6666666865348816,0.9827170968055725,0.0002500000118743628
541,0.6666666865348816,0.9377830624580383,0.0002500000118743628
542,0.6666666865348816,0.9606618285179138,0.0002500000118743628
543,0.7333333492279053,0.9295603036880493,0.0002500000118743628
544,0.5333333611488342,1.0066806077957153,0.0002500000118743628
545,0.6666666865348816,0.9235389232635498,0.0002500000118743628
546,0.6333333253860474,0.9016867876052856,0.0002500000118743628
547,0.6333333253860474,0.9270331263542175,0.0002500000118743628
548,0.7333333492279053,0.9304596185684204,0.0002500000118743628
549,0.7333333492279053,0.8593670725822449,0.0002500000118743628
550,0.699999988079071,0.9061573147773743,0.0002500000118743628
551,0.7666666507720947,0.9080504179000854,0.0002500000118743628
552,0.6333333253860474,0.8685542345046997,0.0002500000118743628
553,0.7333333492279053,0.8853204846382141,0.0002500000118743628
554,0.6000000238418579,0.9091336131095886,0.0002500000118743628
555,0.6666666865348816,0.9224050045013428,0.0002500000118743628
556,0.6666666865348816,0.9759665727615356,0.0002500000118743628
557,0.7333333492279053,0.9422281384468079,0.0002500000118743628
558,0.6666666865348816,0.8735001087188721,0.0002500000118743628
559,0.6000000238418579,0.9630895256996155,0.0002500000118743628
560,0.6000000238418579,0.8979800343513489,0.0002500000118743628
561,0.6000000238418579,0.8938391804695129,0.0002500000118743628
562,0.7333333492279053,0.9273215532302856,0.0002500000118743628
563,0.7333333492279053,0.8735695481300354,0.0002500000118743628
564,0.6333333253860474,0.9500938653945923,0.0002500000118743628
565,0.6666666865348816,0.9229234457015991,0.0002500000118743628
566,0.7333333492279053,0.9007662534713745,0.0002500000118743628
567,0.699999988079071,0.8676837682723999,0.0002500000118743628
568,0.7333333492279053,0.9105385541915894,0.0002500000118743628
569,0.7333333492279053,0.8665439486503601,0.0002500000118743628
570,0.7333333492279053,0.8853394985198975,0.0002500000118743628
571,0.6666666865348816,0.9474230408668518,0.0002500000118743628
572,0.6000000238418579,0.9715238213539124,0.0002500000118743628
573,0.7333333492279053,0.9667600989341736,0.0002500000118743628
574,0.5333333611488342,0.982474684715271,0.0002500000118743628
575,0.5666666626930237,0.9313640594482422,0.0002500000118743628
576,0.800000011920929,0.9067491888999939,0.0002500000118743628
577,0.6666666865348816,0.8852198123931885,0.0002500000118743628
578,0.699999988079071,0.9653102159500122,0.0002500000118743628
579,0.6666666865348816,0.905366063117981,0.0002500000118743628
580,0.7333333492279053,0.9257568717002869,0.0002500000118743628
581,0.6666666865348816,0.913561224937439,0.0002500000118743628
582,0.6333333253860474,0.9444864392280579,0.0002500000118743628
583,0.800000011920929,0.8794859647750854,0.0002500000118743628
584,0.699999988079071,0.9318169355392456,0.0002500000118743628
585,0.6000000238418579,0.9098972678184509,0.0002500000118743628
586,0.6666666865348816,0.8843899369239807,0.0002500000118743628
587,0.6666666865348816,0.9288533329963684,0.0002500000118743628
588,0.699999988079071,0.9233338832855225,0.0002500000118743628
589,0.6666666865348816,0.8667133450508118,0.0002500000118743628
590,0.6333333253860474,0.9127570390701294,0.0002500000118743628
591,0.7666666507720947,0.8568665981292725,0.0002500000118743628
592,0.5666666626930237,1.0333009958267212,0.0002500000118743628
593,0.5666666626930237,0.9811826348304749,0.0002500000118743628
594,0.6000000238418579,0.9509914517402649,0.0002500000118743628
595,0.699999988079071,0.9014192223548889,0.0002500000118743628
596,0.699999988079071,0.9280605316162109,0.0002500000118743628
597,0.6000000238418579,0.9201920032501221,0.0002500000118743628
598,0.8333333134651184,0.8842821717262268,0.0002500000118743628
599,0.6333333253860474,0.8693218231201172,0.0002500000118743628
600,0.6333333253860474,0.8696479797363281,0.0002500000118743628
601,0.800000011920929,0.8547928929328918,0.0002500000118743628
602,0.8333333134651184,0.8609354496002197,0.0002500000118743628
603,0.699999988079071,0.8454230427742004,0.0002500000118743628
604,0.800000011920929,0.8090696930885315,0.0002500000118743628
605,0.6666666865348816,0.9261775612831116,0.0002500000118743628
606,0.7666666507720947,0.8697861433029175,0.0002500000118743628
607,0.7333333492279053,0.8918052911758423,0.0002500000118743628
608,0.699999988079071,0.8629513382911682,0.0002500000118743628
609,0.6333333253860474,0.8684176802635193,0.0002500000118743628
610,0.699999988079071,0.9149144291877747,0.0002500000118743628
611,0.7333333492279053,0.9037171602249146,0.0002500000118743628
612,0.6666666865348816,0.9262926578521729,0.0002500000118743628
613,0.800000011920929,0.8651215434074402,0.0002500000118743628
614,0.6333333253860474,1.0095064640045166,0.0002500000118743628
615,0.7333333492279053,0.9217138290405273,0.0002500000118743628
616,0.6333333253860474,0.8930870294570923,0.0002500000118743628
617,0.6666666865348816,0.8840717673301697,0.0002500000118743628
618,0.7666666507720947,0.8855823874473572,0.0002500000118743628
619,0.7333333492279053,0.8666936159133911,0.0002500000118743628
620,0.6333333253860474,0.8731914162635803,0.0002500000118743628
621,0.7666666507720947,0.8423442840576172,0.0002500000118743628
622,0.7666666507720947,0.8488519191741943,0.0002500000118743628
623,0.6666666865348816,0.8317744135856628,0.0002500000118743628
624,0.699999988079071,0.8748849630355835,0.0002500000118743628
625,0.699999988079071,0.9056407809257507,0.0002500000118743628
626,0.800000011920929,0.8510763645172119,0.0002500000118743628
627,0.699999988079071,0.8819400072097778,0.0002500000118743628
628,0.699999988079071,0.8905022740364075,0.0002500000118743628
629,0.7666666507720947,0.8612816333770752,0.0002500000118743628
630,0.5333333611488342,0.8830269575119019,0.0002500000118743628
631,0.7333333492279053,0.8330919146537781,0.0002500000118743628
632,0.8333333134651184,0.8667673468589783,0.0002500000118743628
633,0.6666666865348816,0.9380137920379639,0.0002500000118743628
634,0.6666666865348816,0.9116306304931641,0.0002500000118743628
635,0.6666666865348816,0.9231938719749451,0.0002500000118743628
636,0.6333333253860474,0.8774759769439697,0.0002500000118743628
637,0.699999988079071,0.9072278738021851,0.0002500000118743628
638,0.6666666865348816,0.908755898475647,0.0002500000118743628
639,0.6333333253860474,0.9184699654579163,0.0002500000118743628
640,0.699999988079071,0.9098004102706909,0.0002500000118743628
641,0.6333333253860474,0.8657867908477783,0.0002500000118743628
642,0.6666666865348816,0.9765282273292542,0.0002500000118743628
643,0.7333333492279053,0.928520917892456,0.0002500000118743628
644,0.6666666865348816,0.8734241127967834,0.0002500000118743628
645,0.7666666507720947,0.7981999516487122,0.0002500000118743628
646,0.6666666865348816,0.9040391445159912,0.0002500000118743628
647,0.699999988079071,0.8777633905410767,0.0002500000118743628
648,0.7333333492279053,0.8672130703926086,0.0002500000118743628
649,0.6333333253860474,0.9494916200637817,0.0002500000118743628
650,0.6666666865348816,0.8813540935516357,0.0002500000118743628
651,0.7333333492279053,0.9015191197395325,0.0002500000118743628
652,0.7333333492279053,0.8874435424804688,0.0002500000118743628
653,0.6666666865348816,0.9058840274810791,0.0002500000118743628
654,0.6666666865348816,0.8559771776199341,0.0002500000118743628
655,0.699999988079071,0.9412282705307007,0.0002500000118743628
656,0.6333333253860474,0.9190539717674255,0.0002500000118743628
657,0.699999988079071,0.951802670955658,0.0002500000118743628
658,0.699999988079071,0.889882504940033,0.0002500000118743628
659,0.6666666865348816,0.8946712613105774,0.0002500000118743628
660,0.6666666865348816,0.8779191374778748,0.0002500000118743628
661,0.699999988079071,0.8402217030525208,0.0002500000118743628
662,0.7333333492279053,0.8786761164665222,0.0002500000118743628
663,0.6666666865348816,0.8711626529693604,0.0002500000118743628
664,0.7666666507720947,0.8803517818450928,0.0002500000118743628
665,0.6000000238418579,0.9024876356124878,0.0002500000118743628
666,0.6000000238418579,0.9667796492576599,0.0002500000118743628
667,0.7333333492279053,0.8923959732055664,0.0002500000118743628
668,0.6000000238418579,0.8679174780845642,0.0002500000118743628
669,0.6333333253860474,0.9031542539596558,0.0002500000118743628
670,0.7333333492279053,0.8857281804084778,0.0002500000118743628
671,0.7666666507720947,0.8612414598464966,0.0002500000118743628
672,0.8333333134651184,0.832970380783081,0.0002500000118743628
673,0.6333333253860474,0.8324537873268127,0.0002500000118743628
674,0.7333333492279053,0.8464599847793579,0.0002500000118743628
675,0.800000011920929,0.8016704320907593,0.0002500000118743628
676,0.7333333492279053,0.8463173508644104,0.0002500000118743628
677,0.7666666507720947,0.8495250344276428,0.0002500000118743628
678,0.6666666865348816,0.8446012139320374,0.0002500000118743628
679,0.7333333492279053,0.8876330852508545,0.0002500000118743628
680,0.6666666865348816,0.8758881688117981,0.0002500000118743628
681,0.8333333134651184,0.8286453485488892,0.0002500000118743628
682,0.6666666865348816,0.8785146474838257,0.0002500000118743628
683,0.7666666507720947,0.8566292524337769,0.0002500000118743628
684,0.7333333492279053,0.9134540557861328,0.0002500000118743628
685,0.699999988079071,0.8728044629096985,0.0002500000118743628
686,0.6666666865348816,0.8483814597129822,0.0002500000118743628
687,0.699999988079071,0.8532956838607788,0.0002500000118743628
688,0.8333333134651184,0.8572241067886353,0.0002500000118743628
689,0.8666666746139526,0.8069902062416077,0.0002500000118743628
690,0.699999988079071,0.848290741443634,0.0002500000118743628
691,0.6666666865348816,0.8700092434883118,0.0002500000118743628
692,0.7333333492279053,0.8426911234855652,0.0002500000118743628
693,0.800000011920929,0.8203482031822205,0.0002500000118743628
694,0.7666666507720947,0.8543055057525635,0.0002500000118743628
695,0.7333333492279053,0.8720165491104126,0.0002500000118743628
696,0.699999988079071,0.8332432508468628,0.0001250000059371814
697,0.5,0.9053729772567749,0.0001250000059371814
698,0.699999988079071,0.8649972081184387,0.0001250000059371814
699,0.699999988079071,0.8576983213424683,0.0001250000059371814
700,0.7333333492279053,0.8373593688011169,0.0001250000059371814
701,0.7666666507720947,0.8060411214828491,0.0001250000059371814
702,0.8333333134651184,0.7943984866142273,0.0001250000059371814
703,0.6333333253860474,0.8365373015403748,0.0001250000059371814
704,0.800000011920929,0.8196983933448792,0.0001250000059371814
705,0.6666666865348816,0.8054574131965637,0.0001250000059371814
706,0.699999988079071,0.8308607935905457,0.0001250000059371814
707,0.8666666746139526,0.8023367524147034,0.0001250000059371814
708,0.7666666507720947,0.8218363523483276,0.0001250000059371814
709,0.6000000238418579,0.8403654098510742,0.0001250000059371814
710,0.699999988079071,0.8684632182121277,0.0001250000059371814
711,0.6666666865348816,0.835463285446167,0.0001250000059371814
712,0.7666666507720947,0.8666763305664062,0.0001250000059371814
713,0.7333333492279053,0.8218880891799927,0.0001250000059371814
714,0.7333333492279053,0.8124648928642273,0.0001250000059371814
715,0.7333333492279053,0.8060738444328308,0.0001250000059371814
716,0.7333333492279053,0.8155726790428162,0.0001250000059371814
717,0.7666666507720947,0.8384860754013062,0.0001250000059371814
718,0.6666666865348816,0.8288944363594055,0.0001250000059371814
719,0.6666666865348816,0.8472804427146912,0.0001250000059371814
720,0.800000011920929,0.8108581900596619,0.0001250000059371814
721,0.8333333134651184,0.8420501947402954,0.0001250000059371814
722,0.7666666507720947,0.837164580821991,0.0001250000059371814
723,0.800000011920929,0.8282381296157837,0.0001250000059371814
724,0.8333333134651184,0.8370528817176819,0.0001250000059371814
725,0.7666666507720947,0.8254762291908264,0.0001250000059371814
726,0.7666666507720947,0.8073850274085999,0.0001250000059371814
727,0.6666666865348816,0.9204457998275757,0.0001250000059371814
728,0.7333333492279053,0.8244637250900269,0.0001250000059371814
729,0.6333333253860474,0.8529848456382751,0.0001250000059371814
730,0.699999988079071,0.8376261591911316,0.0001250000059371814
731,0.7333333492279053,0.8209966421127319,0.0001250000059371814
732,0.7333333492279053,0.8259554505348206,0.0001250000059371814
733,0.800000011920929,0.7732773423194885,0.0001250000059371814
734,0.7333333492279053,0.8107917308807373,0.0001250000059371814
735,0.699999988079071,0.8232709169387817,0.0001250000059371814
736,0.7333333492279053,0.7830354571342468,0.0001250000059371814
737,0.7333333492279053,0.8273146152496338,0.0001250000059371814
738,0.699999988079071,0.8335236310958862,0.0001250000059371814
739,0.800000011920929,0.8069087862968445,0.0001250000059371814
740,0.800000011920929,0.7769056558609009,0.0001250000059371814
741,0.7666666507720947,0.8389726877212524,0.0001250000059371814
742,0.8333333134651184,0.7990679144859314,0.0001250000059371814
743,0.6666666865348816,0.859883725643158,0.0001250000059371814
744,0.6333333253860474,0.9049045443534851,0.0001250000059371814
745,0.6333333253860474,0.911780059337616,0.0001250000059371814
746,0.699999988079071,0.8396478891372681,0.0001250000059371814
747,0.7333333492279053,0.8174787163734436,0.0001250000059371814
748,0.8333333134651184,0.8151885867118835,0.0001250000059371814
749,0.699999988079071,0.8210702538490295,0.0001250000059371814
750,0.7666666507720947,0.781586229801178,0.0001250000059371814
751,0.699999988079071,0.8138220310211182,0.0001250000059371814
752,0.699999988079071,0.894228994846344,0.0001250000059371814
753,0.699999988079071,0.8061476349830627,0.0001250000059371814
754,0.6666666865348816,0.8302136659622192,0.0001250000059371814
755,0.800000011920929,0.793056845664978,0.0001250000059371814
756,0.7333333492279053,0.7980026602745056,0.0001250000059371814
757,0.800000011920929,0.7904943227767944,0.0001250000059371814
758,0.699999988079071,0.8079731464385986,0.0001250000059371814
759,0.6333333253860474,0.834896445274353,0.0001250000059371814
760,0.7333333492279053,0.8196125030517578,0.0001250000059371814
761,0.800000011920929,0.8200418949127197,0.0001250000059371814
762,0.7666666507720947,0.8173799514770508,0.0001250000059371814
763,0.6666666865348816,0.8373751044273376,0.0001250000059371814
764,0.8333333134651184,0.7834332585334778,0.0001250000059371814
765,0.7666666507720947,0.8236246705055237,0.0001250000059371814
766,0.8333333134651184,0.800282895565033,0.0001250000059371814
767,0.800000011920929,0.798651397228241,0.0001250000059371814
768,0.7333333492279053,0.7786732912063599,0.0001250000059371814
769,0.8666666746139526,0.7421585917472839,0.0001250000059371814
770,0.8333333134651184,0.8321638703346252,0.0001250000059371814
771,0.7666666507720947,0.8356879353523254,0.0001250000059371814
772,0.7666666507720947,0.7845326662063599,0.0001250000059371814
773,0.800000011920929,0.8017119765281677,0.0001250000059371814
774,0.6666666865348816,0.823393702507019,0.0001250000059371814
775,0.7666666507720947,0.8214588761329651,0.0001250000059371814
776,0.7666666507720947,0.8216187357902527,0.0001250000059371814
777,0.7333333492279053,0.8246600031852722,0.0001250000059371814
778,0.6666666865348816,0.800390362739563,0.0001250000059371814
779,0.800000011920929,0.7815759181976318,0.0001250000059371814
780,0.7666666507720947,0.824634313583374,0.0001250000059371814
781,0.7666666507720947,0.8087575435638428,0.0001250000059371814
782,0.699999988079071,0.8113039135932922,0.0001250000059371814
783,0.6000000238418579,0.8182260990142822,0.0001250000059371814
784,0.7666666507720947,0.7975215911865234,0.0001250000059371814
785,0.7666666507720947,0.7897666692733765,0.0001250000059371814
786,0.6666666865348816,0.8149998784065247,0.0001250000059371814
787,0.7666666507720947,0.7735454440116882,0.0001250000059371814
788,0.7666666507720947,0.8575488328933716,0.0001250000059371814
789,0.7333333492279053,0.8253341317176819,0.0001250000059371814
790,0.6666666865348816,0.7945082187652588,0.0001250000059371814
791,0.699999988079071,0.7908973097801208,0.0001250000059371814
792,0.7333333492279053,0.8113967776298523,0.0001250000059371814
793,0.699999988079071,0.8562539219856262,0.0001250000059371814
794,0.699999988079071,0.7810558080673218,0.0001250000059371814
795,0.800000011920929,0.7712602019309998,0.0001250000059371814
796,0.7333333492279053,0.8195543885231018,0.0001250000059371814
797,0.699999988079071,0.7803195714950562,0.0001250000059371814
798,0.6333333253860474,0.8255593180656433,0.0001250000059371814
799,0.800000011920929,0.822116494178772,0.0001250000059371814
800,0.8666666746139526,0.8052744269371033,0.0001250000059371814
801,0.800000011920929,0.7910468578338623,0.0001250000059371814
802,0.7666666507720947,0.8096230626106262,0.0001250000059371814
803,0.6666666865348816,0.7918517589569092,0.0001250000059371814
804,0.7333333492279053,0.7868488430976868,0.0001250000059371814
805,0.7333333492279053,0.8197101354598999,0.0001250000059371814
806,0.6666666865348816,0.8061339259147644,0.0001250000059371814
807,0.7666666507720947,0.7500318884849548,0.0001250000059371814
808,0.7333333492279053,0.7939909100532532,0.0001250000059371814
809,0.7333333492279053,0.7804659605026245,0.0001250000059371814
810,0.8666666746139526,0.783395528793335,0.0001250000059371814
811,0.7666666507720947,0.7772873640060425,0.0001250000059371814
812,0.800000011920929,0.8025392293930054,0.0001250000059371814
813,0.7333333492279053,0.7982043027877808,0.0001250000059371814
814,0.7333333492279053,0.8066520690917969,0.0001250000059371814
815,0.699999988079071,0.8480505347251892,0.0001250000059371814
816,0.699999988079071,0.794909656047821,0.0001250000059371814
817,0.6666666865348816,0.7707636952400208,0.0001250000059371814
818,0.7333333492279053,0.7828702926635742,0.0001250000059371814
819,0.800000011920929,0.794356107711792,0.0001250000059371814
820,0.6666666865348816,0.8004992008209229,9.999999747378752e-05
821,0.800000011920929,0.7945584058761597,9.999999747378752e-05
822,0.7333333492279053,0.8692266941070557,9.999999747378752e-05
823,0.7333333492279053,0.8097449541091919,9.999999747378752e-05
824,0.7666666507720947,0.8406659960746765,9.999999747378752e-05
825,0.699999988079071,0.8221145868301392,9.999999747378752e-05
826,0.8999999761581421,0.7892071604728699,9.999999747378752e-05
827,0.6666666865348816,0.8215293884277344,9.999999747378752e-05
828,0.6666666865348816,0.7611771821975708,9.999999747378752e-05
829,0.6666666865348816,0.812956690788269,9.999999747378752e-05
830,0.800000011920929,0.7357739806175232,9.999999747378752e-05
831,0.7666666507720947,0.7793482542037964,9.999999747378752e-05
832,0.7666666507720947,0.759286105632782,9.999999747378752e-05
833,0.7333333492279053,0.7961071133613586,9.999999747378752e-05
834,0.800000011920929,0.7699692249298096,9.999999747378752e-05
835,0.8333333134651184,0.7617877721786499,9.999999747378752e-05
836,0.699999988079071,0.7797868251800537,9.999999747378752e-05
837,0.7666666507720947,0.800206184387207,9.999999747378752e-05
838,0.7666666507720947,0.8023357391357422,9.999999747378752e-05
839,0.8333333134651184,0.7820343375205994,9.999999747378752e-05
840,0.7333333492279053,0.8077218532562256,9.999999747378752e-05
841,0.6666666865348816,0.8223000764846802,9.999999747378752e-05
842,0.800000011920929,0.786235511302948,9.999999747378752e-05
843,0.800000011920929,0.8235943913459778,9.999999747378752e-05
844,0.7666666507720947,0.8076368570327759,9.999999747378752e-05
845,0.800000011920929,0.7557054758071899,9.999999747378752e-05
846,0.800000011920929,0.7957150936126709,9.999999747378752e-05
847,0.7666666507720947,0.7652204036712646,9.999999747378752e-05
848,0.800000011920929,0.7584565281867981,9.999999747378752e-05
849,0.800000011920929,0.8225626349449158,9.999999747378752e-05
850,0.800000011920929,0.7795172929763794,9.999999747378752e-05
851,0.7666666507720947,0.8334974646568298,9.999999747378752e-05
852,0.7333333492279053,0.8179119229316711,9.999999747378752e-05
853,0.7333333492279053,0.7781601548194885,9.999999747378752e-05
854,0.8666666746139526,0.8000847697257996,9.999999747378752e-05
855,0.7333333492279053,0.7811212539672852,9.999999747378752e-05
856,0.8666666746139526,0.7729179263114929,9.999999747378752e-05
857,0.800000011920929,0.7795886993408203,9.999999747378752e-05
858,0.7333333492279053,0.7765516638755798,9.999999747378752e-05
859,0.7666666507720947,0.8121662735939026,9.999999747378752e-05
860,0.800000011920929,0.7601475119590759,9.999999747378752e-05
861,0.7333333492279053,0.776516854763031,9.999999747378752e-05
862,0.7666666507720947,0.7872762084007263,9.999999747378752e-05
863,0.8333333134651184,0.75655597448349,9.999999747378752e-05
864,0.7666666507720947,0.7704803943634033,9.999999747378752e-05
865,0.7666666507720947,0.8093456625938416,9.999999747378752e-05
866,0.7666666507720947,0.7950939536094666,9.999999747378752e-05
867,0.6666666865348816,0.7698400020599365,9.999999747378752e-05
868,0.7666666507720947,0.7501238584518433,9.999999747378752e-05
869,0.6666666865348816,0.8183316588401794,9.999999747378752e-05
870,0.8333333134651184,0.7612851858139038,9.999999747378752e-05
871,0.8333333134651184,0.7339919805526733,9.999999747378752e-05
872,0.7666666507720947,0.8151191473007202,9.999999747378752e-05
873,0.7333333492279053,0.8110610842704773,9.999999747378752e-05
874,0.7333333492279053,0.7704101204872131,9.999999747378752e-05
875,0.699999988079071,0.7544828653335571,9.999999747378752e-05
876,0.699999988079071,0.8061167001724243,9.999999747378752e-05
877,0.800000011920929,0.7813431024551392,9.999999747378752e-05
878,0.800000011920929,0.7812868356704712,9.999999747378752e-05
879,0.8333333134651184,0.7696167230606079,9.999999747378752e-05
880,0.7333333492279053,0.7449673414230347,9.999999747378752e-05
881,0.7333333492279053,0.7930718064308167,9.999999747378752e-05
882,0.7666666507720947,0.7650566101074219,9.999999747378752e-05
883,0.800000011920929,0.7702738046646118,9.999999747378752e-05
884,0.7333333492279053,0.7945548892021179,9.999999747378752e-05
885,0.699999988079071,0.8058142066001892,9.999999747378752e-05
886,0.8333333134651184,0.7408952116966248,9.999999747378752e-05
887,0.7666666507720947,0.7867887616157532,9.999999747378752e-05
888,0.7333333492279053,0.810012936592102,9.999999747378752e-05
889,0.7666666507720947,0.7714942693710327,9.999999747378752e-05
890,0.7333333492279053,0.796644926071167,9.999999747378752e-05
891,0.800000011920929,0.760147750377655,9.999999747378752e-05
892,0.8333333134651184,0.7766497731208801,9.999999747378752e-05
893,0.8333333134651184,0.748899519443512,9.999999747378752e-05
894,0.7666666507720947,0.7644733190536499,9.999999747378752e-05
895,0.800000011920929,0.7760620713233948,9.999999747378752e-05
896,0.7666666507720947,0.7522596120834351,9.999999747378752e-05
897,0.7666666507720947,0.7542963624000549,9.999999747378752e-05
898,0.7333333492279053,0.7855257391929626,9.999999747378752e-05
899,0.7666666507720947,0.8250001668930054,9.999999747378752e-05
900,0.7333333492279053,0.8340329527854919,9.999999747378752e-05
901,0.6333333253860474,0.7624721527099609,9.999999747378752e-05
902,0.699999988079071,0.8045031428337097,9.999999747378752e-05
903,0.800000011920929,0.7849569320678711,9.999999747378752e-05
904,0.7666666507720947,0.7885617017745972,9.999999747378752e-05
905,0.7333333492279053,0.7370427250862122,9.999999747378752e-05
906,0.7666666507720947,0.761877179145813,9.999999747378752e-05
907,0.8999999761581421,0.7139409780502319,9.999999747378752e-05
908,0.699999988079071,0.8502551913261414,9.999999747378752e-05
909,0.800000011920929,0.7807289958000183,9.999999747378752e-05
910,0.699999988079071,0.78058260679245,9.999999747378752e-05
911,0.699999988079071,0.796637237071991,9.999999747378752e-05
912,0.6333333253860474,0.7869712114334106,9.999999747378752e-05
913,0.8333333134651184,0.7713806629180908,9.999999747378752e-05
914,0.8999999761581421,0.7489354610443115,9.999999747378752e-05
915,0.8333333134651184,0.7435697913169861,9.999999747378752e-05
916,0.8999999761581421,0.715750515460968,9.999999747378752e-05
917,0.7333333492279053,0.7969993948936462,9.999999747378752e-05
918,0.7666666507720947,0.7453005313873291,9.999999747378752e-05
919,0.8666666746139526,0.7118440270423889,9.999999747378752e-05
920,0.699999988079071,0.8082550764083862,9.999999747378752e-05
921,0.800000011920929,0.7938963174819946,9.999999747378752e-05
922,0.800000011920929,0.7612006068229675,9.999999747378752e-05
923,0.7666666507720947,0.773901104927063,9.999999747378752e-05
924,0.7666666507720947,0.7622359395027161,9.999999747378752e-05
925,0.7333333492279053,0.7535999417304993,9.999999747378752e-05
926,0.7333333492279053,0.7264832258224487,9.999999747378752e-05
927,0.7666666507720947,0.7614088654518127,9.999999747378752e-05
928,0.7666666507720947,0.7446796298027039,9.999999747378752e-05
929,0.7666666507720947,0.7373494505882263,9.999999747378752e-05
930,0.8333333134651184,0.7610654234886169,9.999999747378752e-05
931,0.6666666865348816,0.8418539762496948,9.999999747378752e-05
932,0.7333333492279053,0.7988206148147583,9.999999747378752e-05
933,0.699999988079071,0.7620267868041992,9.999999747378752e-05
934,0.8666666746139526,0.7382223606109619,9.999999747378752e-05
935,0.7333333492279053,0.7695441842079163,9.999999747378752e-05
936,0.7666666507720947,0.7808945775032043,9.999999747378752e-05
937,0.7333333492279053,0.7559983134269714,9.999999747378752e-05
938,0.800000011920929,0.7644158005714417,9.999999747378752e-05
939,0.7666666507720947,0.7595618367195129,9.999999747378752e-05
940,0.8333333134651184,0.768183708190918,9.999999747378752e-05
941,0.800000011920929,0.7595231533050537,9.999999747378752e-05
942,0.7333333492279053,0.7508171796798706,9.999999747378752e-05
943,0.800000011920929,0.7276604175567627,9.999999747378752e-05
944,0.7666666507720947,0.7885830402374268,9.999999747378752e-05
945,0.699999988079071,0.7730532288551331,9.999999747378752e-05
946,0.7333333492279053,0.7633978128433228,9.999999747378752e-05
947,0.8333333134651184,0.7316664457321167,9.999999747378752e-05
948,0.800000011920929,0.7595445513725281,9.999999747378752e-05
949,0.8333333134651184,0.7473254799842834,9.999999747378752e-05
950,0.7666666507720947,0.7675880193710327,9.999999747378752e-05
951,0.800000011920929,0.748204231262207,9.999999747378752e-05
952,0.7333333492279053,0.7487335801124573,9.999999747378752e-05
953,0.7333333492279053,0.7858588695526123,9.999999747378752e-05
954,0.7666666507720947,0.7499066591262817,9.999999747378752e-05
955,0.800000011920929,0.7673882246017456,9.999999747378752e-05
956,0.800000011920929,0.7612676620483398,9.999999747378752e-05
957,0.7333333492279053,0.7607017159461975,9.999999747378752e-05
958,0.699999988079071,0.8147048354148865,9.999999747378752e-05
959,0.8333333134651184,0.7632386684417725,9.999999747378752e-05
960,0.699999988079071,0.7662904858589172,9.999999747378752e-05
961,0.7666666507720947,0.841320812702179,9.999999747378752e-05
962,0.7333333492279053,0.7891530394554138,9.999999747378752e-05
963,0.7666666507720947,0.777423620223999,9.999999747378752e-05
964,0.800000011920929,0.7640028595924377,9.999999747378752e-05
965,0.699999988079071,0.7710435390472412,9.999999747378752e-05
966,0.800000011920929,0.7502377033233643,9.999999747378752e-05
967,0.800000011920929,0.7626367211341858,9.999999747378752e-05
968,0.8333333134651184,0.7503442168235779,9.999999747378752e-05
969,0.800000011920929,0.7387726902961731,9.999999747378752e-05
970,0.7333333492279053,0.7952850461006165,9.999999747378752e-05
971,0.8333333134651184,0.7618100643157959,9.999999747378752e-05
972,0.8333333134651184,0.7581402063369751,9.999999747378752e-05
973,0.800000011920929,0.7609004974365234,9.999999747378752e-05
974,0.800000011920929,0.7319670915603638,9.999999747378752e-05
975,0.7333333492279053,0.7853149771690369,9.999999747378752e-05
976,0.8666666746139526,0.7400618195533752,9.999999747378752e-05
977,0.7666666507720947,0.7883179187774658,9.999999747378752e-05
978,0.699999988079071,0.7700008153915405,9.999999747378752e-05
979,0.7666666507720947,0.7791470289230347,9.999999747378752e-05
980,0.6666666865348816,0.7813553214073181,9.999999747378752e-05
981,0.8333333134651184,0.7756250500679016,9.999999747378752e-05
982,0.7666666507720947,0.7724688053131104,9.999999747378752e-05
983,0.8666666746139526,0.7586019039154053,9.999999747378752e-05
984,0.7333333492279053,0.762663722038269,9.999999747378752e-05
985,0.7666666507720947,0.7608361840248108,9.999999747378752e-05
986,0.800000011920929,0.7249795198440552,9.999999747378752e-05
987,0.800000011920929,0.7639692425727844,9.999999747378752e-05
988,0.699999988079071,0.7208379507064819,9.999999747378752e-05
989,0.7666666507720947,0.7526480555534363,9.999999747378752e-05
990,0.7666666507720947,0.7598803639411926,9.999999747378752e-05
991,0.7333333492279053,0.8176856637001038,9.999999747378752e-05
992,0.7666666507720947,0.7487523555755615,9.999999747378752e-05
993,0.8333333134651184,0.7471477389335632,9.999999747378752e-05
994,0.7333333492279053,0.7499834895133972,9.999999747378752e-05
995,0.8666666746139526,0.7948209643363953,9.999999747378752e-05
996,0.6666666865348816,0.7721536159515381,9.999999747378752e-05
997,0.7333333492279053,0.7834275960922241,9.999999747378752e-05
998,0.800000011920929,0.7661858797073364,9.999999747378752e-05
999,0.699999988079071,0.8001896739006042,9.999999747378752e-05
1000,0.7666666507720947,0.741127610206604,9.999999747378752e-05
1001,0.7666666507720947,0.757007896900177,9.999999747378752e-05
1002,0.800000011920929,0.7968024015426636,9.999999747378752e-05
1003,0.7666666507720947,0.7926090359687805,9.999999747378752e-05
1004,0.7666666507720947,0.7664074301719666,9.999999747378752e-05
1005,0.800000011920929,0.7417759299278259,9.999999747378752e-05
1006,0.800000011920929,0.7703752517700195,9.999999747378752e-05
1007,0.7333333492279053,0.7772108316421509,9.999999747378752e-05
1008,0.800000011920929,0.7815485000610352,9.999999747378752e-05
1009,0.7666666507720947,0.7270647883415222,9.999999747378752e-05
1010,0.7333333492279053,0.7954816818237305,9.999999747378752e-05
1011,0.800000011920929,0.7101185917854309,9.999999747378752e-05
1012,0.8333333134651184,0.724970281124115,9.999999747378752e-05
1013,0.7666666507720947,0.757771909236908,9.999999747378752e-05
1014,0.7666666507720947,0.7247158885002136,9.999999747378752e-05
1015,0.800000011920929,0.7680078148841858,9.999999747378752e-05
1016,0.7666666507720947,0.7417930364608765,9.999999747378752e-05
1017,0.8666666746139526,0.7272993922233582,9.999999747378752e-05
1018,0.7666666507720947,0.7554290294647217,9.999999747378752e-05
1019,0.800000011920929,0.7332183718681335,9.999999747378752e-05
1020,0.800000011920929,0.7293530702590942,9.999999747378752e-05
1021,0.800000011920929,0.7000320553779602,9.999999747378752e-05
1022,0.7333333492279053,0.7369807362556458,9.999999747378752e-05
1023,0.800000011920929,0.7296685576438904,9.999999747378752e-05
1024,0.800000011920929,0.6980760097503662,9.999999747378752e-05
1025,0.800000011920929,0.7471643686294556,9.999999747378752e-05
1026,0.7333333492279053,0.7704623937606812,9.999999747378752e-05
1027,0.7666666507720947,0.7154273390769958,9.999999747378752e-05
1028,0.800000011920929,0.7178694605827332,9.999999747378752e-05
1029,0.800000011920929,0.7027931809425354,9.999999747378752e-05
1030,0.7666666507720947,0.7514652609825134,9.999999747378752e-05
1031,0.800000011920929,0.733272910118103,9.999999747378752e-05
1032,0.8333333134651184,0.7186000943183899,9.999999747378752e-05
1033,0.800000011920929,0.6917335391044617,9.999999747378752e-05
1034,0.8333333134651184,0.79130619764328,9.999999747378752e-05
1035,0.699999988079071,0.8001400232315063,9.999999747378752e-05
1036,0.7333333492279053,0.7403537631034851,9.999999747378752e-05
1037,0.6333333253860474,0.8268266320228577,9.999999747378752e-05
1038,0.7333333492279053,0.8039597868919373,9.999999747378752e-05
1039,0.6666666865348816,0.7951257228851318,9.999999747378752e-05
1040,0.8333333134651184,0.7250221371650696,9.999999747378752e-05
1041,0.8333333134651184,0.7576258778572083,9.999999747378752e-05
1042,0.7333333492279053,0.781795859336853,9.999999747378752e-05
1043,0.8333333134651184,0.744392454624176,9.999999747378752e-05
1044,0.800000011920929,0.7154918313026428,9.999999747378752e-05
1045,0.7666666507720947,0.7711015939712524,9.999999747378752e-05
1046,0.8333333134651184,0.7190722823143005,9.999999747378752e-05
1047,0.7333333492279053,0.7531922459602356,9.999999747378752e-05
1048,0.7666666507720947,0.7468840479850769,9.999999747378752e-05
1049,0.800000011920929,0.7405498623847961,9.999999747378752e-05
1050,0.7333333492279053,0.7493726015090942,9.999999747378752e-05
1051,0.7333333492279053,0.7641102075576782,9.999999747378752e-05
1052,0.7666666507720947,0.7746673822402954,9.999999747378752e-05
1053,0.8333333134651184,0.7103464007377625,9.999999747378752e-05
1054,0.6333333253860474,0.7850036025047302,9.999999747378752e-05
1055,0.7333333492279053,0.7811307907104492,9.999999747378752e-05
1056,0.7666666507720947,0.7515102028846741,9.999999747378752e-05
1057,0.699999988079071,0.7544695138931274,9.999999747378752e-05
1058,0.800000011920929,0.736989438533783,9.999999747378752e-05
1059,0.699999988079071,0.7592841386795044,9.999999747378752e-05
1060,0.6666666865348816,0.7496861219406128,9.999999747378752e-05
1061,0.8666666746139526,0.7067287564277649,9.999999747378752e-05
1062,0.7333333492279053,0.7255887985229492,9.999999747378752e-05
1063,0.800000011920929,0.7521657347679138,9.999999747378752e-05
1064,0.800000011920929,0.727076530456543,9.999999747378752e-05
1065,0.7333333492279053,0.7166694402694702,9.999999747378752e-05
1066,0.699999988079071,0.7455888390541077,9.999999747378752e-05
1067,0.7333333492279053,0.7769594788551331,9.999999747378752e-05
1068,0.699999988079071,0.752284049987793,9.999999747378752e-05
1069,0.800000011920929,0.7515325546264648,9.999999747378752e-05
1070,0.8333333134651184,0.7012618184089661,9.999999747378752e-05
1071,0.7666666507720947,0.7380250692367554,9.999999747378752e-05
1072,0.800000011920929,0.733289897441864,9.999999747378752e-05
1073,0.8333333134651184,0.7155892252922058,9.999999747378752e-05
1074,0.7333333492279053,0.7521236538887024,9.999999747378752e-05
1075,0.7666666507720947,0.7581657767295837,9.999999747378752e-05
1076,0.7666666507720947,0.7363336086273193,9.999999747378752e-05
1077,0.7333333492279053,0.7341138124465942,9.999999747378752e-05
1078,0.800000011920929,0.7399473786354065,9.999999747378752e-05
1079,0.7666666507720947,0.7292564511299133,9.999999747378752e-05
1080,0.7666666507720947,0.7541525363922119,9.999999747378752e-05
1081,0.8666666746139526,0.7091031670570374,9.999999747378752e-05
1082,0.699999988079071,0.77998286485672,9.999999747378752e-05
1083,0.7666666507720947,0.7654188871383667,9.999999747378752e-05
1084,0.800000011920929,0.7378712892532349,9.999999747378752e-05
1085,0.800000011920929,0.7462955713272095,9.999999747378752e-05
1086,0.7333333492279053,0.7363442778587341,9.999999747378752e-05
1087,0.7666666507720947,0.7662761807441711,9.999999747378752e-05
1088,0.800000011920929,0.72060227394104,9.999999747378752e-05
1089,0.7333333492279053,0.7396395802497864,9.999999747378752e-05
1090,0.800000011920929,0.772088348865509,9.999999747378752e-05
1091,0.7666666507720947,0.7456495761871338,9.999999747378752e-05
1092,0.8333333134651184,0.770294189453125,9.999999747378752e-05
1093,0.800000011920929,0.7497476935386658,9.999999747378752e-05
1094,0.7666666507720947,0.7611491680145264,9.999999747378752e-05
1095,0.699999988079071,0.7525409460067749,9.999999747378752e-05
1096,0.7666666507720947,0.7250240445137024,9.999999747378752e-05
1097,0.800000011920929,0.6961169838905334,9.999999747378752e-05
1098,0.8666666746139526,0.696418821811676,9.999999747378752e-05
1099,0.800000011920929,0.7020637392997742,9.999999747378752e-05
1100,0.7333333492279053,0.7517422437667847,9.999999747378752e-05
1101,0.699999988079071,0.7324522733688354,9.999999747378752e-05
1102,0.5666666626930237,0.8240181803703308,9.999999747378752e-05
1103,0.8333333134651184,0.7103852033615112,9.999999747378752e-05
1104,0.7666666507720947,0.755327045917511,9.999999747378752e-05
1105,0.7666666507720947,0.7402554154396057,9.999999747378752e-05
1106,0.800000011920929,0.7544270753860474,9.999999747378752e-05
1107,0.7666666507720947,0.7604703307151794,9.999999747378752e-05
1108,0.8666666746139526,0.7481454610824585,9.999999747378752e-05
1109,0.7666666507720947,0.7497440576553345,9.999999747378752e-05
1110,0.7333333492279053,0.7487261295318604,9.999999747378752e-05
1111,0.800000011920929,0.7674797177314758,9.999999747378752e-05
1112,0.8333333134651184,0.6850683093070984,9.999999747378752e-05
1113,0.7666666507720947,0.7135016322135925,9.999999747378752e-05
1114,0.800000011920929,0.725547194480896,9.999999747378752e-05
1115,0.800000011920929,0.7755099534988403,9.999999747378752e-05
1116,0.6666666865348816,0.7109893560409546,9.999999747378752e-05
1117,0.699999988079071,0.7593299150466919,9.999999747378752e-05
1118,0.7666666507720947,0.7506363987922668,9.999999747378752e-05
1119,0.8333333134651184,0.7276884913444519,9.999999747378752e-05
1120,0.7666666507720947,0.77518630027771,9.999999747378752e-05
1121,0.7666666507720947,0.7515947818756104,9.999999747378752e-05
1122,0.699999988079071,0.7624543905258179,9.999999747378752e-05
1123,0.800000011920929,0.7744359374046326,9.999999747378752e-05
1124,0.7333333492279053,0.7447406053543091,9.999999747378752e-05
1125,0.7333333492279053,0.7440432906150818,9.999999747378752e-05
1126,0.8666666746139526,0.7154651880264282,9.999999747378752e-05
1127,0.7666666507720947,0.7122729420661926,9.999999747378752e-05
1128,0.7666666507720947,0.7128636837005615,9.999999747378752e-05
1129,0.800000011920929,0.7244344353675842,9.999999747378752e-05
1130,0.7333333492279053,0.7538884878158569,9.999999747378752e-05
1131,0.8666666746139526,0.7812849879264832,9.999999747378752e-05
1132,0.7666666507720947,0.7216231822967529,9.999999747378752e-05
1133,0.7666666507720947,0.7209880352020264,9.999999747378752e-05
1134,0.8333333134651184,0.6899583339691162,9.999999747378752e-05
1135,0.7666666507720947,0.7619245648384094,9.999999747378752e-05
1136,0.699999988079071,0.7663236856460571,9.999999747378752e-05
1137,0.699999988079071,0.7601215243339539,9.999999747378752e-05
1138,0.7333333492279053,0.7733821272850037,9.999999747378752e-05
1139,0.7666666507720947,0.7482947111129761,9.999999747378752e-05
1140,0.800000011920929,0.7317023873329163,9.999999747378752e-05
1141,0.7666666507720947,0.7080511450767517,9.999999747378752e-05
1142,0.7666666507720947,0.7369100451469421,9.999999747378752e-05
1143,0.8666666746139526,0.7030355334281921,9.999999747378752e-05
1144,0.8333333134651184,0.7202786803245544,9.999999747378752e-05
1145,0.7666666507720947,0.7478313446044922,9.999999747378752e-05
1146,0.8666666746139526,0.7311707735061646,9.999999747378752e-05
1147,0.699999988079071,0.7435794472694397,9.999999747378752e-05
1148,0.7666666507720947,0.70945805311203,9.999999747378752e-05
1149,0.8333333134651184,0.7280400395393372,9.999999747378752e-05
1150,0.8333333134651184,0.7495934963226318,9.999999747378752e-05
1151,0.800000011920929,0.7165146470069885,9.999999747378752e-05
1152,0.8666666746139526,0.7046050429344177,9.999999747378752e-05
1153,0.7666666507720947,0.7388365864753723,9.999999747378752e-05
1154,0.7666666507720947,0.7244241237640381,9.999999747378752e-05
1155,0.800000011920929,0.7191965579986572,9.999999747378752e-05
1156,0.699999988079071,0.77986079454422,9.999999747378752e-05
1157,0.7333333492279053,0.7396929264068604,9.999999747378752e-05
1158,0.800000011920929,0.7222328782081604,9.999999747378752e-05
1159,0.7666666507720947,0.7133373022079468,9.999999747378752e-05
1160,0.800000011920929,0.7098156213760376,9.999999747378752e-05
1161,0.7333333492279053,0.7173340320587158,9.999999747378752e-05
1162,0.7333333492279053,0.7556747794151306,9.999999747378752e-05
1163,0.800000011920929,0.7082727551460266,9.999999747378752e-05
1164,0.7666666507720947,0.7297685742378235,9.999999747378752e-05
1165,0.8333333134651184,0.692099392414093,9.999999747378752e-05
1166,0.800000011920929,0.7293445467948914,9.999999747378752e-05
1167,0.7666666507720947,0.7284086346626282,9.999999747378752e-05
1168,0.7333333492279053,0.7449868321418762,9.999999747378752e-05
1169,0.6333333253860474,0.8100773692131042,9.999999747378752e-05
1170,0.8333333134651184,0.6693198084831238,9.999999747378752e-05
1171,0.800000011920929,0.7535327672958374,9.999999747378752e-05
1172,0.7333333492279053,0.7395264506340027,9.999999747378752e-05
1173,0.7666666507720947,0.7033798098564148,9.999999747378752e-05
1174,0.7666666507720947,0.7321440577507019,9.999999747378752e-05
1175,0.7666666507720947,0.6945320963859558,9.999999747378752e-05
1176,0.800000011920929,0.724682092666626,9.999999747378752e-05
1177,0.699999988079071,0.7709556221961975,9.999999747378752e-05
1178,0.800000011920929,0.7145431637763977,9.999999747378752e-05
1179,0.7666666507720947,0.740896999835968,9.999999747378752e-05
1180,0.8333333134651184,0.6968421936035156,9.999999747378752e-05
1181,0.7333333492279053,0.7571613788604736,9.999999747378752e-05
1182,0.800000011920929,0.7501257658004761,9.999999747378752e-05
1183,0.800000011920929,0.7102290987968445,9.999999747378752e-05
1184,0.800000011920929,0.6809380650520325,9.999999747378752e-05
1185,0.699999988079071,0.7633970975875854,9.999999747378752e-05
1186,0.800000011920929,0.7254480123519897,9.999999747378752e-05
1187,0.800000011920929,0.7190659642219543,9.999999747378752e-05
1188,0.699999988079071,0.764481782913208,9.999999747378752e-05
1189,0.8333333134651184,0.7260218262672424,9.999999747378752e-05
1190,0.7333333492279053,0.7344300746917725,9.999999747378752e-05
1191,0.800000011920929,0.693049430847168,9.999999747378752e-05
1192,0.7666666507720947,0.7338998913764954,9.999999747378752e-05
1193,0.8333333134651184,0.7085081338882446,9.999999747378752e-05
1194,0.8333333134651184,0.7193366885185242,9.999999747378752e-05
1195,0.7333333492279053,0.7553139925003052,9.999999747378752e-05
1196,0.7666666507720947,0.7680657505989075,9.999999747378752e-05
1197,0.8999999761581421,0.6981495022773743,9.999999747378752e-05
1198,0.7333333492279053,0.7519131898880005,9.999999747378752e-05
1199,0.7666666507720947,0.7051172852516174,9.999999747378752e-05
1200,0.8333333134651184,0.731328547000885,9.999999747378752e-05
1201,0.7333333492279053,0.7072852849960327,9.999999747378752e-05
1202,0.8333333134651184,0.7291959524154663,9.999999747378752e-05
1203,0.699999988079071,0.7315940260887146,9.999999747378752e-05
1204,0.7666666507720947,0.7510872483253479,9.999999747378752e-05
1205,0.7333333492279053,0.7321057915687561,9.999999747378752e-05
1206,0.7666666507720947,0.7220014333724976,9.999999747378752e-05
1207,0.7666666507720947,0.7076972723007202,9.999999747378752e-05
1208,0.8333333134651184,0.7111814022064209,9.999999747378752e-05
1209,0.7333333492279053,0.7148406505584717,9.999999747378752e-05
1210,0.8666666746139526,0.721809983253479,9.999999747378752e-05
1211,0.800000011920929,0.703187108039856,9.999999747378752e-05
1212,0.800000011920929,0.6951301693916321,9.999999747378752e-05
1213,0.800000011920929,0.6948789954185486,9.999999747378752e-05
1214,0.8333333134651184,0.7033310532569885,9.999999747378752e-05
1215,0.800000011920929,0.6920506954193115,9.999999747378752e-05
1216,0.7666666507720947,0.681260883808136,9.999999747378752e-05
1217,0.7333333492279053,0.7379582524299622,9.999999747378752e-05
1218,0.8333333134651184,0.6943867802619934,9.999999747378752e-05
1219,0.7666666507720947,0.7408694624900818,9.999999747378752e-05
1220,0.800000011920929,0.6989098787307739,9.999999747378752e-05
1221,0.7666666507720947,0.6881592273712158,9.999999747378752e-05
1222,0.7333333492279053,0.7066447138786316,9.999999747378752e-05
1223,0.7666666507720947,0.69973224401474,9.999999747378752e-05
1224,0.800000011920929,0.7002394795417786,9.999999747378752e-05
1225,0.7333333492279053,0.7082018256187439,9.999999747378752e-05
1226,0.7333333492279053,0.7183761596679688,9.999999747378752e-05
1227,0.7666666507720947,0.7318049073219299,9.999999747378752e-05
1228,0.7666666507720947,0.7049821019172668,9.999999747378752e-05
1229,0.800000011920929,0.7539928555488586,9.999999747378752e-05
1230,0.800000011920929,0.7049241662025452,9.999999747378752e-05
1231,0.7333333492279053,0.7296179533004761,9.999999747378752e-05
1232,0.8666666746139526,0.6543461084365845,9.999999747378752e-05
1233,0.800000011920929,0.7438050508499146,9.999999747378752e-05
1234,0.800000011920929,0.7022145986557007,9.999999747378752e-05
1235,0.699999988079071,0.7201859354972839,9.999999747378752e-05
1236,0.800000011920929,0.6980128884315491,9.999999747378752e-05
1237,0.7333333492279053,0.7102175951004028,9.999999747378752e-05
1238,0.7666666507720947,0.7708874940872192,9.999999747378752e-05
1239,0.7333333492279053,0.7397321462631226,9.999999747378752e-05
1240,0.7333333492279053,0.7498771548271179,9.999999747378752e-05
1241,0.7666666507720947,0.797261655330658,9.999999747378752e-05
1242,0.7666666507720947,0.7418566942214966,9.999999747378752e-05
1243,0.800000011920929,0.7302220463752747,9.999999747378752e-05
1244,0.7666666507720947,0.6985466480255127,9.999999747378752e-05
1245,0.8999999761581421,0.6670633554458618,9.999999747378752e-05
1246,0.8999999761581421,0.6594583988189697,9.999999747378752e-05
1247,0.8333333134651184,0.6922879815101624,9.999999747378752e-05
1248,0.7666666507720947,0.6874428391456604,9.999999747378752e-05
1249,0.7666666507720947,0.6902003884315491,9.999999747378752e-05
1250,0.7666666507720947,0.7062298655509949,9.999999747378752e-05
1251,0.7666666507720947,0.7205137610435486,9.999999747378752e-05
1252,0.7666666507720947,0.7236893773078918,9.999999747378752e-05
1253,0.800000011920929,0.7000963091850281,9.999999747378752e-05
1254,0.800000011920929,0.7039268612861633,9.999999747378752e-05
1255,0.7666666507720947,0.6960569024085999,9.999999747378752e-05
1256,0.7333333492279053,0.6898588538169861,9.999999747378752e-05
1257,0.8333333134651184,0.6961498856544495,9.999999747378752e-05
1258,0.7666666507720947,0.7867950201034546,9.999999747378752e-05
1259,0.7666666507720947,0.7444062829017639,9.999999747378752e-05
1260,0.800000011920929,0.7099101543426514,9.999999747378752e-05
1261,0.800000011920929,0.7171507477760315,9.999999747378752e-05
1262,0.7666666507720947,0.6964569091796875,9.999999747378752e-05
1263,0.7666666507720947,0.7674930095672607,9.999999747378752e-05
1264,0.800000011920929,0.7063268423080444,9.999999747378752e-05
1265,0.7666666507720947,0.7304468750953674,9.999999747378752e-05
1266,0.7666666507720947,0.7338106632232666,9.999999747378752e-05
1267,0.7333333492279053,0.708733856678009,9.999999747378752e-05
1268,0.8333333134651184,0.7070028781890869,9.999999747378752e-05
1269,0.7666666507720947,0.7484285235404968,9.999999747378752e-05
1270,0.8333333134651184,0.7187193036079407,9.999999747378752e-05
1271,0.8666666746139526,0.6769216656684875,9.999999747378752e-05
1272,0.800000011920929,0.718521237373352,9.999999747378752e-05
1273,0.7333333492279053,0.7834164500236511,9.999999747378752e-05
1274,0.699999988079071,0.7498928904533386,9.999999747378752e-05
1275,0.699999988079071,0.740795910358429,9.999999747378752e-05
1276,0.7333333492279053,0.7136865258216858,9.999999747378752e-05
1277,0.800000011920929,0.6973830461502075,9.999999747378752e-05
1278,0.8333333134651184,0.7306415438652039,9.999999747378752e-05
1279,0.699999988079071,0.7413300275802612,9.999999747378752e-05
1280,0.800000011920929,0.6923328042030334,9.999999747378752e-05
1281,0.800000011920929,0.7378197312355042,9.999999747378752e-05
1282,0.800000011920929,0.6932409405708313,9.999999747378752e-05
1283,0.800000011920929,0.7170299887657166,9.999999747378752e-05
1284,0.7666666507720947,0.6845934987068176,9.999999747378752e-05
1285,0.7333333492279053,0.7386941313743591,9.999999747378752e-05
1286,0.7666666507720947,0.7234805822372437,9.999999747378752e-05
1287,0.7666666507720947,0.7604140639305115,9.999999747378752e-05
1288,0.800000011920929,0.6989993453025818,9.999999747378752e-05
1289,0.7666666507720947,0.7151167988777161,9.999999747378752e-05
1290,0.8333333134651184,0.7111406922340393,9.999999747378752e-05
1291,0.8333333134651184,0.7200599908828735,9.999999747378752e-05
1292,0.8333333134651184,0.7373272776603699,9.999999747378752e-05
1293,0.800000011920929,0.6789402365684509,9.999999747378752e-05
1294,0.7333333492279053,0.7222245335578918,9.999999747378752e-05
1295,0.8333333134651184,0.6920549869537354,9.999999747378752e-05
1296,0.800000011920929,0.6875223517417908,9.999999747378752e-05
1297,0.7333333492279053,0.6896876692771912,9.999999747378752e-05
1298,0.699999988079071,0.7458387613296509,9.999999747378752e-05
1299,0.8666666746139526,0.6790531277656555,9.999999747378752e-05
1300,0.800000011920929,0.7112577557563782,9.999999747378752e-05
1301,0.800000011920929,0.6986485719680786,9.999999747378752e-05
1302,0.7666666507720947,0.7266321778297424,9.999999747378752e-05
1303,0.800000011920929,0.7368436455726624,9.999999747378752e-05
1304,0.7666666507720947,0.6878010630607605,9.999999747378752e-05
1305,0.7666666507720947,0.7242314219474792,9.999999747378752e-05
1306,0.8666666746139526,0.7213345766067505,9.999999747378752e-05
1307,0.7666666507720947,0.7055804133415222,9.999999747378752e-05
1308,0.800000011920929,0.7132086157798767,9.999999747378752e-05
1309,0.800000011920929,0.7009488940238953,9.999999747378752e-05
1310,0.7333333492279053,0.7279452085494995,9.999999747378752e-05
1311,0.7666666507720947,0.7200604677200317,9.999999747378752e-05
1312,0.8666666746139526,0.6654422283172607,9.999999747378752e-05
1313,0.699999988079071,0.7448351979255676,9.999999747378752e-05
1314,0.800000011920929,0.6858618259429932,9.999999747378752e-05
1315,0.7666666507720947,0.7149240374565125,9.999999747378752e-05
1316,0.8333333134651184,0.6804934144020081,9.999999747378752e-05
1317,0.800000011920929,0.7034757733345032,9.999999747378752e-05
1318,0.800000011920929,0.722172200679779,9.999999747378752e-05
1319,0.7333333492279053,0.7245541214942932,9.999999747378752e-05
1320,0.8333333134651184,0.668018639087677,9.999999747378752e-05
1321,0.800000011920929,0.695519208908081,9.999999747378752e-05
1322,0.7666666507720947,0.7143746018409729,9.999999747378752e-05
1323,0.7333333492279053,0.7081398367881775,9.999999747378752e-05
1324,0.7666666507720947,0.7079547643661499,9.999999747378752e-05
1325,0.800000011920929,0.7075860500335693,9.999999747378752e-05
1326,0.800000011920929,0.7062103748321533,9.999999747378752e-05
1327,0.7333333492279053,0.7169172167778015,9.999999747378752e-05
1328,0.7666666507720947,0.6946153044700623,9.999999747378752e-05
1329,0.8666666746139526,0.6723517179489136,9.999999747378752e-05
1330,0.7333333492279053,0.7206457257270813,9.999999747378752e-05
1331,0.7666666507720947,0.6909863948822021,9.999999747378752e-05
1332,0.8333333134651184,0.6982260942459106,9.999999747378752e-05
1333,0.699999988079071,0.728418231010437,9.999999747378752e-05
1334,0.800000011920929,0.7993793487548828,9.999999747378752e-05
1335,0.699999988079071,0.7764921188354492,9.999999747378752e-05
1336,0.800000011920929,0.7208300828933716,9.999999747378752e-05
1337,0.7666666507720947,0.7021625638008118,9.999999747378752e-05
1338,0.8999999761581421,0.6816757321357727,9.999999747378752e-05
1339,0.800000011920929,0.7131369113922119,9.999999747378752e-05
1340,0.8333333134651184,0.6949213147163391,9.999999747378752e-05
1341,0.800000011920929,0.6954953670501709,9.999999747378752e-05
1342,0.7666666507720947,0.7210041284561157,9.999999747378752e-05
1343,0.7666666507720947,0.705394446849823,9.999999747378752e-05
1344,0.800000011920929,0.7336587309837341,9.999999747378752e-05
1345,0.8333333134651184,0.6907025575637817,9.999999747378752e-05
1346,0.8666666746139526,0.7063646912574768,9.999999747378752e-05
1347,0.800000011920929,0.687043309211731,9.999999747378752e-05
1348,0.8333333134651184,0.6723894476890564,9.999999747378752e-05
1349,0.800000011920929,0.6591342687606812,9.999999747378752e-05
1350,0.7666666507720947,0.7340489029884338,9.999999747378752e-05
1351,0.800000011920929,0.6641908288002014,9.999999747378752e-05
1352,0.8333333134651184,0.6435104012489319,9.999999747378752e-05
1353,0.7666666507720947,0.7269073128700256,9.999999747378752e-05
1354,0.8333333134651184,0.7246901988983154,9.999999747378752e-05
1355,0.8333333134651184,0.6770986914634705,9.999999747378752e-05
1356,0.8333333134651184,0.6760224103927612,9.999999747378752e-05
1357,0.8333333134651184,0.6906605958938599,9.999999747378752e-05
1358,0.7333333492279053,0.7001992464065552,9.999999747378752e-05
1359,0.800000011920929,0.6932504177093506,9.999999747378752e-05
1360,0.7666666507720947,0.6777321100234985,9.999999747378752e-05
1361,0.800000011920929,0.7082350254058838,9.999999747378752e-05
1362,0.8666666746139526,0.6429387331008911,9.999999747378752e-05
1363,0.800000011920929,0.6585860848426819,9.999999747378752e-05
1364,0.7666666507720947,0.7004615068435669,9.999999747378752e-05
1365,0.8333333134651184,0.6889408826828003,9.999999747378752e-05
1366,0.8333333134651184,0.7109081745147705,9.999999747378752e-05
1367,0.800000011920929,0.6752222776412964,9.999999747378752e-05
1368,0.6666666865348816,0.721179723739624,9.999999747378752e-05
1369,0.800000011920929,0.711902379989624,9.999999747378752e-05
1370,0.8333333134651184,0.7233211994171143,9.999999747378752e-05
1371,0.6666666865348816,0.755777895450592,9.999999747378752e-05
1372,0.800000011920929,0.6924581527709961,9.999999747378752e-05
1373,0.8666666746139526,0.6613959074020386,9.999999747378752e-05
1374,0.7333333492279053,0.7242762446403503,9.999999747378752e-05
1375,0.7666666507720947,0.7385954260826111,9.999999747378752e-05
1376,0.8999999761581421,0.6626366376876831,9.999999747378752e-05
1377,0.8333333134651184,0.708199679851532,9.999999747378752e-05
1378,0.800000011920929,0.7590779066085815,9.999999747378752e-05
1379,0.8666666746139526,0.6843774318695068,9.999999747378752e-05
1380,0.7666666507720947,0.6791506409645081,9.999999747378752e-05
1381,0.7666666507720947,0.6955605149269104,9.999999747378752e-05
1382,0.8333333134651184,0.693282961845398,9.999999747378752e-05
1383,0.800000011920929,0.7238701581954956,9.999999747378752e-05
1384,0.699999988079071,0.7310141324996948,9.999999747378752e-05
1385,0.7666666507720947,0.740203857421875,9.999999747378752e-05
1386,0.8333333134651184,0.7063461542129517,9.999999747378752e-05
1387,0.800000011920929,0.7264306545257568,9.999999747378752e-05
1388,0.7666666507720947,0.6896734237670898,9.999999747378752e-05
1389,0.7666666507720947,0.6980924010276794,9.999999747378752e-05
1390,0.800000011920929,0.6743471026420593,9.999999747378752e-05
1391,0.8333333134651184,0.7083209753036499,9.999999747378752e-05
1392,0.800000011920929,0.6919317841529846,9.999999747378752e-05
1393,0.8333333134651184,0.7199631929397583,9.999999747378752e-05
1394,0.800000011920929,0.6801068782806396,9.999999747378752e-05
1395,0.7333333492279053,0.6751741170883179,9.999999747378752e-05
1396,0.8333333134651184,0.7513020634651184,9.999999747378752e-05
1397,0.800000011920929,0.6801356673240662,9.999999747378752e-05
1398,0.7333333492279053,0.7002650499343872,9.999999747378752e-05
1399,0.8666666746139526,0.6792176365852356,9.999999747378752e-05
1400,0.8666666746139526,0.6668050289154053,9.999999747378752e-05
1401,0.8333333134651184,0.6886281371116638,9.999999747378752e-05
1402,0.8666666746139526,0.682765007019043,9.999999747378752e-05
1403,0.800000011920929,0.6748054623603821,9.999999747378752e-05
1404,0.800000011920929,0.6747545003890991,9.999999747378752e-05
1405,0.800000011920929,0.6570701003074646,9.999999747378752e-05
1406,0.7666666507720947,0.7030099034309387,9.999999747378752e-05
1407,0.800000011920929,0.6976788640022278,9.999999747378752e-05
1408,0.8999999761581421,0.6439114809036255,9.999999747378752e-05
1409,0.800000011920929,0.6608937382698059,9.999999747378752e-05
1410,0.7333333492279053,0.7354785203933716,9.999999747378752e-05
1411,0.8666666746139526,0.6660547256469727,9.999999747378752e-05
1412,0.800000011920929,0.6944621801376343,9.999999747378752e-05
1413,0.800000011920929,0.6760174036026001,9.999999747378752e-05
1414,0.800000011920929,0.7022466063499451,9.999999747378752e-05
1415,0.7666666507720947,0.6817384362220764,9.999999747378752e-05
1416,0.800000011920929,0.6967803835868835,9.999999747378752e-05
1417,0.8333333134651184,0.7036309838294983,9.999999747378752e-05
1418,0.7333333492279053,0.707301139831543,9.999999747378752e-05
1419,0.7666666507720947,0.7386863827705383,9.999999747378752e-05
1420,0.7333333492279053,0.7376537919044495,9.999999747378752e-05
1421,0.7333333492279053,0.7919787764549255,9.999999747378752e-05
1422,0.7666666507720947,0.6971594095230103,9.999999747378752e-05
1423,0.8333333134651184,0.653411865234375,9.999999747378752e-05
1424,0.7666666507720947,0.6708657741546631,9.999999747378752e-05
1425,0.8333333134651184,0.6901089549064636,9.999999747378752e-05
1426,0.8999999761581421,0.6802219152450562,9.999999747378752e-05
1427,0.800000011920929,0.7260783910751343,9.999999747378752e-05
1428,0.6666666865348816,0.7289420366287231,9.999999747378752e-05
1429,0.7666666507720947,0.6985811591148376,9.999999747378752e-05
1430,0.800000011920929,0.7376993894577026,9.999999747378752e-05
1431,0.800000011920929,0.6997499465942383,9.999999747378752e-05
1432,0.7666666507720947,0.6944647431373596,9.999999747378752e-05
1433,0.7666666507720947,0.7498814463615417,9.999999747378752e-05
1434,0.8666666746139526,0.6519138813018799,9.999999747378752e-05
1435,0.8999999761581421,0.6683396697044373,9.999999747378752e-05
1436,0.8333333134651184,0.7011182308197021,9.999999747378752e-05
1437,0.6666666865348816,0.7295439839363098,9.999999747378752e-05
1438,0.7666666507720947,0.6451194286346436,9.999999747378752e-05
1439,0.7333333492279053,0.7079697251319885,9.999999747378752e-05
1440,0.7333333492279053,0.7056756615638733,9.999999747378752e-05
1441,0.7666666507720947,0.6682984828948975,9.999999747378752e-05
1442,0.800000011920929,0.6629997491836548,9.999999747378752e-05
1443,0.7666666507720947,0.7046091556549072,9.999999747378752e-05
1444,0.800000011920929,0.6550542712211609,9.999999747378752e-05
1445,0.8333333134651184,0.6633356213569641,9.999999747378752e-05
1446,0.800000011920929,0.7642666101455688,9.999999747378752e-05
1447,0.699999988079071,0.7071413397789001,9.999999747378752e-05
1448,0.7666666507720947,0.7703730463981628,9.999999747378752e-05
1449,0.7666666507720947,0.7057608366012573,9.999999747378752e-05
1450,0.7666666507720947,0.682287871837616,9.999999747378752e-05
1451,0.800000011920929,0.6831952929496765,9.999999747378752e-05
1452,0.8333333134651184,0.6703595519065857,9.999999747378752e-05
1453,0.7666666507720947,0.6541080474853516,9.999999747378752e-05
1454,0.7666666507720947,0.7265701293945312,9.999999747378752e-05
1455,0.8333333134651184,0.6814463138580322,9.999999747378752e-05
1456,0.8333333134651184,0.6415128707885742,9.999999747378752e-05
1457,0.7333333492279053,0.6925204992294312,9.999999747378752e-05
1458,0.7666666507720947,0.6594598889350891,9.999999747378752e-05
1459,0.7666666507720947,0.7110024690628052,9.999999747378752e-05
1460,0.800000011920929,0.6755661368370056,9.999999747378752e-05
1461,0.800000011920929,0.6730994582176208,9.999999747378752e-05
1462,0.800000011920929,0.6770504713058472,9.999999747378752e-05
1463,0.800000011920929,0.6825274229049683,9.999999747378752e-05
1464,0.8333333134651184,0.6740314960479736,9.999999747378752e-05
1465,0.8333333134651184,0.6707686185836792,9.999999747378752e-05
1466,0.7666666507720947,0.6765550971031189,9.999999747378752e-05
1467,0.7333333492279053,0.6879643797874451,9.999999747378752e-05
1468,0.8666666746139526,0.6699275970458984,9.999999747378752e-05
1469,0.8333333134651184,0.6787078976631165,9.999999747378752e-05
1470,0.800000011920929,0.6489543914794922,9.999999747378752e-05
1471,0.7666666507720947,0.6579911708831787,9.999999747378752e-05
1472,0.8333333134651184,0.6897180676460266,9.999999747378752e-05
1473,0.800000011920929,0.6959273815155029,9.999999747378752e-05
1474,0.8333333134651184,0.6848872303962708,9.999999747378752e-05
1475,0.800000011920929,0.6702824234962463,9.999999747378752e-05
1476,0.7666666507720947,0.7120112776756287,9.999999747378752e-05
1477,0.800000011920929,0.6518961787223816,9.999999747378752e-05
1478,0.7666666507720947,0.6757268905639648,9.999999747378752e-05
1479,0.7333333492279053,0.716113269329071,9.999999747378752e-05
1480,0.699999988079071,0.7109113335609436,9.999999747378752e-05
1481,0.800000011920929,0.6859438419342041,9.999999747378752e-05
1482,0.800000011920929,0.6486671566963196,9.999999747378752e-05
1483,0.7666666507720947,0.672855019569397,9.999999747378752e-05
1484,0.800000011920929,0.6626961827278137,9.999999747378752e-05
1485,0.7666666507720947,0.6647435426712036,9.999999747378752e-05
1486,0.800000011920929,0.6916670203208923,9.999999747378752e-05
1487,0.800000011920929,0.6624637842178345,9.999999747378752e-05
1488,0.800000011920929,0.6919957995414734,9.999999747378752e-05
1489,0.8333333134651184,0.697681725025177,9.999999747378752e-05
1490,0.800000011920929,0.6921375393867493,9.999999747378752e-05
1491,0.7666666507720947,0.6783270239830017,9.999999747378752e-05
1492,0.800000011920929,0.6983073949813843,9.999999747378752e-05
1493,0.6666666865348816,0.7032537460327148,9.999999747378752e-05
1494,0.800000011920929,0.7008333802223206,9.999999747378752e-05
1495,0.8333333134651184,0.6558219790458679,9.999999747378752e-05
1496,0.7666666507720947,0.7184703350067139,9.999999747378752e-05
1497,0.7333333492279053,0.714939534664154,9.999999747378752e-05
1498,0.8333333134651184,0.6428649425506592,9.999999747378752e-05
1499,0.7666666507720947,0.6779175996780396,9.999999747378752e-05
1500,0.8333333134651184,0.6801220178604126,9.999999747378752e-05
1501,0.7333333492279053,0.7026684284210205,9.999999747378752e-05
1502,0.8666666746139526,0.6497527360916138,9.999999747378752e-05
1503,0.8333333134651184,0.7079298496246338,9.999999747378752e-05
1504,0.800000011920929,0.7379502654075623,9.999999747378752e-05
1505,0.6333333253860474,0.7103472352027893,9.999999747378752e-05
1506,0.800000011920929,0.6957444548606873,9.999999747378752e-05
1507,0.8666666746139526,0.6576412320137024,9.999999747378752e-05
1508,0.7333333492279053,0.6677342653274536,9.999999747378752e-05
1509,0.8333333134651184,0.6697713136672974,9.999999747378752e-05
1510,0.8333333134651184,0.6395005583763123,9.999999747378752e-05
1511,0.7666666507720947,0.6552350521087646,9.999999747378752e-05
1512,0.800000011920929,0.6389074325561523,9.999999747378752e-05
1513,0.8666666746139526,0.6147810220718384,9.999999747378752e-05
1514,0.8666666746139526,0.647676408290863,9.999999747378752e-05
1515,0.8333333134651184,0.660876452922821,9.999999747378752e-05
1516,0.7666666507720947,0.6789472699165344,9.999999747378752e-05
1517,0.8333333134651184,0.7099540829658508,9.999999747378752e-05
1518,0.800000011920929,0.6360380053520203,9.999999747378752e-05
1519,0.800000011920929,0.6665006875991821,9.999999747378752e-05
1520,0.7666666507720947,0.6875664591789246,9.999999747378752e-05
1521,0.800000011920929,0.7197980284690857,9.999999747378752e-05
1522,0.8333333134651184,0.665869414806366,9.999999747378752e-05
1523,0.800000011920929,0.6531665325164795,9.999999747378752e-05
1524,0.7666666507720947,0.6972943544387817,9.999999747378752e-05
1525,0.800000011920929,0.651653528213501,9.999999747378752e-05
1526,0.800000011920929,0.6414989829063416,9.999999747378752e-05
1527,0.7666666507720947,0.6591828465461731,9.999999747378752e-05
1528,0.7666666507720947,0.7394770383834839,9.999999747378752e-05
1529,0.800000011920929,0.6931923627853394,9.999999747378752e-05
1530,0.7666666507720947,0.7117926478385925,9.999999747378752e-05
1531,0.8333333134651184,0.6657105088233948,9.999999747378752e-05
1532,0.800000011920929,0.6688519716262817,9.999999747378752e-05
1533,0.800000011920929,0.6681423187255859,9.999999747378752e-05
1534,0.800000011920929,0.6705077886581421,9.999999747378752e-05
1535,0.7666666507720947,0.6622406840324402,9.999999747378752e-05
1536,0.8999999761581421,0.6432521343231201,9.999999747378752e-05
1537,0.800000011920929,0.6431729197502136,9.999999747378752e-05
1538,0.800000011920929,0.6580150127410889,9.999999747378752e-05
1539,0.8333333134651184,0.6069344878196716,9.999999747378752e-05
1540,0.8333333134651184,0.6774024963378906,9.999999747378752e-05
1541,0.7666666507720947,0.6867668032646179,9.999999747378752e-05
1542,0.8333333134651184,0.6969272494316101,9.999999747378752e-05
1543,0.800000011920929,0.6630011200904846,9.999999747378752e-05
1544,0.7666666507720947,0.6663398146629333,9.999999747378752e-05
1545,0.800000011920929,0.6343705058097839,9.999999747378752e-05
1546,0.8333333134651184,0.6145780682563782,9.999999747378752e-05
1547,0.8333333134651184,0.71859210729599,9.999999747378752e-05
1548,0.7666666507720947,0.6832579374313354,9.999999747378752e-05
1549,0.800000011920929,0.6436044573783875,9.999999747378752e-05
1550,0.7666666507720947,0.6771115064620972,9.999999747378752e-05
1551,0.800000011920929,0.7000176906585693,9.999999747378752e-05
1552,0.800000011920929,0.6664791107177734,9.999999747378752e-05
1553,0.8333333134651184,0.6751641631126404,9.999999747378752e-05
1554,0.8333333134651184,0.6512279510498047,9.999999747378752e-05
1555,0.800000011920929,0.6603613495826721,9.999999747378752e-05
1556,0.8333333134651184,0.6405131816864014,9.999999747378752e-05
1557,0.8333333134651184,0.634585976600647,9.999999747378752e-05
1558,0.8333333134651184,0.6467207670211792,9.999999747378752e-05
1559,0.8666666746139526,0.6611877679824829,9.999999747378752e-05
1560,0.800000011920929,0.6857374906539917,9.999999747378752e-05
1561,0.7666666507720947,0.6675159335136414,9.999999747378752e-05
1562,0.800000011920929,0.6480244994163513,9.999999747378752e-05
1563,0.7666666507720947,0.6981627345085144,9.999999747378752e-05
1564,0.800000011920929,0.651881754398346,9.999999747378752e-05
1565,0.8333333134651184,0.6166824698448181,9.999999747378752e-05
1566,0.8333333134651184,0.659320592880249,9.999999747378752e-05
1567,0.7666666507720947,0.6717517971992493,9.999999747378752e-05
1568,0.8999999761581421,0.5946948528289795,9.999999747378752e-05
1569,0.7666666507720947,0.6862872242927551,9.999999747378752e-05
1570,0.800000011920929,0.662181556224823,9.999999747378752e-05
1571,0.800000011920929,0.6678980588912964,9.999999747378752e-05
1572,0.7666666507720947,0.6778777837753296,9.999999747378752e-05
1573,0.800000011920929,0.6500740647315979,9.999999747378752e-05
1574,0.7333333492279053,0.6792947053909302,9.999999747378752e-05
1575,0.8666666746139526,0.6567001342773438,9.999999747378752e-05
1576,0.8666666746139526,0.6812160015106201,9.999999747378752e-05
1577,0.699999988079071,0.7094388604164124,9.999999747378752e-05
1578,0.800000011920929,0.6590293049812317,9.999999747378752e-05
1579,0.8666666746139526,0.631872296333313,9.999999747378752e-05
1580,0.7666666507720947,0.6901306509971619,9.999999747378752e-05
1581,0.7333333492279053,0.6883232593536377,9.999999747378752e-05
1582,0.8333333134651184,0.6469829082489014,9.999999747378752e-05
1583,0.8333333134651184,0.6563383340835571,9.999999747378752e-05
1584,0.7333333492279053,0.7093787789344788,9.999999747378752e-05
1585,0.8333333134651184,0.6727445125579834,9.999999747378752e-05
1586,0.800000011920929,0.677342414855957,9.999999747378752e-05
1587,0.8333333134651184,0.6447487473487854,9.999999747378752e-05
1588,0.6666666865348816,0.7221117615699768,9.999999747378752e-05
1589,0.8666666746139526,0.6202079653739929,9.999999747378752e-05
1590,0.800000011920929,0.6699783802032471,9.999999747378752e-05
1591,0.8999999761581421,0.6723220348358154,9.999999747378752e-05
1592,0.800000011920929,0.6548405289649963,9.999999747378752e-05
1593,0.800000011920929,0.6498690247535706,9.999999747378752e-05
1594,0.7333333492279053,0.6797395944595337,9.999999747378752e-05
1595,0.800000011920929,0.6313532590866089,9.999999747378752e-05
1596,0.7666666507720947,0.7206006646156311,9.999999747378752e-05
1597,0.800000011920929,0.6830224394798279,9.999999747378752e-05
1598,0.8333333134651184,0.6507177948951721,9.999999747378752e-05
1599,0.7666666507720947,0.6836821436882019,9.999999747378752e-05
1600,0.8666666746139526,0.6209420561790466,9.999999747378752e-05
1601,0.8333333134651184,0.6189920902252197,9.999999747378752e-05
1602,0.800000011920929,0.626408040523529,9.999999747378752e-05
1603,0.800000011920929,0.6579189896583557,9.999999747378752e-05
1604,0.7666666507720947,0.6674191355705261,9.999999747378752e-05
1605,0.8333333134651184,0.6397021412849426,9.999999747378752e-05
1606,0.7333333492279053,0.6898768544197083,9.999999747378752e-05
1607,0.800000011920929,0.6712016463279724,9.999999747378752e-05
1608,0.800000011920929,0.6599810719490051,9.999999747378752e-05
1609,0.800000011920929,0.6495404839515686,9.999999747378752e-05
1610,0.8333333134651184,0.686065673828125,9.999999747378752e-05
1611,0.8333333134651184,0.6284710168838501,9.999999747378752e-05
1612,0.8333333134651184,0.6377962231636047,9.999999747378752e-05
1613,0.800000011920929,0.6365357637405396,9.999999747378752e-05
1614,0.800000011920929,0.6667367815971375,9.999999747378752e-05
1615,0.8333333134651184,0.6506935358047485,9.999999747378752e-05
1616,0.8333333134651184,0.6386544704437256,9.999999747378752e-05
1617,0.800000011920929,0.6652330160140991,9.999999747378752e-05
1618,0.800000011920929,0.6917747259140015,9.999999747378752e-05
1619,0.6333333253860474,0.8163429498672485,9.999999747378752e-05
1620,0.699999988079071,0.7245630621910095,9.999999747378752e-05
1621,0.7333333492279053,0.6701523661613464,9.999999747378752e-05
1622,0.8333333134651184,0.6153724193572998,9.999999747378752e-05
1623,0.7666666507720947,0.6782776117324829,9.999999747378752e-05
1624,0.800000011920929,0.6588859558105469,9.999999747378752e-05
1625,0.800000011920929,0.6411044597625732,9.999999747378752e-05
1626,0.800000011920929,0.6683467626571655,9.999999747378752e-05
1627,0.800000011920929,0.7235643267631531,9.999999747378752e-05
1628,0.800000011920929,0.6527065634727478,9.999999747378752e-05
1629,0.8666666746139526,0.6104952096939087,9.999999747378752e-05
1630,0.7666666507720947,0.6850069761276245,9.999999747378752e-05
1631,0.7666666507720947,0.6323356628417969,9.999999747378752e-05
1632,0.800000011920929,0.6831154227256775,9.999999747378752e-05
1633,0.7666666507720947,0.6673681139945984,9.999999747378752e-05
1634,0.800000011920929,0.6639499068260193,9.999999747378752e-05
1635,0.7666666507720947,0.6868242025375366,9.999999747378752e-05
1636,0.7666666507720947,0.7024437785148621,9.999999747378752e-05
1637,0.800000011920929,0.6848398447036743,9.999999747378752e-05
1638,0.7333333492279053,0.6760451197624207,9.999999747378752e-05
1639,0.7666666507720947,0.6830287575721741,9.999999747378752e-05
1640,0.800000011920929,0.6483997106552124,9.999999747378752e-05
1641,0.8333333134651184,0.6467104554176331,9.999999747378752e-05
1642,0.800000011920929,0.6452528238296509,9.999999747378752e-05
1643,0.8333333134651184,0.668046772480011,9.999999747378752e-05
1644,0.8333333134651184,0.6445574164390564,9.999999747378752e-05
1645,0.800000011920929,0.6800290942192078,9.999999747378752e-05
1646,0.8333333134651184,0.6721725463867188,9.999999747378752e-05
1647,0.8666666746139526,0.6328156590461731,9.999999747378752e-05
1648,0.7666666507720947,0.7815307378768921,9.999999747378752e-05
1649,0.8999999761581421,0.6389933228492737,9.999999747378752e-05
1650,0.800000011920929,0.7054398059844971,9.999999747378752e-05
1651,0.7666666507720947,0.6322547197341919,9.999999747378752e-05
1652,0.7666666507720947,0.6335288286209106,9.999999747378752e-05
1653,0.7666666507720947,0.6352962255477905,9.999999747378752e-05
1654,0.7666666507720947,0.733547568321228,9.999999747378752e-05
1655,0.8666666746139526,0.6615762114524841,9.999999747378752e-05
1656,0.7333333492279053,0.6777125000953674,9.999999747378752e-05
1657,0.8333333134651184,0.6292701959609985,9.999999747378752e-05
1658,0.7666666507720947,0.6798391342163086,9.999999747378752e-05
1659,0.7333333492279053,0.7052200436592102,9.999999747378752e-05
1660,0.800000011920929,0.669273316860199,9.999999747378752e-05
1661,0.8333333134651184,0.6521914005279541,9.999999747378752e-05
1662,0.7666666507720947,0.6772498488426208,9.999999747378752e-05
1663,0.800000011920929,0.6703394651412964,9.999999747378752e-05
1664,0.800000011920929,0.6861250996589661,9.999999747378752e-05
1665,0.8666666746139526,0.6715145111083984,9.999999747378752e-05
1666,0.9333333373069763,0.6040976643562317,9.999999747378752e-05
1667,0.800000011920929,0.6790190935134888,9.999999747378752e-05
1668,0.8333333134651184,0.6529024243354797,9.999999747378752e-05
1669,0.8333333134651184,0.6947137117385864,9.999999747378752e-05
1670,0.8333333134651184,0.619691789150238,9.999999747378752e-05
1671,0.7333333492279053,0.6619674563407898,9.999999747378752e-05
1672,0.8333333134651184,0.6018884181976318,9.999999747378752e-05
1673,0.8999999761581421,0.6255781650543213,9.999999747378752e-05
1674,0.7666666507720947,0.6483725905418396,9.999999747378752e-05
1675,0.7666666507720947,0.7019148468971252,9.999999747378752e-05
1676,0.800000011920929,0.6835342645645142,9.999999747378752e-05
1677,0.800000011920929,0.6608772873878479,9.999999747378752e-05
1678,0.8333333134651184,0.6785686612129211,9.999999747378752e-05
1679,0.800000011920929,0.6699931025505066,9.999999747378752e-05
1680,0.7333333492279053,0.6331369876861572,9.999999747378752e-05
1681,0.800000011920929,0.7129611968994141,9.999999747378752e-05
1682,0.8666666746139526,0.6627561450004578,9.999999747378752e-05
1683,0.800000011920929,0.6769666075706482,9.999999747378752e-05
1684,0.8666666746139526,0.6303176283836365,9.999999747378752e-05
1685,0.800000011920929,0.6450775265693665,9.999999747378752e-05
1686,0.800000011920929,0.6651456356048584,9.999999747378752e-05
1687,0.8333333134651184,0.6502703428268433,9.999999747378752e-05
1688,0.8666666746139526,0.6302421689033508,9.999999747378752e-05
1689,0.800000011920929,0.6511268615722656,9.999999747378752e-05
1690,0.800000011920929,0.6265979409217834,9.999999747378752e-05
1691,0.8999999761581421,0.6173407435417175,9.999999747378752e-05
1692,0.8333333134651184,0.6593210101127625,9.999999747378752e-05
1693,0.7666666507720947,0.6465989351272583,9.999999747378752e-05
1694,0.7666666507720947,0.6732301115989685,9.999999747378752e-05
1695,0.8333333134651184,0.7040073275566101,9.999999747378752e-05
1696,0.800000011920929,0.6692187190055847,9.999999747378752e-05
1697,0.8333333134651184,0.6341626644134521,9.999999747378752e-05
1698,0.800000011920929,0.6591156721115112,9.999999747378752e-05
1699,0.7333333492279053,0.6641202569007874,9.999999747378752e-05
1700,0.800000011920929,0.6675815582275391,9.999999747378752e-05
1701,0.800000011920929,0.6633243560791016,9.999999747378752e-05
1702,0.800000011920929,0.6264113187789917,9.999999747378752e-05
1703,0.8333333134651184,0.6195566654205322,9.999999747378752e-05
1704,0.8333333134651184,0.6202002167701721,9.999999747378752e-05
1705,0.8333333134651184,0.6163925528526306,9.999999747378752e-05
1706,0.8666666746139526,0.6490564346313477,9.999999747378752e-05
1707,0.7666666507720947,0.6284420490264893,9.999999747378752e-05
1708,0.8666666746139526,0.5875635147094727,9.999999747378752e-05
1709,0.8666666746139526,0.6106559038162231,9.999999747378752e-05
1710,0.800000011920929,0.633518397808075,9.999999747378752e-05
1711,0.8666666746139526,0.6925188899040222,9.999999747378752e-05
1712,0.8666666746139526,0.6423466205596924,9.999999747378752e-05
1713,0.8333333134651184,0.6566222906112671,9.999999747378752e-05
1714,0.800000011920929,0.6165836453437805,9.999999747378752e-05
1715,0.699999988079071,0.7186713814735413,9.999999747378752e-05
1716,0.7666666507720947,0.650830864906311,9.999999747378752e-05
1717,0.800000011920929,0.6476702094078064,9.999999747378752e-05
1718,0.800000011920929,0.6812959909439087,9.999999747378752e-05
1719,0.8333333134651184,0.6697359085083008,9.999999747378752e-05
1720,0.8333333134651184,0.6100271940231323,9.999999747378752e-05
1721,0.8666666746139526,0.6415435075759888,9.999999747378752e-05
1722,0.7666666507720947,0.6187269687652588,9.999999747378752e-05
1723,0.800000011920929,0.6755106449127197,9.999999747378752e-05
1724,0.800000011920929,0.706523060798645,9.999999747378752e-05
1725,0.8666666746139526,0.6431174874305725,9.999999747378752e-05
1726,0.8333333134651184,0.6247624754905701,9.999999747378752e-05
1727,0.8666666746139526,0.6131085753440857,9.999999747378752e-05
1728,0.8333333134651184,0.6712366342544556,9.999999747378752e-05
1729,0.8666666746139526,0.6277543306350708,9.999999747378752e-05
1730,0.7666666507720947,0.692197859287262,9.999999747378752e-05
1731,0.7666666507720947,0.6762799620628357,9.999999747378752e-05
1732,0.8333333134651184,0.6153716444969177,9.999999747378752e-05
1733,0.8333333134651184,0.658069372177124,9.999999747378752e-05
1734,0.7666666507720947,0.6421926617622375,9.999999747378752e-05
1735,0.7666666507720947,0.7203234434127808,9.999999747378752e-05
1736,0.8333333134651184,0.6612890958786011,9.999999747378752e-05
1737,0.6666666865348816,0.7394508719444275,9.999999747378752e-05
1738,0.8333333134651184,0.678549587726593,9.999999747378752e-05
1739,0.800000011920929,0.6635127663612366,9.999999747378752e-05
1740,0.7666666507720947,0.7460848093032837,9.999999747378752e-05
1741,0.800000011920929,0.6840530037879944,9.999999747378752e-05
1742,0.7666666507720947,0.665045440196991,9.999999747378752e-05
1743,0.8333333134651184,0.6428592205047607,9.999999747378752e-05
1744,0.8666666746139526,0.6323987245559692,9.999999747378752e-05
1745,0.7666666507720947,0.6420242190361023,9.999999747378752e-05
1746,0.8333333134651184,0.6496067047119141,9.999999747378752e-05
1747,0.7666666507720947,0.6999667882919312,9.999999747378752e-05
1748,0.7666666507720947,0.6790377497673035,9.999999747378752e-05
1749,0.8333333134651184,0.65129154920578,9.999999747378752e-05
1750,0.8666666746139526,0.6274768114089966,9.999999747378752e-05
1751,0.800000011920929,0.6203635931015015,9.999999747378752e-05
1752,0.800000011920929,0.6566381454467773,9.999999747378752e-05
1753,0.8333333134651184,0.6545898914337158,9.999999747378752e-05
1754,0.8999999761581421,0.6575327515602112,9.999999747378752e-05
1755,0.8333333134651184,0.6750205755233765,9.999999747378752e-05
1756,0.8333333134651184,0.6385329961776733,9.999999747378752e-05
1757,0.8333333134651184,0.6450063586235046,9.999999747378752e-05
1758,0.7666666507720947,0.6759272217750549,9.999999747378752e-05
1759,0.7666666507720947,0.6999360918998718,9.999999747378752e-05
1760,0.8333333134651184,0.6471150517463684,9.999999747378752e-05
1761,0.8333333134651184,0.6323303580284119,9.999999747378752e-05
1762,0.8333333134651184,0.6531646847724915,9.999999747378752e-05
1763,0.8333333134651184,0.6629677414894104,9.999999747378752e-05
1764,0.800000011920929,0.7159035801887512,9.999999747378752e-05
1765,0.800000011920929,0.6475363969802856,9.999999747378752e-05
1766,0.8333333134651184,0.6929653286933899,9.999999747378752e-05
1767,0.800000011920929,0.6705071926116943,9.999999747378752e-05
1768,0.800000011920929,0.656398355960846,9.999999747378752e-05
1769,0.7666666507720947,0.6673554182052612,9.999999747378752e-05
1770,0.7666666507720947,0.6634342670440674,9.999999747378752e-05
1771,0.8333333134651184,0.6328160166740417,9.999999747378752e-05
1772,0.8333333134651184,0.657781720161438,9.999999747378752e-05
1773,0.800000011920929,0.6456611752510071,9.999999747378752e-05
1774,0.7666666507720947,0.6516628861427307,9.999999747378752e-05
1775,0.800000011920929,0.6471109390258789,9.999999747378752e-05
1776,0.800000011920929,0.6281372308731079,9.999999747378752e-05
1777,0.8666666746139526,0.6184877753257751,9.999999747378752e-05
1778,0.8666666746139526,0.630550742149353,9.999999747378752e-05
1779,0.7666666507720947,0.6885918974876404,9.999999747378752e-05
1780,0.7666666507720947,0.688319206237793,9.999999747378752e-05
1781,0.7333333492279053,0.736281156539917,9.999999747378752e-05
1782,0.7666666507720947,0.6905547976493835,9.999999747378752e-05
1783,0.800000011920929,0.6728619933128357,9.999999747378752e-05
1784,0.800000011920929,0.6660353541374207,9.999999747378752e-05
1785,0.7666666507720947,0.6639592051506042,9.999999747378752e-05
1786,0.8333333134651184,0.6687208414077759,9.999999747378752e-05
1787,0.8666666746139526,0.6201348900794983,9.999999747378752e-05
1788,0.8333333134651184,0.6597158908843994,9.999999747378752e-05
1789,0.8333333134651184,0.6087216734886169,9.999999747378752e-05
1790,0.800000011920929,0.6650819182395935,9.999999747378752e-05
1791,0.800000011920929,0.6229831576347351,9.999999747378752e-05
1792,0.8666666746139526,0.6410409808158875,9.999999747378752e-05
1793,0.7666666507720947,0.6239223480224609,9.999999747378752e-05
1794,0.8333333134651184,0.6324021220207214,9.999999747378752e-05
1795,0.7666666507720947,0.6572986841201782,9.999999747378752e-05
1796,0.7666666507720947,0.6512258052825928,9.999999747378752e-05
1797,0.8666666746139526,0.6158162355422974,9.999999747378752e-05
1798,0.8333333134651184,0.6575181484222412,9.999999747378752e-05
1799,0.8333333134651184,0.6358362436294556,9.999999747378752e-05
1800,0.800000011920929,0.6288282871246338,9.999999747378752e-05
1801,0.8333333134651184,0.6749196648597717,9.999999747378752e-05
1802,0.8666666746139526,0.6051967144012451,9.999999747378752e-05
1803,0.8666666746139526,0.6566493511199951,9.999999747378752e-05
1804,0.8333333134651184,0.6624736785888672,9.999999747378752e-05
1805,0.8666666746139526,0.6074613928794861,9.999999747378752e-05
1806,0.8333333134651184,0.6084883809089661,9.999999747378752e-05
1807,0.8333333134651184,0.6572357416152954,9.999999747378752e-05
1808,0.8333333134651184,0.6317635178565979,9.999999747378752e-05
1809,0.6333333253860474,0.7085047364234924,9.999999747378752e-05
1810,0.7666666507720947,0.6558359861373901,9.999999747378752e-05
1811,0.8333333134651184,0.6362209320068359,9.999999747378752e-05
1812,0.8333333134651184,0.6170843243598938,9.999999747378752e-05
1813,0.8333333134651184,0.6576443910598755,9.999999747378752e-05
1814,0.8333333134651184,0.6976330876350403,9.999999747378752e-05
1815,0.7666666507720947,0.6659500002861023,9.999999747378752e-05
1816,0.8333333134651184,0.6150723695755005,9.999999747378752e-05
1817,0.8333333134651184,0.635934591293335,9.999999747378752e-05
1818,0.800000011920929,0.6294906139373779,9.999999747378752e-05
1819,0.800000011920929,0.6539385914802551,9.999999747378752e-05
1820,0.800000011920929,0.6664822101593018,9.999999747378752e-05
1821,0.800000011920929,0.6227003335952759,9.999999747378752e-05
1822,0.7666666507720947,0.6567897200584412,9.999999747378752e-05
1823,0.7666666507720947,0.6594456434249878,9.999999747378752e-05
1824,0.800000011920929,0.722030758857727,9.999999747378752e-05
1825,0.699999988079071,0.6647007465362549,9.999999747378752e-05
1826,0.7666666507720947,0.6618124842643738,9.999999747378752e-05
1827,0.7333333492279053,0.7164033055305481,9.999999747378752e-05
1828,0.7666666507720947,0.6305776238441467,9.999999747378752e-05
1829,0.800000011920929,0.6407318115234375,9.999999747378752e-05
1830,0.8333333134651184,0.6434119343757629,9.999999747378752e-05
1831,0.8333333134651184,0.6404723525047302,9.999999747378752e-05
1832,0.8333333134651184,0.6684392094612122,9.999999747378752e-05
1833,0.800000011920929,0.6669467687606812,9.999999747378752e-05
1834,0.800000011920929,0.6430732607841492,9.999999747378752e-05
1835,0.8333333134651184,0.5970766544342041,9.999999747378752e-05
1836,0.800000011920929,0.6511833667755127,9.999999747378752e-05
1837,0.8666666746139526,0.6661354899406433,9.999999747378752e-05
1838,0.800000011920929,0.6758654117584229,9.999999747378752e-05
1839,0.800000011920929,0.6309322118759155,9.999999747378752e-05
1840,0.8333333134651184,0.6811094880104065,9.999999747378752e-05
1841,0.8999999761581421,0.617536723613739,9.999999747378752e-05
1842,0.8666666746139526,0.6278817653656006,9.999999747378752e-05
1843,0.8999999761581421,0.5741168856620789,9.999999747378752e-05
1844,0.8333333134651184,0.6409834623336792,9.999999747378752e-05
1845,0.800000011920929,0.6594039797782898,9.999999747378752e-05
1846,0.800000011920929,0.6421793699264526,9.999999747378752e-05
1847,0.800000011920929,0.5933796167373657,9.999999747378752e-05
1848,0.800000011920929,0.6406190395355225,9.999999747378752e-05
1849,0.7666666507720947,0.6010197401046753,9.999999747378752e-05
1850,0.8666666746139526,0.617972731590271,9.999999747378752e-05
1851,0.7666666507720947,0.6382820010185242,9.999999747378752e-05
1852,0.800000011920929,0.6554631590843201,9.999999747378752e-05
1853,0.8333333134651184,0.633486807346344,9.999999747378752e-05
1854,0.8666666746139526,0.6390942335128784,9.999999747378752e-05
1855,0.800000011920929,0.6494390368461609,9.999999747378752e-05
1856,0.8333333134651184,0.6124199628829956,9.999999747378752e-05
1857,0.800000011920929,0.7258577942848206,9.999999747378752e-05
1858,0.8333333134651184,0.6330853700637817,9.999999747378752e-05
1859,0.8666666746139526,0.6578166484832764,9.999999747378752e-05
1860,0.8333333134651184,0.5962085127830505,9.999999747378752e-05
1861,0.6666666865348816,0.7202998399734497,9.999999747378752e-05
1862,0.8666666746139526,0.6795192360877991,9.999999747378752e-05
1863,0.800000011920929,0.6765045523643494,9.999999747378752e-05
1864,0.800000011920929,0.6214000582695007,9.999999747378752e-05
1865,0.7666666507720947,0.6439310908317566,9.999999747378752e-05
1866,0.7666666507720947,0.6498028039932251,9.999999747378752e-05
1867,0.800000011920929,0.6647632718086243,9.999999747378752e-05
1868,0.7666666507720947,0.6901520490646362,9.999999747378752e-05
1869,0.8999999761581421,0.6307502388954163,9.999999747378752e-05
1870,0.7333333492279053,0.7000419497489929,9.999999747378752e-05
1871,0.800000011920929,0.656871497631073,9.999999747378752e-05
1872,0.800000011920929,0.6319395899772644,9.999999747378752e-05
1873,0.8333333134651184,0.6153702139854431,9.999999747378752e-05
1874,0.8999999761581421,0.605027973651886,9.999999747378752e-05
1875,0.7666666507720947,0.6220459342002869,9.999999747378752e-05
1876,0.7666666507720947,0.6463719010353088,9.999999747378752e-05
1877,0.8333333134651184,0.6479081511497498,9.999999747378752e-05
1878,0.800000011920929,0.6021900177001953,9.999999747378752e-05
1879,0.800000011920929,0.6662466526031494,9.999999747378752e-05
1880,0.800000011920929,0.6208664774894714,9.999999747378752e-05
1881,0.8666666746139526,0.6586958169937134,9.999999747378752e-05
1882,0.8333333134651184,0.576904833316803,9.999999747378752e-05
1883,0.800000011920929,0.6471893787384033,9.999999747378752e-05
1884,0.8666666746139526,0.6132290959358215,9.999999747378752e-05
1885,0.7666666507720947,0.6443389058113098,9.999999747378752e-05
1886,0.8333333134651184,0.6201696991920471,9.999999747378752e-05
1887,0.8666666746139526,0.6046724915504456,9.999999747378752e-05
1888,0.800000011920929,0.609627902507782,9.999999747378752e-05
1889,0.8333333134651184,0.6618572473526001,9.999999747378752e-05
1890,0.8333333134651184,0.645657479763031,9.999999747378752e-05
1891,0.8666666746139526,0.6361576318740845,9.999999747378752e-05
1892,0.800000011920929,0.6436048746109009,9.999999747378752e-05
1893,0.7666666507720947,0.6166530251502991,9.999999747378752e-05
1894,0.8333333134651184,0.7335641384124756,9.999999747378752e-05
1895,0.7333333492279053,0.6923955082893372,9.999999747378752e-05
1896,0.8333333134651184,0.6373993158340454,9.999999747378752e-05
1897,0.800000011920929,0.6661878228187561,9.999999747378752e-05
1898,0.8666666746139526,0.5826278924942017,9.999999747378752e-05
1899,0.8333333134651184,0.6227167844772339,9.999999747378752e-05
1900,0.800000011920929,0.6137031316757202,9.999999747378752e-05
1901,0.7333333492279053,0.6637737154960632,9.999999747378752e-05
1902,0.7666666507720947,0.6131253838539124,9.999999747378752e-05
1903,0.800000011920929,0.6974141001701355,9.999999747378752e-05
1904,0.8666666746139526,0.5969424843788147,9.999999747378752e-05
1905,0.8333333134651184,0.6181530356407166,9.999999747378752e-05
1906,0.800000011920929,0.6386563181877136,9.999999747378752e-05
1907,0.800000011920929,0.6285527348518372,9.999999747378752e-05
1908,0.800000011920929,0.6243988871574402,9.999999747378752e-05
1909,0.8333333134651184,0.6310824751853943,9.999999747378752e-05
1910,0.8666666746139526,0.5886118412017822,9.999999747378752e-05
1911,0.8333333134651184,0.5908979177474976,9.999999747378752e-05
1912,0.800000011920929,0.6577293872833252,9.999999747378752e-05
1913,0.8333333134651184,0.6096494197845459,9.999999747378752e-05
1914,0.8666666746139526,0.6497417688369751,9.999999747378752e-05
1915,0.800000011920929,0.6144564151763916,9.999999747378752e-05
1916,0.7666666507720947,0.6437598466873169,9.999999747378752e-05
1917,0.8333333134651184,0.6398981809616089,9.999999747378752e-05
1918,0.8333333134651184,0.6439816355705261,9.999999747378752e-05
1919,0.8333333134651184,0.6015618443489075,9.999999747378752e-05
1920,0.7666666507720947,0.7143967151641846,9.999999747378752e-05
1921,0.7333333492279053,0.6545847654342651,9.999999747378752e-05
1922,0.8999999761581421,0.5830792784690857,9.999999747378752e-05
1923,0.7666666507720947,0.6124029755592346,9.999999747378752e-05
1924,0.7666666507720947,0.6773664951324463,9.999999747378752e-05
1925,0.8999999761581421,0.5728352665901184,9.999999747378752e-05
1926,0.7666666507720947,0.6620722413063049,9.999999747378752e-05
1927,0.699999988079071,0.6587828993797302,9.999999747378752e-05
1928,0.800000011920929,0.6440926790237427,9.999999747378752e-05
1929,0.7666666507720947,0.6637468934059143,9.999999747378752e-05
1930,0.800000011920929,0.6363111138343811,9.999999747378752e-05
1931,0.8999999761581421,0.5843464136123657,9.999999747378752e-05
1932,0.800000011920929,0.6469441652297974,9.999999747378752e-05
1933,0.800000011920929,0.6383568048477173,9.999999747378752e-05
1934,0.800000011920929,0.6717603206634521,9.999999747378752e-05
1935,0.8333333134651184,0.5996085405349731,9.999999747378752e-05
1936,0.8666666746139526,0.6294174790382385,9.999999747378752e-05
1937,0.800000011920929,0.6655250191688538,9.999999747378752e-05
1938,0.8333333134651184,0.613695502281189,9.999999747378752e-05
1939,0.800000011920929,0.6184442639350891,9.999999747378752e-05
1940,0.8333333134651184,0.6112520098686218,9.999999747378752e-05
1941,0.8333333134651184,0.6010850667953491,9.999999747378752e-05
1942,0.800000011920929,0.6306494474411011,9.999999747378752e-05
1943,0.7666666507720947,0.6337999105453491,9.999999747378752e-05
1944,0.800000011920929,0.6234806180000305,9.999999747378752e-05
1945,0.800000011920929,0.6321837902069092,9.999999747378752e-05
1946,0.800000011920929,0.6644967794418335,9.999999747378752e-05
1947,0.800000011920929,0.6371912360191345,9.999999747378752e-05
1948,0.8666666746139526,0.6126260161399841,9.999999747378752e-05
1949,0.8666666746139526,0.5899021029472351,9.999999747378752e-05
1950,0.800000011920929,0.70455402135849,9.999999747378752e-05
1951,0.8666666746139526,0.5747655034065247,9.999999747378752e-05
1952,0.7666666507720947,0.6559302806854248,9.999999747378752e-05
1953,0.7666666507720947,0.6889083981513977,9.999999747378752e-05
1954,0.8333333134651184,0.661241352558136,9.999999747378752e-05
1955,0.8666666746139526,0.6383664011955261,9.999999747378752e-05
1956,0.800000011920929,0.66555255651474,9.999999747378752e-05
1957,0.8666666746139526,0.561759352684021,9.999999747378752e-05
1958,0.800000011920929,0.7325640320777893,9.999999747378752e-05
1959,0.800000011920929,0.6915488839149475,9.999999747378752e-05
1960,0.800000011920929,0.6586751937866211,9.999999747378752e-05
1961,0.7666666507720947,0.6385713815689087,9.999999747378752e-05
1962,0.8333333134651184,0.6284037232398987,9.999999747378752e-05
1963,0.8666666746139526,0.6207088828086853,9.999999747378752e-05
1964,0.8999999761581421,0.6076568365097046,9.999999747378752e-05
1965,0.800000011920929,0.6193090081214905,9.999999747378752e-05
1966,0.8333333134651184,0.6397343277931213,9.999999747378752e-05
1967,0.8333333134651184,0.5845452547073364,9.999999747378752e-05
1968,0.7333333492279053,0.6539776921272278,9.999999747378752e-05
1969,0.8999999761581421,0.6057736873626709,9.999999747378752e-05
1970,0.8666666746139526,0.6235464811325073,9.999999747378752e-05
1971,0.8333333134651184,0.6275480389595032,9.999999747378752e-05
1972,0.8333333134651184,0.6110707521438599,9.999999747378752e-05
1973,0.8333333134651184,0.62255859375,9.999999747378752e-05
1974,0.8666666746139526,0.6049277782440186,9.999999747378752e-05
1975,0.8333333134651184,0.6172705292701721,9.999999747378752e-05
1976,0.8333333134651184,0.5986964702606201,9.999999747378752e-05
1977,0.8333333134651184,0.6616370677947998,9.999999747378752e-05
1978,0.7333333492279053,0.6523012518882751,9.999999747378752e-05
1979,0.7666666507720947,0.6034041047096252,9.999999747378752e-05
1980,0.699999988079071,0.6448476910591125,9.999999747378752e-05
1981,0.800000011920929,0.6366053223609924,9.999999747378752e-05
1982,0.800000011920929,0.6757097244262695,9.999999747378752e-05
1983,0.800000011920929,0.6949874758720398,9.999999747378752e-05
1984,0.7666666507720947,0.6484034061431885,9.999999747378752e-05
1985,0.7666666507720947,0.6901257038116455,9.999999747378752e-05
1986,0.8333333134651184,0.6138647198677063,9.999999747378752e-05
1987,0.8666666746139526,0.6182608008384705,9.999999747378752e-05
1988,0.800000011920929,0.6851781010627747,9.999999747378752e-05
1989,0.7333333492279053,0.6251042485237122,9.999999747378752e-05
1990,0.8666666746139526,0.5939525961875916,9.999999747378752e-05
1991,0.800000011920929,0.6133451461791992,9.999999747378752e-05
1992,0.9333333373069763,0.5428869128227234,9.999999747378752e-05
1993,0.7666666507720947,0.6751239895820618,9.999999747378752e-05
1994,0.8333333134651184,0.5854629278182983,9.999999747378752e-05
1995,0.8333333134651184,0.6288735866546631,9.999999747378752e-05
1996,0.800000011920929,0.6225188374519348,9.999999747378752e-05
1997,0.800000011920929,0.6427924036979675,9.999999747378752e-05
1998,0.8666666746139526,0.6106137633323669,9.999999747378752e-05
1999,0.7666666507720947,0.6693797707557678,9.999999747378752e-05
