,categorical_accuracy,loss,learning_rate
0,0.5137614607810974,0.7104746699333191,0.0010000000474974513
1,0.6330274939537048,0.6532469391822815,0.0010000000474974513
2,0.6697247624397278,0.645919680595398,0.0010000000474974513
3,0.7339449524879456,0.617444634437561,0.0010000000474974513
4,0.7155963182449341,0.6199332475662231,0.0010000000474974513
5,0.60550457239151,0.6571988463401794,0.0010000000474974513
6,0.7155963182449341,0.6010984778404236,0.0010000000474974513
7,0.6880733966827393,0.61906498670578,0.0010000000474974513
8,0.752293586730957,0.5858601331710815,0.0010000000474974513
9,0.5871559381484985,0.6597739458084106,0.0010000000474974513
10,0.7064220309257507,0.5953635573387146,0.0010000000474974513
11,0.7155963182449341,0.5991837978363037,0.0010000000474974513
12,0.6788991093635559,0.6090298295021057,0.0010000000474974513
13,0.7339449524879456,0.5728182196617126,0.0010000000474974513
14,0.7339449524879456,0.5532832145690918,0.0010000000474974513
15,0.6880733966827393,0.5819010734558105,0.0010000000474974513
16,0.7339449524879456,0.5250251293182373,0.0010000000474974513
17,0.7431192398071289,0.5170789361000061,0.0010000000474974513
18,0.752293586730957,0.5259243249893188,0.0010000000474974513
19,0.78899085521698,0.5256001353263855,0.0010000000474974513
20,0.7706422209739685,0.5321192741394043,0.0010000000474974513
21,0.7981651425361633,0.49007895588874817,0.0010000000474974513
22,0.7706422209739685,0.5138799548149109,0.0010000000474974513
23,0.7614678740501404,0.5058706998825073,0.0010000000474974513
24,0.8165137767791748,0.4777549207210541,0.0010000000474974513
25,0.8440366983413696,0.4650174677371979,0.0010000000474974513
26,0.7798165082931519,0.46079227328300476,0.0010000000474974513
27,0.7706422209739685,0.47992727160453796,0.0010000000474974513
28,0.7981651425361633,0.48800545930862427,0.0010000000474974513
29,0.8073394298553467,0.44811803102493286,0.0010000000474974513
30,0.8256880640983582,0.44247135519981384,0.0010000000474974513
31,0.78899085521698,0.4602055549621582,0.0010000000474974513
32,0.7981651425361633,0.436500608921051,0.0010000000474974513
33,0.8256880640983582,0.45195531845092773,0.0010000000474974513
34,0.8073394298553467,0.4435567855834961,0.0010000000474974513
35,0.8165137767791748,0.44562745094299316,0.0010000000474974513
36,0.8256880640983582,0.42739591002464294,0.0010000000474974513
37,0.8348624110221863,0.3985844552516937,0.0010000000474974513
38,0.8715596199035645,0.38999664783477783,0.0010000000474974513
39,0.8256880640983582,0.43527817726135254,0.0010000000474974513
40,0.7706422209739685,0.49610090255737305,0.0010000000474974513
41,0.8256880640983582,0.4262702167034149,0.0010000000474974513
42,0.8348624110221863,0.46904438734054565,0.0010000000474974513
43,0.853210985660553,0.41731756925582886,0.0010000000474974513
44,0.8348624110221863,0.3742983639240265,0.0010000000474974513
45,0.8623853325843811,0.38031908869743347,0.0010000000474974513
46,0.8348624110221863,0.36870938539505005,0.0010000000474974513
47,0.9082568883895874,0.3528195917606354,0.0010000000474974513
48,0.8715596199035645,0.35471346974372864,0.0010000000474974513
49,0.8715596199035645,0.3665236234664917,0.0010000000474974513
50,0.8807339668273926,0.34359684586524963,0.0010000000474974513
51,0.853210985660553,0.3562799394130707,0.0010000000474974513
52,0.8990825414657593,0.3371236324310303,0.0010000000474974513
53,0.8440366983413696,0.3535701632499695,0.0010000000474974513
54,0.8440366983413696,0.43179264664649963,0.0010000000474974513
55,0.8899082541465759,0.33122095465660095,0.0010000000474974513
56,0.8348624110221863,0.37699830532073975,0.0010000000474974513
57,0.8807339668273926,0.33957889676094055,0.0010000000474974513
58,0.8715596199035645,0.3467920422554016,0.0010000000474974513
59,0.8990825414657593,0.30751416087150574,0.0010000000474974513
60,0.8440366983413696,0.34598982334136963,0.0010000000474974513
61,0.8165137767791748,0.39208346605300903,0.0010000000474974513
62,0.8715596199035645,0.3492712080478668,0.0010000000474974513
63,0.8899082541465759,0.319741427898407,0.0010000000474974513
64,0.9082568883895874,0.301187664270401,0.0010000000474974513
65,0.8715596199035645,0.31041279435157776,0.0010000000474974513
66,0.8165137767791748,0.36939364671707153,0.0010000000474974513
67,0.8440366983413696,0.3481033742427826,0.0010000000474974513
68,0.8899082541465759,0.3130502998828888,0.0010000000474974513
69,0.9082568883895874,0.30704155564308167,0.0010000000474974513
70,0.8073394298553467,0.3788835108280182,0.0010000000474974513
71,0.9082568883895874,0.31014174222946167,0.0010000000474974513
72,0.8715596199035645,0.34428685903549194,0.0010000000474974513
73,0.9174311757087708,0.2988779544830322,0.0010000000474974513
74,0.9082568883895874,0.2910580635070801,0.0010000000474974513
75,0.9266055226325989,0.2610575556755066,0.0010000000474974513
76,0.9082568883895874,0.24821801483631134,0.0010000000474974513
77,0.8807339668273926,0.3005523979663849,0.0010000000474974513
78,0.8807339668273926,0.3234606385231018,0.0010000000474974513
79,0.9174311757087708,0.30330774188041687,0.0010000000474974513
80,0.8073394298553467,0.3739379644393921,0.0010000000474974513
81,0.8899082541465759,0.34192150831222534,0.0010000000474974513
82,0.8807339668273926,0.30746641755104065,0.0010000000474974513
83,0.853210985660553,0.34471145272254944,0.0010000000474974513
84,0.9082568883895874,0.30452868342399597,0.0010000000474974513
85,0.8990825414657593,0.28706514835357666,0.0010000000474974513
86,0.8715596199035645,0.33314186334609985,0.0010000000474974513
87,0.9174311757087708,0.2666241228580475,0.0010000000474974513
88,0.9357798099517822,0.24277542531490326,0.0010000000474974513
89,0.8990825414657593,0.2920399010181427,0.0010000000474974513
90,0.8623853325843811,0.3066348135471344,0.0010000000474974513
91,0.9174311757087708,0.2867094874382019,0.0010000000474974513
92,0.8623853325843811,0.3186695873737335,0.0010000000474974513
93,0.9082568883895874,0.2536667585372925,0.0010000000474974513
94,0.8348624110221863,0.3317575454711914,0.0010000000474974513
95,0.9082568883895874,0.23639406263828278,0.0010000000474974513
96,0.9174311757087708,0.2660464346408844,0.0010000000474974513
97,0.9082568883895874,0.28533506393432617,0.0010000000474974513
98,0.9082568883895874,0.2877790033817291,0.0010000000474974513
99,0.9357798099517822,0.23738570511341095,0.0010000000474974513
100,0.9174311757087708,0.25248056650161743,0.0010000000474974513
101,0.9266055226325989,0.25039178133010864,0.0010000000474974513
102,0.9357798099517822,0.22567829489707947,0.0010000000474974513
103,0.9357798099517822,0.24650783836841583,0.0010000000474974513
104,0.8623853325843811,0.3297654688358307,0.0010000000474974513
105,0.8348624110221863,0.3078380823135376,0.0010000000474974513
106,0.8899082541465759,0.26498550176620483,0.0010000000474974513
107,0.9266055226325989,0.2648441791534424,0.0010000000474974513
108,0.853210985660553,0.31226834654808044,0.0010000000474974513
109,0.9449541568756104,0.220677450299263,0.0010000000474974513
110,0.9266055226325989,0.25140124559402466,0.0010000000474974513
111,0.853210985660553,0.3260691165924072,0.0010000000474974513
112,0.8623853325843811,0.3157523572444916,0.0010000000474974513
113,0.8990825414657593,0.2708795964717865,0.0010000000474974513
114,0.9541284441947937,0.20172834396362305,0.0010000000474974513
115,0.9174311757087708,0.22258500754833221,0.0010000000474974513
116,0.8899082541465759,0.2629505693912506,0.0010000000474974513
117,0.963302731513977,0.20698405802249908,0.0010000000474974513
118,0.9541284441947937,0.1763593554496765,0.0010000000474974513
119,0.9357798099517822,0.23663993179798126,0.0010000000474974513
120,0.9266055226325989,0.2338709682226181,0.0010000000474974513
121,0.9357798099517822,0.20042406022548676,0.0010000000474974513
122,0.9174311757087708,0.24686232209205627,0.0010000000474974513
123,0.8899082541465759,0.23385395109653473,0.0010000000474974513
124,0.8623853325843811,0.34308382868766785,0.0010000000474974513
125,0.8807339668273926,0.358303427696228,0.0010000000474974513
126,0.853210985660553,0.36019212007522583,0.0010000000474974513
127,0.8807339668273926,0.2920236885547638,0.0010000000474974513
128,0.8715596199035645,0.2916654944419861,0.0010000000474974513
129,0.8990825414657593,0.25550058484077454,0.0010000000474974513
130,0.9082568883895874,0.22205975651741028,0.0010000000474974513
131,0.8990825414657593,0.2647802233695984,0.0010000000474974513
132,0.9449541568756104,0.20027028024196625,0.0010000000474974513
133,0.9357798099517822,0.22393816709518433,0.0010000000474974513
134,0.8990825414657593,0.25248104333877563,0.0010000000474974513
135,0.8715596199035645,0.29310086369514465,0.0010000000474974513
136,0.9449541568756104,0.1684618592262268,0.0010000000474974513
137,0.9449541568756104,0.18263965845108032,0.0010000000474974513
138,0.9266055226325989,0.20598821341991425,0.0010000000474974513
139,0.9266055226325989,0.20482274889945984,0.0010000000474974513
140,0.963302731513977,0.17305688560009003,0.0010000000474974513
141,0.9266055226325989,0.20633800327777863,0.0010000000474974513
142,0.9541284441947937,0.18263216316699982,0.0010000000474974513
143,0.9541284441947937,0.2097233384847641,0.0010000000474974513
144,0.9266055226325989,0.21932704746723175,0.0010000000474974513
145,0.9174311757087708,0.23528015613555908,0.0010000000474974513
146,0.8990825414657593,0.2898954153060913,0.0010000000474974513
147,0.9541284441947937,0.17754606902599335,0.0010000000474974513
148,0.9449541568756104,0.20784711837768555,0.0010000000474974513
149,0.9541284441947937,0.20834046602249146,0.0010000000474974513
150,0.9266055226325989,0.16160815954208374,0.0010000000474974513
151,0.9082568883895874,0.22373619675636292,0.0010000000474974513
152,0.8623853325843811,0.2445877641439438,0.0010000000474974513
153,0.9357798099517822,0.2113575041294098,0.0010000000474974513
154,0.9357798099517822,0.19365684688091278,0.0010000000474974513
155,0.9724770784378052,0.17824751138687134,0.0010000000474974513
156,0.9266055226325989,0.1964854598045349,0.0010000000474974513
157,0.9357798099517822,0.19283688068389893,0.0010000000474974513
158,0.8990825414657593,0.24537868797779083,0.0010000000474974513
159,0.9541284441947937,0.1647365689277649,0.0010000000474974513
160,0.9357798099517822,0.2009260356426239,0.0010000000474974513
161,0.9357798099517822,0.18729494512081146,0.0010000000474974513
162,0.9266055226325989,0.2009454369544983,0.0010000000474974513
163,0.9357798099517822,0.18518441915512085,0.0010000000474974513
164,0.9174311757087708,0.19567438960075378,0.0010000000474974513
165,0.9266055226325989,0.18449150025844574,0.0010000000474974513
166,0.9357798099517822,0.1908920705318451,0.0010000000474974513
167,0.9174311757087708,0.18019548058509827,0.0010000000474974513
168,0.9266055226325989,0.22862601280212402,0.0010000000474974513
169,0.963302731513977,0.17960676550865173,0.0010000000474974513
170,0.9449541568756104,0.1688077598810196,0.0010000000474974513
171,0.9724770784378052,0.14669877290725708,0.0010000000474974513
172,0.9449541568756104,0.17153456807136536,0.0010000000474974513
173,0.9082568883895874,0.2158096730709076,0.0010000000474974513
174,0.9541284441947937,0.1559794694185257,0.0010000000474974513
175,0.9449541568756104,0.18238621950149536,0.0010000000474974513
176,0.9449541568756104,0.17500200867652893,0.0010000000474974513
177,0.9724770784378052,0.149541974067688,0.0010000000474974513
178,0.963302731513977,0.14823397994041443,0.0010000000474974513
179,0.963302731513977,0.12205219268798828,0.0010000000474974513
180,0.9449541568756104,0.15071998536586761,0.0010000000474974513
181,0.963302731513977,0.1266649216413498,0.0010000000474974513
182,0.9266055226325989,0.15806058049201965,0.0010000000474974513
183,0.963302731513977,0.1374857872724533,0.0010000000474974513
184,0.9908257126808167,0.09491389989852905,0.0010000000474974513
185,0.963302731513977,0.14711934328079224,0.0010000000474974513
186,0.9816513657569885,0.09219621866941452,0.0010000000474974513
187,0.963302731513977,0.12019713968038559,0.0010000000474974513
188,0.8899082541465759,0.21539485454559326,0.0010000000474974513
189,0.8348624110221863,0.32217562198638916,0.0010000000474974513
190,0.8990825414657593,0.25486958026885986,0.0010000000474974513
191,0.9357798099517822,0.22235806286334991,0.0010000000474974513
192,0.963302731513977,0.1700962632894516,0.0010000000474974513
193,0.8715596199035645,0.32588741183280945,0.0010000000474974513
194,0.8623853325843811,0.28442952036857605,0.0010000000474974513
195,0.8807339668273926,0.2621269226074219,0.0010000000474974513
196,0.9816513657569885,0.13417327404022217,0.0010000000474974513
197,0.9449541568756104,0.15011338889598846,0.0010000000474974513
198,0.9449541568756104,0.17880995571613312,0.0010000000474974513
199,0.9541284441947937,0.14378933608531952,0.0010000000474974513
200,0.9724770784378052,0.12809064984321594,0.0010000000474974513
201,0.9816513657569885,0.1295836865901947,0.0010000000474974513
202,0.9174311757087708,0.207180917263031,0.0010000000474974513
203,0.9724770784378052,0.13172337412834167,0.0010000000474974513
204,0.9266055226325989,0.19996336102485657,0.0010000000474974513
205,0.9357798099517822,0.15954415500164032,0.0010000000474974513
206,0.9266055226325989,0.18892867863178253,0.0010000000474974513
207,0.8990825414657593,0.22685348987579346,0.0010000000474974513
208,0.963302731513977,0.16257232427597046,0.0010000000474974513
209,0.9724770784378052,0.14630624651908875,0.0010000000474974513
210,0.9724770784378052,0.12600933015346527,0.0010000000474974513
211,0.9541284441947937,0.17579001188278198,0.0010000000474974513
212,0.9174311757087708,0.1734350174665451,0.0010000000474974513
213,0.963302731513977,0.1218036487698555,0.0010000000474974513
214,0.9449541568756104,0.16016802191734314,0.0010000000474974513
215,0.9724770784378052,0.12814593315124512,0.0010000000474974513
216,0.9449541568756104,0.1296844333410263,0.0010000000474974513
217,0.9816513657569885,0.0888330414891243,0.0010000000474974513
218,0.9357798099517822,0.17688152194023132,0.0010000000474974513
219,0.9266055226325989,0.1855553388595581,0.0010000000474974513
220,0.9724770784378052,0.14995795488357544,0.0010000000474974513
221,0.9541284441947937,0.12318515032529831,0.0010000000474974513
222,0.9724770784378052,0.11095692962408066,0.0010000000474974513
223,0.9266055226325989,0.16474710404872894,0.0010000000474974513
224,0.9174311757087708,0.18879075348377228,0.0010000000474974513
225,0.9174311757087708,0.1616898477077484,0.0010000000474974513
226,0.9266055226325989,0.18252135813236237,0.0010000000474974513
227,0.9174311757087708,0.17359301447868347,0.0010000000474974513
228,0.9541284441947937,0.14692729711532593,0.0010000000474974513
229,0.9724770784378052,0.09701965749263763,0.0010000000474974513
230,0.9449541568756104,0.16574740409851074,0.0010000000474974513
231,0.9541284441947937,0.14469917118549347,0.0010000000474974513
232,0.9541284441947937,0.15998540818691254,0.0010000000474974513
233,0.9724770784378052,0.09408022463321686,0.0010000000474974513
234,0.9357798099517822,0.1897774487733841,0.0010000000474974513
235,0.9357798099517822,0.19128727912902832,0.0010000000474974513
236,0.9816513657569885,0.08065253496170044,0.0010000000474974513
237,1.0,0.06823651492595673,0.0010000000474974513
238,0.9541284441947937,0.10520677268505096,0.0010000000474974513
239,0.9816513657569885,0.08183330297470093,0.0010000000474974513
240,0.9816513657569885,0.0907498225569725,0.0010000000474974513
241,0.9724770784378052,0.10858805477619171,0.0010000000474974513
242,0.9724770784378052,0.10861533135175705,0.0010000000474974513
243,0.9816513657569885,0.1240372434258461,0.0010000000474974513
244,0.9908257126808167,0.07158316671848297,0.0010000000474974513
245,0.9816513657569885,0.10346167534589767,0.0010000000474974513
246,0.963302731513977,0.11285102367401123,0.0010000000474974513
247,0.9724770784378052,0.10013531148433685,0.0010000000474974513
248,0.9357798099517822,0.12311664968729019,0.0010000000474974513
249,0.963302731513977,0.11874905973672867,0.0010000000474974513
250,0.9816513657569885,0.09379619359970093,0.0010000000474974513
251,0.9449541568756104,0.17188280820846558,0.0010000000474974513
252,0.9816513657569885,0.08057648688554764,0.0010000000474974513
253,0.9266055226325989,0.18577376008033752,0.0010000000474974513
254,0.9449541568756104,0.13390730321407318,0.0010000000474974513
255,0.9357798099517822,0.18610484898090363,0.0010000000474974513
256,0.853210985660553,0.37542009353637695,0.0010000000474974513
257,0.8715596199035645,0.26219668984413147,0.0010000000474974513
258,0.8807339668273926,0.2557344138622284,0.0010000000474974513
259,0.8899082541465759,0.2075943797826767,0.0010000000474974513
260,0.963302731513977,0.1712585985660553,0.0010000000474974513
261,0.9816513657569885,0.10016213357448578,0.0010000000474974513
262,0.9908257126808167,0.08042225241661072,0.0010000000474974513
263,0.963302731513977,0.12758822739124298,0.0010000000474974513
264,0.9724770784378052,0.09296679496765137,0.0010000000474974513
265,0.9266055226325989,0.1547069549560547,0.0010000000474974513
266,0.9816513657569885,0.09017115831375122,0.0010000000474974513
267,0.9541284441947937,0.12462281435728073,0.0010000000474974513
268,0.9724770784378052,0.11452711373567581,0.0010000000474974513
269,0.9541284441947937,0.14121970534324646,0.0010000000474974513
270,0.9724770784378052,0.12741923332214355,0.0010000000474974513
271,0.9174311757087708,0.18412677943706512,0.0010000000474974513
272,0.9174311757087708,0.21489717066287994,0.0010000000474974513
273,0.9724770784378052,0.09349389374256134,0.0010000000474974513
274,0.9449541568756104,0.14368149638175964,0.0010000000474974513
275,0.9816513657569885,0.09481966495513916,0.0010000000474974513
276,0.963302731513977,0.14636901021003723,0.0010000000474974513
277,0.9724770784378052,0.09345883876085281,0.0010000000474974513
278,0.8899082541465759,0.2626313269138336,0.0010000000474974513
279,0.9724770784378052,0.09469251334667206,0.0010000000474974513
280,0.9174311757087708,0.21195590496063232,0.0010000000474974513
281,0.9449541568756104,0.13336074352264404,0.0010000000474974513
282,0.9266055226325989,0.1600065976381302,0.0010000000474974513
283,1.0,0.08062014728784561,0.0010000000474974513
284,0.9816513657569885,0.10125324130058289,0.0010000000474974513
285,0.9449541568756104,0.14872191846370697,0.0010000000474974513
286,0.9908257126808167,0.06717804819345474,0.0010000000474974513
287,0.9724770784378052,0.08341037482023239,0.0010000000474974513
288,0.9908257126808167,0.07607784867286682,0.0010000000474974513
289,0.9816513657569885,0.07783754914999008,0.0010000000474974513
290,1.0,0.05237293615937233,0.0010000000474974513
291,0.9908257126808167,0.056561313569545746,0.0010000000474974513
292,0.9908257126808167,0.10738441348075867,0.0010000000474974513
293,0.9449541568756104,0.16923022270202637,0.0010000000474974513
294,0.9816513657569885,0.0796755850315094,0.0010000000474974513
295,0.9724770784378052,0.10806330293416977,0.0010000000474974513
296,0.9724770784378052,0.12649209797382355,0.0010000000474974513
297,0.9541284441947937,0.12812761962413788,0.0010000000474974513
298,0.9816513657569885,0.065086230635643,0.0010000000474974513
299,0.9816513657569885,0.08512350171804428,0.0010000000474974513
300,0.9541284441947937,0.10668423771858215,0.0010000000474974513
301,0.9357798099517822,0.19317486882209778,0.0010000000474974513
302,0.9266055226325989,0.15593796968460083,0.0010000000474974513
303,0.9816513657569885,0.08597807586193085,0.0010000000474974513
304,0.9816513657569885,0.09556549787521362,0.0010000000474974513
305,0.9724770784378052,0.10592405498027802,0.0010000000474974513
306,1.0,0.0547521635890007,0.0010000000474974513
307,0.9908257126808167,0.06628479808568954,0.0010000000474974513
308,0.963302731513977,0.12447488307952881,0.0010000000474974513
309,0.9724770784378052,0.08709743618965149,0.0010000000474974513
310,0.9816513657569885,0.0658830925822258,0.0010000000474974513
311,1.0,0.05177757889032364,0.0010000000474974513
312,1.0,0.046766676008701324,0.0010000000474974513
313,0.963302731513977,0.1270769089460373,0.0010000000474974513
314,0.9541284441947937,0.10497491806745529,0.0010000000474974513
315,0.9724770784378052,0.08762821555137634,0.0010000000474974513
316,0.9541284441947937,0.13295450806617737,0.0010000000474974513
317,0.9449541568756104,0.14013713598251343,0.0010000000474974513
318,0.963302731513977,0.12269826978445053,0.0010000000474974513
319,0.9908257126808167,0.06696242839097977,0.0010000000474974513
320,0.9908257126808167,0.08586965501308441,0.0010000000474974513
321,0.9908257126808167,0.06476534903049469,0.0010000000474974513
322,0.9908257126808167,0.08405621349811554,0.0010000000474974513
323,0.9908257126808167,0.06514831632375717,0.0010000000474974513
324,0.9449541568756104,0.11628501117229462,0.0010000000474974513
325,0.9266055226325989,0.16749273240566254,0.0010000000474974513
326,0.9541284441947937,0.13455833494663239,0.0010000000474974513
327,0.9816513657569885,0.07880900055170059,0.0010000000474974513
328,0.9449541568756104,0.1461421251296997,0.0010000000474974513
329,0.9816513657569885,0.0690564513206482,0.0010000000474974513
330,0.9816513657569885,0.07916136085987091,0.0010000000474974513
331,0.9816513657569885,0.05259895324707031,0.0010000000474974513
332,1.0,0.05465058982372284,0.0010000000474974513
333,0.9724770784378052,0.07610451430082321,0.0010000000474974513
334,0.9816513657569885,0.07073736935853958,0.0010000000474974513
335,0.9724770784378052,0.0924806296825409,0.0010000000474974513
336,0.9816513657569885,0.05673302710056305,0.0010000000474974513
337,0.963302731513977,0.0964367464184761,0.0010000000474974513
338,0.9816513657569885,0.06725465506315231,0.0010000000474974513
339,0.9908257126808167,0.057715121656656265,0.0010000000474974513
340,0.9908257126808167,0.0363423116505146,0.0010000000474974513
341,0.9908257126808167,0.07184680551290512,0.0010000000474974513
342,0.9816513657569885,0.08134901523590088,0.0010000000474974513
343,0.9724770784378052,0.06321080774068832,0.0010000000474974513
344,0.9541284441947937,0.11122672259807587,0.0010000000474974513
345,0.9449541568756104,0.13470405340194702,0.0010000000474974513
346,0.9266055226325989,0.21308346092700958,0.0010000000474974513
347,0.9449541568756104,0.14549799263477325,0.0010000000474974513
348,0.9541284441947937,0.13263484835624695,0.0010000000474974513
349,0.9724770784378052,0.1053619384765625,0.0010000000474974513
350,0.9816513657569885,0.07336735725402832,0.0010000000474974513
351,0.9908257126808167,0.08281216770410538,0.0010000000474974513
352,0.9724770784378052,0.07964092493057251,0.0010000000474974513
353,0.963302731513977,0.0776335746049881,0.0010000000474974513
354,0.963302731513977,0.10282594710588455,0.0010000000474974513
355,0.9357798099517822,0.13190127909183502,0.0010000000474974513
356,0.9541284441947937,0.12613840401172638,0.0010000000474974513
357,0.9908257126808167,0.08224140107631683,0.0010000000474974513
358,0.963302731513977,0.08361230045557022,0.0010000000474974513
359,1.0,0.048991408199071884,0.0010000000474974513
360,0.9908257126808167,0.07804728299379349,0.0010000000474974513
361,0.9266055226325989,0.16783507168293,0.0010000000474974513
362,0.9541284441947937,0.16496650874614716,0.0010000000474974513
363,0.8715596199035645,0.30268430709838867,0.0010000000474974513
364,0.963302731513977,0.0926990881562233,0.0010000000474974513
365,0.9816513657569885,0.0814257338643074,0.0010000000474974513
366,0.9816513657569885,0.05859872326254845,0.0010000000474974513
367,0.9816513657569885,0.058467887341976166,0.0010000000474974513
368,0.963302731513977,0.08099070936441422,0.0010000000474974513
369,0.9908257126808167,0.05565379932522774,0.0010000000474974513
370,1.0,0.055726367980241776,0.0010000000474974513
371,1.0,0.047879211604595184,0.0010000000474974513
372,1.0,0.04034717381000519,0.0010000000474974513
373,1.0,0.05134067311882973,0.0010000000474974513
374,0.9816513657569885,0.06216463819146156,0.0010000000474974513
375,0.9816513657569885,0.07724703848361969,0.0010000000474974513
376,0.9541284441947937,0.09529809653759003,0.0010000000474974513
377,1.0,0.06137828156352043,0.0010000000474974513
378,0.9908257126808167,0.05271969363093376,0.0010000000474974513
379,1.0,0.026425112038850784,0.0010000000474974513
380,0.9541284441947937,0.12946268916130066,0.0010000000474974513
381,0.963302731513977,0.10233991593122482,0.0010000000474974513
382,0.9816513657569885,0.07239405810832977,0.0010000000474974513
383,0.9908257126808167,0.0541195385158062,0.0010000000474974513
384,0.9816513657569885,0.05796806886792183,0.0010000000474974513
385,0.9908257126808167,0.057369034737348557,0.0010000000474974513
386,0.9724770784378052,0.08634442090988159,0.0010000000474974513
387,0.9724770784378052,0.07214496284723282,0.0010000000474974513
388,1.0,0.06514250487089157,0.0010000000474974513
389,0.9724770784378052,0.07167137414216995,0.0010000000474974513
390,1.0,0.035483527928590775,0.0010000000474974513
391,0.9816513657569885,0.07182608544826508,0.0010000000474974513
392,0.9541284441947937,0.10540734231472015,0.0010000000474974513
393,0.963302731513977,0.06520702689886093,0.0010000000474974513
394,1.0,0.025633852928876877,0.0010000000474974513
395,0.9908257126808167,0.03961776942014694,0.0010000000474974513
396,0.9908257126808167,0.0645870491862297,0.0010000000474974513
397,1.0,0.029033131897449493,0.0010000000474974513
398,0.9908257126808167,0.04136103019118309,0.0010000000474974513
399,0.9908257126808167,0.04192613810300827,0.0010000000474974513
400,0.963302731513977,0.11376871168613434,0.0010000000474974513
401,0.9541284441947937,0.10547902435064316,0.0010000000474974513
402,0.963302731513977,0.13233479857444763,0.0010000000474974513
403,0.9449541568756104,0.15068328380584717,0.0010000000474974513
404,0.9266055226325989,0.16969521343708038,0.0010000000474974513
405,0.9816513657569885,0.08247421681880951,0.0010000000474974513
406,0.9816513657569885,0.08163583278656006,0.0010000000474974513
407,0.9816513657569885,0.0697031170129776,0.0010000000474974513
408,0.9724770784378052,0.08531217277050018,0.0010000000474974513
409,0.963302731513977,0.08955635130405426,0.0010000000474974513
410,0.9724770784378052,0.07005896419286728,0.0010000000474974513
411,1.0,0.04067276045680046,0.0010000000474974513
412,0.9908257126808167,0.037862204015254974,0.0010000000474974513
413,1.0,0.029550811275839806,0.0010000000474974513
414,1.0,0.03974566236138344,0.0010000000474974513
415,0.9908257126808167,0.0499996580183506,0.0010000000474974513
416,0.9541284441947937,0.09766940772533417,0.0010000000474974513
417,1.0,0.03510231152176857,0.0010000000474974513
418,0.9724770784378052,0.10314425826072693,0.0010000000474974513
419,0.9816513657569885,0.06945047527551651,0.0010000000474974513
420,0.9724770784378052,0.07327869534492493,0.0010000000474974513
421,1.0,0.04114049673080444,0.0010000000474974513
422,0.9816513657569885,0.05867008864879608,0.0010000000474974513
423,0.9174311757087708,0.15653342008590698,0.0010000000474974513
424,0.9816513657569885,0.06929090619087219,0.0010000000474974513
425,1.0,0.04428216814994812,0.0010000000474974513
426,0.9816513657569885,0.08550551533699036,0.0010000000474974513
427,1.0,0.03669815883040428,0.0010000000474974513
428,1.0,0.04857330769300461,0.0010000000474974513
429,1.0,0.030048074200749397,0.0010000000474974513
430,1.0,0.022025369107723236,0.0010000000474974513
431,0.9908257126808167,0.047704361379146576,0.0010000000474974513
432,1.0,0.031711045652627945,0.0010000000474974513
433,0.9908257126808167,0.040221698582172394,0.0010000000474974513
434,0.9541284441947937,0.07433679699897766,0.0010000000474974513
435,0.963302731513977,0.10240224748849869,0.0010000000474974513
436,0.9724770784378052,0.09227746725082397,0.0010000000474974513
437,0.9724770784378052,0.06433232873678207,0.0010000000474974513
438,0.9816513657569885,0.10019993782043457,0.0010000000474974513
439,0.9724770784378052,0.07125695049762726,0.0010000000474974513
440,0.9541284441947937,0.09901595860719681,0.0010000000474974513
441,0.9724770784378052,0.07960234582424164,0.0010000000474974513
442,0.963302731513977,0.10405895859003067,0.0010000000474974513
443,0.9724770784378052,0.07605535537004471,0.0010000000474974513
444,0.9724770784378052,0.07580821216106415,0.0010000000474974513
445,0.963302731513977,0.08002705872058868,0.0010000000474974513
446,0.9449541568756104,0.12828150391578674,0.0010000000474974513
447,0.9724770784378052,0.1029592901468277,0.0010000000474974513
448,0.963302731513977,0.09768364578485489,0.0010000000474974513
449,0.9908257126808167,0.05301310867071152,0.0010000000474974513
450,0.9449541568756104,0.15971408784389496,0.0010000000474974513
451,0.9266055226325989,0.20543694496154785,0.0010000000474974513
452,0.9724770784378052,0.10967552661895752,0.0010000000474974513
453,0.963302731513977,0.09628071635961533,0.0010000000474974513
454,0.9541284441947937,0.1348724663257599,0.0010000000474974513
455,0.963302731513977,0.1227591261267662,0.0010000000474974513
456,0.963302731513977,0.09138613194227219,0.0010000000474974513
457,0.9816513657569885,0.08517283946275711,0.0010000000474974513
458,0.9541284441947937,0.08553293347358704,0.0010000000474974513
459,0.9724770784378052,0.07884704321622849,0.0010000000474974513
460,0.9816513657569885,0.07101056724786758,0.0010000000474974513
461,0.9816513657569885,0.06990675628185272,0.0010000000474974513
462,0.9908257126808167,0.03736972436308861,0.0010000000474974513
463,0.9908257126808167,0.05050680786371231,0.0010000000474974513
464,0.9908257126808167,0.055214181542396545,0.0010000000474974513
465,1.0,0.03425635024905205,0.0010000000474974513
466,1.0,0.02828940935432911,0.0010000000474974513
467,1.0,0.04335760325193405,0.0010000000474974513
468,0.9908257126808167,0.025550656020641327,0.0010000000474974513
469,0.9816513657569885,0.06615331023931503,0.0010000000474974513
470,1.0,0.036524903029203415,0.0010000000474974513
471,1.0,0.05046319589018822,0.0010000000474974513
472,1.0,0.018955402076244354,0.0010000000474974513
473,1.0,0.034276366233825684,0.0010000000474974513
474,0.9908257126808167,0.0389484167098999,0.0010000000474974513
475,1.0,0.0463285855948925,0.0010000000474974513
476,1.0,0.016379065811634064,0.0010000000474974513
477,1.0,0.01810918003320694,0.0010000000474974513
478,0.9816513657569885,0.04829112067818642,0.0010000000474974513
479,0.9357798099517822,0.15992313623428345,0.0010000000474974513
480,0.9541284441947937,0.12670902907848358,0.0010000000474974513
481,0.9816513657569885,0.08146897703409195,0.0010000000474974513
482,0.963302731513977,0.10216070711612701,0.0010000000474974513
483,0.963302731513977,0.07720758020877838,0.0010000000474974513
484,0.9908257126808167,0.05066433176398277,0.0010000000474974513
485,0.9816513657569885,0.046835798770189285,0.0010000000474974513
486,0.9816513657569885,0.05279341712594032,0.0010000000474974513
487,0.9816513657569885,0.09420938044786453,0.0010000000474974513
488,0.9908257126808167,0.048055026680231094,0.0010000000474974513
489,0.9541284441947937,0.10409264266490936,0.0010000000474974513
490,1.0,0.03185495361685753,0.0010000000474974513
491,1.0,0.039964720606803894,0.0010000000474974513
492,0.963302731513977,0.09138302505016327,0.0010000000474974513
493,0.9908257126808167,0.05371502414345741,0.0010000000474974513
494,0.9724770784378052,0.07647091150283813,0.0010000000474974513
495,0.9816513657569885,0.061922382563352585,0.0010000000474974513
496,0.963302731513977,0.08877608925104141,0.0010000000474974513
497,0.9724770784378052,0.07921057194471359,0.0010000000474974513
498,0.9908257126808167,0.07698245346546173,0.0010000000474974513
499,0.9541284441947937,0.1344737410545349,0.0010000000474974513
500,0.9541284441947937,0.11146635562181473,0.0010000000474974513
501,0.9908257126808167,0.05399930849671364,0.0010000000474974513
502,1.0,0.027567122131586075,0.0010000000474974513
503,1.0,0.03608128800988197,0.0010000000474974513
504,1.0,0.045859482139348984,0.0010000000474974513
505,1.0,0.02117328904569149,0.0010000000474974513
506,0.9908257126808167,0.04827843979001045,0.0010000000474974513
507,1.0,0.036623433232307434,0.0010000000474974513
508,0.9724770784378052,0.08017116785049438,0.0010000000474974513
509,0.9908257126808167,0.052341315895318985,0.0010000000474974513
510,1.0,0.032966893166303635,0.0010000000474974513
511,0.9816513657569885,0.05108507722616196,0.0010000000474974513
512,1.0,0.04133448004722595,0.0010000000474974513
513,0.9449541568756104,0.16263040900230408,0.0010000000474974513
514,0.9541284441947937,0.1052754744887352,0.0010000000474974513
515,0.9357798099517822,0.14148619771003723,0.0010000000474974513
516,0.9908257126808167,0.06738092005252838,0.0010000000474974513
517,0.9724770784378052,0.095371313393116,0.0010000000474974513
518,0.963302731513977,0.08597055822610855,0.0010000000474974513
519,1.0,0.03900259733200073,0.0010000000474974513
520,0.963302731513977,0.08982226252555847,0.0010000000474974513
521,0.963302731513977,0.07857684791088104,0.0010000000474974513
522,0.9082568883895874,0.15541554987430573,0.0010000000474974513
523,0.9174311757087708,0.2814670503139496,0.0010000000474974513
524,0.9816513657569885,0.08994066715240479,0.0010000000474974513
525,0.9449541568756104,0.13886921107769012,0.0010000000474974513
526,0.9724770784378052,0.08803953975439072,0.0010000000474974513
527,0.9816513657569885,0.08318769186735153,0.0005000000237487257
528,1.0,0.03242752328515053,0.0005000000237487257
529,1.0,0.041336242109537125,0.0005000000237487257
530,0.9908257126808167,0.039001986384391785,0.0005000000237487257
531,0.9908257126808167,0.06748073548078537,0.0005000000237487257
532,1.0,0.039547037333250046,0.0005000000237487257
533,1.0,0.04402231425046921,0.0005000000237487257
534,0.9816513657569885,0.05798353999853134,0.0005000000237487257
535,0.9357798099517822,0.11139240860939026,0.0005000000237487257
536,0.9908257126808167,0.03728180378675461,0.0005000000237487257
537,1.0,0.028953175991773605,0.0005000000237487257
538,1.0,0.02407856099307537,0.0005000000237487257
539,0.9816513657569885,0.053819917142391205,0.0005000000237487257
540,1.0,0.02012896165251732,0.0005000000237487257
541,1.0,0.02228517457842827,0.0005000000237487257
542,1.0,0.02820366434752941,0.0005000000237487257
543,1.0,0.01629132777452469,0.0005000000237487257
544,1.0,0.023370765149593353,0.0005000000237487257
545,1.0,0.014528734609484673,0.0005000000237487257
546,1.0,0.010537873022258282,0.0005000000237487257
547,1.0,0.021960079669952393,0.0005000000237487257
548,1.0,0.012745575048029423,0.0005000000237487257
549,1.0,0.017253125086426735,0.0005000000237487257
550,1.0,0.02315538376569748,0.0005000000237487257
551,1.0,0.029421543702483177,0.0005000000237487257
552,1.0,0.032493267208337784,0.0005000000237487257
553,1.0,0.013572212308645248,0.0005000000237487257
554,1.0,0.008554178290069103,0.0005000000237487257
555,1.0,0.01621817797422409,0.0005000000237487257
556,1.0,0.01766698621213436,0.0005000000237487257
557,1.0,0.016861161217093468,0.0005000000237487257
558,1.0,0.013646108098328114,0.0005000000237487257
559,0.9908257126808167,0.02695474773645401,0.0005000000237487257
560,0.9908257126808167,0.04677222669124603,0.0005000000237487257
561,1.0,0.024102164432406425,0.0005000000237487257
562,1.0,0.01630847528576851,0.0005000000237487257
563,1.0,0.010773368179798126,0.0005000000237487257
564,1.0,0.011518878862261772,0.0005000000237487257
565,1.0,0.009796416386961937,0.0005000000237487257
566,1.0,0.009254299104213715,0.0005000000237487257
567,1.0,0.009504672139883041,0.0005000000237487257
568,1.0,0.012252045795321465,0.0005000000237487257
569,1.0,0.00809468887746334,0.0005000000237487257
570,1.0,0.007739966735243797,0.0005000000237487257
571,1.0,0.007941188290715218,0.0005000000237487257
572,1.0,0.021008362993597984,0.0005000000237487257
573,0.9908257126808167,0.02651378884911537,0.0005000000237487257
574,1.0,0.03423218056559563,0.0005000000237487257
575,1.0,0.03386417403817177,0.0005000000237487257
576,0.9908257126808167,0.04190407320857048,0.0005000000237487257
577,0.9908257126808167,0.038276489824056625,0.0005000000237487257
578,0.9908257126808167,0.045669082552194595,0.0005000000237487257
579,1.0,0.031551968306303024,0.0005000000237487257
580,1.0,0.031698159873485565,0.0005000000237487257
581,1.0,0.01018206775188446,0.0005000000237487257
582,1.0,0.013997974805533886,0.0005000000237487257
583,1.0,0.009959448128938675,0.0005000000237487257
584,1.0,0.029794011265039444,0.0005000000237487257
585,1.0,0.008459020406007767,0.0005000000237487257
586,1.0,0.016160981729626656,0.0005000000237487257
587,0.9541284441947937,0.09819011390209198,0.0005000000237487257
588,1.0,0.020146651193499565,0.0005000000237487257
589,0.9908257126808167,0.03942135348916054,0.0005000000237487257
590,0.9816513657569885,0.05426490679383278,0.0005000000237487257
591,0.9449541568756104,0.09181924164295197,0.0005000000237487257
592,0.9908257126808167,0.053180042654275894,0.0005000000237487257
593,0.963302731513977,0.05342736467719078,0.0005000000237487257
594,1.0,0.0200693067163229,0.0005000000237487257
595,1.0,0.020933587104082108,0.0005000000237487257
596,1.0,0.019676122814416885,0.0005000000237487257
597,1.0,0.012080980464816093,0.0005000000237487257
598,1.0,0.00812116451561451,0.0005000000237487257
599,1.0,0.024073131382465363,0.0005000000237487257
600,1.0,0.01250674668699503,0.0005000000237487257
601,1.0,0.0220277588814497,0.0005000000237487257
602,1.0,0.009054308757185936,0.0005000000237487257
603,1.0,0.012705434113740921,0.0005000000237487257
604,1.0,0.019937211647629738,0.0005000000237487257
605,1.0,0.0072896662168204784,0.0005000000237487257
606,1.0,0.021442655473947525,0.0005000000237487257
607,1.0,0.014133530668914318,0.0005000000237487257
608,1.0,0.01098763756453991,0.0005000000237487257
609,1.0,0.013723539188504219,0.0005000000237487257
610,1.0,0.011326128616929054,0.0005000000237487257
611,1.0,0.04809289425611496,0.0005000000237487257
612,0.9908257126808167,0.0343543142080307,0.0005000000237487257
613,1.0,0.0413527637720108,0.0005000000237487257
614,1.0,0.020144470036029816,0.0005000000237487257
615,0.9816513657569885,0.05044666305184364,0.0005000000237487257
616,1.0,0.06555058807134628,0.0005000000237487257
617,1.0,0.016892313957214355,0.0005000000237487257
618,1.0,0.01397189311683178,0.0005000000237487257
619,1.0,0.01971491053700447,0.0005000000237487257
620,1.0,0.010450010187923908,0.0005000000237487257
621,1.0,0.01987714134156704,0.0005000000237487257
622,1.0,0.013125748373568058,0.0005000000237487257
623,1.0,0.011503860354423523,0.0005000000237487257
624,1.0,0.011556796729564667,0.0005000000237487257
625,0.9908257126808167,0.02953992411494255,0.0005000000237487257
626,0.9908257126808167,0.04457361251115799,0.0005000000237487257
627,1.0,0.0252300426363945,0.0005000000237487257
628,1.0,0.01206095702946186,0.0005000000237487257
629,1.0,0.016275152564048767,0.0005000000237487257
630,1.0,0.012915285304188728,0.0005000000237487257
631,1.0,0.010811341926455498,0.0005000000237487257
632,1.0,0.021532204002141953,0.0005000000237487257
633,1.0,0.013267301954329014,0.0005000000237487257
634,1.0,0.012915540486574173,0.0005000000237487257
635,1.0,0.011650382541120052,0.0005000000237487257
636,1.0,0.01610758528113365,0.0005000000237487257
637,1.0,0.005522063933312893,0.0005000000237487257
638,1.0,0.00977411586791277,0.0005000000237487257
639,1.0,0.008606599643826485,0.0005000000237487257
640,1.0,0.008455927483737469,0.0005000000237487257
641,1.0,0.008807268925011158,0.0005000000237487257
642,1.0,0.010637860745191574,0.0005000000237487257
643,1.0,0.01399530004709959,0.0005000000237487257
644,1.0,0.01735914684832096,0.0005000000237487257
645,1.0,0.004994919989258051,0.0005000000237487257
646,1.0,0.027121378108859062,0.0005000000237487257
647,1.0,0.025680549442768097,0.0005000000237487257
648,1.0,0.014656086452305317,0.0005000000237487257
649,1.0,0.008309801109135151,0.0005000000237487257
650,0.9908257126808167,0.04628199338912964,0.0005000000237487257
651,1.0,0.0244470052421093,0.0005000000237487257
652,0.9908257126808167,0.042038217186927795,0.0005000000237487257
653,0.9174311757087708,0.11928022652864456,0.0005000000237487257
654,0.9724770784378052,0.06275761127471924,0.0005000000237487257
655,0.9449541568756104,0.11900665611028671,0.0005000000237487257
656,0.9816513657569885,0.07653368264436722,0.0005000000237487257
657,0.9816513657569885,0.046955451369285583,0.0005000000237487257
658,1.0,0.030027756467461586,0.0005000000237487257
659,0.9724770784378052,0.06148848310112953,0.0005000000237487257
660,0.9816513657569885,0.042763110250234604,0.0005000000237487257
661,1.0,0.014621050097048283,0.0005000000237487257
662,1.0,0.021023400127887726,0.0005000000237487257
663,1.0,0.014937689527869225,0.0005000000237487257
664,1.0,0.011506031267344952,0.0005000000237487257
665,1.0,0.009495014324784279,0.0005000000237487257
666,1.0,0.016026785597205162,0.0005000000237487257
667,1.0,0.019552774727344513,0.0005000000237487257
668,1.0,0.009282258339226246,0.0005000000237487257
669,1.0,0.018952718004584312,0.0005000000237487257
670,1.0,0.00466114329174161,0.0005000000237487257
671,0.9908257126808167,0.022914672270417213,0.0005000000237487257
672,1.0,0.016907671466469765,0.0005000000237487257
673,0.9908257126808167,0.024247925728559494,0.0005000000237487257
674,1.0,0.008821839466691017,0.0005000000237487257
675,1.0,0.023508070036768913,0.0005000000237487257
676,1.0,0.01574011519551277,0.0005000000237487257
677,0.9908257126808167,0.025012409314513206,0.0005000000237487257
678,1.0,0.016820190474390984,0.0005000000237487257
679,1.0,0.01244381070137024,0.0005000000237487257
680,1.0,0.02774110995233059,0.0005000000237487257
681,1.0,0.008241960778832436,0.0005000000237487257
682,1.0,0.018028898164629936,0.0005000000237487257
683,1.0,0.015287318266928196,0.0005000000237487257
684,1.0,0.03833731636404991,0.0005000000237487257
685,1.0,0.02196321077644825,0.0005000000237487257
686,1.0,0.011995309963822365,0.0005000000237487257
687,1.0,0.01267638336867094,0.0005000000237487257
688,1.0,0.007363621145486832,0.0005000000237487257
689,1.0,0.03024640679359436,0.0005000000237487257
690,1.0,0.014751852490007877,0.0005000000237487257
691,0.9816513657569885,0.06637223064899445,0.0005000000237487257
692,0.9908257126808167,0.0443960577249527,0.0005000000237487257
693,0.9816513657569885,0.059487778693437576,0.0005000000237487257
694,1.0,0.015317271463572979,0.0005000000237487257
695,1.0,0.01923477277159691,0.0005000000237487257
696,1.0,0.012002196162939072,0.0005000000237487257
697,1.0,0.024918505921959877,0.0005000000237487257
698,1.0,0.008264526724815369,0.0005000000237487257
699,1.0,0.017302731052041054,0.0005000000237487257
700,1.0,0.009622330777347088,0.0005000000237487257
701,1.0,0.006254351697862148,0.0005000000237487257
702,0.9908257126808167,0.03136399760842323,0.0005000000237487257
703,1.0,0.011145928874611855,0.0005000000237487257
704,1.0,0.033477459102869034,0.0005000000237487257
705,1.0,0.018064353615045547,0.0005000000237487257
706,1.0,0.007302847690880299,0.0005000000237487257
707,0.9908257126808167,0.02388506568968296,0.0005000000237487257
708,1.0,0.025845130905508995,0.0005000000237487257
709,1.0,0.01805371791124344,0.0005000000237487257
710,1.0,0.02091461792588234,0.0005000000237487257
711,1.0,0.010916437953710556,0.0005000000237487257
712,1.0,0.053141798824071884,0.0005000000237487257
713,1.0,0.0201617032289505,0.0005000000237487257
714,1.0,0.011150048114359379,0.0005000000237487257
715,1.0,0.011875265277922153,0.0005000000237487257
716,1.0,0.0051935031078755856,0.0005000000237487257
717,1.0,0.0064940741285681725,0.0005000000237487257
718,1.0,0.024787046015262604,0.0005000000237487257
719,0.9816513657569885,0.03826402500271797,0.0005000000237487257
720,1.0,0.02638368494808674,0.0005000000237487257
721,0.9908257126808167,0.046236585825681686,0.0002500000118743628
722,1.0,0.006525834556668997,0.0002500000118743628
723,1.0,0.021079273894429207,0.0002500000118743628
724,1.0,0.009141470305621624,0.0002500000118743628
725,1.0,0.016543349251151085,0.0002500000118743628
726,1.0,0.0038728241343051195,0.0002500000118743628
727,1.0,0.017802225425839424,0.0002500000118743628
728,1.0,0.007924146950244904,0.0002500000118743628
729,1.0,0.0038836169987916946,0.0002500000118743628
730,1.0,0.015084154903888702,0.0002500000118743628
731,1.0,0.012304652482271194,0.0002500000118743628
732,1.0,0.005030714441090822,0.0002500000118743628
733,1.0,0.012421621941030025,0.0002500000118743628
734,1.0,0.008440838195383549,0.0002500000118743628
735,1.0,0.003784489119425416,0.0002500000118743628
736,1.0,0.004560785833746195,0.0002500000118743628
737,1.0,0.00967231672257185,0.0002500000118743628
738,1.0,0.006285172421485186,0.0002500000118743628
739,1.0,0.0039016592781990767,0.0002500000118743628
740,1.0,0.0038297902792692184,0.0002500000118743628
741,1.0,0.021516164764761925,0.0002500000118743628
742,1.0,0.010019252076745033,0.0002500000118743628
743,1.0,0.007083353586494923,0.0002500000118743628
744,1.0,0.0028219930827617645,0.0002500000118743628
745,1.0,0.02420923113822937,0.0002500000118743628
746,1.0,0.003710811724886298,0.0002500000118743628
747,1.0,0.007059389725327492,0.0002500000118743628
748,1.0,0.007729339879006147,0.0002500000118743628
749,1.0,0.00466220872476697,0.0002500000118743628
750,1.0,0.0068491920828819275,0.0002500000118743628
751,1.0,0.004313949961215258,0.0002500000118743628
752,1.0,0.0058281682431697845,0.0002500000118743628
753,1.0,0.006628788076341152,0.0002500000118743628
754,1.0,0.014268907718360424,0.0002500000118743628
755,1.0,0.0068781436420977116,0.0002500000118743628
756,1.0,0.002951305825263262,0.0002500000118743628
757,1.0,0.018273867666721344,0.0002500000118743628
758,1.0,0.006461278069764376,0.0002500000118743628
759,1.0,0.0033490529749542475,0.0002500000118743628
760,1.0,0.006077834405004978,0.0002500000118743628
761,1.0,0.004677059128880501,0.0002500000118743628
762,1.0,0.005202890373766422,0.0002500000118743628
763,1.0,0.003257149364799261,0.0002500000118743628
764,1.0,0.007031556684523821,0.0002500000118743628
765,1.0,0.011754573322832584,0.0002500000118743628
766,1.0,0.008973272517323494,0.0002500000118743628
767,1.0,0.008406943641602993,0.0002500000118743628
768,1.0,0.005864294711500406,0.0002500000118743628
769,1.0,0.0027401591651141644,0.0002500000118743628
770,1.0,0.004478028975427151,0.0002500000118743628
771,1.0,0.0020307383965700865,0.0002500000118743628
772,1.0,0.0029690121300518513,0.0002500000118743628
773,1.0,0.002469821600243449,0.0002500000118743628
774,1.0,0.00999146793037653,0.0002500000118743628
775,1.0,0.004373740870505571,0.0002500000118743628
776,1.0,0.00712180882692337,0.0002500000118743628
777,1.0,0.005200388375669718,0.0002500000118743628
778,1.0,0.013627310283482075,0.0002500000118743628
779,1.0,0.0165557898581028,0.0002500000118743628
780,0.9908257126808167,0.01729802042245865,0.0002500000118743628
781,0.9908257126808167,0.014083818532526493,0.0002500000118743628
782,1.0,0.007473059929907322,0.0002500000118743628
783,1.0,0.006695298012346029,0.0002500000118743628
784,1.0,0.003341168398037553,0.0002500000118743628
785,1.0,0.010531257838010788,0.0002500000118743628
786,1.0,0.005295788403600454,0.0002500000118743628
787,1.0,0.006727334577590227,0.0002500000118743628
788,1.0,0.01076701283454895,0.0002500000118743628
789,1.0,0.008312828838825226,0.0002500000118743628
790,1.0,0.006293498910963535,0.0002500000118743628
791,1.0,0.011279024183750153,0.0002500000118743628
792,1.0,0.00495101697742939,0.0002500000118743628
793,1.0,0.009779078885912895,0.0002500000118743628
794,1.0,0.008810846135020256,0.0002500000118743628
795,1.0,0.003810546826571226,0.0002500000118743628
796,1.0,0.014384303241968155,0.0002500000118743628
797,1.0,0.004304453730583191,0.0002500000118743628
798,1.0,0.01238291896879673,0.0002500000118743628
799,1.0,0.006422951817512512,0.0002500000118743628
800,1.0,0.008526510559022427,0.0002500000118743628
801,1.0,0.0039485846646130085,0.0002500000118743628
802,1.0,0.0031728139147162437,0.0002500000118743628
803,1.0,0.0033965634647756815,0.0002500000118743628
804,1.0,0.004826183896511793,0.0002500000118743628
805,1.0,0.0040326607413589954,0.0002500000118743628
806,1.0,0.004396883770823479,0.0002500000118743628
807,1.0,0.003772409399971366,0.0002500000118743628
808,1.0,0.0053845965303480625,0.0002500000118743628
809,1.0,0.015232191421091557,0.0002500000118743628
810,1.0,0.005880339071154594,0.0002500000118743628
811,1.0,0.010006469674408436,0.0002500000118743628
812,1.0,0.010122853331267834,0.0002500000118743628
813,1.0,0.012326233088970184,0.0002500000118743628
814,1.0,0.0024975549895316362,0.0002500000118743628
815,1.0,0.00826756376773119,0.0002500000118743628
816,1.0,0.003134010825306177,0.0002500000118743628
817,1.0,0.028948405757546425,0.0002500000118743628
818,1.0,0.015754586085677147,0.0002500000118743628
819,1.0,0.012302896939218044,0.0002500000118743628
820,1.0,0.010881954804062843,0.0002500000118743628
821,1.0,0.00626232149079442,0.0002500000118743628
822,1.0,0.004804510623216629,0.0001250000059371814
823,1.0,0.003747279290109873,0.0001250000059371814
824,1.0,0.006723224185407162,0.0001250000059371814
825,1.0,0.005185932852327824,0.0001250000059371814
826,1.0,0.0077232071198523045,0.0001250000059371814
827,1.0,0.029714172706007957,0.0001250000059371814
828,1.0,0.005102711729705334,0.0001250000059371814
829,1.0,0.014674768783152103,0.0001250000059371814
830,1.0,0.005064097233116627,0.0001250000059371814
831,1.0,0.004902740474790335,0.0001250000059371814
832,1.0,0.017936477437615395,0.0001250000059371814
833,1.0,0.012230074033141136,0.0001250000059371814
834,1.0,0.009584316052496433,0.0001250000059371814
835,1.0,0.005489009898155928,0.0001250000059371814
836,1.0,0.0060589732602238655,0.0001250000059371814
837,1.0,0.0043244571425020695,0.0001250000059371814
838,1.0,0.003332243300974369,0.0001250000059371814
839,1.0,0.0030741863884031773,0.0001250000059371814
840,1.0,0.011566015891730785,0.0001250000059371814
841,1.0,0.008452063426375389,0.0001250000059371814
842,1.0,0.005415306892246008,0.0001250000059371814
843,1.0,0.002310149371623993,0.0001250000059371814
844,1.0,0.00396215682849288,0.0001250000059371814
845,1.0,0.005340453702956438,0.0001250000059371814
846,1.0,0.0033024554140865803,0.0001250000059371814
847,1.0,0.004102602135390043,0.0001250000059371814
848,1.0,0.004133075010031462,0.0001250000059371814
849,1.0,0.01046913955360651,0.0001250000059371814
850,1.0,0.006969859823584557,0.0001250000059371814
851,1.0,0.003836197778582573,0.0001250000059371814
852,1.0,0.010731496848165989,0.0001250000059371814
853,1.0,0.006067595910280943,0.0001250000059371814
854,1.0,0.004093448631465435,0.0001250000059371814
855,1.0,0.0029140866827219725,0.0001250000059371814
856,1.0,0.0027063176967203617,0.0001250000059371814
857,1.0,0.0026929317973554134,0.0001250000059371814
858,1.0,0.00817594863474369,0.0001250000059371814
859,1.0,0.0024514999240636826,0.0001250000059371814
860,1.0,0.0032055929768830538,0.0001250000059371814
861,1.0,0.0035907842684537172,0.0001250000059371814
862,1.0,0.003395413514226675,0.0001250000059371814
863,1.0,0.006805212702602148,0.0001250000059371814
864,1.0,0.006789047736674547,0.0001250000059371814
865,1.0,0.006367714609950781,0.0001250000059371814
866,1.0,0.005963539704680443,0.0001250000059371814
867,1.0,0.0062670353800058365,0.0001250000059371814
868,1.0,0.014876065775752068,0.0001250000059371814
869,1.0,0.008284279145300388,0.0001250000059371814
870,1.0,0.003882417920976877,0.0001250000059371814
871,1.0,0.008162880316376686,0.0001250000059371814
872,1.0,0.004796475637704134,9.999999747378752e-05
873,1.0,0.029940342530608177,9.999999747378752e-05
874,1.0,0.004740248434245586,9.999999747378752e-05
875,1.0,0.0031932357233017683,9.999999747378752e-05
876,1.0,0.006304402835667133,9.999999747378752e-05
877,1.0,0.006372404284775257,9.999999747378752e-05
878,1.0,0.0041931262239813805,9.999999747378752e-05
879,1.0,0.008522327058017254,9.999999747378752e-05
880,0.9908257126808167,0.018900010734796524,9.999999747378752e-05
881,1.0,0.009361062198877335,9.999999747378752e-05
882,1.0,0.005611316300928593,9.999999747378752e-05
883,1.0,0.004389727022498846,9.999999747378752e-05
884,1.0,0.006765298545360565,9.999999747378752e-05
885,1.0,0.003318594768643379,9.999999747378752e-05
886,1.0,0.010005672462284565,9.999999747378752e-05
887,1.0,0.004227443132549524,9.999999747378752e-05
888,1.0,0.008109180256724358,9.999999747378752e-05
889,1.0,0.003911403473466635,9.999999747378752e-05
890,1.0,0.006282650865614414,9.999999747378752e-05
891,1.0,0.003541884943842888,9.999999747378752e-05
892,1.0,0.003465526970103383,9.999999747378752e-05
893,1.0,0.00536775216460228,9.999999747378752e-05
894,1.0,0.002956745447590947,9.999999747378752e-05
895,1.0,0.013573722913861275,9.999999747378752e-05
896,1.0,0.002348604379221797,9.999999747378752e-05
897,1.0,0.0020252636168152094,9.999999747378752e-05
898,1.0,0.01547767873853445,9.999999747378752e-05
899,1.0,0.004299220163375139,9.999999747378752e-05
900,1.0,0.0035404872614890337,9.999999747378752e-05
901,1.0,0.006243008654564619,9.999999747378752e-05
902,1.0,0.0033789777662605047,9.999999747378752e-05
903,1.0,0.003933273255825043,9.999999747378752e-05
904,1.0,0.004691057838499546,9.999999747378752e-05
905,1.0,0.003898999188095331,9.999999747378752e-05
906,1.0,0.005931675434112549,9.999999747378752e-05
907,1.0,0.010030177421867847,9.999999747378752e-05
908,1.0,0.001974209677428007,9.999999747378752e-05
909,1.0,0.00283691450022161,9.999999747378752e-05
910,1.0,0.002371162408962846,9.999999747378752e-05
911,1.0,0.003148674964904785,9.999999747378752e-05
912,1.0,0.0035361642949283123,9.999999747378752e-05
913,1.0,0.004669456742703915,9.999999747378752e-05
914,1.0,0.008906672708690166,9.999999747378752e-05
915,1.0,0.004657946061342955,9.999999747378752e-05
916,1.0,0.003271890338510275,9.999999747378752e-05
917,1.0,0.0020792768336832523,9.999999747378752e-05
918,1.0,0.007552426308393478,9.999999747378752e-05
919,1.0,0.002645654371008277,9.999999747378752e-05
920,1.0,0.002351389266550541,9.999999747378752e-05
921,1.0,0.014144538901746273,9.999999747378752e-05
922,1.0,0.008655495010316372,9.999999747378752e-05
923,1.0,0.004507807549089193,9.999999747378752e-05
924,1.0,0.014701818116009235,9.999999747378752e-05
925,1.0,0.006126211956143379,9.999999747378752e-05
926,1.0,0.002596901962533593,9.999999747378752e-05
927,1.0,0.0038229802157729864,9.999999747378752e-05
928,1.0,0.020795756950974464,9.999999747378752e-05
929,0.9908257126808167,0.021100936457514763,9.999999747378752e-05
930,1.0,0.010763927362859249,9.999999747378752e-05
931,1.0,0.0031116085592657328,9.999999747378752e-05
932,1.0,0.002973993541672826,9.999999747378752e-05
933,1.0,0.007398522924631834,9.999999747378752e-05
934,1.0,0.007384732365608215,9.999999747378752e-05
935,0.9816513657569885,0.045504745095968246,9.999999747378752e-05
936,1.0,0.017818650230765343,9.999999747378752e-05
937,1.0,0.010517595335841179,9.999999747378752e-05
938,1.0,0.004983142483979464,9.999999747378752e-05
939,1.0,0.010422153398394585,9.999999747378752e-05
940,1.0,0.01367900986224413,9.999999747378752e-05
941,1.0,0.018799420446157455,9.999999747378752e-05
942,1.0,0.020250704139471054,9.999999747378752e-05
943,1.0,0.006482670549303293,9.999999747378752e-05
944,1.0,0.004567323252558708,9.999999747378752e-05
945,1.0,0.029402032494544983,9.999999747378752e-05
946,1.0,0.011298230849206448,9.999999747378752e-05
947,1.0,0.013693592511117458,9.999999747378752e-05
948,1.0,0.0060211727395653725,9.999999747378752e-05
949,1.0,0.00332994875498116,9.999999747378752e-05
950,1.0,0.020391887053847313,9.999999747378752e-05
951,1.0,0.005928442347794771,9.999999747378752e-05
952,0.9724770784378052,0.045827582478523254,9.999999747378752e-05
953,1.0,0.01308872178196907,9.999999747378752e-05
954,1.0,0.004992248956114054,9.999999747378752e-05
955,1.0,0.009870840236544609,9.999999747378752e-05
956,0.9908257126808167,0.022466102614998817,9.999999747378752e-05
957,1.0,0.0030553704127669334,9.999999747378752e-05
958,0.9908257126808167,0.035599689930677414,9.999999747378752e-05
959,1.0,0.01097817998379469,9.999999747378752e-05
960,1.0,0.011440773494541645,9.999999747378752e-05
961,1.0,0.012883606366813183,9.999999747378752e-05
962,1.0,0.005702533759176731,9.999999747378752e-05
963,1.0,0.00564261619001627,9.999999747378752e-05
964,1.0,0.012923863716423512,9.999999747378752e-05
965,1.0,0.01287122629582882,9.999999747378752e-05
966,1.0,0.0162988118827343,9.999999747378752e-05
967,1.0,0.007778729312121868,9.999999747378752e-05
968,1.0,0.006693487521260977,9.999999747378752e-05
969,1.0,0.0062378267757594585,9.999999747378752e-05
970,1.0,0.0035522272810339928,9.999999747378752e-05
971,1.0,0.002703749807551503,9.999999747378752e-05
972,1.0,0.0019450937397778034,9.999999747378752e-05
973,1.0,0.007948043756186962,9.999999747378752e-05
974,0.9908257126808167,0.01693115010857582,9.999999747378752e-05
975,1.0,0.006560908164829016,9.999999747378752e-05
976,1.0,0.005458813160657883,9.999999747378752e-05
977,1.0,0.002701910911127925,9.999999747378752e-05
978,1.0,0.003784032305702567,9.999999747378752e-05
979,1.0,0.002911648014560342,9.999999747378752e-05
980,1.0,0.0037261731922626495,9.999999747378752e-05
981,1.0,0.002616259967908263,9.999999747378752e-05
982,1.0,0.0016418397426605225,9.999999747378752e-05
983,1.0,0.011372560635209084,9.999999747378752e-05
984,1.0,0.004607600159943104,9.999999747378752e-05
985,1.0,0.009545794688165188,9.999999747378752e-05
986,1.0,0.0025761353317648172,9.999999747378752e-05
987,1.0,0.019758276641368866,9.999999747378752e-05
988,1.0,0.005639773793518543,9.999999747378752e-05
989,1.0,0.003222530474886298,9.999999747378752e-05
990,1.0,0.007997032254934311,9.999999747378752e-05
991,1.0,0.003400783520191908,9.999999747378752e-05
992,1.0,0.008605394512414932,9.999999747378752e-05
993,1.0,0.004778692964464426,9.999999747378752e-05
994,1.0,0.0036487961187958717,9.999999747378752e-05
995,1.0,0.010704819113016129,9.999999747378752e-05
996,1.0,0.003588215447962284,9.999999747378752e-05
997,1.0,0.0023798123002052307,9.999999747378752e-05
998,1.0,0.0060795885510742664,9.999999747378752e-05
999,1.0,0.005787327885627747,9.999999747378752e-05
1000,1.0,0.003926309756934643,9.999999747378752e-05
1001,1.0,0.007523059844970703,9.999999747378752e-05
1002,1.0,0.0030988671351224184,9.999999747378752e-05
1003,1.0,0.00455861072987318,9.999999747378752e-05
1004,1.0,0.007005823310464621,9.999999747378752e-05
1005,1.0,0.004332549404352903,9.999999747378752e-05
1006,1.0,0.0059200674295425415,9.999999747378752e-05
1007,1.0,0.013345343992114067,9.999999747378752e-05
1008,1.0,0.01463348139077425,9.999999747378752e-05
1009,1.0,0.009495454840362072,9.999999747378752e-05
1010,1.0,0.007292147260159254,9.999999747378752e-05
1011,1.0,0.002978357719257474,9.999999747378752e-05
1012,1.0,0.0036721264477819204,9.999999747378752e-05
1013,1.0,0.005322914104908705,9.999999747378752e-05
1014,1.0,0.0013577850768342614,9.999999747378752e-05
1015,1.0,0.005656296852976084,9.999999747378752e-05
1016,1.0,0.012675552628934383,9.999999747378752e-05
1017,1.0,0.004056173376739025,9.999999747378752e-05
1018,1.0,0.011347978375852108,9.999999747378752e-05
1019,1.0,0.004429474472999573,9.999999747378752e-05
1020,1.0,0.003982971888035536,9.999999747378752e-05
1021,1.0,0.002668944885954261,9.999999747378752e-05
1022,1.0,0.006248784717172384,9.999999747378752e-05
1023,1.0,0.001701243920251727,9.999999747378752e-05
1024,1.0,0.0024303910322487354,9.999999747378752e-05
1025,1.0,0.005171981640160084,9.999999747378752e-05
1026,1.0,0.020396215841174126,9.999999747378752e-05
1027,1.0,0.01885605975985527,9.999999747378752e-05
1028,1.0,0.0029397110920399427,9.999999747378752e-05
1029,1.0,0.004059255123138428,9.999999747378752e-05
1030,1.0,0.006978817284107208,9.999999747378752e-05
1031,1.0,0.0044809929095208645,9.999999747378752e-05
1032,1.0,0.009179069660604,9.999999747378752e-05
1033,1.0,0.002913626143708825,9.999999747378752e-05
1034,1.0,0.011174622923135757,9.999999747378752e-05
1035,1.0,0.0018940939335152507,9.999999747378752e-05
1036,1.0,0.0025313887745141983,9.999999747378752e-05
1037,1.0,0.0033168187364935875,9.999999747378752e-05
1038,1.0,0.008699060417711735,9.999999747378752e-05
1039,1.0,0.00853679422289133,9.999999747378752e-05
1040,1.0,0.001747403177432716,9.999999747378752e-05
1041,1.0,0.004012842662632465,9.999999747378752e-05
1042,1.0,0.008506827987730503,9.999999747378752e-05
1043,1.0,0.005128139164298773,9.999999747378752e-05
1044,1.0,0.0034840076696127653,9.999999747378752e-05
1045,1.0,0.022297756746411324,9.999999747378752e-05
1046,1.0,0.003513687290251255,9.999999747378752e-05
1047,1.0,0.005069240462034941,9.999999747378752e-05
1048,1.0,0.007567481137812138,9.999999747378752e-05
1049,1.0,0.0018362165428698063,9.999999747378752e-05
1050,1.0,0.004571432713419199,9.999999747378752e-05
1051,1.0,0.004338254686444998,9.999999747378752e-05
1052,1.0,0.002741109114140272,9.999999747378752e-05
1053,1.0,0.013255751691758633,9.999999747378752e-05
1054,1.0,0.00357178901322186,9.999999747378752e-05
1055,1.0,0.012576652690768242,9.999999747378752e-05
1056,1.0,0.014276435598731041,9.999999747378752e-05
1057,1.0,0.006520417518913746,9.999999747378752e-05
1058,1.0,0.016049619764089584,9.999999747378752e-05
1059,1.0,0.004898996092379093,9.999999747378752e-05
1060,1.0,0.01866881363093853,9.999999747378752e-05
1061,1.0,0.007402478717267513,9.999999747378752e-05
1062,1.0,0.01883186586201191,9.999999747378752e-05
1063,1.0,0.007744128350168467,9.999999747378752e-05
1064,1.0,0.0024796915240585804,9.999999747378752e-05
1065,1.0,0.004818059969693422,9.999999747378752e-05
1066,1.0,0.009999243542551994,9.999999747378752e-05
1067,1.0,0.0016779766883701086,9.999999747378752e-05
1068,1.0,0.002344620879739523,9.999999747378752e-05
1069,1.0,0.0037936833687126637,9.999999747378752e-05
1070,1.0,0.006155995186418295,9.999999747378752e-05
1071,1.0,0.003647750010713935,9.999999747378752e-05
1072,1.0,0.0025301375426352024,9.999999747378752e-05
1073,1.0,0.004181031137704849,9.999999747378752e-05
1074,1.0,0.004217465873807669,9.999999747378752e-05
1075,1.0,0.0029452010057866573,9.999999747378752e-05
1076,1.0,0.0026324703358113766,9.999999747378752e-05
1077,1.0,0.0025277084205299616,9.999999747378752e-05
1078,1.0,0.015116442926228046,9.999999747378752e-05
1079,1.0,0.004362637642771006,9.999999747378752e-05
1080,1.0,0.0030006845481693745,9.999999747378752e-05
1081,1.0,0.0034418501891195774,9.999999747378752e-05
1082,1.0,0.0027555786073207855,9.999999747378752e-05
1083,1.0,0.002807053504511714,9.999999747378752e-05
1084,1.0,0.004807860124856234,9.999999747378752e-05
1085,1.0,0.038958244025707245,9.999999747378752e-05
1086,0.9724770784378052,0.07693304866552353,9.999999747378752e-05
1087,0.9908257126808167,0.043799228966236115,9.999999747378752e-05
1088,1.0,0.0111822709441185,9.999999747378752e-05
1089,1.0,0.017681095749139786,9.999999747378752e-05
1090,1.0,0.005158609244972467,9.999999747378752e-05
1091,1.0,0.003821710590273142,9.999999747378752e-05
1092,1.0,0.006145355757325888,9.999999747378752e-05
1093,1.0,0.007095616776496172,9.999999747378752e-05
1094,1.0,0.006042887456715107,9.999999747378752e-05
1095,1.0,0.007984325289726257,9.999999747378752e-05
1096,1.0,0.011031093075871468,9.999999747378752e-05
1097,1.0,0.003106683026999235,9.999999747378752e-05
1098,1.0,0.004957001656293869,9.999999747378752e-05
1099,1.0,0.005717874504625797,9.999999747378752e-05
1100,1.0,0.005866167135536671,9.999999747378752e-05
1101,0.9816513657569885,0.029648832976818085,9.999999747378752e-05
1102,1.0,0.01962900534272194,9.999999747378752e-05
1103,1.0,0.007363265845924616,9.999999747378752e-05
1104,1.0,0.006166681181639433,9.999999747378752e-05
1105,1.0,0.0031598592177033424,9.999999747378752e-05
1106,1.0,0.0028437308501452208,9.999999747378752e-05
1107,1.0,0.002441076561808586,9.999999747378752e-05
1108,1.0,0.004807616584002972,9.999999747378752e-05
1109,1.0,0.0026437367778271437,9.999999747378752e-05
1110,1.0,0.004907248541712761,9.999999747378752e-05
1111,1.0,0.004219381604343653,9.999999747378752e-05
1112,1.0,0.011368880979716778,9.999999747378752e-05
1113,1.0,0.0031618615612387657,9.999999747378752e-05
1114,1.0,0.004205808509141207,9.999999747378752e-05
1115,1.0,0.003985259681940079,9.999999747378752e-05
1116,1.0,0.001771580777131021,9.999999747378752e-05
1117,1.0,0.002291272161528468,9.999999747378752e-05
1118,1.0,0.0020261243917047977,9.999999747378752e-05
1119,1.0,0.002939902013167739,9.999999747378752e-05
1120,1.0,0.0016003951895982027,9.999999747378752e-05
1121,1.0,0.005357086192816496,9.999999747378752e-05
1122,1.0,0.001746222609654069,9.999999747378752e-05
1123,1.0,0.003091157414019108,9.999999747378752e-05
1124,1.0,0.002189751248806715,9.999999747378752e-05
1125,1.0,0.0022415302228182554,9.999999747378752e-05
1126,1.0,0.005817171186208725,9.999999747378752e-05
1127,1.0,0.007763279601931572,9.999999747378752e-05
1128,1.0,0.00234715873375535,9.999999747378752e-05
1129,1.0,0.003454488003626466,9.999999747378752e-05
1130,1.0,0.00467325234785676,9.999999747378752e-05
1131,1.0,0.0028380814474076033,9.999999747378752e-05
1132,1.0,0.004061294253915548,9.999999747378752e-05
1133,1.0,0.004642764572054148,9.999999747378752e-05
1134,1.0,0.013707193545997143,9.999999747378752e-05
1135,1.0,0.002720777876675129,9.999999747378752e-05
1136,1.0,0.0023963404819369316,9.999999747378752e-05
1137,1.0,0.001851955195888877,9.999999747378752e-05
1138,1.0,0.004269379191100597,9.999999747378752e-05
1139,1.0,0.003655640874058008,9.999999747378752e-05
1140,1.0,0.004569446202367544,9.999999747378752e-05
1141,1.0,0.0064750355668365955,9.999999747378752e-05
1142,1.0,0.009224193170666695,9.999999747378752e-05
1143,1.0,0.001989878946915269,9.999999747378752e-05
1144,1.0,0.009363632649183273,9.999999747378752e-05
1145,1.0,0.0028965517412871122,9.999999747378752e-05
1146,1.0,0.003020854666829109,9.999999747378752e-05
1147,1.0,0.005286090541630983,9.999999747378752e-05
1148,1.0,0.005032923072576523,9.999999747378752e-05
1149,1.0,0.0026424608658999205,9.999999747378752e-05
1150,1.0,0.001483738305978477,9.999999747378752e-05
1151,1.0,0.011317962780594826,9.999999747378752e-05
1152,1.0,0.007167734205722809,9.999999747378752e-05
1153,1.0,0.004560302011668682,9.999999747378752e-05
1154,1.0,0.015056721866130829,9.999999747378752e-05
1155,1.0,0.002117571420967579,9.999999747378752e-05
1156,0.9908257126808167,0.014391755685210228,9.999999747378752e-05
1157,1.0,0.008308041840791702,9.999999747378752e-05
1158,1.0,0.014830708503723145,9.999999747378752e-05
1159,1.0,0.0028672448825091124,9.999999747378752e-05
1160,1.0,0.00805615819990635,9.999999747378752e-05
1161,1.0,0.0020730113610625267,9.999999747378752e-05
1162,1.0,0.0018587192753329873,9.999999747378752e-05
1163,1.0,0.003811518894508481,9.999999747378752e-05
1164,1.0,0.002259259345009923,9.999999747378752e-05
1165,1.0,0.011655416339635849,9.999999747378752e-05
1166,1.0,0.005288918036967516,9.999999747378752e-05
1167,1.0,0.0052292924374341965,9.999999747378752e-05
1168,1.0,0.003721468849107623,9.999999747378752e-05
1169,1.0,0.007160529959946871,9.999999747378752e-05
1170,1.0,0.00693118292838335,9.999999747378752e-05
1171,1.0,0.0027549471706151962,9.999999747378752e-05
1172,1.0,0.006949258502572775,9.999999747378752e-05
1173,1.0,0.0013560822699218988,9.999999747378752e-05
1174,1.0,0.006136881187558174,9.999999747378752e-05
1175,1.0,0.014871007762849331,9.999999747378752e-05
1176,1.0,0.013592212460935116,9.999999747378752e-05
1177,1.0,0.007099423557519913,9.999999747378752e-05
1178,1.0,0.0037966344971209764,9.999999747378752e-05
1179,1.0,0.004656682722270489,9.999999747378752e-05
1180,1.0,0.00519556226208806,9.999999747378752e-05
1181,1.0,0.024040132761001587,9.999999747378752e-05
1182,1.0,0.017791960388422012,9.999999747378752e-05
1183,1.0,0.006230840925127268,9.999999747378752e-05
1184,1.0,0.00719704432412982,9.999999747378752e-05
1185,1.0,0.008377963677048683,9.999999747378752e-05
1186,1.0,0.0033149763476103544,9.999999747378752e-05
1187,1.0,0.005756894592195749,9.999999747378752e-05
1188,1.0,0.004279221408069134,9.999999747378752e-05
1189,1.0,0.0042685242369771,9.999999747378752e-05
1190,1.0,0.005698378663510084,9.999999747378752e-05
1191,1.0,0.0024892701767385006,9.999999747378752e-05
1192,1.0,0.0031684497371315956,9.999999747378752e-05
1193,1.0,0.0047370013780891895,9.999999747378752e-05
1194,1.0,0.002244009869173169,9.999999747378752e-05
1195,1.0,0.0031827667262405157,9.999999747378752e-05
1196,1.0,0.009463872760534286,9.999999747378752e-05
1197,1.0,0.0016427974915131927,9.999999747378752e-05
1198,1.0,0.008361580781638622,9.999999747378752e-05
1199,1.0,0.004505527205765247,9.999999747378752e-05
1200,1.0,0.0024652965366840363,9.999999747378752e-05
1201,1.0,0.005043648649007082,9.999999747378752e-05
1202,1.0,0.0018735503545030951,9.999999747378752e-05
1203,1.0,0.010736223310232162,9.999999747378752e-05
1204,1.0,0.013236967846751213,9.999999747378752e-05
1205,1.0,0.0021342486143112183,9.999999747378752e-05
1206,1.0,0.0019288236508145928,9.999999747378752e-05
1207,1.0,0.015054572373628616,9.999999747378752e-05
1208,1.0,0.0036485118325799704,9.999999747378752e-05
1209,1.0,0.005211838986724615,9.999999747378752e-05
1210,1.0,0.008706207387149334,9.999999747378752e-05
1211,1.0,0.006079403217881918,9.999999747378752e-05
1212,1.0,0.020174894481897354,9.999999747378752e-05
1213,1.0,0.013179440051317215,9.999999747378752e-05
1214,1.0,0.027002276852726936,9.999999747378752e-05
1215,1.0,0.00652990210801363,9.999999747378752e-05
1216,1.0,0.002883004955947399,9.999999747378752e-05
1217,1.0,0.008264187723398209,9.999999747378752e-05
1218,1.0,0.015278181061148643,9.999999747378752e-05
1219,1.0,0.0030176856089383364,9.999999747378752e-05
1220,1.0,0.004697390832006931,9.999999747378752e-05
1221,1.0,0.006203579716384411,9.999999747378752e-05
1222,1.0,0.003665485419332981,9.999999747378752e-05
1223,1.0,0.001438439474441111,9.999999747378752e-05
1224,1.0,0.0018966302741318941,9.999999747378752e-05
1225,1.0,0.0012148981913924217,9.999999747378752e-05
1226,0.9908257126808167,0.010692404583096504,9.999999747378752e-05
1227,1.0,0.006992574781179428,9.999999747378752e-05
1228,1.0,0.004040094558149576,9.999999747378752e-05
1229,1.0,0.0035270345397293568,9.999999747378752e-05
1230,1.0,0.003021624870598316,9.999999747378752e-05
1231,1.0,0.008415477350354195,9.999999747378752e-05
1232,1.0,0.0028435932472348213,9.999999747378752e-05
1233,1.0,0.006515622138977051,9.999999747378752e-05
1234,1.0,0.0219177957624197,9.999999747378752e-05
1235,1.0,0.003147559706121683,9.999999747378752e-05
1236,1.0,0.018435893580317497,9.999999747378752e-05
1237,1.0,0.005883932113647461,9.999999747378752e-05
1238,1.0,0.005737795028835535,9.999999747378752e-05
1239,1.0,0.0026685711927711964,9.999999747378752e-05
1240,1.0,0.009029362350702286,9.999999747378752e-05
1241,1.0,0.0030774788465350866,9.999999747378752e-05
1242,1.0,0.0027846635784953833,9.999999747378752e-05
1243,1.0,0.0025725446175783873,9.999999747378752e-05
1244,1.0,0.008126522414386272,9.999999747378752e-05
1245,1.0,0.005482350010424852,9.999999747378752e-05
1246,0.9908257126808167,0.025343384593725204,9.999999747378752e-05
1247,1.0,0.004631107207387686,9.999999747378752e-05
1248,1.0,0.0048307934775948524,9.999999747378752e-05
1249,1.0,0.0030494381207972765,9.999999747378752e-05
1250,1.0,0.006213907618075609,9.999999747378752e-05
1251,1.0,0.014724901877343655,9.999999747378752e-05
1252,1.0,0.0029957015067338943,9.999999747378752e-05
1253,1.0,0.005109285470098257,9.999999747378752e-05
1254,1.0,0.000946701446082443,9.999999747378752e-05
1255,1.0,0.0034681924153119326,9.999999747378752e-05
1256,1.0,0.0016401370521634817,9.999999747378752e-05
1257,1.0,0.003332938300445676,9.999999747378752e-05
1258,1.0,0.009968106634914875,9.999999747378752e-05
1259,1.0,0.007142955437302589,9.999999747378752e-05
1260,1.0,0.0020309151150286198,9.999999747378752e-05
1261,1.0,0.0028675845824182034,9.999999747378752e-05
1262,0.9908257126808167,0.02659459039568901,9.999999747378752e-05
1263,0.9908257126808167,0.020024841651320457,9.999999747378752e-05
1264,1.0,0.005649258848279715,9.999999747378752e-05
1265,0.9908257126808167,0.027742961421608925,9.999999747378752e-05
1266,1.0,0.012591282837092876,9.999999747378752e-05
1267,1.0,0.004837328568100929,9.999999747378752e-05
1268,1.0,0.0049742148257792,9.999999747378752e-05
1269,1.0,0.020700378343462944,9.999999747378752e-05
1270,1.0,0.002939696190878749,9.999999747378752e-05
1271,1.0,0.008140950463712215,9.999999747378752e-05
1272,1.0,0.004351775161921978,9.999999747378752e-05
1273,1.0,0.0036013673525303602,9.999999747378752e-05
1274,1.0,0.003232691204175353,9.999999747378752e-05
1275,1.0,0.010791147127747536,9.999999747378752e-05
1276,1.0,0.0039178188890218735,9.999999747378752e-05
1277,1.0,0.0047486405819654465,9.999999747378752e-05
1278,1.0,0.0105775510892272,9.999999747378752e-05
1279,1.0,0.004966340959072113,9.999999747378752e-05
1280,1.0,0.0023320065811276436,9.999999747378752e-05
1281,1.0,0.008362255059182644,9.999999747378752e-05
1282,1.0,0.0010775193804875016,9.999999747378752e-05
1283,1.0,0.005361091811209917,9.999999747378752e-05
1284,1.0,0.007092839106917381,9.999999747378752e-05
1285,1.0,0.0036851586773991585,9.999999747378752e-05
1286,1.0,0.004129953682422638,9.999999747378752e-05
1287,1.0,0.0031515592709183693,9.999999747378752e-05
1288,1.0,0.0012133287964388728,9.999999747378752e-05
1289,1.0,0.0072607784532010555,9.999999747378752e-05
1290,1.0,0.0040353285148739815,9.999999747378752e-05
1291,1.0,0.007028478197753429,9.999999747378752e-05
1292,1.0,0.0018500515725463629,9.999999747378752e-05
1293,1.0,0.010455445386469364,9.999999747378752e-05
1294,1.0,0.0045677898451685905,9.999999747378752e-05
1295,1.0,0.012744608335196972,9.999999747378752e-05
1296,1.0,0.0021158186718821526,9.999999747378752e-05
1297,1.0,0.00566317792981863,9.999999747378752e-05
1298,1.0,0.006793900392949581,9.999999747378752e-05
1299,1.0,0.0010946777183562517,9.999999747378752e-05
1300,1.0,0.007769810035824776,9.999999747378752e-05
1301,1.0,0.0012040090514346957,9.999999747378752e-05
1302,1.0,0.009060399606823921,9.999999747378752e-05
1303,1.0,0.0025612637400627136,9.999999747378752e-05
1304,1.0,0.004212494939565659,9.999999747378752e-05
1305,1.0,0.0022728419862687588,9.999999747378752e-05
1306,1.0,0.0032830771524459124,9.999999747378752e-05
1307,1.0,0.002492656698450446,9.999999747378752e-05
1308,1.0,0.004037019796669483,9.999999747378752e-05
1309,1.0,0.0009676417685113847,9.999999747378752e-05
1310,1.0,0.0027964410837739706,9.999999747378752e-05
1311,1.0,0.00493042403832078,9.999999747378752e-05
1312,1.0,0.0014410456642508507,9.999999747378752e-05
1313,1.0,0.0016484870575368404,9.999999747378752e-05
1314,1.0,0.00760879460722208,9.999999747378752e-05
1315,1.0,0.014212658628821373,9.999999747378752e-05
1316,1.0,0.002762465737760067,9.999999747378752e-05
1317,1.0,0.0029738666489720345,9.999999747378752e-05
1318,1.0,0.004947837442159653,9.999999747378752e-05
1319,1.0,0.003910896368324757,9.999999747378752e-05
1320,1.0,0.0020720509346574545,9.999999747378752e-05
1321,1.0,0.0039056693203747272,9.999999747378752e-05
1322,1.0,0.0014023414114490151,9.999999747378752e-05
1323,1.0,0.0024931440129876137,9.999999747378752e-05
1324,1.0,0.0036624372005462646,9.999999747378752e-05
1325,1.0,0.00649338960647583,9.999999747378752e-05
1326,1.0,0.0029590316116809845,9.999999747378752e-05
1327,1.0,0.007065712474286556,9.999999747378752e-05
1328,1.0,0.002200746675953269,9.999999747378752e-05
1329,1.0,0.0038078422658145428,9.999999747378752e-05
1330,1.0,0.0018754267366603017,9.999999747378752e-05
1331,1.0,0.0009356465307064354,9.999999747378752e-05
1332,1.0,0.014350570738315582,9.999999747378752e-05
1333,1.0,0.004911542870104313,9.999999747378752e-05
1334,1.0,0.005787486210465431,9.999999747378752e-05
1335,1.0,0.00431824242696166,9.999999747378752e-05
1336,1.0,0.0014998619444668293,9.999999747378752e-05
1337,1.0,0.002500812988728285,9.999999747378752e-05
1338,1.0,0.0027361446991562843,9.999999747378752e-05
1339,1.0,0.0017703158082440495,9.999999747378752e-05
1340,1.0,0.003210406517609954,9.999999747378752e-05
1341,1.0,0.002473916159942746,9.999999747378752e-05
1342,1.0,0.0011341327335685492,9.999999747378752e-05
1343,1.0,0.007682382129132748,9.999999747378752e-05
1344,1.0,0.004619517829269171,9.999999747378752e-05
1345,1.0,0.008669030852615833,9.999999747378752e-05
1346,1.0,0.002931941533461213,9.999999747378752e-05
1347,1.0,0.005909777712076902,9.999999747378752e-05
1348,1.0,0.010716386139392853,9.999999747378752e-05
1349,1.0,0.0025821374729275703,9.999999747378752e-05
1350,1.0,0.004371654707938433,9.999999747378752e-05
1351,1.0,0.006240869872272015,9.999999747378752e-05
1352,1.0,0.0022308628540486097,9.999999747378752e-05
1353,1.0,0.0009338674717582762,9.999999747378752e-05
1354,1.0,0.007684693206101656,9.999999747378752e-05
1355,1.0,0.0048896330408751965,9.999999747378752e-05
1356,1.0,0.0035189343616366386,9.999999747378752e-05
1357,1.0,0.001314939116127789,9.999999747378752e-05
1358,1.0,0.00251665897667408,9.999999747378752e-05
1359,1.0,0.0040320600382983685,9.999999747378752e-05
1360,1.0,0.0027008282486349344,9.999999747378752e-05
1361,1.0,0.0054530552588403225,9.999999747378752e-05
1362,1.0,0.011077934876084328,9.999999747378752e-05
1363,1.0,0.001296438742429018,9.999999747378752e-05
1364,1.0,0.003949317149817944,9.999999747378752e-05
1365,1.0,0.005256339907646179,9.999999747378752e-05
1366,1.0,0.02611858770251274,9.999999747378752e-05
1367,1.0,0.0029511405155062675,9.999999747378752e-05
1368,1.0,0.0025590197183191776,9.999999747378752e-05
1369,1.0,0.002278047613799572,9.999999747378752e-05
1370,1.0,0.0014531883643940091,9.999999747378752e-05
1371,1.0,0.0014859176008030772,9.999999747378752e-05
1372,1.0,0.0034688101150095463,9.999999747378752e-05
1373,1.0,0.0025308942422270775,9.999999747378752e-05
1374,1.0,0.0024815464857965708,9.999999747378752e-05
1375,1.0,0.0068900855258107185,9.999999747378752e-05
1376,1.0,0.002757861977443099,9.999999747378752e-05
1377,1.0,0.005584091879427433,9.999999747378752e-05
1378,1.0,0.0019618140067905188,9.999999747378752e-05
1379,1.0,0.005923560820519924,9.999999747378752e-05
1380,1.0,0.037946928292512894,9.999999747378752e-05
1381,0.9908257126808167,0.01799013838171959,9.999999747378752e-05
1382,1.0,0.0043614706955850124,9.999999747378752e-05
1383,1.0,0.009120478294789791,9.999999747378752e-05
1384,1.0,0.0025551505386829376,9.999999747378752e-05
1385,1.0,0.003751995973289013,9.999999747378752e-05
1386,1.0,0.002128736814484,9.999999747378752e-05
1387,1.0,0.0021850785706192255,9.999999747378752e-05
1388,1.0,0.004670614842325449,9.999999747378752e-05
1389,1.0,0.010379897430539131,9.999999747378752e-05
1390,1.0,0.0038870004937052727,9.999999747378752e-05
1391,1.0,0.0028371696826070547,9.999999747378752e-05
1392,1.0,0.004491825122386217,9.999999747378752e-05
1393,1.0,0.0035985226277261972,9.999999747378752e-05
1394,1.0,0.00412672758102417,9.999999747378752e-05
1395,1.0,0.0031081531196832657,9.999999747378752e-05
1396,1.0,0.003654364263638854,9.999999747378752e-05
1397,1.0,0.007163498550653458,9.999999747378752e-05
1398,1.0,0.0024232896976172924,9.999999747378752e-05
1399,1.0,0.004786836914718151,9.999999747378752e-05
1400,1.0,0.003216684330254793,9.999999747378752e-05
1401,1.0,0.003417616942897439,9.999999747378752e-05
1402,1.0,0.00987072754651308,9.999999747378752e-05
1403,1.0,0.010595624335110188,9.999999747378752e-05
1404,1.0,0.0043257432989776134,9.999999747378752e-05
1405,1.0,0.003306783502921462,9.999999747378752e-05
1406,1.0,0.005764867644757032,9.999999747378752e-05
1407,1.0,0.00303717702627182,9.999999747378752e-05
1408,1.0,0.0008357170736417174,9.999999747378752e-05
1409,1.0,0.0050857518799602985,9.999999747378752e-05
1410,1.0,0.004281776957213879,9.999999747378752e-05
1411,1.0,0.006000591907650232,9.999999747378752e-05
1412,1.0,0.0011780118802562356,9.999999747378752e-05
1413,1.0,0.0022859396412968636,9.999999747378752e-05
1414,1.0,0.002329643117263913,9.999999747378752e-05
1415,1.0,0.0020639097783714533,9.999999747378752e-05
1416,1.0,0.011910593137145042,9.999999747378752e-05
1417,1.0,0.012100993655622005,9.999999747378752e-05
1418,1.0,0.002467499114573002,9.999999747378752e-05
1419,1.0,0.003105417126789689,9.999999747378752e-05
1420,1.0,0.009226077236235142,9.999999747378752e-05
1421,1.0,0.004473663866519928,9.999999747378752e-05
1422,1.0,0.005119907669723034,9.999999747378752e-05
1423,1.0,0.0076368520967662334,9.999999747378752e-05
1424,1.0,0.002823580289259553,9.999999747378752e-05
1425,1.0,0.005878019612282515,9.999999747378752e-05
1426,1.0,0.0021633857395499945,9.999999747378752e-05
1427,1.0,0.0019056652672588825,9.999999747378752e-05
1428,1.0,0.011791640892624855,9.999999747378752e-05
1429,1.0,0.0028135692700743675,9.999999747378752e-05
1430,1.0,0.013573306612670422,9.999999747378752e-05
1431,1.0,0.002609268296509981,9.999999747378752e-05
1432,1.0,0.0021628516260534525,9.999999747378752e-05
1433,1.0,0.002820514841005206,9.999999747378752e-05
1434,1.0,0.0009150756523013115,9.999999747378752e-05
1435,1.0,0.00074908381793648,9.999999747378752e-05
1436,1.0,0.0038627709727734327,9.999999747378752e-05
1437,1.0,0.0024986201897263527,9.999999747378752e-05
1438,1.0,0.0012077483115717769,9.999999747378752e-05
1439,1.0,0.0019069990376010537,9.999999747378752e-05
1440,1.0,0.009675099514424801,9.999999747378752e-05
1441,1.0,0.005367607809603214,9.999999747378752e-05
1442,1.0,0.013168295845389366,9.999999747378752e-05
1443,1.0,0.0007907007820904255,9.999999747378752e-05
1444,1.0,0.007171083707362413,9.999999747378752e-05
1445,1.0,0.003217428456991911,9.999999747378752e-05
1446,1.0,0.0112329525873065,9.999999747378752e-05
1447,0.9908257126808167,0.021534396335482597,9.999999747378752e-05
1448,1.0,0.008048763498663902,9.999999747378752e-05
1449,1.0,0.013531159609556198,9.999999747378752e-05
1450,1.0,0.0030225657392293215,9.999999747378752e-05
1451,0.9908257126808167,0.014188207685947418,9.999999747378752e-05
1452,0.9724770784378052,0.055095721036195755,9.999999747378752e-05
1453,1.0,0.015231664292514324,9.999999747378752e-05
1454,1.0,0.020062020048499107,9.999999747378752e-05
1455,1.0,0.017292341217398643,9.999999747378752e-05
1456,1.0,0.004792457912117243,9.999999747378752e-05
1457,1.0,0.002686909632757306,9.999999747378752e-05
1458,0.9816513657569885,0.03970591351389885,9.999999747378752e-05
1459,1.0,0.006104312837123871,9.999999747378752e-05
1460,0.9908257126808167,0.01961904764175415,9.999999747378752e-05
1461,1.0,0.005397670902311802,9.999999747378752e-05
1462,1.0,0.0019078105688095093,9.999999747378752e-05
1463,1.0,0.00549548352137208,9.999999747378752e-05
1464,1.0,0.00444058096036315,9.999999747378752e-05
1465,1.0,0.003530059475451708,9.999999747378752e-05
1466,1.0,0.0036098004784435034,9.999999747378752e-05
1467,1.0,0.006174162030220032,9.999999747378752e-05
1468,1.0,0.002965289866551757,9.999999747378752e-05
1469,1.0,0.001621784409508109,9.999999747378752e-05
1470,1.0,0.00870601087808609,9.999999747378752e-05
1471,1.0,0.0012421587016433477,9.999999747378752e-05
1472,1.0,0.009839441627264023,9.999999747378752e-05
1473,1.0,0.014716535806655884,9.999999747378752e-05
1474,1.0,0.0018682186491787434,9.999999747378752e-05
1475,1.0,0.0023896093480288982,9.999999747378752e-05
1476,1.0,0.0069429525174200535,9.999999747378752e-05
1477,1.0,0.004404637962579727,9.999999747378752e-05
1478,1.0,0.013034188188612461,9.999999747378752e-05
1479,1.0,0.004480692092329264,9.999999747378752e-05
1480,1.0,0.002635291079059243,9.999999747378752e-05
1481,1.0,0.001832582987844944,9.999999747378752e-05
1482,1.0,0.0032353668939322233,9.999999747378752e-05
1483,1.0,0.007790376432240009,9.999999747378752e-05
1484,1.0,0.0027958101127296686,9.999999747378752e-05
1485,1.0,0.0009212669101543725,9.999999747378752e-05
1486,1.0,0.005100976210087538,9.999999747378752e-05
1487,1.0,0.0025294863153249025,9.999999747378752e-05
1488,1.0,0.0012255395995453,9.999999747378752e-05
1489,1.0,0.001680901856161654,9.999999747378752e-05
1490,1.0,0.0017172879306599498,9.999999747378752e-05
1491,1.0,0.024611499160528183,9.999999747378752e-05
1492,1.0,0.004230361897498369,9.999999747378752e-05
1493,1.0,0.006142796017229557,9.999999747378752e-05
1494,1.0,0.0028023109771311283,9.999999747378752e-05
1495,1.0,0.004532450344413519,9.999999747378752e-05
1496,1.0,0.0024159287568181753,9.999999747378752e-05
1497,1.0,0.0029205826576799154,9.999999747378752e-05
1498,1.0,0.003867477411404252,9.999999747378752e-05
1499,1.0,0.006024734117090702,9.999999747378752e-05
1500,1.0,0.004089338704943657,9.999999747378752e-05
1501,1.0,0.009658819995820522,9.999999747378752e-05
1502,1.0,0.005023806821554899,9.999999747378752e-05
1503,1.0,0.0027994189877063036,9.999999747378752e-05
1504,1.0,0.001594080706126988,9.999999747378752e-05
1505,1.0,0.004004654474556446,9.999999747378752e-05
1506,1.0,0.003611970692873001,9.999999747378752e-05
1507,1.0,0.0032353289425373077,9.999999747378752e-05
1508,1.0,0.003780618542805314,9.999999747378752e-05
1509,1.0,0.0023793750442564487,9.999999747378752e-05
1510,1.0,0.010352003388106823,9.999999747378752e-05
1511,1.0,0.016731224954128265,9.999999747378752e-05
1512,1.0,0.008856173604726791,9.999999747378752e-05
1513,1.0,0.004767169244587421,9.999999747378752e-05
1514,1.0,0.0032960448879748583,9.999999747378752e-05
1515,1.0,0.005706720054149628,9.999999747378752e-05
1516,1.0,0.0016312779625877738,9.999999747378752e-05
1517,1.0,0.008359278552234173,9.999999747378752e-05
1518,0.9908257126808167,0.026056673377752304,9.999999747378752e-05
1519,1.0,0.005950575228780508,9.999999747378752e-05
1520,1.0,0.0037187805864959955,9.999999747378752e-05
1521,1.0,0.00437605706974864,9.999999747378752e-05
1522,1.0,0.007252465467900038,9.999999747378752e-05
1523,1.0,0.006323938723653555,9.999999747378752e-05
1524,1.0,0.002604313427582383,9.999999747378752e-05
1525,1.0,0.0084974505007267,9.999999747378752e-05
1526,1.0,0.002527280943468213,9.999999747378752e-05
1527,1.0,0.005400293506681919,9.999999747378752e-05
1528,1.0,0.007050273474305868,9.999999747378752e-05
1529,1.0,0.008027316071093082,9.999999747378752e-05
1530,1.0,0.001962855225428939,9.999999747378752e-05
1531,1.0,0.0030167996883392334,9.999999747378752e-05
1532,1.0,0.002853903453797102,9.999999747378752e-05
1533,1.0,0.0017810964491218328,9.999999747378752e-05
1534,1.0,0.0031386425253003836,9.999999747378752e-05
1535,1.0,0.003369711572304368,9.999999747378752e-05
1536,1.0,0.0030105048790574074,9.999999747378752e-05
1537,1.0,0.009061130695044994,9.999999747378752e-05
1538,1.0,0.013500986620783806,9.999999747378752e-05
1539,1.0,0.007056463044136763,9.999999747378752e-05
1540,1.0,0.0027056278195232153,9.999999747378752e-05
1541,1.0,0.001793924137018621,9.999999747378752e-05
1542,1.0,0.004851229023188353,9.999999747378752e-05
1543,1.0,0.0024086625780910254,9.999999747378752e-05
1544,1.0,0.006599094718694687,9.999999747378752e-05
1545,1.0,0.0026840558275580406,9.999999747378752e-05
1546,1.0,0.01111863274127245,9.999999747378752e-05
1547,1.0,0.005415802821516991,9.999999747378752e-05
1548,1.0,0.0016711981734260917,9.999999747378752e-05
1549,1.0,0.001602363190613687,9.999999747378752e-05
1550,1.0,0.0021199220791459084,9.999999747378752e-05
1551,1.0,0.007982639595866203,9.999999747378752e-05
1552,1.0,0.0021005466114729643,9.999999747378752e-05
1553,1.0,0.0010326910996809602,9.999999747378752e-05
1554,1.0,0.0012759873643517494,9.999999747378752e-05
1555,1.0,0.00801024679094553,9.999999747378752e-05
1556,1.0,0.0018653539009392262,9.999999747378752e-05
1557,1.0,0.0077945454977452755,9.999999747378752e-05
1558,1.0,0.0029001273214817047,9.999999747378752e-05
1559,1.0,0.0012842323631048203,9.999999747378752e-05
1560,1.0,0.002094947500154376,9.999999747378752e-05
1561,1.0,0.0016220916295424104,9.999999747378752e-05
1562,1.0,0.0029400649946182966,9.999999747378752e-05
1563,1.0,0.0018129779491573572,9.999999747378752e-05
1564,1.0,0.0023088406305760145,9.999999747378752e-05
1565,1.0,0.0009620696073397994,9.999999747378752e-05
1566,1.0,0.0020626583136618137,9.999999747378752e-05
1567,1.0,0.003867361694574356,9.999999747378752e-05
1568,1.0,0.001535789924673736,9.999999747378752e-05
1569,1.0,0.001710523385554552,9.999999747378752e-05
1570,1.0,0.0011081218253821135,9.999999747378752e-05
1571,1.0,0.0017391842557117343,9.999999747378752e-05
1572,1.0,0.0017663168255239725,9.999999747378752e-05
1573,1.0,0.004882645793259144,9.999999747378752e-05
1574,1.0,0.01475963369011879,9.999999747378752e-05
1575,1.0,0.002475355751812458,9.999999747378752e-05
1576,1.0,0.00508537795394659,9.999999747378752e-05
1577,0.9724770784378052,0.04806084930896759,9.999999747378752e-05
1578,1.0,0.024876132607460022,9.999999747378752e-05
1579,0.9908257126808167,0.022954164072871208,9.999999747378752e-05
1580,1.0,0.03268978372216225,9.999999747378752e-05
1581,1.0,0.00831120740622282,9.999999747378752e-05
1582,1.0,0.0055664279498159885,9.999999747378752e-05
1583,1.0,0.013854005374014378,9.999999747378752e-05
1584,1.0,0.0030437996610999107,9.999999747378752e-05
1585,1.0,0.006031518802046776,9.999999747378752e-05
1586,1.0,0.010644759982824326,9.999999747378752e-05
1587,1.0,0.005565630737692118,9.999999747378752e-05
1588,1.0,0.002599024912342429,9.999999747378752e-05
1589,1.0,0.005175539758056402,9.999999747378752e-05
1590,1.0,0.002147347666323185,9.999999747378752e-05
1591,1.0,0.004224223084747791,9.999999747378752e-05
1592,1.0,0.003588820807635784,9.999999747378752e-05
1593,1.0,0.0016033248975872993,9.999999747378752e-05
1594,1.0,0.0016089489217847586,9.999999747378752e-05
1595,1.0,0.0014972151257097721,9.999999747378752e-05
1596,1.0,0.0032730891834944487,9.999999747378752e-05
1597,1.0,0.006127269007265568,9.999999747378752e-05
1598,1.0,0.002291841898113489,9.999999747378752e-05
1599,1.0,0.0017019049264490604,9.999999747378752e-05
1600,1.0,0.0010068212868645787,9.999999747378752e-05
1601,1.0,0.0036741774529218674,9.999999747378752e-05
1602,1.0,0.0035469394642859697,9.999999747378752e-05
1603,1.0,0.002671577036380768,9.999999747378752e-05
1604,1.0,0.005858302116394043,9.999999747378752e-05
1605,1.0,0.0017228502547368407,9.999999747378752e-05
1606,1.0,0.004467325285077095,9.999999747378752e-05
1607,1.0,0.008678874932229519,9.999999747378752e-05
1608,1.0,0.0019523932132869959,9.999999747378752e-05
1609,1.0,0.004189710598438978,9.999999747378752e-05
1610,1.0,0.0008706479566171765,9.999999747378752e-05
1611,1.0,0.004320378880947828,9.999999747378752e-05
1612,1.0,0.0015944389160722494,9.999999747378752e-05
1613,1.0,0.007635796442627907,9.999999747378752e-05
1614,1.0,0.005207837093621492,9.999999747378752e-05
1615,1.0,0.0036110198125243187,9.999999747378752e-05
1616,1.0,0.007831014692783356,9.999999747378752e-05
1617,1.0,0.00230922712944448,9.999999747378752e-05
1618,1.0,0.0025787504855543375,9.999999747378752e-05
1619,1.0,0.0006492105312645435,9.999999747378752e-05
1620,1.0,0.002550797536969185,9.999999747378752e-05
1621,1.0,0.0028070195112377405,9.999999747378752e-05
1622,1.0,0.009274831973016262,9.999999747378752e-05
1623,1.0,0.002562462817877531,9.999999747378752e-05
1624,1.0,0.00620476296171546,9.999999747378752e-05
1625,1.0,0.0015694546746090055,9.999999747378752e-05
1626,1.0,0.0030197640880942345,9.999999747378752e-05
1627,1.0,0.012185429222881794,9.999999747378752e-05
1628,0.9908257126808167,0.016833879053592682,9.999999747378752e-05
1629,1.0,0.0031224326230585575,9.999999747378752e-05
1630,1.0,0.008147643879055977,9.999999747378752e-05
1631,1.0,0.007469469215720892,9.999999747378752e-05
1632,1.0,0.007472524885088205,9.999999747378752e-05
1633,1.0,0.0013627628795802593,9.999999747378752e-05
1634,1.0,0.002507181605324149,9.999999747378752e-05
1635,1.0,0.0026807261165231466,9.999999747378752e-05
1636,1.0,0.002443085890263319,9.999999747378752e-05
1637,1.0,0.0009575151489116251,9.999999747378752e-05
1638,1.0,0.0010670587653294206,9.999999747378752e-05
1639,1.0,0.0028827409259974957,9.999999747378752e-05
1640,1.0,0.011989669874310493,9.999999747378752e-05
1641,1.0,0.0013691256754100323,9.999999747378752e-05
1642,1.0,0.0016256767557933927,9.999999747378752e-05
1643,1.0,0.004037381615489721,9.999999747378752e-05
1644,1.0,0.00186821143142879,9.999999747378752e-05
1645,1.0,0.005513263400644064,9.999999747378752e-05
1646,1.0,0.0010208181338384748,9.999999747378752e-05
1647,1.0,0.006312419660389423,9.999999747378752e-05
1648,1.0,0.003019407857209444,9.999999747378752e-05
1649,1.0,0.0014525746228173375,9.999999747378752e-05
1650,1.0,0.003270120359957218,9.999999747378752e-05
1651,1.0,0.0021147795487195253,9.999999747378752e-05
1652,1.0,0.003220434533432126,9.999999747378752e-05
1653,1.0,0.007117887027561665,9.999999747378752e-05
1654,1.0,0.00126646610442549,9.999999747378752e-05
1655,1.0,0.0011494451900944114,9.999999747378752e-05
1656,1.0,0.0007481760694645345,9.999999747378752e-05
1657,1.0,0.0016280906274914742,9.999999747378752e-05
1658,1.0,0.0025739308912307024,9.999999747378752e-05
1659,1.0,0.014175847172737122,9.999999747378752e-05
1660,1.0,0.0031559395138174295,9.999999747378752e-05
1661,1.0,0.008070499636232853,9.999999747378752e-05
1662,1.0,0.009685934521257877,9.999999747378752e-05
1663,1.0,0.0020703996997326612,9.999999747378752e-05
1664,1.0,0.011855363845825195,9.999999747378752e-05
1665,1.0,0.006149542983621359,9.999999747378752e-05
1666,1.0,0.004584061913192272,9.999999747378752e-05
1667,1.0,0.002163435099646449,9.999999747378752e-05
1668,1.0,0.0010944693349301815,9.999999747378752e-05
1669,1.0,0.001703367568552494,9.999999747378752e-05
1670,1.0,0.002388782799243927,9.999999747378752e-05
1671,1.0,0.010273532010614872,9.999999747378752e-05
1672,1.0,0.0026614288799464703,9.999999747378752e-05
1673,1.0,0.0023626526817679405,9.999999747378752e-05
1674,1.0,0.001949138822965324,9.999999747378752e-05
1675,1.0,0.005856169853359461,9.999999747378752e-05
1676,1.0,0.0025913743302226067,9.999999747378752e-05
1677,1.0,0.006747681647539139,9.999999747378752e-05
1678,1.0,0.006745269056409597,9.999999747378752e-05
1679,1.0,0.006487736478447914,9.999999747378752e-05
1680,1.0,0.002168199047446251,9.999999747378752e-05
1681,1.0,0.0018056577537208796,9.999999747378752e-05
1682,1.0,0.0033789053559303284,9.999999747378752e-05
1683,1.0,0.0027555215638130903,9.999999747378752e-05
1684,1.0,0.0023187731858342886,9.999999747378752e-05
1685,1.0,0.003047503996640444,9.999999747378752e-05
1686,1.0,0.003192869247868657,9.999999747378752e-05
1687,1.0,0.00893490482121706,9.999999747378752e-05
1688,1.0,0.001229698769748211,9.999999747378752e-05
1689,1.0,0.0019666224252432585,9.999999747378752e-05
1690,1.0,0.0036998307332396507,9.999999747378752e-05
1691,1.0,0.0041617127135396,9.999999747378752e-05
1692,1.0,0.0023751731496304274,9.999999747378752e-05
1693,1.0,0.0015401162672787905,9.999999747378752e-05
1694,1.0,0.0021837796084582806,9.999999747378752e-05
1695,1.0,0.0011891965987160802,9.999999747378752e-05
1696,1.0,0.0022138149943202734,9.999999747378752e-05
1697,1.0,0.0006498968577943742,9.999999747378752e-05
1698,1.0,0.0008412934257648885,9.999999747378752e-05
1699,1.0,0.001432517427019775,9.999999747378752e-05
1700,1.0,0.000990710104815662,9.999999747378752e-05
1701,1.0,0.0011537543032318354,9.999999747378752e-05
1702,1.0,0.00567841250449419,9.999999747378752e-05
1703,1.0,0.0019132582237944007,9.999999747378752e-05
1704,1.0,0.0013233119389042258,9.999999747378752e-05
1705,1.0,0.003977734595537186,9.999999747378752e-05
1706,1.0,0.004189072176814079,9.999999747378752e-05
1707,1.0,0.005293416790664196,9.999999747378752e-05
1708,1.0,0.015461906790733337,9.999999747378752e-05
1709,1.0,0.009927754290401936,9.999999747378752e-05
1710,1.0,0.014209640212357044,9.999999747378752e-05
1711,1.0,0.0031464658677577972,9.999999747378752e-05
1712,1.0,0.004525308031588793,9.999999747378752e-05
1713,1.0,0.003706154180690646,9.999999747378752e-05
1714,1.0,0.00876526813954115,9.999999747378752e-05
1715,1.0,0.0017622873419895768,9.999999747378752e-05
1716,1.0,0.0032529050949960947,9.999999747378752e-05
1717,1.0,0.000829422555398196,9.999999747378752e-05
1718,1.0,0.003023421624675393,9.999999747378752e-05
1719,1.0,0.0017587511101737618,9.999999747378752e-05
1720,1.0,0.002261230256408453,9.999999747378752e-05
1721,1.0,0.0006911291857250035,9.999999747378752e-05
1722,1.0,0.0023037325590848923,9.999999747378752e-05
1723,1.0,0.0033297918271273375,9.999999747378752e-05
1724,1.0,0.002836242550984025,9.999999747378752e-05
1725,1.0,0.005739148706197739,9.999999747378752e-05
1726,1.0,0.003460217034444213,9.999999747378752e-05
1727,1.0,0.0015592348063364625,9.999999747378752e-05
1728,1.0,0.0029871310107409954,9.999999747378752e-05
1729,1.0,0.0022094452288001776,9.999999747378752e-05
1730,1.0,0.0029207803308963776,9.999999747378752e-05
1731,1.0,0.0022744699381291866,9.999999747378752e-05
1732,1.0,0.0005880824173800647,9.999999747378752e-05
1733,1.0,0.0006424328312277794,9.999999747378752e-05
1734,1.0,0.002107983687892556,9.999999747378752e-05
1735,1.0,0.001013240311294794,9.999999747378752e-05
1736,1.0,0.0015082461759448051,9.999999747378752e-05
1737,1.0,0.0008859898080118,9.999999747378752e-05
1738,1.0,0.01046875398606062,9.999999747378752e-05
1739,1.0,0.006551641505211592,9.999999747378752e-05
1740,1.0,0.0007204411085695028,9.999999747378752e-05
1741,1.0,0.004899647086858749,9.999999747378752e-05
1742,1.0,0.0016122753731906414,9.999999747378752e-05
1743,1.0,0.0012811151100322604,9.999999747378752e-05
1744,1.0,0.004940943792462349,9.999999747378752e-05
1745,1.0,0.0030326456762850285,9.999999747378752e-05
1746,1.0,0.0008944846922531724,9.999999747378752e-05
1747,1.0,0.0019128016429021955,9.999999747378752e-05
1748,1.0,0.002195390174165368,9.999999747378752e-05
1749,1.0,0.0019418972078710794,9.999999747378752e-05
1750,1.0,0.0015767656732350588,9.999999747378752e-05
1751,1.0,0.0020502491388469934,9.999999747378752e-05
1752,1.0,0.0022070808336138725,9.999999747378752e-05
1753,1.0,0.0007147914730012417,9.999999747378752e-05
1754,1.0,0.002275099279358983,9.999999747378752e-05
1755,1.0,0.0007438204484060407,9.999999747378752e-05
1756,1.0,0.0013522051740437746,9.999999747378752e-05
1757,1.0,0.0013664751313626766,9.999999747378752e-05
1758,1.0,0.0006166438688524067,9.999999747378752e-05
1759,1.0,0.0036432454362511635,9.999999747378752e-05
1760,1.0,0.004203862976282835,9.999999747378752e-05
1761,1.0,0.001238951226696372,9.999999747378752e-05
1762,1.0,0.001318853348493576,9.999999747378752e-05
1763,1.0,0.0075127314776182175,9.999999747378752e-05
1764,1.0,0.0042292168363928795,9.999999747378752e-05
1765,1.0,0.008208507671952248,9.999999747378752e-05
1766,1.0,0.0009057478746399283,9.999999747378752e-05
1767,1.0,0.0011919861426576972,9.999999747378752e-05
1768,1.0,0.003335848916321993,9.999999747378752e-05
1769,1.0,0.0022125528194010258,9.999999747378752e-05
1770,1.0,0.0038910272996872663,9.999999747378752e-05
1771,1.0,0.0010007756063714623,9.999999747378752e-05
1772,1.0,0.011424744501709938,9.999999747378752e-05
1773,1.0,0.0017422246746718884,9.999999747378752e-05
1774,1.0,0.0045316098257899284,9.999999747378752e-05
1775,1.0,0.0028073678258806467,9.999999747378752e-05
1776,1.0,0.006315740291029215,9.999999747378752e-05
1777,1.0,0.003684881143271923,9.999999747378752e-05
1778,1.0,0.01224594283849001,9.999999747378752e-05
1779,1.0,0.0027135976124554873,9.999999747378752e-05
1780,1.0,0.0030126820784062147,9.999999747378752e-05
1781,1.0,0.002516584936529398,9.999999747378752e-05
1782,1.0,0.004789273254573345,9.999999747378752e-05
1783,1.0,0.008057719096541405,9.999999747378752e-05
1784,1.0,0.0019863834604620934,9.999999747378752e-05
1785,1.0,0.003227541921660304,9.999999747378752e-05
1786,1.0,0.005071085412055254,9.999999747378752e-05
1787,1.0,0.0023312647826969624,9.999999747378752e-05
1788,1.0,0.001521443948149681,9.999999747378752e-05
1789,1.0,0.014329703524708748,9.999999747378752e-05
1790,1.0,0.006259519141167402,9.999999747378752e-05
1791,1.0,0.001881081610918045,9.999999747378752e-05
1792,1.0,0.003191967261955142,9.999999747378752e-05
1793,1.0,0.002203364623710513,9.999999747378752e-05
1794,1.0,0.014094953425228596,9.999999747378752e-05
1795,1.0,0.011561775580048561,9.999999747378752e-05
1796,1.0,0.0017452313331887126,9.999999747378752e-05
1797,1.0,0.004968962632119656,9.999999747378752e-05
1798,1.0,0.0015339694218710065,9.999999747378752e-05
1799,1.0,0.008180617354810238,9.999999747378752e-05
1800,1.0,0.0010052964789792895,9.999999747378752e-05
1801,1.0,0.0016955637838691473,9.999999747378752e-05
1802,1.0,0.0006009330973029137,9.999999747378752e-05
1803,1.0,0.0022067767567932606,9.999999747378752e-05
1804,1.0,0.0021983834449201822,9.999999747378752e-05
1805,1.0,0.003223541658371687,9.999999747378752e-05
1806,1.0,0.0016515061724931002,9.999999747378752e-05
1807,1.0,0.002570819342508912,9.999999747378752e-05
1808,1.0,0.0038436849135905504,9.999999747378752e-05
1809,1.0,0.0016156000783666968,9.999999747378752e-05
1810,1.0,0.011264186352491379,9.999999747378752e-05
1811,1.0,0.0025242879055440426,9.999999747378752e-05
1812,1.0,0.0030694762244820595,9.999999747378752e-05
1813,1.0,0.0014374410966411233,9.999999747378752e-05
1814,1.0,0.0024597463198006153,9.999999747378752e-05
1815,1.0,0.003905351273715496,9.999999747378752e-05
1816,1.0,0.0017085225554183125,9.999999747378752e-05
1817,1.0,0.005886410363018513,9.999999747378752e-05
1818,1.0,0.004405542742460966,9.999999747378752e-05
1819,1.0,0.0009595801820978522,9.999999747378752e-05
1820,1.0,0.001279278309084475,9.999999747378752e-05
1821,1.0,0.002126462059095502,9.999999747378752e-05
1822,1.0,0.0013560379156842828,9.999999747378752e-05
1823,1.0,0.005665493663400412,9.999999747378752e-05
1824,1.0,0.0010454480070620775,9.999999747378752e-05
1825,1.0,0.0017037797952070832,9.999999747378752e-05
1826,1.0,0.0024121825117617846,9.999999747378752e-05
1827,1.0,0.0005720758927054703,9.999999747378752e-05
1828,1.0,0.0014837972121313214,9.999999747378752e-05
1829,1.0,0.0007309875218197703,9.999999747378752e-05
1830,1.0,0.004306219983845949,9.999999747378752e-05
1831,1.0,0.0016527228290215135,9.999999747378752e-05
1832,1.0,0.0034298060927540064,9.999999747378752e-05
1833,1.0,0.0013125687837600708,9.999999747378752e-05
1834,1.0,0.0016071500722318888,9.999999747378752e-05
1835,1.0,0.0016849745297804475,9.999999747378752e-05
1836,1.0,0.0009361922275274992,9.999999747378752e-05
1837,1.0,0.004850584082305431,9.999999747378752e-05
1838,1.0,0.002054742770269513,9.999999747378752e-05
1839,1.0,0.0010422171326354146,9.999999747378752e-05
1840,1.0,0.001383263268508017,9.999999747378752e-05
1841,1.0,0.003371479921042919,9.999999747378752e-05
1842,1.0,0.004246885888278484,9.999999747378752e-05
1843,1.0,0.0022612500470131636,9.999999747378752e-05
1844,1.0,0.0007811738178133965,9.999999747378752e-05
1845,1.0,0.0013600377133116126,9.999999747378752e-05
1846,1.0,0.00213962746784091,9.999999747378752e-05
1847,1.0,0.023540642112493515,9.999999747378752e-05
1848,0.9908257126808167,0.01629939116537571,9.999999747378752e-05
1849,0.9816513657569885,0.07108016312122345,9.999999747378752e-05
1850,0.9908257126808167,0.021967688575387,9.999999747378752e-05
1851,1.0,0.012367651797831059,9.999999747378752e-05
1852,1.0,0.0055815610103309155,9.999999747378752e-05
1853,1.0,0.004080553539097309,9.999999747378752e-05
1854,1.0,0.004389844369143248,9.999999747378752e-05
1855,1.0,0.0006822465220466256,9.999999747378752e-05
1856,1.0,0.0012935017002746463,9.999999747378752e-05
1857,1.0,0.006895986385643482,9.999999747378752e-05
1858,1.0,0.0018705686088651419,9.999999747378752e-05
1859,1.0,0.0034124250523746014,9.999999747378752e-05
1860,1.0,0.0036822373513132334,9.999999747378752e-05
1861,1.0,0.002032314660027623,9.999999747378752e-05
1862,1.0,0.0017657183343544602,9.999999747378752e-05
1863,1.0,0.008938569575548172,9.999999747378752e-05
1864,1.0,0.0009940225863829255,9.999999747378752e-05
1865,1.0,0.004071854054927826,9.999999747378752e-05
1866,1.0,0.0008184218895621598,9.999999747378752e-05
1867,1.0,0.001964688068255782,9.999999747378752e-05
1868,1.0,0.003895352827385068,9.999999747378752e-05
1869,1.0,0.003540810663253069,9.999999747378752e-05
1870,1.0,0.0018572506960481405,9.999999747378752e-05
1871,1.0,0.0027794460766017437,9.999999747378752e-05
1872,1.0,0.0028615943156182766,9.999999747378752e-05
1873,1.0,0.002432688605040312,9.999999747378752e-05
1874,1.0,0.0018422106513753533,9.999999747378752e-05
1875,1.0,0.0014842604286968708,9.999999747378752e-05
1876,1.0,0.00172465480864048,9.999999747378752e-05
1877,1.0,0.0008678615558892488,9.999999747378752e-05
1878,1.0,0.0009924952173605561,9.999999747378752e-05
1879,1.0,0.001744653913192451,9.999999747378752e-05
1880,1.0,0.0011108536273241043,9.999999747378752e-05
1881,1.0,0.0026460308581590652,9.999999747378752e-05
1882,1.0,0.0022080158814787865,9.999999747378752e-05
1883,1.0,0.0008645009365864098,9.999999747378752e-05
1884,1.0,0.0009079467272385955,9.999999747378752e-05
1885,1.0,0.002593749901279807,9.999999747378752e-05
1886,1.0,0.00204771407879889,9.999999747378752e-05
1887,1.0,0.0013004980282858014,9.999999747378752e-05
1888,1.0,0.014285183511674404,9.999999747378752e-05
1889,1.0,0.005594194866716862,9.999999747378752e-05
1890,1.0,0.007035237271338701,9.999999747378752e-05
1891,1.0,0.0015824390575289726,9.999999747378752e-05
1892,1.0,0.0025704894214868546,9.999999747378752e-05
1893,1.0,0.006970538292080164,9.999999747378752e-05
1894,1.0,0.002018547849729657,9.999999747378752e-05
1895,1.0,0.0011140599381178617,9.999999747378752e-05
1896,1.0,0.0037148594856262207,9.999999747378752e-05
1897,1.0,0.0016583151882514358,9.999999747378752e-05
1898,1.0,0.004716736264526844,9.999999747378752e-05
1899,1.0,0.001472931238822639,9.999999747378752e-05
1900,1.0,0.004016853868961334,9.999999747378752e-05
1901,1.0,0.0012992167612537742,9.999999747378752e-05
1902,1.0,0.005423157941550016,9.999999747378752e-05
1903,1.0,0.003753053955733776,9.999999747378752e-05
1904,1.0,0.0018314209301024675,9.999999747378752e-05
1905,1.0,0.008003639057278633,9.999999747378752e-05
1906,1.0,0.0007828478119336069,9.999999747378752e-05
1907,1.0,0.0031241802498698235,9.999999747378752e-05
1908,1.0,0.0016047196695581079,9.999999747378752e-05
1909,1.0,0.0006738450028933585,9.999999747378752e-05
1910,1.0,0.0014019261579960585,9.999999747378752e-05
1911,1.0,0.0018495533149689436,9.999999747378752e-05
1912,1.0,0.000996594550088048,9.999999747378752e-05
1913,1.0,0.0014925216091796756,9.999999747378752e-05
1914,1.0,0.0007532964227721095,9.999999747378752e-05
1915,1.0,0.0067246463149785995,9.999999747378752e-05
1916,1.0,0.006508299149572849,9.999999747378752e-05
1917,1.0,0.008838394656777382,9.999999747378752e-05
1918,1.0,0.002003225265070796,9.999999747378752e-05
1919,1.0,0.0017537338426336646,9.999999747378752e-05
1920,1.0,0.0013418575981631875,9.999999747378752e-05
1921,1.0,0.0015511879464611411,9.999999747378752e-05
1922,1.0,0.005780410952866077,9.999999747378752e-05
1923,1.0,0.0035612396895885468,9.999999747378752e-05
1924,1.0,0.005355044733732939,9.999999747378752e-05
1925,1.0,0.0013284753076732159,9.999999747378752e-05
1926,1.0,0.0018643222283571959,9.999999747378752e-05
1927,1.0,0.0047616539523005486,9.999999747378752e-05
1928,1.0,0.003369523910805583,9.999999747378752e-05
1929,1.0,0.000983590492978692,9.999999747378752e-05
1930,1.0,0.0008956781239248812,9.999999747378752e-05
1931,1.0,0.0011569054331630468,9.999999747378752e-05
1932,1.0,0.005507546942681074,9.999999747378752e-05
1933,1.0,0.003021392272785306,9.999999747378752e-05
1934,1.0,0.0045969015918672085,9.999999747378752e-05
1935,1.0,0.0008793775923550129,9.999999747378752e-05
1936,1.0,0.004400559701025486,9.999999747378752e-05
1937,1.0,0.0014776421012356877,9.999999747378752e-05
1938,1.0,0.0015012504300102592,9.999999747378752e-05
1939,1.0,0.005901207681745291,9.999999747378752e-05
1940,1.0,0.0041715605184435844,9.999999747378752e-05
1941,1.0,0.0006794866058044136,9.999999747378752e-05
1942,1.0,0.0014482294209301472,9.999999747378752e-05
1943,1.0,0.003935579210519791,9.999999747378752e-05
1944,1.0,0.000802692084107548,9.999999747378752e-05
1945,1.0,0.0010560922091826797,9.999999747378752e-05
1946,1.0,0.0010514437453821301,9.999999747378752e-05
1947,1.0,0.0010266159661114216,9.999999747378752e-05
1948,1.0,0.0015010273782536387,9.999999747378752e-05
1949,1.0,0.003308356273919344,9.999999747378752e-05
1950,1.0,0.001260411343537271,9.999999747378752e-05
1951,1.0,0.0007557467906735837,9.999999747378752e-05
1952,1.0,0.002896383637562394,9.999999747378752e-05
1953,1.0,0.004802478943020105,9.999999747378752e-05
1954,1.0,0.0038284233305603266,9.999999747378752e-05
1955,1.0,0.0011769102420657873,9.999999747378752e-05
1956,1.0,0.0018102126196026802,9.999999747378752e-05
1957,1.0,0.0012025153264403343,9.999999747378752e-05
1958,1.0,0.017690755426883698,9.999999747378752e-05
1959,1.0,0.011354513466358185,9.999999747378752e-05
1960,1.0,0.015359591692686081,9.999999747378752e-05
1961,1.0,0.008821096271276474,9.999999747378752e-05
1962,1.0,0.006493893451988697,9.999999747378752e-05
1963,1.0,0.004651335533708334,9.999999747378752e-05
1964,1.0,0.0010502468794584274,9.999999747378752e-05
1965,1.0,0.0032959156669676304,9.999999747378752e-05
1966,1.0,0.0010618662927299738,9.999999747378752e-05
1967,1.0,0.0017896833596751094,9.999999747378752e-05
1968,1.0,0.0016335261752828956,9.999999747378752e-05
1969,1.0,0.0018804182764142752,9.999999747378752e-05
1970,1.0,0.0031321633141487837,9.999999747378752e-05
1971,1.0,0.0048340861685574055,9.999999747378752e-05
1972,1.0,0.0005560347926802933,9.999999747378752e-05
1973,1.0,0.0038941202219575644,9.999999747378752e-05
1974,1.0,0.000956704025156796,9.999999747378752e-05
1975,1.0,0.014716275036334991,9.999999747378752e-05
1976,1.0,0.005125874187797308,9.999999747378752e-05
1977,1.0,0.0018873001681640744,9.999999747378752e-05
1978,1.0,0.002332000993192196,9.999999747378752e-05
1979,1.0,0.0024081277661025524,9.999999747378752e-05
1980,1.0,0.001310175284743309,9.999999747378752e-05
1981,1.0,0.0010990165174007416,9.999999747378752e-05
1982,1.0,0.004617912694811821,9.999999747378752e-05
1983,1.0,0.0036910478956997395,9.999999747378752e-05
1984,1.0,0.0022165479604154825,9.999999747378752e-05
1985,1.0,0.00890292227268219,9.999999747378752e-05
1986,1.0,0.009578474797308445,9.999999747378752e-05
1987,1.0,0.0013653422938659787,9.999999747378752e-05
1988,0.9908257126808167,0.01746952161192894,9.999999747378752e-05
1989,1.0,0.0043136668391525745,9.999999747378752e-05
1990,1.0,0.01052025705575943,9.999999747378752e-05
1991,1.0,0.001333834370598197,9.999999747378752e-05
1992,1.0,0.0032938593067228794,9.999999747378752e-05
1993,1.0,0.00561191001906991,9.999999747378752e-05
1994,1.0,0.0023654308170080185,9.999999747378752e-05
1995,1.0,0.0033287780825048685,9.999999747378752e-05
1996,1.0,0.003048909595236182,9.999999747378752e-05
1997,1.0,0.006201992277055979,9.999999747378752e-05
1998,1.0,0.0023536980152130127,9.999999747378752e-05
1999,1.0,0.0008611666853539646,9.999999747378752e-05
