,categorical_accuracy,loss,learning_rate
0,0.8569856882095337,0.34056079387664795,0.0010000000474974513
1,0.8858636021614075,0.2698762118816376,0.0010000000474974513
2,0.89328932762146,0.2618868947029114,0.0010000000474974513
3,0.8910890817642212,0.24575571715831757,0.0010000000474974513
4,0.8968647122383118,0.2506493628025055,0.0010000000474974513
5,0.896039605140686,0.2370270937681198,0.0010000000474974513
6,0.8963146209716797,0.24870817363262177,0.0010000000474974513
7,0.8952144980430603,0.24685737490653992,0.0010000000474974513
8,0.8963146209716797,0.24103859066963196,0.0010000000474974513
9,0.8968647122383118,0.23239067196846008,0.0010000000474974513
10,0.9048404693603516,0.23403169214725494,0.0010000000474974513
11,0.9007150530815125,0.2398371398448944,0.0010000000474974513
12,0.8976897597312927,0.24409036338329315,0.0010000000474974513
13,0.9040154218673706,0.23523443937301636,0.0010000000474974513
14,0.9092409014701843,0.2174135148525238,0.0010000000474974513
15,0.9029152989387512,0.2308005839586258,0.0010000000474974513
16,0.9029152989387512,0.22828678786754608,0.0010000000474974513
17,0.9100660085678101,0.2174459844827652,0.0010000000474974513
18,0.9053905606269836,0.22084103524684906,0.0010000000474974513
19,0.9136413931846619,0.2072521597146988,0.0010000000474974513
20,0.9075907468795776,0.22913412749767303,0.0010000000474974513
21,0.9130913019180298,0.20995984971523285,0.0010000000474974513
22,0.9169417023658752,0.21028244495391846,0.0010000000474974513
23,0.9139164090156555,0.2106572985649109,0.0010000000474974513
24,0.9139164090156555,0.2188778817653656,0.0010000000474974513
25,0.9092409014701843,0.209772527217865,0.0010000000474974513
26,0.9161165952682495,0.20869988203048706,0.0010000000474974513
27,0.9092409014701843,0.21910861134529114,0.0010000000474974513
28,0.9117161631584167,0.20709139108657837,0.0010000000474974513
29,0.9174917340278625,0.21071958541870117,0.0010000000474974513
30,0.9095159769058228,0.21234284341335297,0.0010000000474974513
31,0.9133663177490234,0.2123509645462036,0.0010000000474974513
32,0.9202420115470886,0.19786891341209412,0.0010000000474974513
33,0.9141914248466492,0.2131359577178955,0.0010000000474974513
34,0.9133663177490234,0.20626956224441528,0.0010000000474974513
35,0.922717273235321,0.1974923312664032,0.0010000000474974513
36,0.9166666865348816,0.20139266550540924,0.0010000000474974513
37,0.9158415794372559,0.20259785652160645,0.0010000000474974513
38,0.9188668727874756,0.20036201179027557,0.0010000000474974513
39,0.9169417023658752,0.19659551978111267,0.0010000000474974513
40,0.9183168411254883,0.19825085997581482,0.0010000000474974513
41,0.9235423803329468,0.1956985592842102,0.0010000000474974513
42,0.9147414565086365,0.2015090435743332,0.0010000000474974513
43,0.9194169640541077,0.19561251997947693,0.0010000000474974513
44,0.9224422574043274,0.19041341543197632,0.0010000000474974513
45,0.9224422574043274,0.19513197243213654,0.0010000000474974513
46,0.9188668727874756,0.20013295114040375,0.0010000000474974513
47,0.922717273235321,0.19319868087768555,0.0010000000474974513
48,0.9229922890663147,0.18400900065898895,0.0010000000474974513
49,0.9194169640541077,0.19251511991024017,0.0010000000474974513
50,0.9284928441047668,0.18797019124031067,0.0010000000474974513
51,0.9260175824165344,0.186981201171875,0.0010000000474974513
52,0.9271177053451538,0.18270866572856903,0.0010000000474974513
53,0.9271177053451538,0.18157555162906647,0.0010000000474974513
54,0.9260175824165344,0.18646135926246643,0.0010000000474974513
55,0.9249175190925598,0.18298497796058655,0.0010000000474974513
56,0.9312431216239929,0.1824682205915451,0.0010000000474974513
57,0.9293179512023926,0.1719556599855423,0.0010000000474974513
58,0.9282178282737732,0.181148499250412,0.0010000000474974513
59,0.9320682287216187,0.1761707216501236,0.0010000000474974513
60,0.9254675507545471,0.18125051259994507,0.0010000000474974513
61,0.9290428757667542,0.1861395537853241,0.0010000000474974513
62,0.9238173961639404,0.1817440688610077,0.0010000000474974513
63,0.9328932762145996,0.17339399456977844,0.0010000000474974513
64,0.9301429986953735,0.1745941936969757,0.0010000000474974513
65,0.9304180145263672,0.1801336407661438,0.0010000000474974513
66,0.9301429986953735,0.17562712728977203,0.0010000000474974513
67,0.9295929670333862,0.1713075488805771,0.0010000000474974513
68,0.9282178282737732,0.1750955432653427,0.0010000000474974513
69,0.9293179512023926,0.17456956207752228,0.0010000000474974513
70,0.9295929670333862,0.17743194103240967,0.0010000000474974513
71,0.9315181374549866,0.17038950324058533,0.0010000000474974513
72,0.9301429986953735,0.17680715024471283,0.0010000000474974513
73,0.9364686608314514,0.16317756474018097,0.0010000000474974513
74,0.9273927211761475,0.17158830165863037,0.0010000000474974513
75,0.9262926578521729,0.17653800547122955,0.0010000000474974513
76,0.932618260383606,0.1690807044506073,0.0010000000474974513
77,0.9323432445526123,0.16606105864048004,0.0010000000474974513
78,0.9342684149742126,0.169060617685318,0.0010000000474974513
79,0.9372937083244324,0.16023126244544983,0.0010000000474974513
80,0.9304180145263672,0.1724114865064621,0.0010000000474974513
81,0.9383938312530518,0.16183242201805115,0.0010000000474974513
82,0.9317931532859802,0.1737436205148697,0.0010000000474974513
83,0.9306930899620056,0.1708785444498062,0.0010000000474974513
84,0.9337183833122253,0.16251647472381592,0.0010000000474974513
85,0.9372937083244324,0.16231806576251984,0.0010000000474974513
86,0.935368537902832,0.16297410428524017,0.0010000000474974513
87,0.9320682287216187,0.16682352125644684,0.0010000000474974513
88,0.9345434308052063,0.16249340772628784,0.0010000000474974513
89,0.9350935220718384,0.15978306531906128,0.0010000000474974513
90,0.9345434308052063,0.1625349074602127,0.0010000000474974513
91,0.9323432445526123,0.16477204859256744,0.0010000000474974513
92,0.9361936450004578,0.15803936123847961,0.0010000000474974513
93,0.9392189383506775,0.15197423100471497,0.0010000000474974513
94,0.9392189383506775,0.1560593843460083,0.0010000000474974513
95,0.932618260383606,0.15886037051677704,0.0010000000474974513
96,0.9378437995910645,0.1594693809747696,0.0010000000474974513
97,0.9312431216239929,0.1575155258178711,0.0010000000474974513
98,0.9414191246032715,0.1557934433221817,0.0010000000474974513
99,0.9430692791938782,0.15620657801628113,0.0010000000474974513
100,0.9378437995910645,0.15287889540195465,0.0010000000474974513
101,0.9397689700126648,0.1556866317987442,0.0010000000474974513
102,0.9419692158699036,0.15304939448833466,0.0010000000474974513
103,0.9425192475318909,0.15299150347709656,0.0010000000474974513
104,0.9375687837600708,0.15119318664073944,0.0010000000474974513
105,0.9392189383506775,0.15154263377189636,0.0010000000474974513
106,0.9400439858436584,0.15042537450790405,0.0010000000474974513
107,0.9411441087722778,0.14700716733932495,0.0010000000474974513
108,0.9378437995910645,0.15289729833602905,0.0010000000474974513
109,0.9405940771102905,0.14437122642993927,0.0010000000474974513
110,0.9414191246032715,0.1448250710964203,0.0010000000474974513
111,0.9419692158699036,0.14929397404193878,0.0010000000474974513
112,0.9460946321487427,0.14425379037857056,0.0010000000474974513
113,0.9436193704605103,0.13943664729595184,0.0010000000474974513
114,0.9419692158699036,0.14736422896385193,0.0010000000474974513
115,0.9416941404342651,0.13999086618423462,0.0010000000474974513
116,0.9367436766624451,0.14588704705238342,0.0010000000474974513
117,0.9367436766624451,0.14438050985336304,0.0010000000474974513
118,0.9441694021224976,0.14167293906211853,0.0010000000474974513
119,0.9455445408821106,0.14208117127418518,0.0010000000474974513
120,0.9367436766624451,0.14976420998573303,0.0010000000474974513
121,0.9425192475318909,0.14498436450958252,0.0010000000474974513
122,0.9460946321487427,0.13843001425266266,0.0010000000474974513
123,0.9436193704605103,0.14125779271125793,0.0010000000474974513
124,0.9427942633628845,0.1394183486700058,0.0010000000474974513
125,0.9425192475318909,0.14124681055545807,0.0010000000474974513
126,0.9433443546295166,0.14051763713359833,0.0010000000474974513
127,0.9471946954727173,0.1315314918756485,0.0010000000474974513
128,0.9469196796417236,0.1318504959344864,0.0010000000474974513
129,0.9463696479797363,0.14031274616718292,0.0010000000474974513
130,0.9455445408821106,0.138365238904953,0.0010000000474974513
131,0.9513201117515564,0.13246940076351166,0.0010000000474974513
132,0.9471946954727173,0.13153989613056183,0.0010000000474974513
133,0.9436193704605103,0.13904701173305511,0.0010000000474974513
134,0.9471946954727173,0.13365399837493896,0.0010000000474974513
135,0.9438943862915039,0.1314902901649475,0.0010000000474974513
136,0.9438943862915039,0.1374250054359436,0.0010000000474974513
137,0.9422442317008972,0.13792455196380615,0.0010000000474974513
138,0.9447194933891296,0.13424499332904816,0.0010000000474974513
139,0.9507700800895691,0.1302231103181839,0.0010000000474974513
140,0.9504950642585754,0.12596268951892853,0.0010000000474974513
141,0.9474697709083557,0.1314070224761963,0.0010000000474974513
142,0.9455445408821106,0.14066407084465027,0.0010000000474974513
143,0.9444444179534912,0.1307433843612671,0.0010000000474974513
144,0.9458195567131042,0.13081037998199463,0.0010000000474974513
145,0.9513201117515564,0.12600858509540558,0.0010000000474974513
146,0.9488449096679688,0.13101814687252045,0.0010000000474974513
147,0.9436193704605103,0.13298006355762482,0.0010000000474974513
148,0.9485698342323303,0.1271200329065323,0.0010000000474974513
149,0.9504950642585754,0.126012921333313,0.0010000000474974513
150,0.949394941329956,0.1259775310754776,0.0010000000474974513
151,0.948019802570343,0.1263955682516098,0.0010000000474974513
152,0.949394941329956,0.12634111940860748,0.0010000000474974513
153,0.9491199254989624,0.12888988852500916,0.0010000000474974513
154,0.9532453417778015,0.12226580083370209,0.0010000000474974513
155,0.9518702030181885,0.1185496598482132,0.0010000000474974513
156,0.9524202346801758,0.12274251133203506,0.0010000000474974513
157,0.9507700800895691,0.11913749575614929,0.0010000000474974513
158,0.9513201117515564,0.12018916010856628,0.0010000000474974513
159,0.9526952505111694,0.11924640089273453,0.0010000000474974513
160,0.9532453417778015,0.12564271688461304,0.0010000000474974513
161,0.9502200484275818,0.1307835429906845,0.0010000000474974513
162,0.94664466381073,0.1273512989282608,0.0010000000474974513
163,0.9570956826210022,0.11090561747550964,0.0010000000474974513
164,0.9551705121994019,0.11571862548589706,0.0010000000474974513
165,0.9546204805374146,0.11286496371030807,0.0010000000474974513
166,0.9524202346801758,0.11467648297548294,0.0010000000474974513
167,0.9554455280303955,0.11529622972011566,0.0010000000474974513
168,0.9554455280303955,0.11078827828168869,0.0010000000474974513
169,0.9573707580566406,0.1093614473938942,0.0010000000474974513
170,0.9496699571609497,0.11802827566862106,0.0010000000474974513
171,0.9546204805374146,0.11456319689750671,0.0010000000474974513
172,0.9579207897186279,0.11247837543487549,0.0010000000474974513
173,0.959295928478241,0.10571727901697159,0.0010000000474974513
174,0.9540703892707825,0.10891568660736084,0.0010000000474974513
175,0.9584708213806152,0.10765812546014786,0.0010000000474974513
176,0.9491199254989624,0.12198344618082047,0.0010000000474974513
177,0.9573707580566406,0.10920875519514084,0.0010000000474974513
178,0.9559956192970276,0.11316028237342834,0.0010000000474974513
179,0.9570956826210022,0.10998020321130753,0.0010000000474974513
180,0.9576457738876343,0.10508310049772263,0.0010000000474974513
181,0.9612210988998413,0.10082707554101944,0.0010000000474974513
182,0.9540703892707825,0.11159210652112961,0.0010000000474974513
183,0.9590209126472473,0.10616940259933472,0.0010000000474974513
184,0.9595709443092346,0.10796742141246796,0.0010000000474974513
185,0.9559956192970276,0.11191783100366592,0.0010000000474974513
186,0.9535203576087952,0.11295406520366669,0.0010000000474974513
187,0.9584708213806152,0.10646861791610718,0.0010000000474974513
188,0.9617711901664734,0.10417797416448593,0.0010000000474974513
189,0.9614961743354797,0.10063759982585907,0.0010000000474974513
190,0.9595709443092346,0.10104412585496902,0.0010000000474974513
191,0.960671067237854,0.10144221782684326,0.0010000000474974513
192,0.9581958055496216,0.10739204287528992,0.0010000000474974513
193,0.9617711901664734,0.09908346086740494,0.0010000000474974513
194,0.9628713130950928,0.1014973521232605,0.0010000000474974513
195,0.9623212218284607,0.09797119349241257,0.0010000000474974513
196,0.9598459601402283,0.10129071027040482,0.0010000000474974513
197,0.9658966064453125,0.09417055547237396,0.0010000000474974513
198,0.9636963605880737,0.0933055505156517,0.0010000000474974513
199,0.9614961743354797,0.09765830636024475,0.0010000000474974513
200,0.9625962376594543,0.09428594261407852,0.0010000000474974513
201,0.9639713764190674,0.09379258006811142,0.0010000000474974513
202,0.962046205997467,0.10068491846323013,0.0010000000474974513
203,0.9562706351280212,0.10504866391420364,0.0010000000474974513
204,0.9570956826210022,0.10535147786140442,0.0010000000474974513
205,0.9623212218284607,0.09643091261386871,0.0010000000474974513
206,0.9603960514068604,0.09101593494415283,0.0010000000474974513
207,0.9686468839645386,0.0878094956278801,0.0010000000474974513
208,0.9623212218284607,0.09345924109220505,0.0010000000474974513
209,0.962046205997467,0.09780343621969223,0.0010000000474974513
210,0.9675467610359192,0.08707817643880844,0.0010000000474974513
211,0.9658966064453125,0.09079992026090622,0.0010000000474974513
212,0.9631463289260864,0.08627968281507492,0.0010000000474974513
213,0.9656215906143188,0.08907005935907364,0.0010000000474974513
214,0.9631463289260864,0.09193473309278488,0.0010000000474974513
215,0.9661716222763062,0.08625859767198563,0.0010000000474974513
216,0.9634213447570801,0.09120091050863266,0.0010000000474974513
217,0.9653465151786804,0.0898074358701706,0.0010000000474974513
218,0.9680967926979065,0.08806721121072769,0.0010000000474974513
219,0.9647964835166931,0.08699033409357071,0.0010000000474974513
220,0.9669967293739319,0.08581797778606415,0.0010000000474974513
221,0.9664466381072998,0.0895850658416748,0.0010000000474974513
222,0.962046205997467,0.08980250358581543,0.0010000000474974513
223,0.9609460830688477,0.09375378489494324,0.0010000000474974513
224,0.9716721773147583,0.0812985897064209,0.0010000000474974513
225,0.9642464518547058,0.08696480840444565,0.0010000000474974513
226,0.9675467610359192,0.08486279845237732,0.0010000000474974513
227,0.9678217768669128,0.08400614559650421,0.0010000000474974513
228,0.9647964835166931,0.09231939911842346,0.0010000000474974513
229,0.9683718085289001,0.08070798218250275,0.0010000000474974513
230,0.9683718085289001,0.0850336030125618,0.0010000000474974513
231,0.9675467610359192,0.08855647593736649,0.0010000000474974513
232,0.9724972248077393,0.07547754049301147,0.0010000000474974513
233,0.9716721773147583,0.07552368938922882,0.0010000000474974513
234,0.9667216539382935,0.08224719017744064,0.0010000000474974513
235,0.9711220860481262,0.08181990683078766,0.0010000000474974513
236,0.9689218997955322,0.08448982238769531,0.0010000000474974513
237,0.9656215906143188,0.0846577063202858,0.0010000000474974513
238,0.9653465151786804,0.08395446091890335,0.0010000000474974513
239,0.9711220860481262,0.07724828273057938,0.0010000000474974513
240,0.9724972248077393,0.0738946944475174,0.0010000000474974513
241,0.9738723635673523,0.07415194809436798,0.0010000000474974513
242,0.9653465151786804,0.08165158331394196,0.0010000000474974513
243,0.9697469472885132,0.07657638192176819,0.0010000000474974513
244,0.9722222089767456,0.07306825369596481,0.0010000000474974513
245,0.973322331905365,0.06804966181516647,0.0010000000474974513
246,0.9711220860481262,0.07548745721578598,0.0010000000474974513
247,0.9724972248077393,0.07550517469644547,0.0010000000474974513
248,0.974697470664978,0.06749261170625687,0.0010000000474974513
249,0.9744224548339844,0.0714762881398201,0.0010000000474974513
250,0.9727723002433777,0.07389901578426361,0.0010000000474974513
251,0.9752475023269653,0.07137734442949295,0.0010000000474974513
252,0.9700220227241516,0.07848233729600906,0.0010000000474974513
253,0.9727723002433777,0.07050006836652756,0.0010000000474974513
254,0.9749724864959717,0.07045042514801025,0.0010000000474974513
255,0.9810230731964111,0.060846466571092606,0.0010000000474974513
256,0.9735973477363586,0.06729099899530411,0.0010000000474974513
257,0.9741474390029907,0.07036732882261276,0.0010000000474974513
258,0.9771727323532104,0.06379854679107666,0.0010000000474974513
259,0.9771727323532104,0.061927225440740585,0.0010000000474974513
260,0.9694719314575195,0.07404281944036484,0.0010000000474974513
261,0.9716721773147583,0.07161228358745575,0.0010000000474974513
262,0.9744224548339844,0.07173098623752594,0.0010000000474974513
263,0.9741474390029907,0.07113603502511978,0.0010000000474974513
264,0.9702970385551453,0.07195258140563965,0.0010000000474974513
265,0.9807480573654175,0.0587301105260849,0.0010000000474974513
266,0.9757975935935974,0.06123870238661766,0.0010000000474974513
267,0.9815731644630432,0.05648326128721237,0.0010000000474974513
268,0.9744224548339844,0.06641791760921478,0.0010000000474974513
269,0.9708470702171326,0.07134274393320084,0.0010000000474974513
270,0.973322331905365,0.06683019548654556,0.0010000000474974513
271,0.9680967926979065,0.07983270287513733,0.0010000000474974513
272,0.9774477481842041,0.05967003107070923,0.0010000000474974513
273,0.9744224548339844,0.0675940290093422,0.0010000000474974513
274,0.9749724864959717,0.06411447376012802,0.0010000000474974513
275,0.9766226410865784,0.06474602967500687,0.0010000000474974513
276,0.9826732873916626,0.05205050855875015,0.0010000000474974513
277,0.9804730415344238,0.051704294979572296,0.0010000000474974513
278,0.9689218997955322,0.08872754126787186,0.0010000000474974513
279,0.9815731644630432,0.05706644430756569,0.0010000000474974513
280,0.971947193145752,0.06613323837518692,0.0010000000474974513
281,0.9768977165222168,0.06205570325255394,0.0010000000474974513
282,0.9779977798461914,0.058903902769088745,0.0010000000474974513
283,0.973322331905365,0.06734481453895569,0.0010000000474974513
284,0.9760726094245911,0.06691078841686249,0.0010000000474974513
285,0.9785478711128235,0.0539219006896019,0.0010000000474974513
286,0.9779977798461914,0.05583662539720535,0.0010000000474974513
287,0.9801980257034302,0.05586162209510803,0.0010000000474974513
288,0.9796479940414429,0.05332821235060692,0.0010000000474974513
289,0.9807480573654175,0.05619841441512108,0.0010000000474974513
290,0.9744224548339844,0.06537941843271255,0.0010000000474974513
291,0.9779977798461914,0.05656498298048973,0.0010000000474974513
292,0.9768977165222168,0.059729382395744324,0.0010000000474974513
293,0.9801980257034302,0.053659263998270035,0.0010000000474974513
294,0.9854235649108887,0.04586266726255417,0.0010000000474974513
295,0.9829483032226562,0.05036034435033798,0.0010000000474974513
296,0.9807480573654175,0.05071185529232025,0.0010000000474974513
297,0.9807480573654175,0.04974420741200447,0.0010000000474974513
298,0.9818481802940369,0.05444725230336189,0.0010000000474974513
299,0.9771727323532104,0.05998193472623825,0.0010000000474974513
300,0.9812981486320496,0.051153555512428284,0.0010000000474974513
301,0.9785478711128235,0.054921820759773254,0.0010000000474974513
302,0.9796479940414429,0.05503566563129425,0.0010000000474974513
303,0.9810230731964111,0.05412149429321289,0.0010000000474974513
304,0.973322331905365,0.06880348920822144,0.0010000000474974513
305,0.9812981486320496,0.050406139343976974,0.0010000000474974513
306,0.9826732873916626,0.05171605572104454,0.0010000000474974513
307,0.9826732873916626,0.04905203729867935,0.0010000000474974513
308,0.9862486124038696,0.04366197809576988,0.0010000000474974513
309,0.9760726094245911,0.06539536267518997,0.0010000000474974513
310,0.9799230098724365,0.052301615476608276,0.0010000000474974513
311,0.9900990128517151,0.038107167929410934,0.0010000000474974513
312,0.9854235649108887,0.03878387436270714,0.0010000000474974513
313,0.9870737195014954,0.041076209396123886,0.0010000000474974513
314,0.9766226410865784,0.061364881694316864,0.0010000000474974513
315,0.9832233190536499,0.0465882308781147,0.0010000000474974513
316,0.9821231961250305,0.049732375890016556,0.0010000000474974513
317,0.9823982119560242,0.050014857202768326,0.0010000000474974513
318,0.9889988899230957,0.036090776324272156,0.0010000000474974513
319,0.9865236282348633,0.04395921155810356,0.0010000000474974513
320,0.9793729186058044,0.05383051931858063,0.0010000000474974513
321,0.9793729186058044,0.05195870250463486,0.0010000000474974513
322,0.9815731644630432,0.05185422673821449,0.0010000000474974513
323,0.9840484261512756,0.044877517968416214,0.0010000000474974513
324,0.9856985807418823,0.043336909264326096,0.0010000000474974513
325,0.9834983348846436,0.04432225972414017,0.0010000000474974513
326,0.9840484261512756,0.04596135765314102,0.0010000000474974513
327,0.9834983348846436,0.04218001663684845,0.0010000000474974513
328,0.9834983348846436,0.04852752387523651,0.0010000000474974513
329,0.9845984578132629,0.042127396911382675,0.0010000000474974513
330,0.9917491674423218,0.030556920915842056,0.0010000000474974513
331,0.9799230098724365,0.055873360484838486,0.0010000000474974513
332,0.9848734736442566,0.04570288211107254,0.0010000000474974513
333,0.9788228869438171,0.04904984310269356,0.0010000000474974513
334,0.9826732873916626,0.04900973290205002,0.0010000000474974513
335,0.9900990128517151,0.03425879031419754,0.0010000000474974513
336,0.9790979027748108,0.05644714832305908,0.0010000000474974513
337,0.9876237511634827,0.040416717529296875,0.0010000000474974513
338,0.9810230731964111,0.052621304988861084,0.0010000000474974513
339,0.9837733507156372,0.0488501600921154,0.0010000000474974513
340,0.9881738424301147,0.032901376485824585,0.0010000000474974513
341,0.9895489811897278,0.035514168441295624,0.0010000000474974513
342,0.9832233190536499,0.047043975442647934,0.0010000000474974513
343,0.9892739057540894,0.036159854382276535,0.0010000000474974513
344,0.9856985807418823,0.03771745786070824,0.0010000000474974513
345,0.9832233190536499,0.0461328849196434,0.0010000000474974513
346,0.9837733507156372,0.04444008320569992,0.0010000000474974513
347,0.9804730415344238,0.046678297221660614,0.0010000000474974513
348,0.9925742745399475,0.03096858039498329,0.0010000000474974513
349,0.9823982119560242,0.04624342918395996,0.0010000000474974513
350,0.9865236282348633,0.0378226637840271,0.0010000000474974513
351,0.9867987036705017,0.03571847453713417,0.0010000000474974513
352,0.9856985807418823,0.04045647010207176,0.0010000000474974513
353,0.9903740286827087,0.03250108286738396,0.0010000000474974513
354,0.9917491674423218,0.028998831287026405,0.0010000000474974513
355,0.9763476252555847,0.05938927084207535,0.0010000000474974513
356,0.9771727323532104,0.05247899889945984,0.0010000000474974513
357,0.9922992587089539,0.028340164572000504,0.0010000000474974513
358,0.9898239970207214,0.034213483333587646,0.0010000000474974513
359,0.9933993220329285,0.029508374631404877,0.0010000000474974513
360,0.9865236282348633,0.04083188995718956,0.0010000000474974513
361,0.9790979027748108,0.047212373465299606,0.0010000000474974513
362,0.9878987669944763,0.038824886083602905,0.0010000000474974513
363,0.9845984578132629,0.04169788211584091,0.0010000000474974513
364,0.9854235649108887,0.044814325869083405,0.0010000000474974513
365,0.9953245520591736,0.023529481142759323,0.0010000000474974513
366,0.9914741516113281,0.03058980219066143,0.0010000000474974513
367,0.9840484261512756,0.042894147336483,0.0010000000474974513
368,0.9922992587089539,0.027033731341362,0.0010000000474974513
369,0.9865236282348633,0.04069747030735016,0.0010000000474974513
370,0.9785478711128235,0.05301665514707565,0.0010000000474974513
371,0.9867987036705017,0.03804991394281387,0.0010000000474974513
372,0.9862486124038696,0.04018883407115936,0.0010000000474974513
373,0.988723874092102,0.03326743096113205,0.0010000000474974513
374,0.9914741516113281,0.028078332543373108,0.0010000000474974513
375,0.9889988899230957,0.030364099889993668,0.0010000000474974513
376,0.9771727323532104,0.0558808371424675,0.0010000000474974513
377,0.9928492903709412,0.02522962912917137,0.0010000000474974513
378,0.9933993220329285,0.025394028052687645,0.0010000000474974513
379,0.9931243062019348,0.024893824011087418,0.0010000000474974513
380,0.9950494766235352,0.021299326792359352,0.0010000000474974513
381,0.9812981486320496,0.046344030648469925,0.0010000000474974513
382,0.9810230731964111,0.052502408623695374,0.0010000000474974513
383,0.9878987669944763,0.03704534471035004,0.0010000000474974513
384,0.9898239970207214,0.030570605769753456,0.0010000000474974513
385,0.9936743378639221,0.026992296800017357,0.0010000000474974513
386,0.9911991357803345,0.027543626725673676,0.0010000000474974513
387,0.9771727323532104,0.062174778431653976,0.0010000000474974513
388,0.9867987036705017,0.03672807663679123,0.0010000000474974513
389,0.9944994449615479,0.0255032479763031,0.0010000000474974513
390,0.9818481802940369,0.0567634254693985,0.0010000000474974513
391,0.9900990128517151,0.03135678917169571,0.0010000000474974513
392,0.9953245520591736,0.02041505090892315,0.0010000000474974513
393,0.9933993220329285,0.024432804435491562,0.0010000000474974513
394,0.9821231961250305,0.053135622292757034,0.0010000000474974513
395,0.9953245520591736,0.022831173613667488,0.0010000000474974513
396,0.9914741516113281,0.026855362579226494,0.0010000000474974513
397,0.973322331905365,0.06827174127101898,0.0010000000474974513
398,0.9922992587089539,0.027547219768166542,0.0010000000474974513
399,0.9848734736442566,0.04000343754887581,0.0010000000474974513
400,0.9848734736442566,0.04106510430574417,0.0010000000474974513
401,0.9898239970207214,0.03211110457777977,0.0010000000474974513
402,0.9870737195014954,0.037508804351091385,0.0010000000474974513
403,0.9958745837211609,0.01859784871339798,0.0010000000474974513
404,0.9944994449615479,0.022149721160531044,0.0010000000474974513
405,0.9950494766235352,0.019529543817043304,0.0010000000474974513
406,0.987348735332489,0.04051796719431877,0.0010000000474974513
407,0.9722222089767456,0.06428422033786774,0.0010000000474974513
408,0.9898239970207214,0.028113137930631638,0.0010000000474974513
409,0.9917491674423218,0.026971369981765747,0.0010000000474974513
410,0.9928492903709412,0.024264805018901825,0.0010000000474974513
411,0.9958745837211609,0.01924782432615757,0.0010000000474974513
412,0.9939494132995605,0.024731600657105446,0.0010000000474974513
413,0.9845984578132629,0.04127445071935654,0.0010000000474974513
414,0.987348735332489,0.038356222212314606,0.0010000000474974513
415,0.9889988899230957,0.030185749754309654,0.0010000000474974513
416,0.9944994449615479,0.021949583664536476,0.0010000000474974513
417,0.9975247383117676,0.01793443225324154,0.0010000000474974513
418,0.9909241199493408,0.02438192069530487,0.0010000000474974513
419,0.9812981486320496,0.051164042204618454,0.0010000000474974513
420,0.9925742745399475,0.02793322131037712,0.0010000000474974513
421,0.9920241832733154,0.02467467449605465,0.0010000000474974513
422,0.9865236282348633,0.037014350295066833,0.0010000000474974513
423,0.9884488582611084,0.032664500176906586,0.0010000000474974513
424,0.9928492903709412,0.025633538141846657,0.0010000000474974513
425,0.9953245520591736,0.01985166221857071,0.0010000000474974513
426,0.9917491674423218,0.02541770599782467,0.0010000000474974513
427,0.9947744607925415,0.020368428900837898,0.0010000000474974513
428,0.9944994449615479,0.020267095416784286,0.0010000000474974513
429,0.988723874092102,0.02964480221271515,0.0010000000474974513
430,0.9895489811897278,0.030274778604507446,0.0010000000474974513
431,0.9942244291305542,0.022929435595870018,0.0010000000474974513
432,0.9727723002433777,0.07852887362241745,0.0010000000474974513
433,0.9909241199493408,0.028535084798932076,0.0010000000474974513
434,0.9980748295783997,0.014161248691380024,0.0010000000474974513
435,0.9958745837211609,0.01689990796148777,0.0010000000474974513
436,0.9983498454093933,0.01291459146887064,0.0010000000474974513
437,0.9889988899230957,0.02925676666200161,0.0010000000474974513
438,0.9870737195014954,0.039153315126895905,0.0010000000474974513
439,0.9909241199493408,0.026686912402510643,0.0010000000474974513
440,0.9944994449615479,0.01994961127638817,0.0010000000474974513
441,0.9942244291305542,0.020975064486265182,0.0010000000474974513
442,0.9906490445137024,0.02638956718146801,0.0010000000474974513
443,0.9900990128517151,0.02766828052699566,0.0010000000474974513
444,0.9771727323532104,0.05490095913410187,0.0010000000474974513
445,0.9950494766235352,0.02084141969680786,0.0010000000474974513
446,0.9933993220329285,0.024040954187512398,0.0010000000474974513
447,0.9914741516113281,0.022956036031246185,0.0010000000474974513
448,0.9964246153831482,0.015335182659327984,0.0010000000474974513
449,0.9898239970207214,0.032858073711395264,0.0010000000474974513
450,0.9972497224807739,0.013796822167932987,0.0010000000474974513
451,0.9889988899230957,0.028718549758195877,0.0010000000474974513
452,0.9807480573654175,0.05145113542675972,0.0010000000474974513
453,0.9925742745399475,0.024622425436973572,0.0010000000474974513
454,0.9953245520591736,0.01795032061636448,0.0010000000474974513
455,0.9867987036705017,0.03873319551348686,0.0010000000474974513
456,0.9917491674423218,0.024508599191904068,0.0010000000474974513
457,0.9980748295783997,0.01213607657700777,0.0010000000474974513
458,0.9980748295783997,0.01047721691429615,0.0010000000474974513
459,0.9983498454093933,0.01031347457319498,0.0010000000474974513
460,0.9933993220329285,0.01985914632678032,0.0010000000474974513
461,0.9818481802940369,0.0475461483001709,0.0010000000474974513
462,0.985973596572876,0.04632527381181717,0.0010000000474974513
463,0.9922992587089539,0.024691766127943993,0.0010000000474974513
464,0.9942244291305542,0.021115977317094803,0.0010000000474974513
465,0.9914741516113281,0.029770538210868835,0.0010000000474974513
466,0.9870737195014954,0.03677073493599892,0.0010000000474974513
467,0.9936743378639221,0.023999862372875214,0.0010000000474974513
468,0.9977997541427612,0.01240165438503027,0.0010000000474974513
469,0.9955995678901672,0.015891240909695625,0.0010000000474974513
470,0.9884488582611084,0.03295644745230675,0.0010000000474974513
471,0.9972497224807739,0.013641041703522205,0.0010000000474974513
472,0.9980748295783997,0.012344608083367348,0.0010000000474974513
473,0.9920241832733154,0.025565071031451225,0.0010000000474974513
474,0.9947744607925415,0.021477291360497475,0.0010000000474974513
475,0.9975247383117676,0.013009792193770409,0.0010000000474974513
476,0.9964246153831482,0.014962929300963879,0.0010000000474974513
477,0.9823982119560242,0.04510036110877991,0.0010000000474974513
478,0.9898239970207214,0.03028281219303608,0.0010000000474974513
479,0.9947744607925415,0.02038029581308365,0.0010000000474974513
480,0.9925742745399475,0.02448108419775963,0.0010000000474974513
481,0.9895489811897278,0.02540343627333641,0.0010000000474974513
482,0.9991748929023743,0.010030321776866913,0.0010000000474974513
483,0.9983498454093933,0.01109813991934061,0.0010000000474974513
484,0.998624861240387,0.0100171510130167,0.0010000000474974513
485,0.9829483032226562,0.042595382779836655,0.0010000000474974513
486,0.9931243062019348,0.02335994504392147,0.0010000000474974513
487,0.9975247383117676,0.011700433678925037,0.0010000000474974513
488,0.9812981486320496,0.05168084800243378,0.0010000000474974513
489,0.9829483032226562,0.04107764735817909,0.0010000000474974513
490,0.9922992587089539,0.022943494841456413,0.0010000000474974513
491,0.9969747066497803,0.013615528121590614,0.0010000000474974513
492,1.0,0.006898483261466026,0.0010000000474974513
493,0.9958745837211609,0.013617977499961853,0.0010000000474974513
494,0.9966996908187866,0.01445102784782648,0.0010000000474974513
495,0.9807480573654175,0.05304679647088051,0.0010000000474974513
496,0.9975247383117676,0.013554174453020096,0.0010000000474974513
497,0.9991748929023743,0.011542321182787418,0.0010000000474974513
498,0.9972497224807739,0.012570690363645554,0.0010000000474974513
499,0.9895489811897278,0.028424717485904694,0.0010000000474974513
500,0.9834983348846436,0.048911213874816895,0.0010000000474974513
501,0.9925742745399475,0.021387619897723198,0.0010000000474974513
502,0.9961495995521545,0.01457238756120205,0.0010000000474974513
503,0.9980748295783997,0.014241882599890232,0.0010000000474974513
504,0.9991748929023743,0.008120935410261154,0.0010000000474974513
505,0.9994499683380127,0.006069029215723276,0.0010000000474974513
506,0.9961495995521545,0.013376478105783463,0.0010000000474974513
507,0.9911991357803345,0.026044772937893867,0.0010000000474974513
508,0.9876237511634827,0.032210685312747955,0.0010000000474974513
509,0.9920241832733154,0.022650141268968582,0.0010000000474974513
510,0.9950494766235352,0.01810624822974205,0.0010000000474974513
511,0.9964246153831482,0.013868307694792747,0.0010000000474974513
512,0.9933993220329285,0.018262453377246857,0.0010000000474974513
513,0.9950494766235352,0.01747109554708004,0.0010000000474974513
514,0.9977997541427612,0.011822539381682873,0.0010000000474974513
515,0.9884488582611084,0.031862203031778336,0.0010000000474974513
516,0.9909241199493408,0.028148097917437553,0.0010000000474974513
517,0.987348735332489,0.0363837294280529,0.0010000000474974513
518,0.9980748295783997,0.011700449511408806,0.0010000000474974513
519,0.9889988899230957,0.032667942345142365,0.0010000000474974513
520,0.998624861240387,0.011618660762906075,0.0010000000474974513
521,0.9994499683380127,0.0064584314823150635,0.0010000000474974513
522,0.9997249841690063,0.0056245215237140656,0.0010000000474974513
523,1.0,0.004881186876446009,0.0010000000474974513
524,0.9914741516113281,0.02671709656715393,0.0010000000474974513
525,0.9856985807418823,0.03307202830910683,0.0010000000474974513
526,0.9922992587089539,0.025394899770617485,0.0010000000474974513
527,0.9980748295783997,0.011030402965843678,0.0010000000474974513
528,0.9991748929023743,0.0077436636202037334,0.0010000000474974513
529,0.9947744607925415,0.019150324165821075,0.0010000000474974513
530,0.9757975935935974,0.05844235420227051,0.0010000000474974513
531,0.998624861240387,0.010921742767095566,0.0010000000474974513
532,0.9991748929023743,0.007613407447934151,0.0010000000474974513
533,0.9942244291305542,0.017677586525678635,0.0010000000474974513
534,0.9975247383117676,0.01058936771005392,0.0010000000474974513
535,0.9997249841690063,0.006159590091556311,0.0010000000474974513
536,0.9964246153831482,0.017300333827733994,0.0010000000474974513
537,0.9994499683380127,0.007392190396785736,0.0010000000474974513
538,0.9991748929023743,0.0059366472996771336,0.0010000000474974513
539,0.9865236282348633,0.04938223958015442,0.0010000000474974513
540,0.9906490445137024,0.02840866707265377,0.0010000000474974513
541,0.9900990128517151,0.023472832515835762,0.0010000000474974513
542,0.9975247383117676,0.012214344926178455,0.0010000000474974513
543,0.9906490445137024,0.028988171368837357,0.0010000000474974513
544,0.9854235649108887,0.04058670625090599,0.0010000000474974513
545,0.9969747066497803,0.012621631845831871,0.0010000000474974513
546,0.9980748295783997,0.00960056483745575,0.0010000000474974513
547,0.9991748929023743,0.007998483255505562,0.0010000000474974513
548,0.9994499683380127,0.0053941975347697735,0.0010000000474974513
549,0.9955995678901672,0.013533593155443668,0.0010000000474974513
550,0.9876237511634827,0.03170942887663841,0.0010000000474974513
551,0.9906490445137024,0.02633083239197731,0.0010000000474974513
552,0.9972497224807739,0.011838861741125584,0.0010000000474974513
553,0.9983498454093933,0.008869394659996033,0.0010000000474974513
554,0.9942244291305542,0.019410904496908188,0.0010000000474974513
555,0.9851484894752502,0.04449079558253288,0.0010000000474974513
556,0.9972497224807739,0.012671788223087788,0.0010000000474974513
557,0.9983498454093933,0.012591109611093998,0.0010000000474974513
558,0.9955995678901672,0.015198050066828728,0.0010000000474974513
559,0.9840484261512756,0.042494554072618484,0.0010000000474974513
560,0.9876237511634827,0.02986987680196762,0.0010000000474974513
561,0.9991748929023743,0.008131693117320538,0.0010000000474974513
562,0.9994499683380127,0.005128810182213783,0.0010000000474974513
563,0.9997249841690063,0.0057759773917496204,0.0010000000474974513
564,0.9977997541427612,0.009924549609422684,0.0010000000474974513
565,0.9975247383117676,0.012888772413134575,0.0010000000474974513
566,0.988723874092102,0.043574802577495575,0.0010000000474974513
567,0.9895489811897278,0.030080337077379227,0.0010000000474974513
568,0.9881738424301147,0.030349962413311005,0.0010000000474974513
569,0.9977997541427612,0.011136834509670734,0.0010000000474974513
570,0.9988998770713806,0.009595086798071861,0.0010000000474974513
571,0.9991748929023743,0.008359977975487709,0.0010000000474974513
572,0.9972497224807739,0.012711592018604279,0.0010000000474974513
573,0.9997249841690063,0.005267031490802765,0.0010000000474974513
574,1.0,0.0034245538990944624,0.0005000000237487257
575,1.0,0.0029566935263574123,0.0005000000237487257
576,1.0,0.003589314641430974,0.0005000000237487257
577,0.9997249841690063,0.003944143187254667,0.0005000000237487257
578,1.0,0.003333456115797162,0.0005000000237487257
579,1.0,0.0026049104053527117,0.0005000000237487257
580,0.9997249841690063,0.003226012922823429,0.0005000000237487257
581,0.9991748929023743,0.005133345723152161,0.0005000000237487257
582,1.0,0.003656044602394104,0.0005000000237487257
583,0.9997249841690063,0.004926405381411314,0.0005000000237487257
584,1.0,0.004398055840283632,0.0005000000237487257
585,0.9955995678901672,0.014981399290263653,0.0005000000237487257
586,0.9988998770713806,0.0071408976800739765,0.0005000000237487257
587,1.0,0.0033936474937945604,0.0005000000237487257
588,1.0,0.003348912810906768,0.0005000000237487257
589,0.9994499683380127,0.00370506988838315,0.0005000000237487257
590,1.0,0.0037565778475254774,0.0005000000237487257
591,0.9997249841690063,0.0026297897566109896,0.0005000000237487257
592,1.0,0.0026021471712738276,0.0005000000237487257
593,0.9925742745399475,0.022082297131419182,0.0005000000237487257
594,0.9988998770713806,0.006782148964703083,0.0005000000237487257
595,0.9975247383117676,0.008482342585921288,0.0005000000237487257
596,1.0,0.0028201660607010126,0.0005000000237487257
597,0.9997249841690063,0.0029278607107698917,0.0005000000237487257
598,1.0,0.003543316153809428,0.0005000000237487257
599,0.9975247383117676,0.009607060812413692,0.0005000000237487257
600,0.9961495995521545,0.013970091007649899,0.0005000000237487257
601,0.9969747066497803,0.011422415263950825,0.0005000000237487257
602,1.0,0.003366451943293214,0.0005000000237487257
603,0.9997249841690063,0.0026342892087996006,0.0005000000237487257
604,0.9966996908187866,0.01118758600205183,0.0005000000237487257
605,1.0,0.0027343996334820986,0.0005000000237487257
606,1.0,0.0026966736186295748,0.0005000000237487257
607,0.9997249841690063,0.0038667027838528156,0.0005000000237487257
608,0.9994499683380127,0.004434261005371809,0.0005000000237487257
609,0.9991748929023743,0.0057546705938875675,0.0005000000237487257
610,1.0,0.0030486981850117445,0.0005000000237487257
611,0.9925742745399475,0.021451270207762718,0.0005000000237487257
612,0.9991748929023743,0.00394306518137455,0.0005000000237487257
613,0.9997249841690063,0.002929229522123933,0.0005000000237487257
614,0.9997249841690063,0.0028069778345525265,0.0005000000237487257
615,1.0,0.001977472100406885,0.0005000000237487257
616,1.0,0.0026135658845305443,0.0005000000237487257
617,0.9997249841690063,0.002276119077578187,0.0005000000237487257
618,0.9922992587089539,0.022313401103019714,0.0005000000237487257
619,1.0,0.002894434379413724,0.0005000000237487257
620,1.0,0.0026747656520456076,0.0005000000237487257
621,1.0,0.0023847008123993874,0.0005000000237487257
622,0.9997249841690063,0.002354890573769808,0.0005000000237487257
623,0.9972497224807739,0.008524342440068722,0.0005000000237487257
624,0.9991748929023743,0.004911733325570822,0.0005000000237487257
625,1.0,0.0033753998577594757,0.0005000000237487257
626,1.0,0.003436004975810647,0.0005000000237487257
627,1.0,0.0025878967717289925,0.0005000000237487257
628,0.9972497224807739,0.0093874866142869,0.0005000000237487257
629,0.9991748929023743,0.006927381735295057,0.0005000000237487257
630,0.9966996908187866,0.012460922822356224,0.0005000000237487257
631,1.0,0.002751622349023819,0.0005000000237487257
632,0.9997249841690063,0.002646850189194083,0.0005000000237487257
633,1.0,0.0018221581121906638,0.0005000000237487257
634,1.0,0.0019919483456760645,0.0005000000237487257
635,1.0,0.0026492674369364977,0.0005000000237487257
636,0.9975247383117676,0.00887084286659956,0.0005000000237487257
637,0.9983498454093933,0.007807005196809769,0.0005000000237487257
638,0.9955995678901672,0.014719389379024506,0.0005000000237487257
639,0.9966996908187866,0.010130315087735653,0.0005000000237487257
640,0.9997249841690063,0.00432636309415102,0.0005000000237487257
641,1.0,0.0018198328325524926,0.0005000000237487257
642,0.998624861240387,0.004325516056269407,0.0005000000237487257
643,1.0,0.0022857722360640764,0.0005000000237487257
644,0.9947744607925415,0.013020092621445656,0.0005000000237487257
645,0.9947744607925415,0.01613113097846508,0.0005000000237487257
646,0.9994499683380127,0.00414874916896224,0.0005000000237487257
647,1.0,0.0020386793185025454,0.0005000000237487257
648,1.0,0.0018368226010352373,0.0005000000237487257
649,1.0,0.0017977261450141668,0.0005000000237487257
650,0.9997249841690063,0.003030057530850172,0.0005000000237487257
651,1.0,0.0022190313320606947,0.0005000000237487257
652,0.9994499683380127,0.0037848774809390306,0.0005000000237487257
653,0.9939494132995605,0.017376942560076714,0.0005000000237487257
654,0.9991748929023743,0.005325989332050085,0.0005000000237487257
655,0.9994499683380127,0.0032406491227447987,0.0005000000237487257
656,1.0,0.0017586423782631755,0.0005000000237487257
657,1.0,0.0015303404070436954,0.0005000000237487257
658,0.9994499683380127,0.004184293560683727,0.0005000000237487257
659,1.0,0.0026004575192928314,0.0005000000237487257
660,1.0,0.0015527389477938414,0.0005000000237487257
661,0.9997249841690063,0.003302746219560504,0.0005000000237487257
662,0.9994499683380127,0.004540188703685999,0.0005000000237487257
663,0.9972497224807739,0.008831205777823925,0.0005000000237487257
664,0.9994499683380127,0.007410373538732529,0.0005000000237487257
665,1.0,0.0021161239128559828,0.0005000000237487257
666,0.9997249841690063,0.0029436899349093437,0.0005000000237487257
667,1.0,0.0016202861443161964,0.0005000000237487257
668,1.0,0.0015737214125692844,0.0005000000237487257
669,0.9936743378639221,0.02127605862915516,0.0005000000237487257
670,1.0,0.004038985352963209,0.0005000000237487257
671,1.0,0.002159831579774618,0.0005000000237487257
672,1.0,0.0019831235986202955,0.0005000000237487257
673,1.0,0.0020466807764023542,0.0005000000237487257
674,0.9988998770713806,0.004952116869390011,0.0005000000237487257
675,1.0,0.0028693804051727057,0.0005000000237487257
676,1.0,0.0018081606831401587,0.0005000000237487257
677,1.0,0.0021079732105135918,0.0005000000237487257
678,1.0,0.0012937845895066857,0.0005000000237487257
679,0.9994499683380127,0.004765776451677084,0.0005000000237487257
680,0.9909241199493408,0.023761145770549774,0.0005000000237487257
681,0.9953245520591736,0.015197712928056717,0.0005000000237487257
682,1.0,0.0023557422682642937,0.0005000000237487257
683,1.0,0.0023182115983217955,0.0005000000237487257
684,1.0,0.0015399237163364887,0.0005000000237487257
685,1.0,0.002517536049708724,0.0005000000237487257
686,0.9994499683380127,0.003511082148179412,0.0005000000237487257
687,1.0,0.0016709973569959402,0.0005000000237487257
688,1.0,0.001476371195167303,0.0005000000237487257
689,1.0,0.0016343299066647887,0.0005000000237487257
690,0.9953245520591736,0.013397952541708946,0.0005000000237487257
691,0.9972497224807739,0.00764926103875041,0.0005000000237487257
692,1.0,0.002379891462624073,0.0005000000237487257
693,0.9991748929023743,0.005642807111144066,0.0005000000237487257
694,1.0,0.002553582424297929,0.0005000000237487257
695,1.0,0.0016351863741874695,0.0005000000237487257
696,1.0,0.0012555059511214495,0.0005000000237487257
697,1.0,0.0013378191506490111,0.0005000000237487257
698,1.0,0.0009580025216564536,0.0005000000237487257
699,1.0,0.0012858959380537271,0.0005000000237487257
700,1.0,0.0012416649842634797,0.0005000000237487257
701,0.9832233190536499,0.05262477695941925,0.0005000000237487257
702,0.9997249841690063,0.005338682793080807,0.0005000000237487257
703,1.0,0.002636436140164733,0.0005000000237487257
704,1.0,0.0025767467450350523,0.0005000000237487257
705,1.0,0.0018618544563651085,0.0005000000237487257
706,1.0,0.0015874396776780486,0.0005000000237487257
707,1.0,0.001467208843678236,0.0005000000237487257
708,0.9991748929023743,0.003994426690042019,0.0005000000237487257
709,0.9980748295783997,0.00833915639668703,0.0005000000237487257
710,0.9994499683380127,0.003760579042136669,0.0005000000237487257
711,1.0,0.002112983027473092,0.0005000000237487257
712,1.0,0.0019138128263875842,0.0005000000237487257
713,0.9977997541427612,0.0070424191653728485,0.0005000000237487257
714,0.9958745837211609,0.013269651681184769,0.0005000000237487257
715,0.9958745837211609,0.012684318237006664,0.0005000000237487257
716,1.0,0.0029524266719818115,0.0005000000237487257
717,1.0,0.0014770810957998037,0.0005000000237487257
718,0.998624861240387,0.00707491859793663,0.0005000000237487257
719,1.0,0.0016048126854002476,0.0005000000237487257
720,1.0,0.0013827275251969695,0.0005000000237487257
721,1.0,0.0015367127489298582,0.0005000000237487257
722,1.0,0.001223674276843667,0.0005000000237487257
723,1.0,0.0010442249476909637,0.0005000000237487257
724,1.0,0.0012011256767436862,0.0005000000237487257
725,0.9983498454093933,0.0067644547671079636,0.0005000000237487257
726,0.9983498454093933,0.006900728680193424,0.0005000000237487257
727,0.9997249841690063,0.002863167552277446,0.0005000000237487257
728,0.9955995678901672,0.014933041296899319,0.0005000000237487257
729,0.9988998770713806,0.005247425753623247,0.0005000000237487257
730,1.0,0.0018012678483501077,0.0005000000237487257
731,0.9975247383117676,0.00828623492270708,0.0005000000237487257
732,0.9994499683380127,0.0028620969969779253,0.0005000000237487257
733,1.0,0.0025639766827225685,0.0005000000237487257
734,1.0,0.0012127242516726255,0.0005000000237487257
735,1.0,0.001164856250397861,0.0005000000237487257
736,0.9997249841690063,0.002246004994958639,0.0005000000237487257
737,1.0,0.0022145332768559456,0.0005000000237487257
738,1.0,0.0020117356907576323,0.0005000000237487257
739,1.0,0.0013869460672140121,0.0005000000237487257
740,0.9966996908187866,0.011067557148635387,0.0005000000237487257
741,0.9911991357803345,0.023728854954242706,0.0005000000237487257
742,1.0,0.002284558489918709,0.0005000000237487257
743,1.0,0.001366660464555025,0.0005000000237487257
744,1.0,0.0017266332870349288,0.0005000000237487257
745,1.0,0.0018581949407234788,0.0005000000237487257
746,1.0,0.0016426483634859324,0.0005000000237487257
747,1.0,0.0011890227906405926,0.0005000000237487257
748,1.0,0.0012133794371038675,0.0005000000237487257
749,1.0,0.0010223912540823221,0.0002500000118743628
750,1.0,0.0012579216854646802,0.0002500000118743628
751,1.0,0.001035247347317636,0.0002500000118743628
752,1.0,0.0010837939335033298,0.0002500000118743628
753,0.9980748295783997,0.007039720192551613,0.0002500000118743628
754,1.0,0.0015481748851016164,0.0002500000118743628
755,1.0,0.0012043323367834091,0.0002500000118743628
756,1.0,0.0009995292639359832,0.0002500000118743628
757,1.0,0.0009602475329302251,0.0002500000118743628
758,1.0,0.0007737387204542756,0.0002500000118743628
759,1.0,0.0007823241176083684,0.0002500000118743628
760,1.0,0.0008721679914742708,0.0002500000118743628
761,1.0,0.001391707919538021,0.0002500000118743628
762,0.9988998770713806,0.004316776990890503,0.0002500000118743628
763,1.0,0.0012527166400104761,0.0002500000118743628
764,1.0,0.0012186645762994885,0.0002500000118743628
765,0.9991748929023743,0.003339670831337571,0.0002500000118743628
766,1.0,0.0009617929463274777,0.0002500000118743628
767,1.0,0.0010143718682229519,0.0002500000118743628
768,0.9997249841690063,0.0011183529859408736,0.0002500000118743628
769,0.9980748295783997,0.007465905975550413,0.0002500000118743628
770,1.0,0.0016357710119336843,0.0002500000118743628
771,0.9997249841690063,0.0014037748333066702,0.0002500000118743628
772,0.9991748929023743,0.004140834789723158,0.0002500000118743628
773,1.0,0.0010665731970220804,0.0002500000118743628
774,0.9997249841690063,0.0018198618199676275,0.0002500000118743628
775,1.0,0.0009912339737638831,0.0002500000118743628
776,1.0,0.0007907110266387463,0.0002500000118743628
777,1.0,0.0006639508064836264,0.0002500000118743628
778,1.0,0.00063782260986045,0.0002500000118743628
779,1.0,0.000821642461232841,0.0002500000118743628
780,1.0,0.0008939814870245755,0.0002500000118743628
781,0.9977997541427612,0.007709113880991936,0.0002500000118743628
782,0.9994499683380127,0.003626255551353097,0.0002500000118743628
783,0.9994499683380127,0.0028305042069405317,0.0002500000118743628
784,1.0,0.0013822601176798344,0.0002500000118743628
785,1.0,0.0018172705313190818,0.0002500000118743628
786,0.9997249841690063,0.0017898764926940203,0.0002500000118743628
787,0.9997249841690063,0.0010888768592849374,0.0002500000118743628
788,1.0,0.0012353428173810244,0.0002500000118743628
789,1.0,0.0008998833945952356,0.0002500000118743628
790,1.0,0.0009309878223575652,0.0002500000118743628
791,1.0,0.0006834439118392766,0.0002500000118743628
792,0.9997249841690063,0.002337173093110323,0.0002500000118743628
793,0.9975247383117676,0.009065832942724228,0.0002500000118743628
794,0.9980748295783997,0.004535197746008635,0.0002500000118743628
795,1.0,0.0013713156804442406,0.0002500000118743628
796,0.9997249841690063,0.0019624195992946625,0.0002500000118743628
797,0.9994499683380127,0.0027092029340565205,0.0002500000118743628
798,1.0,0.0012057088315486908,0.0002500000118743628
799,1.0,0.0009626435930840671,0.0002500000118743628
800,0.9994499683380127,0.0033727791160345078,0.0002500000118743628
801,0.9997249841690063,0.0016878180904313922,0.0002500000118743628
802,1.0,0.0009906988125294447,0.0002500000118743628
803,1.0,0.0009994838619604707,0.0002500000118743628
804,1.0,0.0008264913922175765,0.0002500000118743628
805,1.0,0.0008907917072065175,0.0002500000118743628
806,0.9994499683380127,0.0024023200385272503,0.0002500000118743628
807,1.0,0.0014001908712089062,0.0002500000118743628
808,1.0,0.0008172803791239858,0.0002500000118743628
809,1.0,0.0008561534923501313,0.0002500000118743628
810,1.0,0.0006249519065022469,0.0002500000118743628
811,1.0,0.0006331023760139942,0.0002500000118743628
812,1.0,0.000630017020739615,0.0002500000118743628
813,1.0,0.0008539364789612591,0.0002500000118743628
814,1.0,0.0011819199426099658,0.0002500000118743628
815,1.0,0.0019409762462601066,0.0002500000118743628
816,1.0,0.0010863100178539753,0.0002500000118743628
817,0.9980748295783997,0.005850950255990028,0.0002500000118743628
818,0.9988998770713806,0.0048249210231006145,0.0002500000118743628
819,1.0,0.0015113322297111154,0.0002500000118743628
820,0.9997249841690063,0.0013585281558334827,0.0002500000118743628
821,1.0,0.0008157833362929523,0.0002500000118743628
822,1.0,0.0006381106213666499,0.0002500000118743628
823,1.0,0.0007767927600070834,0.0002500000118743628
824,1.0,0.0007065368699841201,0.0002500000118743628
825,1.0,0.0008370793075300753,0.0002500000118743628
826,0.9994499683380127,0.00168700295034796,0.0002500000118743628
827,1.0,0.0011884080013260245,0.0002500000118743628
828,1.0,0.0009173356229439378,0.0001250000059371814
829,1.0,0.0008638466242700815,0.0001250000059371814
830,1.0,0.000827907002530992,0.0001250000059371814
831,1.0,0.0006872272351756692,0.0001250000059371814
832,1.0,0.0006144969956949353,0.0001250000059371814
833,1.0,0.000495383283123374,0.0001250000059371814
834,1.0,0.0006062944303266704,0.0001250000059371814
835,0.9997249841690063,0.001760094310157001,0.0001250000059371814
836,0.9997249841690063,0.0014434319455176592,0.0001250000059371814
837,0.9997249841690063,0.0022288612090051174,0.0001250000059371814
838,1.0,0.0011293620336800814,0.0001250000059371814
839,1.0,0.0012744334526360035,0.0001250000059371814
840,1.0,0.0007444776128977537,0.0001250000059371814
841,1.0,0.0006204387173056602,0.0001250000059371814
842,1.0,0.0008764874073676765,0.0001250000059371814
843,1.0,0.0006515822024084628,0.0001250000059371814
844,1.0,0.0004817324806936085,0.0001250000059371814
845,1.0,0.0004924223758280277,0.0001250000059371814
846,1.0,0.0005774853634648025,0.0001250000059371814
847,1.0,0.0008802248048596084,0.0001250000059371814
848,1.0,0.0006866889889352024,0.0001250000059371814
849,1.0,0.0012000090209767222,0.0001250000059371814
850,1.0,0.000679408258292824,0.0001250000059371814
851,1.0,0.001167498528957367,0.0001250000059371814
852,1.0,0.000742004718631506,0.0001250000059371814
853,1.0,0.0006401784485206008,0.0001250000059371814
854,1.0,0.000449853774625808,0.0001250000059371814
855,1.0,0.0004521567898336798,0.0001250000059371814
856,1.0,0.0006259260699152946,0.0001250000059371814
857,1.0,0.0004790856328327209,0.0001250000059371814
858,1.0,0.0004431416164152324,0.0001250000059371814
859,1.0,0.0003721457323990762,0.0001250000059371814
860,1.0,0.0004771475214511156,0.0001250000059371814
861,1.0,0.0011514736106619239,0.0001250000059371814
862,1.0,0.0005494000506587327,0.0001250000059371814
863,1.0,0.0004772760148625821,0.0001250000059371814
864,1.0,0.0006206915713846684,0.0001250000059371814
865,1.0,0.0011732031125575304,0.0001250000059371814
866,1.0,0.00085535051766783,0.0001250000059371814
867,1.0,0.0006226254045031965,0.0001250000059371814
868,1.0,0.00044673788943327963,0.0001250000059371814
869,0.9997249841690063,0.001158122788183391,0.0001250000059371814
870,1.0,0.0006666418048553169,0.0001250000059371814
871,1.0,0.0006714013870805502,0.0001250000059371814
872,1.0,0.0004965004627592862,0.0001250000059371814
873,0.998624861240387,0.004342934582382441,0.0001250000059371814
874,1.0,0.0016603688709437847,0.0001250000059371814
875,1.0,0.0007296660332940519,0.0001250000059371814
876,1.0,0.000575171725358814,0.0001250000059371814
877,1.0,0.0005313444999046624,0.0001250000059371814
878,1.0,0.0005194437690079212,0.0001250000059371814
879,0.9997249841690063,0.0010999628575518727,0.0001250000059371814
880,1.0,0.0004885907983407378,0.0001250000059371814
881,1.0,0.0004965460393577814,0.0001250000059371814
882,1.0,0.0005241701728664339,0.0001250000059371814
883,1.0,0.000470696046249941,0.0001250000059371814
884,1.0,0.0005237892619334161,0.0001250000059371814
885,1.0,0.0004376797005534172,0.0001250000059371814
886,1.0,0.0004372954717837274,0.0001250000059371814
887,1.0,0.00039109226781874895,0.0001250000059371814
888,1.0,0.0004046460962854326,0.0001250000059371814
889,1.0,0.00042606479837559164,0.0001250000059371814
890,1.0,0.001004264922812581,0.0001250000059371814
891,1.0,0.0004084760439582169,0.0001250000059371814
892,0.9991748929023743,0.0043763667345047,0.0001250000059371814
893,0.9994499683380127,0.0029377955943346024,0.0001250000059371814
894,1.0,0.0011819556821137667,0.0001250000059371814
895,1.0,0.0006751335458829999,0.0001250000059371814
896,0.9997249841690063,0.0008491172338835895,0.0001250000059371814
897,1.0,0.0006324560381472111,0.0001250000059371814
898,1.0,0.0005803256644867361,0.0001250000059371814
899,1.0,0.0005821247468702495,0.0001250000059371814
900,1.0,0.0005826044944114983,0.0001250000059371814
901,1.0,0.0005538773839361966,0.0001250000059371814
902,1.0,0.0004597928491421044,0.0001250000059371814
903,1.0,0.00043852406088262796,0.0001250000059371814
904,1.0,0.0005045385332778096,0.0001250000059371814
905,1.0,0.0004527220444288105,0.0001250000059371814
906,1.0,0.000393023801734671,0.0001250000059371814
907,1.0,0.00041182542918249965,0.0001250000059371814
908,1.0,0.0004311878001317382,0.0001250000059371814
909,1.0,0.00036515799001790583,0.0001250000059371814
910,1.0,0.0004001259512733668,9.999999747378752e-05
911,1.0,0.0004283993039280176,9.999999747378752e-05
912,1.0,0.0003418658743612468,9.999999747378752e-05
913,1.0,0.0004343182663433254,9.999999747378752e-05
914,1.0,0.00038704375037923455,9.999999747378752e-05
915,1.0,0.00036319848732091486,9.999999747378752e-05
916,1.0,0.00045784946996718645,9.999999747378752e-05
917,1.0,0.000569214578717947,9.999999747378752e-05
918,1.0,0.0009427056065760553,9.999999747378752e-05
919,1.0,0.0005964541924186051,9.999999747378752e-05
920,1.0,0.00044610840268433094,9.999999747378752e-05
921,1.0,0.00036590799572877586,9.999999747378752e-05
922,1.0,0.0004047780530527234,9.999999747378752e-05
923,1.0,0.0004257225664332509,9.999999747378752e-05
924,1.0,0.0004251267237123102,9.999999747378752e-05
925,1.0,0.00037802421138621867,9.999999747378752e-05
926,1.0,0.0003948004450649023,9.999999747378752e-05
927,1.0,0.0006945651257410645,9.999999747378752e-05
928,1.0,0.0004396418808028102,9.999999747378752e-05
929,1.0,0.0008846506243571639,9.999999747378752e-05
930,1.0,0.0003514306154102087,9.999999747378752e-05
931,1.0,0.0004111862217541784,9.999999747378752e-05
932,1.0,0.0003569076652638614,9.999999747378752e-05
933,1.0,0.0008177332347258925,9.999999747378752e-05
934,1.0,0.00048331875586882234,9.999999747378752e-05
935,1.0,0.0004740251461043954,9.999999747378752e-05
936,1.0,0.0005338374758139253,9.999999747378752e-05
937,1.0,0.0011152391089126468,9.999999747378752e-05
938,1.0,0.0004331694508437067,9.999999747378752e-05
939,1.0,0.000516301195602864,9.999999747378752e-05
940,1.0,0.000407389976317063,9.999999747378752e-05
941,1.0,0.0005608080537058413,9.999999747378752e-05
942,1.0,0.00033774133771657944,9.999999747378752e-05
943,0.9997249841690063,0.001169193652458489,9.999999747378752e-05
944,1.0,0.00039613019907847047,9.999999747378752e-05
945,1.0,0.0004105132829863578,9.999999747378752e-05
946,1.0,0.0006350704934448004,9.999999747378752e-05
947,1.0,0.0003698284854181111,9.999999747378752e-05
948,1.0,0.0003572341811377555,9.999999747378752e-05
949,1.0,0.0003125076473224908,9.999999747378752e-05
950,1.0,0.00032662946614436805,9.999999747378752e-05
951,1.0,0.00034676294308155775,9.999999747378752e-05
952,1.0,0.00040443232865072787,9.999999747378752e-05
953,1.0,0.0003546674852259457,9.999999747378752e-05
954,1.0,0.00031686833244748414,9.999999747378752e-05
955,1.0,0.00034978630719706416,9.999999747378752e-05
956,1.0,0.0002758173504844308,9.999999747378752e-05
957,1.0,0.000383752747438848,9.999999747378752e-05
958,1.0,0.0006524068885482848,9.999999747378752e-05
959,1.0,0.0003295634815003723,9.999999747378752e-05
960,1.0,0.00032904307590797544,9.999999747378752e-05
961,1.0,0.0003032126696780324,9.999999747378752e-05
962,1.0,0.0004417909076437354,9.999999747378752e-05
963,1.0,0.00047134823398664594,9.999999747378752e-05
964,0.9997249841690063,0.0006762361736036837,9.999999747378752e-05
965,0.9997249841690063,0.0016022742493078113,9.999999747378752e-05
966,1.0,0.0006112012197263539,9.999999747378752e-05
967,1.0,0.0005041231052018702,9.999999747378752e-05
968,1.0,0.0005889702006243169,9.999999747378752e-05
969,1.0,0.0003761232946999371,9.999999747378752e-05
970,1.0,0.0003307441947981715,9.999999747378752e-05
971,1.0,0.0003512327966745943,9.999999747378752e-05
972,1.0,0.0003615901223383844,9.999999747378752e-05
973,1.0,0.0004726506595034152,9.999999747378752e-05
974,1.0,0.00045394423068501055,9.999999747378752e-05
975,0.9997249841690063,0.0009289425797760487,9.999999747378752e-05
976,1.0,0.0004892271826975048,9.999999747378752e-05
977,1.0,0.0004147397121414542,9.999999747378752e-05
978,1.0,0.00036299676867201924,9.999999747378752e-05
979,1.0,0.00048526996397413313,9.999999747378752e-05
980,1.0,0.0004836593579966575,9.999999747378752e-05
981,1.0,0.00032314719283021986,9.999999747378752e-05
982,1.0,0.0003975364670623094,9.999999747378752e-05
983,1.0,0.0008514561341144145,9.999999747378752e-05
984,1.0,0.0003521622275002301,9.999999747378752e-05
985,1.0,0.0003964108182117343,9.999999747378752e-05
986,1.0,0.0003958324668928981,9.999999747378752e-05
987,1.0,0.0007916370523162186,9.999999747378752e-05
988,1.0,0.000644336047116667,9.999999747378752e-05
989,1.0,0.0003313100023660809,9.999999747378752e-05
990,1.0,0.00043680929229594767,9.999999747378752e-05
991,1.0,0.0004858812317252159,9.999999747378752e-05
992,0.9991748929023743,0.0020156975369900465,9.999999747378752e-05
993,0.9991748929023743,0.0016562993405386806,9.999999747378752e-05
994,1.0,0.0006648374255746603,9.999999747378752e-05
995,1.0,0.00039588887011632323,9.999999747378752e-05
996,1.0,0.00033027195604518056,9.999999747378752e-05
997,1.0,0.000365958345355466,9.999999747378752e-05
998,1.0,0.0003875893307849765,9.999999747378752e-05
999,1.0,0.0005104219308122993,9.999999747378752e-05
1000,1.0,0.000400313816498965,9.999999747378752e-05
1001,1.0,0.00029437741613946855,9.999999747378752e-05
1002,1.0,0.0003004584868904203,9.999999747378752e-05
1003,1.0,0.00031177783966995776,9.999999747378752e-05
1004,1.0,0.0002904813445638865,9.999999747378752e-05
1005,1.0,0.00029398713377304375,9.999999747378752e-05
1006,1.0,0.0003618558112066239,9.999999747378752e-05
1007,1.0,0.00022343656746670604,9.999999747378752e-05
1008,1.0,0.0003742313710972667,9.999999747378752e-05
1009,1.0,0.0003422208537813276,9.999999747378752e-05
1010,1.0,0.00033388962037861347,9.999999747378752e-05
1011,0.9997249841690063,0.0010033088037744164,9.999999747378752e-05
1012,1.0,0.000415226531913504,9.999999747378752e-05
1013,1.0,0.00034239041269756854,9.999999747378752e-05
1014,1.0,0.0002786441764328629,9.999999747378752e-05
1015,1.0,0.00039968182682059705,9.999999747378752e-05
1016,1.0,0.0003049010701943189,9.999999747378752e-05
1017,1.0,0.00042995091644115746,9.999999747378752e-05
1018,1.0,0.0004557688080240041,9.999999747378752e-05
1019,1.0,0.0004000520275440067,9.999999747378752e-05
1020,1.0,0.0004874345613643527,9.999999747378752e-05
1021,1.0,0.00042758783092722297,9.999999747378752e-05
1022,1.0,0.00025961731444112957,9.999999747378752e-05
1023,1.0,0.0008215971756726503,9.999999747378752e-05
1024,1.0,0.0003351242048665881,9.999999747378752e-05
1025,1.0,0.0004177211958449334,9.999999747378752e-05
1026,1.0,0.0002429370942991227,9.999999747378752e-05
1027,1.0,0.0004253803053870797,9.999999747378752e-05
1028,1.0,0.00026083854027092457,9.999999747378752e-05
1029,1.0,0.0003177940670866519,9.999999747378752e-05
1030,1.0,0.0003980144392699003,9.999999747378752e-05
1031,1.0,0.00027950070216320455,9.999999747378752e-05
1032,1.0,0.0003081612812820822,9.999999747378752e-05
1033,1.0,0.0003049551451113075,9.999999747378752e-05
1034,1.0,0.0004532960010692477,9.999999747378752e-05
1035,1.0,0.0003236386692151427,9.999999747378752e-05
1036,1.0,0.0003139281179755926,9.999999747378752e-05
1037,0.9997249841690063,0.0008009241428226233,9.999999747378752e-05
1038,1.0,0.0002730752166826278,9.999999747378752e-05
1039,0.9997249841690063,0.0006083609187044203,9.999999747378752e-05
1040,1.0,0.0008521529380232096,9.999999747378752e-05
1041,1.0,0.0009911988163366914,9.999999747378752e-05
1042,1.0,0.0004276836116332561,9.999999747378752e-05
1043,1.0,0.00033471459755674005,9.999999747378752e-05
1044,1.0,0.00037757281097583473,9.999999747378752e-05
1045,1.0,0.00034679766395129263,9.999999747378752e-05
1046,1.0,0.0003396613756194711,9.999999747378752e-05
1047,1.0,0.0003636927285697311,9.999999747378752e-05
1048,1.0,0.00028501253109425306,9.999999747378752e-05
1049,1.0,0.00030708781559951603,9.999999747378752e-05
1050,1.0,0.00035369780380278826,9.999999747378752e-05
1051,1.0,0.00033159766462631524,9.999999747378752e-05
1052,1.0,0.00029565635486505926,9.999999747378752e-05
1053,1.0,0.0003027413331437856,9.999999747378752e-05
1054,1.0,0.0007077142363414168,9.999999747378752e-05
1055,1.0,0.0003921280149370432,9.999999747378752e-05
1056,0.9997249841690063,0.0007906532264314592,9.999999747378752e-05
1057,1.0,0.000501518021337688,9.999999747378752e-05
1058,1.0,0.0003129375400021672,9.999999747378752e-05
1059,1.0,0.00039468531031161547,9.999999747378752e-05
1060,1.0,0.00033103456371463835,9.999999747378752e-05
1061,1.0,0.0003485220659058541,9.999999747378752e-05
1062,1.0,0.00029487250139936805,9.999999747378752e-05
1063,1.0,0.00025903276400640607,9.999999747378752e-05
1064,1.0,0.0002724533842410892,9.999999747378752e-05
1065,1.0,0.00023038117797113955,9.999999747378752e-05
1066,1.0,0.00034128030529245734,9.999999747378752e-05
1067,1.0,0.00045122625306248665,9.999999747378752e-05
1068,1.0,0.0009892756352201104,9.999999747378752e-05
1069,1.0,0.00035095534985885024,9.999999747378752e-05
1070,1.0,0.00028098365874029696,9.999999747378752e-05
1071,1.0,0.00023796933237463236,9.999999747378752e-05
1072,1.0,0.0002416442584944889,9.999999747378752e-05
1073,1.0,0.0002259526081616059,9.999999747378752e-05
1074,1.0,0.00022841324971523136,9.999999747378752e-05
1075,1.0,0.00022380062728188932,9.999999747378752e-05
1076,1.0,0.0003028075734619051,9.999999747378752e-05
1077,1.0,0.0002509446640033275,9.999999747378752e-05
1078,1.0,0.00020246182975824922,9.999999747378752e-05
1079,1.0,0.0002856533392332494,9.999999747378752e-05
1080,1.0,0.00026814054581336677,9.999999747378752e-05
1081,1.0,0.00021968220244161785,9.999999747378752e-05
1082,0.9994499683380127,0.0021194729488343,9.999999747378752e-05
1083,1.0,0.0005927158636040986,9.999999747378752e-05
1084,1.0,0.00028776199906133115,9.999999747378752e-05
1085,1.0,0.0003758560633286834,9.999999747378752e-05
1086,0.9997249841690063,0.0010305041214451194,9.999999747378752e-05
1087,0.9991748929023743,0.004344860091805458,9.999999747378752e-05
1088,1.0,0.0008768478874117136,9.999999747378752e-05
1089,1.0,0.0004014931037090719,9.999999747378752e-05
1090,1.0,0.0003423358721192926,9.999999747378752e-05
1091,1.0,0.00037140617496334016,9.999999747378752e-05
1092,1.0,0.00037632029852829874,9.999999747378752e-05
1093,1.0,0.00030671432614326477,9.999999747378752e-05
1094,1.0,0.00030547796632163227,9.999999747378752e-05
1095,1.0,0.0003112719568889588,9.999999747378752e-05
1096,1.0,0.00027001716080121696,9.999999747378752e-05
1097,1.0,0.00024094345280900598,9.999999747378752e-05
1098,1.0,0.00046900403685867786,9.999999747378752e-05
1099,1.0,0.0002816581691149622,9.999999747378752e-05
1100,0.9997249841690063,0.0037979648914188147,9.999999747378752e-05
1101,0.9994499683380127,0.003497133729979396,9.999999747378752e-05
1102,0.9997249841690063,0.0011545094894245267,9.999999747378752e-05
1103,1.0,0.0006782796117477119,9.999999747378752e-05
1104,1.0,0.0003687811258714646,9.999999747378752e-05
1105,1.0,0.0006212368607521057,9.999999747378752e-05
1106,1.0,0.0003399164415895939,9.999999747378752e-05
1107,1.0,0.0005447462317533791,9.999999747378752e-05
1108,1.0,0.00033895415253937244,9.999999747378752e-05
1109,1.0,0.000294654251774773,9.999999747378752e-05
1110,1.0,0.000511532707605511,9.999999747378752e-05
1111,1.0,0.0003668423742055893,9.999999747378752e-05
1112,1.0,0.0003113787097390741,9.999999747378752e-05
1113,1.0,0.0002643778279889375,9.999999747378752e-05
1114,1.0,0.00022666354198008776,9.999999747378752e-05
1115,1.0,0.0002796649350784719,9.999999747378752e-05
1116,1.0,0.0004573372134473175,9.999999747378752e-05
1117,1.0,0.0004608500748872757,9.999999747378752e-05
1118,1.0,0.00032287053181789815,9.999999747378752e-05
1119,1.0,0.00028535936144180596,9.999999747378752e-05
1120,1.0,0.0002750018611550331,9.999999747378752e-05
1121,1.0,0.0008874699124135077,9.999999747378752e-05
1122,1.0,0.0004583903355523944,9.999999747378752e-05
1123,1.0,0.0011273798299953341,9.999999747378752e-05
1124,0.9997249841690063,0.0009783714776858687,9.999999747378752e-05
1125,1.0,0.0003616081376094371,9.999999747378752e-05
1126,1.0,0.0003702469985000789,9.999999747378752e-05
1127,1.0,0.0004687791515607387,9.999999747378752e-05
1128,0.9997249841690063,0.0009412661311216652,9.999999747378752e-05
1129,1.0,0.00047946939594112337,9.999999747378752e-05
1130,1.0,0.00036396135692484677,9.999999747378752e-05
1131,1.0,0.0002897366357501596,9.999999747378752e-05
1132,1.0,0.00030830709147267044,9.999999747378752e-05
1133,1.0,0.00029584611183963716,9.999999747378752e-05
1134,1.0,0.00035024265525862575,9.999999747378752e-05
1135,1.0,0.0003470497904345393,9.999999747378752e-05
1136,1.0,0.0002503120922483504,9.999999747378752e-05
1137,1.0,0.0002826786949299276,9.999999747378752e-05
1138,1.0,0.0002596487756818533,9.999999747378752e-05
1139,1.0,0.0005460385582409799,9.999999747378752e-05
1140,0.9991748929023743,0.0027321716770529747,9.999999747378752e-05
1141,1.0,0.0004754900874104351,9.999999747378752e-05
1142,0.9997249841690063,0.0006736483774147928,9.999999747378752e-05
1143,1.0,0.0003898525610566139,9.999999747378752e-05
1144,1.0,0.00039548115455545485,9.999999747378752e-05
1145,1.0,0.0003372354549355805,9.999999747378752e-05
1146,1.0,0.0003677559143397957,9.999999747378752e-05
1147,1.0,0.00033582147443667054,9.999999747378752e-05
1148,1.0,0.00031415943522006273,9.999999747378752e-05
1149,1.0,0.00022957578767091036,9.999999747378752e-05
1150,1.0,0.0003252746246289462,9.999999747378752e-05
1151,1.0,0.0003123824135400355,9.999999747378752e-05
1152,1.0,0.00030194123974069953,9.999999747378752e-05
1153,1.0,0.0005311485147103667,9.999999747378752e-05
1154,1.0,0.000301422958727926,9.999999747378752e-05
1155,1.0,0.00034290269832126796,9.999999747378752e-05
1156,1.0,0.0002728428225964308,9.999999747378752e-05
1157,1.0,0.00029081330285407603,9.999999747378752e-05
1158,0.9997249841690063,0.000562820234335959,9.999999747378752e-05
1159,1.0,0.0009655889007262886,9.999999747378752e-05
1160,0.9997249841690063,0.0010490840068086982,9.999999747378752e-05
1161,1.0,0.00031397477141581476,9.999999747378752e-05
1162,1.0,0.000316614139592275,9.999999747378752e-05
1163,1.0,0.00032892366289161146,9.999999747378752e-05
1164,1.0,0.00028409576043486595,9.999999747378752e-05
1165,1.0,0.00027169359964318573,9.999999747378752e-05
1166,1.0,0.0002883625274989754,9.999999747378752e-05
1167,0.9997249841690063,0.0006333515048027039,9.999999747378752e-05
1168,1.0,0.0008216333226300776,9.999999747378752e-05
1169,1.0,0.0003861048026010394,9.999999747378752e-05
1170,1.0,0.0003973870479967445,9.999999747378752e-05
1171,1.0,0.00033299665665253997,9.999999747378752e-05
1172,1.0,0.00023890985175967216,9.999999747378752e-05
1173,1.0,0.00033314141910523176,9.999999747378752e-05
1174,1.0,0.0003947226796299219,9.999999747378752e-05
1175,1.0,0.0004909387789666653,9.999999747378752e-05
1176,1.0,0.00034158388734795153,9.999999747378752e-05
1177,1.0,0.00027466786559671164,9.999999747378752e-05
1178,1.0,0.0002933406794909388,9.999999747378752e-05
1179,1.0,0.00020898871298413724,9.999999747378752e-05
1180,1.0,0.00026872585294768214,9.999999747378752e-05
1181,1.0,0.0002372739400016144,9.999999747378752e-05
1182,1.0,0.0003387904725968838,9.999999747378752e-05
1183,1.0,0.00019119125499855727,9.999999747378752e-05
1184,1.0,0.00026661320589482784,9.999999747378752e-05
1185,1.0,0.00022717355750501156,9.999999747378752e-05
1186,1.0,0.00022735864331480116,9.999999747378752e-05
1187,1.0,0.0005559396231546998,9.999999747378752e-05
1188,1.0,0.0005541792488656938,9.999999747378752e-05
1189,0.9994499683380127,0.0014124938752502203,9.999999747378752e-05
1190,1.0,0.00037218283978290856,9.999999747378752e-05
1191,1.0,0.0007682648720219731,9.999999747378752e-05
1192,1.0,0.0003681508533190936,9.999999747378752e-05
1193,1.0,0.00024548463989049196,9.999999747378752e-05
1194,1.0,0.0002826238633133471,9.999999747378752e-05
1195,1.0,0.000239424392930232,9.999999747378752e-05
1196,1.0,0.00027236377354711294,9.999999747378752e-05
1197,1.0,0.00026920446543954313,9.999999747378752e-05
1198,1.0,0.0004149006272200495,9.999999747378752e-05
1199,1.0,0.0002904344873968512,9.999999747378752e-05
1200,1.0,0.0002314357116119936,9.999999747378752e-05
1201,1.0,0.00026959870592691004,9.999999747378752e-05
1202,1.0,0.00021677483164239675,9.999999747378752e-05
1203,1.0,0.0002467490849085152,9.999999747378752e-05
1204,1.0,0.00029343177448026836,9.999999747378752e-05
1205,0.9997249841690063,0.0007501344662159681,9.999999747378752e-05
1206,1.0,0.0011400895891711116,9.999999747378752e-05
1207,1.0,0.00038971874164417386,9.999999747378752e-05
1208,1.0,0.000247144082095474,9.999999747378752e-05
1209,1.0,0.0002950222697108984,9.999999747378752e-05
1210,1.0,0.00032914310577325523,9.999999747378752e-05
1211,1.0,0.00038728516665287316,9.999999747378752e-05
1212,0.9997249841690063,0.0009568847017362714,9.999999747378752e-05
1213,1.0,0.00032793713035061955,9.999999747378752e-05
1214,1.0,0.0002549444616306573,9.999999747378752e-05
1215,1.0,0.00025682439445517957,9.999999747378752e-05
1216,0.9997249841690063,0.0004241727583575994,9.999999747378752e-05
1217,1.0,0.0007400914910249412,9.999999747378752e-05
1218,1.0,0.00033247345709241927,9.999999747378752e-05
1219,1.0,0.0002869170857593417,9.999999747378752e-05
1220,1.0,0.00024870570632629097,9.999999747378752e-05
1221,1.0,0.0002322726941201836,9.999999747378752e-05
1222,1.0,0.00022477937454823405,9.999999747378752e-05
1223,1.0,0.000430268730269745,9.999999747378752e-05
1224,1.0,0.0007898695766925812,9.999999747378752e-05
1225,1.0,0.0004052810254506767,9.999999747378752e-05
1226,1.0,0.0002644956111907959,9.999999747378752e-05
1227,1.0,0.0003256765194237232,9.999999747378752e-05
1228,1.0,0.00024355547793675214,9.999999747378752e-05
1229,1.0,0.0003288100124336779,9.999999747378752e-05
1230,1.0,0.0003222175582777709,9.999999747378752e-05
1231,1.0,0.00023503872216679156,9.999999747378752e-05
1232,1.0,0.0003178972110617906,9.999999747378752e-05
1233,1.0,0.0006013833917677402,9.999999747378752e-05
1234,1.0,0.0007478821789845824,9.999999747378752e-05
1235,1.0,0.00031513514113612473,9.999999747378752e-05
1236,1.0,0.00031822710298001766,9.999999747378752e-05
1237,1.0,0.000334192649461329,9.999999747378752e-05
1238,1.0,0.00021911843214184046,9.999999747378752e-05
1239,1.0,0.00032064205151982605,9.999999747378752e-05
1240,1.0,0.0002152130618924275,9.999999747378752e-05
1241,1.0,0.0002649625821504742,9.999999747378752e-05
1242,1.0,0.00024178653256967664,9.999999747378752e-05
1243,1.0,0.00024336630303878337,9.999999747378752e-05
1244,1.0,0.0002778084890451282,9.999999747378752e-05
1245,0.9997249841690063,0.0005588319036178291,9.999999747378752e-05
1246,0.9994499683380127,0.0021852769423276186,9.999999747378752e-05
1247,1.0,0.0004315038677304983,9.999999747378752e-05
1248,1.0,0.00038405071245506406,9.999999747378752e-05
1249,1.0,0.0002937222889158875,9.999999747378752e-05
1250,1.0,0.0002856750215869397,9.999999747378752e-05
1251,1.0,0.0003358616086188704,9.999999747378752e-05
1252,1.0,0.0002713206340558827,9.999999747378752e-05
1253,1.0,0.00025195226771757007,9.999999747378752e-05
1254,1.0,0.0002297296014148742,9.999999747378752e-05
1255,1.0,0.00026496994541957974,9.999999747378752e-05
1256,1.0,0.00024259141355287284,9.999999747378752e-05
1257,1.0,0.0002633984258864075,9.999999747378752e-05
1258,1.0,0.00024207952083088458,9.999999747378752e-05
1259,1.0,0.00025370207731612027,9.999999747378752e-05
1260,1.0,0.00022896332666277885,9.999999747378752e-05
1261,1.0,0.00019829427765216678,9.999999747378752e-05
1262,1.0,0.0002853000187315047,9.999999747378752e-05
1263,1.0,0.00022308356710709631,9.999999747378752e-05
1264,1.0,0.0002532752405386418,9.999999747378752e-05
1265,1.0,0.00017446352285332978,9.999999747378752e-05
1266,1.0,0.00020827059051953256,9.999999747378752e-05
1267,1.0,0.0001808255910873413,9.999999747378752e-05
1268,1.0,0.00019961751240771264,9.999999747378752e-05
1269,1.0,0.00017126531747635454,9.999999747378752e-05
1270,1.0,0.00019884429639205337,9.999999747378752e-05
1271,1.0,0.0003556197334546596,9.999999747378752e-05
1272,1.0,0.00032469010329805315,9.999999747378752e-05
1273,1.0,0.00024264522653538734,9.999999747378752e-05
1274,1.0,0.00029016417101956904,9.999999747378752e-05
1275,1.0,0.00022634328342974186,9.999999747378752e-05
1276,1.0,0.000442997261416167,9.999999747378752e-05
1277,1.0,0.0006630665739066899,9.999999747378752e-05
1278,1.0,0.00028110877610743046,9.999999747378752e-05
1279,1.0,0.0002361489023314789,9.999999747378752e-05
1280,1.0,0.00029099202947691083,9.999999747378752e-05
1281,1.0,0.0002087469765683636,9.999999747378752e-05
1282,1.0,0.00019821160822175443,9.999999747378752e-05
1283,1.0,0.00016457750461995602,9.999999747378752e-05
1284,1.0,0.00021699423086829484,9.999999747378752e-05
1285,1.0,0.0003047575883101672,9.999999747378752e-05
1286,1.0,0.00028649423620663583,9.999999747378752e-05
1287,0.9997249841690063,0.0007988555589690804,9.999999747378752e-05
1288,1.0,0.0007077271002344787,9.999999747378752e-05
1289,1.0,0.0002431012107990682,9.999999747378752e-05
1290,1.0,0.00021747889695689082,9.999999747378752e-05
1291,1.0,0.00021596236911136657,9.999999747378752e-05
1292,1.0,0.0002132128574885428,9.999999747378752e-05
1293,1.0,0.0002463036507833749,9.999999747378752e-05
1294,1.0,0.00018236611504107714,9.999999747378752e-05
1295,1.0,0.00018126533541362733,9.999999747378752e-05
1296,1.0,0.00021774950437247753,9.999999747378752e-05
1297,1.0,0.00015276089834515005,9.999999747378752e-05
1298,1.0,0.00024475439568050206,9.999999747378752e-05
1299,1.0,0.00024483149172738194,9.999999747378752e-05
1300,0.9994499683380127,0.0013136427151039243,9.999999747378752e-05
1301,0.9997249841690063,0.001254533533938229,9.999999747378752e-05
1302,1.0,0.0007316704140976071,9.999999747378752e-05
1303,1.0,0.00027191443950869143,9.999999747378752e-05
1304,1.0,0.0002737313916441053,9.999999747378752e-05
1305,1.0,0.00026334714493714273,9.999999747378752e-05
1306,1.0,0.00018506891501601785,9.999999747378752e-05
1307,1.0,0.0002591722004581243,9.999999747378752e-05
1308,1.0,0.00034411816159263253,9.999999747378752e-05
1309,1.0,0.00020448924624361098,9.999999747378752e-05
1310,1.0,0.0008879770175553858,9.999999747378752e-05
1311,1.0,0.00027031305944547057,9.999999747378752e-05
1312,1.0,0.0002650475362315774,9.999999747378752e-05
1313,1.0,0.0002863624831661582,9.999999747378752e-05
1314,1.0,0.00018881740106735379,9.999999747378752e-05
1315,1.0,0.0003445346374064684,9.999999747378752e-05
1316,1.0,0.0006295467610470951,9.999999747378752e-05
1317,1.0,0.0003140106564387679,9.999999747378752e-05
1318,1.0,0.00037356617394834757,9.999999747378752e-05
1319,1.0,0.00020847373525612056,9.999999747378752e-05
1320,1.0,0.00019340243306942284,9.999999747378752e-05
1321,1.0,0.0001684991002548486,9.999999747378752e-05
1322,1.0,0.00018222996732220054,9.999999747378752e-05
1323,1.0,0.000179669659701176,9.999999747378752e-05
1324,1.0,0.00021689827553927898,9.999999747378752e-05
1325,1.0,0.00016714843513909727,9.999999747378752e-05
1326,1.0,0.00020718772429972887,9.999999747378752e-05
1327,1.0,0.0003063076001126319,9.999999747378752e-05
1328,1.0,0.00018980570894200355,9.999999747378752e-05
1329,0.9997249841690063,0.00042725479579530656,9.999999747378752e-05
1330,0.9994499683380127,0.0016685653245076537,9.999999747378752e-05
1331,0.9997249841690063,0.0010839971946552396,9.999999747378752e-05
1332,1.0,0.0005511273629963398,9.999999747378752e-05
1333,1.0,0.00034980379859916866,9.999999747378752e-05
1334,1.0,0.00027294529718346894,9.999999747378752e-05
1335,1.0,0.000329169153701514,9.999999747378752e-05
1336,1.0,0.0002922734711319208,9.999999747378752e-05
1337,1.0,0.00022842740872874856,9.999999747378752e-05
1338,1.0,0.00018162080959882587,9.999999747378752e-05
1339,1.0,0.00019656741642393172,9.999999747378752e-05
1340,1.0,0.00026419360074214637,9.999999747378752e-05
1341,1.0,0.00023021321976557374,9.999999747378752e-05
1342,1.0,0.00018205223022960126,9.999999747378752e-05
1343,1.0,0.00021127588115632534,9.999999747378752e-05
1344,1.0,0.0005598435527645051,9.999999747378752e-05
1345,1.0,0.00035993667552247643,9.999999747378752e-05
1346,1.0,0.0003489075170364231,9.999999747378752e-05
1347,1.0,0.00021856722014490515,9.999999747378752e-05
1348,0.9997249841690063,0.0013151948805898428,9.999999747378752e-05
1349,0.9991748929023743,0.0027387989684939384,9.999999747378752e-05
1350,1.0,0.0005695740692317486,9.999999747378752e-05
1351,1.0,0.0004899497143924236,9.999999747378752e-05
1352,1.0,0.00047689900384284556,9.999999747378752e-05
1353,1.0,0.00031771938665769994,9.999999747378752e-05
1354,1.0,0.00027265443350188434,9.999999747378752e-05
1355,1.0,0.00022559058561455458,9.999999747378752e-05
1356,1.0,0.00031176130869425833,9.999999747378752e-05
1357,1.0,0.0002415852213744074,9.999999747378752e-05
1358,1.0,0.00020425223920028657,9.999999747378752e-05
1359,1.0,0.0001993654586840421,9.999999747378752e-05
1360,1.0,0.0001434776932001114,9.999999747378752e-05
1361,1.0,0.00040747574530541897,9.999999747378752e-05
1362,1.0,0.00026524646091274917,9.999999747378752e-05
1363,1.0,0.000211310078157112,9.999999747378752e-05
1364,1.0,0.00017397370538674295,9.999999747378752e-05
1365,1.0,0.00017261931498069316,9.999999747378752e-05
1366,1.0,0.00019214575877413154,9.999999747378752e-05
1367,1.0,0.00017342501087114215,9.999999747378752e-05
1368,1.0,0.0001566532300785184,9.999999747378752e-05
1369,1.0,0.00017309645772911608,9.999999747378752e-05
1370,1.0,0.00020442839013412595,9.999999747378752e-05
1371,1.0,0.00037781777791678905,9.999999747378752e-05
1372,1.0,0.00024433137150481343,9.999999747378752e-05
1373,1.0,0.00030647008679807186,9.999999747378752e-05
1374,1.0,0.00015657195763196796,9.999999747378752e-05
1375,1.0,0.00016020819020923227,9.999999747378752e-05
1376,1.0,0.00025937645114026964,9.999999747378752e-05
1377,1.0,0.00039414979983121157,9.999999747378752e-05
1378,1.0,0.0004714196838904172,9.999999747378752e-05
1379,1.0,0.00027352606412023306,9.999999747378752e-05
1380,1.0,0.0003865792532451451,9.999999747378752e-05
1381,1.0,0.0001925914257299155,9.999999747378752e-05
1382,1.0,0.0001854785659816116,9.999999747378752e-05
1383,1.0,0.00018615553562995046,9.999999747378752e-05
1384,1.0,0.00020868283172603697,9.999999747378752e-05
1385,1.0,0.0002505481825210154,9.999999747378752e-05
1386,1.0,0.0002965791500173509,9.999999747378752e-05
1387,1.0,0.00026243552565574646,9.999999747378752e-05
1388,1.0,0.00017605516768526286,9.999999747378752e-05
1389,1.0,0.0001991063036257401,9.999999747378752e-05
1390,1.0,0.00012291903840377927,9.999999747378752e-05
1391,1.0,0.0002118644188158214,9.999999747378752e-05
1392,1.0,0.0001492915762355551,9.999999747378752e-05
1393,0.9994499683380127,0.001916080596856773,9.999999747378752e-05
1394,0.9997249841690063,0.0017369927372783422,9.999999747378752e-05
1395,1.0,0.0005161326262168586,9.999999747378752e-05
1396,1.0,0.0004568961448967457,9.999999747378752e-05
1397,1.0,0.00045443203998729587,9.999999747378752e-05
1398,1.0,0.00022397392604034394,9.999999747378752e-05
1399,1.0,0.000233275699429214,9.999999747378752e-05
1400,1.0,0.0002626444329507649,9.999999747378752e-05
1401,1.0,0.0002632641408126801,9.999999747378752e-05
1402,1.0,0.00024389855389017612,9.999999747378752e-05
1403,1.0,0.00020655909611377865,9.999999747378752e-05
1404,1.0,0.0002107668697135523,9.999999747378752e-05
1405,1.0,0.00016772758681327105,9.999999747378752e-05
1406,1.0,0.00019584907568059862,9.999999747378752e-05
1407,1.0,0.0001669956836849451,9.999999747378752e-05
1408,1.0,0.00021920230938121676,9.999999747378752e-05
1409,1.0,0.00014414331235457212,9.999999747378752e-05
1410,1.0,0.0001825665240176022,9.999999747378752e-05
1411,1.0,0.0002097652031807229,9.999999747378752e-05
1412,1.0,0.0001661740243434906,9.999999747378752e-05
1413,1.0,0.00014383939560502768,9.999999747378752e-05
1414,1.0,0.00019321715808473527,9.999999747378752e-05
1415,1.0,0.00019227119628340006,9.999999747378752e-05
1416,1.0,0.000137229886604473,9.999999747378752e-05
1417,1.0,0.0003890122170560062,9.999999747378752e-05
1418,1.0,0.00018481323786545545,9.999999747378752e-05
1419,1.0,0.00019210943719372153,9.999999747378752e-05
1420,1.0,0.0002212278195656836,9.999999747378752e-05
1421,1.0,0.00014720715989824384,9.999999747378752e-05
1422,1.0,0.00017875047342386097,9.999999747378752e-05
1423,1.0,0.00021596565784420818,9.999999747378752e-05
1424,1.0,0.0001746277412166819,9.999999747378752e-05
1425,0.9997249841690063,0.0010249004699289799,9.999999747378752e-05
1426,1.0,0.0008870567544363439,9.999999747378752e-05
1427,1.0,0.00048279244219884276,9.999999747378752e-05
1428,1.0,0.0003393026127014309,9.999999747378752e-05
1429,1.0,0.00024126775679178536,9.999999747378752e-05
1430,1.0,0.00032301279134117067,9.999999747378752e-05
1431,1.0,0.0003556668816599995,9.999999747378752e-05
1432,1.0,0.0002735752786975354,9.999999747378752e-05
1433,1.0,0.00018570336396805942,9.999999747378752e-05
1434,1.0,0.00033240907941944897,9.999999747378752e-05
1435,0.9997249841690063,0.0004616321239154786,9.999999747378752e-05
1436,1.0,0.0009032862144522369,9.999999747378752e-05
1437,1.0,0.00044363547931425273,9.999999747378752e-05
1438,1.0,0.0005282345227897167,9.999999747378752e-05
1439,1.0,0.0002962994622066617,9.999999747378752e-05
1440,1.0,0.00020926461729686707,9.999999747378752e-05
1441,1.0,0.00021148640371393412,9.999999747378752e-05
1442,1.0,0.00019792199600487947,9.999999747378752e-05
1443,1.0,0.0002289824333274737,9.999999747378752e-05
1444,1.0,0.0001519492216175422,9.999999747378752e-05
1445,1.0,0.00022506182722281665,9.999999747378752e-05
1446,1.0,0.00020270982349757105,9.999999747378752e-05
1447,1.0,0.00016380567103624344,9.999999747378752e-05
1448,1.0,0.0005207068170420825,9.999999747378752e-05
1449,1.0,0.00027625772054307163,9.999999747378752e-05
1450,1.0,0.00017820358334574848,9.999999747378752e-05
1451,1.0,0.00019296542450319976,9.999999747378752e-05
1452,1.0,0.0003595757589209825,9.999999747378752e-05
1453,1.0,0.0002914367651101202,9.999999747378752e-05
1454,1.0,0.00020648897043429315,9.999999747378752e-05
1455,1.0,0.0001815833238651976,9.999999747378752e-05
1456,1.0,0.00021543785987887532,9.999999747378752e-05
1457,1.0,0.00014547807222697884,9.999999747378752e-05
1458,1.0,0.00022102352522779256,9.999999747378752e-05
1459,1.0,0.0005426543648354709,9.999999747378752e-05
1460,1.0,0.00022361714218277484,9.999999747378752e-05
1461,1.0,0.00016151861927937716,9.999999747378752e-05
1462,0.9997249841690063,0.0009729282464832067,9.999999747378752e-05
1463,1.0,0.0003117449814453721,9.999999747378752e-05
1464,1.0,0.000223176772124134,9.999999747378752e-05
1465,0.9997249841690063,0.0008271943661384284,9.999999747378752e-05
1466,1.0,0.0004028782423119992,9.999999747378752e-05
1467,1.0,0.00021974454284645617,9.999999747378752e-05
1468,1.0,0.0005461335531435907,9.999999747378752e-05
1469,1.0,0.0002694033901207149,9.999999747378752e-05
1470,1.0,0.0002211962128058076,9.999999747378752e-05
1471,1.0,0.0002349303977098316,9.999999747378752e-05
1472,1.0,0.00018111997633241117,9.999999747378752e-05
1473,1.0,0.0002232671540696174,9.999999747378752e-05
1474,1.0,0.00023398365010507405,9.999999747378752e-05
1475,1.0,0.00011386814003344625,9.999999747378752e-05
1476,1.0,0.00021075278345961124,9.999999747378752e-05
1477,1.0,0.00019166000129189342,9.999999747378752e-05
1478,1.0,0.00015661986253689975,9.999999747378752e-05
1479,1.0,0.00014107224706094712,9.999999747378752e-05
1480,1.0,0.0001389498356729746,9.999999747378752e-05
1481,1.0,0.00017367035616189241,9.999999747378752e-05
1482,1.0,0.0003631677245721221,9.999999747378752e-05
1483,1.0,0.00019365394837222993,9.999999747378752e-05
1484,1.0,0.00015528542280662805,9.999999747378752e-05
1485,1.0,0.0001729872456053272,9.999999747378752e-05
1486,1.0,0.00013898315955884755,9.999999747378752e-05
1487,1.0,0.00012496815179474652,9.999999747378752e-05
1488,1.0,0.00030075060203671455,9.999999747378752e-05
1489,1.0,0.00017542933346703649,9.999999747378752e-05
1490,1.0,0.00015188823454082012,9.999999747378752e-05
1491,1.0,0.0001445791422156617,9.999999747378752e-05
1492,0.9997249841690063,0.0006522650364786386,9.999999747378752e-05
1493,1.0,0.0004129442386329174,9.999999747378752e-05
1494,1.0,0.00022989133140072227,9.999999747378752e-05
1495,1.0,0.00019429861276876181,9.999999747378752e-05
1496,1.0,0.00019174609042238444,9.999999747378752e-05
1497,1.0,0.00022784505563322455,9.999999747378752e-05
1498,1.0,0.00014111980271991342,9.999999747378752e-05
1499,1.0,0.0001522449601907283,9.999999747378752e-05
1500,1.0,0.0001533911854494363,9.999999747378752e-05
1501,1.0,0.0001445638481527567,9.999999747378752e-05
1502,1.0,0.00013891843263991177,9.999999747378752e-05
1503,1.0,0.0001791522663552314,9.999999747378752e-05
1504,1.0,0.00021195014414843172,9.999999747378752e-05
1505,1.0,0.0001430817792424932,9.999999747378752e-05
1506,1.0,0.00019300040730740875,9.999999747378752e-05
1507,1.0,0.0004911007708869874,9.999999747378752e-05
1508,1.0,0.00022943470685277134,9.999999747378752e-05
1509,1.0,0.00033935593091882765,9.999999747378752e-05
1510,1.0,0.00012451985094230622,9.999999747378752e-05
1511,1.0,0.00013945568935014307,9.999999747378752e-05
1512,1.0,0.0001323913165833801,9.999999747378752e-05
1513,1.0,0.00014147147885523736,9.999999747378752e-05
1514,1.0,0.000160022042109631,9.999999747378752e-05
1515,1.0,0.00014493029448203743,9.999999747378752e-05
1516,1.0,0.00011711655679391697,9.999999747378752e-05
1517,1.0,0.0003234294126741588,9.999999747378752e-05
1518,1.0,0.0012254794128239155,9.999999747378752e-05
1519,1.0,0.000261538487393409,9.999999747378752e-05
1520,1.0,0.0002692979760468006,9.999999747378752e-05
1521,1.0,0.00015910925867501646,9.999999747378752e-05
1522,1.0,0.00014793063746765256,9.999999747378752e-05
1523,1.0,0.00013915922318119556,9.999999747378752e-05
1524,1.0,0.00011281255137873814,9.999999747378752e-05
1525,1.0,0.00013902885257266462,9.999999747378752e-05
1526,1.0,0.00013825864880345762,9.999999747378752e-05
1527,1.0,0.00013855347060598433,9.999999747378752e-05
1528,1.0,0.00013889712863601744,9.999999747378752e-05
1529,1.0,0.00010760398436104879,9.999999747378752e-05
1530,1.0,0.0001448659459128976,9.999999747378752e-05
1531,1.0,0.0001499999052612111,9.999999747378752e-05
1532,1.0,0.00014123428263701499,9.999999747378752e-05
1533,1.0,0.00011861507664434612,9.999999747378752e-05
1534,1.0,0.0001439712505089119,9.999999747378752e-05
1535,1.0,0.00011784903472289443,9.999999747378752e-05
1536,1.0,0.0003019848372787237,9.999999747378752e-05
1537,1.0,0.0001582949626026675,9.999999747378752e-05
1538,1.0,0.000444560224423185,9.999999747378752e-05
1539,1.0,0.0001774227130226791,9.999999747378752e-05
1540,1.0,0.0003093502309639007,9.999999747378752e-05
1541,1.0,0.00032371756969951093,9.999999747378752e-05
1542,1.0,0.0003312014741823077,9.999999747378752e-05
1543,1.0,0.0003638003836385906,9.999999747378752e-05
1544,1.0,0.00013618204684462398,9.999999747378752e-05
1545,1.0,0.00017094901704695076,9.999999747378752e-05
1546,1.0,0.00018019552226178348,9.999999747378752e-05
1547,1.0,0.00015777409134898335,9.999999747378752e-05
1548,1.0,0.00027099798899143934,9.999999747378752e-05
1549,1.0,0.00015636917669326067,9.999999747378752e-05
1550,1.0,0.00022019197058398277,9.999999747378752e-05
1551,1.0,9.575706644682214e-05,9.999999747378752e-05
1552,1.0,0.0002274930157000199,9.999999747378752e-05
1553,1.0,0.00013732555089518428,9.999999747378752e-05
1554,1.0,0.0001253503724001348,9.999999747378752e-05
1555,1.0,0.00029680621810257435,9.999999747378752e-05
1556,0.9997249841690063,0.0012757184449583292,9.999999747378752e-05
1557,1.0,0.00029220074065960944,9.999999747378752e-05
1558,1.0,0.00019904390501324087,9.999999747378752e-05
1559,1.0,0.0003095600986853242,9.999999747378752e-05
1560,1.0,0.00018827582243829966,9.999999747378752e-05
1561,1.0,0.0001408177922712639,9.999999747378752e-05
1562,1.0,0.00015455909306183457,9.999999747378752e-05
1563,1.0,0.0001324057811871171,9.999999747378752e-05
1564,1.0,0.00016342893650289625,9.999999747378752e-05
1565,1.0,0.00020967115415260196,9.999999747378752e-05
1566,1.0,0.0001183430795208551,9.999999747378752e-05
1567,1.0,0.0006217678310349584,9.999999747378752e-05
1568,1.0,0.0001747986680129543,9.999999747378752e-05
1569,1.0,0.0001352274848613888,9.999999747378752e-05
1570,1.0,0.00018556887516751885,9.999999747378752e-05
1571,1.0,0.00011740295303752646,9.999999747378752e-05
1572,1.0,0.00015631339920219034,9.999999747378752e-05
1573,1.0,9.163891081698239e-05,9.999999747378752e-05
1574,1.0,0.00010697248217184097,9.999999747378752e-05
1575,1.0,0.0002205701166531071,9.999999747378752e-05
1576,1.0,0.00015160825569182634,9.999999747378752e-05
1577,1.0,0.00023533235071226954,9.999999747378752e-05
1578,1.0,0.00016008122474886477,9.999999747378752e-05
1579,1.0,0.0001336823042947799,9.999999747378752e-05
1580,1.0,0.00022957415785640478,9.999999747378752e-05
1581,1.0,0.00019287307804916054,9.999999747378752e-05
1582,1.0,0.00013837723236065358,9.999999747378752e-05
1583,1.0,0.0001395692233927548,9.999999747378752e-05
1584,1.0,0.0001727242924971506,9.999999747378752e-05
1585,1.0,0.00010566767014097422,9.999999747378752e-05
1586,1.0,0.00025103025836870074,9.999999747378752e-05
1587,1.0,0.0002909799513872713,9.999999747378752e-05
1588,1.0,0.00025900843320414424,9.999999747378752e-05
1589,1.0,0.0006533483974635601,9.999999747378752e-05
1590,1.0,0.00018700154032558203,9.999999747378752e-05
1591,1.0,0.00016054222942329943,9.999999747378752e-05
1592,1.0,0.0003326845180708915,9.999999747378752e-05
1593,1.0,0.00014048164302948862,9.999999747378752e-05
1594,1.0,0.00021899648709222674,9.999999747378752e-05
1595,1.0,0.000330253824358806,9.999999747378752e-05
1596,1.0,0.00021273043239489198,9.999999747378752e-05
1597,1.0,0.00020362139912322164,9.999999747378752e-05
1598,1.0,0.00016819122538436204,9.999999747378752e-05
1599,0.9988998770713806,0.0026286495849490166,9.999999747378752e-05
1600,1.0,0.00043976071174256504,9.999999747378752e-05
1601,1.0,0.00022569799330085516,9.999999747378752e-05
1602,0.9997249841690063,0.0007171499310061336,9.999999747378752e-05
1603,1.0,0.0002103776641888544,9.999999747378752e-05
1604,1.0,0.0001460211060475558,9.999999747378752e-05
1605,1.0,0.0001504999672761187,9.999999747378752e-05
1606,1.0,0.00013326328189577907,9.999999747378752e-05
1607,1.0,0.0001839797041611746,9.999999747378752e-05
1608,1.0,0.00044717322452925146,9.999999747378752e-05
1609,1.0,0.00028454134007915854,9.999999747378752e-05
1610,1.0,0.00034334781230427325,9.999999747378752e-05
1611,1.0,0.00039590601227246225,9.999999747378752e-05
1612,1.0,0.00027908477932214737,9.999999747378752e-05
1613,1.0,0.00026593220536597073,9.999999747378752e-05
1614,1.0,0.00033070455538108945,9.999999747378752e-05
1615,1.0,0.00016117126506287605,9.999999747378752e-05
1616,1.0,0.00013433612184599042,9.999999747378752e-05
1617,1.0,0.00011952030763495713,9.999999747378752e-05
1618,1.0,0.00012024680472677574,9.999999747378752e-05
1619,1.0,0.0001286181213799864,9.999999747378752e-05
1620,1.0,0.00017820335051510483,9.999999747378752e-05
1621,1.0,0.00011567623732844368,9.999999747378752e-05
1622,1.0,0.00020280086027923971,9.999999747378752e-05
1623,1.0,0.00011423627438489348,9.999999747378752e-05
1624,1.0,0.00011669716332107782,9.999999747378752e-05
1625,0.9997249841690063,0.000724374782294035,9.999999747378752e-05
1626,0.9994499683380127,0.0017483494011685252,9.999999747378752e-05
1627,1.0,0.0004938403726555407,9.999999747378752e-05
1628,1.0,0.00046757597010582685,9.999999747378752e-05
1629,1.0,0.0002428750303806737,9.999999747378752e-05
1630,1.0,0.0001593522756593302,9.999999747378752e-05
1631,1.0,0.0002368226123508066,9.999999747378752e-05
1632,1.0,0.00023182108998298645,9.999999747378752e-05
1633,1.0,0.00019375604460947216,9.999999747378752e-05
1634,1.0,0.00012615049490705132,9.999999747378752e-05
1635,1.0,0.00016736345423851162,9.999999747378752e-05
1636,1.0,0.0001652669598115608,9.999999747378752e-05
1637,1.0,0.00013508432311937213,9.999999747378752e-05
1638,1.0,0.00017790604033507407,9.999999747378752e-05
1639,1.0,0.00013008867972530425,9.999999747378752e-05
1640,1.0,0.00013356054842006415,9.999999747378752e-05
1641,1.0,0.00019276169769000262,9.999999747378752e-05
1642,1.0,0.00012902817979920655,9.999999747378752e-05
1643,1.0,0.00016156534547917545,9.999999747378752e-05
1644,1.0,0.00015755606000311673,9.999999747378752e-05
1645,1.0,0.00011291216651443392,9.999999747378752e-05
1646,1.0,0.00012518746370915323,9.999999747378752e-05
1647,1.0,0.00011858512880280614,9.999999747378752e-05
1648,1.0,9.854041127255186e-05,9.999999747378752e-05
1649,1.0,0.00011598636046983302,9.999999747378752e-05
1650,1.0,0.00022194263874553144,9.999999747378752e-05
1651,1.0,0.00013280710845720023,9.999999747378752e-05
1652,1.0,0.0003145373484585434,9.999999747378752e-05
1653,1.0,0.0003676710184663534,9.999999747378752e-05
1654,1.0,0.0003037952701561153,9.999999747378752e-05
1655,0.9997249841690063,0.00047676547546871006,9.999999747378752e-05
1656,0.9994499683380127,0.0015701602678745985,9.999999747378752e-05
1657,1.0,0.00026665840414352715,9.999999747378752e-05
1658,1.0,0.00017602792649995536,9.999999747378752e-05
1659,1.0,0.0004598610394168645,9.999999747378752e-05
1660,1.0,0.00021953748364467174,9.999999747378752e-05
1661,1.0,0.00016578775830566883,9.999999747378752e-05
1662,1.0,0.00020392048463691026,9.999999747378752e-05
1663,1.0,0.00015527717187069356,9.999999747378752e-05
1664,1.0,0.00021935156837571412,9.999999747378752e-05
1665,1.0,0.00015228464326355606,9.999999747378752e-05
1666,1.0,0.00022109778365120292,9.999999747378752e-05
1667,0.9997249841690063,0.0008161224541254342,9.999999747378752e-05
1668,1.0,0.00018455434474162757,9.999999747378752e-05
1669,1.0,0.00016100930224638432,9.999999747378752e-05
1670,1.0,0.0001537637726869434,9.999999747378752e-05
1671,1.0,0.00016957192565314472,9.999999747378752e-05
1672,1.0,0.00028195319464430213,9.999999747378752e-05
1673,1.0,0.00020029534061904997,9.999999747378752e-05
1674,1.0,0.00019214104395359755,9.999999747378752e-05
1675,1.0,0.00018752847972791642,9.999999747378752e-05
1676,1.0,0.00011869066656799987,9.999999747378752e-05
1677,1.0,0.00011294276191620156,9.999999747378752e-05
1678,1.0,0.0001822155900299549,9.999999747378752e-05
1679,1.0,0.00014829335850663483,9.999999747378752e-05
1680,1.0,0.00013674997899215668,9.999999747378752e-05
1681,1.0,0.000122673183795996,9.999999747378752e-05
1682,1.0,0.00014528268366120756,9.999999747378752e-05
1683,1.0,0.00014355506573338062,9.999999747378752e-05
1684,1.0,0.00011722639465006068,9.999999747378752e-05
1685,1.0,0.00013377699360717088,9.999999747378752e-05
1686,1.0,0.00018453062511980534,9.999999747378752e-05
1687,0.9994499683380127,0.001445895992219448,9.999999747378752e-05
1688,1.0,0.00020470684103202075,9.999999747378752e-05
1689,1.0,0.00021427299361675978,9.999999747378752e-05
1690,1.0,0.00011320295016048476,9.999999747378752e-05
1691,1.0,0.00012885432806797326,9.999999747378752e-05
1692,1.0,0.00013594994379673153,9.999999747378752e-05
1693,1.0,8.455814531771466e-05,9.999999747378752e-05
1694,1.0,0.0001476846227888018,9.999999747378752e-05
1695,1.0,0.00011401943629607558,9.999999747378752e-05
1696,1.0,0.00011468921002233401,9.999999747378752e-05
1697,1.0,0.0005164431058801711,9.999999747378752e-05
1698,1.0,0.0001876729802461341,9.999999747378752e-05
1699,1.0,0.00011824962712125853,9.999999747378752e-05
1700,1.0,0.00013962294906377792,9.999999747378752e-05
1701,1.0,0.00012761731341015548,9.999999747378752e-05
1702,1.0,0.00011274950520601124,9.999999747378752e-05
1703,1.0,0.00022324877500068396,9.999999747378752e-05
1704,1.0,0.0005307755782268941,9.999999747378752e-05
1705,1.0,0.0001538586657261476,9.999999747378752e-05
1706,1.0,0.0003758857201319188,9.999999747378752e-05
1707,1.0,0.0001301268785027787,9.999999747378752e-05
1708,1.0,0.00013456320448312908,9.999999747378752e-05
1709,1.0,0.0001339586015092209,9.999999747378752e-05
1710,1.0,0.00014241458848118782,9.999999747378752e-05
1711,1.0,0.0001363093761028722,9.999999747378752e-05
1712,1.0,0.00012545601930469275,9.999999747378752e-05
1713,1.0,9.282393875764683e-05,9.999999747378752e-05
1714,1.0,0.0001244982413481921,9.999999747378752e-05
1715,1.0,0.00011305820953566581,9.999999747378752e-05
1716,1.0,0.00011359752534190193,9.999999747378752e-05
1717,1.0,0.0002141004806617275,9.999999747378752e-05
1718,1.0,0.00030679622432217,9.999999747378752e-05
1719,1.0,0.00013097932969685644,9.999999747378752e-05
1720,1.0,0.0001067950070137158,9.999999747378752e-05
1721,1.0,0.00012253032764419913,9.999999747378752e-05
1722,1.0,0.00010645821021171287,9.999999747378752e-05
1723,1.0,0.00010331389785278589,9.999999747378752e-05
1724,1.0,0.00010709991329349577,9.999999747378752e-05
1725,1.0,0.0001249517226824537,9.999999747378752e-05
1726,1.0,0.0001298306160606444,9.999999747378752e-05
1727,1.0,0.0001292460219701752,9.999999747378752e-05
1728,1.0,0.00013072934234514832,9.999999747378752e-05
1729,1.0,0.00037560329656116664,9.999999747378752e-05
1730,1.0,0.00015929491200949997,9.999999747378752e-05
1731,1.0,0.00014015944907441735,9.999999747378752e-05
1732,1.0,8.651015377836302e-05,9.999999747378752e-05
1733,1.0,0.00010856136941583827,9.999999747378752e-05
1734,0.9997249841690063,0.0004060403152834624,9.999999747378752e-05
1735,0.9997249841690063,0.0012815890368074179,9.999999747378752e-05
1736,1.0,0.0002502361894585192,9.999999747378752e-05
1737,1.0,0.00021144912170711905,9.999999747378752e-05
1738,1.0,0.00032114380155690014,9.999999747378752e-05
1739,0.9994499683380127,0.0014411639422178268,9.999999747378752e-05
1740,1.0,0.00033696339232847095,9.999999747378752e-05
1741,1.0,0.0005664239288307726,9.999999747378752e-05
1742,1.0,0.00021105185442138463,9.999999747378752e-05
1743,1.0,0.00012503864127211273,9.999999747378752e-05
1744,1.0,0.00015546278154943138,9.999999747378752e-05
1745,1.0,0.000125586855574511,9.999999747378752e-05
1746,1.0,0.0001529850414954126,9.999999747378752e-05
1747,1.0,0.00045252207200974226,9.999999747378752e-05
1748,1.0,0.00022586593695450574,9.999999747378752e-05
1749,1.0,0.0002018827071879059,9.999999747378752e-05
1750,0.9997249841690063,0.000841572938952595,9.999999747378752e-05
1751,1.0,0.00048733982839621603,9.999999747378752e-05
1752,1.0,0.00024836056400090456,9.999999747378752e-05
1753,1.0,0.000281714164884761,9.999999747378752e-05
1754,1.0,0.00030608417000621557,9.999999747378752e-05
1755,1.0,0.00014362209185492247,9.999999747378752e-05
1756,1.0,0.00013103103265166283,9.999999747378752e-05
1757,1.0,0.00014334931620396674,9.999999747378752e-05
1758,1.0,0.00011481173714855686,9.999999747378752e-05
1759,1.0,0.0001465634413762018,9.999999747378752e-05
1760,1.0,8.715494914213195e-05,9.999999747378752e-05
1761,1.0,0.00012122761108912528,9.999999747378752e-05
1762,1.0,0.00013404636410996318,9.999999747378752e-05
1763,1.0,0.00012266657722648233,9.999999747378752e-05
1764,1.0,9.803494322113693e-05,9.999999747378752e-05
1765,1.0,8.511974738212302e-05,9.999999747378752e-05
1766,1.0,8.81944433785975e-05,9.999999747378752e-05
1767,1.0,9.096908615902066e-05,9.999999747378752e-05
1768,1.0,9.889565262710676e-05,9.999999747378752e-05
1769,1.0,0.0001653862709645182,9.999999747378752e-05
1770,1.0,0.0001046372635755688,9.999999747378752e-05
1771,1.0,9.273790055885911e-05,9.999999747378752e-05
1772,0.9997249841690063,0.0002921129926107824,9.999999747378752e-05
1773,0.9991748929023743,0.0040108985267579556,9.999999747378752e-05
1774,0.9991748929023743,0.001783897401764989,9.999999747378752e-05
1775,1.0,0.00024152414698619395,9.999999747378752e-05
1776,1.0,0.00036255468148738146,9.999999747378752e-05
1777,1.0,0.0002927327004726976,9.999999747378752e-05
1778,1.0,0.00017932501214090735,9.999999747378752e-05
1779,1.0,0.00013942473742645234,9.999999747378752e-05
1780,1.0,0.00011621079465840012,9.999999747378752e-05
1781,1.0,0.00019075931049883366,9.999999747378752e-05
1782,1.0,0.0001184529101010412,9.999999747378752e-05
1783,1.0,0.00013897255121264607,9.999999747378752e-05
1784,1.0,8.693205745657906e-05,9.999999747378752e-05
1785,1.0,0.0002877555089071393,9.999999747378752e-05
1786,1.0,0.00025342361186631024,9.999999747378752e-05
1787,1.0,0.0002446926664561033,9.999999747378752e-05
1788,1.0,0.00010889697296079248,9.999999747378752e-05
1789,1.0,0.00031111418502405286,9.999999747378752e-05
1790,1.0,0.00017220406152773649,9.999999747378752e-05
1791,1.0,0.00021122684120200574,9.999999747378752e-05
1792,1.0,0.0001480546488892287,9.999999747378752e-05
1793,1.0,9.711130405776203e-05,9.999999747378752e-05
1794,1.0,0.00014606607146561146,9.999999747378752e-05
1795,1.0,0.0001056756082107313,9.999999747378752e-05
1796,1.0,9.846400644164532e-05,9.999999747378752e-05
1797,1.0,0.00010377680882811546,9.999999747378752e-05
1798,1.0,0.00010221230331808329,9.999999747378752e-05
1799,1.0,0.00011799565982073545,9.999999747378752e-05
1800,1.0,0.000178571353899315,9.999999747378752e-05
1801,1.0,0.0005477152299135923,9.999999747378752e-05
1802,1.0,0.00020510297326836735,9.999999747378752e-05
1803,1.0,0.00023970504116732627,9.999999747378752e-05
1804,1.0,0.00013880633923690766,9.999999747378752e-05
1805,0.9997249841690063,0.0008733972208574414,9.999999747378752e-05
1806,0.9997249841690063,0.002021930878981948,9.999999747378752e-05
1807,1.0,0.000317982689011842,9.999999747378752e-05
1808,1.0,0.0003722995170392096,9.999999747378752e-05
1809,1.0,0.0002099585544783622,9.999999747378752e-05
1810,1.0,0.00015556758444290608,9.999999747378752e-05
1811,1.0,0.0003360140835866332,9.999999747378752e-05
1812,1.0,0.00030589429661631584,9.999999747378752e-05
1813,1.0,0.00015683243691455573,9.999999747378752e-05
1814,1.0,9.773590136319399e-05,9.999999747378752e-05
1815,1.0,0.00017010253213811666,9.999999747378752e-05
1816,1.0,0.00012987722584512085,9.999999747378752e-05
1817,1.0,0.00010976625344483182,9.999999747378752e-05
1818,0.9997249841690063,0.0005485828150995076,9.999999747378752e-05
1819,0.9988998770713806,0.0026898235082626343,9.999999747378752e-05
1820,1.0,0.0002909502072725445,9.999999747378752e-05
1821,0.9997249841690063,0.001378886983729899,9.999999747378752e-05
1822,1.0,0.00038402978680096567,9.999999747378752e-05
1823,0.9997249841690063,0.0015374921495094895,9.999999747378752e-05
1824,1.0,0.00029882704257033765,9.999999747378752e-05
1825,1.0,0.0001672134967520833,9.999999747378752e-05
1826,1.0,0.0001722012966638431,9.999999747378752e-05
1827,1.0,0.00023013570171315223,9.999999747378752e-05
1828,1.0,0.0002582909364718944,9.999999747378752e-05
1829,1.0,0.0003387350880075246,9.999999747378752e-05
1830,1.0,0.00021466109319590032,9.999999747378752e-05
1831,1.0,0.0001302029559155926,9.999999747378752e-05
1832,1.0,0.00012892091763205826,9.999999747378752e-05
1833,1.0,0.00011241605534451082,9.999999747378752e-05
1834,1.0,0.00011331932182656601,9.999999747378752e-05
1835,1.0,0.00011244466440984979,9.999999747378752e-05
1836,1.0,0.00018139820895157754,9.999999747378752e-05
1837,1.0,0.0001707902119960636,9.999999747378752e-05
1838,1.0,0.00013360122102312744,9.999999747378752e-05
1839,1.0,0.00018970121163874865,9.999999747378752e-05
1840,0.9994499683380127,0.0008744092774577439,9.999999747378752e-05
1841,0.9997249841690063,0.0012821874115616083,9.999999747378752e-05
1842,1.0,0.0003664000250864774,9.999999747378752e-05
1843,1.0,0.00015231824363581836,9.999999747378752e-05
1844,1.0,0.00013120606308802962,9.999999747378752e-05
1845,1.0,0.00014396767073776573,9.999999747378752e-05
1846,1.0,8.907307346817106e-05,9.999999747378752e-05
1847,1.0,0.00010622750414768234,9.999999747378752e-05
1848,1.0,0.00013845934881828725,9.999999747378752e-05
1849,1.0,0.00011267790978308767,9.999999747378752e-05
1850,1.0,9.552428673487157e-05,9.999999747378752e-05
1851,1.0,0.0001358071167487651,9.999999747378752e-05
1852,1.0,0.00010827738151419908,9.999999747378752e-05
1853,1.0,0.00020059804955963045,9.999999747378752e-05
1854,1.0,8.482763223582879e-05,9.999999747378752e-05
1855,1.0,9.052733366843313e-05,9.999999747378752e-05
1856,1.0,9.062394383363426e-05,9.999999747378752e-05
1857,1.0,0.00010548767022555694,9.999999747378752e-05
1858,1.0,8.640579471830279e-05,9.999999747378752e-05
1859,1.0,0.00018235979950986803,9.999999747378752e-05
1860,0.9994499683380127,0.001089877332560718,9.999999747378752e-05
1861,1.0,0.000516111555043608,9.999999747378752e-05
1862,1.0,0.00017526131705380976,9.999999747378752e-05
1863,1.0,0.00013382449105847627,9.999999747378752e-05
1864,1.0,0.00015201617497950792,9.999999747378752e-05
1865,1.0,0.00010395685967523605,9.999999747378752e-05
1866,1.0,0.00011969634215347469,9.999999747378752e-05
1867,1.0,0.00010091126023326069,9.999999747378752e-05
1868,1.0,0.00013674986257683486,9.999999747378752e-05
1869,1.0,0.0001497987686889246,9.999999747378752e-05
1870,1.0,0.0001394277933286503,9.999999747378752e-05
1871,1.0,8.796587644610554e-05,9.999999747378752e-05
1872,1.0,0.00010591324826236814,9.999999747378752e-05
1873,1.0,0.0005098810652270913,9.999999747378752e-05
1874,1.0,0.00013794911501463503,9.999999747378752e-05
1875,1.0,0.0001589238381711766,9.999999747378752e-05
1876,1.0,0.000120431614050176,9.999999747378752e-05
1877,1.0,0.0001283894234802574,9.999999747378752e-05
1878,1.0,9.613187285140157e-05,9.999999747378752e-05
1879,1.0,0.00010611750622047111,9.999999747378752e-05
1880,1.0,0.00010007723903981969,9.999999747378752e-05
1881,1.0,9.812441567191854e-05,9.999999747378752e-05
1882,1.0,9.652924200054258e-05,9.999999747378752e-05
1883,1.0,0.00012112071999581531,9.999999747378752e-05
1884,1.0,0.00014839950017631054,9.999999747378752e-05
1885,1.0,0.00010756388655863702,9.999999747378752e-05
1886,1.0,8.63356253830716e-05,9.999999747378752e-05
1887,1.0,0.00015232198347803205,9.999999747378752e-05
1888,1.0,0.00014848374121356755,9.999999747378752e-05
1889,1.0,0.00014459423255175352,9.999999747378752e-05
1890,1.0,0.00010589611338218674,9.999999747378752e-05
1891,1.0,0.00042424016282893717,9.999999747378752e-05
1892,1.0,0.00022149812139105052,9.999999747378752e-05
1893,1.0,0.00019744124438147992,9.999999747378752e-05
1894,1.0,9.470609074924141e-05,9.999999747378752e-05
1895,1.0,8.184266334865242e-05,9.999999747378752e-05
1896,1.0,8.847103890730068e-05,9.999999747378752e-05
1897,1.0,8.68716451805085e-05,9.999999747378752e-05
1898,1.0,8.765094389673322e-05,9.999999747378752e-05
1899,1.0,9.327743464382365e-05,9.999999747378752e-05
1900,1.0,9.03199179447256e-05,9.999999747378752e-05
1901,1.0,7.327800267376006e-05,9.999999747378752e-05
1902,1.0,7.56753288442269e-05,9.999999747378752e-05
1903,1.0,7.330788503168151e-05,9.999999747378752e-05
1904,1.0,0.00021468280465342104,9.999999747378752e-05
1905,1.0,0.00018345320131629705,9.999999747378752e-05
1906,1.0,0.000320526392897591,9.999999747378752e-05
1907,1.0,8.580873691244051e-05,9.999999747378752e-05
1908,1.0,0.0003347750171087682,9.999999747378752e-05
1909,1.0,0.00018536548304837197,9.999999747378752e-05
1910,1.0,0.0002622593310661614,9.999999747378752e-05
1911,0.9991748929023743,0.0022916560992598534,9.999999747378752e-05
1912,1.0,0.0002934209769591689,9.999999747378752e-05
1913,1.0,0.00016828895604703575,9.999999747378752e-05
1914,1.0,0.00015519646694883704,9.999999747378752e-05
1915,1.0,0.0004092929884791374,9.999999747378752e-05
1916,1.0,0.00018342187104281038,9.999999747378752e-05
1917,1.0,0.0001889695558929816,9.999999747378752e-05
1918,1.0,0.000134759015054442,9.999999747378752e-05
1919,1.0,0.00010614882921800017,9.999999747378752e-05
1920,1.0,0.0001221656275447458,9.999999747378752e-05
1921,1.0,0.00014483695849776268,9.999999747378752e-05
1922,1.0,0.00021705649851355702,9.999999747378752e-05
1923,0.9997249841690063,0.0005439223605208099,9.999999747378752e-05
1924,0.9994499683380127,0.001595087698660791,9.999999747378752e-05
1925,1.0,0.00022884827922098339,9.999999747378752e-05
1926,1.0,0.0002661886974237859,9.999999747378752e-05
1927,1.0,0.00026129771140404046,9.999999747378752e-05
1928,1.0,0.00015248646377585828,9.999999747378752e-05
1929,1.0,0.00012545034405775368,9.999999747378752e-05
1930,1.0,0.00010213079076493159,9.999999747378752e-05
1931,1.0,0.00011083349090768024,9.999999747378752e-05
1932,1.0,0.00010875805310206488,9.999999747378752e-05
1933,1.0,0.0001022428841679357,9.999999747378752e-05
1934,1.0,9.123727795667946e-05,9.999999747378752e-05
1935,1.0,0.00012131456605857238,9.999999747378752e-05
1936,1.0,9.258772479370236e-05,9.999999747378752e-05
1937,1.0,0.0002620804007165134,9.999999747378752e-05
1938,1.0,0.00010521416697883978,9.999999747378752e-05
1939,1.0,0.0001037268084473908,9.999999747378752e-05
1940,1.0,0.00017055394710041583,9.999999747378752e-05
1941,1.0,8.151863585226238e-05,9.999999747378752e-05
1942,1.0,0.00010235074296360835,9.999999747378752e-05
1943,1.0,0.0001653289800742641,9.999999747378752e-05
1944,1.0,0.00020477321231737733,9.999999747378752e-05
1945,1.0,0.0001055710599757731,9.999999747378752e-05
1946,1.0,9.660384966991842e-05,9.999999747378752e-05
1947,1.0,0.00010132259922102094,9.999999747378752e-05
1948,1.0,6.669326830888167e-05,9.999999747378752e-05
1949,1.0,9.01256498764269e-05,9.999999747378752e-05
1950,1.0,8.570727368351072e-05,9.999999747378752e-05
1951,1.0,0.0001243626029463485,9.999999747378752e-05
1952,1.0,0.00011620043369475752,9.999999747378752e-05
1953,1.0,7.305766484932974e-05,9.999999747378752e-05
1954,1.0,0.0002693516144063324,9.999999747378752e-05
1955,1.0,0.00020963483257219195,9.999999747378752e-05
1956,1.0,0.00020174462406430393,9.999999747378752e-05
1957,1.0,7.472379365935922e-05,9.999999747378752e-05
1958,1.0,0.00013523531379178166,9.999999747378752e-05
1959,1.0,0.00033174193231388927,9.999999747378752e-05
1960,0.9997249841690063,0.000990039436146617,9.999999747378752e-05
1961,1.0,0.0001574694033479318,9.999999747378752e-05
1962,1.0,0.0001187391098937951,9.999999747378752e-05
1963,1.0,0.00017854702309705317,9.999999747378752e-05
1964,1.0,0.00011958834511460736,9.999999747378752e-05
1965,1.0,8.051835902733728e-05,9.999999747378752e-05
1966,1.0,7.753333920845762e-05,9.999999747378752e-05
1967,1.0,0.0001463089429307729,9.999999747378752e-05
1968,1.0,0.00020083566778339446,9.999999747378752e-05
1969,1.0,0.0004046013345941901,9.999999747378752e-05
1970,1.0,0.00022207821893971413,9.999999747378752e-05
1971,1.0,0.00011648073996184394,9.999999747378752e-05
1972,1.0,0.00018127627845387906,9.999999747378752e-05
1973,1.0,0.0001560634555062279,9.999999747378752e-05
1974,1.0,0.00010795468551805243,9.999999747378752e-05
1975,1.0,0.00012292397150304168,9.999999747378752e-05
1976,1.0,0.00011269378592260182,9.999999747378752e-05
1977,0.9997249841690063,0.0005281122284941375,9.999999747378752e-05
1978,0.9997249841690063,0.000912602583412081,9.999999747378752e-05
1979,1.0,0.0002052351483143866,9.999999747378752e-05
1980,1.0,0.00022530893329530954,9.999999747378752e-05
1981,1.0,0.00013182488328311592,9.999999747378752e-05
1982,1.0,0.0002484061405993998,9.999999747378752e-05
1983,1.0,0.00016497891920153052,9.999999747378752e-05
1984,1.0,0.00013679191761184484,9.999999747378752e-05
1985,1.0,8.339813211932778e-05,9.999999747378752e-05
1986,1.0,0.0006768118473701179,9.999999747378752e-05
1987,1.0,0.00014563245349563658,9.999999747378752e-05
1988,1.0,0.00019517555483616889,9.999999747378752e-05
1989,1.0,9.36774886213243e-05,9.999999747378752e-05
1990,1.0,0.00010526109690545127,9.999999747378752e-05
1991,1.0,0.00013034346920903772,9.999999747378752e-05
1992,1.0,0.00010578444198472425,9.999999747378752e-05
1993,1.0,8.438942313659936e-05,9.999999747378752e-05
1994,1.0,7.868067041272298e-05,9.999999747378752e-05
1995,1.0,0.00012047737982356921,9.999999747378752e-05
1996,0.9994499683380127,0.0010328630451112986,9.999999747378752e-05
1997,0.9988998770713806,0.0026177088730037212,9.999999747378752e-05
1998,1.0,0.00021576587460003793,9.999999747378752e-05
1999,1.0,0.00022674562933389097,9.999999747378752e-05
