,categorical_accuracy,loss,learning_rate
0,0.27142858505249023,1.7512754201889038,0.0010000000474974513
1,0.5,1.3263189792633057,0.0010000000474974513
2,0.48571428656578064,1.2679686546325684,0.0010000000474974513
3,0.5142857432365417,1.193196177482605,0.0010000000474974513
4,0.5,1.1858909130096436,0.0010000000474974513
5,0.5,1.1531894207000732,0.0010000000474974513
6,0.5571428537368774,1.188594102859497,0.0010000000474974513
7,0.5857142806053162,1.108124852180481,0.0010000000474974513
8,0.5714285969734192,1.1089500188827515,0.0010000000474974513
9,0.6142857074737549,1.0271694660186768,0.0010000000474974513
10,0.5857142806053162,1.096897840499878,0.0010000000474974513
11,0.6000000238418579,1.0289486646652222,0.0010000000474974513
12,0.6714285612106323,0.9665743112564087,0.0010000000474974513
13,0.7142857313156128,0.9488837122917175,0.0010000000474974513
14,0.6428571343421936,0.9569929838180542,0.0010000000474974513
15,0.6285714507102966,1.031538724899292,0.0010000000474974513
16,0.6714285612106323,0.9927481412887573,0.0010000000474974513
17,0.7142857313156128,0.9071692228317261,0.0010000000474974513
18,0.6857143044471741,0.8528907895088196,0.0010000000474974513
19,0.7142857313156128,0.9600585699081421,0.0010000000474974513
20,0.6571428775787354,0.9675830006599426,0.0010000000474974513
21,0.7571428418159485,0.8172972202301025,0.0010000000474974513
22,0.7142857313156128,0.8349631428718567,0.0010000000474974513
23,0.699999988079071,0.8897191286087036,0.0010000000474974513
24,0.7571428418159485,0.7861292362213135,0.0010000000474974513
25,0.7428571581840515,0.8450300097465515,0.0010000000474974513
26,0.7714285850524902,0.7323088645935059,0.0010000000474974513
27,0.7285714149475098,0.8174004554748535,0.0010000000474974513
28,0.800000011920929,0.7104550004005432,0.0010000000474974513
29,0.7857142686843872,0.7678303122520447,0.0010000000474974513
30,0.8428571224212646,0.755914032459259,0.0010000000474974513
31,0.7857142686843872,0.690768301486969,0.0010000000474974513
32,0.8285714387893677,0.6857366561889648,0.0010000000474974513
33,0.8142856955528259,0.7088207602500916,0.0010000000474974513
34,0.7857142686843872,0.7123177647590637,0.0010000000474974513
35,0.8428571224212646,0.6464856266975403,0.0010000000474974513
36,0.8428571224212646,0.6310878992080688,0.0010000000474974513
37,0.7857142686843872,0.6862505078315735,0.0010000000474974513
38,0.8999999761581421,0.5716873407363892,0.0010000000474974513
39,0.8142856955528259,0.6611031889915466,0.0010000000474974513
40,0.8571428656578064,0.5816002488136292,0.0010000000474974513
41,0.8571428656578064,0.666163980960846,0.0010000000474974513
42,0.8428571224212646,0.5748355984687805,0.0010000000474974513
43,0.800000011920929,0.6255802512168884,0.0010000000474974513
44,0.8857142925262451,0.5330986976623535,0.0010000000474974513
45,0.8714285492897034,0.6224036812782288,0.0010000000474974513
46,0.8571428656578064,0.5322699546813965,0.0010000000474974513
47,0.8857142925262451,0.5731695294380188,0.0010000000474974513
48,0.8714285492897034,0.4915297329425812,0.0010000000474974513
49,0.8714285492897034,0.5302751660346985,0.0010000000474974513
50,0.9285714030265808,0.46342402696609497,0.0010000000474974513
51,0.8857142925262451,0.5428345799446106,0.0010000000474974513
52,0.9285714030265808,0.46946215629577637,0.0010000000474974513
53,0.9285714030265808,0.43832600116729736,0.0010000000474974513
54,0.8857142925262451,0.4342491626739502,0.0010000000474974513
55,0.9142857193946838,0.46195319294929504,0.0010000000474974513
56,0.9142857193946838,0.4541780352592468,0.0010000000474974513
57,0.9142857193946838,0.40418460965156555,0.0010000000474974513
58,0.9571428298950195,0.358236163854599,0.0010000000474974513
59,0.9714285731315613,0.33724528551101685,0.0010000000474974513
60,0.9571428298950195,0.3659532964229584,0.0010000000474974513
61,0.9857142567634583,0.3738066554069519,0.0010000000474974513
62,0.9428571462631226,0.3407769501209259,0.0010000000474974513
63,0.9285714030265808,0.39948561787605286,0.0010000000474974513
64,0.9714285731315613,0.2706047594547272,0.0010000000474974513
65,0.9142857193946838,0.4182952344417572,0.0010000000474974513
66,0.8571428656578064,0.4302448630332947,0.0010000000474974513
67,0.9714285731315613,0.3459160327911377,0.0010000000474974513
68,0.8857142925262451,0.41454651951789856,0.0010000000474974513
69,0.9428571462631226,0.3580387234687805,0.0010000000474974513
70,0.8999999761581421,0.4100337028503418,0.0010000000474974513
71,0.9571428298950195,0.343488484621048,0.0010000000474974513
72,0.9857142567634583,0.28465813398361206,0.0010000000474974513
73,0.9714285731315613,0.29880857467651367,0.0010000000474974513
74,0.8714285492897034,0.3498484790325165,0.0010000000474974513
75,0.9571428298950195,0.3086307942867279,0.0010000000474974513
76,0.9857142567634583,0.28106623888015747,0.0010000000474974513
77,0.9857142567634583,0.2714807093143463,0.0010000000474974513
78,0.9714285731315613,0.2337842434644699,0.0010000000474974513
79,0.9142857193946838,0.33425602316856384,0.0010000000474974513
80,0.9142857193946838,0.37083980441093445,0.0010000000474974513
81,0.9428571462631226,0.2898595333099365,0.0010000000474974513
82,0.9857142567634583,0.25984418392181396,0.0010000000474974513
83,0.9428571462631226,0.3032870292663574,0.0010000000474974513
84,1.0,0.19748063385486603,0.0010000000474974513
85,0.9571428298950195,0.26306670904159546,0.0010000000474974513
86,0.9285714030265808,0.25778892636299133,0.0010000000474974513
87,0.9285714030265808,0.2556094527244568,0.0010000000474974513
88,0.9857142567634583,0.27151528000831604,0.0010000000474974513
89,0.9714285731315613,0.22800004482269287,0.0010000000474974513
90,0.9714285731315613,0.23733559250831604,0.0010000000474974513
91,0.9714285731315613,0.19980956614017487,0.0010000000474974513
92,0.9714285731315613,0.23597648739814758,0.0010000000474974513
93,0.9857142567634583,0.17807602882385254,0.0010000000474974513
94,0.9857142567634583,0.16643372178077698,0.0010000000474974513
95,0.9857142567634583,0.166298046708107,0.0010000000474974513
96,0.9857142567634583,0.20298530161380768,0.0010000000474974513
97,0.9571428298950195,0.22995145618915558,0.0010000000474974513
98,0.9857142567634583,0.2155434787273407,0.0010000000474974513
99,0.9857142567634583,0.20913083851337433,0.0010000000474974513
100,0.9571428298950195,0.20623734593391418,0.0010000000474974513
101,1.0,0.19362352788448334,0.0010000000474974513
102,0.9714285731315613,0.18862555921077728,0.0010000000474974513
103,1.0,0.16979868710041046,0.0010000000474974513
104,1.0,0.13241393864154816,0.0010000000474974513
105,0.9714285731315613,0.2432096004486084,0.0010000000474974513
106,0.9857142567634583,0.1698496788740158,0.0010000000474974513
107,0.9857142567634583,0.17099134624004364,0.0010000000474974513
108,0.9714285731315613,0.14045125246047974,0.0010000000474974513
109,1.0,0.11282345652580261,0.0010000000474974513
110,0.9857142567634583,0.14077270030975342,0.0010000000474974513
111,0.9714285731315613,0.19795171916484833,0.0010000000474974513
112,0.9571428298950195,0.17780637741088867,0.0010000000474974513
113,0.9714285731315613,0.19483807682991028,0.0010000000474974513
114,1.0,0.14604325592517853,0.0010000000474974513
115,0.9714285731315613,0.14629894495010376,0.0010000000474974513
116,1.0,0.1061873808503151,0.0010000000474974513
117,0.9857142567634583,0.1337309032678604,0.0010000000474974513
118,1.0,0.09931975603103638,0.0010000000474974513
119,0.9857142567634583,0.13468030095100403,0.0010000000474974513
120,1.0,0.14022047817707062,0.0010000000474974513
121,1.0,0.10369723290205002,0.0010000000474974513
122,0.9857142567634583,0.12038617581129074,0.0010000000474974513
123,1.0,0.1448933184146881,0.0010000000474974513
124,0.9714285731315613,0.12257049977779388,0.0010000000474974513
125,0.9857142567634583,0.13898663222789764,0.0010000000474974513
126,1.0,0.1306532472372055,0.0010000000474974513
127,0.9857142567634583,0.11494433879852295,0.0010000000474974513
128,0.9857142567634583,0.12684625387191772,0.0010000000474974513
129,1.0,0.10323330014944077,0.0010000000474974513
130,1.0,0.08595462888479233,0.0010000000474974513
131,1.0,0.09921178221702576,0.0010000000474974513
132,1.0,0.0770784541964531,0.0010000000474974513
133,1.0,0.08443094789981842,0.0010000000474974513
134,1.0,0.05710503086447716,0.0010000000474974513
135,1.0,0.06333726644515991,0.0010000000474974513
136,1.0,0.0562734454870224,0.0010000000474974513
137,1.0,0.05926843360066414,0.0010000000474974513
138,1.0,0.06684858351945877,0.0010000000474974513
139,1.0,0.05557062104344368,0.0010000000474974513
140,0.9857142567634583,0.08467580378055573,0.0010000000474974513
141,1.0,0.07132797688245773,0.0010000000474974513
142,1.0,0.06922301650047302,0.0010000000474974513
143,1.0,0.06092500686645508,0.0010000000474974513
144,0.9857142567634583,0.07545371353626251,0.0010000000474974513
145,0.9857142567634583,0.07993566989898682,0.0010000000474974513
146,0.9571428298950195,0.23320524394512177,0.0010000000474974513
147,0.9571428298950195,0.2276868224143982,0.0010000000474974513
148,0.9714285731315613,0.14896069467067719,0.0010000000474974513
149,1.0,0.12433455139398575,0.0010000000474974513
150,0.9857142567634583,0.09972135722637177,0.0010000000474974513
151,0.9857142567634583,0.13563407957553864,0.0010000000474974513
152,1.0,0.07887285947799683,0.0010000000474974513
153,0.9857142567634583,0.0852191373705864,0.0010000000474974513
154,1.0,0.0708174854516983,0.0010000000474974513
155,1.0,0.053989142179489136,0.0010000000474974513
156,1.0,0.044409602880477905,0.0010000000474974513
157,1.0,0.05083329230546951,0.0010000000474974513
158,1.0,0.050905756652355194,0.0010000000474974513
159,1.0,0.050221364945173264,0.0010000000474974513
160,1.0,0.05156559869647026,0.0010000000474974513
161,1.0,0.07652731984853745,0.0010000000474974513
162,1.0,0.05182279273867607,0.0010000000474974513
163,1.0,0.04622843116521835,0.0010000000474974513
164,1.0,0.06303112208843231,0.0010000000474974513
165,1.0,0.06191617250442505,0.0010000000474974513
166,0.9857142567634583,0.06918112933635712,0.0010000000474974513
167,0.9714285731315613,0.11771877855062485,0.0010000000474974513
168,0.9714285731315613,0.15567481517791748,0.0010000000474974513
169,0.9571428298950195,0.18175940215587616,0.0010000000474974513
170,0.9571428298950195,0.16940073668956757,0.0010000000474974513
171,0.9857142567634583,0.13054554164409637,0.0010000000474974513
172,0.9428571462631226,0.1362660676240921,0.0010000000474974513
173,1.0,0.12106595933437347,0.0010000000474974513
174,1.0,0.0899808257818222,0.0010000000474974513
175,0.9857142567634583,0.09123440086841583,0.0010000000474974513
176,1.0,0.06797286123037338,0.0010000000474974513
177,0.9714285731315613,0.11129147559404373,0.0010000000474974513
178,1.0,0.0710616186261177,0.0010000000474974513
179,1.0,0.06599631905555725,0.0010000000474974513
180,1.0,0.06326302140951157,0.0010000000474974513
181,1.0,0.04133601859211922,0.0010000000474974513
182,1.0,0.04429056867957115,0.0010000000474974513
183,1.0,0.04756870120763779,0.0010000000474974513
184,1.0,0.03914003446698189,0.0010000000474974513
185,1.0,0.03381982073187828,0.0010000000474974513
186,1.0,0.037513650953769684,0.0010000000474974513
187,1.0,0.04109631106257439,0.0010000000474974513
188,1.0,0.04066489636898041,0.0010000000474974513
189,1.0,0.031429436057806015,0.0010000000474974513
190,1.0,0.02369524911046028,0.0010000000474974513
191,1.0,0.026583265513181686,0.0010000000474974513
192,1.0,0.044106584042310715,0.0010000000474974513
193,1.0,0.04935608431696892,0.0010000000474974513
194,1.0,0.0342162661254406,0.0010000000474974513
195,1.0,0.0328281968832016,0.0010000000474974513
196,1.0,0.02962421625852585,0.0010000000474974513
197,1.0,0.02953030727803707,0.0010000000474974513
198,1.0,0.034939780831336975,0.0010000000474974513
199,1.0,0.041873689740896225,0.0010000000474974513
200,0.9857142567634583,0.05981257185339928,0.0010000000474974513
201,0.9714285731315613,0.11064594238996506,0.0010000000474974513
202,0.9857142567634583,0.1476445198059082,0.0010000000474974513
203,1.0,0.0753789022564888,0.0010000000474974513
204,0.9714285731315613,0.09545820951461792,0.0010000000474974513
205,0.9714285731315613,0.15087772905826569,0.0010000000474974513
206,0.9428571462631226,0.1962672621011734,0.0010000000474974513
207,0.9857142567634583,0.12338411062955856,0.0010000000474974513
208,0.9857142567634583,0.18258324265480042,0.0010000000474974513
209,0.9857142567634583,0.1635090708732605,0.0010000000474974513
210,0.9714285731315613,0.10808547586202621,0.0010000000474974513
211,1.0,0.09180808812379837,0.0010000000474974513
212,0.9714285731315613,0.1254800707101822,0.0010000000474974513
213,1.0,0.08041410893201828,0.0010000000474974513
214,0.9857142567634583,0.08538459241390228,0.0010000000474974513
215,1.0,0.03886739909648895,0.0010000000474974513
216,1.0,0.037644706666469574,0.0010000000474974513
217,0.9857142567634583,0.06456168740987778,0.0010000000474974513
218,0.9714285731315613,0.0986686497926712,0.0010000000474974513
219,0.9428571462631226,0.17580245435237885,0.0010000000474974513
220,0.9571428298950195,0.20388871431350708,0.0010000000474974513
221,0.9714285731315613,0.16435204446315765,0.0010000000474974513
222,0.9714285731315613,0.17986758053302765,0.0010000000474974513
223,1.0,0.09572242945432663,0.0010000000474974513
224,1.0,0.05548575520515442,0.0010000000474974513
225,1.0,0.0335179939866066,0.0010000000474974513
226,1.0,0.027799515053629875,0.0010000000474974513
227,1.0,0.029458992183208466,0.0010000000474974513
228,1.0,0.026608791202306747,0.0010000000474974513
229,1.0,0.019679727032780647,0.0010000000474974513
230,1.0,0.02294277213513851,0.0010000000474974513
231,1.0,0.023809898644685745,0.0010000000474974513
232,1.0,0.051635291427373886,0.0010000000474974513
233,1.0,0.023125160485506058,0.0010000000474974513
234,1.0,0.021047955378890038,0.0010000000474974513
235,1.0,0.020899321883916855,0.0010000000474974513
236,1.0,0.01623702235519886,0.0010000000474974513
237,1.0,0.02168678306043148,0.0010000000474974513
238,1.0,0.025253605097532272,0.0010000000474974513
239,1.0,0.015000777319073677,0.0010000000474974513
240,1.0,0.02140803076326847,0.0010000000474974513
241,1.0,0.022623198106884956,0.0010000000474974513
242,1.0,0.04836372658610344,0.0010000000474974513
243,1.0,0.06785860657691956,0.0010000000474974513
244,1.0,0.06465552002191544,0.0010000000474974513
245,1.0,0.020331524312496185,0.0010000000474974513
246,1.0,0.043331075459718704,0.0010000000474974513
247,1.0,0.019665172323584557,0.0010000000474974513
248,1.0,0.03171776235103607,0.0010000000474974513
249,1.0,0.027544507756829262,0.0010000000474974513
250,1.0,0.018144791945815086,0.0010000000474974513
251,1.0,0.018589215353131294,0.0010000000474974513
252,1.0,0.017338063567876816,0.0010000000474974513
253,1.0,0.03129513934254646,0.0010000000474974513
254,1.0,0.019743438810110092,0.0010000000474974513
255,1.0,0.014362296089529991,0.0010000000474974513
256,1.0,0.008351135067641735,0.0010000000474974513
257,1.0,0.014790921472012997,0.0010000000474974513
258,1.0,0.02110208012163639,0.0010000000474974513
259,1.0,0.011871254071593285,0.0010000000474974513
260,1.0,0.006997260265052319,0.0010000000474974513
261,1.0,0.007553094532340765,0.0010000000474974513
262,1.0,0.008921340107917786,0.0010000000474974513
263,1.0,0.012065148912370205,0.0010000000474974513
264,1.0,0.007886729203164577,0.0010000000474974513
265,1.0,0.008403774350881577,0.0010000000474974513
266,1.0,0.0063632335513830185,0.0010000000474974513
267,1.0,0.009467089548707008,0.0010000000474974513
268,1.0,0.00841664057224989,0.0010000000474974513
269,1.0,0.006693306844681501,0.0010000000474974513
270,1.0,0.026354407891631126,0.0010000000474974513
271,1.0,0.017672153189778328,0.0010000000474974513
272,1.0,0.00914906058460474,0.0010000000474974513
273,1.0,0.01083000935614109,0.0010000000474974513
274,1.0,0.008491053245961666,0.0010000000474974513
275,1.0,0.007341293618083,0.0010000000474974513
276,1.0,0.005655190907418728,0.0010000000474974513
277,1.0,0.006196009460836649,0.0010000000474974513
278,1.0,0.00685705104842782,0.0010000000474974513
279,1.0,0.00938351359218359,0.0010000000474974513
280,1.0,0.0076285176910459995,0.0010000000474974513
281,1.0,0.00914646778255701,0.0010000000474974513
282,1.0,0.005718118976801634,0.0010000000474974513
283,1.0,0.006493735127151012,0.0010000000474974513
284,1.0,0.011278324760496616,0.0010000000474974513
285,1.0,0.011884384788572788,0.0010000000474974513
286,1.0,0.008796151727437973,0.0010000000474974513
287,1.0,0.005554280709475279,0.0010000000474974513
288,1.0,0.009218832477927208,0.0010000000474974513
289,1.0,0.007962226867675781,0.0010000000474974513
290,1.0,0.009744124487042427,0.0010000000474974513
291,1.0,0.025820977985858917,0.0010000000474974513
292,0.9857142567634583,0.03251013904809952,0.0010000000474974513
293,0.9857142567634583,0.03905957192182541,0.0010000000474974513
294,0.9857142567634583,0.12002421915531158,0.0010000000474974513
295,0.9857142567634583,0.053236328065395355,0.0010000000474974513
296,0.9857142567634583,0.1514631062746048,0.0010000000474974513
297,0.9428571462631226,0.17912670969963074,0.0010000000474974513
298,0.9857142567634583,0.10570068657398224,0.0010000000474974513
299,0.9571428298950195,0.11764034628868103,0.0010000000474974513
300,0.9714285731315613,0.11022697389125824,0.0010000000474974513
301,0.9285714030265808,0.20026655495166779,0.0010000000474974513
302,0.9428571462631226,0.17583467066287994,0.0010000000474974513
303,0.9714285731315613,0.13500505685806274,0.0010000000474974513
304,0.9428571462631226,0.18141266703605652,0.0010000000474974513
305,0.9571428298950195,0.1837056428194046,0.0010000000474974513
306,0.9142857193946838,0.2506265640258789,0.0010000000474974513
307,0.9857142567634583,0.09623835980892181,0.0010000000474974513
308,1.0,0.04846363142132759,0.0010000000474974513
309,0.9857142567634583,0.07278834283351898,0.0010000000474974513
310,1.0,0.05094984173774719,0.0010000000474974513
311,1.0,0.02587910369038582,0.0010000000474974513
312,1.0,0.02129564993083477,0.0010000000474974513
313,1.0,0.015625042840838432,0.0010000000474974513
314,1.0,0.01321114506572485,0.0010000000474974513
315,1.0,0.01659744419157505,0.0010000000474974513
316,1.0,0.020162662491202354,0.0010000000474974513
317,1.0,0.022853950038552284,0.0010000000474974513
318,1.0,0.01328207366168499,0.0010000000474974513
319,1.0,0.007805174682289362,0.0010000000474974513
320,1.0,0.010478598065674305,0.0010000000474974513
321,1.0,0.013608036562800407,0.0010000000474974513
322,1.0,0.015078742057085037,0.0010000000474974513
323,1.0,0.007014501839876175,0.0010000000474974513
324,1.0,0.00960462260991335,0.0010000000474974513
325,1.0,0.005930654238909483,0.0010000000474974513
326,1.0,0.013067621737718582,0.0010000000474974513
327,1.0,0.009708616882562637,0.0010000000474974513
328,1.0,0.011841313913464546,0.0010000000474974513
329,1.0,0.012534920126199722,0.0010000000474974513
330,1.0,0.020034119486808777,0.0010000000474974513
331,1.0,0.012103470973670483,0.0010000000474974513
332,1.0,0.015583342872560024,0.0010000000474974513
333,1.0,0.009800763800740242,0.0010000000474974513
334,1.0,0.008635644800961018,0.0010000000474974513
335,1.0,0.007694259751588106,0.0010000000474974513
336,1.0,0.006840141955763102,0.0010000000474974513
337,1.0,0.018206562846899033,0.0010000000474974513
338,1.0,0.009676889516413212,0.0005000000237487257
339,1.0,0.007882439531385899,0.0005000000237487257
340,1.0,0.006648254580795765,0.0005000000237487257
341,1.0,0.007168770767748356,0.0005000000237487257
342,1.0,0.007433778140693903,0.0005000000237487257
343,1.0,0.007097112014889717,0.0005000000237487257
344,1.0,0.004955228418111801,0.0005000000237487257
345,1.0,0.009322265163064003,0.0005000000237487257
346,1.0,0.0066713192500174046,0.0005000000237487257
347,1.0,0.0061011831276118755,0.0005000000237487257
348,1.0,0.006465244106948376,0.0005000000237487257
349,1.0,0.008489010855555534,0.0005000000237487257
350,1.0,0.006493680644780397,0.0005000000237487257
351,1.0,0.0034370925277471542,0.0005000000237487257
352,1.0,0.004298174288123846,0.0005000000237487257
353,1.0,0.04215055704116821,0.0005000000237487257
354,1.0,0.01897144690155983,0.0005000000237487257
355,1.0,0.021840890869498253,0.0005000000237487257
356,1.0,0.02641579695045948,0.0005000000237487257
357,1.0,0.012859484180808067,0.0005000000237487257
358,0.9857142567634583,0.0347227044403553,0.0005000000237487257
359,0.9857142567634583,0.029672548174858093,0.0005000000237487257
360,1.0,0.013733593747019768,0.0005000000237487257
361,0.9857142567634583,0.03287811949849129,0.0005000000237487257
362,1.0,0.014020515605807304,0.0005000000237487257
363,1.0,0.00721618440002203,0.0005000000237487257
364,1.0,0.008102202787995338,0.0005000000237487257
365,1.0,0.01132059097290039,0.0005000000237487257
366,1.0,0.004815786145627499,0.0005000000237487257
367,1.0,0.010284503921866417,0.0005000000237487257
368,1.0,0.004222429357469082,0.0005000000237487257
369,1.0,0.00497447932139039,0.0005000000237487257
370,1.0,0.0034781780559569597,0.0005000000237487257
371,0.9857142567634583,0.02444777451455593,0.0005000000237487257
372,0.9857142567634583,0.0345856174826622,0.0005000000237487257
373,1.0,0.011241194792091846,0.0005000000237487257
374,1.0,0.01565908081829548,0.0005000000237487257
375,1.0,0.01404366921633482,0.0005000000237487257
376,1.0,0.007378322537988424,0.0005000000237487257
377,1.0,0.0054483721032738686,0.0005000000237487257
378,1.0,0.006151912733912468,0.0005000000237487257
379,1.0,0.009076369926333427,0.0005000000237487257
380,1.0,0.008919022977352142,0.0005000000237487257
381,1.0,0.011021514423191547,0.0005000000237487257
382,1.0,0.009175215847790241,0.0005000000237487257
383,1.0,0.007472087629139423,0.0005000000237487257
384,1.0,0.004140846431255341,0.0005000000237487257
385,1.0,0.005593972280621529,0.0005000000237487257
386,1.0,0.006566646043211222,0.0005000000237487257
387,1.0,0.008735586889088154,0.0005000000237487257
388,1.0,0.0030881033744663,0.0005000000237487257
389,1.0,0.004258108325302601,0.0005000000237487257
390,1.0,0.007899121381342411,0.0005000000237487257
391,1.0,0.005157832521945238,0.0005000000237487257
392,1.0,0.00543811172246933,0.0005000000237487257
393,1.0,0.009770084172487259,0.0005000000237487257
394,1.0,0.003139904700219631,0.0005000000237487257
395,1.0,0.0030783875845372677,0.0005000000237487257
396,1.0,0.005655545275658369,0.0005000000237487257
397,1.0,0.0037385462783277035,0.0005000000237487257
398,1.0,0.004169598687440157,0.0005000000237487257
399,1.0,0.009631040506064892,0.0005000000237487257
400,1.0,0.005291767884045839,0.0005000000237487257
401,1.0,0.0036985627375543118,0.0005000000237487257
402,1.0,0.007218989077955484,0.0005000000237487257
403,1.0,0.006488765589892864,0.0005000000237487257
404,1.0,0.005998157896101475,0.0005000000237487257
405,1.0,0.0021214555017650127,0.0005000000237487257
406,1.0,0.0034987949766218662,0.0005000000237487257
407,1.0,0.004693215247243643,0.0005000000237487257
408,1.0,0.008663809858262539,0.0005000000237487257
409,1.0,0.003848899155855179,0.0005000000237487257
410,1.0,0.002428557025268674,0.0005000000237487257
411,1.0,0.0030033027287572622,0.0005000000237487257
412,1.0,0.002456175396218896,0.0005000000237487257
413,1.0,0.0047199903056025505,0.0005000000237487257
414,1.0,0.009208766743540764,0.0005000000237487257
415,1.0,0.004981017205864191,0.0005000000237487257
416,1.0,0.0034170360304415226,0.0005000000237487257
417,1.0,0.0037990130949765444,0.0005000000237487257
418,1.0,0.004036163445562124,0.0005000000237487257
419,1.0,0.0043824901804327965,0.0005000000237487257
420,1.0,0.004855956882238388,0.0005000000237487257
421,1.0,0.0033135307021439075,0.0005000000237487257
422,1.0,0.0033212662674486637,0.0005000000237487257
423,1.0,0.0029100265819579363,0.0005000000237487257
424,1.0,0.0021010388154536486,0.0005000000237487257
425,1.0,0.006724892184138298,0.0005000000237487257
426,1.0,0.002411252586171031,0.0005000000237487257
427,1.0,0.004128360655158758,0.0005000000237487257
428,1.0,0.005554762203246355,0.0005000000237487257
429,1.0,0.002687024651095271,0.0005000000237487257
430,1.0,0.002452332293614745,0.0005000000237487257
431,1.0,0.004700228571891785,0.0005000000237487257
432,1.0,0.00495802890509367,0.0005000000237487257
433,1.0,0.0015048355562612414,0.0005000000237487257
434,1.0,0.0025822394527494907,0.0005000000237487257
435,1.0,0.0024855767842382193,0.0005000000237487257
436,1.0,0.005160140804946423,0.0005000000237487257
437,1.0,0.002520238282158971,0.0005000000237487257
438,1.0,0.004816058557480574,0.0005000000237487257
439,1.0,0.002201642608270049,0.0005000000237487257
440,1.0,0.002052619121968746,0.0005000000237487257
441,1.0,0.004908305127173662,0.0005000000237487257
442,1.0,0.0025585137773305178,0.0005000000237487257
443,1.0,0.007586158812046051,0.0005000000237487257
444,1.0,0.002935308963060379,0.0005000000237487257
445,1.0,0.0026633585803210735,0.0005000000237487257
446,1.0,0.002448591636493802,0.0005000000237487257
447,1.0,0.0020332520361989737,0.0005000000237487257
448,1.0,0.0025594057515263557,0.0005000000237487257
449,1.0,0.0028154500760138035,0.0005000000237487257
450,1.0,0.001779101206921041,0.0005000000237487257
451,1.0,0.00316053070127964,0.0005000000237487257
452,1.0,0.0064629241824150085,0.0005000000237487257
453,1.0,0.0027679363265633583,0.0005000000237487257
454,1.0,0.003354845568537712,0.0005000000237487257
455,1.0,0.002704996382817626,0.0005000000237487257
456,1.0,0.004096080549061298,0.0005000000237487257
457,1.0,0.004200461320579052,0.0005000000237487257
458,1.0,0.00604749983176589,0.0005000000237487257
459,1.0,0.0019555301405489445,0.0005000000237487257
460,1.0,0.008784542791545391,0.0005000000237487257
461,1.0,0.005297683645039797,0.0005000000237487257
462,1.0,0.002399703022092581,0.0005000000237487257
463,1.0,0.002689622575417161,0.0005000000237487257
464,1.0,0.00296234292909503,0.0005000000237487257
465,1.0,0.005423200316727161,0.0005000000237487257
466,1.0,0.0025670535396784544,0.0005000000237487257
467,1.0,0.0022027711383998394,0.0005000000237487257
468,1.0,0.001772026065737009,0.0005000000237487257
469,1.0,0.0025371378287672997,0.0005000000237487257
470,1.0,0.005601791199296713,0.0005000000237487257
471,1.0,0.002459918614476919,0.0005000000237487257
472,1.0,0.004545795265585184,0.0005000000237487257
473,1.0,0.0027305667754262686,0.0005000000237487257
474,1.0,0.0018713240278884768,0.0005000000237487257
475,1.0,0.0027495617978274822,0.0005000000237487257
476,1.0,0.0025342542212456465,0.0005000000237487257
477,1.0,0.002235697116702795,0.0005000000237487257
478,1.0,0.041084419935941696,0.0005000000237487257
479,1.0,0.03684540092945099,0.0005000000237487257
480,1.0,0.017513712868094444,0.0005000000237487257
481,1.0,0.01078624464571476,0.0005000000237487257
482,1.0,0.009516957215964794,0.0005000000237487257
483,1.0,0.007037992123514414,0.0005000000237487257
484,1.0,0.003782314946874976,0.0002500000118743628
485,1.0,0.008853505365550518,0.0002500000118743628
486,1.0,0.007751460652798414,0.0002500000118743628
487,1.0,0.004871636629104614,0.0002500000118743628
488,1.0,0.0025566485710442066,0.0002500000118743628
489,1.0,0.004771074280142784,0.0002500000118743628
490,1.0,0.002895592013373971,0.0002500000118743628
491,1.0,0.0027335844933986664,0.0002500000118743628
492,1.0,0.006494243163615465,0.0002500000118743628
493,1.0,0.002076562959700823,0.0002500000118743628
494,1.0,0.005342333111912012,0.0002500000118743628
495,1.0,0.003309948369860649,0.0002500000118743628
496,1.0,0.0019207539735361934,0.0002500000118743628
497,1.0,0.003975594416260719,0.0002500000118743628
498,1.0,0.006041126325726509,0.0002500000118743628
499,1.0,0.003117108019068837,0.0002500000118743628
500,1.0,0.00341273145750165,0.0002500000118743628
501,1.0,0.0017310699913650751,0.0002500000118743628
502,1.0,0.0043268511071801186,0.0002500000118743628
503,1.0,0.0022343136370182037,0.0002500000118743628
504,1.0,0.0018666861578822136,0.0002500000118743628
505,1.0,0.002049374161288142,0.0002500000118743628
506,1.0,0.0021909077186137438,0.0002500000118743628
507,1.0,0.00397252244874835,0.0002500000118743628
508,1.0,0.0023335295263677835,0.0002500000118743628
509,1.0,0.003119297558441758,0.0002500000118743628
510,1.0,0.002252780133858323,0.0002500000118743628
511,1.0,0.002221958013251424,0.0002500000118743628
512,1.0,0.02265877276659012,0.0002500000118743628
513,1.0,0.00543262530118227,0.0002500000118743628
514,1.0,0.006793520413339138,0.0002500000118743628
515,1.0,0.002835699589923024,0.0002500000118743628
516,1.0,0.0035263574682176113,0.0002500000118743628
517,1.0,0.002993454458191991,0.0002500000118743628
518,1.0,0.002980349352583289,0.0002500000118743628
519,1.0,0.0025771993678063154,0.0002500000118743628
520,1.0,0.00590743450447917,0.0002500000118743628
521,1.0,0.0025114458985626698,0.0002500000118743628
522,1.0,0.0037259391974657774,0.0002500000118743628
523,1.0,0.002889148658141494,0.0002500000118743628
524,1.0,0.0033221261110156775,0.0002500000118743628
525,1.0,0.00223653600551188,0.0002500000118743628
526,1.0,0.002133905189111829,0.0002500000118743628
527,1.0,0.0015605200314894319,0.0002500000118743628
528,1.0,0.003959489520639181,0.0002500000118743628
529,1.0,0.0018366002477705479,0.0002500000118743628
530,1.0,0.0019270466873422265,0.0002500000118743628
531,1.0,0.0020584934391081333,0.0002500000118743628
532,1.0,0.0030190381221473217,0.0002500000118743628
533,1.0,0.004626621026545763,0.0002500000118743628
534,1.0,0.002907403977587819,0.0001250000059371814
535,1.0,0.003187325317412615,0.0001250000059371814
536,1.0,0.0023345265071839094,0.0001250000059371814
537,1.0,0.0020546657033264637,0.0001250000059371814
538,1.0,0.005032780114561319,0.0001250000059371814
539,1.0,0.0019071800634264946,0.0001250000059371814
540,1.0,0.004465217236429453,0.0001250000059371814
541,1.0,0.00563085125759244,0.0001250000059371814
542,1.0,0.0015278490027412772,0.0001250000059371814
543,1.0,0.0016398064326494932,0.0001250000059371814
544,1.0,0.0021807521115988493,0.0001250000059371814
545,1.0,0.002781153889372945,0.0001250000059371814
546,1.0,0.0017398931086063385,0.0001250000059371814
547,1.0,0.004471997264772654,0.0001250000059371814
548,1.0,0.01361758355051279,0.0001250000059371814
549,1.0,0.0014326045056805015,0.0001250000059371814
550,1.0,0.0034448825754225254,0.0001250000059371814
551,1.0,0.004085525404661894,0.0001250000059371814
552,1.0,0.004249786026775837,0.0001250000059371814
553,1.0,0.004838866647332907,0.0001250000059371814
554,1.0,0.0021733480971306562,0.0001250000059371814
555,1.0,0.003675807034596801,0.0001250000059371814
556,1.0,0.005362428724765778,0.0001250000059371814
557,1.0,0.0036332078743726015,0.0001250000059371814
558,1.0,0.0022071856074035168,0.0001250000059371814
559,1.0,0.004558188375085592,0.0001250000059371814
560,1.0,0.00702305231243372,0.0001250000059371814
561,1.0,0.002175118774175644,0.0001250000059371814
562,1.0,0.0024180058389902115,0.0001250000059371814
563,1.0,0.002809880068525672,0.0001250000059371814
564,1.0,0.0016268269391730428,0.0001250000059371814
565,1.0,0.0024330876767635345,0.0001250000059371814
566,1.0,0.00197202293202281,0.0001250000059371814
567,1.0,0.002095963805913925,0.0001250000059371814
568,1.0,0.0019238857785239816,0.0001250000059371814
569,1.0,0.0012599905021488667,0.0001250000059371814
570,1.0,0.0019849655218422413,0.0001250000059371814
571,1.0,0.0015439545968547463,0.0001250000059371814
572,1.0,0.0017886185087263584,0.0001250000059371814
573,1.0,0.002227715216577053,0.0001250000059371814
574,1.0,0.0018677302869036794,0.0001250000059371814
575,1.0,0.0020237229764461517,0.0001250000059371814
576,1.0,0.0018175945151597261,0.0001250000059371814
577,1.0,0.003609810955822468,0.0001250000059371814
578,1.0,0.001425858587026596,0.0001250000059371814
579,1.0,0.0023274284321814775,0.0001250000059371814
580,1.0,0.0018696391489356756,0.0001250000059371814
581,1.0,0.0013013009447604418,0.0001250000059371814
582,1.0,0.0018303687684237957,0.0001250000059371814
583,1.0,0.0035902662202715874,0.0001250000059371814
584,1.0,0.0033148759976029396,0.0001250000059371814
585,1.0,0.0010028037941083312,0.0001250000059371814
586,1.0,0.002105912659317255,0.0001250000059371814
587,1.0,0.0016662775306031108,0.0001250000059371814
588,1.0,0.0012473590904846787,0.0001250000059371814
589,1.0,0.0024687019176781178,0.0001250000059371814
590,1.0,0.0028325668536126614,0.0001250000059371814
591,1.0,0.0023900610394775867,0.0001250000059371814
592,1.0,0.0018570914398878813,0.0001250000059371814
593,1.0,0.0017230785451829433,0.0001250000059371814
594,1.0,0.004242644179612398,0.0001250000059371814
595,1.0,0.003498260397464037,0.0001250000059371814
596,1.0,0.0016027253586798906,0.0001250000059371814
597,1.0,0.0027880652341991663,0.0001250000059371814
598,1.0,0.0014153675874695182,0.0001250000059371814
599,1.0,0.0011616386473178864,0.0001250000059371814
600,1.0,0.002692394657060504,0.0001250000059371814
601,1.0,0.0025221649557352066,0.0001250000059371814
602,1.0,0.001632118015550077,0.0001250000059371814
603,1.0,0.001430147560313344,0.0001250000059371814
604,1.0,0.0025267689488828182,0.0001250000059371814
605,1.0,0.0014115748926997185,0.0001250000059371814
606,1.0,0.001636916771531105,0.0001250000059371814
607,1.0,0.0009744666749611497,0.0001250000059371814
608,1.0,0.002582787536084652,0.0001250000059371814
609,1.0,0.002320529194548726,0.0001250000059371814
610,1.0,0.001318564871326089,0.0001250000059371814
611,1.0,0.0008852321770973504,0.0001250000059371814
612,1.0,0.004130599554628134,0.0001250000059371814
613,1.0,0.0019871259573847055,0.0001250000059371814
614,1.0,0.0032123178243637085,0.0001250000059371814
615,1.0,0.002316269790753722,0.0001250000059371814
616,1.0,0.0019917835015803576,0.0001250000059371814
617,1.0,0.0016763280145823956,0.0001250000059371814
618,1.0,0.0031698124948889017,0.0001250000059371814
619,1.0,0.0015277238562703133,0.0001250000059371814
620,1.0,0.001888070604763925,0.0001250000059371814
621,1.0,0.001782657578587532,0.0001250000059371814
622,1.0,0.0009029348148033023,0.0001250000059371814
623,1.0,0.0013593371259048581,0.0001250000059371814
624,1.0,0.0014381315559148788,0.0001250000059371814
625,1.0,0.0017222707392647862,0.0001250000059371814
626,1.0,0.0015775938518345356,0.0001250000059371814
627,1.0,0.0011418175417929888,0.0001250000059371814
628,1.0,0.001847533043473959,0.0001250000059371814
629,1.0,0.002181042917072773,0.0001250000059371814
630,1.0,0.001528832595795393,0.0001250000059371814
631,1.0,0.0014995922101661563,0.0001250000059371814
632,1.0,0.0014963892754167318,0.0001250000059371814
633,1.0,0.00172819581348449,0.0001250000059371814
634,1.0,0.0015608426183462143,0.0001250000059371814
635,1.0,0.0028232233598828316,0.0001250000059371814
636,1.0,0.0016645826399326324,0.0001250000059371814
637,1.0,0.0011229905067011714,0.0001250000059371814
638,1.0,0.0019295878009870648,0.0001250000059371814
639,1.0,0.0015402184799313545,0.0001250000059371814
640,1.0,0.002326322952285409,0.0001250000059371814
641,1.0,0.0027679724153131247,0.0001250000059371814
642,1.0,0.003964261617511511,0.0001250000059371814
643,1.0,0.0020249788649380207,0.0001250000059371814
644,1.0,0.004822151269763708,0.0001250000059371814
645,1.0,0.0038195920642465353,0.0001250000059371814
646,1.0,0.0016675812657922506,0.0001250000059371814
647,1.0,0.00209726276807487,0.0001250000059371814
648,1.0,0.0016043279320001602,0.0001250000059371814
649,1.0,0.0016509543638676405,0.0001250000059371814
650,1.0,0.0010308740893378854,0.0001250000059371814
651,1.0,0.0015517037827521563,0.0001250000059371814
652,1.0,0.002037627622485161,0.0001250000059371814
653,1.0,0.0012056627310812473,0.0001250000059371814
654,1.0,0.004128224216401577,0.0001250000059371814
655,1.0,0.010908648371696472,0.0001250000059371814
656,1.0,0.0015495327534154058,0.0001250000059371814
657,1.0,0.0016338533023372293,0.0001250000059371814
658,1.0,0.0027269283309578896,0.0001250000059371814
659,1.0,0.002945218700915575,0.0001250000059371814
660,1.0,0.0024069759529083967,0.0001250000059371814
661,1.0,0.0012548727681860328,0.0001250000059371814
662,1.0,0.0008808958227746189,9.999999747378752e-05
663,1.0,0.003156192833557725,9.999999747378752e-05
664,1.0,0.0019494678126648068,9.999999747378752e-05
665,1.0,0.0011821305379271507,9.999999747378752e-05
666,1.0,0.002200327580794692,9.999999747378752e-05
667,1.0,0.0018293664325028658,9.999999747378752e-05
668,1.0,0.0012194078881293535,9.999999747378752e-05
669,1.0,0.0009455475374124944,9.999999747378752e-05
670,1.0,0.0014081666013225913,9.999999747378752e-05
671,1.0,0.0008046103757806122,9.999999747378752e-05
672,1.0,0.001514459727331996,9.999999747378752e-05
673,1.0,0.0009437219123356044,9.999999747378752e-05
674,1.0,0.0010070885764434934,9.999999747378752e-05
675,1.0,0.003054010681807995,9.999999747378752e-05
676,1.0,0.0016862861812114716,9.999999747378752e-05
677,1.0,0.0010099998908117414,9.999999747378752e-05
678,1.0,0.00211768364533782,9.999999747378752e-05
679,1.0,0.001861912664026022,9.999999747378752e-05
680,1.0,0.0008737321477383375,9.999999747378752e-05
681,1.0,0.00253654015250504,9.999999747378752e-05
682,1.0,0.0021359825041145086,9.999999747378752e-05
683,1.0,0.0010317813139408827,9.999999747378752e-05
684,1.0,0.0021699387580156326,9.999999747378752e-05
685,1.0,0.0033477251417934895,9.999999747378752e-05
686,1.0,0.0007649486651644111,9.999999747378752e-05
687,1.0,0.0034645346459001303,9.999999747378752e-05
688,1.0,0.001465071109123528,9.999999747378752e-05
689,1.0,0.0019319317070767283,9.999999747378752e-05
690,1.0,0.0012709398288279772,9.999999747378752e-05
691,1.0,0.0021373063791543245,9.999999747378752e-05
692,1.0,0.0022636805661022663,9.999999747378752e-05
693,1.0,0.0012740646488964558,9.999999747378752e-05
694,1.0,0.0022955574095249176,9.999999747378752e-05
695,1.0,0.0011354461312294006,9.999999747378752e-05
696,1.0,0.0015356892254203558,9.999999747378752e-05
697,1.0,0.0008095671073533595,9.999999747378752e-05
698,1.0,0.0019644710700958967,9.999999747378752e-05
699,1.0,0.0015695005422458053,9.999999747378752e-05
700,1.0,0.002153456909582019,9.999999747378752e-05
701,1.0,0.0008639249135740101,9.999999747378752e-05
702,1.0,0.0011451502796262503,9.999999747378752e-05
703,1.0,0.0018924713367596269,9.999999747378752e-05
704,1.0,0.0012608064571395516,9.999999747378752e-05
705,1.0,0.0007387675577774644,9.999999747378752e-05
706,1.0,0.0008405754924751818,9.999999747378752e-05
707,1.0,0.0013288331683725119,9.999999747378752e-05
708,1.0,0.0009567325469106436,9.999999747378752e-05
709,1.0,0.001337408204562962,9.999999747378752e-05
710,1.0,0.002391980029642582,9.999999747378752e-05
711,1.0,0.00139452307485044,9.999999747378752e-05
712,1.0,0.0014988555340096354,9.999999747378752e-05
713,1.0,0.0020465264096856117,9.999999747378752e-05
714,1.0,0.0021650127600878477,9.999999747378752e-05
715,1.0,0.001024677767418325,9.999999747378752e-05
716,1.0,0.0008574714884161949,9.999999747378752e-05
717,1.0,0.0011285536456853151,9.999999747378752e-05
718,1.0,0.0007393667474389076,9.999999747378752e-05
719,1.0,0.0021365045104175806,9.999999747378752e-05
720,1.0,0.001227830653078854,9.999999747378752e-05
721,1.0,0.001245700754225254,9.999999747378752e-05
722,1.0,0.0017312387935817242,9.999999747378752e-05
723,1.0,0.001228306908160448,9.999999747378752e-05
724,1.0,0.001230282592587173,9.999999747378752e-05
725,1.0,0.001122959889471531,9.999999747378752e-05
726,1.0,0.0015998799353837967,9.999999747378752e-05
727,1.0,0.0010831896215677261,9.999999747378752e-05
728,1.0,0.0010561645030975342,9.999999747378752e-05
729,1.0,0.0010430475231260061,9.999999747378752e-05
730,1.0,0.005447059869766235,9.999999747378752e-05
731,1.0,0.00098999694455415,9.999999747378752e-05
732,1.0,0.0023741452023386955,9.999999747378752e-05
733,1.0,0.0009619732154533267,9.999999747378752e-05
734,1.0,0.002610381692647934,9.999999747378752e-05
735,1.0,0.0015535542042925954,9.999999747378752e-05
736,1.0,0.0017051666509360075,9.999999747378752e-05
737,1.0,0.0011047919979318976,9.999999747378752e-05
738,1.0,0.0022666139993816614,9.999999747378752e-05
739,1.0,0.004045690409839153,9.999999747378752e-05
740,1.0,0.0016882335767149925,9.999999747378752e-05
741,1.0,0.0011278897291049361,9.999999747378752e-05
742,1.0,0.0011112705105915666,9.999999747378752e-05
743,1.0,0.0016325197648257017,9.999999747378752e-05
744,1.0,0.0013660808326676488,9.999999747378752e-05
745,1.0,0.003664020448923111,9.999999747378752e-05
746,1.0,0.0012226589024066925,9.999999747378752e-05
747,1.0,0.0021426337771117687,9.999999747378752e-05
748,1.0,0.0012088320218026638,9.999999747378752e-05
749,1.0,0.0017421586671844125,9.999999747378752e-05
750,1.0,0.0017119901021942496,9.999999747378752e-05
751,1.0,0.0035136935766786337,9.999999747378752e-05
752,1.0,0.001384184812195599,9.999999747378752e-05
753,1.0,0.001411076751537621,9.999999747378752e-05
754,1.0,0.0023089894093573093,9.999999747378752e-05
755,1.0,0.0008029056480154395,9.999999747378752e-05
756,1.0,0.00061048474162817,9.999999747378752e-05
757,1.0,0.0007158908993005753,9.999999747378752e-05
758,1.0,0.0009145053336396813,9.999999747378752e-05
759,1.0,0.0021868767216801643,9.999999747378752e-05
760,1.0,0.000799755856860429,9.999999747378752e-05
761,1.0,0.0011460293317213655,9.999999747378752e-05
762,1.0,0.002515678759664297,9.999999747378752e-05
763,1.0,0.0011427196441218257,9.999999747378752e-05
764,1.0,0.0009027936612255871,9.999999747378752e-05
765,1.0,0.000716584559995681,9.999999747378752e-05
766,1.0,0.003382678609341383,9.999999747378752e-05
767,1.0,0.0010055152233690023,9.999999747378752e-05
768,1.0,0.0012929571093991399,9.999999747378752e-05
769,1.0,0.0010164236882701516,9.999999747378752e-05
770,1.0,0.0013014510041102767,9.999999747378752e-05
771,1.0,0.0010363230248913169,9.999999747378752e-05
772,1.0,0.001802614307962358,9.999999747378752e-05
773,1.0,0.0010075508616864681,9.999999747378752e-05
774,1.0,0.0013333825627341866,9.999999747378752e-05
775,1.0,0.0010157125070691109,9.999999747378752e-05
776,1.0,0.001137142302468419,9.999999747378752e-05
777,1.0,0.001365350210107863,9.999999747378752e-05
778,1.0,0.0011911256005987525,9.999999747378752e-05
779,1.0,0.0007552954484708607,9.999999747378752e-05
780,1.0,0.0014931225450709462,9.999999747378752e-05
781,1.0,0.0009057758143171668,9.999999747378752e-05
782,1.0,0.0014195956755429506,9.999999747378752e-05
783,1.0,0.001369301462545991,9.999999747378752e-05
784,1.0,0.0009484095498919487,9.999999747378752e-05
785,1.0,0.0016903915675356984,9.999999747378752e-05
786,1.0,0.001201506587676704,9.999999747378752e-05
787,1.0,0.0017392045119777322,9.999999747378752e-05
788,1.0,0.000850964686833322,9.999999747378752e-05
789,1.0,0.0012711065355688334,9.999999747378752e-05
790,1.0,0.0053560431115329266,9.999999747378752e-05
791,1.0,0.0009221879299730062,9.999999747378752e-05
792,1.0,0.004121698904782534,9.999999747378752e-05
793,1.0,0.001527096494100988,9.999999747378752e-05
794,1.0,0.0010948274284601212,9.999999747378752e-05
795,1.0,0.0017663035541772842,9.999999747378752e-05
796,1.0,0.0010537063935771585,9.999999747378752e-05
797,1.0,0.001187313930131495,9.999999747378752e-05
798,1.0,0.0020343635696917772,9.999999747378752e-05
799,1.0,0.0006825976888649166,9.999999747378752e-05
800,1.0,0.0024802705738693476,9.999999747378752e-05
801,1.0,0.0012630713172256947,9.999999747378752e-05
802,1.0,0.0010336394188925624,9.999999747378752e-05
803,1.0,0.0008697889861650765,9.999999747378752e-05
804,1.0,0.002859048545360565,9.999999747378752e-05
805,1.0,0.001135732396505773,9.999999747378752e-05
806,1.0,0.001641188864596188,9.999999747378752e-05
807,1.0,0.0012678703060373664,9.999999747378752e-05
808,1.0,0.0017995353555306792,9.999999747378752e-05
809,1.0,0.0013692131033167243,9.999999747378752e-05
810,1.0,0.001811440335586667,9.999999747378752e-05
811,1.0,0.0012517143040895462,9.999999747378752e-05
812,1.0,0.001076557906344533,9.999999747378752e-05
813,1.0,0.0014205152401700616,9.999999747378752e-05
814,1.0,0.000929596833884716,9.999999747378752e-05
815,1.0,0.0010598954977467656,9.999999747378752e-05
816,1.0,0.0012939011212438345,9.999999747378752e-05
817,1.0,0.0016427758382633328,9.999999747378752e-05
818,1.0,0.0005749610136263072,9.999999747378752e-05
819,1.0,0.0012059619184583426,9.999999747378752e-05
820,1.0,0.0005433571059256792,9.999999747378752e-05
821,1.0,0.0022126631811261177,9.999999747378752e-05
822,1.0,0.0016126277623698115,9.999999747378752e-05
823,1.0,0.000791028665844351,9.999999747378752e-05
824,1.0,0.002069846261292696,9.999999747378752e-05
825,1.0,0.0010202175471931696,9.999999747378752e-05
826,1.0,0.00102863775100559,9.999999747378752e-05
827,1.0,0.0020904492121189833,9.999999747378752e-05
828,1.0,0.0018499437719583511,9.999999747378752e-05
829,1.0,0.0020921998657286167,9.999999747378752e-05
830,1.0,0.0009852852672338486,9.999999747378752e-05
831,1.0,0.001090980600565672,9.999999747378752e-05
832,1.0,0.0008429568260908127,9.999999747378752e-05
833,1.0,0.000876865815371275,9.999999747378752e-05
834,1.0,0.002113914815708995,9.999999747378752e-05
835,1.0,0.0074368552304804325,9.999999747378752e-05
836,1.0,0.0013554500183090568,9.999999747378752e-05
837,1.0,0.0007490318384952843,9.999999747378752e-05
838,1.0,0.001572896959260106,9.999999747378752e-05
839,1.0,0.0017680301098152995,9.999999747378752e-05
840,1.0,0.0009043788304552436,9.999999747378752e-05
841,1.0,0.003932659514248371,9.999999747378752e-05
842,1.0,0.0009668165002949536,9.999999747378752e-05
843,1.0,0.0011240210151299834,9.999999747378752e-05
844,1.0,0.0007741037989035249,9.999999747378752e-05
845,1.0,0.007252576295286417,9.999999747378752e-05
846,1.0,0.002139135729521513,9.999999747378752e-05
847,1.0,0.001261965255253017,9.999999747378752e-05
848,1.0,0.00439806655049324,9.999999747378752e-05
849,1.0,0.0021297645289450884,9.999999747378752e-05
850,1.0,0.003224211512133479,9.999999747378752e-05
851,1.0,0.0009528280352242291,9.999999747378752e-05
852,1.0,0.0022484478540718555,9.999999747378752e-05
853,1.0,0.0023431850131601095,9.999999747378752e-05
854,1.0,0.0014057917287573218,9.999999747378752e-05
855,1.0,0.0035431745927780867,9.999999747378752e-05
856,1.0,0.0021405902225524187,9.999999747378752e-05
857,1.0,0.001219255616888404,9.999999747378752e-05
858,1.0,0.0010363690089434385,9.999999747378752e-05
859,1.0,0.0007065972313284874,9.999999747378752e-05
860,1.0,0.001375372987240553,9.999999747378752e-05
861,0.9857142567634583,0.034293584525585175,9.999999747378752e-05
862,1.0,0.01971110701560974,9.999999747378752e-05
863,1.0,0.005451552104204893,9.999999747378752e-05
864,1.0,0.004912213888019323,9.999999747378752e-05
865,1.0,0.0072704278863966465,9.999999747378752e-05
866,1.0,0.0017457465874031186,9.999999747378752e-05
867,1.0,0.00431930273771286,9.999999747378752e-05
868,1.0,0.0016521820798516273,9.999999747378752e-05
869,1.0,0.0023251180537045,9.999999747378752e-05
870,1.0,0.0025433392729610205,9.999999747378752e-05
871,1.0,0.002369161695241928,9.999999747378752e-05
872,1.0,0.002784505719318986,9.999999747378752e-05
873,1.0,0.0012454314855858684,9.999999747378752e-05
874,1.0,0.0010057177860289812,9.999999747378752e-05
875,1.0,0.002757844515144825,9.999999747378752e-05
876,1.0,0.001674592844210565,9.999999747378752e-05
877,1.0,0.0011267282534390688,9.999999747378752e-05
878,1.0,0.003918165806680918,9.999999747378752e-05
879,1.0,0.002584002446383238,9.999999747378752e-05
880,1.0,0.001699515851214528,9.999999747378752e-05
881,1.0,0.004803493153303862,9.999999747378752e-05
882,1.0,0.0022751102223992348,9.999999747378752e-05
883,1.0,0.0017730387626215816,9.999999747378752e-05
884,1.0,0.002491673920303583,9.999999747378752e-05
885,1.0,0.0028095259331166744,9.999999747378752e-05
886,1.0,0.0020413892343640327,9.999999747378752e-05
887,1.0,0.0011222311295568943,9.999999747378752e-05
888,1.0,0.0020835394971072674,9.999999747378752e-05
889,1.0,0.0013162781251594424,9.999999747378752e-05
890,1.0,0.001291273394599557,9.999999747378752e-05
891,1.0,0.001026904210448265,9.999999747378752e-05
892,1.0,0.0009991383412852883,9.999999747378752e-05
893,1.0,0.0011018470395356417,9.999999747378752e-05
894,1.0,0.0018109732773154974,9.999999747378752e-05
895,1.0,0.00108991505112499,9.999999747378752e-05
896,1.0,0.0014113840879872441,9.999999747378752e-05
897,1.0,0.0008095538942143321,9.999999747378752e-05
898,1.0,0.0009937105933204293,9.999999747378752e-05
899,1.0,0.0009214088204316795,9.999999747378752e-05
900,1.0,0.0010784941259771585,9.999999747378752e-05
901,1.0,0.0008864857954904437,9.999999747378752e-05
902,1.0,0.0029226401820778847,9.999999747378752e-05
903,1.0,0.0025633876211941242,9.999999747378752e-05
904,1.0,0.0040039317682385445,9.999999747378752e-05
905,1.0,0.0014326473465189338,9.999999747378752e-05
906,1.0,0.0014170926297083497,9.999999747378752e-05
907,1.0,0.0013743843883275986,9.999999747378752e-05
908,1.0,0.0013678449904546142,9.999999747378752e-05
909,1.0,0.0015283692628145218,9.999999747378752e-05
910,1.0,0.001529604778625071,9.999999747378752e-05
911,1.0,0.0008396422490477562,9.999999747378752e-05
912,1.0,0.0018619484035298228,9.999999747378752e-05
913,1.0,0.0019892838317900896,9.999999747378752e-05
914,1.0,0.0009821610292419791,9.999999747378752e-05
915,1.0,0.0009427291224710643,9.999999747378752e-05
916,1.0,0.001373562146909535,9.999999747378752e-05
917,1.0,0.0009374941000714898,9.999999747378752e-05
918,1.0,0.0010611602338030934,9.999999747378752e-05
919,1.0,0.000918660603929311,9.999999747378752e-05
920,1.0,0.002436976181343198,9.999999747378752e-05
921,1.0,0.002180757001042366,9.999999747378752e-05
922,1.0,0.012561561539769173,9.999999747378752e-05
923,1.0,0.004410210996866226,9.999999747378752e-05
924,1.0,0.002413469832390547,9.999999747378752e-05
925,1.0,0.001781380153261125,9.999999747378752e-05
926,1.0,0.003272595349699259,9.999999747378752e-05
927,1.0,0.0020082704722881317,9.999999747378752e-05
928,1.0,0.0020206496119499207,9.999999747378752e-05
929,1.0,0.0019488466205075383,9.999999747378752e-05
930,1.0,0.001375932595692575,9.999999747378752e-05
931,1.0,0.0009543310152366757,9.999999747378752e-05
932,1.0,0.0011010332964360714,9.999999747378752e-05
933,1.0,0.0012420956045389175,9.999999747378752e-05
934,1.0,0.001206494984216988,9.999999747378752e-05
935,1.0,0.0008788257255218923,9.999999747378752e-05
936,1.0,0.003075983375310898,9.999999747378752e-05
937,1.0,0.0009015990071929991,9.999999747378752e-05
938,1.0,0.0017356046009808779,9.999999747378752e-05
939,1.0,0.0010432688286527991,9.999999747378752e-05
940,1.0,0.001080890535376966,9.999999747378752e-05
941,1.0,0.0009725544950924814,9.999999747378752e-05
942,1.0,0.0022009939420968294,9.999999747378752e-05
943,1.0,0.002103349892422557,9.999999747378752e-05
944,1.0,0.0007366200443357229,9.999999747378752e-05
945,1.0,0.0011979987611994147,9.999999747378752e-05
946,1.0,0.0011361310025677085,9.999999747378752e-05
947,1.0,0.0005509936599992216,9.999999747378752e-05
948,1.0,0.0013416613219305873,9.999999747378752e-05
949,1.0,0.0008453283808194101,9.999999747378752e-05
950,1.0,0.0011563472216948867,9.999999747378752e-05
951,1.0,0.0006823454750701785,9.999999747378752e-05
952,1.0,0.003648709738627076,9.999999747378752e-05
953,1.0,0.0011936899973079562,9.999999747378752e-05
954,1.0,0.0035341791808605194,9.999999747378752e-05
955,1.0,0.0013566609704867005,9.999999747378752e-05
956,1.0,0.0008347185212187469,9.999999747378752e-05
957,1.0,0.0012009093770757318,9.999999747378752e-05
958,1.0,0.0018653165316209197,9.999999747378752e-05
959,1.0,0.0007179563981480896,9.999999747378752e-05
960,1.0,0.0012341333786025643,9.999999747378752e-05
961,1.0,0.0010380825260654092,9.999999747378752e-05
962,1.0,0.001193898729979992,9.999999747378752e-05
963,1.0,0.0022749826312065125,9.999999747378752e-05
964,1.0,0.0012590102851390839,9.999999747378752e-05
965,1.0,0.0005510797491297126,9.999999747378752e-05
966,1.0,0.0010301232105121017,9.999999747378752e-05
967,1.0,0.0008330804412253201,9.999999747378752e-05
968,1.0,0.0010878790635615587,9.999999747378752e-05
969,1.0,0.001316202338784933,9.999999747378752e-05
970,1.0,0.0012586276279762387,9.999999747378752e-05
971,1.0,0.0007032907451502979,9.999999747378752e-05
972,1.0,0.0006690709851682186,9.999999747378752e-05
973,1.0,0.0006807104218751192,9.999999747378752e-05
974,1.0,0.0010220143012702465,9.999999747378752e-05
975,1.0,0.0031718641985207796,9.999999747378752e-05
976,1.0,0.0012254695175215602,9.999999747378752e-05
977,1.0,0.0021358379162847996,9.999999747378752e-05
978,1.0,0.0019495044834911823,9.999999747378752e-05
979,1.0,0.001385879353620112,9.999999747378752e-05
980,1.0,0.0015651609282940626,9.999999747378752e-05
981,1.0,0.0014323395444080234,9.999999747378752e-05
982,1.0,0.001518784905783832,9.999999747378752e-05
983,1.0,0.0012909031938761473,9.999999747378752e-05
984,1.0,0.0008611874654889107,9.999999747378752e-05
985,1.0,0.0008651574607938528,9.999999747378752e-05
986,1.0,0.0005608485080301762,9.999999747378752e-05
987,1.0,0.0006707432912662625,9.999999747378752e-05
988,1.0,0.0009312379406765103,9.999999747378752e-05
989,1.0,0.0014454306801781058,9.999999747378752e-05
990,1.0,0.0007636599475517869,9.999999747378752e-05
991,1.0,0.0008099657134152949,9.999999747378752e-05
992,1.0,0.0006445636972784996,9.999999747378752e-05
993,1.0,0.0005823435494676232,9.999999747378752e-05
994,1.0,0.0009839680278673768,9.999999747378752e-05
995,1.0,0.0006119732861407101,9.999999747378752e-05
996,1.0,0.0013490249402821064,9.999999747378752e-05
997,1.0,0.0014847335405647755,9.999999747378752e-05
998,1.0,0.0006297787185758352,9.999999747378752e-05
999,1.0,0.0011969073675572872,9.999999747378752e-05
1000,1.0,0.0006052595563232899,9.999999747378752e-05
1001,1.0,0.0007525796536356211,9.999999747378752e-05
1002,1.0,0.0015682700322940946,9.999999747378752e-05
1003,1.0,0.000623231113422662,9.999999747378752e-05
1004,1.0,0.0005983066512271762,9.999999747378752e-05
1005,1.0,0.0009327556472271681,9.999999747378752e-05
1006,1.0,0.0010912114521488547,9.999999747378752e-05
1007,1.0,0.0010568846482783556,9.999999747378752e-05
1008,1.0,0.0004041950451210141,9.999999747378752e-05
1009,1.0,0.000779524736572057,9.999999747378752e-05
1010,1.0,0.0005789780989289284,9.999999747378752e-05
1011,1.0,0.0006068625370971859,9.999999747378752e-05
1012,1.0,0.0006895181140862405,9.999999747378752e-05
1013,1.0,0.0006898673018440604,9.999999747378752e-05
1014,1.0,0.0005349174025468528,9.999999747378752e-05
1015,1.0,0.0009282597457058728,9.999999747378752e-05
1016,1.0,0.0010659521212801337,9.999999747378752e-05
1017,1.0,0.0008634952246211469,9.999999747378752e-05
1018,1.0,0.00040823814924806356,9.999999747378752e-05
1019,1.0,0.0012014375533908606,9.999999747378752e-05
1020,1.0,0.0006716713542118669,9.999999747378752e-05
1021,1.0,0.0007226888556033373,9.999999747378752e-05
1022,1.0,0.0017857964849099517,9.999999747378752e-05
1023,1.0,0.001481829211115837,9.999999747378752e-05
1024,1.0,0.0006242457893677056,9.999999747378752e-05
1025,1.0,0.0008608759962953627,9.999999747378752e-05
1026,1.0,0.0021760917734354734,9.999999747378752e-05
1027,1.0,0.001020589959807694,9.999999747378752e-05
1028,1.0,0.002057583536952734,9.999999747378752e-05
1029,1.0,0.0007530284929089248,9.999999747378752e-05
1030,1.0,0.0010860252659767866,9.999999747378752e-05
1031,1.0,0.0033208951354026794,9.999999747378752e-05
1032,1.0,0.0006776046357117593,9.999999747378752e-05
1033,1.0,0.0011630416847765446,9.999999747378752e-05
1034,1.0,0.0011266773799434304,9.999999747378752e-05
1035,1.0,0.0007572827162221074,9.999999747378752e-05
1036,1.0,0.0007771023665554821,9.999999747378752e-05
1037,1.0,0.0006771921180188656,9.999999747378752e-05
1038,1.0,0.002472080523148179,9.999999747378752e-05
1039,1.0,0.0011526718735694885,9.999999747378752e-05
1040,1.0,0.0008916471851989627,9.999999747378752e-05
1041,1.0,0.0008973021758720279,9.999999747378752e-05
1042,1.0,0.0009408356854692101,9.999999747378752e-05
1043,1.0,0.000574209785554558,9.999999747378752e-05
1044,1.0,0.0006956625147722661,9.999999747378752e-05
1045,1.0,0.0008723180508241057,9.999999747378752e-05
1046,1.0,0.002029033377766609,9.999999747378752e-05
1047,1.0,0.0005804711254313588,9.999999747378752e-05
1048,1.0,0.0007585794664919376,9.999999747378752e-05
1049,1.0,0.0011945317965000868,9.999999747378752e-05
1050,1.0,0.001263248617760837,9.999999747378752e-05
1051,1.0,0.0007053076406009495,9.999999747378752e-05
1052,1.0,0.0008210226660594344,9.999999747378752e-05
1053,1.0,0.0007783888722769916,9.999999747378752e-05
1054,1.0,0.0006760977557860315,9.999999747378752e-05
1055,1.0,0.0008073613862507045,9.999999747378752e-05
1056,1.0,0.0005473579512909055,9.999999747378752e-05
1057,1.0,0.0007276893593370914,9.999999747378752e-05
1058,1.0,0.0005857694777660072,9.999999747378752e-05
1059,1.0,0.0007775889243930578,9.999999747378752e-05
1060,1.0,0.0012715458869934082,9.999999747378752e-05
1061,1.0,0.0006120730540715158,9.999999747378752e-05
1062,1.0,0.001008086372166872,9.999999747378752e-05
1063,1.0,0.0011228556977584958,9.999999747378752e-05
1064,1.0,0.000541962101124227,9.999999747378752e-05
1065,1.0,0.0006369762704707682,9.999999747378752e-05
1066,1.0,0.0008443764527328312,9.999999747378752e-05
1067,1.0,0.0009812385542318225,9.999999747378752e-05
1068,1.0,0.002540435642004013,9.999999747378752e-05
1069,1.0,0.002989280503243208,9.999999747378752e-05
1070,1.0,0.001649153302423656,9.999999747378752e-05
1071,1.0,0.0012263581156730652,9.999999747378752e-05
1072,1.0,0.0009154556319117546,9.999999747378752e-05
1073,1.0,0.0010843758936971426,9.999999747378752e-05
1074,1.0,0.0020281015895307064,9.999999747378752e-05
1075,1.0,0.0017869888106361032,9.999999747378752e-05
1076,1.0,0.0018697082996368408,9.999999747378752e-05
1077,1.0,0.000656995689496398,9.999999747378752e-05
1078,1.0,0.0006397241377271712,9.999999747378752e-05
1079,1.0,0.0004160019161645323,9.999999747378752e-05
1080,1.0,0.0004457816539797932,9.999999747378752e-05
1081,1.0,0.0019713917281478643,9.999999747378752e-05
1082,1.0,0.00118925585411489,9.999999747378752e-05
1083,1.0,0.000729312130715698,9.999999747378752e-05
1084,1.0,0.0006181279313750565,9.999999747378752e-05
1085,1.0,0.0005395891494117677,9.999999747378752e-05
1086,1.0,0.000531220983248204,9.999999747378752e-05
1087,1.0,0.0009634611778892577,9.999999747378752e-05
1088,1.0,0.0005202927859500051,9.999999747378752e-05
1089,1.0,0.0007014228613115847,9.999999747378752e-05
1090,1.0,0.0015649242559447885,9.999999747378752e-05
1091,1.0,0.00044713690294884145,9.999999747378752e-05
1092,1.0,0.0011452586622908711,9.999999747378752e-05
1093,1.0,0.00042440692777745426,9.999999747378752e-05
1094,1.0,0.000988118932582438,9.999999747378752e-05
1095,1.0,0.0013836412690579891,9.999999747378752e-05
1096,1.0,0.00043268632725812495,9.999999747378752e-05
1097,1.0,0.0005274471477605402,9.999999747378752e-05
1098,1.0,0.00041746077477000654,9.999999747378752e-05
1099,1.0,0.0009723379043862224,9.999999747378752e-05
1100,1.0,0.00035151964402757585,9.999999747378752e-05
1101,1.0,0.0008323469664901495,9.999999747378752e-05
1102,1.0,0.0009525189525447786,9.999999747378752e-05
1103,1.0,0.000688590866047889,9.999999747378752e-05
1104,1.0,0.0015229892451316118,9.999999747378752e-05
1105,1.0,0.0008148145861923695,9.999999747378752e-05
1106,1.0,0.0004774054104927927,9.999999747378752e-05
1107,1.0,0.0006650973227806389,9.999999747378752e-05
1108,1.0,0.0004980810335837305,9.999999747378752e-05
1109,1.0,0.0005581316072493792,9.999999747378752e-05
1110,1.0,0.0006150802946649492,9.999999747378752e-05
1111,1.0,0.0013447938254103065,9.999999747378752e-05
1112,1.0,0.0012547820806503296,9.999999747378752e-05
1113,1.0,0.0005178328137844801,9.999999747378752e-05
1114,1.0,0.0007937076152302325,9.999999747378752e-05
1115,1.0,0.0006437814445234835,9.999999747378752e-05
1116,1.0,0.00037975615123286843,9.999999747378752e-05
1117,1.0,0.0005952108767814934,9.999999747378752e-05
1118,1.0,0.0004042418149765581,9.999999747378752e-05
1119,1.0,0.0005710318800993264,9.999999747378752e-05
1120,1.0,0.0006972286500968039,9.999999747378752e-05
1121,1.0,0.0007134666666388512,9.999999747378752e-05
1122,1.0,0.0011085878359153867,9.999999747378752e-05
1123,1.0,0.00034125547972507775,9.999999747378752e-05
1124,1.0,0.0006631522555835545,9.999999747378752e-05
1125,1.0,0.0007676877430640161,9.999999747378752e-05
1126,1.0,0.0008685691864229739,9.999999747378752e-05
1127,1.0,0.0006076571298763156,9.999999747378752e-05
1128,1.0,0.0008657617145217955,9.999999747378752e-05
1129,1.0,0.0007074023596942425,9.999999747378752e-05
1130,1.0,0.0005230532260611653,9.999999747378752e-05
1131,1.0,0.002034938195720315,9.999999747378752e-05
1132,1.0,0.0007621666300110519,9.999999747378752e-05
1133,1.0,0.0006885359180159867,9.999999747378752e-05
1134,1.0,0.0010149149456992745,9.999999747378752e-05
1135,1.0,0.0015638981712982059,9.999999747378752e-05
1136,1.0,0.0003807895409408957,9.999999747378752e-05
1137,1.0,0.0010512720327824354,9.999999747378752e-05
1138,1.0,0.0005847858265042305,9.999999747378752e-05
1139,1.0,0.0008010220481082797,9.999999747378752e-05
1140,1.0,0.0005601635784842074,9.999999747378752e-05
1141,1.0,0.0005436766077764332,9.999999747378752e-05
1142,1.0,0.0017626031767576933,9.999999747378752e-05
1143,1.0,0.000511712278239429,9.999999747378752e-05
1144,1.0,0.0009870448848232627,9.999999747378752e-05
1145,1.0,0.0005452180048450828,9.999999747378752e-05
1146,1.0,0.0005099468980915844,9.999999747378752e-05
1147,1.0,0.0007162853144109249,9.999999747378752e-05
1148,1.0,0.0004960059886798263,9.999999747378752e-05
1149,1.0,0.00034129759296774864,9.999999747378752e-05
1150,1.0,0.0005717588937841356,9.999999747378752e-05
1151,1.0,0.00036174984415993094,9.999999747378752e-05
1152,1.0,0.0008451980538666248,9.999999747378752e-05
1153,1.0,0.0005247357184998691,9.999999747378752e-05
1154,1.0,0.0003369564947206527,9.999999747378752e-05
1155,1.0,0.0005112992948852479,9.999999747378752e-05
1156,1.0,0.0006845870520919561,9.999999747378752e-05
1157,1.0,0.0004175905487500131,9.999999747378752e-05
1158,1.0,0.0007725341711193323,9.999999747378752e-05
1159,1.0,0.0005902799894101918,9.999999747378752e-05
1160,1.0,0.00045991913066245615,9.999999747378752e-05
1161,1.0,0.0005879009258933365,9.999999747378752e-05
1162,1.0,0.0008080030092969537,9.999999747378752e-05
1163,1.0,0.0008486182778142393,9.999999747378752e-05
1164,1.0,0.0004682363651227206,9.999999747378752e-05
1165,1.0,0.0004310048243496567,9.999999747378752e-05
1166,1.0,0.0005759877967648208,9.999999747378752e-05
1167,1.0,0.00048274893197230995,9.999999747378752e-05
1168,1.0,0.00043739922693930566,9.999999747378752e-05
1169,1.0,0.0006303126574493945,9.999999747378752e-05
1170,1.0,0.0004011467390228063,9.999999747378752e-05
1171,1.0,0.000332929048454389,9.999999747378752e-05
1172,1.0,0.0005288279498927295,9.999999747378752e-05
1173,1.0,0.00042169325752183795,9.999999747378752e-05
1174,1.0,0.000491820799652487,9.999999747378752e-05
1175,1.0,0.001357665634714067,9.999999747378752e-05
1176,1.0,0.0009862942388281226,9.999999747378752e-05
1177,1.0,0.000710965774487704,9.999999747378752e-05
1178,1.0,0.00044086985872127116,9.999999747378752e-05
1179,1.0,0.001395251601934433,9.999999747378752e-05
1180,1.0,0.00164020003285259,9.999999747378752e-05
1181,1.0,0.000485298311104998,9.999999747378752e-05
1182,1.0,0.0009902574820443988,9.999999747378752e-05
1183,1.0,0.00043720059329643846,9.999999747378752e-05
1184,1.0,0.0010794262634590268,9.999999747378752e-05
1185,1.0,0.0007247425382956862,9.999999747378752e-05
1186,1.0,0.0004647202731575817,9.999999747378752e-05
1187,1.0,0.0008042670087888837,9.999999747378752e-05
1188,1.0,0.0005296514718793333,9.999999747378752e-05
1189,1.0,0.0005188009236007929,9.999999747378752e-05
1190,1.0,0.0014353643637150526,9.999999747378752e-05
1191,1.0,0.0003945508215110749,9.999999747378752e-05
1192,1.0,0.0006061681197024882,9.999999747378752e-05
1193,1.0,0.0006472505046986043,9.999999747378752e-05
1194,1.0,0.0007756309933029115,9.999999747378752e-05
1195,1.0,0.00042803565156646073,9.999999747378752e-05
1196,1.0,0.0004904745146632195,9.999999747378752e-05
1197,1.0,0.0010641817934811115,9.999999747378752e-05
1198,1.0,0.00040299579268321395,9.999999747378752e-05
1199,1.0,0.010769439861178398,9.999999747378752e-05
1200,1.0,0.006559469271451235,9.999999747378752e-05
1201,1.0,0.017885051667690277,9.999999747378752e-05
1202,1.0,0.004503043368458748,9.999999747378752e-05
1203,1.0,0.012254907749593258,9.999999747378752e-05
1204,1.0,0.017259608954191208,9.999999747378752e-05
1205,1.0,0.010652229189872742,9.999999747378752e-05
1206,1.0,0.014354508370161057,9.999999747378752e-05
1207,1.0,0.003934784326702356,9.999999747378752e-05
1208,1.0,0.002942265709862113,9.999999747378752e-05
1209,1.0,0.003994116093963385,9.999999747378752e-05
1210,1.0,0.0008485316066071391,9.999999747378752e-05
1211,1.0,0.0024671186693012714,9.999999747378752e-05
1212,1.0,0.0008105625165626407,9.999999747378752e-05
1213,1.0,0.0006330170435830951,9.999999747378752e-05
1214,1.0,0.0008129238267429173,9.999999747378752e-05
1215,1.0,0.0009243534877896309,9.999999747378752e-05
1216,1.0,0.0012488868087530136,9.999999747378752e-05
1217,1.0,0.001187613233923912,9.999999747378752e-05
1218,1.0,0.0014849063009023666,9.999999747378752e-05
1219,1.0,0.001661090413108468,9.999999747378752e-05
1220,1.0,0.0008221589960157871,9.999999747378752e-05
1221,1.0,0.0008074609213508666,9.999999747378752e-05
1222,1.0,0.0005635970155708492,9.999999747378752e-05
1223,1.0,0.000513326667714864,9.999999747378752e-05
1224,1.0,0.0017959580291062593,9.999999747378752e-05
1225,1.0,0.002226424403488636,9.999999747378752e-05
1226,1.0,0.0012501328019425273,9.999999747378752e-05
1227,1.0,0.0010088098933920264,9.999999747378752e-05
1228,1.0,0.0008439786615781486,9.999999747378752e-05
1229,1.0,0.0007095615146681666,9.999999747378752e-05
1230,1.0,0.0009863154264166951,9.999999747378752e-05
1231,1.0,0.001181497354991734,9.999999747378752e-05
1232,1.0,0.0003736687358468771,9.999999747378752e-05
1233,1.0,0.0004857131280004978,9.999999747378752e-05
1234,1.0,0.002161645796149969,9.999999747378752e-05
1235,1.0,0.0005048704915679991,9.999999747378752e-05
1236,1.0,0.0011928322492167354,9.999999747378752e-05
1237,1.0,0.0006060709129087627,9.999999747378752e-05
1238,1.0,0.0010164766572415829,9.999999747378752e-05
1239,1.0,0.0004794541164301336,9.999999747378752e-05
1240,1.0,0.0012882433366030455,9.999999747378752e-05
1241,1.0,0.0006685983971692622,9.999999747378752e-05
1242,1.0,0.0012673890450969338,9.999999747378752e-05
1243,1.0,0.0016663172282278538,9.999999747378752e-05
1244,1.0,0.0010302856098860502,9.999999747378752e-05
1245,1.0,0.000616979377809912,9.999999747378752e-05
1246,1.0,0.00047665744205005467,9.999999747378752e-05
1247,1.0,0.0005649898666888475,9.999999747378752e-05
1248,1.0,0.0019767943304032087,9.999999747378752e-05
1249,1.0,0.0004151315661147237,9.999999747378752e-05
1250,1.0,0.00033437227830290794,9.999999747378752e-05
1251,1.0,0.00041419698391109705,9.999999747378752e-05
1252,1.0,0.000531206198502332,9.999999747378752e-05
1253,1.0,0.0003524533531162888,9.999999747378752e-05
1254,1.0,0.0012841805582866073,9.999999747378752e-05
1255,1.0,0.0005776379839517176,9.999999747378752e-05
1256,1.0,0.001327038393355906,9.999999747378752e-05
1257,1.0,0.0005047767772339284,9.999999747378752e-05
1258,1.0,0.0011468958109617233,9.999999747378752e-05
1259,1.0,0.001362961484119296,9.999999747378752e-05
1260,1.0,0.0006057655555196106,9.999999747378752e-05
1261,1.0,0.00033683341462165117,9.999999747378752e-05
1262,1.0,0.0005138766719028354,9.999999747378752e-05
1263,1.0,0.0005535084055736661,9.999999747378752e-05
1264,1.0,0.0006622050423175097,9.999999747378752e-05
1265,1.0,0.00042224006028845906,9.999999747378752e-05
1266,1.0,0.000678913842421025,9.999999747378752e-05
1267,1.0,0.00036226739757694304,9.999999747378752e-05
1268,1.0,0.0008129907655529678,9.999999747378752e-05
1269,1.0,0.0003130872792098671,9.999999747378752e-05
1270,1.0,0.0011550027411431074,9.999999747378752e-05
1271,1.0,0.0007689930498600006,9.999999747378752e-05
1272,1.0,0.00044992592302151024,9.999999747378752e-05
1273,1.0,0.0011268582893535495,9.999999747378752e-05
1274,1.0,0.00037515736767090857,9.999999747378752e-05
1275,1.0,0.0009111110703088343,9.999999747378752e-05
1276,1.0,0.0005232655676081777,9.999999747378752e-05
1277,1.0,0.0009320957469753921,9.999999747378752e-05
1278,1.0,0.0004706546606030315,9.999999747378752e-05
1279,1.0,0.0006556698936037719,9.999999747378752e-05
1280,1.0,0.0013518548803403974,9.999999747378752e-05
1281,1.0,0.0003784747968893498,9.999999747378752e-05
1282,1.0,0.002717607654631138,9.999999747378752e-05
1283,1.0,0.00043843136518262327,9.999999747378752e-05
1284,1.0,0.0006023329333402216,9.999999747378752e-05
1285,1.0,0.0008512891945429146,9.999999747378752e-05
1286,1.0,0.0005452808691188693,9.999999747378752e-05
1287,1.0,0.0006053419201634824,9.999999747378752e-05
1288,1.0,0.0006403941079042852,9.999999747378752e-05
1289,1.0,0.0008825915865600109,9.999999747378752e-05
1290,1.0,0.0005025025457143784,9.999999747378752e-05
1291,1.0,0.000517382868565619,9.999999747378752e-05
1292,1.0,0.00041625689482316375,9.999999747378752e-05
1293,1.0,0.00043702093535102904,9.999999747378752e-05
1294,1.0,0.0014208981301635504,9.999999747378752e-05
1295,1.0,0.000345781707437709,9.999999747378752e-05
1296,1.0,0.0008652221877127886,9.999999747378752e-05
1297,1.0,0.0005060434341430664,9.999999747378752e-05
1298,1.0,0.0009698069770820439,9.999999747378752e-05
1299,1.0,0.0003948742523789406,9.999999747378752e-05
1300,1.0,0.0012798532843589783,9.999999747378752e-05
1301,1.0,0.0005048049497418106,9.999999747378752e-05
1302,1.0,0.0003526391228660941,9.999999747378752e-05
1303,1.0,0.0009784760186448693,9.999999747378752e-05
1304,1.0,0.00029031772282905877,9.999999747378752e-05
1305,1.0,0.0005742324283346534,9.999999747378752e-05
1306,1.0,0.0005203061155043542,9.999999747378752e-05
1307,1.0,0.0006191987195052207,9.999999747378752e-05
1308,1.0,0.00037102142232470214,9.999999747378752e-05
1309,1.0,0.0011621135054156184,9.999999747378752e-05
1310,1.0,0.000858092331327498,9.999999747378752e-05
1311,1.0,0.000688490632455796,9.999999747378752e-05
1312,1.0,0.0004174441273789853,9.999999747378752e-05
1313,1.0,0.0004490973078645766,9.999999747378752e-05
1314,1.0,0.0005146836629137397,9.999999747378752e-05
1315,1.0,0.0008689529495313764,9.999999747378752e-05
1316,1.0,0.00043651755549944937,9.999999747378752e-05
1317,1.0,0.0004076853801961988,9.999999747378752e-05
1318,1.0,0.0009879798162728548,9.999999747378752e-05
1319,1.0,0.0005824056570418179,9.999999747378752e-05
1320,1.0,0.0004467293038032949,9.999999747378752e-05
1321,1.0,0.0006771329790353775,9.999999747378752e-05
1322,1.0,0.0005595835973508656,9.999999747378752e-05
1323,1.0,0.0002775835164356977,9.999999747378752e-05
1324,1.0,0.00035166446468792856,9.999999747378752e-05
1325,1.0,0.0002711565757635981,9.999999747378752e-05
1326,1.0,0.0007227209280245006,9.999999747378752e-05
1327,1.0,0.0008957589161582291,9.999999747378752e-05
1328,1.0,0.0006161446799524128,9.999999747378752e-05
1329,1.0,0.0003738516243174672,9.999999747378752e-05
1330,1.0,0.0008201266755349934,9.999999747378752e-05
1331,1.0,0.0003761966363526881,9.999999747378752e-05
1332,1.0,0.00040730962064117193,9.999999747378752e-05
1333,1.0,0.0003744300047401339,9.999999747378752e-05
1334,1.0,0.0006499671144410968,9.999999747378752e-05
1335,1.0,0.00036142655881121755,9.999999747378752e-05
1336,1.0,0.0006325999274849892,9.999999747378752e-05
1337,1.0,0.0008152019581757486,9.999999747378752e-05
1338,1.0,0.0003936219436582178,9.999999747378752e-05
1339,1.0,0.0003496934659779072,9.999999747378752e-05
1340,1.0,0.00027404402499087155,9.999999747378752e-05
1341,1.0,0.0003188141854479909,9.999999747378752e-05
1342,1.0,0.00024060423311311752,9.999999747378752e-05
1343,1.0,0.0004129184817429632,9.999999747378752e-05
1344,1.0,0.0005324064986780286,9.999999747378752e-05
1345,1.0,0.00042976034455932677,9.999999747378752e-05
1346,1.0,0.00037180414074100554,9.999999747378752e-05
1347,1.0,0.0007936849142424762,9.999999747378752e-05
1348,1.0,0.0003522333281580359,9.999999747378752e-05
1349,1.0,0.0006059147999621928,9.999999747378752e-05
1350,1.0,0.0002279072505189106,9.999999747378752e-05
1351,1.0,0.00030640873592346907,9.999999747378752e-05
1352,1.0,0.0006663798703812063,9.999999747378752e-05
1353,1.0,0.0002931287162937224,9.999999747378752e-05
1354,1.0,0.0004783361218869686,9.999999747378752e-05
1355,1.0,0.0005129757919348776,9.999999747378752e-05
1356,1.0,0.000363888218998909,9.999999747378752e-05
1357,1.0,0.0004825935757253319,9.999999747378752e-05
1358,1.0,0.0003650063881650567,9.999999747378752e-05
1359,1.0,0.00034288555616512895,9.999999747378752e-05
1360,1.0,0.0002164774778066203,9.999999747378752e-05
1361,1.0,0.0010286817559972405,9.999999747378752e-05
1362,1.0,0.001302993856370449,9.999999747378752e-05
1363,1.0,0.0006965459324419498,9.999999747378752e-05
1364,1.0,0.0003408109478186816,9.999999747378752e-05
1365,1.0,0.00046948142698965967,9.999999747378752e-05
1366,1.0,0.000519929570145905,9.999999747378752e-05
1367,1.0,0.00046501107863150537,9.999999747378752e-05
1368,1.0,0.0008001551032066345,9.999999747378752e-05
1369,1.0,0.00035500866943039,9.999999747378752e-05
1370,1.0,0.0007047432009130716,9.999999747378752e-05
1371,1.0,0.0005267011001706123,9.999999747378752e-05
1372,1.0,0.00034183889511041343,9.999999747378752e-05
1373,1.0,0.0002909721515607089,9.999999747378752e-05
1374,1.0,0.00028511814889498055,9.999999747378752e-05
1375,1.0,0.00026276259450241923,9.999999747378752e-05
1376,1.0,0.0002463837736286223,9.999999747378752e-05
1377,1.0,0.0005758693441748619,9.999999747378752e-05
1378,1.0,0.0005126325413584709,9.999999747378752e-05
1379,1.0,0.00030599202727898955,9.999999747378752e-05
1380,1.0,0.00026292033726349473,9.999999747378752e-05
1381,1.0,0.0008705548825673759,9.999999747378752e-05
1382,1.0,0.0004746322229038924,9.999999747378752e-05
1383,1.0,0.0007387091172859073,9.999999747378752e-05
1384,1.0,0.0004243941220920533,9.999999747378752e-05
1385,1.0,0.0003046540659852326,9.999999747378752e-05
1386,1.0,0.0011464853305369616,9.999999747378752e-05
1387,1.0,0.0005002534599043429,9.999999747378752e-05
1388,1.0,0.00036351196467876434,9.999999747378752e-05
1389,1.0,0.0006199709605425596,9.999999747378752e-05
1390,1.0,0.00031917329761199653,9.999999747378752e-05
1391,1.0,0.000196088119992055,9.999999747378752e-05
1392,1.0,0.000365083193173632,9.999999747378752e-05
1393,1.0,0.0002832574537023902,9.999999747378752e-05
1394,1.0,0.0006910191150382161,9.999999747378752e-05
1395,1.0,0.00039908269536681473,9.999999747378752e-05
1396,1.0,0.0005583306192420423,9.999999747378752e-05
1397,1.0,0.00039449692121706903,9.999999747378752e-05
1398,1.0,0.00025842507602646947,9.999999747378752e-05
1399,1.0,0.0006198468036018312,9.999999747378752e-05
1400,1.0,0.0002950028283521533,9.999999747378752e-05
1401,1.0,0.00046573227155022323,9.999999747378752e-05
1402,1.0,0.00034706838778220117,9.999999747378752e-05
1403,1.0,0.0004256712563801557,9.999999747378752e-05
1404,1.0,0.0004165082355029881,9.999999747378752e-05
1405,1.0,0.0005178003339096904,9.999999747378752e-05
1406,1.0,0.0002791886799968779,9.999999747378752e-05
1407,1.0,0.0003876602277159691,9.999999747378752e-05
1408,1.0,0.0001670595956966281,9.999999747378752e-05
1409,1.0,0.00046527283848263323,9.999999747378752e-05
1410,1.0,0.0003713575133588165,9.999999747378752e-05
1411,1.0,0.00022119955974631011,9.999999747378752e-05
1412,1.0,0.00038166690501384437,9.999999747378752e-05
1413,1.0,0.001613058615475893,9.999999747378752e-05
1414,1.0,0.0007515365723520517,9.999999747378752e-05
1415,1.0,0.0009351394837722182,9.999999747378752e-05
1416,1.0,0.0006587992538698018,9.999999747378752e-05
1417,1.0,0.000523460388649255,9.999999747378752e-05
1418,1.0,0.00045828919974155724,9.999999747378752e-05
1419,1.0,0.0014333027647808194,9.999999747378752e-05
1420,1.0,0.0004471992142498493,9.999999747378752e-05
1421,1.0,0.0004757137212436646,9.999999747378752e-05
1422,1.0,0.0007167795556597412,9.999999747378752e-05
1423,1.0,0.0008729553082957864,9.999999747378752e-05
1424,1.0,0.0004008181858807802,9.999999747378752e-05
1425,1.0,0.0007647955208085477,9.999999747378752e-05
1426,1.0,0.00023669973597861826,9.999999747378752e-05
1427,1.0,0.0005387889104895294,9.999999747378752e-05
1428,1.0,0.00039873234345577657,9.999999747378752e-05
1429,1.0,0.0007471999269910157,9.999999747378752e-05
1430,1.0,0.0005640723393298686,9.999999747378752e-05
1431,1.0,0.0001844745420385152,9.999999747378752e-05
1432,1.0,0.004025813192129135,9.999999747378752e-05
1433,1.0,0.0016565046971663833,9.999999747378752e-05
1434,1.0,0.007052036467939615,9.999999747378752e-05
1435,1.0,0.006148842629045248,9.999999747378752e-05
1436,1.0,0.007767177652567625,9.999999747378752e-05
1437,1.0,0.0013470196863636374,9.999999747378752e-05
1438,1.0,0.012840701267123222,9.999999747378752e-05
1439,1.0,0.002344361273571849,9.999999747378752e-05
1440,1.0,0.0023480842355638742,9.999999747378752e-05
1441,1.0,0.004900450352579355,9.999999747378752e-05
1442,1.0,0.004484881181269884,9.999999747378752e-05
1443,1.0,0.0007586035062558949,9.999999747378752e-05
1444,1.0,0.0006082612089812756,9.999999747378752e-05
1445,1.0,0.0009487403440289199,9.999999747378752e-05
1446,1.0,0.0010300466092303395,9.999999747378752e-05
1447,1.0,0.0007666849414817989,9.999999747378752e-05
1448,1.0,0.0005886983126401901,9.999999747378752e-05
1449,1.0,0.0005608825013041496,9.999999747378752e-05
1450,1.0,0.0005419884109869599,9.999999747378752e-05
1451,1.0,0.0004956194316036999,9.999999747378752e-05
1452,1.0,0.0008316367748193443,9.999999747378752e-05
1453,1.0,0.0006787728634662926,9.999999747378752e-05
1454,1.0,0.000665847968775779,9.999999747378752e-05
1455,1.0,0.0009515067213214934,9.999999747378752e-05
1456,1.0,0.0007388158701360226,9.999999747378752e-05
1457,1.0,0.0012890561483800411,9.999999747378752e-05
1458,1.0,0.000935292337089777,9.999999747378752e-05
1459,1.0,0.00045948033221066,9.999999747378752e-05
1460,1.0,0.0007524508982896805,9.999999747378752e-05
1461,1.0,0.0005230740644037724,9.999999747378752e-05
1462,1.0,0.00040301328408531845,9.999999747378752e-05
1463,1.0,0.0003411206416785717,9.999999747378752e-05
1464,1.0,0.0002619498409330845,9.999999747378752e-05
1465,1.0,0.00032679972355253994,9.999999747378752e-05
1466,1.0,0.0006322794361039996,9.999999747378752e-05
1467,1.0,0.00033621920738369226,9.999999747378752e-05
1468,1.0,0.00038811840931884944,9.999999747378752e-05
1469,1.0,0.0006143053760752082,9.999999747378752e-05
1470,1.0,0.0004265439638402313,9.999999747378752e-05
1471,1.0,0.0006130223628133535,9.999999747378752e-05
1472,1.0,0.0004564151749946177,9.999999747378752e-05
1473,1.0,0.00029086924041621387,9.999999747378752e-05
1474,1.0,0.00046953835408203304,9.999999747378752e-05
1475,1.0,0.00044628867181017995,9.999999747378752e-05
1476,1.0,0.0023427384439855814,9.999999747378752e-05
1477,1.0,0.0009067354258149862,9.999999747378752e-05
1478,1.0,0.0007984284893609583,9.999999747378752e-05
1479,1.0,0.0008200982119888067,9.999999747378752e-05
1480,1.0,0.00024696672335267067,9.999999747378752e-05
1481,1.0,0.0005356658948585391,9.999999747378752e-05
1482,1.0,0.0004582187975756824,9.999999747378752e-05
1483,1.0,0.00040169150452129543,9.999999747378752e-05
1484,1.0,0.0008489084430038929,9.999999747378752e-05
1485,1.0,0.0005089740734547377,9.999999747378752e-05
1486,1.0,0.0006090514943934977,9.999999747378752e-05
1487,1.0,0.0003829905472230166,9.999999747378752e-05
1488,1.0,0.0004727910563815385,9.999999747378752e-05
1489,1.0,0.0003448266943451017,9.999999747378752e-05
1490,1.0,0.00044088298454880714,9.999999747378752e-05
1491,1.0,0.00029889465076848865,9.999999747378752e-05
1492,1.0,0.00018202103092335165,9.999999747378752e-05
1493,1.0,0.0005474230274558067,9.999999747378752e-05
1494,1.0,0.00033531305962242186,9.999999747378752e-05
1495,1.0,0.0007011332781985402,9.999999747378752e-05
1496,1.0,0.00039980746805667877,9.999999747378752e-05
1497,1.0,0.0005473768105730414,9.999999747378752e-05
1498,1.0,0.0002546644536778331,9.999999747378752e-05
1499,1.0,0.00019452789274509996,9.999999747378752e-05
1500,1.0,0.0006923987530171871,9.999999747378752e-05
1501,1.0,0.0007624531863257289,9.999999747378752e-05
1502,1.0,0.0007378964219242334,9.999999747378752e-05
1503,1.0,0.00031172652961686254,9.999999747378752e-05
1504,1.0,0.00047893301234580576,9.999999747378752e-05
1505,1.0,0.0005546430475078523,9.999999747378752e-05
1506,1.0,0.0003558169410098344,9.999999747378752e-05
1507,1.0,0.00020452887110877782,9.999999747378752e-05
1508,1.0,0.00025022507179528475,9.999999747378752e-05
1509,1.0,0.0004305957700125873,9.999999747378752e-05
1510,1.0,0.0004922389634884894,9.999999747378752e-05
1511,1.0,0.00028563482919707894,9.999999747378752e-05
1512,1.0,0.0008488019229844213,9.999999747378752e-05
1513,1.0,0.00032315088901668787,9.999999747378752e-05
1514,1.0,0.00026147603057324886,9.999999747378752e-05
1515,1.0,0.0002543901791796088,9.999999747378752e-05
1516,1.0,0.0002233724226243794,9.999999747378752e-05
1517,1.0,0.0003397453692741692,9.999999747378752e-05
1518,1.0,0.00029730802634730935,9.999999747378752e-05
1519,1.0,0.00029377182363532484,9.999999747378752e-05
1520,1.0,0.0005150229553692043,9.999999747378752e-05
1521,1.0,0.00041788534144870937,9.999999747378752e-05
1522,1.0,0.00032236319384537637,9.999999747378752e-05
1523,1.0,0.00039807692519389093,9.999999747378752e-05
1524,1.0,0.0004333307151682675,9.999999747378752e-05
1525,1.0,0.00020292476983740926,9.999999747378752e-05
1526,1.0,0.000652046874165535,9.999999747378752e-05
1527,1.0,0.0005563687300309539,9.999999747378752e-05
1528,1.0,0.00021851854398846626,9.999999747378752e-05
1529,1.0,0.0005423639086075127,9.999999747378752e-05
1530,1.0,0.0001536117633804679,9.999999747378752e-05
1531,1.0,0.00029477226780727506,9.999999747378752e-05
1532,1.0,0.0002202855539508164,9.999999747378752e-05
1533,1.0,0.0006795806111767888,9.999999747378752e-05
1534,1.0,0.00048236188013106585,9.999999747378752e-05
1535,1.0,0.0003642176743596792,9.999999747378752e-05
1536,1.0,0.0006657213671132922,9.999999747378752e-05
1537,1.0,0.0005436983774416149,9.999999747378752e-05
1538,1.0,0.00019973838061559945,9.999999747378752e-05
1539,1.0,0.001920639886520803,9.999999747378752e-05
1540,1.0,0.0004455331654753536,9.999999747378752e-05
1541,1.0,0.0003709510201588273,9.999999747378752e-05
1542,1.0,0.0005893317866139114,9.999999747378752e-05
1543,1.0,0.00021897625993005931,9.999999747378752e-05
1544,1.0,0.0003974848659709096,9.999999747378752e-05
1545,1.0,0.00044806135701946914,9.999999747378752e-05
1546,1.0,0.0005684305797331035,9.999999747378752e-05
1547,1.0,0.00030448174220509827,9.999999747378752e-05
1548,1.0,0.0001957887870958075,9.999999747378752e-05
1549,1.0,0.00029377275495789945,9.999999747378752e-05
1550,1.0,0.00022049354447517544,9.999999747378752e-05
1551,1.0,0.00031339970882982016,9.999999747378752e-05
1552,1.0,0.0004094392352271825,9.999999747378752e-05
1553,1.0,0.00046720245154574513,9.999999747378752e-05
1554,1.0,0.0003520217724144459,9.999999747378752e-05
1555,1.0,0.00033749910653568804,9.999999747378752e-05
1556,1.0,0.00027862051501870155,9.999999747378752e-05
1557,1.0,0.0001882293727248907,9.999999747378752e-05
1558,1.0,0.0008553729276172817,9.999999747378752e-05
1559,1.0,0.00018093852850142866,9.999999747378752e-05
1560,1.0,0.0005909806932322681,9.999999747378752e-05
1561,1.0,0.00048018363304436207,9.999999747378752e-05
1562,1.0,0.0003983312635682523,9.999999747378752e-05
1563,1.0,0.0002900738036260009,9.999999747378752e-05
1564,1.0,0.0001823623024392873,9.999999747378752e-05
1565,1.0,0.00023308001982513815,9.999999747378752e-05
1566,1.0,0.0002853108453564346,9.999999747378752e-05
1567,1.0,0.0003028236096724868,9.999999747378752e-05
1568,1.0,0.00021774564811494201,9.999999747378752e-05
1569,1.0,0.00039990359800867736,9.999999747378752e-05
1570,1.0,0.0002745083183981478,9.999999747378752e-05
1571,1.0,0.0001840355253079906,9.999999747378752e-05
1572,1.0,0.00026752243866212666,9.999999747378752e-05
1573,1.0,0.0006402808357961476,9.999999747378752e-05
1574,1.0,0.0001758618891471997,9.999999747378752e-05
1575,1.0,0.0005533203948289156,9.999999747378752e-05
1576,1.0,0.0002882234985008836,9.999999747378752e-05
1577,1.0,0.0006432642112486064,9.999999747378752e-05
1578,1.0,0.00016243023856077343,9.999999747378752e-05
1579,1.0,0.00021597415616270155,9.999999747378752e-05
1580,1.0,0.0002579891588538885,9.999999747378752e-05
1581,1.0,0.001033093431033194,9.999999747378752e-05
1582,1.0,0.0007997331558726728,9.999999747378752e-05
1583,1.0,0.00017425822443328798,9.999999747378752e-05
1584,1.0,0.0004513532330747694,9.999999747378752e-05
1585,1.0,0.00037664102273993194,9.999999747378752e-05
1586,1.0,0.00020978586690034717,9.999999747378752e-05
1587,1.0,0.0002891139010898769,9.999999747378752e-05
1588,1.0,0.0008852928876876831,9.999999747378752e-05
1589,1.0,0.00025103555526584387,9.999999747378752e-05
1590,1.0,0.0002031115145655349,9.999999747378752e-05
1591,1.0,0.0003038778668269515,9.999999747378752e-05
1592,1.0,0.0002683930506464094,9.999999747378752e-05
1593,1.0,0.00044395349686965346,9.999999747378752e-05
1594,1.0,0.0005026269354857504,9.999999747378752e-05
1595,1.0,0.00020829119603149593,9.999999747378752e-05
1596,1.0,0.000472554296720773,9.999999747378752e-05
1597,1.0,0.0005121739814057946,9.999999747378752e-05
1598,1.0,0.0003244993567932397,9.999999747378752e-05
1599,1.0,0.00025366348563693464,9.999999747378752e-05
1600,1.0,0.00020664531621150672,9.999999747378752e-05
1601,1.0,0.00023542366398032755,9.999999747378752e-05
1602,1.0,0.00043207957060076296,9.999999747378752e-05
1603,1.0,0.0005287120584398508,9.999999747378752e-05
1604,1.0,0.00022780786093790084,9.999999747378752e-05
1605,1.0,0.00026144535513594747,9.999999747378752e-05
1606,1.0,0.00042542090523056686,9.999999747378752e-05
1607,1.0,0.00032124959398061037,9.999999747378752e-05
1608,1.0,0.00018165067012887448,9.999999747378752e-05
1609,1.0,0.0003206206311006099,9.999999747378752e-05
1610,1.0,0.0004661894345190376,9.999999747378752e-05
1611,1.0,0.0003035730042029172,9.999999747378752e-05
1612,1.0,0.00018617682508192956,9.999999747378752e-05
1613,1.0,0.00022674043430015445,9.999999747378752e-05
1614,1.0,0.0002961730642709881,9.999999747378752e-05
1615,1.0,0.0007846268126741052,9.999999747378752e-05
1616,1.0,0.00019703122961800545,9.999999747378752e-05
1617,1.0,0.0003062004689127207,9.999999747378752e-05
1618,1.0,0.0002153099630959332,9.999999747378752e-05
1619,1.0,0.0002461034164298326,9.999999747378752e-05
1620,1.0,0.0002702671627048403,9.999999747378752e-05
1621,1.0,0.0001542925019748509,9.999999747378752e-05
1622,1.0,0.000263972528045997,9.999999747378752e-05
1623,1.0,0.00018979579908773303,9.999999747378752e-05
1624,1.0,0.00032244643080048263,9.999999747378752e-05
1625,1.0,0.00019943239749409258,9.999999747378752e-05
1626,1.0,0.00035172971547581255,9.999999747378752e-05
1627,1.0,0.00036319237551651895,9.999999747378752e-05
1628,1.0,0.00017859316722024232,9.999999747378752e-05
1629,1.0,0.0003151671844534576,9.999999747378752e-05
1630,1.0,0.0004140568489674479,9.999999747378752e-05
1631,1.0,0.00024351179308723658,9.999999747378752e-05
1632,1.0,0.0001607125741429627,9.999999747378752e-05
1633,1.0,0.00026399712078273296,9.999999747378752e-05
1634,1.0,0.00015860749408602715,9.999999747378752e-05
1635,1.0,0.0006840989808551967,9.999999747378752e-05
1636,1.0,0.00017784698866307735,9.999999747378752e-05
1637,1.0,0.00030936571420170367,9.999999747378752e-05
1638,1.0,0.0004243970033712685,9.999999747378752e-05
1639,1.0,0.00030341706587933004,9.999999747378752e-05
1640,1.0,0.00025130249559879303,9.999999747378752e-05
1641,1.0,0.00045887180021964014,9.999999747378752e-05
1642,1.0,0.00039033894427120686,9.999999747378752e-05
1643,1.0,0.0003170851559843868,9.999999747378752e-05
1644,1.0,0.0002464873541612178,9.999999747378752e-05
1645,1.0,0.0005680350586771965,9.999999747378752e-05
1646,1.0,0.00027344966656528413,9.999999747378752e-05
1647,1.0,0.00021371981711126864,9.999999747378752e-05
1648,1.0,0.0003106607182417065,9.999999747378752e-05
1649,1.0,0.00043930980609729886,9.999999747378752e-05
1650,1.0,0.000259186839684844,9.999999747378752e-05
1651,1.0,0.0003144184302072972,9.999999747378752e-05
1652,1.0,0.00020879844669252634,9.999999747378752e-05
1653,1.0,0.00046881043817847967,9.999999747378752e-05
1654,1.0,0.0005022253026254475,9.999999747378752e-05
1655,1.0,0.00030142845935188234,9.999999747378752e-05
1656,1.0,0.00038033569580875337,9.999999747378752e-05
1657,1.0,0.009770755656063557,9.999999747378752e-05
1658,1.0,0.0024745389819145203,9.999999747378752e-05
1659,1.0,0.001178412581793964,9.999999747378752e-05
1660,1.0,0.0011783050140365958,9.999999747378752e-05
1661,1.0,0.001004240708425641,9.999999747378752e-05
1662,1.0,0.0008177704294212162,9.999999747378752e-05
1663,1.0,0.008073877543210983,9.999999747378752e-05
1664,0.9714285731315613,0.06030058115720749,9.999999747378752e-05
1665,0.9857142567634583,0.03258548676967621,9.999999747378752e-05
1666,1.0,0.0036733602173626423,9.999999747378752e-05
1667,1.0,0.004655773285776377,9.999999747378752e-05
1668,1.0,0.0045263092033565044,9.999999747378752e-05
1669,1.0,0.002416157629340887,9.999999747378752e-05
1670,1.0,0.009399858303368092,9.999999747378752e-05
1671,1.0,0.008589654229581356,9.999999747378752e-05
1672,1.0,0.0067974599078297615,9.999999747378752e-05
1673,1.0,0.0040017240680754185,9.999999747378752e-05
1674,0.9857142567634583,0.020076187327504158,9.999999747378752e-05
1675,1.0,0.002516703912988305,9.999999747378752e-05
1676,1.0,0.00845502968877554,9.999999747378752e-05
1677,1.0,0.004087705630809069,9.999999747378752e-05
1678,1.0,0.0010986990528181195,9.999999747378752e-05
1679,1.0,0.002414163900539279,9.999999747378752e-05
1680,1.0,0.001939388457685709,9.999999747378752e-05
1681,1.0,0.0008101356797851622,9.999999747378752e-05
1682,1.0,0.002274430589750409,9.999999747378752e-05
1683,1.0,0.0013977878261357546,9.999999747378752e-05
1684,1.0,0.001562104094773531,9.999999747378752e-05
1685,1.0,0.001210719463415444,9.999999747378752e-05
1686,1.0,0.0011810685973614454,9.999999747378752e-05
1687,1.0,0.002601905493065715,9.999999747378752e-05
1688,1.0,0.0006436181138269603,9.999999747378752e-05
1689,1.0,0.0033071807119995356,9.999999747378752e-05
1690,1.0,0.0020595977548509836,9.999999747378752e-05
1691,1.0,0.0013653681380674243,9.999999747378752e-05
1692,1.0,0.0008846170385368168,9.999999747378752e-05
1693,1.0,0.0007784498739056289,9.999999747378752e-05
1694,1.0,0.0004024785594083369,9.999999747378752e-05
1695,1.0,0.0006158659816719592,9.999999747378752e-05
1696,1.0,0.0005882008699700236,9.999999747378752e-05
1697,1.0,0.0005024647689424455,9.999999747378752e-05
1698,1.0,0.0007988875731825829,9.999999747378752e-05
1699,1.0,0.0006845468888059258,9.999999747378752e-05
1700,1.0,0.0018106641946360469,9.999999747378752e-05
1701,1.0,0.003231820883229375,9.999999747378752e-05
1702,1.0,0.0004908127593807876,9.999999747378752e-05
1703,1.0,0.0004003600333817303,9.999999747378752e-05
1704,1.0,0.0005252828123047948,9.999999747378752e-05
1705,1.0,0.0009059316362254322,9.999999747378752e-05
1706,1.0,0.0006626519025303423,9.999999747378752e-05
1707,1.0,0.0004903285880573094,9.999999747378752e-05
1708,1.0,0.0006342115812003613,9.999999747378752e-05
1709,1.0,0.00027369256713427603,9.999999747378752e-05
1710,1.0,0.00037669885205104947,9.999999747378752e-05
1711,1.0,0.00048035974032245576,9.999999747378752e-05
1712,1.0,0.001109271659515798,9.999999747378752e-05
1713,1.0,0.0008342421497218311,9.999999747378752e-05
1714,1.0,0.0005503387073986232,9.999999747378752e-05
1715,1.0,0.0009375537047162652,9.999999747378752e-05
1716,1.0,0.002559073967859149,9.999999747378752e-05
1717,1.0,0.0007339075091294944,9.999999747378752e-05
1718,1.0,0.0006413990049622953,9.999999747378752e-05
1719,1.0,0.00036739915958605707,9.999999747378752e-05
1720,1.0,0.0005714697763323784,9.999999747378752e-05
1721,1.0,0.0004124205152038485,9.999999747378752e-05
1722,1.0,0.0010811961255967617,9.999999747378752e-05
1723,1.0,0.00032108972663991153,9.999999747378752e-05
1724,1.0,0.0004409987886901945,9.999999747378752e-05
1725,1.0,0.0014983300352469087,9.999999747378752e-05
1726,1.0,0.0005734522710554302,9.999999747378752e-05
1727,1.0,0.0005610411753877997,9.999999747378752e-05
1728,1.0,0.0004630174080375582,9.999999747378752e-05
1729,1.0,0.0003951639519073069,9.999999747378752e-05
1730,1.0,0.0031710085459053516,9.999999747378752e-05
1731,1.0,0.000491182436235249,9.999999747378752e-05
1732,1.0,0.0006448011845350266,9.999999747378752e-05
1733,1.0,0.0008719899342395365,9.999999747378752e-05
1734,1.0,0.00041057454654946923,9.999999747378752e-05
1735,1.0,0.001842036610469222,9.999999747378752e-05
1736,1.0,0.00044885234092362225,9.999999747378752e-05
1737,1.0,0.0019442107295617461,9.999999747378752e-05
1738,1.0,0.0004703840531874448,9.999999747378752e-05
1739,1.0,0.001289648818783462,9.999999747378752e-05
1740,1.0,0.0005716600571759045,9.999999747378752e-05
1741,1.0,0.00046130071859806776,9.999999747378752e-05
1742,1.0,0.0005712120910175145,9.999999747378752e-05
1743,1.0,0.0015075610717758536,9.999999747378752e-05
1744,1.0,0.0004222168354317546,9.999999747378752e-05
1745,1.0,0.0008554530795663595,9.999999747378752e-05
1746,1.0,0.00042151566594839096,9.999999747378752e-05
1747,1.0,0.000694508955348283,9.999999747378752e-05
1748,1.0,0.00022651004837825894,9.999999747378752e-05
1749,1.0,0.013863438740372658,9.999999747378752e-05
1750,1.0,0.005547842942178249,9.999999747378752e-05
1751,1.0,0.0009137466549873352,9.999999747378752e-05
1752,1.0,0.0017093276837840676,9.999999747378752e-05
1753,1.0,0.00048346142284572124,9.999999747378752e-05
1754,1.0,0.000714728026650846,9.999999747378752e-05
1755,1.0,0.0006113046547397971,9.999999747378752e-05
1756,1.0,0.0007315785624086857,9.999999747378752e-05
1757,1.0,0.0003007817722391337,9.999999747378752e-05
1758,1.0,0.0004315551195759326,9.999999747378752e-05
1759,1.0,0.00042544762254692614,9.999999747378752e-05
1760,1.0,0.00708826445043087,9.999999747378752e-05
1761,1.0,0.002839516382664442,9.999999747378752e-05
1762,1.0,0.005730072036385536,9.999999747378752e-05
1763,1.0,0.0007703410810790956,9.999999747378752e-05
1764,1.0,0.001862696255557239,9.999999747378752e-05
1765,1.0,0.0018458109116181731,9.999999747378752e-05
1766,1.0,0.0007140359375625849,9.999999747378752e-05
1767,1.0,0.0008139628334902227,9.999999747378752e-05
1768,1.0,0.0003183672088198364,9.999999747378752e-05
1769,1.0,0.0010891238925978541,9.999999747378752e-05
1770,1.0,0.0003838158736471087,9.999999747378752e-05
1771,1.0,0.0010482615325599909,9.999999747378752e-05
1772,1.0,0.0003300541138742119,9.999999747378752e-05
1773,1.0,0.0006339180399663746,9.999999747378752e-05
1774,1.0,0.0004674328083638102,9.999999747378752e-05
1775,1.0,0.00043295754585415125,9.999999747378752e-05
1776,1.0,0.0004823999188374728,9.999999747378752e-05
1777,1.0,0.0007169685559347272,9.999999747378752e-05
1778,1.0,0.0017610793001949787,9.999999747378752e-05
1779,1.0,0.00031016900902614,9.999999747378752e-05
1780,1.0,0.0005210679955780506,9.999999747378752e-05
1781,1.0,0.0003981119079980999,9.999999747378752e-05
1782,1.0,0.00036269420525059104,9.999999747378752e-05
1783,1.0,0.0007941179210320115,9.999999747378752e-05
1784,1.0,0.0006738454685546458,9.999999747378752e-05
1785,1.0,0.00039768495480529964,9.999999747378752e-05
1786,1.0,0.00026363201322965324,9.999999747378752e-05
1787,1.0,0.0004207247693557292,9.999999747378752e-05
1788,1.0,0.00031580947688780725,9.999999747378752e-05
1789,1.0,0.000282775959931314,9.999999747378752e-05
1790,1.0,0.00025190331507474184,9.999999747378752e-05
1791,1.0,0.0006617580074816942,9.999999747378752e-05
1792,1.0,0.0005002646357752383,9.999999747378752e-05
1793,1.0,0.0003791258204728365,9.999999747378752e-05
1794,1.0,0.0007216521771624684,9.999999747378752e-05
1795,1.0,0.0005557685508392751,9.999999747378752e-05
1796,1.0,0.00045648173545487225,9.999999747378752e-05
1797,1.0,0.00046356458915397525,9.999999747378752e-05
1798,1.0,0.00044671568321064115,9.999999747378752e-05
1799,1.0,0.0005806179833598435,9.999999747378752e-05
1800,1.0,0.00024905940517783165,9.999999747378752e-05
1801,1.0,0.0005062963464297354,9.999999747378752e-05
1802,1.0,0.0007795592537149787,9.999999747378752e-05
1803,1.0,0.0006544505595229566,9.999999747378752e-05
1804,1.0,0.0006186997634358704,9.999999747378752e-05
1805,1.0,0.0002874176134355366,9.999999747378752e-05
1806,1.0,0.0003339384275022894,9.999999747378752e-05
1807,1.0,0.00029424953390844166,9.999999747378752e-05
1808,1.0,0.00015399896074086428,9.999999747378752e-05
1809,1.0,0.00041753682307899,9.999999747378752e-05
1810,1.0,0.00018112229008693248,9.999999747378752e-05
1811,1.0,0.00041543610859662294,9.999999747378752e-05
1812,1.0,0.0002660077589098364,9.999999747378752e-05
1813,1.0,0.0002298744657309726,9.999999747378752e-05
1814,1.0,0.00026658500428311527,9.999999747378752e-05
1815,1.0,0.00023535032232757658,9.999999747378752e-05
1816,1.0,0.00043480712338350713,9.999999747378752e-05
1817,1.0,0.00045747964759357274,9.999999747378752e-05
1818,1.0,0.0017274979036301374,9.999999747378752e-05
1819,1.0,0.0022908260580152273,9.999999747378752e-05
1820,1.0,0.00041348912054672837,9.999999747378752e-05
1821,1.0,0.00026773105491884053,9.999999747378752e-05
1822,1.0,0.0005873459740541875,9.999999747378752e-05
1823,1.0,0.0002874403144232929,9.999999747378752e-05
1824,1.0,0.0003040122683160007,9.999999747378752e-05
1825,1.0,0.0004247405449859798,9.999999747378752e-05
1826,1.0,0.00018808402819558978,9.999999747378752e-05
1827,1.0,0.0005267739179544151,9.999999747378752e-05
1828,1.0,0.00023410870926454663,9.999999747378752e-05
1829,1.0,0.00040521123446524143,9.999999747378752e-05
1830,1.0,0.0004232647188473493,9.999999747378752e-05
1831,1.0,0.0005440310924313962,9.999999747378752e-05
1832,1.0,0.00043429460492916405,9.999999747378752e-05
1833,1.0,0.0003039714938495308,9.999999747378752e-05
1834,1.0,0.0001755185949150473,9.999999747378752e-05
1835,1.0,0.0008559782872907817,9.999999747378752e-05
1836,1.0,0.000321826315484941,9.999999747378752e-05
1837,1.0,0.000295157398795709,9.999999747378752e-05
1838,1.0,0.0003719620581250638,9.999999747378752e-05
1839,1.0,0.0003013373352587223,9.999999747378752e-05
1840,1.0,0.0009456577245146036,9.999999747378752e-05
1841,1.0,0.0005866296705789864,9.999999747378752e-05
1842,1.0,0.0028949296101927757,9.999999747378752e-05
1843,1.0,0.000470991333713755,9.999999747378752e-05
1844,1.0,0.00038378615863621235,9.999999747378752e-05
1845,1.0,0.00046965840738266706,9.999999747378752e-05
1846,1.0,0.0007855355506762862,9.999999747378752e-05
1847,1.0,0.00032369233667850494,9.999999747378752e-05
1848,1.0,0.00032252297387458384,9.999999747378752e-05
1849,1.0,0.00024236134777311236,9.999999747378752e-05
1850,1.0,0.0010368087096139789,9.999999747378752e-05
1851,1.0,0.00023157702526077628,9.999999747378752e-05
1852,1.0,0.0004942957893945277,9.999999747378752e-05
1853,1.0,0.0004586160648614168,9.999999747378752e-05
1854,1.0,0.0015725984703749418,9.999999747378752e-05
1855,1.0,0.00030126067576929927,9.999999747378752e-05
1856,1.0,0.0003466413472779095,9.999999747378752e-05
1857,1.0,0.00034328686888329685,9.999999747378752e-05
1858,1.0,0.00021531859238166362,9.999999747378752e-05
1859,1.0,0.00042027930612675846,9.999999747378752e-05
1860,1.0,0.0002658907324075699,9.999999747378752e-05
1861,1.0,0.00031603765091858804,9.999999747378752e-05
1862,1.0,0.0005523931467905641,9.999999747378752e-05
1863,1.0,0.00011966899182880297,9.999999747378752e-05
1864,1.0,0.0002589015057310462,9.999999747378752e-05
1865,1.0,0.0002366940607316792,9.999999747378752e-05
1866,1.0,0.0005887844017706811,9.999999747378752e-05
1867,1.0,0.000881741929333657,9.999999747378752e-05
1868,1.0,0.000191226412425749,9.999999747378752e-05
1869,1.0,0.0003416771360207349,9.999999747378752e-05
1870,1.0,0.0004582773835863918,9.999999747378752e-05
1871,1.0,0.00030063619487918913,9.999999747378752e-05
1872,1.0,0.0015834388323128223,9.999999747378752e-05
1873,1.0,0.00018995354184880853,9.999999747378752e-05
1874,1.0,0.0001792111579561606,9.999999747378752e-05
1875,1.0,0.0003215294855181128,9.999999747378752e-05
1876,1.0,0.00011767307296395302,9.999999747378752e-05
1877,1.0,0.000246000214247033,9.999999747378752e-05
1878,1.0,0.0018543392652645707,9.999999747378752e-05
1879,1.0,0.00018848164472728968,9.999999747378752e-05
1880,1.0,0.00034093362046405673,9.999999747378752e-05
1881,1.0,0.00047770727542228997,9.999999747378752e-05
1882,1.0,0.0004693290393333882,9.999999747378752e-05
1883,1.0,0.0002448722079861909,9.999999747378752e-05
1884,1.0,0.00018191681010648608,9.999999747378752e-05
1885,1.0,0.0001475136523367837,9.999999747378752e-05
1886,1.0,0.0001784212072379887,9.999999747378752e-05
1887,1.0,0.00017176249821204692,9.999999747378752e-05
1888,1.0,0.0002013381599681452,9.999999747378752e-05
1889,1.0,0.002450354862958193,9.999999747378752e-05
1890,1.0,0.000310817122226581,9.999999747378752e-05
1891,1.0,0.0004449784755706787,9.999999747378752e-05
1892,1.0,0.0010133514879271388,9.999999747378752e-05
1893,1.0,0.00027348994626663625,9.999999747378752e-05
1894,1.0,0.00017235236009582877,9.999999747378752e-05
1895,1.0,0.0006502458127215505,9.999999747378752e-05
1896,1.0,0.00017775330343283713,9.999999747378752e-05
1897,1.0,0.00040641214582137764,9.999999747378752e-05
1898,1.0,0.00026257126592099667,9.999999747378752e-05
1899,1.0,0.00016717970720492303,9.999999747378752e-05
1900,1.0,0.0003281781682744622,9.999999747378752e-05
1901,1.0,0.00015425370656885207,9.999999747378752e-05
1902,1.0,0.0003392430953681469,9.999999747378752e-05
1903,1.0,0.0001948215503944084,9.999999747378752e-05
1904,1.0,0.000232776248594746,9.999999747378752e-05
1905,1.0,0.00018596043810248375,9.999999747378752e-05
1906,1.0,0.00032555070356465876,9.999999747378752e-05
1907,1.0,0.0005396284977905452,9.999999747378752e-05
1908,1.0,0.00011395569890737534,9.999999747378752e-05
1909,1.0,0.00012232130393385887,9.999999747378752e-05
1910,1.0,0.0001860808115452528,9.999999747378752e-05
1911,1.0,0.0004893812583759427,9.999999747378752e-05
1912,1.0,0.00012500571028795093,9.999999747378752e-05
1913,1.0,0.0002339640341233462,9.999999747378752e-05
1914,1.0,0.00018835758964996785,9.999999747378752e-05
1915,1.0,0.00035605733864940703,9.999999747378752e-05
1916,1.0,0.00014980181003920734,9.999999747378752e-05
1917,1.0,0.0002445954305585474,9.999999747378752e-05
1918,1.0,0.00022745915339328349,9.999999747378752e-05
1919,1.0,0.0002504649164620787,9.999999747378752e-05
1920,1.0,0.00013922109792474657,9.999999747378752e-05
1921,1.0,0.0002362588420510292,9.999999747378752e-05
1922,1.0,0.0004582700494211167,9.999999747378752e-05
1923,1.0,0.0003271524328738451,9.999999747378752e-05
1924,1.0,0.00011022804392268881,9.999999747378752e-05
1925,1.0,0.0001761708699632436,9.999999747378752e-05
1926,1.0,0.00022667345183435827,9.999999747378752e-05
1927,1.0,0.0001445490779587999,9.999999747378752e-05
1928,1.0,0.00015019714192021638,9.999999747378752e-05
1929,1.0,0.00020911075989715755,9.999999747378752e-05
1930,1.0,0.0005816497723571956,9.999999747378752e-05
1931,1.0,0.0003091293328907341,9.999999747378752e-05
1932,1.0,0.0002924611617345363,9.999999747378752e-05
1933,1.0,0.0002719038166105747,9.999999747378752e-05
1934,1.0,0.00022082251962274313,9.999999747378752e-05
1935,1.0,0.00016544923710171133,9.999999747378752e-05
1936,1.0,0.00014511415793094784,9.999999747378752e-05
1937,1.0,0.000360389007255435,9.999999747378752e-05
1938,1.0,0.00022363633615896106,9.999999747378752e-05
1939,1.0,0.00019438107847236097,9.999999747378752e-05
1940,1.0,0.00017863303946796805,9.999999747378752e-05
1941,1.0,0.00022415372950490564,9.999999747378752e-05
1942,1.0,0.0003226229746360332,9.999999747378752e-05
1943,1.0,0.00019300560234114528,9.999999747378752e-05
1944,1.0,0.00044524899567477405,9.999999747378752e-05
1945,1.0,0.0001499171048635617,9.999999747378752e-05
1946,1.0,0.0004799604357685894,9.999999747378752e-05
1947,1.0,0.0001713163364911452,9.999999747378752e-05
1948,1.0,0.0004070518771186471,9.999999747378752e-05
1949,1.0,0.00029403340886346996,9.999999747378752e-05
1950,1.0,0.00023462915851268917,9.999999747378752e-05
1951,1.0,0.00026150894700549543,9.999999747378752e-05
1952,1.0,0.00011679982708301395,9.999999747378752e-05
1953,1.0,0.00019375636475160718,9.999999747378752e-05
1954,1.0,0.000632832758128643,9.999999747378752e-05
1955,1.0,0.00021444309095386416,9.999999747378752e-05
1956,1.0,0.00015407394676003605,9.999999747378752e-05
1957,1.0,0.0004092751769348979,9.999999747378752e-05
1958,1.0,0.0005179097061045468,9.999999747378752e-05
1959,1.0,0.0004567394789773971,9.999999747378752e-05
1960,1.0,0.0005328182596713305,9.999999747378752e-05
1961,1.0,0.00021879452106077224,9.999999747378752e-05
1962,1.0,0.00012117240112274885,9.999999747378752e-05
1963,1.0,0.0002041111292783171,9.999999747378752e-05
1964,1.0,0.00012179870100226253,9.999999747378752e-05
1965,1.0,0.0002488971804268658,9.999999747378752e-05
1966,1.0,0.00012208169209770858,9.999999747378752e-05
1967,1.0,0.0002027156006079167,9.999999747378752e-05
1968,1.0,0.0001595312642166391,9.999999747378752e-05
1969,1.0,0.00018650878337211907,9.999999747378752e-05
1970,1.0,0.00020420584769453853,9.999999747378752e-05
1971,1.0,0.000245844479650259,9.999999747378752e-05
1972,1.0,0.0004372027760837227,9.999999747378752e-05
1973,1.0,0.0001751927484292537,9.999999747378752e-05
1974,1.0,0.00013743079034611583,9.999999747378752e-05
1975,1.0,0.00032216808176599443,9.999999747378752e-05
1976,1.0,0.00025496678426861763,9.999999747378752e-05
1977,1.0,0.00010534063767408952,9.999999747378752e-05
1978,1.0,0.000454809982329607,9.999999747378752e-05
1979,1.0,0.0003134114667773247,9.999999747378752e-05
1980,1.0,0.00036743536475114524,9.999999747378752e-05
1981,1.0,0.0001726756599964574,9.999999747378752e-05
1982,1.0,0.00015639020421076566,9.999999747378752e-05
1983,1.0,0.0003922589239664376,9.999999747378752e-05
1984,1.0,0.00026287592481821775,9.999999747378752e-05
1985,1.0,0.00014260565512813628,9.999999747378752e-05
1986,1.0,0.00036639513564296067,9.999999747378752e-05
1987,1.0,0.0002049617760349065,9.999999747378752e-05
1988,1.0,0.0002836718922480941,9.999999747378752e-05
1989,1.0,0.00019302632426843047,9.999999747378752e-05
1990,1.0,0.0002448564919177443,9.999999747378752e-05
1991,1.0,0.00016214919742196798,9.999999747378752e-05
1992,1.0,0.0002458531816955656,9.999999747378752e-05
1993,1.0,0.00041843243525363505,9.999999747378752e-05
1994,1.0,0.0002885038556996733,9.999999747378752e-05
1995,1.0,0.00014946390001568943,9.999999747378752e-05
1996,1.0,0.002773576881736517,9.999999747378752e-05
1997,1.0,0.0004934301250614226,9.999999747378752e-05
1998,1.0,0.002325566252693534,9.999999747378752e-05
1999,1.0,0.0008517254609614611,9.999999747378752e-05
