,categorical_accuracy,loss,learning_rate
0,0.3732142746448517,2.2155818939208984,0.0010000000474974513
1,0.699999988079071,1.6938438415527344,0.0010000000474974513
2,0.7946428656578064,1.4048951864242554,0.0010000000474974513
3,0.8660714030265808,1.1466655731201172,0.0010000000474974513
4,0.8839285969734192,0.9661046862602234,0.0010000000474974513
5,0.9125000238418579,0.812690258026123,0.0010000000474974513
6,0.9178571701049805,0.7291080951690674,0.0010000000474974513
7,0.9357143044471741,0.6241223216056824,0.0010000000474974513
8,0.949999988079071,0.5404896140098572,0.0010000000474974513
9,0.9482142925262451,0.46268796920776367,0.0010000000474974513
10,0.9624999761581421,0.40679028630256653,0.0010000000474974513
11,0.9660714268684387,0.3560945689678192,0.0010000000474974513
12,0.9696428775787354,0.3229125440120697,0.0010000000474974513
13,0.9714285731315613,0.29493990540504456,0.0010000000474974513
14,0.9714285731315613,0.2593284845352173,0.0010000000474974513
15,0.9839285612106323,0.23082765936851501,0.0010000000474974513
16,0.9821428656578064,0.2173060178756714,0.0010000000474974513
17,0.9857142567634583,0.20807227492332458,0.0010000000474974513
18,0.9910714030265808,0.16062620282173157,0.0010000000474974513
19,0.987500011920929,0.17159338295459747,0.0010000000474974513
20,0.9928571581840515,0.1385393589735031,0.0010000000474974513
21,0.9946428537368774,0.1280372142791748,0.0010000000474974513
22,0.9982143044471741,0.11331529170274734,0.0010000000474974513
23,0.9946428537368774,0.1032356470823288,0.0010000000474974513
24,0.9946428537368774,0.09616068005561829,0.0010000000474974513
25,0.9982143044471741,0.08378326147794724,0.0010000000474974513
26,0.9964285492897034,0.08309710770845413,0.0010000000474974513
27,0.9982143044471741,0.0852581188082695,0.0010000000474974513
28,1.0,0.07154705375432968,0.0010000000474974513
29,1.0,0.054159898310899734,0.0010000000474974513
30,1.0,0.053074199706315994,0.0010000000474974513
31,0.9982143044471741,0.056918710470199585,0.0010000000474974513
32,0.9910714030265808,0.08561566472053528,0.0010000000474974513
33,0.987500011920929,0.1196170225739479,0.0010000000474974513
34,1.0,0.07118648290634155,0.0010000000474974513
35,1.0,0.04420490935444832,0.0010000000474974513
36,1.0,0.035825446248054504,0.0010000000474974513
37,1.0,0.028161440044641495,0.0010000000474974513
38,0.9982143044471741,0.029705537483096123,0.0010000000474974513
39,1.0,0.029181476682424545,0.0010000000474974513
40,1.0,0.020948370918631554,0.0010000000474974513
41,1.0,0.016565969213843346,0.0010000000474974513
42,1.0,0.020318806171417236,0.0010000000474974513
43,1.0,0.019599899649620056,0.0010000000474974513
44,0.9964285492897034,0.03236984461545944,0.0010000000474974513
45,0.9982143044471741,0.03900318965315819,0.0010000000474974513
46,1.0,0.02203085832297802,0.0010000000474974513
47,1.0,0.015147454105317593,0.0010000000474974513
48,1.0,0.015279884450137615,0.0010000000474974513
49,1.0,0.013859729282557964,0.0010000000474974513
50,1.0,0.014109427109360695,0.0010000000474974513
51,1.0,0.012468571774661541,0.0010000000474974513
52,1.0,0.014170675538480282,0.0010000000474974513
53,1.0,0.009891096502542496,0.0010000000474974513
54,1.0,0.010255919769406319,0.0010000000474974513
55,1.0,0.011220455169677734,0.0010000000474974513
56,1.0,0.008727869018912315,0.0010000000474974513
57,1.0,0.008279259316623211,0.0010000000474974513
58,0.9982143044471741,0.01123680267482996,0.0010000000474974513
59,0.9839285612106323,0.11447235196828842,0.0010000000474974513
60,0.9964285492897034,0.06614956259727478,0.0010000000474974513
61,1.0,0.030601369217038155,0.0010000000474974513
62,1.0,0.015928223729133606,0.0010000000474974513
63,1.0,0.010813253000378609,0.0010000000474974513
64,0.9982143044471741,0.0126705477014184,0.0010000000474974513
65,1.0,0.019811449572443962,0.0010000000474974513
66,0.9982143044471741,0.016200890764594078,0.0010000000474974513
67,1.0,0.008864006958901882,0.0010000000474974513
68,1.0,0.007799405604600906,0.0010000000474974513
69,1.0,0.0056097861379384995,0.0010000000474974513
70,1.0,0.004656094592064619,0.0010000000474974513
71,1.0,0.005743402987718582,0.0010000000474974513
72,1.0,0.00783509947359562,0.0010000000474974513
73,1.0,0.005681494250893593,0.0010000000474974513
74,1.0,0.004676816053688526,0.0010000000474974513
75,1.0,0.004474250134080648,0.0010000000474974513
76,1.0,0.004076012875884771,0.0010000000474974513
77,1.0,0.0035582093987613916,0.0010000000474974513
78,1.0,0.003554672934114933,0.0010000000474974513
79,1.0,0.003468484617769718,0.0010000000474974513
80,1.0,0.0029177989345043898,0.0010000000474974513
81,1.0,0.00320266792550683,0.0010000000474974513
82,1.0,0.0028351685032248497,0.0010000000474974513
83,1.0,0.0032147676683962345,0.0010000000474974513
84,1.0,0.0028912904672324657,0.0010000000474974513
85,1.0,0.002243172377347946,0.0010000000474974513
86,1.0,0.002713580382987857,0.0010000000474974513
87,1.0,0.00373309338465333,0.0010000000474974513
88,0.9892857074737549,0.08059611916542053,0.0010000000474974513
89,0.9857142567634583,0.07851134985685349,0.0010000000474974513
90,0.987500011920929,0.08807840198278427,0.0010000000474974513
91,0.9946428537368774,0.04565878584980965,0.0010000000474974513
92,1.0,0.033372193574905396,0.0010000000474974513
93,0.9982143044471741,0.017858659848570824,0.0010000000474974513
94,1.0,0.006464833859354258,0.0010000000474974513
95,1.0,0.005283199716359377,0.0010000000474974513
96,1.0,0.0037901129107922316,0.0010000000474974513
97,1.0,0.004215409513562918,0.0010000000474974513
98,1.0,0.0031715172808617353,0.0010000000474974513
99,1.0,0.003411001292988658,0.0010000000474974513
100,1.0,0.002646272536367178,0.0010000000474974513
101,1.0,0.0024441974237561226,0.0010000000474974513
102,1.0,0.0029316183645278215,0.0010000000474974513
103,1.0,0.002111058682203293,0.0010000000474974513
104,1.0,0.0019131097942590714,0.0010000000474974513
105,1.0,0.002409029984846711,0.0010000000474974513
106,1.0,0.002726414240896702,0.0010000000474974513
107,1.0,0.002232949947938323,0.0010000000474974513
108,1.0,0.001972364727407694,0.0010000000474974513
109,1.0,0.0017770215636119246,0.0010000000474974513
110,1.0,0.0013372175162658095,0.0010000000474974513
111,1.0,0.0016506658867001534,0.0010000000474974513
112,1.0,0.0013633857015520334,0.0010000000474974513
113,1.0,0.001086123287677765,0.0010000000474974513
114,1.0,0.0011843633837997913,0.0010000000474974513
115,1.0,0.0012938580475747585,0.0010000000474974513
116,1.0,0.0012344721471890807,0.0010000000474974513
117,1.0,0.0017471699975430965,0.0010000000474974513
118,1.0,0.0012838785769417882,0.0010000000474974513
119,1.0,0.001528016640804708,0.0010000000474974513
120,1.0,0.001210758462548256,0.0010000000474974513
121,1.0,0.0012799458345398307,0.0010000000474974513
122,1.0,0.0008917176746763289,0.0010000000474974513
123,1.0,0.0010140702361240983,0.0010000000474974513
124,1.0,0.0011553647927939892,0.0010000000474974513
125,1.0,0.0009807684691622853,0.0010000000474974513
126,1.0,0.0009803486755117774,0.0010000000474974513
127,1.0,0.0009419980924576521,0.0010000000474974513
128,1.0,0.0007969861617311835,0.0010000000474974513
129,1.0,0.0007432503043673933,0.0010000000474974513
130,1.0,0.0008809142163954675,0.0010000000474974513
131,1.0,0.000754750391934067,0.0010000000474974513
132,1.0,0.0010148499859496951,0.0010000000474974513
133,1.0,0.0007570750312879682,0.0010000000474974513
134,1.0,0.0008041399414651096,0.0010000000474974513
135,1.0,0.0009493685211054981,0.0010000000474974513
136,1.0,0.0014171730726957321,0.0010000000474974513
137,1.0,0.0008939587860368192,0.0010000000474974513
138,1.0,0.0014943212736397982,0.0010000000474974513
139,0.9839285612106323,0.060044821351766586,0.0010000000474974513
140,0.9214285612106323,0.3241887092590332,0.0010000000474974513
141,0.9803571701049805,0.10546483844518661,0.0010000000474974513
142,0.9928571581840515,0.04875332489609718,0.0010000000474974513
143,1.0,0.026289984583854675,0.0010000000474974513
144,1.0,0.011050106957554817,0.0010000000474974513
145,1.0,0.0065310243517160416,0.0010000000474974513
146,1.0,0.006895022001117468,0.0010000000474974513
147,1.0,0.004806178156286478,0.0010000000474974513
148,1.0,0.004905398469418287,0.0010000000474974513
149,1.0,0.0038082434330135584,0.0010000000474974513
150,1.0,0.005568146239966154,0.0010000000474974513
151,1.0,0.004824930801987648,0.0010000000474974513
152,1.0,0.005101659335196018,0.0010000000474974513
153,1.0,0.0027945791371166706,0.0010000000474974513
154,1.0,0.004141243174672127,0.0010000000474974513
155,1.0,0.002570092910900712,0.0010000000474974513
156,1.0,0.0022988838609308004,0.0010000000474974513
157,1.0,0.0024205490481108427,0.0010000000474974513
158,1.0,0.0021086607594043016,0.0010000000474974513
159,1.0,0.0014360561035573483,0.0010000000474974513
160,1.0,0.0016906211385503411,0.0010000000474974513
161,1.0,0.001266957144252956,0.0010000000474974513
162,1.0,0.0017329241381958127,0.0010000000474974513
163,1.0,0.0017415261827409267,0.0010000000474974513
164,1.0,0.001848122221417725,0.0010000000474974513
165,1.0,0.0012548062950372696,0.0010000000474974513
166,1.0,0.001244393177330494,0.0010000000474974513
167,1.0,0.001005582744255662,0.0010000000474974513
168,1.0,0.0011917586671188474,0.0010000000474974513
169,1.0,0.0011780794011428952,0.0010000000474974513
170,1.0,0.0009690722217783332,0.0010000000474974513
171,1.0,0.0015000938437879086,0.0010000000474974513
172,1.0,0.0011039908276870847,0.0010000000474974513
173,1.0,0.0008961156127043068,0.0010000000474974513
174,1.0,0.001277359202504158,0.0010000000474974513
175,1.0,0.0009706084383651614,0.0010000000474974513
176,1.0,0.0009943420300260186,0.0010000000474974513
177,1.0,0.0013338952558115125,0.0010000000474974513
178,1.0,0.0010248220060020685,0.0010000000474974513
179,1.0,0.0011682637268677354,0.0010000000474974513
180,1.0,0.0009676177869550884,0.0005000000237487257
181,1.0,0.0009806532179936767,0.0005000000237487257
182,1.0,0.0007821692852303386,0.0005000000237487257
183,1.0,0.0008267652592621744,0.0005000000237487257
184,1.0,0.0008514938526786864,0.0005000000237487257
185,1.0,0.0007692003855481744,0.0005000000237487257
186,1.0,0.0005808555288240314,0.0005000000237487257
187,1.0,0.001108905184082687,0.0005000000237487257
188,1.0,0.00078058079816401,0.0005000000237487257
189,1.0,0.0007178302621468902,0.0005000000237487257
190,1.0,0.0007504112436436117,0.0005000000237487257
191,1.0,0.0007347430801019073,0.0005000000237487257
192,1.0,0.0005841598613187671,0.0005000000237487257
193,1.0,0.0009375488152727485,0.0005000000237487257
194,1.0,0.0008865078561939299,0.0005000000237487257
195,1.0,0.0006414807867258787,0.0005000000237487257
196,1.0,0.0006859856657683849,0.0005000000237487257
197,1.0,0.0005644354969263077,0.0005000000237487257
198,1.0,0.0006004094611853361,0.0005000000237487257
199,1.0,0.0008594983955845237,0.0005000000237487257
200,1.0,0.0006738301017321646,0.0005000000237487257
201,1.0,0.0004986638086847961,0.0005000000237487257
202,1.0,0.0006648308481089771,0.0005000000237487257
203,1.0,0.0008729177643544972,0.0005000000237487257
204,1.0,0.0005177746643312275,0.0005000000237487257
205,1.0,0.0006065821507945657,0.0005000000237487257
206,1.0,0.0006763680139556527,0.0005000000237487257
207,1.0,0.0006157810566946864,0.0005000000237487257
208,1.0,0.0007181947585195303,0.0005000000237487257
209,1.0,0.0006196142639964819,0.0005000000237487257
210,1.0,0.0005890994798392057,0.0005000000237487257
211,1.0,0.0005789336282759905,0.0005000000237487257
212,1.0,0.00040630833245813847,0.0005000000237487257
213,1.0,0.0005537884426303208,0.0005000000237487257
214,1.0,0.0004973043687641621,0.0005000000237487257
215,1.0,0.00042654393473640084,0.0005000000237487257
216,1.0,0.0004798451845999807,0.0005000000237487257
217,1.0,0.0005010780296288431,0.0005000000237487257
218,1.0,0.0005733123398385942,0.0005000000237487257
219,1.0,0.0004585535789374262,0.0005000000237487257
220,1.0,0.0004249605117365718,0.0005000000237487257
221,1.0,0.000629873073194176,0.0005000000237487257
222,1.0,0.00042549960198812187,0.0005000000237487257
223,1.0,0.0007423576898872852,0.0005000000237487257
224,1.0,0.0005136137478984892,0.0005000000237487257
225,1.0,0.0006218509515747428,0.0005000000237487257
226,1.0,0.0006612178985960782,0.0005000000237487257
227,1.0,0.000925377244129777,0.0005000000237487257
228,1.0,0.0009057922288775444,0.0005000000237487257
229,1.0,0.000633985095191747,0.0005000000237487257
230,1.0,0.00043316514347679913,0.0005000000237487257
231,1.0,0.0003354427171871066,0.0005000000237487257
232,1.0,0.0007718966226093471,0.0005000000237487257
233,1.0,0.0005053193890489638,0.0005000000237487257
234,1.0,0.00044489139690995216,0.0005000000237487257
235,1.0,0.0004110673617105931,0.0005000000237487257
236,1.0,0.0003617472539190203,0.0005000000237487257
237,1.0,0.00042829837184399366,0.0005000000237487257
238,1.0,0.0002774206514004618,0.0005000000237487257
239,1.0,0.00031920880428515375,0.0005000000237487257
240,1.0,0.00034997594775632024,0.0005000000237487257
241,1.0,0.0003175818710587919,0.0005000000237487257
242,1.0,0.00030950820655561984,0.0005000000237487257
243,1.0,0.000440345291281119,0.0005000000237487257
244,1.0,0.00031649909215047956,0.0005000000237487257
245,1.0,0.0003719237574841827,0.0005000000237487257
246,1.0,0.000618388585280627,0.0005000000237487257
247,1.0,0.0012759949313476682,0.0005000000237487257
248,0.9928571581840515,0.03976709768176079,0.0005000000237487257
249,0.9767857193946838,0.10845643281936646,0.0005000000237487257
250,0.9928571581840515,0.05102915316820145,0.0005000000237487257
251,1.0,0.012541297823190689,0.0005000000237487257
252,1.0,0.006507265381515026,0.0005000000237487257
253,1.0,0.004216182045638561,0.0005000000237487257
254,1.0,0.0029136361554265022,0.0005000000237487257
255,1.0,0.002125333296135068,0.0005000000237487257
256,1.0,0.002077648416161537,0.0005000000237487257
257,1.0,0.0013913731090724468,0.0005000000237487257
258,1.0,0.0013345121406018734,0.0005000000237487257
259,1.0,0.0012964140623807907,0.0005000000237487257
260,1.0,0.0014808917185291648,0.0005000000237487257
261,1.0,0.0011704713106155396,0.0005000000237487257
262,1.0,0.0016359792789444327,0.0005000000237487257
263,1.0,0.0013578386278823018,0.0005000000237487257
264,1.0,0.0014104206347838044,0.0005000000237487257
265,1.0,0.0009247776470147073,0.0005000000237487257
266,1.0,0.0009311583708040416,0.0005000000237487257
267,1.0,0.001192491501569748,0.0005000000237487257
268,1.0,0.0009212609729729593,0.0005000000237487257
269,1.0,0.0007063396624289453,0.0005000000237487257
270,1.0,0.0009527061483822763,0.0005000000237487257
271,1.0,0.0007410772959701717,0.0005000000237487257
272,1.0,0.0010757497511804104,0.0005000000237487257
273,1.0,0.001088297925889492,0.0005000000237487257
274,1.0,0.0011898134835064411,0.0005000000237487257
275,1.0,0.0010005582589656115,0.0005000000237487257
276,1.0,0.0007885248051024973,0.0005000000237487257
277,1.0,0.0005885844002477825,0.0005000000237487257
278,1.0,0.0005033925990574062,0.0005000000237487257
279,1.0,0.0005000776727683842,0.0005000000237487257
280,1.0,0.0006157202878966928,0.0005000000237487257
281,1.0,0.0005509107140824199,0.0005000000237487257
282,1.0,0.0008233010885305703,0.0005000000237487257
283,1.0,0.000655348296277225,0.0005000000237487257
284,1.0,0.00047160079702734947,0.0005000000237487257
285,1.0,0.0006028206553310156,0.0005000000237487257
286,1.0,0.0006113321869634092,0.0005000000237487257
287,1.0,0.000523932627402246,0.0005000000237487257
288,1.0,0.000417794770328328,0.0005000000237487257
289,1.0,0.00036355166230350733,0.0002500000118743628
290,1.0,0.0006455552647821605,0.0002500000118743628
291,1.0,0.0004908178234472871,0.0002500000118743628
292,1.0,0.0005018071969971061,0.0002500000118743628
293,1.0,0.0004161286342423409,0.0002500000118743628
294,1.0,0.0008609986398369074,0.0002500000118743628
295,1.0,0.00043354512308724225,0.0002500000118743628
296,1.0,0.0003634868480730802,0.0002500000118743628
297,1.0,0.000332938099745661,0.0002500000118743628
298,1.0,0.0014980125706642866,0.0002500000118743628
299,1.0,0.0010976423509418964,0.0002500000118743628
300,1.0,0.00061539385933429,0.0002500000118743628
301,1.0,0.0005177872371859848,0.0002500000118743628
302,1.0,0.0006022715242579579,0.0002500000118743628
303,1.0,0.00040446381899528205,0.0002500000118743628
304,1.0,0.0003692172176670283,0.0002500000118743628
305,1.0,0.00035992934135720134,0.0002500000118743628
306,1.0,0.0004504795651882887,0.0002500000118743628
307,1.0,0.0003386535681784153,0.0002500000118743628
308,1.0,0.000384507846320048,0.0002500000118743628
309,1.0,0.00033921265276148915,0.0002500000118743628
310,1.0,0.0003310774336569011,0.0002500000118743628
311,1.0,0.0003394160303287208,0.0002500000118743628
312,1.0,0.00030061055440455675,0.0002500000118743628
313,1.0,0.0002890251053031534,0.0002500000118743628
314,1.0,0.0004150697495788336,0.0002500000118743628
315,1.0,0.0003451189259067178,0.0002500000118743628
316,1.0,0.0002844992559403181,0.0002500000118743628
317,1.0,0.00037941010668873787,0.0002500000118743628
318,1.0,0.0003594142908696085,0.0002500000118743628
319,1.0,0.0003619777562562376,0.0002500000118743628
320,1.0,0.0004403850471135229,0.0002500000118743628
321,1.0,0.000371245521819219,0.0002500000118743628
322,1.0,0.00026566648739390075,0.0002500000118743628
323,1.0,0.00036378990625962615,0.0002500000118743628
324,1.0,0.0003705562266986817,0.0002500000118743628
325,1.0,0.00024217955069616437,0.0002500000118743628
326,1.0,0.00035419734194874763,0.0002500000118743628
327,1.0,0.0003322855045553297,0.0002500000118743628
328,1.0,0.000376084353774786,0.0002500000118743628
329,1.0,0.00040353694930672646,0.0002500000118743628
330,1.0,0.00027428462635725737,0.0002500000118743628
331,1.0,0.0004401378973852843,0.0002500000118743628
332,1.0,0.0003966383810620755,0.0002500000118743628
333,1.0,0.0004637691017705947,0.0002500000118743628
334,1.0,0.0002706889936234802,0.0002500000118743628
335,1.0,0.0002762500662356615,0.0002500000118743628
336,1.0,0.0002768315898720175,0.0002500000118743628
337,1.0,0.0002260010369354859,0.0002500000118743628
338,1.0,0.00021613601711578667,0.0002500000118743628
339,1.0,0.0001976062631001696,0.0001250000059371814
340,1.0,0.00021216706954874098,0.0001250000059371814
341,1.0,0.00024229221162386239,0.0001250000059371814
342,1.0,0.00018136826111003757,0.0001250000059371814
343,1.0,0.0001993714686250314,0.0001250000059371814
344,1.0,0.0002850346209015697,0.0001250000059371814
345,1.0,0.0003484772169031203,0.0001250000059371814
346,1.0,0.00023196778784040362,0.0001250000059371814
347,1.0,0.00021272724552545696,0.0001250000059371814
348,1.0,0.00021700627985410392,0.0001250000059371814
349,1.0,0.00022569937573280185,0.0001250000059371814
350,1.0,0.00033059026463888586,0.0001250000059371814
351,1.0,0.00021993278642185032,0.0001250000059371814
352,1.0,0.00018525775521993637,0.0001250000059371814
353,1.0,0.00020878476789221168,0.0001250000059371814
354,1.0,0.00024233471776824445,0.0001250000059371814
355,1.0,0.0002920511760748923,0.0001250000059371814
356,1.0,0.000224620322114788,0.0001250000059371814
357,1.0,0.0003282137622591108,0.0001250000059371814
358,1.0,0.00022284190345089883,0.0001250000059371814
359,1.0,0.0003147241659462452,0.0001250000059371814
360,1.0,0.0001572201435919851,0.0001250000059371814
361,1.0,0.0003244496474508196,0.0001250000059371814
362,1.0,0.00031986055546440184,0.0001250000059371814
363,1.0,0.0001744800974847749,0.0001250000059371814
364,1.0,0.00012785583385266364,0.0001250000059371814
365,1.0,0.00029309335513971746,0.0001250000059371814
366,1.0,0.0001715823746053502,0.0001250000059371814
367,1.0,0.0002189801452914253,0.0001250000059371814
368,1.0,0.00022669676400255412,0.0001250000059371814
369,1.0,0.00023594610684085637,0.0001250000059371814
370,1.0,0.00022287781757768244,0.0001250000059371814
371,1.0,0.0002517779066693038,0.0001250000059371814
372,1.0,0.0001506303669884801,0.0001250000059371814
373,1.0,0.00017361118807457387,0.0001250000059371814
374,1.0,0.00021726457634940743,0.0001250000059371814
375,1.0,0.00017268631199840456,0.0001250000059371814
376,1.0,0.00019219456589780748,0.0001250000059371814
377,1.0,0.00019854721904266626,0.0001250000059371814
378,1.0,0.00017838276107795537,0.0001250000059371814
379,1.0,0.0001669661869527772,0.0001250000059371814
380,1.0,0.0002578577259555459,0.0001250000059371814
381,1.0,0.0001705992326606065,0.0001250000059371814
382,1.0,0.0001858914183685556,0.0001250000059371814
383,1.0,0.00027652038261294365,0.0001250000059371814
384,1.0,0.00015923642786219716,0.0001250000059371814
385,1.0,0.00020789280824828893,0.0001250000059371814
386,1.0,0.0001620870316401124,0.0001250000059371814
387,1.0,0.00020179827697575092,0.0001250000059371814
388,1.0,0.00022545961837749928,0.0001250000059371814
389,1.0,0.00017720127652864903,0.0001250000059371814
390,1.0,0.00015397011884488165,0.0001250000059371814
391,1.0,0.000179217619006522,0.0001250000059371814
392,1.0,0.00017893702897708863,0.0001250000059371814
393,1.0,0.00021020133863203228,0.0001250000059371814
394,1.0,0.0001628039899514988,0.0001250000059371814
395,1.0,0.00022055058798287064,0.0001250000059371814
396,1.0,0.00023862783564254642,0.0001250000059371814
397,1.0,0.0002164048346458003,0.0001250000059371814
398,1.0,0.00018055074906442314,0.0001250000059371814
399,1.0,0.0001438491599401459,0.0001250000059371814
400,1.0,0.0001158031664090231,0.0001250000059371814
401,1.0,0.00020038905495312065,0.0001250000059371814
402,1.0,0.00021534095867536962,0.0001250000059371814
403,1.0,0.00014536913658957928,0.0001250000059371814
404,1.0,0.00016441810294054449,0.0001250000059371814
405,1.0,0.00012474515824578702,0.0001250000059371814
406,1.0,0.0001586235739523545,0.0001250000059371814
407,1.0,0.00013562609092332423,0.0001250000059371814
408,1.0,0.00014286681835073978,0.0001250000059371814
409,1.0,0.00016066395619418472,0.0001250000059371814
410,1.0,0.00012239521311130375,0.0001250000059371814
411,1.0,0.00012749302550219,9.999999747378752e-05
412,1.0,0.0002047706802841276,9.999999747378752e-05
413,1.0,0.00016368266369681805,9.999999747378752e-05
414,1.0,0.00012133609561715275,9.999999747378752e-05
415,1.0,0.00011753186117857695,9.999999747378752e-05
416,1.0,0.00017185766773764044,9.999999747378752e-05
417,1.0,0.00014339180779643357,9.999999747378752e-05
418,1.0,0.00012678057828452438,9.999999747378752e-05
419,1.0,0.0001225511950906366,9.999999747378752e-05
420,1.0,9.19082885957323e-05,9.999999747378752e-05
421,1.0,0.00019558894564397633,9.999999747378752e-05
422,1.0,0.0001301410375162959,9.999999747378752e-05
423,1.0,0.0001289145729970187,9.999999747378752e-05
424,1.0,0.00016783153114374727,9.999999747378752e-05
425,1.0,0.00014039695088285953,9.999999747378752e-05
426,1.0,0.00016069033881649375,9.999999747378752e-05
427,1.0,0.00010654326615622267,9.999999747378752e-05
428,1.0,0.00012008784688077867,9.999999747378752e-05
429,1.0,0.00015476401313208044,9.999999747378752e-05
430,1.0,0.00018447139882482588,9.999999747378752e-05
431,1.0,0.00011899101082235575,9.999999747378752e-05
432,1.0,0.0001568198058521375,9.999999747378752e-05
433,1.0,0.0002166011108784005,9.999999747378752e-05
434,1.0,0.00013952190056443214,9.999999747378752e-05
435,1.0,9.443634189665318e-05,9.999999747378752e-05
436,1.0,0.00011416438064770773,9.999999747378752e-05
437,1.0,0.00013927012332715094,9.999999747378752e-05
438,1.0,0.00012220651842653751,9.999999747378752e-05
439,1.0,0.00014473829651251435,9.999999747378752e-05
440,1.0,0.00027550262166187167,9.999999747378752e-05
441,1.0,0.0001484118984080851,9.999999747378752e-05
442,1.0,0.00011534977238625288,9.999999747378752e-05
443,1.0,0.00011577974510146305,9.999999747378752e-05
444,1.0,0.00016150328156072646,9.999999747378752e-05
445,1.0,0.00010698899131966755,9.999999747378752e-05
446,1.0,7.184932474046946e-05,9.999999747378752e-05
447,1.0,0.00010147292778128758,9.999999747378752e-05
448,1.0,0.0001122383400797844,9.999999747378752e-05
449,1.0,0.00015223660739138722,9.999999747378752e-05
450,1.0,0.00016771112859714776,9.999999747378752e-05
451,1.0,0.00010919963824562728,9.999999747378752e-05
452,1.0,0.0001118002473958768,9.999999747378752e-05
453,1.0,0.0001099918590625748,9.999999747378752e-05
454,1.0,0.0001107294374378398,9.999999747378752e-05
455,1.0,8.636631537228823e-05,9.999999747378752e-05
456,1.0,0.00016212454647757113,9.999999747378752e-05
457,1.0,0.0001446525420760736,9.999999747378752e-05
458,1.0,9.81424018391408e-05,9.999999747378752e-05
459,1.0,8.884208364179358e-05,9.999999747378752e-05
460,1.0,7.970741717144847e-05,9.999999747378752e-05
461,1.0,0.0001146500653703697,9.999999747378752e-05
462,1.0,0.0008068921742960811,9.999999747378752e-05
463,1.0,0.0008999053970910609,9.999999747378752e-05
464,1.0,0.000249364209594205,9.999999747378752e-05
465,1.0,0.00032834874582476914,9.999999747378752e-05
466,1.0,0.0001594050700077787,9.999999747378752e-05
467,1.0,0.00012756850628647953,9.999999747378752e-05
468,1.0,0.00016941277135629207,9.999999747378752e-05
469,1.0,0.00013988021237310022,9.999999747378752e-05
470,1.0,0.00012357479135971516,9.999999747378752e-05
471,1.0,0.00011496303341118619,9.999999747378752e-05
472,1.0,0.00010903185466304421,9.999999747378752e-05
473,1.0,8.17169711808674e-05,9.999999747378752e-05
474,1.0,0.0001198635800392367,9.999999747378752e-05
475,1.0,9.265357221011072e-05,9.999999747378752e-05
476,1.0,8.494529902236536e-05,9.999999747378752e-05
477,1.0,9.521387983113527e-05,9.999999747378752e-05
478,1.0,7.703978917561471e-05,9.999999747378752e-05
479,1.0,0.00014924460265319794,9.999999747378752e-05
480,1.0,0.00013842723274137825,9.999999747378752e-05
481,1.0,0.00011493398778839037,9.999999747378752e-05
482,1.0,8.310043631354347e-05,9.999999747378752e-05
483,1.0,6.281834794208407e-05,9.999999747378752e-05
484,1.0,8.773073204793036e-05,9.999999747378752e-05
485,1.0,6.633550219703466e-05,9.999999747378752e-05
486,1.0,0.0001137297585955821,9.999999747378752e-05
487,1.0,8.665984933031723e-05,9.999999747378752e-05
488,1.0,0.00010594964260235429,9.999999747378752e-05
489,1.0,8.016850188141689e-05,9.999999747378752e-05
490,1.0,0.0001324523036601022,9.999999747378752e-05
491,1.0,0.00010978646605508402,9.999999747378752e-05
492,1.0,0.00011308756074868143,9.999999747378752e-05
493,1.0,7.929417188279331e-05,9.999999747378752e-05
494,1.0,6.601800123462453e-05,9.999999747378752e-05
495,1.0,8.188109495677054e-05,9.999999747378752e-05
496,1.0,8.327714749611914e-05,9.999999747378752e-05
497,1.0,0.0001171261101262644,9.999999747378752e-05
498,1.0,7.563934195786715e-05,9.999999747378752e-05
499,1.0,6.806524470448494e-05,9.999999747378752e-05
500,1.0,8.522172720404342e-05,9.999999747378752e-05
501,1.0,7.887199171818793e-05,9.999999747378752e-05
502,1.0,8.801521471468732e-05,9.999999747378752e-05
503,1.0,7.329109939746559e-05,9.999999747378752e-05
504,1.0,7.17770162736997e-05,9.999999747378752e-05
505,1.0,9.78019306785427e-05,9.999999747378752e-05
506,1.0,8.722543861949816e-05,9.999999747378752e-05
507,1.0,6.004532042425126e-05,9.999999747378752e-05
508,1.0,0.00010927805124083534,9.999999747378752e-05
509,1.0,8.68682618602179e-05,9.999999747378752e-05
510,1.0,5.374263855628669e-05,9.999999747378752e-05
511,1.0,0.00011763157817767933,9.999999747378752e-05
512,1.0,0.00011594010720727965,9.999999747378752e-05
513,1.0,7.760928565403447e-05,9.999999747378752e-05
514,1.0,7.954244210850447e-05,9.999999747378752e-05
515,1.0,9.653665620135143e-05,9.999999747378752e-05
516,1.0,0.00012184896331746131,9.999999747378752e-05
517,1.0,7.199429819593206e-05,9.999999747378752e-05
518,1.0,0.0001178331658593379,9.999999747378752e-05
519,1.0,5.3960353397997096e-05,9.999999747378752e-05
520,1.0,7.345969061134383e-05,9.999999747378752e-05
521,1.0,5.715059523936361e-05,9.999999747378752e-05
522,1.0,5.416151907411404e-05,9.999999747378752e-05
523,1.0,4.32821070717182e-05,9.999999747378752e-05
524,1.0,4.664279185817577e-05,9.999999747378752e-05
525,1.0,6.210488936631009e-05,9.999999747378752e-05
526,1.0,7.678350084461272e-05,9.999999747378752e-05
527,1.0,6.938086153240874e-05,9.999999747378752e-05
528,1.0,5.3390220273286104e-05,9.999999747378752e-05
529,1.0,8.293763676192611e-05,9.999999747378752e-05
530,1.0,0.00010497662879060954,9.999999747378752e-05
531,1.0,0.00010341548477299511,9.999999747378752e-05
532,1.0,5.690086254617199e-05,9.999999747378752e-05
533,1.0,5.9351750678615645e-05,9.999999747378752e-05
534,1.0,5.719679029425606e-05,9.999999747378752e-05
535,1.0,6.0479262174339965e-05,9.999999747378752e-05
536,1.0,4.5324337406782433e-05,9.999999747378752e-05
537,1.0,7.059521885821596e-05,9.999999747378752e-05
538,1.0,6.469956133514643e-05,9.999999747378752e-05
539,1.0,5.657331712427549e-05,9.999999747378752e-05
540,1.0,4.4637119572144e-05,9.999999747378752e-05
541,1.0,4.550693847704679e-05,9.999999747378752e-05
542,1.0,8.54174722917378e-05,9.999999747378752e-05
543,1.0,9.496543498244137e-05,9.999999747378752e-05
544,1.0,6.375704106176272e-05,9.999999747378752e-05
545,1.0,5.4869884479558095e-05,9.999999747378752e-05
546,1.0,4.879960761172697e-05,9.999999747378752e-05
547,1.0,4.765149060403928e-05,9.999999747378752e-05
548,1.0,6.69912769808434e-05,9.999999747378752e-05
549,1.0,4.770803570863791e-05,9.999999747378752e-05
550,1.0,4.886873284704052e-05,9.999999747378752e-05
551,1.0,4.027630347991362e-05,9.999999747378752e-05
552,1.0,5.8983823691960424e-05,9.999999747378752e-05
553,1.0,7.072438165778294e-05,9.999999747378752e-05
554,1.0,5.4024450946599245e-05,9.999999747378752e-05
555,1.0,4.1231036448152736e-05,9.999999747378752e-05
556,1.0,4.592073310050182e-05,9.999999747378752e-05
557,1.0,4.0720642573433e-05,9.999999747378752e-05
558,1.0,6.807185127399862e-05,9.999999747378752e-05
559,1.0,5.78708277316764e-05,9.999999747378752e-05
560,1.0,7.793545228196308e-05,9.999999747378752e-05
561,1.0,3.578360701794736e-05,9.999999747378752e-05
562,1.0,4.4641619751928374e-05,9.999999747378752e-05
563,1.0,4.813556734006852e-05,9.999999747378752e-05
564,1.0,3.069536614930257e-05,9.999999747378752e-05
565,1.0,3.646677214419469e-05,9.999999747378752e-05
566,1.0,5.568515553022735e-05,9.999999747378752e-05
567,1.0,6.288719305302948e-05,9.999999747378752e-05
568,1.0,4.408983659232035e-05,9.999999747378752e-05
569,1.0,5.1208946388214827e-05,9.999999747378752e-05
570,1.0,5.682865230483003e-05,9.999999747378752e-05
571,1.0,5.582775338552892e-05,9.999999747378752e-05
572,1.0,5.528842666535638e-05,9.999999747378752e-05
573,1.0,4.003761932835914e-05,9.999999747378752e-05
574,1.0,6.209800631040707e-05,9.999999747378752e-05
575,1.0,3.966407894040458e-05,9.999999747378752e-05
576,1.0,3.5131182812619954e-05,9.999999747378752e-05
577,1.0,4.948955029249191e-05,9.999999747378752e-05
578,1.0,6.273060716921464e-05,9.999999747378752e-05
579,1.0,3.8905600376892835e-05,9.999999747378752e-05
580,1.0,8.913221245165914e-05,9.999999747378752e-05
581,1.0,0.00040832647937349975,9.999999747378752e-05
582,1.0,0.00014513428322970867,9.999999747378752e-05
583,1.0,0.00011429885489633307,9.999999747378752e-05
584,1.0,7.832096162019297e-05,9.999999747378752e-05
585,1.0,8.547196921426803e-05,9.999999747378752e-05
586,1.0,6.642455264227465e-05,9.999999747378752e-05
587,1.0,3.407068652450107e-05,9.999999747378752e-05
588,1.0,7.116766209946945e-05,9.999999747378752e-05
589,1.0,0.0001137770595960319,9.999999747378752e-05
590,1.0,6.543910421896726e-05,9.999999747378752e-05
591,1.0,8.744985098019242e-05,9.999999747378752e-05
592,1.0,8.758041803957894e-05,9.999999747378752e-05
593,1.0,5.638101720251143e-05,9.999999747378752e-05
594,1.0,8.010851161088794e-05,9.999999747378752e-05
595,1.0,6.729007873218507e-05,9.999999747378752e-05
596,1.0,5.667332516168244e-05,9.999999747378752e-05
597,1.0,4.051714495290071e-05,9.999999747378752e-05
598,1.0,3.444937101448886e-05,9.999999747378752e-05
599,1.0,3.086394281126559e-05,9.999999747378752e-05
600,1.0,4.507328412728384e-05,9.999999747378752e-05
601,1.0,3.528442539391108e-05,9.999999747378752e-05
602,1.0,3.502435720292851e-05,9.999999747378752e-05
603,1.0,2.812863931467291e-05,9.999999747378752e-05
604,1.0,3.6363082472234964e-05,9.999999747378752e-05
605,1.0,2.908663373091258e-05,9.999999747378752e-05
606,1.0,3.9432805351680145e-05,9.999999747378752e-05
607,1.0,4.218424510327168e-05,9.999999747378752e-05
608,1.0,2.973144182760734e-05,9.999999747378752e-05
609,1.0,2.6557718229014426e-05,9.999999747378752e-05
610,1.0,2.386817504884675e-05,9.999999747378752e-05
611,1.0,4.273985905456357e-05,9.999999747378752e-05
612,1.0,2.7014473744202405e-05,9.999999747378752e-05
613,1.0,3.10042014461942e-05,9.999999747378752e-05
614,1.0,3.241197919123806e-05,9.999999747378752e-05
615,1.0,3.3487434848211706e-05,9.999999747378752e-05
616,1.0,2.413812035229057e-05,9.999999747378752e-05
617,1.0,2.8857928555225953e-05,9.999999747378752e-05
618,1.0,3.984571958426386e-05,9.999999747378752e-05
619,1.0,4.852293204749003e-05,9.999999747378752e-05
620,1.0,5.717594103771262e-05,9.999999747378752e-05
621,1.0,3.905244739144109e-05,9.999999747378752e-05
622,1.0,2.409605440334417e-05,9.999999747378752e-05
623,1.0,2.5913150238920934e-05,9.999999747378752e-05
624,1.0,3.4746579331113026e-05,9.999999747378752e-05
625,1.0,3.500654565868899e-05,9.999999747378752e-05
626,1.0,4.1861014324240386e-05,9.999999747378752e-05
627,1.0,2.6358547984273173e-05,9.999999747378752e-05
628,1.0,4.0424831240670756e-05,9.999999747378752e-05
629,1.0,2.5252707928302698e-05,9.999999747378752e-05
630,1.0,2.1707010091631673e-05,9.999999747378752e-05
631,1.0,1.8407617972115986e-05,9.999999747378752e-05
632,1.0,2.5488778192084283e-05,9.999999747378752e-05
633,1.0,2.343038795515895e-05,9.999999747378752e-05
634,1.0,2.477163798175752e-05,9.999999747378752e-05
635,1.0,3.2089930755319074e-05,9.999999747378752e-05
636,1.0,2.4211423806264065e-05,9.999999747378752e-05
637,1.0,2.6979143513017334e-05,9.999999747378752e-05
638,1.0,2.0111272533540614e-05,9.999999747378752e-05
639,1.0,2.4441613277303986e-05,9.999999747378752e-05
640,1.0,2.7346710339770652e-05,9.999999747378752e-05
641,1.0,3.552603448042646e-05,9.999999747378752e-05
642,1.0,4.264641393092461e-05,9.999999747378752e-05
643,1.0,2.4183404093491845e-05,9.999999747378752e-05
644,1.0,2.865774695237633e-05,9.999999747378752e-05
645,1.0,2.9865761462133378e-05,9.999999747378752e-05
646,1.0,2.6645710022421554e-05,9.999999747378752e-05
647,1.0,2.148347266484052e-05,9.999999747378752e-05
648,1.0,3.063584881601855e-05,9.999999747378752e-05
649,1.0,4.5531447540270165e-05,9.999999747378752e-05
650,1.0,2.2137184714665636e-05,9.999999747378752e-05
651,1.0,2.405900158919394e-05,9.999999747378752e-05
652,1.0,3.633943560998887e-05,9.999999747378752e-05
653,1.0,4.457688191905618e-05,9.999999747378752e-05
654,1.0,3.85669591196347e-05,9.999999747378752e-05
655,1.0,2.178970680688508e-05,9.999999747378752e-05
656,1.0,4.1503233660478145e-05,9.999999747378752e-05
657,1.0,2.396116360614542e-05,9.999999747378752e-05
658,1.0,2.6118268579011783e-05,9.999999747378752e-05
659,1.0,1.8448303308105096e-05,9.999999747378752e-05
660,1.0,4.8114157834788784e-05,9.999999747378752e-05
661,1.0,4.161452307016589e-05,9.999999747378752e-05
662,1.0,3.8126014260342345e-05,9.999999747378752e-05
663,1.0,3.24171305692289e-05,9.999999747378752e-05
664,1.0,1.8871838619816117e-05,9.999999747378752e-05
665,1.0,3.314179411972873e-05,9.999999747378752e-05
666,1.0,1.5886902474449016e-05,9.999999747378752e-05
667,1.0,1.537552998343017e-05,9.999999747378752e-05
668,1.0,1.844341568357777e-05,9.999999747378752e-05
669,1.0,1.3376981769397389e-05,9.999999747378752e-05
670,1.0,1.8627950339578092e-05,9.999999747378752e-05
671,1.0,2.8116910470998846e-05,9.999999747378752e-05
672,1.0,2.3408660126733594e-05,9.999999747378752e-05
673,1.0,2.1925136024947278e-05,9.999999747378752e-05
674,1.0,3.064587144763209e-05,9.999999747378752e-05
675,1.0,2.3229493308463134e-05,9.999999747378752e-05
676,1.0,1.860865086200647e-05,9.999999747378752e-05
677,1.0,3.297176226624288e-05,9.999999747378752e-05
678,1.0,1.8093935068463907e-05,9.999999747378752e-05
679,1.0,2.646522261784412e-05,9.999999747378752e-05
680,1.0,2.3568807591800578e-05,9.999999747378752e-05
681,1.0,2.3159738702815957e-05,9.999999747378752e-05
682,1.0,1.5082190657267347e-05,9.999999747378752e-05
683,1.0,3.201405706931837e-05,9.999999747378752e-05
684,1.0,1.998107836698182e-05,9.999999747378752e-05
685,1.0,2.02702922251774e-05,9.999999747378752e-05
686,1.0,2.0972584025003016e-05,9.999999747378752e-05
687,1.0,1.6698775652912445e-05,9.999999747378752e-05
688,1.0,1.640386471990496e-05,9.999999747378752e-05
689,1.0,1.2797937415598426e-05,9.999999747378752e-05
690,1.0,5.583314850809984e-05,9.999999747378752e-05
691,1.0,2.8230619136593305e-05,9.999999747378752e-05
692,1.0,2.16956868825946e-05,9.999999747378752e-05
693,1.0,1.8138764062314294e-05,9.999999747378752e-05
694,1.0,1.827797677833587e-05,9.999999747378752e-05
695,1.0,1.5396772141684778e-05,9.999999747378752e-05
696,1.0,2.5245020879083313e-05,9.999999747378752e-05
697,1.0,2.2483864086098038e-05,9.999999747378752e-05
698,1.0,1.6475525626447052e-05,9.999999747378752e-05
699,1.0,1.816204712667968e-05,9.999999747378752e-05
700,1.0,1.2401496860547923e-05,9.999999747378752e-05
701,1.0,1.996319588215556e-05,9.999999747378752e-05
702,1.0,1.557983341626823e-05,9.999999747378752e-05
703,1.0,2.137824412784539e-05,9.999999747378752e-05
704,1.0,3.1579937058268115e-05,9.999999747378752e-05
705,1.0,2.084288098558318e-05,9.999999747378752e-05
706,1.0,1.3140321243554354e-05,9.999999747378752e-05
707,1.0,2.9682221793336794e-05,9.999999747378752e-05
708,1.0,1.3728828889725264e-05,9.999999747378752e-05
709,1.0,3.2196228858083487e-05,9.999999747378752e-05
710,1.0,2.0022362150484696e-05,9.999999747378752e-05
711,1.0,1.943590359587688e-05,9.999999747378752e-05
712,1.0,1.930165490193758e-05,9.999999747378752e-05
713,1.0,1.1810009709734004e-05,9.999999747378752e-05
714,1.0,1.8528518921812065e-05,9.999999747378752e-05
715,1.0,1.8576585716800764e-05,9.999999747378752e-05
716,1.0,1.4587651094188914e-05,9.999999747378752e-05
717,1.0,2.6454192266101018e-05,9.999999747378752e-05
718,1.0,1.3743941053689923e-05,9.999999747378752e-05
719,1.0,1.4520734112011269e-05,9.999999747378752e-05
720,1.0,1.4613563507737126e-05,9.999999747378752e-05
721,1.0,1.2739667909045238e-05,9.999999747378752e-05
722,1.0,2.5256324079236947e-05,9.999999747378752e-05
723,1.0,2.7209896870772354e-05,9.999999747378752e-05
724,1.0,3.541284968378022e-05,9.999999747378752e-05
725,1.0,1.5540663298452273e-05,9.999999747378752e-05
726,1.0,1.3296797988004982e-05,9.999999747378752e-05
727,1.0,9.749182027007919e-06,9.999999747378752e-05
728,1.0,9.144247087533586e-06,9.999999747378752e-05
729,1.0,8.932065611588769e-06,9.999999747378752e-05
730,1.0,1.1057481060561258e-05,9.999999747378752e-05
731,1.0,1.1495502803882118e-05,9.999999747378752e-05
732,1.0,1.049367983796401e-05,9.999999747378752e-05
733,1.0,1.9624081687652506e-05,9.999999747378752e-05
734,1.0,1.1378881026757881e-05,9.999999747378752e-05
735,1.0,2.136122748197522e-05,9.999999747378752e-05
736,1.0,1.1254484888922889e-05,9.999999747378752e-05
737,1.0,4.2047311580972746e-05,9.999999747378752e-05
738,1.0,2.4534838303225115e-05,9.999999747378752e-05
739,1.0,1.4307790479506366e-05,9.999999747378752e-05
740,1.0,1.939367939485237e-05,9.999999747378752e-05
741,1.0,1.1589109817577992e-05,9.999999747378752e-05
742,1.0,8.574482308176812e-06,9.999999747378752e-05
743,1.0,9.770328688318841e-06,9.999999747378752e-05
744,1.0,6.770970685465727e-06,9.999999747378752e-05
745,1.0,1.8972737962030806e-05,9.999999747378752e-05
746,1.0,8.772854016569909e-06,9.999999747378752e-05
747,1.0,2.1032925360486843e-05,9.999999747378752e-05
748,1.0,2.2217333025764674e-05,9.999999747378752e-05
749,1.0,1.7953399947145954e-05,9.999999747378752e-05
750,1.0,1.7924929125001654e-05,9.999999747378752e-05
751,1.0,7.795053534209728e-06,9.999999747378752e-05
752,1.0,2.8317095711827278e-05,9.999999747378752e-05
753,1.0,1.6020536349969916e-05,9.999999747378752e-05
754,1.0,1.3134549590176903e-05,9.999999747378752e-05
755,1.0,8.960533705248963e-06,9.999999747378752e-05
756,1.0,6.747712632204639e-06,9.999999747378752e-05
757,1.0,9.929312909662258e-06,9.999999747378752e-05
758,1.0,7.974431355251e-06,9.999999747378752e-05
759,1.0,6.133643910288811e-05,9.999999747378752e-05
760,0.9964285492897034,0.017334235832095146,9.999999747378752e-05
761,1.0,0.0025753190275281668,9.999999747378752e-05
762,1.0,0.0002726855454966426,9.999999747378752e-05
763,1.0,0.00026788454852066934,9.999999747378752e-05
764,1.0,0.00011551156785571948,9.999999747378752e-05
765,1.0,0.00012248446000739932,9.999999747378752e-05
766,1.0,0.00012314575724303722,9.999999747378752e-05
767,1.0,8.961581625044346e-05,9.999999747378752e-05
768,1.0,0.00011585623724386096,9.999999747378752e-05
769,1.0,6.469106301665306e-05,9.999999747378752e-05
770,1.0,6.4766951254569e-05,9.999999747378752e-05
771,1.0,8.978951518656686e-05,9.999999747378752e-05
772,1.0,4.844903014600277e-05,9.999999747378752e-05
773,1.0,7.894940063124523e-05,9.999999747378752e-05
774,1.0,5.839416553499177e-05,9.999999747378752e-05
775,1.0,9.717920329421759e-05,9.999999747378752e-05
776,1.0,6.993857095949352e-05,9.999999747378752e-05
777,1.0,4.998682197765447e-05,9.999999747378752e-05
778,1.0,6.5230080508627e-05,9.999999747378752e-05
779,1.0,6.0255926655372605e-05,9.999999747378752e-05
780,1.0,0.00018460843421053141,9.999999747378752e-05
781,1.0,6.932622636668384e-05,9.999999747378752e-05
782,1.0,2.86896920442814e-05,9.999999747378752e-05
783,1.0,3.678658322314732e-05,9.999999747378752e-05
784,1.0,3.127109448541887e-05,9.999999747378752e-05
785,1.0,4.8929770855465904e-05,9.999999747378752e-05
786,1.0,2.3027585484669544e-05,9.999999747378752e-05
787,1.0,9.085302735911682e-05,9.999999747378752e-05
788,1.0,2.623621912789531e-05,9.999999747378752e-05
789,1.0,2.962976577691734e-05,9.999999747378752e-05
790,1.0,3.628704507718794e-05,9.999999747378752e-05
791,1.0,4.564299888443202e-05,9.999999747378752e-05
792,1.0,2.3153896108851768e-05,9.999999747378752e-05
793,1.0,3.6115579860052094e-05,9.999999747378752e-05
794,1.0,2.3855674953665584e-05,9.999999747378752e-05
795,1.0,3.739968087757006e-05,9.999999747378752e-05
796,1.0,2.6902622266788967e-05,9.999999747378752e-05
797,1.0,3.369342812220566e-05,9.999999747378752e-05
798,1.0,2.2558768250746652e-05,9.999999747378752e-05
799,1.0,2.567775663919747e-05,9.999999747378752e-05
800,1.0,4.8074089136207476e-05,9.999999747378752e-05
801,1.0,5.955447340966202e-05,9.999999747378752e-05
802,1.0,1.6750618669902906e-05,9.999999747378752e-05
803,1.0,2.0480509192566387e-05,9.999999747378752e-05
804,1.0,6.376631063176319e-05,9.999999747378752e-05
805,1.0,2.6645229809219018e-05,9.999999747378752e-05
806,1.0,3.119211760349572e-05,9.999999747378752e-05
807,1.0,2.023562410613522e-05,9.999999747378752e-05
808,1.0,3.165394809911959e-05,9.999999747378752e-05
809,1.0,2.157864219043404e-05,9.999999747378752e-05
810,1.0,1.9846067516482435e-05,9.999999747378752e-05
811,1.0,2.28432454605354e-05,9.999999747378752e-05
812,1.0,2.9982316846144386e-05,9.999999747378752e-05
813,1.0,1.5052730304887518e-05,9.999999747378752e-05
814,1.0,2.2390237063518725e-05,9.999999747378752e-05
815,1.0,2.370271431573201e-05,9.999999747378752e-05
816,1.0,5.622728349408135e-05,9.999999747378752e-05
817,1.0,3.905348785337992e-05,9.999999747378752e-05
818,1.0,2.9371412892942317e-05,9.999999747378752e-05
819,1.0,2.0050274542882107e-05,9.999999747378752e-05
820,1.0,2.07768189284252e-05,9.999999747378752e-05
821,1.0,2.213337575085461e-05,9.999999747378752e-05
822,1.0,2.34310809901217e-05,9.999999747378752e-05
823,1.0,1.9931350834667683e-05,9.999999747378752e-05
824,1.0,2.5771774744498543e-05,9.999999747378752e-05
825,1.0,1.8163758795708418e-05,9.999999747378752e-05
826,1.0,1.8899088900070637e-05,9.999999747378752e-05
827,1.0,1.3050857887719758e-05,9.999999747378752e-05
828,1.0,1.751098534441553e-05,9.999999747378752e-05
829,1.0,2.190325358242262e-05,9.999999747378752e-05
830,1.0,2.2852254915051162e-05,9.999999747378752e-05
831,1.0,1.6376790881622583e-05,9.999999747378752e-05
832,1.0,1.4077430023462512e-05,9.999999747378752e-05
833,1.0,1.3956992916064337e-05,9.999999747378752e-05
834,1.0,2.9884098694310524e-05,9.999999747378752e-05
835,1.0,1.2730955859296955e-05,9.999999747378752e-05
836,1.0,1.9961453290306963e-05,9.999999747378752e-05
837,1.0,1.56424539454747e-05,9.999999747378752e-05
838,1.0,2.518692781450227e-05,9.999999747378752e-05
839,1.0,1.369341498502763e-05,9.999999747378752e-05
840,1.0,1.2752512702718377e-05,9.999999747378752e-05
841,1.0,1.7755590306478553e-05,9.999999747378752e-05
842,1.0,1.7459771697758697e-05,9.999999747378752e-05
843,1.0,1.7457788999308832e-05,9.999999747378752e-05
844,1.0,1.0794217814691365e-05,9.999999747378752e-05
845,1.0,1.1914999049622566e-05,9.999999747378752e-05
846,1.0,2.827266143867746e-05,9.999999747378752e-05
847,1.0,1.0647186172718648e-05,9.999999747378752e-05
848,1.0,1.0319202374375891e-05,9.999999747378752e-05
849,1.0,1.2157521268818527e-05,9.999999747378752e-05
850,1.0,1.8597649614093825e-05,9.999999747378752e-05
851,1.0,1.15584371087607e-05,9.999999747378752e-05
852,1.0,1.1703693417075556e-05,9.999999747378752e-05
853,1.0,1.2632810467039235e-05,9.999999747378752e-05
854,1.0,1.896992944239173e-05,9.999999747378752e-05
855,1.0,2.0124385628150776e-05,9.999999747378752e-05
856,1.0,2.3198925191536546e-05,9.999999747378752e-05
857,1.0,2.094954834319651e-05,9.999999747378752e-05
858,1.0,1.3075447895971593e-05,9.999999747378752e-05
859,1.0,1.8724645997281186e-05,9.999999747378752e-05
860,1.0,1.1565905879251659e-05,9.999999747378752e-05
861,1.0,1.296679056395078e-05,9.999999747378752e-05
862,1.0,1.2573558706208132e-05,9.999999747378752e-05
863,1.0,9.70019209489692e-06,9.999999747378752e-05
864,1.0,1.859233270806726e-05,9.999999747378752e-05
865,1.0,1.209429137816187e-05,9.999999747378752e-05
866,1.0,1.5273277313099243e-05,9.999999747378752e-05
867,1.0,2.437512193864677e-05,9.999999747378752e-05
868,1.0,1.1018210898328107e-05,9.999999747378752e-05
869,1.0,1.0549956641625613e-05,9.999999747378752e-05
870,1.0,1.0850193575606681e-05,9.999999747378752e-05
871,1.0,1.0826051038748119e-05,9.999999747378752e-05
872,1.0,1.0412722076580394e-05,9.999999747378752e-05
873,1.0,1.2843311196775176e-05,9.999999747378752e-05
874,1.0,1.0476779607415665e-05,9.999999747378752e-05
875,1.0,9.776428669283632e-06,9.999999747378752e-05
876,1.0,1.420558419340523e-05,9.999999747378752e-05
877,1.0,7.971286322572269e-06,9.999999747378752e-05
878,1.0,9.996432709158398e-06,9.999999747378752e-05
879,1.0,1.7463316908106208e-05,9.999999747378752e-05
880,1.0,8.463750418741256e-06,9.999999747378752e-05
881,1.0,9.611305358703248e-06,9.999999747378752e-05
882,1.0,1.401465488015674e-05,9.999999747378752e-05
883,1.0,1.358157805952942e-05,9.999999747378752e-05
884,1.0,7.885738341428805e-06,9.999999747378752e-05
885,1.0,1.0750827641459182e-05,9.999999747378752e-05
886,1.0,1.0644698704709299e-05,9.999999747378752e-05
887,1.0,7.926888429210521e-06,9.999999747378752e-05
888,1.0,9.647156730352435e-06,9.999999747378752e-05
889,1.0,1.4708054550283123e-05,9.999999747378752e-05
890,1.0,1.1301597623969428e-05,9.999999747378752e-05
891,1.0,8.997768418339547e-06,9.999999747378752e-05
892,1.0,9.703509931568988e-06,9.999999747378752e-05
893,1.0,7.278977591340663e-06,9.999999747378752e-05
894,1.0,1.0443040991958696e-05,9.999999747378752e-05
895,1.0,1.0168121661990881e-05,9.999999747378752e-05
896,1.0,9.017680895340163e-06,9.999999747378752e-05
897,1.0,9.674125976744108e-06,9.999999747378752e-05
898,1.0,8.495633665006608e-06,9.999999747378752e-05
899,1.0,7.726515832473524e-06,9.999999747378752e-05
900,1.0,9.609979315428063e-06,9.999999747378752e-05
901,1.0,8.380149665754288e-06,9.999999747378752e-05
902,1.0,7.63169282436138e-06,9.999999747378752e-05
903,1.0,2.161280826840084e-05,9.999999747378752e-05
904,1.0,7.5530310823523905e-06,9.999999747378752e-05
905,1.0,1.0797808499773964e-05,9.999999747378752e-05
906,1.0,6.655716788372956e-06,9.999999747378752e-05
907,1.0,7.610440661665052e-06,9.999999747378752e-05
908,1.0,1.0745172403403558e-05,9.999999747378752e-05
909,1.0,7.98737437435193e-06,9.999999747378752e-05
910,1.0,2.347100780752953e-05,9.999999747378752e-05
911,1.0,7.646731319255196e-06,9.999999747378752e-05
912,1.0,6.465434125857428e-06,9.999999747378752e-05
913,1.0,8.066953341767658e-06,9.999999747378752e-05
914,1.0,7.102279141690815e-06,9.999999747378752e-05
915,1.0,8.273885214293841e-06,9.999999747378752e-05
916,1.0,1.069910194928525e-05,9.999999747378752e-05
917,1.0,4.840228484681575e-06,9.999999747378752e-05
918,1.0,1.1523209650476929e-05,9.999999747378752e-05
919,1.0,9.21142054721713e-06,9.999999747378752e-05
920,1.0,9.74223712546518e-06,9.999999747378752e-05
921,1.0,9.56726125878049e-06,9.999999747378752e-05
922,1.0,7.284097591764294e-06,9.999999747378752e-05
923,1.0,7.4916138146363664e-06,9.999999747378752e-05
924,1.0,4.366630491858814e-06,9.999999747378752e-05
925,1.0,1.4794015442021191e-05,9.999999747378752e-05
926,1.0,6.893928457429865e-06,9.999999747378752e-05
927,1.0,8.823450116324238e-06,9.999999747378752e-05
928,1.0,1.034631350194104e-05,9.999999747378752e-05
929,1.0,8.705357686267234e-06,9.999999747378752e-05
930,1.0,6.055513495084597e-06,9.999999747378752e-05
931,1.0,9.087308171729092e-06,9.999999747378752e-05
932,1.0,6.141683570604073e-06,9.999999747378752e-05
933,1.0,9.264369509764947e-06,9.999999747378752e-05
934,1.0,7.55510336603038e-06,9.999999747378752e-05
935,1.0,7.962527888594195e-06,9.999999747378752e-05
936,1.0,9.738592780195177e-06,9.999999747378752e-05
937,1.0,6.8981617005192675e-06,9.999999747378752e-05
938,1.0,8.396392331633251e-06,9.999999747378752e-05
939,1.0,5.0388448471494485e-06,9.999999747378752e-05
940,1.0,7.46878777135862e-06,9.999999747378752e-05
941,1.0,7.323410954995779e-06,9.999999747378752e-05
942,1.0,9.636638424126431e-06,9.999999747378752e-05
943,1.0,6.9549287218251266e-06,9.999999747378752e-05
944,1.0,5.68922496313462e-06,9.999999747378752e-05
945,1.0,6.405034127965337e-06,9.999999747378752e-05
946,1.0,8.489528227073606e-06,9.999999747378752e-05
947,1.0,5.6224594118248206e-06,9.999999747378752e-05
948,1.0,4.742919372802135e-06,9.999999747378752e-05
949,1.0,7.482112323486945e-06,9.999999747378752e-05
950,1.0,9.804989531403407e-06,9.999999747378752e-05
951,1.0,5.644410521199461e-06,9.999999747378752e-05
952,1.0,4.727361556433607e-06,9.999999747378752e-05
953,1.0,5.975203293928644e-06,9.999999747378752e-05
954,1.0,6.9613856794603635e-06,9.999999747378752e-05
955,1.0,5.430908004200319e-06,9.999999747378752e-05
956,1.0,1.3778029824607074e-05,9.999999747378752e-05
957,1.0,4.4281255213718396e-06,9.999999747378752e-05
958,1.0,5.403445811680285e-06,9.999999747378752e-05
959,1.0,2.8171605663374066e-05,9.999999747378752e-05
960,1.0,1.0650404874468222e-05,9.999999747378752e-05
961,1.0,7.1587714955967385e-06,9.999999747378752e-05
962,1.0,9.582827260601334e-06,9.999999747378752e-05
963,1.0,5.5286468523263466e-06,9.999999747378752e-05
964,1.0,6.203629709489178e-06,9.999999747378752e-05
965,1.0,1.2143280400778167e-05,9.999999747378752e-05
966,1.0,7.159188953664852e-06,9.999999747378752e-05
967,1.0,5.8275759329262655e-06,9.999999747378752e-05
968,1.0,6.151675734145101e-06,9.999999747378752e-05
969,1.0,3.204779204679653e-06,9.999999747378752e-05
970,1.0,6.192646651470568e-06,9.999999747378752e-05
971,1.0,3.432523271840182e-06,9.999999747378752e-05
972,1.0,1.1569930393307004e-05,9.999999747378752e-05
973,1.0,4.253676252119476e-06,9.999999747378752e-05
974,1.0,7.021719738986576e-06,9.999999747378752e-05
975,1.0,1.0831111467268784e-05,9.999999747378752e-05
976,1.0,1.0891553756664507e-05,9.999999747378752e-05
977,1.0,5.46019509783946e-06,9.999999747378752e-05
978,1.0,7.388463927782141e-06,9.999999747378752e-05
979,1.0,1.2578531823237427e-05,9.999999747378752e-05
980,1.0,1.0614001439535059e-05,9.999999747378752e-05
981,1.0,1.3311110706126783e-05,9.999999747378752e-05
982,1.0,6.170916549308458e-06,9.999999747378752e-05
983,1.0,7.359031769738067e-06,9.999999747378752e-05
984,1.0,7.2337752499151975e-06,9.999999747378752e-05
985,1.0,7.571979949716479e-06,9.999999747378752e-05
986,1.0,5.913633685850073e-06,9.999999747378752e-05
987,1.0,5.615308509732131e-06,9.999999747378752e-05
988,1.0,2.428785228403285e-05,9.999999747378752e-05
989,1.0,1.0204060345131438e-05,9.999999747378752e-05
990,1.0,7.824167369108181e-06,9.999999747378752e-05
991,1.0,4.828703822568059e-06,9.999999747378752e-05
992,1.0,5.183748271520017e-06,9.999999747378752e-05
993,1.0,1.2356392289802898e-05,9.999999747378752e-05
994,1.0,3.862112407659879e-06,9.999999747378752e-05
995,1.0,8.471009095956106e-06,9.999999747378752e-05
996,1.0,5.79525976718287e-06,9.999999747378752e-05
997,1.0,8.779673407843802e-06,9.999999747378752e-05
998,1.0,9.466619303566404e-06,9.999999747378752e-05
999,1.0,5.574186161538819e-06,9.999999747378752e-05
1000,1.0,5.449739092000527e-06,9.999999747378752e-05
1001,1.0,3.722145038409508e-06,9.999999747378752e-05
1002,1.0,8.057258128246758e-06,9.999999747378752e-05
1003,1.0,4.438504220161121e-06,9.999999747378752e-05
1004,1.0,5.884066467842786e-06,9.999999747378752e-05
1005,1.0,6.006133844493888e-06,9.999999747378752e-05
1006,1.0,5.423181846708758e-06,9.999999747378752e-05
1007,1.0,4.44336683358415e-06,9.999999747378752e-05
1008,1.0,4.135737071919721e-06,9.999999747378752e-05
1009,1.0,1.2564025382744148e-05,9.999999747378752e-05
1010,1.0,5.741649147239514e-06,9.999999747378752e-05
1011,1.0,4.6923405534471385e-06,9.999999747378752e-05
1012,1.0,5.373295607569162e-06,9.999999747378752e-05
1013,1.0,4.5917790885141585e-06,9.999999747378752e-05
1014,1.0,4.561097284749849e-06,9.999999747378752e-05
1015,1.0,5.01896192872664e-06,9.999999747378752e-05
1016,1.0,5.312477242114255e-06,9.999999747378752e-05
1017,1.0,4.469471605261788e-06,9.999999747378752e-05
1018,1.0,2.8370789095788496e-06,9.999999747378752e-05
1019,1.0,4.6900813686079346e-06,9.999999747378752e-05
1020,1.0,3.5365799249120755e-06,9.999999747378752e-05
1021,1.0,2.621519115564297e-06,9.999999747378752e-05
1022,1.0,4.089415597263724e-06,9.999999747378752e-05
1023,1.0,3.660496531665558e-06,9.999999747378752e-05
1024,1.0,3.8251773730735295e-06,9.999999747378752e-05
1025,1.0,3.4220968245790573e-06,9.999999747378752e-05
1026,1.0,2.829267259585322e-06,9.999999747378752e-05
1027,1.0,3.937624569516629e-06,9.999999747378752e-05
1028,1.0,5.259224963083398e-06,9.999999747378752e-05
1029,1.0,3.4868121474573854e-06,9.999999747378752e-05
1030,1.0,5.656990651914384e-06,9.999999747378752e-05
1031,1.0,5.854269602423301e-06,9.999999747378752e-05
1032,1.0,2.4995308649522485e-06,9.999999747378752e-05
1033,1.0,5.422140475275228e-06,9.999999747378752e-05
1034,1.0,6.996665433689486e-06,9.999999747378752e-05
1035,1.0,4.7999033085943665e-06,9.999999747378752e-05
1036,1.0,4.3572836148086935e-06,9.999999747378752e-05
1037,1.0,6.639643288508523e-06,9.999999747378752e-05
1038,1.0,2.582771458037314e-06,9.999999747378752e-05
1039,1.0,4.8950901145872194e-06,9.999999747378752e-05
1040,1.0,1.7154608940472826e-05,9.999999747378752e-05
1041,1.0,1.2311507816775702e-05,9.999999747378752e-05
1042,1.0,8.765516213316005e-06,9.999999747378752e-05
1043,1.0,5.8566547522787005e-06,9.999999747378752e-05
1044,1.0,5.485713245434454e-06,9.999999747378752e-05
1045,1.0,3.38015092893329e-06,9.999999747378752e-05
1046,1.0,3.980230758315884e-06,9.999999747378752e-05
1047,1.0,3.956781256420072e-06,9.999999747378752e-05
1048,1.0,5.417416105046868e-06,9.999999747378752e-05
1049,1.0,3.2691843898646766e-06,9.999999747378752e-05
1050,1.0,4.421146513777785e-06,9.999999747378752e-05
1051,1.0,1.9353961761225946e-05,9.999999747378752e-05
1052,1.0,0.00031079689506441355,9.999999747378752e-05
1053,1.0,0.00020416788174770772,9.999999747378752e-05
1054,1.0,0.00016591606254223734,9.999999747378752e-05
1055,1.0,3.992046549683437e-05,9.999999747378752e-05
1056,1.0,2.8043419661116786e-05,9.999999747378752e-05
1057,1.0,2.1283090973156504e-05,9.999999747378752e-05
1058,1.0,1.4821684089838527e-05,9.999999747378752e-05
1059,1.0,0.00013135945482645184,9.999999747378752e-05
1060,1.0,2.2326743419398554e-05,9.999999747378752e-05
1061,1.0,1.7689611922833137e-05,9.999999747378752e-05
1062,1.0,2.0945764845237136e-05,9.999999747378752e-05
1063,1.0,1.6318053894792683e-05,9.999999747378752e-05
1064,1.0,1.0194011338171549e-05,9.999999747378752e-05
1065,1.0,9.446344847674482e-06,9.999999747378752e-05
1066,1.0,2.8433451007003896e-05,9.999999747378752e-05
1067,1.0,1.05113731478923e-05,9.999999747378752e-05
1068,1.0,9.927292012434918e-06,9.999999747378752e-05
1069,1.0,8.658857041154988e-06,9.999999747378752e-05
1070,1.0,8.26520499686012e-06,9.999999747378752e-05
1071,1.0,1.1875857126142364e-05,9.999999747378752e-05
1072,1.0,6.840867627033731e-06,9.999999747378752e-05
1073,1.0,1.5396020899061114e-05,9.999999747378752e-05
1074,1.0,1.58472921611974e-05,9.999999747378752e-05
1075,1.0,7.261726750584785e-06,9.999999747378752e-05
1076,1.0,7.745727998553775e-06,9.999999747378752e-05
1077,1.0,7.340852334891679e-06,9.999999747378752e-05
1078,1.0,1.3235916412668303e-05,9.999999747378752e-05
1079,1.0,6.970484719204251e-06,9.999999747378752e-05
1080,1.0,1.422607874701498e-05,9.999999747378752e-05
1081,1.0,7.14510088073439e-06,9.999999747378752e-05
1082,1.0,9.91717115539359e-06,9.999999747378752e-05
1083,1.0,6.325868071144214e-06,9.999999747378752e-05
1084,1.0,6.675773420283804e-06,9.999999747378752e-05
1085,1.0,1.60008294187719e-05,9.999999747378752e-05
1086,1.0,5.3020353334432e-06,9.999999747378752e-05
1087,1.0,5.632039119518595e-06,9.999999747378752e-05
1088,1.0,7.11641450834577e-06,9.999999747378752e-05
1089,1.0,1.0880755326070357e-05,9.999999747378752e-05
1090,1.0,9.815521480049938e-06,9.999999747378752e-05
1091,1.0,6.686801498290151e-06,9.999999747378752e-05
1092,1.0,7.006291525613051e-06,9.999999747378752e-05
1093,1.0,7.472709512512665e-06,9.999999747378752e-05
1094,1.0,4.595427526510321e-06,9.999999747378752e-05
1095,1.0,4.726472980109975e-06,9.999999747378752e-05
1096,1.0,5.1272741075081285e-06,9.999999747378752e-05
1097,1.0,1.795000207494013e-05,9.999999747378752e-05
1098,1.0,5.131073066877434e-06,9.999999747378752e-05
1099,1.0,4.899541636405047e-06,9.999999747378752e-05
1100,1.0,6.534155090776039e-06,9.999999747378752e-05
1101,1.0,4.1062585296458565e-06,9.999999747378752e-05
1102,1.0,4.813338819076307e-06,9.999999747378752e-05
1103,1.0,4.5717924876953475e-06,9.999999747378752e-05
1104,1.0,3.135331553494325e-06,9.999999747378752e-05
1105,1.0,7.819589882274158e-06,9.999999747378752e-05
1106,1.0,7.613632078573573e-06,9.999999747378752e-05
1107,1.0,5.432112629932817e-06,9.999999747378752e-05
1108,1.0,5.037156824982958e-06,9.999999747378752e-05
1109,1.0,3.0150988550303737e-06,9.999999747378752e-05
1110,1.0,3.675598918562173e-06,9.999999747378752e-05
1111,1.0,4.549065579340095e-06,9.999999747378752e-05
1112,1.0,3.845341325359186e-06,9.999999747378752e-05
1113,1.0,5.010793302062666e-06,9.999999747378752e-05
1114,1.0,1.2290988706809003e-05,9.999999747378752e-05
1115,1.0,7.521054158132756e-06,9.999999747378752e-05
1116,1.0,3.890506377501879e-06,9.999999747378752e-05
1117,1.0,4.4386638364812825e-06,9.999999747378752e-05
1118,1.0,5.079412403574679e-06,9.999999747378752e-05
1119,1.0,2.7366809263185132e-06,9.999999747378752e-05
1120,1.0,3.4059273730235873e-06,9.999999747378752e-05
1121,1.0,5.708972821594216e-06,9.999999747378752e-05
1122,1.0,7.126061063900124e-06,9.999999747378752e-05
1123,1.0,3.412296109672752e-06,9.999999747378752e-05
1124,1.0,4.548473953036591e-06,9.999999747378752e-05
1125,1.0,3.746482889255276e-06,9.999999747378752e-05
1126,1.0,3.0793585210631136e-06,9.999999747378752e-05
1127,1.0,3.0086791866779095e-06,9.999999747378752e-05
1128,1.0,4.173034540144727e-06,9.999999747378752e-05
1129,1.0,3.648094889285858e-06,9.999999747378752e-05
1130,1.0,5.2400437198230065e-06,9.999999747378752e-05
1131,1.0,3.728416459125583e-06,9.999999747378752e-05
1132,1.0,2.37628069044149e-06,9.999999747378752e-05
1133,1.0,2.8350100365059916e-06,9.999999747378752e-05
1134,1.0,3.496165845717769e-06,9.999999747378752e-05
1135,1.0,3.480759232843411e-06,9.999999747378752e-05
1136,1.0,4.124241058889311e-06,9.999999747378752e-05
1137,1.0,3.6223350434738677e-06,9.999999747378752e-05
1138,1.0,3.1070424029167043e-06,9.999999747378752e-05
1139,1.0,2.9667603484995198e-06,9.999999747378752e-05
1140,1.0,2.2168378563947044e-06,9.999999747378752e-05
1141,1.0,3.6723949961015023e-06,9.999999747378752e-05
1142,1.0,4.968358553014696e-06,9.999999747378752e-05
1143,1.0,5.349776529328665e-06,9.999999747378752e-05
1144,1.0,4.7068197090993635e-06,9.999999747378752e-05
1145,1.0,2.2709120912622893e-06,9.999999747378752e-05
1146,1.0,2.7128132842335617e-06,9.999999747378752e-05
1147,1.0,1.8615664885146543e-06,9.999999747378752e-05
1148,1.0,9.078851689992007e-06,9.999999747378752e-05
1149,1.0,6.214777386048809e-06,9.999999747378752e-05
1150,1.0,3.1032145670906175e-06,9.999999747378752e-05
1151,1.0,5.781500476587098e-06,9.999999747378752e-05
1152,1.0,8.993449228000827e-06,9.999999747378752e-05
1153,1.0,4.351829375082161e-06,9.999999747378752e-05
1154,1.0,4.605426056514261e-06,9.999999747378752e-05
1155,1.0,2.763648126347107e-06,9.999999747378752e-05
1156,1.0,7.375968380074482e-06,9.999999747378752e-05
1157,1.0,3.0267758575064363e-06,9.999999747378752e-05
1158,1.0,2.450343572490965e-06,9.999999747378752e-05
1159,1.0,3.1048607525008265e-06,9.999999747378752e-05
1160,1.0,2.430973154332605e-06,9.999999747378752e-05
1161,1.0,3.4131026040995494e-06,9.999999747378752e-05
1162,1.0,2.7954167762800353e-06,9.999999747378752e-05
1163,1.0,2.0082361515960656e-06,9.999999747378752e-05
1164,1.0,1.9867320588673465e-06,9.999999747378752e-05
1165,1.0,2.7087817215942778e-06,9.999999747378752e-05
1166,1.0,3.1758072509546764e-06,9.999999747378752e-05
1167,1.0,2.9041200377832865e-06,9.999999747378752e-05
1168,1.0,3.6009801988257095e-05,9.999999747378752e-05
1169,1.0,2.9281552997417748e-05,9.999999747378752e-05
1170,1.0,0.0001580523676238954,9.999999747378752e-05
1171,1.0,0.00037687670555897057,9.999999747378752e-05
1172,1.0,7.291632209671661e-05,9.999999747378752e-05
1173,1.0,2.6841902581509203e-05,9.999999747378752e-05
1174,1.0,2.761735231615603e-05,9.999999747378752e-05
1175,1.0,1.0289891179127153e-05,9.999999747378752e-05
1176,1.0,1.6341333321179263e-05,9.999999747378752e-05
1177,1.0,2.738648072408978e-05,9.999999747378752e-05
1178,1.0,1.1716952030838002e-05,9.999999747378752e-05
1179,1.0,9.051543202076573e-06,9.999999747378752e-05
1180,1.0,9.093835615203716e-06,9.999999747378752e-05
1181,1.0,1.4730338079971261e-05,9.999999747378752e-05
1182,1.0,1.1506547707540449e-05,9.999999747378752e-05
1183,1.0,1.7817221305449493e-05,9.999999747378752e-05
1184,1.0,6.358375685522333e-06,9.999999747378752e-05
1185,1.0,6.487366135843331e-06,9.999999747378752e-05
1186,1.0,6.611932803934906e-06,9.999999747378752e-05
1187,1.0,1.65693254530197e-05,9.999999747378752e-05
1188,1.0,5.159861757420003e-06,9.999999747378752e-05
1189,1.0,1.108624564949423e-05,9.999999747378752e-05
1190,1.0,6.622386081289733e-06,9.999999747378752e-05
1191,1.0,1.1318912584101781e-05,9.999999747378752e-05
1192,1.0,7.90950252849143e-06,9.999999747378752e-05
1193,1.0,7.541814284195425e-06,9.999999747378752e-05
1194,1.0,5.227669134910684e-06,9.999999747378752e-05
1195,1.0,5.386596058087889e-06,9.999999747378752e-05
1196,1.0,6.9965699367458e-06,9.999999747378752e-05
1197,1.0,4.159607669862453e-06,9.999999747378752e-05
1198,1.0,6.555581876455108e-06,9.999999747378752e-05
1199,1.0,7.350444320763927e-06,9.999999747378752e-05
1200,1.0,7.151848876674194e-06,9.999999747378752e-05
1201,1.0,4.831825208384544e-06,9.999999747378752e-05
1202,1.0,8.629129297332838e-06,9.999999747378752e-05
1203,1.0,5.353232154448051e-06,9.999999747378752e-05
1204,1.0,4.579834239848424e-06,9.999999747378752e-05
1205,1.0,3.7073241401230916e-06,9.999999747378752e-05
1206,1.0,4.500663180806441e-06,9.999999747378752e-05
1207,1.0,4.981013717042515e-06,9.999999747378752e-05
1208,1.0,2.963158749480499e-06,9.999999747378752e-05
1209,1.0,4.212430667394074e-06,9.999999747378752e-05
1210,1.0,5.276718638924649e-06,9.999999747378752e-05
1211,1.0,4.212882231513504e-06,9.999999747378752e-05
1212,1.0,3.4080419482052093e-06,9.999999747378752e-05
1213,1.0,2.4160904104064684e-06,9.999999747378752e-05
1214,1.0,3.3879737202369142e-06,9.999999747378752e-05
1215,1.0,8.143649210978765e-06,9.999999747378752e-05
1216,1.0,4.603408797265729e-06,9.999999747378752e-05
1217,1.0,3.93460368286469e-06,9.999999747378752e-05
1218,1.0,5.087174940854311e-06,9.999999747378752e-05
1219,1.0,3.97517578676343e-06,9.999999747378752e-05
1220,1.0,3.3118133160314756e-06,9.999999747378752e-05
1221,1.0,3.280714963693754e-06,9.999999747378752e-05
1222,1.0,4.2754991227411665e-06,9.999999747378752e-05
1223,1.0,3.4110250908270245e-06,9.999999747378752e-05
1224,1.0,3.8018354189262027e-06,9.999999747378752e-05
1225,1.0,4.3999725676258095e-06,9.999999747378752e-05
1226,1.0,2.4592986846982967e-06,9.999999747378752e-05
1227,1.0,4.516140324994922e-05,9.999999747378752e-05
1228,1.0,6.158283667900832e-06,9.999999747378752e-05
1229,1.0,6.681644208583748e-06,9.999999747378752e-05
1230,1.0,5.791129296994768e-06,9.999999747378752e-05
1231,1.0,1.7765134543878958e-05,9.999999747378752e-05
1232,1.0,1.6883743228390813e-05,9.999999747378752e-05
1233,1.0,6.277198281168239e-06,9.999999747378752e-05
1234,1.0,9.390475497639272e-06,9.999999747378752e-05
1235,1.0,1.648768193263095e-05,9.999999747378752e-05
1236,1.0,1.1547374015208334e-05,9.999999747378752e-05
1237,1.0,4.279069798940327e-06,9.999999747378752e-05
1238,1.0,5.810688890051097e-06,9.999999747378752e-05
1239,1.0,8.190603693947196e-06,9.999999747378752e-05
1240,1.0,5.9345620684325695e-06,9.999999747378752e-05
1241,1.0,7.23604398444877e-06,9.999999747378752e-05
1242,1.0,2.9282234663696727e-06,9.999999747378752e-05
1243,1.0,4.280580924387323e-06,9.999999747378752e-05
1244,1.0,2.6089398943440756e-06,9.999999747378752e-05
1245,1.0,3.5495488646120066e-06,9.999999747378752e-05
1246,1.0,7.337751867453335e-06,9.999999747378752e-05
1247,1.0,3.3128792438219534e-06,9.999999747378752e-05
1248,1.0,5.431661975308089e-06,9.999999747378752e-05
1249,1.0,3.1911149562802166e-06,9.999999747378752e-05
1250,1.0,3.015487891389057e-06,9.999999747378752e-05
1251,1.0,3.160034111715504e-06,9.999999747378752e-05
1252,1.0,4.56996258435538e-06,9.999999747378752e-05
1253,1.0,3.3904332212841837e-06,9.999999747378752e-05
1254,1.0,3.0018991310498677e-06,9.999999747378752e-05
1255,1.0,3.4967358715221053e-06,9.999999747378752e-05
1256,1.0,5.063329808763228e-06,9.999999747378752e-05
1257,1.0,2.5420920337637654e-06,9.999999747378752e-05
1258,1.0,1.3777214917354286e-05,9.999999747378752e-05
1259,1.0,2.7228088583797216e-06,9.999999747378752e-05
1260,1.0,2.7713274448615266e-06,9.999999747378752e-05
1261,1.0,3.5661882975546177e-06,9.999999747378752e-05
1262,1.0,2.41160250880057e-06,9.999999747378752e-05
1263,1.0,4.803534466191195e-06,9.999999747378752e-05
1264,1.0,1.8858271459976095e-06,9.999999747378752e-05
1265,1.0,3.5088662571070017e-06,9.999999747378752e-05
1266,1.0,8.8158894868684e-06,9.999999747378752e-05
1267,1.0,2.7924327241635183e-06,9.999999747378752e-05
1268,1.0,2.4357723305001855e-05,9.999999747378752e-05
1269,1.0,1.0842330084415153e-05,9.999999747378752e-05
1270,1.0,7.296493095054757e-06,9.999999747378752e-05
1271,1.0,5.421298737928737e-06,9.999999747378752e-05
1272,1.0,4.901813554170076e-06,9.999999747378752e-05
1273,1.0,4.927428108203458e-06,9.999999747378752e-05
1274,1.0,3.500219463603571e-06,9.999999747378752e-05
1275,1.0,3.0778282962273806e-06,9.999999747378752e-05
1276,1.0,3.1455449516215594e-06,9.999999747378752e-05
1277,1.0,3.204951099178288e-06,9.999999747378752e-05
1278,1.0,2.811382955769659e-06,9.999999747378752e-05
1279,1.0,3.1087231491255807e-06,9.999999747378752e-05
1280,1.0,3.2645432384015294e-06,9.999999747378752e-05
1281,1.0,3.088444827881176e-06,9.999999747378752e-05
1282,1.0,3.985091098002158e-06,9.999999747378752e-05
1283,1.0,2.6312368390790652e-06,9.999999747378752e-05
1284,1.0,2.0805912299692864e-06,9.999999747378752e-05
1285,1.0,7.395547072519548e-06,9.999999747378752e-05
1286,1.0,3.6962501326343045e-06,9.999999747378752e-05
1287,1.0,1.557372684146685e-06,9.999999747378752e-05
1288,1.0,3.960971753258491e-06,9.999999747378752e-05
1289,1.0,2.3647867237741593e-06,9.999999747378752e-05
1290,1.0,2.703670816117665e-06,9.999999747378752e-05
1291,1.0,2.347540885239141e-06,9.999999747378752e-05
1292,1.0,1.9935198452003533e-06,9.999999747378752e-05
1293,1.0,2.7121673156216275e-06,9.999999747378752e-05
1294,1.0,2.0150419004494324e-06,9.999999747378752e-05
1295,1.0,2.115077222697437e-06,9.999999747378752e-05
1296,1.0,1.232956947205821e-06,9.999999747378752e-05
1297,1.0,1.7825869917942327e-06,9.999999747378752e-05
1298,1.0,2.9964721761643887e-06,9.999999747378752e-05
1299,1.0,1.7265980432057404e-06,9.999999747378752e-05
1300,1.0,2.7610551114776172e-05,9.999999747378752e-05
1301,1.0,5.752986544393934e-05,9.999999747378752e-05
1302,1.0,0.0005685606738552451,9.999999747378752e-05
1303,1.0,0.002161675598472357,9.999999747378752e-05
1304,1.0,0.0007372451364062726,9.999999747378752e-05
1305,1.0,0.00010777759598568082,9.999999747378752e-05
1306,1.0,0.0001290084474021569,9.999999747378752e-05
1307,1.0,0.00010793521505547687,9.999999747378752e-05
1308,1.0,7.541359809692949e-05,9.999999747378752e-05
1309,1.0,8.217039430746809e-05,9.999999747378752e-05
1310,1.0,3.8760183088015765e-05,9.999999747378752e-05
1311,1.0,5.499393955687992e-05,9.999999747378752e-05
1312,1.0,2.9309576348168775e-05,9.999999747378752e-05
1313,1.0,4.029776027891785e-05,9.999999747378752e-05
1314,1.0,4.6953744458733127e-05,9.999999747378752e-05
1315,1.0,3.573951471480541e-05,9.999999747378752e-05
1316,1.0,3.1166389817371964e-05,9.999999747378752e-05
1317,1.0,3.155884041916579e-05,9.999999747378752e-05
1318,1.0,2.2406120478990488e-05,9.999999747378752e-05
1319,1.0,3.101092443102971e-05,9.999999747378752e-05
1320,1.0,1.5263060049619526e-05,9.999999747378752e-05
1321,1.0,2.7569529265747406e-05,9.999999747378752e-05
1322,1.0,3.3031417842721567e-05,9.999999747378752e-05
1323,1.0,2.9458837161655538e-05,9.999999747378752e-05
1324,1.0,1.3965918697067536e-05,9.999999747378752e-05
1325,1.0,1.5478106433874927e-05,9.999999747378752e-05
1326,1.0,1.8325676137465052e-05,9.999999747378752e-05
1327,1.0,1.9251716366852634e-05,9.999999747378752e-05
1328,1.0,1.4729103895660955e-05,9.999999747378752e-05
1329,1.0,1.5225149581965525e-05,9.999999747378752e-05
1330,1.0,1.7818350897869095e-05,9.999999747378752e-05
1331,1.0,1.924541538755875e-05,9.999999747378752e-05
1332,1.0,1.138892002927605e-05,9.999999747378752e-05
1333,1.0,1.3377497452893294e-05,9.999999747378752e-05
1334,1.0,1.171314488601638e-05,9.999999747378752e-05
1335,1.0,1.991795579669997e-05,9.999999747378752e-05
1336,1.0,1.8123550034943037e-05,9.999999747378752e-05
1337,1.0,1.5223758055071812e-05,9.999999747378752e-05
1338,1.0,1.153627090388909e-05,9.999999747378752e-05
1339,1.0,2.0859422875219025e-05,9.999999747378752e-05
1340,1.0,1.4659418411611114e-05,9.999999747378752e-05
1341,1.0,1.279279968002811e-05,9.999999747378752e-05
1342,1.0,1.0729400855780113e-05,9.999999747378752e-05
1343,1.0,9.24970445339568e-05,9.999999747378752e-05
1344,1.0,1.8861250282498077e-05,9.999999747378752e-05
1345,1.0,2.2814258045400493e-05,9.999999747378752e-05
1346,1.0,9.685641089163255e-06,9.999999747378752e-05
1347,1.0,9.73693204286974e-06,9.999999747378752e-05
1348,1.0,8.244867785833776e-06,9.999999747378752e-05
1349,1.0,1.5530444215983152e-05,9.999999747378752e-05
1350,1.0,1.980036722670775e-05,9.999999747378752e-05
1351,1.0,1.3171019418223295e-05,9.999999747378752e-05
1352,1.0,6.457377821789123e-06,9.999999747378752e-05
1353,1.0,7.942184311104938e-06,9.999999747378752e-05
1354,1.0,1.0941023901978042e-05,9.999999747378752e-05
1355,1.0,6.551328169734916e-06,9.999999747378752e-05
1356,1.0,1.235399304277962e-05,9.999999747378752e-05
1357,1.0,1.1027766049664933e-05,9.999999747378752e-05
1358,1.0,6.760350970580475e-06,9.999999747378752e-05
1359,1.0,1.0675285011529922e-05,9.999999747378752e-05
1360,1.0,6.449778538808459e-06,9.999999747378752e-05
1361,1.0,1.4975615158618893e-05,9.999999747378752e-05
1362,1.0,7.814061973476782e-06,9.999999747378752e-05
1363,1.0,7.464615919161588e-06,9.999999747378752e-05
1364,1.0,9.841744031291455e-06,9.999999747378752e-05
1365,1.0,1.145194528362481e-05,9.999999747378752e-05
1366,1.0,2.1966978238197044e-05,9.999999747378752e-05
1367,1.0,4.314878424338531e-06,9.999999747378752e-05
1368,1.0,9.79219657892827e-06,9.999999747378752e-05
1369,1.0,4.82722180095152e-06,9.999999747378752e-05
1370,1.0,8.402375897276215e-06,9.999999747378752e-05
1371,1.0,5.961238457530271e-06,9.999999747378752e-05
1372,1.0,6.080565526644932e-06,9.999999747378752e-05
1373,1.0,5.172644705453422e-06,9.999999747378752e-05
1374,1.0,1.165143748949049e-05,9.999999747378752e-05
1375,1.0,5.636721198243322e-06,9.999999747378752e-05
1376,1.0,8.107040230243001e-06,9.999999747378752e-05
1377,1.0,6.096897323004669e-06,9.999999747378752e-05
1378,1.0,6.394661795638967e-06,9.999999747378752e-05
1379,1.0,6.3759439399291296e-06,9.999999747378752e-05
1380,1.0,1.106122635974316e-05,9.999999747378752e-05
1381,1.0,8.325187081936747e-06,9.999999747378752e-05
1382,1.0,6.511996161862044e-06,9.999999747378752e-05
1383,1.0,4.637096481019398e-06,9.999999747378752e-05
1384,1.0,4.666488621296594e-06,9.999999747378752e-05
1385,1.0,5.673873602063395e-06,9.999999747378752e-05
1386,1.0,9.704787771624979e-06,9.999999747378752e-05
1387,1.0,9.785389920580201e-06,9.999999747378752e-05
1388,1.0,2.655486787261907e-05,9.999999747378752e-05
1389,1.0,4.502604042500025e-06,9.999999747378752e-05
1390,1.0,6.670961738564074e-06,9.999999747378752e-05
1391,1.0,1.1995963177469093e-05,9.999999747378752e-05
1392,1.0,8.94135155249387e-06,9.999999747378752e-05
1393,1.0,5.445776423584903e-06,9.999999747378752e-05
1394,1.0,5.627631708193803e-06,9.999999747378752e-05
1395,1.0,5.8478749451751355e-06,9.999999747378752e-05
1396,1.0,9.155856787401717e-06,9.999999747378752e-05
1397,1.0,4.881261702394113e-06,9.999999747378752e-05
1398,1.0,5.5612181313335896e-06,9.999999747378752e-05
1399,1.0,4.872937552136136e-06,9.999999747378752e-05
1400,1.0,3.6030492083227728e-06,9.999999747378752e-05
1401,1.0,8.610905751993414e-06,9.999999747378752e-05
1402,1.0,8.815169167064596e-06,9.999999747378752e-05
1403,1.0,5.238503035798203e-06,9.999999747378752e-05
1404,1.0,9.687697456683964e-06,9.999999747378752e-05
1405,1.0,3.4712670640146825e-06,9.999999747378752e-05
1406,1.0,4.163042376603698e-06,9.999999747378752e-05
1407,1.0,5.133962531544967e-06,9.999999747378752e-05
1408,1.0,5.177283583179815e-06,9.999999747378752e-05
1409,1.0,6.344276698655449e-06,9.999999747378752e-05
1410,1.0,4.679237918026047e-06,9.999999747378752e-05
1411,1.0,6.171265340526588e-06,9.999999747378752e-05
1412,1.0,6.685630069114268e-06,9.999999747378752e-05
1413,1.0,5.422872618510155e-06,9.999999747378752e-05
1414,1.0,5.192035587242572e-06,9.999999747378752e-05
1415,1.0,3.466364660198451e-06,9.999999747378752e-05
1416,1.0,2.691538156796014e-06,9.999999747378752e-05
1417,1.0,4.3368645492591895e-06,9.999999747378752e-05
1418,1.0,3.8551252146135084e-06,9.999999747378752e-05
1419,1.0,5.99923487243359e-06,9.999999747378752e-05
1420,1.0,4.070428531122161e-06,9.999999747378752e-05
1421,1.0,8.069705472735222e-06,9.999999747378752e-05
1422,1.0,2.861624125216622e-06,9.999999747378752e-05
1423,1.0,4.213086867821403e-06,9.999999747378752e-05
1424,1.0,2.490591214154847e-06,9.999999747378752e-05
1425,1.0,2.3615950794919627e-06,9.999999747378752e-05
1426,1.0,4.318615992815467e-06,9.999999747378752e-05
1427,1.0,3.9591268432559446e-06,9.999999747378752e-05
1428,1.0,5.832780971104512e-06,9.999999747378752e-05
1429,1.0,5.511029939953005e-06,9.999999747378752e-05
1430,1.0,2.580418822617503e-06,9.999999747378752e-05
1431,1.0,3.7800973586854525e-06,9.999999747378752e-05
1432,1.0,4.389572950458387e-06,9.999999747378752e-05
1433,1.0,2.7683745429385453e-06,9.999999747378752e-05
1434,1.0,2.496336264812271e-06,9.999999747378752e-05
1435,1.0,3.871409262501402e-06,9.999999747378752e-05
1436,1.0,3.7877773593208985e-06,9.999999747378752e-05
1437,1.0,1.7634331470617326e-06,9.999999747378752e-05
1438,1.0,5.476259502756875e-06,9.999999747378752e-05
1439,1.0,2.525288891774835e-06,9.999999747378752e-05
1440,1.0,2.6374605113232974e-06,9.999999747378752e-05
1441,1.0,2.749633722487488e-06,9.999999747378752e-05
1442,1.0,2.548692918935558e-06,9.999999747378752e-05
1443,1.0,7.048422048683278e-06,9.999999747378752e-05
1444,1.0,1.9030774183192989e-06,9.999999747378752e-05
1445,1.0,5.694795163435629e-06,9.999999747378752e-05
1446,1.0,2.1659616322722286e-06,9.999999747378752e-05
1447,1.0,7.205268502730178e-06,9.999999747378752e-05
1448,1.0,4.6883710638212506e-06,9.999999747378752e-05
1449,1.0,2.623585942274076e-06,9.999999747378752e-05
1450,1.0,2.8993008527322672e-06,9.999999747378752e-05
1451,1.0,2.462678367010085e-06,9.999999747378752e-05
1452,1.0,3.757353169930866e-06,9.999999747378752e-05
1453,1.0,2.3307159153773682e-06,9.999999747378752e-05
1454,1.0,2.9656757760676555e-06,9.999999747378752e-05
1455,1.0,2.2943158910493366e-06,9.999999747378752e-05
1456,1.0,2.818571374518797e-06,9.999999747378752e-05
1457,1.0,2.8492563615145627e-06,9.999999747378752e-05
1458,1.0,2.534424766054144e-06,9.999999747378752e-05
1459,1.0,3.1496274459641427e-06,9.999999747378752e-05
1460,1.0,2.184688582929084e-06,9.999999747378752e-05
1461,1.0,2.6563941446511308e-06,9.999999747378752e-05
1462,1.0,2.504136318748351e-06,9.999999747378752e-05
1463,1.0,5.249201876722509e-06,9.999999747378752e-05
1464,1.0,2.436896011204226e-06,9.999999747378752e-05
1465,1.0,2.0024829154863255e-06,9.999999747378752e-05
1466,1.0,2.9490327051462373e-06,9.999999747378752e-05
1467,1.0,1.606757905392442e-06,9.999999747378752e-05
1468,1.0,3.0097094168013427e-06,9.999999747378752e-05
1469,1.0,2.5388878839294193e-06,9.999999747378752e-05
1470,1.0,6.791675332351588e-06,9.999999747378752e-05
1471,1.0,1.9096687537967227e-06,9.999999747378752e-05
1472,1.0,2.836680096152122e-06,9.999999747378752e-05
1473,1.0,1.463072976548574e-06,9.999999747378752e-05
1474,1.0,1.0792562534334138e-05,9.999999747378752e-05
1475,1.0,3.5238219879829558e-06,9.999999747378752e-05
1476,1.0,2.9996581361046992e-06,9.999999747378752e-05
1477,1.0,3.3423623335693264e-06,9.999999747378752e-05
1478,1.0,2.406069370408659e-06,9.999999747378752e-05
1479,1.0,2.6457473722985014e-06,9.999999747378752e-05
1480,1.0,3.6175661080051214e-06,9.999999747378752e-05
1481,1.0,2.39840596805152e-06,9.999999747378752e-05
1482,1.0,4.76499599244562e-06,9.999999747378752e-05
1483,1.0,2.144233121725847e-06,9.999999747378752e-05
1484,1.0,2.4805040084174834e-06,9.999999747378752e-05
1485,1.0,2.8079614367015893e-06,9.999999747378752e-05
1486,1.0,1.467538595534279e-06,9.999999747378752e-05
1487,1.0,1.9603330656536855e-06,9.999999747378752e-05
1488,1.0,5.536935077543603e-06,9.999999747378752e-05
1489,1.0,2.5186525363096735e-06,9.999999747378752e-05
1490,1.0,3.079527914451319e-06,9.999999747378752e-05
1491,1.0,1.5028712141429423e-06,9.999999747378752e-05
1492,1.0,1.9266865365352714e-06,9.999999747378752e-05
1493,1.0,7.880665179982316e-06,9.999999747378752e-05
1494,1.0,2.8951385502296034e-06,9.999999747378752e-05
1495,1.0,2.5608162559365155e-06,9.999999747378752e-05
1496,1.0,2.572196081018774e-06,9.999999747378752e-05
1497,1.0,6.984496849327115e-06,9.999999747378752e-05
1498,1.0,4.021604127046885e-06,9.999999747378752e-05
1499,1.0,1.7125561271313927e-06,9.999999747378752e-05
1500,1.0,1.725533138596802e-06,9.999999747378752e-05
1501,1.0,1.3029790579821565e-06,9.999999747378752e-05
1502,1.0,1.5665237924622488e-06,9.999999747378752e-05
1503,1.0,8.383522981603164e-06,9.999999747378752e-05
1504,1.0,1.5403344377773465e-06,9.999999747378752e-05
1505,1.0,2.2419590095523745e-06,9.999999747378752e-05
1506,1.0,1.3849473816662794e-06,9.999999747378752e-05
1507,1.0,2.856930905181798e-06,9.999999747378752e-05
1508,1.0,4.097709734196542e-06,9.999999747378752e-05
1509,1.0,1.5816364111742587e-06,9.999999747378752e-05
1510,1.0,2.80950325759477e-06,9.999999747378752e-05
1511,1.0,1.6546429151276243e-06,9.999999747378752e-05
1512,1.0,3.5465918699628673e-06,9.999999747378752e-05
1513,1.0,2.289825260959333e-06,9.999999747378752e-05
1514,1.0,2.9060336146358168e-06,9.999999747378752e-05
1515,1.0,1.3955859685665928e-06,9.999999747378752e-05
1516,1.0,1.265315063392336e-06,9.999999747378752e-05
1517,1.0,1.3921829804530717e-06,9.999999747378752e-05
1518,1.0,1.6646439462419949e-06,9.999999747378752e-05
1519,1.0,1.565237312206591e-06,9.999999747378752e-05
1520,1.0,4.410241672303528e-06,9.999999747378752e-05
1521,1.0,1.3159673244445003e-06,9.999999747378752e-05
1522,1.0,1.9754165805352386e-06,9.999999747378752e-05
1523,1.0,1.0943737152047106e-06,9.999999747378752e-05
1524,1.0,1.316611474067031e-06,9.999999747378752e-05
1525,1.0,1.8549550304669538e-06,9.999999747378752e-05
1526,1.0,1.6084611615951871e-06,9.999999747378752e-05
1527,1.0,1.086925863091892e-06,9.999999747378752e-05
1528,1.0,2.887990376621019e-06,9.999999747378752e-05
1529,1.0,3.5277589631732553e-06,9.999999747378752e-05
1530,1.0,6.017904070176883e-06,9.999999747378752e-05
1531,1.0,1.2812798786399071e-06,9.999999747378752e-05
1532,1.0,2.286652488692198e-06,9.999999747378752e-05
1533,1.0,1.739788899612904e-06,9.999999747378752e-05
1534,1.0,1.7723482415021863e-06,9.999999747378752e-05
1535,1.0,1.505634827481117e-06,9.999999747378752e-05
1536,1.0,1.7810879171520355e-06,9.999999747378752e-05
1537,1.0,9.817695172387175e-07,9.999999747378752e-05
1538,1.0,2.4438688797090435e-06,9.999999747378752e-05
1539,1.0,1.933268549692002e-06,9.999999747378752e-05
1540,1.0,1.0956504183923244e-06,9.999999747378752e-05
1541,1.0,2.2021047243470093e-06,9.999999747378752e-05
1542,1.0,3.267046849941835e-05,9.999999747378752e-05
1543,1.0,0.00023022759705781937,9.999999747378752e-05
1544,1.0,0.00013484347437042743,9.999999747378752e-05
1545,1.0,0.00011446638382039964,9.999999747378752e-05
1546,1.0,2.7793705157819204e-05,9.999999747378752e-05
1547,1.0,1.8449853087076917e-05,9.999999747378752e-05
1548,1.0,8.515971785527654e-06,9.999999747378752e-05
1549,1.0,1.4655257473350503e-05,9.999999747378752e-05
1550,1.0,4.828648889088072e-05,9.999999747378752e-05
1551,1.0,2.9481878300430253e-05,9.999999747378752e-05
1552,1.0,1.0212480447080452e-05,9.999999747378752e-05
1553,1.0,9.25889253267087e-06,9.999999747378752e-05
1554,1.0,7.015280516498024e-06,9.999999747378752e-05
1555,1.0,7.561128768429626e-06,9.999999747378752e-05
1556,1.0,1.689289820205886e-05,9.999999747378752e-05
1557,1.0,6.932766154932324e-06,9.999999747378752e-05
1558,1.0,4.918970716971671e-06,9.999999747378752e-05
1559,1.0,4.570918918034295e-06,9.999999747378752e-05
1560,1.0,5.633444743580185e-06,9.999999747378752e-05
1561,1.0,1.4781476238567848e-05,9.999999747378752e-05
1562,1.0,7.264425221364945e-06,9.999999747378752e-05
1563,1.0,4.030848231195705e-06,9.999999747378752e-05
1564,1.0,7.313408332265681e-06,9.999999747378752e-05
1565,1.0,4.884939698968083e-06,9.999999747378752e-05
1566,1.0,4.78744959764299e-06,9.999999747378752e-05
1567,1.0,3.724976750163478e-06,9.999999747378752e-05
1568,1.0,8.745392733544577e-06,9.999999747378752e-05
1569,1.0,2.760489678621525e-06,9.999999747378752e-05
1570,1.0,7.034976079012267e-06,9.999999747378752e-05
1571,1.0,6.091267550800694e-06,9.999999747378752e-05
1572,1.0,4.332403932494344e-06,9.999999747378752e-05
1573,1.0,3.843109880108386e-06,9.999999747378752e-05
1574,1.0,9.352463166578673e-06,9.999999747378752e-05
1575,1.0,3.508974032229162e-06,9.999999747378752e-05
1576,1.0,2.4864582428563153e-06,9.999999747378752e-05
1577,1.0,3.6570838801708305e-06,9.999999747378752e-05
1578,1.0,2.991468136315234e-06,9.999999747378752e-05
1579,1.0,3.4713664263108512e-06,9.999999747378752e-05
1580,1.0,3.1025165299070068e-06,9.999999747378752e-05
1581,1.0,4.700958470493788e-06,9.999999747378752e-05
1582,1.0,5.1656088544405065e-06,9.999999747378752e-05
1583,1.0,2.015258132814779e-06,9.999999747378752e-05
1584,1.0,2.5520978397253202e-06,9.999999747378752e-05
1585,1.0,2.1546825337281916e-06,9.999999747378752e-05
1586,1.0,1.72022009792272e-06,9.999999747378752e-05
1587,1.0,9.469880751566961e-06,9.999999747378752e-05
1588,1.0,7.79668607719941e-06,9.999999747378752e-05
1589,1.0,2.793281510093948e-06,9.999999747378752e-05
1590,1.0,2.291016016897629e-06,9.999999747378752e-05
1591,1.0,2.690249630177277e-06,9.999999747378752e-05
1592,1.0,2.845972858267487e-06,9.999999747378752e-05
1593,1.0,3.2889493013499305e-06,9.999999747378752e-05
1594,1.0,3.2966688650049036e-06,9.999999747378752e-05
1595,1.0,2.1932075924269157e-06,9.999999747378752e-05
1596,1.0,1.8670876897886046e-06,9.999999747378752e-05
1597,1.0,3.3070405152102467e-06,9.999999747378752e-05
1598,1.0,4.9030281843442935e-06,9.999999747378752e-05
1599,1.0,3.3794269711506786e-06,9.999999747378752e-05
1600,1.0,4.48645778305945e-06,9.999999747378752e-05
1601,1.0,3.403961045478354e-06,9.999999747378752e-05
1602,1.0,2.3432448870153166e-06,9.999999747378752e-05
1603,1.0,1.7519063248983002e-06,9.999999747378752e-05
1604,1.0,1.482652010054153e-06,9.999999747378752e-05
1605,1.0,2.8590984584297985e-06,9.999999747378752e-05
1606,1.0,1.0138623110833578e-05,9.999999747378752e-05
1607,1.0,3.065728606088669e-06,9.999999747378752e-05
1608,1.0,2.1525372631003847e-06,9.999999747378752e-05
1609,1.0,1.953944092747406e-06,9.999999747378752e-05
1610,1.0,3.6806695788982324e-06,9.999999747378752e-05
1611,1.0,2.637893885548692e-06,9.999999747378752e-05
1612,1.0,1.6665583189023891e-06,9.999999747378752e-05
1613,1.0,2.2866040580993285e-06,9.999999747378752e-05
1614,1.0,1.6427269429186708e-06,9.999999747378752e-05
1615,1.0,2.2374460968421772e-06,9.999999747378752e-05
1616,1.0,1.2118849781472818e-06,9.999999747378752e-05
1617,1.0,1.8449258277541958e-05,9.999999747378752e-05
1618,1.0,2.001627080971957e-06,9.999999747378752e-05
1619,1.0,3.2857560654520057e-06,9.999999747378752e-05
1620,1.0,3.0160965707182186e-06,9.999999747378752e-05
1621,1.0,1.7636411939747632e-06,9.999999747378752e-05
1622,1.0,2.348136376895127e-06,9.999999747378752e-05
1623,1.0,3.475009634712478e-06,9.999999747378752e-05
1624,1.0,2.446508005959913e-06,9.999999747378752e-05
1625,1.0,3.4560739550215658e-06,9.999999747378752e-05
1626,1.0,3.4257627703482285e-06,9.999999747378752e-05
1627,1.0,1.2520196833065711e-05,9.999999747378752e-05
1628,1.0,4.035071469843388e-06,9.999999747378752e-05
1629,1.0,4.802917374036042e-06,9.999999747378752e-05
1630,1.0,1.7297963950113626e-06,9.999999747378752e-05
1631,1.0,1.5009600247140042e-06,9.999999747378752e-05
1632,1.0,1.748743102325534e-06,9.999999747378752e-05
1633,1.0,3.2015220767789287e-06,9.999999747378752e-05
1634,1.0,5.136645540915197e-06,9.999999747378752e-05
1635,1.0,1.6523075601071469e-06,9.999999747378752e-05
1636,1.0,3.899374860338867e-06,9.999999747378752e-05
1637,1.0,6.353117441904033e-06,9.999999747378752e-05
1638,1.0,2.6327077193855075e-06,9.999999747378752e-05
1639,1.0,1.2851090787080466e-06,9.999999747378752e-05
1640,1.0,5.638339189317776e-06,9.999999747378752e-05
1641,1.0,7.97989468992455e-06,9.999999747378752e-05
1642,1.0,1.7423467397748027e-06,9.999999747378752e-05
1643,1.0,1.9560741293389583e-06,9.999999747378752e-05
1644,1.0,1.5420331465065829e-06,9.999999747378752e-05
1645,1.0,9.832591558733839e-07,9.999999747378752e-05
1646,1.0,2.2595766040467424e-06,9.999999747378752e-05
1647,1.0,1.546070734548266e-06,9.999999747378752e-05
1648,1.0,1.997362460315344e-06,9.999999747378752e-05
1649,1.0,2.3819959551474312e-06,9.999999747378752e-05
1650,1.0,1.6173987660295097e-06,9.999999747378752e-05
1651,1.0,1.280001242776052e-06,9.999999747378752e-05
1652,1.0,1.4688129112983006e-06,9.999999747378752e-05
1653,1.0,1.6780602436483605e-06,9.999999747378752e-05
1654,1.0,1.610564822840388e-06,9.999999747378752e-05
1655,1.0,1.5820476164662978e-06,9.999999747378752e-05
1656,1.0,1.360238798042701e-06,9.999999747378752e-05
1657,1.0,1.4277319451139192e-06,9.999999747378752e-05
1658,1.0,1.8908791616922827e-06,9.999999747378752e-05
1659,1.0,2.019447265411145e-06,9.999999747378752e-05
1660,1.0,4.815734428120777e-06,9.999999747378752e-05
1661,1.0,9.904966873364174e-07,9.999999747378752e-05
1662,1.0,1.5794429373272578e-06,9.999999747378752e-05
1663,1.0,2.39539713220438e-06,9.999999747378752e-05
1664,1.0,1.7631908804105478e-06,9.999999747378752e-05
1665,1.0,1.8549343394624884e-06,9.999999747378752e-05
1666,1.0,1.2340178727754392e-06,9.999999747378752e-05
1667,1.0,1.0613774747980642e-06,9.999999747378752e-05
1668,1.0,2.196894683947903e-06,9.999999747378752e-05
1669,1.0,1.04350021956634e-06,9.999999747378752e-05
1670,1.0,1.580351067786978e-06,9.999999747378752e-05
1671,1.0,1.2891342748844181e-06,9.999999747378752e-05
1672,1.0,1.9441329186520306e-06,9.999999747378752e-05
1673,1.0,1.2663757615882787e-06,9.999999747378752e-05
1674,1.0,1.7689012565824669e-06,9.999999747378752e-05
1675,1.0,1.2220849612276652e-06,9.999999747378752e-05
1676,1.0,8.57662200814957e-07,9.999999747378752e-05
1677,1.0,1.8153060636905138e-06,9.999999747378752e-05
1678,1.0,1.6392574480050826e-06,9.999999747378752e-05
1679,1.0,1.1675989526338526e-06,9.999999747378752e-05
1680,1.0,1.8397871599518112e-06,9.999999747378752e-05
1681,1.0,8.059371339186328e-07,9.999999747378752e-05
1682,1.0,1.2320996347625623e-06,9.999999747378752e-05
1683,1.0,1.9845701899612322e-06,9.999999747378752e-05
1684,1.0,7.401593506983772e-07,9.999999747378752e-05
1685,1.0,1.0956523510685656e-06,9.999999747378752e-05
1686,1.0,4.03298463425017e-06,9.999999747378752e-05
1687,1.0,2.376779775659088e-06,9.999999747378752e-05
1688,1.0,6.138744083727943e-06,9.999999747378752e-05
1689,1.0,7.167669537011534e-06,9.999999747378752e-05
1690,1.0,5.8359951253805775e-06,9.999999747378752e-05
1691,1.0,1.9275425984233152e-06,9.999999747378752e-05
1692,1.0,2.003546569540049e-06,9.999999747378752e-05
1693,1.0,2.0040740764670772e-06,9.999999747378752e-05
1694,1.0,4.546145646600053e-06,9.999999747378752e-05
1695,1.0,1.4519993101203e-06,9.999999747378752e-05
1696,1.0,1.996291985051357e-06,9.999999747378752e-05
1697,1.0,1.068188566932804e-06,9.999999747378752e-05
1698,1.0,1.810635353649559e-06,9.999999747378752e-05
1699,1.0,1.3419394235825166e-06,9.999999747378752e-05
1700,1.0,8.304153880089871e-07,9.999999747378752e-05
1701,1.0,1.220176272909157e-06,9.999999747378752e-05
1702,1.0,1.3747198863711674e-06,9.999999747378752e-05
1703,1.0,8.947034189077385e-07,9.999999747378752e-05
1704,1.0,1.0722179695221712e-06,9.999999747378752e-05
1705,1.0,1.7380212966600084e-06,9.999999747378752e-05
1706,1.0,7.957182219797687e-07,9.999999747378752e-05
1707,1.0,6.735290298820473e-07,9.999999747378752e-05
1708,1.0,9.956017947843065e-07,9.999999747378752e-05
1709,1.0,2.042542519120616e-06,9.999999747378752e-05
1710,1.0,1.2060988865414402e-06,9.999999747378752e-05
1711,1.0,1.3593956964541576e-06,9.999999747378752e-05
1712,1.0,7.708121074756491e-07,9.999999747378752e-05
1713,1.0,1.148841874965001e-06,9.999999747378752e-05
1714,1.0,9.877242064249003e-07,9.999999747378752e-05
1715,1.0,1.2335759720372153e-06,9.999999747378752e-05
1716,1.0,7.084379376465222e-07,9.999999747378752e-05
1717,1.0,1.171181111203623e-06,9.999999747378752e-05
1718,1.0,9.54302777245175e-07,9.999999747378752e-05
1719,1.0,7.923100611151312e-07,9.999999747378752e-05
1720,1.0,1.925831156768254e-06,9.999999747378752e-05
1721,1.0,1.1624681519606384e-06,9.999999747378752e-05
1722,1.0,7.369653758360073e-07,9.999999747378752e-05
1723,1.0,1.3983399185235612e-06,9.999999747378752e-05
1724,1.0,5.10469817527337e-07,9.999999747378752e-05
1725,1.0,9.85386350293993e-07,9.999999747378752e-05
1726,1.0,5.956179620625335e-07,9.999999747378752e-05
1727,1.0,9.37699667247216e-07,9.999999747378752e-05
1728,1.0,6.884291678943555e-07,9.999999747378752e-05
1729,1.0,6.707617217216466e-07,9.999999747378752e-05
1730,1.0,7.501623713324079e-07,9.999999747378752e-05
1731,1.0,1.2340135526756058e-06,9.999999747378752e-05
1732,1.0,8.574490948376479e-07,9.999999747378752e-05
1733,1.0,9.915531791193644e-07,9.999999747378752e-05
1734,1.0,1.3866291510566953e-06,9.999999747378752e-05
1735,1.0,1.4234533409762662e-06,9.999999747378752e-05
1736,1.0,3.997763258212217e-07,9.999999747378752e-05
1737,1.0,1.2446394066500943e-06,9.999999747378752e-05
1738,1.0,8.123172960949887e-07,9.999999747378752e-05
1739,1.0,7.065232239256147e-07,9.999999747378752e-05
1740,1.0,3.4540469641797245e-05,9.999999747378752e-05
1741,0.9982143044471741,0.0026332412380725145,9.999999747378752e-05
1742,0.9982143044471741,0.0048512546345591545,9.999999747378752e-05
1743,1.0,0.00031158921774476767,9.999999747378752e-05
1744,1.0,0.00022564397659152746,9.999999747378752e-05
1745,1.0,0.00016349319776054472,9.999999747378752e-05
1746,1.0,0.0002225416392320767,9.999999747378752e-05
1747,1.0,0.00013183768896851689,9.999999747378752e-05
1748,1.0,5.0412974815117195e-05,9.999999747378752e-05
1749,1.0,6.363706052070484e-05,9.999999747378752e-05
1750,1.0,4.19914249505382e-05,9.999999747378752e-05
1751,1.0,5.6054701417451724e-05,9.999999747378752e-05
1752,1.0,0.00020197681442368776,9.999999747378752e-05
1753,1.0,0.0002949986082967371,9.999999747378752e-05
1754,1.0,4.679525227402337e-05,9.999999747378752e-05
1755,1.0,6.423980084946379e-05,9.999999747378752e-05
1756,1.0,2.8212012693984434e-05,9.999999747378752e-05
1757,1.0,6.706229032715783e-05,9.999999747378752e-05
1758,1.0,1.7523083442938514e-05,9.999999747378752e-05
1759,1.0,2.1948306311969645e-05,9.999999747378752e-05
1760,1.0,1.9226226868340746e-05,9.999999747378752e-05
1761,1.0,2.4371751351282e-05,9.999999747378752e-05
1762,1.0,1.4760597878193948e-05,9.999999747378752e-05
1763,1.0,2.8406333512975834e-05,9.999999747378752e-05
1764,1.0,4.280003486201167e-05,9.999999747378752e-05
1765,1.0,2.1666357497451827e-05,9.999999747378752e-05
1766,1.0,1.3894423318561167e-05,9.999999747378752e-05
1767,1.0,4.605913636623882e-05,9.999999747378752e-05
1768,1.0,1.5747249562991783e-05,9.999999747378752e-05
1769,1.0,1.4159675629343837e-05,9.999999747378752e-05
1770,1.0,1.85408480319893e-05,9.999999747378752e-05
1771,1.0,1.2413685908541083e-05,9.999999747378752e-05
1772,1.0,1.2794163012586068e-05,9.999999747378752e-05
1773,1.0,1.3914514966018032e-05,9.999999747378752e-05
1774,1.0,1.3586137356469408e-05,9.999999747378752e-05
1775,1.0,1.5625830201315694e-05,9.999999747378752e-05
1776,1.0,8.792098924459424e-06,9.999999747378752e-05
1777,1.0,1.6346129996236414e-05,9.999999747378752e-05
1778,1.0,3.9194419514387846e-05,9.999999747378752e-05
1779,1.0,9.411114660906605e-06,9.999999747378752e-05
1780,1.0,1.4138763617665973e-05,9.999999747378752e-05
1781,1.0,9.26451957639074e-06,9.999999747378752e-05
1782,1.0,1.6826013961690478e-05,9.999999747378752e-05
1783,1.0,1.2852341569669079e-05,9.999999747378752e-05
1784,1.0,2.404623774054926e-05,9.999999747378752e-05
1785,1.0,1.3904619663662743e-05,9.999999747378752e-05
1786,1.0,8.62815522850724e-06,9.999999747378752e-05
1787,1.0,1.0079041203425732e-05,9.999999747378752e-05
1788,1.0,7.589763117721304e-05,9.999999747378752e-05
1789,1.0,1.2438670637493487e-05,9.999999747378752e-05
1790,1.0,9.190289347316138e-06,9.999999747378752e-05
1791,1.0,8.74802572070621e-06,9.999999747378752e-05
1792,1.0,1.740053266985342e-05,9.999999747378752e-05
1793,1.0,8.551394785172306e-06,9.999999747378752e-05
1794,1.0,4.988453383703018e-06,9.999999747378752e-05
1795,1.0,1.2192053873150144e-05,9.999999747378752e-05
1796,1.0,8.679101483721752e-06,9.999999747378752e-05
1797,1.0,8.062569577305112e-06,9.999999747378752e-05
1798,1.0,6.459364612965146e-06,9.999999747378752e-05
1799,1.0,1.1395723959140014e-05,9.999999747378752e-05
1800,1.0,4.821244147024117e-06,9.999999747378752e-05
1801,1.0,1.1925551916647237e-05,9.999999747378752e-05
1802,1.0,1.178598904516548e-05,9.999999747378752e-05
1803,1.0,1.0683726941351779e-05,9.999999747378752e-05
1804,1.0,6.733332611474907e-06,9.999999747378752e-05
1805,1.0,6.125800609879661e-06,9.999999747378752e-05
1806,1.0,4.762458047480322e-06,9.999999747378752e-05
1807,1.0,5.607512775895884e-06,9.999999747378752e-05
1808,1.0,1.0774980182759464e-05,9.999999747378752e-05
1809,1.0,2.6759156753541902e-05,9.999999747378752e-05
1810,1.0,5.702451289835153e-06,9.999999747378752e-05
1811,1.0,3.3735495890141465e-06,9.999999747378752e-05
1812,1.0,6.508590558951255e-06,9.999999747378752e-05
1813,1.0,9.847658475337084e-06,9.999999747378752e-05
1814,1.0,4.616260866896482e-06,9.999999747378752e-05
1815,1.0,5.73791248825728e-06,9.999999747378752e-05
1816,1.0,4.454602731129853e-06,9.999999747378752e-05
1817,1.0,6.345680503727635e-06,9.999999747378752e-05
1818,1.0,4.4987755245529115e-06,9.999999747378752e-05
1819,1.0,3.851802830467932e-06,9.999999747378752e-05
1820,1.0,6.60744626657106e-06,9.999999747378752e-05
1821,1.0,2.1550549718085676e-05,9.999999747378752e-05
1822,1.0,7.995445230335463e-06,9.999999747378752e-05
1823,1.0,5.289052296575392e-06,9.999999747378752e-05
1824,1.0,7.244136213557795e-06,9.999999747378752e-05
1825,1.0,1.0017419299401809e-05,9.999999747378752e-05
1826,1.0,1.6678308384143747e-05,9.999999747378752e-05
1827,1.0,4.305833044782048e-06,9.999999747378752e-05
1828,1.0,7.374024335149443e-06,9.999999747378752e-05
1829,1.0,6.6283996602578554e-06,9.999999747378752e-05
1830,1.0,2.777117742880364e-06,9.999999747378752e-05
1831,1.0,1.2272120329726022e-05,9.999999747378752e-05
1832,1.0,9.677568414190318e-06,9.999999747378752e-05
1833,1.0,4.059369985043304e-06,9.999999747378752e-05
1834,1.0,5.9806234276038595e-06,9.999999747378752e-05
1835,1.0,9.96233484329423e-06,9.999999747378752e-05
1836,1.0,3.7761990370199783e-06,9.999999747378752e-05
1837,1.0,4.117894604860339e-06,9.999999747378752e-05
1838,1.0,5.133486774866469e-05,9.999999747378752e-05
1839,1.0,6.294334525591694e-06,9.999999747378752e-05
1840,1.0,4.13516727348906e-06,9.999999747378752e-05
1841,1.0,4.6066588765825145e-06,9.999999747378752e-05
1842,1.0,3.5158936952939257e-06,9.999999747378752e-05
1843,1.0,5.969417543383315e-06,9.999999747378752e-05
1844,1.0,4.873948000749806e-06,9.999999747378752e-05
1845,1.0,4.282373993191868e-06,9.999999747378752e-05
1846,1.0,7.443711183441337e-06,9.999999747378752e-05
1847,1.0,3.3428871120122494e-06,9.999999747378752e-05
1848,1.0,3.1153099371294957e-06,9.999999747378752e-05
1849,1.0,5.146699550095946e-06,9.999999747378752e-05
1850,1.0,3.089541678491514e-06,9.999999747378752e-05
1851,1.0,5.823938408866525e-06,9.999999747378752e-05
1852,1.0,8.463970516459085e-06,9.999999747378752e-05
1853,1.0,4.587775038089603e-06,9.999999747378752e-05
1854,1.0,3.133658765364089e-06,9.999999747378752e-05
1855,1.0,3.765472683880944e-06,9.999999747378752e-05
1856,1.0,4.155313945375383e-06,9.999999747378752e-05
1857,1.0,3.420732127779047e-06,9.999999747378752e-05
1858,1.0,4.084030024387175e-06,9.999999747378752e-05
1859,1.0,2.5501640266156755e-06,9.999999747378752e-05
1860,1.0,2.1853268208360532e-06,9.999999747378752e-05
1861,1.0,2.403739472356392e-06,9.999999747378752e-05
1862,1.0,3.1902370665193303e-06,9.999999747378752e-05
1863,1.0,3.691271331263124e-06,9.999999747378752e-05
1864,1.0,2.5713834475027397e-06,9.999999747378752e-05
1865,1.0,4.632398940884741e-06,9.999999747378752e-05
1866,1.0,4.068280759383924e-06,9.999999747378752e-05
1867,1.0,2.8677602585958084e-06,9.999999747378752e-05
1868,1.0,5.978181434329599e-06,9.999999747378752e-05
1869,1.0,2.6533309664955596e-06,9.999999747378752e-05
1870,1.0,3.4870574836531887e-06,9.999999747378752e-05
1871,1.0,3.6106316656514537e-06,9.999999747378752e-05
1872,1.0,4.034430276078638e-06,9.999999747378752e-05
1873,1.0,2.228701077910955e-06,9.999999747378752e-05
1874,1.0,4.1233893171011005e-06,9.999999747378752e-05
1875,1.0,2.752406544459518e-06,9.999999747378752e-05
1876,1.0,3.4153556498495163e-06,9.999999747378752e-05
1877,1.0,2.5853023544186726e-06,9.999999747378752e-05
1878,1.0,1.6450601378892316e-06,9.999999747378752e-05
1879,1.0,2.360072585361195e-06,9.999999747378752e-05
1880,1.0,5.604216767096659e-06,9.999999747378752e-05
1881,1.0,2.3739139578538015e-06,9.999999747378752e-05
1882,1.0,5.347675141820218e-06,9.999999747378752e-05
1883,1.0,2.8303170438448433e-06,9.999999747378752e-05
1884,1.0,8.570282261644024e-06,9.999999747378752e-05
1885,1.0,3.1851543553784722e-06,9.999999747378752e-05
1886,1.0,2.945159394585062e-06,9.999999747378752e-05
1887,1.0,2.555857008701423e-06,9.999999747378752e-05
1888,1.0,3.181452484568581e-06,9.999999747378752e-05
1889,1.0,3.0620988127338933e-06,9.999999747378752e-05
1890,1.0,2.3526433778897626e-06,9.999999747378752e-05
1891,1.0,1.5454539834536263e-06,9.999999747378752e-05
1892,1.0,4.152286692260532e-06,9.999999747378752e-05
1893,1.0,2.2376743800123222e-06,9.999999747378752e-05
1894,1.0,2.92241247734637e-06,9.999999747378752e-05
1895,1.0,2.974244580400409e-06,9.999999747378752e-05
1896,1.0,4.351983534434112e-06,9.999999747378752e-05
1897,1.0,1.923924401125987e-06,9.999999747378752e-05
1898,1.0,3.239169473090442e-06,9.999999747378752e-05
1899,1.0,1.9703245470736874e-06,9.999999747378752e-05
1900,1.0,1.9928618257836206e-06,9.999999747378752e-05
1901,1.0,1.710622768769099e-06,9.999999747378752e-05
1902,1.0,2.376243628532393e-06,9.999999747378752e-05
1903,1.0,2.6367583814135287e-06,9.999999747378752e-05
1904,1.0,2.0250238321750658e-06,9.999999747378752e-05
1905,1.0,1.6418676977991709e-06,9.999999747378752e-05
1906,1.0,2.9517736948037054e-06,9.999999747378752e-05
1907,1.0,3.0809303552814526e-06,9.999999747378752e-05
1908,1.0,1.45412445817783e-06,9.999999747378752e-05
1909,1.0,1.6493286238983274e-06,9.999999747378752e-05
1910,1.0,1.2978804306840175e-06,9.999999747378752e-05
1911,1.0,1.5143451719268342e-06,9.999999747378752e-05
1912,1.0,2.362193299632054e-06,9.999999747378752e-05
1913,1.0,2.453751903885859e-06,9.999999747378752e-05
1914,1.0,1.8566412336440408e-06,9.999999747378752e-05
1915,1.0,1.5850379213588894e-06,9.999999747378752e-05
1916,1.0,1.967764546861872e-06,9.999999747378752e-05
1917,1.0,3.3576977784832707e-06,9.999999747378752e-05
1918,1.0,2.2717140382155776e-06,9.999999747378752e-05
1919,1.0,1.8411091105008381e-06,9.999999747378752e-05
1920,1.0,3.5298301099828677e-06,9.999999747378752e-05
1921,1.0,1.6916702634262037e-06,9.999999747378752e-05
1922,1.0,1.828320705499209e-06,9.999999747378752e-05
1923,1.0,2.1047819700470427e-06,9.999999747378752e-05
1924,1.0,2.9587843073386466e-06,9.999999747378752e-05
1925,1.0,2.0099057564948453e-06,9.999999747378752e-05
1926,1.0,2.129074346157722e-06,9.999999747378752e-05
1927,1.0,2.18977288568567e-06,9.999999747378752e-05
1928,1.0,4.230208105582278e-06,9.999999747378752e-05
1929,1.0,1.8017428828898119e-06,9.999999747378752e-05
1930,1.0,2.0971817775716772e-06,9.999999747378752e-05
1931,1.0,1.1163012914039427e-06,9.999999747378752e-05
1932,1.0,3.0645612696389435e-06,9.999999747378752e-05
1933,1.0,3.6312517295300495e-06,9.999999747378752e-05
1934,1.0,1.6682676005075336e-06,9.999999747378752e-05
1935,1.0,2.1465700683620526e-06,9.999999747378752e-05
1936,1.0,1.8768425888993079e-06,9.999999747378752e-05
1937,1.0,1.252963556908071e-06,9.999999747378752e-05
1938,1.0,1.4419900935536134e-06,9.999999747378752e-05
1939,1.0,1.3672733985004015e-06,9.999999747378752e-05
1940,1.0,1.3979272353026317e-06,9.999999747378752e-05
1941,1.0,1.7670297438598936e-06,9.999999747378752e-05
1942,1.0,1.7775935248209862e-06,9.999999747378752e-05
1943,1.0,1.2773959952028235e-06,9.999999747378752e-05
1944,1.0,1.3161817378204432e-06,9.999999747378752e-05
1945,1.0,9.672925216364092e-07,9.999999747378752e-05
1946,1.0,2.602276936158887e-06,9.999999747378752e-05
1947,1.0,1.8051382539852057e-06,9.999999747378752e-05
1948,1.0,1.6467554360133363e-06,9.999999747378752e-05
1949,1.0,2.281757133459905e-06,9.999999747378752e-05
1950,1.0,1.8183418433181942e-06,9.999999747378752e-05
1951,1.0,1.7706448716126033e-06,9.999999747378752e-05
1952,1.0,2.150555701518897e-06,9.999999747378752e-05
1953,1.0,1.8900130953625194e-06,9.999999747378752e-05
1954,1.0,1.7414807871318772e-06,9.999999747378752e-05
1955,1.0,1.4734991964360233e-06,9.999999747378752e-05
1956,1.0,2.0251427486073226e-06,9.999999747378752e-05
1957,1.0,2.7878231776412576e-06,9.999999747378752e-05
1958,1.0,1.2731849210467772e-06,9.999999747378752e-05
1959,1.0,1.1054397646148573e-06,9.999999747378752e-05
1960,1.0,1.7412426132068504e-06,9.999999747378752e-05
1961,1.0,1.5330188034567982e-06,9.999999747378752e-05
1962,1.0,1.7084687442547875e-06,9.999999747378752e-05
1963,1.0,7.837956559342274e-07,9.999999747378752e-05
1964,1.0,1.6265109934465727e-06,9.999999747378752e-05
1965,1.0,1.5036649756439147e-06,9.999999747378752e-05
1966,1.0,1.3049003655396518e-06,9.999999747378752e-05
1967,1.0,1.6995525129459566e-06,9.999999747378752e-05
1968,1.0,1.0354074220231269e-06,9.999999747378752e-05
1969,1.0,1.3427861631498672e-06,9.999999747378752e-05
1970,1.0,1.8825825236490346e-06,9.999999747378752e-05
1971,1.0,3.0642283945780946e-06,9.999999747378752e-05
1972,1.0,1.1986759318460827e-06,9.999999747378752e-05
1973,1.0,1.3930130080552772e-06,9.999999747378752e-05
1974,1.0,1.083299025594897e-06,9.999999747378752e-05
1975,1.0,1.083933284462546e-06,9.999999747378752e-05
1976,1.0,1.178019033432065e-06,9.999999747378752e-05
1977,1.0,1.22974256555608e-06,9.999999747378752e-05
1978,1.0,1.0801137477756129e-06,9.999999747378752e-05
1979,1.0,1.273376938115689e-06,9.999999747378752e-05
1980,1.0,2.622860165502061e-06,9.999999747378752e-05
1981,1.0,2.563889893281157e-06,9.999999747378752e-05
1982,1.0,8.929992532102915e-07,9.999999747378752e-05
1983,1.0,2.754969500529114e-06,9.999999747378752e-05
1984,1.0,9.059829153557075e-07,9.999999747378752e-05
1985,1.0,1.9896413050446426e-06,9.999999747378752e-05
1986,1.0,1.226136191689875e-06,9.999999747378752e-05
1987,1.0,8.41055395994772e-07,9.999999747378752e-05
1988,1.0,6.839587172180472e-07,9.999999747378752e-05
1989,1.0,8.13160909274302e-07,9.999999747378752e-05
1990,1.0,1.1992990494036349e-06,9.999999747378752e-05
1991,1.0,6.596912953682477e-07,9.999999747378752e-05
1992,1.0,1.1499251968416502e-06,9.999999747378752e-05
1993,1.0,1.1358713436493417e-06,9.999999747378752e-05
1994,1.0,8.076349331531674e-07,9.999999747378752e-05
1995,1.0,2.4001108158699935e-06,9.999999747378752e-05
1996,1.0,1.4187726264935918e-06,9.999999747378752e-05
1997,1.0,2.2590149910683976e-06,9.999999747378752e-05
1998,1.0,4.323824214225169e-06,9.999999747378752e-05
1999,1.0,2.0428951756912284e-06,9.999999747378752e-05
