,categorical_accuracy,loss,learning_rate
0,0.5808823704719543,0.7047472596168518,0.0010000000474974513
1,0.625,0.6400995254516602,0.0010000000474974513
2,0.5882353186607361,0.6346691250801086,0.0010000000474974513
3,0.6323529481887817,0.6092591285705566,0.0010000000474974513
4,0.6029411554336548,0.6144390106201172,0.0010000000474974513
5,0.6470588445663452,0.5975069999694824,0.0010000000474974513
6,0.6764705777168274,0.590200662612915,0.0010000000474974513
7,0.6617646813392639,0.5738099813461304,0.0010000000474974513
8,0.6985294222831726,0.5542144179344177,0.0010000000474974513
9,0.6397058963775635,0.5921669006347656,0.0010000000474974513
10,0.6838235259056091,0.5509337782859802,0.0010000000474974513
11,0.75,0.522059440612793,0.0010000000474974513
12,0.7941176295280457,0.5008826851844788,0.0010000000474974513
13,0.6838235259056091,0.5211626291275024,0.0010000000474974513
14,0.7352941036224365,0.5128237009048462,0.0010000000474974513
15,0.8308823704719543,0.4815903306007385,0.0010000000474974513
16,0.779411792755127,0.4556030035018921,0.0010000000474974513
17,0.845588207244873,0.4289844334125519,0.0010000000474974513
18,0.8088235259056091,0.3990785479545593,0.0010000000474974513
19,0.8161764740943909,0.3633705973625183,0.0010000000474974513
20,0.9264705777168274,0.3652535378932953,0.0010000000474974513
21,0.8897058963775635,0.35365816950798035,0.0010000000474974513
22,0.8676470518112183,0.3182353675365448,0.0010000000474974513
23,0.8161764740943909,0.39204642176628113,0.0010000000474974513
24,0.9338235259056091,0.3035248816013336,0.0010000000474974513
25,0.9117646813392639,0.2889659106731415,0.0010000000474974513
26,0.9117646813392639,0.29510873556137085,0.0010000000474974513
27,0.8897058963775635,0.33534860610961914,0.0010000000474974513
28,0.8897058963775635,0.2826497256755829,0.0010000000474974513
29,0.9264705777168274,0.25661832094192505,0.0010000000474974513
30,0.9485294222831726,0.22537656128406525,0.0010000000474974513
31,0.8970588445663452,0.2609400451183319,0.0010000000474974513
32,0.9558823704719543,0.24103781580924988,0.0010000000474974513
33,0.9485294222831726,0.2314637005329132,0.0010000000474974513
34,0.9117646813392639,0.23293626308441162,0.0010000000474974513
35,0.9338235259056091,0.2096322923898697,0.0010000000474974513
36,0.9191176295280457,0.21574927866458893,0.0010000000474974513
37,0.9264705777168274,0.22270165383815765,0.0010000000474974513
38,0.9779411554336548,0.16300760209560394,0.0010000000474974513
39,0.9779411554336548,0.16988515853881836,0.0010000000474974513
40,0.9117646813392639,0.2589206099510193,0.0010000000474974513
41,0.9485294222831726,0.21380846202373505,0.0010000000474974513
42,0.970588207244873,0.14649909734725952,0.0010000000474974513
43,0.9779411554336548,0.14567513763904572,0.0010000000474974513
44,0.9558823704719543,0.15743479132652283,0.0010000000474974513
45,0.9558823704719543,0.1560918390750885,0.0010000000474974513
46,0.970588207244873,0.15762536227703094,0.0010000000474974513
47,0.9264705777168274,0.21201463043689728,0.0010000000474974513
48,0.9191176295280457,0.21459192037582397,0.0010000000474974513
49,0.9852941036224365,0.13383734226226807,0.0010000000474974513
50,0.9411764740943909,0.17207986116409302,0.0010000000474974513
51,0.9264705777168274,0.192321315407753,0.0010000000474974513
52,0.9485294222831726,0.16999690234661102,0.0010000000474974513
53,0.9411764740943909,0.16518254578113556,0.0010000000474974513
54,0.9411764740943909,0.16374614834785461,0.0010000000474974513
55,0.970588207244873,0.124988853931427,0.0010000000474974513
56,0.9558823704719543,0.16204318404197693,0.0010000000474974513
57,0.9926470518112183,0.09923118352890015,0.0010000000474974513
58,0.9485294222831726,0.1604110598564148,0.0010000000474974513
59,0.9191176295280457,0.20088577270507812,0.0010000000474974513
60,0.9117646813392639,0.21487073600292206,0.0010000000474974513
61,0.9558823704719543,0.1612636297941208,0.0010000000474974513
62,0.9852941036224365,0.11130592226982117,0.0010000000474974513
63,0.970588207244873,0.1391759067773819,0.0010000000474974513
64,0.9926470518112183,0.12107734382152557,0.0010000000474974513
65,0.9338235259056091,0.16915978491306305,0.0010000000474974513
66,0.8897058963775635,0.23377898335456848,0.0010000000474974513
67,0.970588207244873,0.14251220226287842,0.0010000000474974513
68,0.9926470518112183,0.07427790015935898,0.0010000000474974513
69,0.9632353186607361,0.08827269077301025,0.0010000000474974513
70,0.9558823704719543,0.13904112577438354,0.0010000000474974513
71,0.9264705777168274,0.2211245745420456,0.0010000000474974513
72,0.9117646813392639,0.21031290292739868,0.0010000000474974513
73,0.9338235259056091,0.24493160843849182,0.0010000000474974513
74,0.9485294222831726,0.15694458782672882,0.0010000000474974513
75,0.9485294222831726,0.11348795890808105,0.0010000000474974513
76,1.0,0.07802040129899979,0.0010000000474974513
77,0.9558823704719543,0.10272425413131714,0.0010000000474974513
78,0.9485294222831726,0.12226799130439758,0.0010000000474974513
79,0.9779411554336548,0.09958413243293762,0.0010000000474974513
80,0.9852941036224365,0.08218531310558319,0.0010000000474974513
81,0.970588207244873,0.11574991047382355,0.0010000000474974513
82,0.9632353186607361,0.13027846813201904,0.0010000000474974513
83,0.9117646813392639,0.2250303477048874,0.0010000000474974513
84,0.9558823704719543,0.1747686266899109,0.0010000000474974513
85,0.970588207244873,0.13479779660701752,0.0010000000474974513
86,0.9485294222831726,0.14706376194953918,0.0010000000474974513
87,0.970588207244873,0.09840868413448334,0.0010000000474974513
88,0.9926470518112183,0.09468458592891693,0.0010000000474974513
89,0.9926470518112183,0.06157737597823143,0.0010000000474974513
90,0.9558823704719543,0.13231632113456726,0.0010000000474974513
91,0.9779411554336548,0.10406088829040527,0.0010000000474974513
92,0.9852941036224365,0.06589768081903458,0.0010000000474974513
93,0.9558823704719543,0.12901881337165833,0.0010000000474974513
94,0.9558823704719543,0.1167462095618248,0.0010000000474974513
95,0.9632353186607361,0.09569493681192398,0.0010000000474974513
96,0.9926470518112183,0.05737652629613876,0.0010000000474974513
97,0.9779411554336548,0.06784044951200485,0.0010000000474974513
98,0.970588207244873,0.08673723042011261,0.0010000000474974513
99,0.9779411554336548,0.084510937333107,0.0010000000474974513
100,0.9632353186607361,0.11398754268884659,0.0010000000474974513
101,0.970588207244873,0.09136476367712021,0.0010000000474974513
102,0.9926470518112183,0.05867598205804825,0.0010000000474974513
103,0.9852941036224365,0.05723240599036217,0.0010000000474974513
104,0.9926470518112183,0.06548640877008438,0.0010000000474974513
105,0.9411764740943909,0.13388580083847046,0.0010000000474974513
106,0.9558823704719543,0.14275480806827545,0.0010000000474974513
107,0.9632353186607361,0.14333897829055786,0.0010000000474974513
108,0.9411764740943909,0.1567467600107193,0.0010000000474974513
109,0.9558823704719543,0.1308823525905609,0.0010000000474974513
110,0.9485294222831726,0.16018740832805634,0.0010000000474974513
111,0.9117646813392639,0.21414877474308014,0.0010000000474974513
112,0.970588207244873,0.128643199801445,0.0010000000474974513
113,0.9779411554336548,0.09105396270751953,0.0010000000474974513
114,0.9779411554336548,0.08543134480714798,0.0010000000474974513
115,0.9926470518112183,0.0717061311006546,0.0010000000474974513
116,0.9632353186607361,0.12781961262226105,0.0010000000474974513
117,0.9485294222831726,0.11935544013977051,0.0010000000474974513
118,0.9926470518112183,0.06706161797046661,0.0010000000474974513
119,0.9558823704719543,0.17327260971069336,0.0010000000474974513
120,0.9485294222831726,0.14911015331745148,0.0010000000474974513
121,0.970588207244873,0.10884121060371399,0.0010000000474974513
122,0.9191176295280457,0.22163879871368408,0.0010000000474974513
123,0.9411764740943909,0.18056237697601318,0.0010000000474974513
124,0.9558823704719543,0.15149633586406708,0.0010000000474974513
125,0.9926470518112183,0.10008859634399414,0.0010000000474974513
126,0.9558823704719543,0.11254411935806274,0.0010000000474974513
127,0.9411764740943909,0.16579744219779968,0.0010000000474974513
128,0.9485294222831726,0.14206597208976746,0.0010000000474974513
129,0.8970588445663452,0.27029022574424744,0.0010000000474974513
130,0.9264705777168274,0.2251371443271637,0.0010000000474974513
131,0.9264705777168274,0.20106275379657745,0.0010000000474974513
132,0.9411764740943909,0.17879441380500793,0.0010000000474974513
133,0.9264705777168274,0.16774067282676697,0.0010000000474974513
134,0.9411764740943909,0.17056156694889069,0.0010000000474974513
135,0.9852941036224365,0.12069511413574219,0.0010000000474974513
136,0.9264705777168274,0.16454090178012848,0.0010000000474974513
137,0.9632353186607361,0.11200427263975143,0.0010000000474974513
138,0.9485294222831726,0.13467709720134735,0.0010000000474974513
139,0.9558823704719543,0.09868033230304718,0.0010000000474974513
140,0.9779411554336548,0.07609041780233383,0.0010000000474974513
141,0.970588207244873,0.09081656485795975,0.0010000000474974513
142,0.9779411554336548,0.06187225878238678,0.0010000000474974513
143,0.9779411554336548,0.06784702837467194,0.0010000000474974513
144,0.9779411554336548,0.06163468211889267,0.0010000000474974513
145,0.9926470518112183,0.05448460951447487,0.0010000000474974513
146,0.9558823704719543,0.11964750289916992,0.0010000000474974513
147,0.9852941036224365,0.07749167084693909,0.0010000000474974513
148,0.9411764740943909,0.13402339816093445,0.0010000000474974513
149,0.9191176295280457,0.18736959993839264,0.0010000000474974513
150,0.8823529481887817,0.25628548860549927,0.0010000000474974513
151,0.9926470518112183,0.09963078796863556,0.0010000000474974513
152,0.9779411554336548,0.0977536290884018,0.0010000000474974513
153,0.9779411554336548,0.10097181051969528,0.0010000000474974513
154,0.970588207244873,0.07665311545133591,0.0010000000474974513
155,0.9926470518112183,0.07428862899541855,0.0010000000474974513
156,0.9926470518112183,0.04461022838950157,0.0010000000474974513
157,0.9926470518112183,0.0505562350153923,0.0010000000474974513
158,0.9852941036224365,0.04766308516263962,0.0010000000474974513
159,0.9779411554336548,0.0635557770729065,0.0010000000474974513
160,0.9485294222831726,0.10031279921531677,0.0010000000474974513
161,0.9852941036224365,0.07300931960344315,0.0010000000474974513
162,0.9264705777168274,0.16042594611644745,0.0010000000474974513
163,0.9264705777168274,0.19629257917404175,0.0010000000474974513
164,0.9558823704719543,0.14226457476615906,0.0010000000474974513
165,0.9926470518112183,0.08942917734384537,0.0010000000474974513
166,0.9852941036224365,0.06578116118907928,0.0010000000474974513
167,0.9852941036224365,0.07382765412330627,0.0010000000474974513
168,1.0,0.0262774545699358,0.0010000000474974513
169,0.9779411554336548,0.04612621292471886,0.0010000000474974513
170,0.9926470518112183,0.06662505865097046,0.0010000000474974513
171,1.0,0.026631459593772888,0.0010000000474974513
172,1.0,0.02814830094575882,0.0010000000474974513
173,1.0,0.032640744000673294,0.0010000000474974513
174,1.0,0.03020469844341278,0.0010000000474974513
175,0.9926470518112183,0.027216851711273193,0.0010000000474974513
176,1.0,0.02212280035018921,0.0010000000474974513
177,0.9926470518112183,0.021362241357564926,0.0010000000474974513
178,0.9926470518112183,0.034724652767181396,0.0010000000474974513
179,0.9852941036224365,0.02777884341776371,0.0010000000474974513
180,0.9926470518112183,0.046362943947315216,0.0010000000474974513
181,1.0,0.021165721118450165,0.0010000000474974513
182,0.9852941036224365,0.04620344936847687,0.0010000000474974513
183,0.9852941036224365,0.04370127618312836,0.0010000000474974513
184,0.9411764740943909,0.1437678188085556,0.0010000000474974513
185,0.9485294222831726,0.1230517253279686,0.0010000000474974513
186,0.9632353186607361,0.09422706812620163,0.0010000000474974513
187,0.9264705777168274,0.17090623080730438,0.0010000000474974513
188,0.9852941036224365,0.09059284627437592,0.0010000000474974513
189,0.9779411554336548,0.07504935562610626,0.0010000000474974513
190,0.970588207244873,0.05910785123705864,0.0010000000474974513
191,0.9926470518112183,0.037102941423654556,0.0010000000474974513
192,1.0,0.03314411640167236,0.0010000000474974513
193,1.0,0.02220778726041317,0.0010000000474974513
194,0.9926470518112183,0.042559895664453506,0.0010000000474974513
195,0.9926470518112183,0.056225232779979706,0.0010000000474974513
196,0.9926470518112183,0.03057638369500637,0.0010000000474974513
197,1.0,0.03607110679149628,0.0010000000474974513
198,1.0,0.030672328546643257,0.0010000000474974513
199,0.9926470518112183,0.030922111123800278,0.0010000000474974513
200,0.9779411554336548,0.058529797941446304,0.0010000000474974513
201,0.9117646813392639,0.18713094294071198,0.0010000000474974513
202,0.875,0.2310866266489029,0.0010000000474974513
203,0.9191176295280457,0.2147107869386673,0.0010000000474974513
204,0.8897058963775635,0.23526600003242493,0.0010000000474974513
205,0.9558823704719543,0.1735982894897461,0.0010000000474974513
206,0.970588207244873,0.11196912080049515,0.0010000000474974513
207,0.9632353186607361,0.08687923103570938,0.0010000000474974513
208,1.0,0.04843822866678238,0.0010000000474974513
209,0.9779411554336548,0.07625818252563477,0.0010000000474974513
210,0.9779411554336548,0.0874156802892685,0.0010000000474974513
211,0.9485294222831726,0.10179156810045242,0.0010000000474974513
212,0.970588207244873,0.06235412880778313,0.0010000000474974513
213,0.970588207244873,0.10089851915836334,0.0010000000474974513
214,0.9779411554336548,0.04998765140771866,0.0010000000474974513
215,0.9779411554336548,0.09654603153467178,0.0010000000474974513
216,0.9338235259056091,0.26704874634742737,0.0010000000474974513
217,0.9558823704719543,0.11437244713306427,0.0010000000474974513
218,0.9558823704719543,0.10195131599903107,0.0010000000474974513
219,0.9852941036224365,0.06337863951921463,0.0010000000474974513
220,1.0,0.033452074974775314,0.0010000000474974513
221,0.970588207244873,0.06996245682239532,0.0010000000474974513
222,0.970588207244873,0.09140602499246597,0.0010000000474974513
223,0.9852941036224365,0.07603678852319717,0.0010000000474974513
224,0.9411764740943909,0.11435998976230621,0.0010000000474974513
225,0.9485294222831726,0.10524624586105347,0.0010000000474974513
226,0.9852941036224365,0.07176389545202255,0.0010000000474974513
227,0.9926470518112183,0.04899799823760986,0.0010000000474974513
228,0.9926470518112183,0.03834458440542221,0.0010000000474974513
229,0.9926470518112183,0.021604353561997414,0.0010000000474974513
230,1.0,0.03408993035554886,0.0010000000474974513
231,0.9852941036224365,0.03385187312960625,0.0010000000474974513
232,0.9852941036224365,0.042079858481884,0.0005000000237487257
233,0.970588207244873,0.058023110032081604,0.0005000000237487257
234,1.0,0.019793078303337097,0.0005000000237487257
235,1.0,0.01749415509402752,0.0005000000237487257
236,1.0,0.014078553766012192,0.0005000000237487257
237,0.9926470518112183,0.03348047658801079,0.0005000000237487257
238,1.0,0.02186666801571846,0.0005000000237487257
239,1.0,0.009688504040241241,0.0005000000237487257
240,1.0,0.021740153431892395,0.0005000000237487257
241,0.9926470518112183,0.027355441823601723,0.0005000000237487257
242,0.9926470518112183,0.039016179740428925,0.0005000000237487257
243,1.0,0.016845203936100006,0.0005000000237487257
244,1.0,0.009887843392789364,0.0005000000237487257
245,0.9779411554336548,0.05566544458270073,0.0005000000237487257
246,0.9926470518112183,0.028785528615117073,0.0005000000237487257
247,1.0,0.01784450188279152,0.0005000000237487257
248,0.970588207244873,0.04480762034654617,0.0005000000237487257
249,0.9926470518112183,0.04579797014594078,0.0005000000237487257
250,1.0,0.026555167511105537,0.0005000000237487257
251,0.9926470518112183,0.02300638146698475,0.0005000000237487257
252,0.9779411554336548,0.05395057797431946,0.0005000000237487257
253,0.9926470518112183,0.03253473341464996,0.0005000000237487257
254,0.9926470518112183,0.03346095234155655,0.0005000000237487257
255,1.0,0.020872512832283974,0.0005000000237487257
256,1.0,0.01929093524813652,0.0005000000237487257
257,1.0,0.01817147806286812,0.0005000000237487257
258,0.9926470518112183,0.014061542227864265,0.0005000000237487257
259,1.0,0.009947016835212708,0.0005000000237487257
260,0.9852941036224365,0.026906196027994156,0.0005000000237487257
261,0.9926470518112183,0.018137896433472633,0.0005000000237487257
262,0.9926470518112183,0.03255431726574898,0.0005000000237487257
263,0.9779411554336548,0.05895347520709038,0.0005000000237487257
264,1.0,0.04615078866481781,0.0005000000237487257
265,0.970588207244873,0.0857318714261055,0.0005000000237487257
266,1.0,0.030119864270091057,0.0005000000237487257
267,1.0,0.022074218839406967,0.0005000000237487257
268,1.0,0.013166402466595173,0.0005000000237487257
269,1.0,0.01640460453927517,0.0005000000237487257
270,1.0,0.01043110340833664,0.0005000000237487257
271,1.0,0.011040082201361656,0.0005000000237487257
272,1.0,0.006658515427261591,0.0005000000237487257
273,1.0,0.008614769205451012,0.0005000000237487257
274,1.0,0.014591063372790813,0.0005000000237487257
275,1.0,0.016137754544615746,0.0005000000237487257
276,1.0,0.011573095805943012,0.0005000000237487257
277,1.0,0.008611731231212616,0.0005000000237487257
278,1.0,0.0062181418761610985,0.0005000000237487257
279,1.0,0.014320546761155128,0.0005000000237487257
280,0.9852941036224365,0.03725026547908783,0.0005000000237487257
281,1.0,0.020277000963687897,0.0005000000237487257
282,0.970588207244873,0.07784570753574371,0.0005000000237487257
283,1.0,0.025046532973647118,0.0005000000237487257
284,0.9926470518112183,0.02016960270702839,0.0005000000237487257
285,1.0,0.019004352390766144,0.0005000000237487257
286,0.9926470518112183,0.013894233852624893,0.0005000000237487257
287,0.9852941036224365,0.04056307300925255,0.0005000000237487257
288,0.9926470518112183,0.04071824997663498,0.0005000000237487257
289,0.9852941036224365,0.06675329059362411,0.0005000000237487257
290,0.9852941036224365,0.041078828275203705,0.0005000000237487257
291,0.9779411554336548,0.050858933478593826,0.0005000000237487257
292,0.9926470518112183,0.025918172672390938,0.0005000000237487257
293,0.9926470518112183,0.03554693982005119,0.0005000000237487257
294,0.9852941036224365,0.033150870352983475,0.0005000000237487257
295,1.0,0.026066891849040985,0.0005000000237487257
296,0.9926470518112183,0.028739841654896736,0.0005000000237487257
297,1.0,0.023475896567106247,0.0005000000237487257
298,1.0,0.008095046505331993,0.0005000000237487257
299,1.0,0.024465370923280716,0.0005000000237487257
300,0.9926470518112183,0.022346721962094307,0.0005000000237487257
301,1.0,0.0169752798974514,0.0005000000237487257
302,1.0,0.020380472764372826,0.0005000000237487257
303,0.9926470518112183,0.014914347790181637,0.0005000000237487257
304,0.9852941036224365,0.05313220992684364,0.0005000000237487257
305,1.0,0.011154855601489544,0.0005000000237487257
306,1.0,0.026757316663861275,0.0005000000237487257
307,1.0,0.021217305213212967,0.0005000000237487257
308,1.0,0.012210892513394356,0.0005000000237487257
309,1.0,0.007752274628728628,0.0005000000237487257
310,1.0,0.004664945881813765,0.0005000000237487257
311,1.0,0.009392027743160725,0.0005000000237487257
312,1.0,0.016125064343214035,0.0005000000237487257
313,1.0,0.027291417121887207,0.0005000000237487257
314,1.0,0.017819132655858994,0.0005000000237487257
315,1.0,0.026448991149663925,0.0005000000237487257
316,1.0,0.010774013586342335,0.0005000000237487257
317,1.0,0.010796336457133293,0.0005000000237487257
318,1.0,0.00807358417659998,0.0005000000237487257
319,1.0,0.004704738967120647,0.0005000000237487257
320,0.9852941036224365,0.0390964075922966,0.0005000000237487257
321,0.970588207244873,0.060792405158281326,0.0005000000237487257
322,0.9852941036224365,0.03543674200773239,0.0005000000237487257
323,0.9926470518112183,0.03200070932507515,0.0005000000237487257
324,1.0,0.01593119651079178,0.0005000000237487257
325,0.9852941036224365,0.033371903002262115,0.0005000000237487257
326,0.9926470518112183,0.03994521498680115,0.0005000000237487257
327,0.9926470518112183,0.019215423613786697,0.0005000000237487257
328,1.0,0.014066686853766441,0.0005000000237487257
329,0.9926470518112183,0.0215658750385046,0.0005000000237487257
330,1.0,0.022223390638828278,0.0005000000237487257
331,1.0,0.011225617490708828,0.0005000000237487257
332,0.9926470518112183,0.024523243308067322,0.0005000000237487257
333,0.9926470518112183,0.03167976438999176,0.0005000000237487257
334,1.0,0.029981151223182678,0.0005000000237487257
335,0.9632353186607361,0.10088755190372467,0.0005000000237487257
336,0.9926470518112183,0.036427319049835205,0.0005000000237487257
337,0.9779411554336548,0.06018151342868805,0.0005000000237487257
338,0.9926470518112183,0.03294839709997177,0.0005000000237487257
339,1.0,0.010244146920740604,0.0005000000237487257
340,0.9926470518112183,0.016446134075522423,0.0005000000237487257
341,1.0,0.014550703577697277,0.0005000000237487257
342,1.0,0.010474912822246552,0.0005000000237487257
343,1.0,0.008867362514138222,0.0005000000237487257
344,1.0,0.013548003509640694,0.0005000000237487257
345,1.0,0.010724090039730072,0.0005000000237487257
346,0.9779411554336548,0.06012783944606781,0.0005000000237487257
347,1.0,0.014198007993400097,0.0005000000237487257
348,0.9852941036224365,0.042567864060401917,0.0005000000237487257
349,1.0,0.010772470384836197,0.0005000000237487257
350,1.0,0.01934928633272648,0.0005000000237487257
351,1.0,0.008589192293584347,0.0005000000237487257
352,1.0,0.015306041575968266,0.0005000000237487257
353,0.9926470518112183,0.01780775748193264,0.0005000000237487257
354,1.0,0.012690979987382889,0.0005000000237487257
355,1.0,0.011125943623483181,0.0005000000237487257
356,1.0,0.008043374866247177,0.0005000000237487257
357,1.0,0.005980219226330519,0.0005000000237487257
358,1.0,0.007412318605929613,0.0005000000237487257
359,1.0,0.005955520085990429,0.0005000000237487257
360,1.0,0.005537840072065592,0.0005000000237487257
361,1.0,0.005780722014605999,0.0002500000118743628
362,1.0,0.003523036139085889,0.0002500000118743628
363,1.0,0.003883545519784093,0.0002500000118743628
364,1.0,0.0063697947189211845,0.0002500000118743628
365,1.0,0.01118533220142126,0.0002500000118743628
366,1.0,0.010431269183754921,0.0002500000118743628
367,1.0,0.009820060804486275,0.0002500000118743628
368,1.0,0.003401560243219137,0.0002500000118743628
369,1.0,0.0036103189922869205,0.0002500000118743628
370,1.0,0.005649980157613754,0.0002500000118743628
371,1.0,0.008777342736721039,0.0002500000118743628
372,1.0,0.011692026630043983,0.0002500000118743628
373,0.9926470518112183,0.019965101033449173,0.0002500000118743628
374,1.0,0.006706336047500372,0.0002500000118743628
375,1.0,0.014695619232952595,0.0002500000118743628
376,1.0,0.008011188358068466,0.0002500000118743628
377,1.0,0.012499518692493439,0.0002500000118743628
378,1.0,0.018174096941947937,0.0002500000118743628
379,1.0,0.00991092436015606,0.0002500000118743628
380,1.0,0.011093804612755775,0.0002500000118743628
381,1.0,0.006150734145194292,0.0002500000118743628
382,1.0,0.007446331903338432,0.0002500000118743628
383,0.9852941036224365,0.020430877804756165,0.0002500000118743628
384,0.9926470518112183,0.0315198190510273,0.0002500000118743628
385,0.9558823704719543,0.10917240381240845,0.0002500000118743628
386,0.9926470518112183,0.04194632172584534,0.0002500000118743628
387,1.0,0.023686135187745094,0.0002500000118743628
388,1.0,0.01149022951722145,0.0002500000118743628
389,0.9926470518112183,0.016660260036587715,0.0002500000118743628
390,0.9926470518112183,0.02050580084323883,0.0002500000118743628
391,1.0,0.006842555478215218,0.0002500000118743628
392,0.9926470518112183,0.027510646730661392,0.0002500000118743628
393,1.0,0.010018122382462025,0.0002500000118743628
394,1.0,0.019201993942260742,0.0002500000118743628
395,1.0,0.013191713020205498,0.0002500000118743628
396,1.0,0.009995383210480213,0.0002500000118743628
397,1.0,0.011760269291698933,0.0002500000118743628
398,1.0,0.01116185076534748,0.0002500000118743628
399,1.0,0.004002830944955349,0.0002500000118743628
400,1.0,0.007690028287470341,0.0002500000118743628
401,1.0,0.005393222905695438,0.0002500000118743628
402,1.0,0.008797713555395603,0.0002500000118743628
403,1.0,0.009936944581568241,0.0002500000118743628
404,1.0,0.011179440654814243,0.0002500000118743628
405,1.0,0.014544971287250519,0.0002500000118743628
406,1.0,0.017564069479703903,0.0002500000118743628
407,1.0,0.006350846961140633,0.0002500000118743628
408,1.0,0.00593585753813386,0.0002500000118743628
409,1.0,0.022097298875451088,0.0002500000118743628
410,1.0,0.0033772075548768044,0.0002500000118743628
411,1.0,0.00667152414098382,0.0002500000118743628
412,1.0,0.010498294606804848,0.0002500000118743628
413,1.0,0.003404180984944105,0.0002500000118743628
414,1.0,0.006557959597557783,0.0002500000118743628
415,1.0,0.011243175715208054,0.0002500000118743628
416,1.0,0.015473083592951298,0.0002500000118743628
417,0.9852941036224365,0.047811660915613174,0.0002500000118743628
418,0.9926470518112183,0.0284915491938591,0.0002500000118743628
419,1.0,0.00735239963978529,0.0001250000059371814
420,1.0,0.008673225529491901,0.0001250000059371814
421,1.0,0.008288244716823101,0.0001250000059371814
422,1.0,0.005741667002439499,0.0001250000059371814
423,1.0,0.00800543837249279,0.0001250000059371814
424,1.0,0.007751369383186102,0.0001250000059371814
425,1.0,0.011142555624246597,0.0001250000059371814
426,1.0,0.02377927303314209,0.0001250000059371814
427,1.0,0.0066939108073711395,0.0001250000059371814
428,1.0,0.004777392838150263,0.0001250000059371814
429,1.0,0.007502506021410227,0.0001250000059371814
430,0.9926470518112183,0.01897914707660675,0.0001250000059371814
431,1.0,0.01085981260985136,0.0001250000059371814
432,1.0,0.011648572981357574,0.0001250000059371814
433,1.0,0.006299708038568497,0.0001250000059371814
434,0.9926470518112183,0.016242457553744316,0.0001250000059371814
435,1.0,0.0061859870329499245,0.0001250000059371814
436,1.0,0.017217207700014114,0.0001250000059371814
437,1.0,0.008399882353842258,0.0001250000059371814
438,1.0,0.003576763207092881,0.0001250000059371814
439,1.0,0.013653730973601341,0.0001250000059371814
440,1.0,0.0034049618989229202,0.0001250000059371814
441,1.0,0.012590592727065086,0.0001250000059371814
442,1.0,0.005987163167446852,0.0001250000059371814
443,1.0,0.0017656136769801378,0.0001250000059371814
444,1.0,0.002442473778501153,0.0001250000059371814
445,1.0,0.0037396589759737253,0.0001250000059371814
446,1.0,0.009962263517081738,0.0001250000059371814
447,1.0,0.005731326062232256,0.0001250000059371814
448,0.9926470518112183,0.013845832087099552,0.0001250000059371814
449,1.0,0.009230191819369793,0.0001250000059371814
450,1.0,0.006225536111742258,0.0001250000059371814
451,1.0,0.006545017473399639,0.0001250000059371814
452,0.9926470518112183,0.02355184778571129,0.0001250000059371814
453,1.0,0.0046644993126392365,0.0001250000059371814
454,1.0,0.005677987355738878,0.0001250000059371814
455,0.9926470518112183,0.04215172678232193,0.0001250000059371814
456,1.0,0.004852345213294029,0.0001250000059371814
457,0.9926470518112183,0.014626356773078442,0.0001250000059371814
458,1.0,0.011403274722397327,0.0001250000059371814
459,0.9779411554336548,0.03853742033243179,0.0001250000059371814
460,0.9926470518112183,0.011262043379247189,0.0001250000059371814
461,1.0,0.007242158520966768,0.0001250000059371814
462,0.9779411554336548,0.06326562911272049,0.0001250000059371814
463,1.0,0.0240323506295681,0.0001250000059371814
464,1.0,0.013385939411818981,0.0001250000059371814
465,1.0,0.010694500058889389,0.0001250000059371814
466,1.0,0.015969689935445786,0.0001250000059371814
467,1.0,0.006696334574371576,0.0001250000059371814
468,1.0,0.007753599900752306,0.0001250000059371814
469,1.0,0.021462522447109222,0.0001250000059371814
470,1.0,0.008059617131948471,0.0001250000059371814
471,1.0,0.00263853557407856,0.0001250000059371814
472,1.0,0.009557831101119518,0.0001250000059371814
473,1.0,0.007979799062013626,0.0001250000059371814
474,1.0,0.007536040619015694,0.0001250000059371814
475,1.0,0.012187589891254902,0.0001250000059371814
476,1.0,0.007014951203018427,0.0001250000059371814
477,1.0,0.009100020863115788,0.0001250000059371814
478,1.0,0.0046716490760445595,0.0001250000059371814
479,1.0,0.0032452885061502457,0.0001250000059371814
480,1.0,0.006263811141252518,0.0001250000059371814
481,1.0,0.007365757133811712,0.0001250000059371814
482,1.0,0.006670686881989241,0.0001250000059371814
483,1.0,0.00843736156821251,0.0001250000059371814
484,1.0,0.005367652513086796,0.0001250000059371814
485,1.0,0.003758395789191127,0.0001250000059371814
486,1.0,0.005396321881562471,0.0001250000059371814
487,1.0,0.005992523394525051,0.0001250000059371814
488,1.0,0.00804063118994236,0.0001250000059371814
489,1.0,0.007646646350622177,0.0001250000059371814
490,1.0,0.0040097543969750404,0.0001250000059371814
491,1.0,0.0030217452440410852,0.0001250000059371814
492,1.0,0.005800798535346985,0.0001250000059371814
493,0.9926470518112183,0.013921566307544708,0.0001250000059371814
494,1.0,0.004635882563889027,9.999999747378752e-05
495,1.0,0.0060891020111739635,9.999999747378752e-05
496,1.0,0.002991810906678438,9.999999747378752e-05
497,1.0,0.0042583514004945755,9.999999747378752e-05
498,1.0,0.0022544192615896463,9.999999747378752e-05
499,1.0,0.006033071782439947,9.999999747378752e-05
500,1.0,0.005700904875993729,9.999999747378752e-05
501,1.0,0.006197969429194927,9.999999747378752e-05
502,0.9926470518112183,0.015519187785685062,9.999999747378752e-05
503,0.9926470518112183,0.014481542631983757,9.999999747378752e-05
504,1.0,0.010386155918240547,9.999999747378752e-05
505,1.0,0.011600862257182598,9.999999747378752e-05
506,1.0,0.005231410730630159,9.999999747378752e-05
507,1.0,0.0037256013602018356,9.999999747378752e-05
508,1.0,0.0031758027616888285,9.999999747378752e-05
509,1.0,0.004595060832798481,9.999999747378752e-05
510,1.0,0.009108170866966248,9.999999747378752e-05
511,1.0,0.006898356601595879,9.999999747378752e-05
512,1.0,0.012235057540237904,9.999999747378752e-05
513,1.0,0.003935432061553001,9.999999747378752e-05
514,0.9926470518112183,0.010610842145979404,9.999999747378752e-05
515,1.0,0.0038541648536920547,9.999999747378752e-05
516,1.0,0.006803759839385748,9.999999747378752e-05
517,1.0,0.0070756529457867146,9.999999747378752e-05
518,1.0,0.006624303758144379,9.999999747378752e-05
519,1.0,0.010268237441778183,9.999999747378752e-05
520,1.0,0.007379086688160896,9.999999747378752e-05
521,1.0,0.0022157763596624136,9.999999747378752e-05
522,1.0,0.0042403689585626125,9.999999747378752e-05
523,1.0,0.0026513992343097925,9.999999747378752e-05
524,1.0,0.0032441592775285244,9.999999747378752e-05
525,1.0,0.0051581538282334805,9.999999747378752e-05
526,1.0,0.0022907203529030085,9.999999747378752e-05
527,1.0,0.004816030617803335,9.999999747378752e-05
528,1.0,0.006295566912740469,9.999999747378752e-05
529,1.0,0.006323427893221378,9.999999747378752e-05
530,1.0,0.008437673561275005,9.999999747378752e-05
531,1.0,0.006410624831914902,9.999999747378752e-05
532,1.0,0.008510973304510117,9.999999747378752e-05
533,1.0,0.004239294677972794,9.999999747378752e-05
534,1.0,0.003680200781673193,9.999999747378752e-05
535,1.0,0.003060621442273259,9.999999747378752e-05
536,1.0,0.005394205451011658,9.999999747378752e-05
537,1.0,0.0021168587263673544,9.999999747378752e-05
538,0.9926470518112183,0.015177391469478607,9.999999747378752e-05
539,1.0,0.011968917213380337,9.999999747378752e-05
540,1.0,0.00275494996458292,9.999999747378752e-05
541,1.0,0.00979701429605484,9.999999747378752e-05
542,1.0,0.0034154553432017565,9.999999747378752e-05
543,1.0,0.002373627619817853,9.999999747378752e-05
544,1.0,0.003073285799473524,9.999999747378752e-05
545,1.0,0.0019850549288094044,9.999999747378752e-05
546,1.0,0.011330075562000275,9.999999747378752e-05
547,1.0,0.0022097108885645866,9.999999747378752e-05
548,1.0,0.007580135483294725,9.999999747378752e-05
549,1.0,0.005903829354792833,9.999999747378752e-05
550,1.0,0.0031451683025807142,9.999999747378752e-05
551,1.0,0.0021134212147444487,9.999999747378752e-05
552,1.0,0.004746459424495697,9.999999747378752e-05
553,1.0,0.001998304622247815,9.999999747378752e-05
554,1.0,0.0038828507531434298,9.999999747378752e-05
555,1.0,0.0015750343445688486,9.999999747378752e-05
556,0.9926470518112183,0.020733963698148727,9.999999747378752e-05
557,1.0,0.002809242345392704,9.999999747378752e-05
558,1.0,0.017534881830215454,9.999999747378752e-05
559,1.0,0.0027378948871046305,9.999999747378752e-05
560,1.0,0.005270564462989569,9.999999747378752e-05
561,1.0,0.003256332827731967,9.999999747378752e-05
562,1.0,0.003974864725023508,9.999999747378752e-05
563,1.0,0.0027595162391662598,9.999999747378752e-05
564,1.0,0.005496611353009939,9.999999747378752e-05
565,1.0,0.0055459593422710896,9.999999747378752e-05
566,1.0,0.0033240339253097773,9.999999747378752e-05
567,1.0,0.011022419668734074,9.999999747378752e-05
568,1.0,0.01285999920219183,9.999999747378752e-05
569,1.0,0.002480008639395237,9.999999747378752e-05
570,1.0,0.004212323576211929,9.999999747378752e-05
571,1.0,0.0019296390237286687,9.999999747378752e-05
572,1.0,0.011808458715677261,9.999999747378752e-05
573,1.0,0.002677669981494546,9.999999747378752e-05
574,1.0,0.003437249455600977,9.999999747378752e-05
575,1.0,0.0023006589617580175,9.999999747378752e-05
576,1.0,0.004446701146662235,9.999999747378752e-05
577,1.0,0.008822163566946983,9.999999747378752e-05
578,1.0,0.0025485071819275618,9.999999747378752e-05
579,1.0,0.0021166992373764515,9.999999747378752e-05
580,1.0,0.004265832249075174,9.999999747378752e-05
581,1.0,0.0036062838044017553,9.999999747378752e-05
582,1.0,0.004820218309760094,9.999999747378752e-05
583,0.9926470518112183,0.015603000298142433,9.999999747378752e-05
584,1.0,0.014161205850541592,9.999999747378752e-05
585,1.0,0.005343887023627758,9.999999747378752e-05
586,1.0,0.009545400738716125,9.999999747378752e-05
587,1.0,0.0021346542052924633,9.999999747378752e-05
588,1.0,0.012474510818719864,9.999999747378752e-05
589,1.0,0.0027173792477697134,9.999999747378752e-05
590,1.0,0.008485633879899979,9.999999747378752e-05
591,1.0,0.002170006511732936,9.999999747378752e-05
592,1.0,0.017010902985930443,9.999999747378752e-05
593,1.0,0.010122941806912422,9.999999747378752e-05
594,1.0,0.003574945265427232,9.999999747378752e-05
595,1.0,0.004414175171405077,9.999999747378752e-05
596,1.0,0.0071462905034422874,9.999999747378752e-05
597,1.0,0.005113965831696987,9.999999747378752e-05
598,1.0,0.01379726268351078,9.999999747378752e-05
599,1.0,0.0020800847560167313,9.999999747378752e-05
600,1.0,0.00438969349488616,9.999999747378752e-05
601,1.0,0.0021270615980029106,9.999999747378752e-05
602,1.0,0.0038755303248763084,9.999999747378752e-05
603,1.0,0.005074428394436836,9.999999747378752e-05
604,1.0,0.0011764441151171923,9.999999747378752e-05
605,1.0,0.0031430108938366175,9.999999747378752e-05
606,1.0,0.004658181220293045,9.999999747378752e-05
607,1.0,0.0031225704587996006,9.999999747378752e-05
608,1.0,0.0034580430947244167,9.999999747378752e-05
609,1.0,0.006813122425228357,9.999999747378752e-05
610,1.0,0.009108920581638813,9.999999747378752e-05
611,0.9779411554336548,0.04128258302807808,9.999999747378752e-05
612,1.0,0.010183991864323616,9.999999747378752e-05
613,0.9779411554336548,0.030621163547039032,9.999999747378752e-05
614,1.0,0.015958892181515694,9.999999747378752e-05
615,1.0,0.005263064056634903,9.999999747378752e-05
616,1.0,0.011877334676682949,9.999999747378752e-05
617,1.0,0.004628333263099194,9.999999747378752e-05
618,1.0,0.00856311246752739,9.999999747378752e-05
619,1.0,0.005685206037014723,9.999999747378752e-05
620,1.0,0.006104995962232351,9.999999747378752e-05
621,1.0,0.005079774186015129,9.999999747378752e-05
622,1.0,0.0049165962263941765,9.999999747378752e-05
623,1.0,0.006010147742927074,9.999999747378752e-05
624,0.9779411554336548,0.031013835221529007,9.999999747378752e-05
625,1.0,0.010457529686391354,9.999999747378752e-05
626,1.0,0.00490257004275918,9.999999747378752e-05
627,1.0,0.0033110498916357756,9.999999747378752e-05
628,1.0,0.0039959377609193325,9.999999747378752e-05
629,1.0,0.0022703290451318026,9.999999747378752e-05
630,1.0,0.006909503601491451,9.999999747378752e-05
631,1.0,0.006955055519938469,9.999999747378752e-05
632,1.0,0.006144373677670956,9.999999747378752e-05
633,1.0,0.007651703432202339,9.999999747378752e-05
634,1.0,0.004254823084920645,9.999999747378752e-05
635,1.0,0.003940679132938385,9.999999747378752e-05
636,1.0,0.001903002499602735,9.999999747378752e-05
637,1.0,0.0018824979197233915,9.999999747378752e-05
638,1.0,0.008642165921628475,9.999999747378752e-05
639,1.0,0.003536064177751541,9.999999747378752e-05
640,1.0,0.003699934110045433,9.999999747378752e-05
641,1.0,0.0032030863221734762,9.999999747378752e-05
642,1.0,0.003334590932354331,9.999999747378752e-05
643,1.0,0.0045728120021522045,9.999999747378752e-05
644,1.0,0.0042492980137467384,9.999999747378752e-05
645,1.0,0.00509496359154582,9.999999747378752e-05
646,1.0,0.014875058084726334,9.999999747378752e-05
647,1.0,0.008878722786903381,9.999999747378752e-05
648,1.0,0.007589063141494989,9.999999747378752e-05
649,0.9926470518112183,0.01914997585117817,9.999999747378752e-05
650,1.0,0.0069098686799407005,9.999999747378752e-05
651,0.9926470518112183,0.027407223358750343,9.999999747378752e-05
652,1.0,0.0099942646920681,9.999999747378752e-05
653,1.0,0.004216155502945185,9.999999747378752e-05
654,1.0,0.00386056094430387,9.999999747378752e-05
655,1.0,0.0042081428691744804,9.999999747378752e-05
656,1.0,0.008144378662109375,9.999999747378752e-05
657,1.0,0.002251372206956148,9.999999747378752e-05
658,1.0,0.004557069391012192,9.999999747378752e-05
659,1.0,0.002120374236255884,9.999999747378752e-05
660,1.0,0.01626988686621189,9.999999747378752e-05
661,1.0,0.002476199297234416,9.999999747378752e-05
662,1.0,0.00627480261027813,9.999999747378752e-05
663,1.0,0.002387413987889886,9.999999747378752e-05
664,1.0,0.002252695383504033,9.999999747378752e-05
665,1.0,0.008080242201685905,9.999999747378752e-05
666,1.0,0.0052950154058635235,9.999999747378752e-05
667,1.0,0.001457416103221476,9.999999747378752e-05
668,1.0,0.0022893494460731745,9.999999747378752e-05
669,1.0,0.0039015684742480516,9.999999747378752e-05
670,1.0,0.008508153259754181,9.999999747378752e-05
671,1.0,0.0019352473318576813,9.999999747378752e-05
672,1.0,0.003448311472311616,9.999999747378752e-05
673,1.0,0.005911101121455431,9.999999747378752e-05
674,1.0,0.007309545297175646,9.999999747378752e-05
675,0.9926470518112183,0.015366977080702782,9.999999747378752e-05
676,1.0,0.01036418229341507,9.999999747378752e-05
677,1.0,0.006262490525841713,9.999999747378752e-05
678,0.9852941036224365,0.021792437881231308,9.999999747378752e-05
679,1.0,0.00934824999421835,9.999999747378752e-05
680,0.9926470518112183,0.017809828743338585,9.999999747378752e-05
681,0.9926470518112183,0.01623629592359066,9.999999747378752e-05
682,1.0,0.003423428861424327,9.999999747378752e-05
683,0.9926470518112183,0.014737850055098534,9.999999747378752e-05
684,0.9852941036224365,0.03491750359535217,9.999999747378752e-05
685,1.0,0.005769622512161732,9.999999747378752e-05
686,1.0,0.018052279949188232,9.999999747378752e-05
687,1.0,0.012860977090895176,9.999999747378752e-05
688,0.9926470518112183,0.018903926014900208,9.999999747378752e-05
689,0.9926470518112183,0.021313408389687538,9.999999747378752e-05
690,1.0,0.012141341343522072,9.999999747378752e-05
691,1.0,0.012142186053097248,9.999999747378752e-05
692,1.0,0.003965511452406645,9.999999747378752e-05
693,1.0,0.0031594911124557257,9.999999747378752e-05
694,1.0,0.003010665997862816,9.999999747378752e-05
695,1.0,0.005803725216537714,9.999999747378752e-05
696,1.0,0.008264285512268543,9.999999747378752e-05
697,1.0,0.0028404942713677883,9.999999747378752e-05
698,1.0,0.007082199212163687,9.999999747378752e-05
699,1.0,0.004374828655272722,9.999999747378752e-05
700,1.0,0.004067702684551477,9.999999747378752e-05
701,1.0,0.005993424914777279,9.999999747378752e-05
702,1.0,0.0020166663452982903,9.999999747378752e-05
703,0.9779411554336548,0.07022304832935333,9.999999747378752e-05
704,1.0,0.020074835047125816,9.999999747378752e-05
705,0.9926470518112183,0.02252943627536297,9.999999747378752e-05
706,1.0,0.007958575151860714,9.999999747378752e-05
707,1.0,0.017044130712747574,9.999999747378752e-05
708,1.0,0.008070655167102814,9.999999747378752e-05
709,1.0,0.0061874170787632465,9.999999747378752e-05
710,0.9926470518112183,0.02960219793021679,9.999999747378752e-05
711,1.0,0.01689593866467476,9.999999747378752e-05
712,1.0,0.010750341229140759,9.999999747378752e-05
713,1.0,0.006445649079978466,9.999999747378752e-05
714,1.0,0.004921852145344019,9.999999747378752e-05
715,1.0,0.006668252404779196,9.999999747378752e-05
716,1.0,0.008071612566709518,9.999999747378752e-05
717,1.0,0.012434836477041245,9.999999747378752e-05
718,1.0,0.004567026160657406,9.999999747378752e-05
719,1.0,0.004958663135766983,9.999999747378752e-05
720,1.0,0.002738196635618806,9.999999747378752e-05
721,1.0,0.0035782584454864264,9.999999747378752e-05
722,1.0,0.012232824228703976,9.999999747378752e-05
723,1.0,0.003370692254975438,9.999999747378752e-05
724,1.0,0.0025701166596263647,9.999999747378752e-05
725,1.0,0.0054972232319414616,9.999999747378752e-05
726,1.0,0.0018584370845928788,9.999999747378752e-05
727,1.0,0.01093547698110342,9.999999747378752e-05
728,1.0,0.0018268187996000051,9.999999747378752e-05
729,1.0,0.0017586721805855632,9.999999747378752e-05
730,1.0,0.007257859688252211,9.999999747378752e-05
731,1.0,0.002114584669470787,9.999999747378752e-05
732,1.0,0.003013297449797392,9.999999747378752e-05
733,1.0,0.00440176809206605,9.999999747378752e-05
734,1.0,0.005654510576277971,9.999999747378752e-05
735,1.0,0.011142430827021599,9.999999747378752e-05
736,1.0,0.003925863187760115,9.999999747378752e-05
737,1.0,0.0071567026898264885,9.999999747378752e-05
738,1.0,0.00278237322345376,9.999999747378752e-05
739,1.0,0.005064112599939108,9.999999747378752e-05
740,1.0,0.004546529613435268,9.999999747378752e-05
741,1.0,0.003994796425104141,9.999999747378752e-05
742,1.0,0.0045027234591543674,9.999999747378752e-05
743,1.0,0.00655242009088397,9.999999747378752e-05
744,1.0,0.003772573545575142,9.999999747378752e-05
745,1.0,0.0036873414646834135,9.999999747378752e-05
746,1.0,0.005407125223428011,9.999999747378752e-05
747,1.0,0.0055002979934215546,9.999999747378752e-05
748,1.0,0.003560128854587674,9.999999747378752e-05
749,1.0,0.007205749396234751,9.999999747378752e-05
750,1.0,0.00371897267177701,9.999999747378752e-05
751,1.0,0.010887783952057362,9.999999747378752e-05
752,0.9926470518112183,0.028012236580252647,9.999999747378752e-05
753,1.0,0.004204370081424713,9.999999747378752e-05
754,1.0,0.012168335728347301,9.999999747378752e-05
755,1.0,0.016242139041423798,9.999999747378752e-05
756,0.9852941036224365,0.03461124375462532,9.999999747378752e-05
757,1.0,0.013428050093352795,9.999999747378752e-05
758,1.0,0.015186258591711521,9.999999747378752e-05
759,1.0,0.006976630538702011,9.999999747378752e-05
760,1.0,0.0046617635525763035,9.999999747378752e-05
761,1.0,0.005129687488079071,9.999999747378752e-05
762,1.0,0.0038017143961042166,9.999999747378752e-05
763,1.0,0.006711345631629229,9.999999747378752e-05
764,1.0,0.004567401017993689,9.999999747378752e-05
765,1.0,0.0027416199445724487,9.999999747378752e-05
766,1.0,0.009034566581249237,9.999999747378752e-05
767,0.9926470518112183,0.010161115787923336,9.999999747378752e-05
768,1.0,0.0034381095319986343,9.999999747378752e-05
769,1.0,0.003111911239102483,9.999999747378752e-05
770,1.0,0.011741847731173038,9.999999747378752e-05
771,1.0,0.0032425494864583015,9.999999747378752e-05
772,1.0,0.0036403690464794636,9.999999747378752e-05
773,1.0,0.0030641520861536264,9.999999747378752e-05
774,1.0,0.006981361657381058,9.999999747378752e-05
775,1.0,0.005798579193651676,9.999999747378752e-05
776,1.0,0.007126194424927235,9.999999747378752e-05
777,1.0,0.006556238513439894,9.999999747378752e-05
778,1.0,0.0021496464032679796,9.999999747378752e-05
779,1.0,0.004440858960151672,9.999999747378752e-05
780,1.0,0.006507419515401125,9.999999747378752e-05
781,1.0,0.006719041615724564,9.999999747378752e-05
782,1.0,0.002286926843225956,9.999999747378752e-05
783,1.0,0.002345319837331772,9.999999747378752e-05
784,1.0,0.0027658899780362844,9.999999747378752e-05
785,1.0,0.0021045664325356483,9.999999747378752e-05
786,1.0,0.0043590255081653595,9.999999747378752e-05
787,1.0,0.0016154303448274732,9.999999747378752e-05
788,1.0,0.0021381487604230642,9.999999747378752e-05
789,1.0,0.0071268039755523205,9.999999747378752e-05
790,1.0,0.0038514602929353714,9.999999747378752e-05
791,1.0,0.00426893075928092,9.999999747378752e-05
792,1.0,0.0070912884548306465,9.999999747378752e-05
793,1.0,0.004110440611839294,9.999999747378752e-05
794,0.9852941036224365,0.029332038015127182,9.999999747378752e-05
795,1.0,0.008322087116539478,9.999999747378752e-05
796,0.9926470518112183,0.02173464745283127,9.999999747378752e-05
797,1.0,0.00722496910020709,9.999999747378752e-05
798,1.0,0.012481709942221642,9.999999747378752e-05
799,1.0,0.007329063955694437,9.999999747378752e-05
800,1.0,0.012231065891683102,9.999999747378752e-05
801,1.0,0.0027167294174432755,9.999999747378752e-05
802,1.0,0.005173823796212673,9.999999747378752e-05
803,1.0,0.001965154428035021,9.999999747378752e-05
804,0.9926470518112183,0.01665264181792736,9.999999747378752e-05
805,1.0,0.00916400458663702,9.999999747378752e-05
806,1.0,0.004273398779332638,9.999999747378752e-05
807,1.0,0.007397462148219347,9.999999747378752e-05
808,1.0,0.0057519106194376945,9.999999747378752e-05
809,1.0,0.003471145173534751,9.999999747378752e-05
810,1.0,0.004448082763701677,9.999999747378752e-05
811,1.0,0.007262832019478083,9.999999747378752e-05
812,1.0,0.002795587992295623,9.999999747378752e-05
813,1.0,0.0017363380175083876,9.999999747378752e-05
814,1.0,0.006198051851242781,9.999999747378752e-05
815,1.0,0.004248639103025198,9.999999747378752e-05
816,1.0,0.00692658219486475,9.999999747378752e-05
817,1.0,0.007622897624969482,9.999999747378752e-05
818,1.0,0.00835748203098774,9.999999747378752e-05
819,1.0,0.0062492480501532555,9.999999747378752e-05
820,1.0,0.0037101292982697487,9.999999747378752e-05
821,1.0,0.0013990625739097595,9.999999747378752e-05
822,1.0,0.0013567825080826879,9.999999747378752e-05
823,1.0,0.004183955490589142,9.999999747378752e-05
824,1.0,0.0015608089743182063,9.999999747378752e-05
825,1.0,0.0033724827226251364,9.999999747378752e-05
826,1.0,0.0026116729713976383,9.999999747378752e-05
827,1.0,0.003003424499183893,9.999999747378752e-05
828,1.0,0.0012045166222378612,9.999999747378752e-05
829,1.0,0.00295519782230258,9.999999747378752e-05
830,1.0,0.002381918951869011,9.999999747378752e-05
831,1.0,0.0016593103064224124,9.999999747378752e-05
832,1.0,0.006268298719078302,9.999999747378752e-05
833,1.0,0.003252268536016345,9.999999747378752e-05
834,1.0,0.0023336790036410093,9.999999747378752e-05
835,1.0,0.0019329756032675505,9.999999747378752e-05
836,1.0,0.004858110100030899,9.999999747378752e-05
837,1.0,0.0009764375863596797,9.999999747378752e-05
838,1.0,0.007599238306283951,9.999999747378752e-05
839,1.0,0.0022215049248188734,9.999999747378752e-05
840,1.0,0.004068347159773111,9.999999747378752e-05
841,1.0,0.004181087017059326,9.999999747378752e-05
842,1.0,0.0032849509734660387,9.999999747378752e-05
843,1.0,0.0018771354807540774,9.999999747378752e-05
844,1.0,0.0022737649269402027,9.999999747378752e-05
845,1.0,0.002897258149459958,9.999999747378752e-05
846,1.0,0.004891424439847469,9.999999747378752e-05
847,1.0,0.0012729810550808907,9.999999747378752e-05
848,0.9852941036224365,0.03659103810787201,9.999999747378752e-05
849,1.0,0.013136276975274086,9.999999747378752e-05
850,1.0,0.00867878645658493,9.999999747378752e-05
851,1.0,0.012522469274699688,9.999999747378752e-05
852,0.9926470518112183,0.013729152269661427,9.999999747378752e-05
853,1.0,0.015986228361725807,9.999999747378752e-05
854,1.0,0.0049989111721515656,9.999999747378752e-05
855,0.9852941036224365,0.025334859266877174,9.999999747378752e-05
856,0.9926470518112183,0.017975617200136185,9.999999747378752e-05
857,1.0,0.009925810620188713,9.999999747378752e-05
858,1.0,0.006020761094987392,9.999999747378752e-05
859,1.0,0.005715449806302786,9.999999747378752e-05
860,1.0,0.009053810499608517,9.999999747378752e-05
861,1.0,0.013698955066502094,9.999999747378752e-05
862,1.0,0.007703955750912428,9.999999747378752e-05
863,1.0,0.0024649817496538162,9.999999747378752e-05
864,1.0,0.004686917643994093,9.999999747378752e-05
865,1.0,0.0023893211036920547,9.999999747378752e-05
866,1.0,0.007605481892824173,9.999999747378752e-05
867,1.0,0.0029208804480731487,9.999999747378752e-05
868,1.0,0.005153890699148178,9.999999747378752e-05
869,1.0,0.0023534067440778017,9.999999747378752e-05
870,1.0,0.015341399237513542,9.999999747378752e-05
871,1.0,0.00448123412206769,9.999999747378752e-05
872,0.9926470518112183,0.012681768275797367,9.999999747378752e-05
873,1.0,0.002933657029643655,9.999999747378752e-05
874,1.0,0.008294180035591125,9.999999747378752e-05
875,1.0,0.003734601428732276,9.999999747378752e-05
876,1.0,0.0061770230531692505,9.999999747378752e-05
877,1.0,0.0047461469657719135,9.999999747378752e-05
878,1.0,0.009624121710658073,9.999999747378752e-05
879,1.0,0.011836249381303787,9.999999747378752e-05
880,1.0,0.003747630165889859,9.999999747378752e-05
881,0.9926470518112183,0.010089930146932602,9.999999747378752e-05
882,1.0,0.008718862198293209,9.999999747378752e-05
883,1.0,0.00652279332280159,9.999999747378752e-05
884,1.0,0.005829154513776302,9.999999747378752e-05
885,1.0,0.0015979708405211568,9.999999747378752e-05
886,0.9852941036224365,0.01947275921702385,9.999999747378752e-05
887,1.0,0.012258430011570454,9.999999747378752e-05
888,1.0,0.002904459834098816,9.999999747378752e-05
889,1.0,0.0020712411496788263,9.999999747378752e-05
890,1.0,0.004630822688341141,9.999999747378752e-05
891,1.0,0.008200263604521751,9.999999747378752e-05
892,1.0,0.0024656159803271294,9.999999747378752e-05
893,1.0,0.004218242131173611,9.999999747378752e-05
894,1.0,0.0017700548050925136,9.999999747378752e-05
895,1.0,0.0047128270380198956,9.999999747378752e-05
896,0.9779411554336548,0.0262246485799551,9.999999747378752e-05
897,1.0,0.0035938310902565718,9.999999747378752e-05
898,1.0,0.01349398959428072,9.999999747378752e-05
899,1.0,0.002472085179761052,9.999999747378752e-05
900,1.0,0.001335914246737957,9.999999747378752e-05
901,1.0,0.004915628582239151,9.999999747378752e-05
902,1.0,0.006407318636775017,9.999999747378752e-05
903,1.0,0.004517213441431522,9.999999747378752e-05
904,1.0,0.004737392999231815,9.999999747378752e-05
905,1.0,0.0024465497117489576,9.999999747378752e-05
906,1.0,0.0018536840798333287,9.999999747378752e-05
907,1.0,0.005486525595188141,9.999999747378752e-05
908,1.0,0.0019852868281304836,9.999999747378752e-05
909,1.0,0.0018888992490246892,9.999999747378752e-05
910,1.0,0.004804774187505245,9.999999747378752e-05
911,1.0,0.0035661812871694565,9.999999747378752e-05
912,1.0,0.0020393780432641506,9.999999747378752e-05
913,1.0,0.0022155391052365303,9.999999747378752e-05
914,1.0,0.0036153963301330805,9.999999747378752e-05
915,1.0,0.002386790933087468,9.999999747378752e-05
916,1.0,0.006408323999494314,9.999999747378752e-05
917,1.0,0.002691542496904731,9.999999747378752e-05
918,1.0,0.0031215378548949957,9.999999747378752e-05
919,1.0,0.0033710175193846226,9.999999747378752e-05
920,1.0,0.006263026501983404,9.999999747378752e-05
921,1.0,0.007650278974324465,9.999999747378752e-05
922,1.0,0.0020716527942568064,9.999999747378752e-05
923,1.0,0.006367741618305445,9.999999747378752e-05
924,1.0,0.0023347383830696344,9.999999747378752e-05
925,1.0,0.002153674839064479,9.999999747378752e-05
926,1.0,0.00858126301318407,9.999999747378752e-05
927,1.0,0.007374553941190243,9.999999747378752e-05
928,1.0,0.00531901977956295,9.999999747378752e-05
929,1.0,0.0036237959284335375,9.999999747378752e-05
930,1.0,0.0013576820492744446,9.999999747378752e-05
931,1.0,0.002686308231204748,9.999999747378752e-05
932,1.0,0.0036066859029233456,9.999999747378752e-05
933,1.0,0.005347338039427996,9.999999747378752e-05
934,1.0,0.002973261522129178,9.999999747378752e-05
935,1.0,0.0029117425438016653,9.999999747378752e-05
936,1.0,0.0014437212375923991,9.999999747378752e-05
937,1.0,0.0024227884132415056,9.999999747378752e-05
938,1.0,0.00135424779728055,9.999999747378752e-05
939,1.0,0.0026030209846794605,9.999999747378752e-05
940,1.0,0.0018955841660499573,9.999999747378752e-05
941,1.0,0.006498720031231642,9.999999747378752e-05
942,1.0,0.0042866310104727745,9.999999747378752e-05
943,1.0,0.002097103511914611,9.999999747378752e-05
944,1.0,0.00568631524220109,9.999999747378752e-05
945,1.0,0.0027182812336832285,9.999999747378752e-05
946,1.0,0.0030822749249637127,9.999999747378752e-05
947,1.0,0.0011268940288573503,9.999999747378752e-05
948,1.0,0.002203834243118763,9.999999747378752e-05
949,1.0,0.003657682565972209,9.999999747378752e-05
950,1.0,0.0038879269268363714,9.999999747378752e-05
951,1.0,0.002104973653331399,9.999999747378752e-05
952,1.0,0.0018512854585424066,9.999999747378752e-05
953,1.0,0.0017541428096592426,9.999999747378752e-05
954,1.0,0.00133525172714144,9.999999747378752e-05
955,1.0,0.0018825484439730644,9.999999747378752e-05
956,1.0,0.003713847603648901,9.999999747378752e-05
957,1.0,0.0020421016961336136,9.999999747378752e-05
958,1.0,0.0008797176415100694,9.999999747378752e-05
959,1.0,0.0030064652673900127,9.999999747378752e-05
960,1.0,0.0012547483202069998,9.999999747378752e-05
961,1.0,0.0011411405866965652,9.999999747378752e-05
962,1.0,0.0019835198763757944,9.999999747378752e-05
963,1.0,0.0022287522442638874,9.999999747378752e-05
964,1.0,0.0015577502781525254,9.999999747378752e-05
965,0.9852941036224365,0.032261040061712265,9.999999747378752e-05
966,1.0,0.006009608972817659,9.999999747378752e-05
967,1.0,0.013931512832641602,9.999999747378752e-05
968,1.0,0.010056685656309128,9.999999747378752e-05
969,1.0,0.008500419557094574,9.999999747378752e-05
970,1.0,0.01653127372264862,9.999999747378752e-05
971,1.0,0.006539260037243366,9.999999747378752e-05
972,1.0,0.008515176363289356,9.999999747378752e-05
973,1.0,0.004112378228455782,9.999999747378752e-05
974,1.0,0.003362740855664015,9.999999747378752e-05
975,1.0,0.0052788895554840565,9.999999747378752e-05
976,1.0,0.004214481916278601,9.999999747378752e-05
977,1.0,0.003324794117361307,9.999999747378752e-05
978,1.0,0.0023590826895087957,9.999999747378752e-05
979,1.0,0.0012489506043493748,9.999999747378752e-05
980,1.0,0.0015612421557307243,9.999999747378752e-05
981,0.9926470518112183,0.0178282018750906,9.999999747378752e-05
982,1.0,0.008386020548641682,9.999999747378752e-05
983,1.0,0.0056861890479922295,9.999999747378752e-05
984,1.0,0.0041938479989767075,9.999999747378752e-05
985,1.0,0.002248532837256789,9.999999747378752e-05
986,1.0,0.0026720573659986258,9.999999747378752e-05
987,1.0,0.0031604375690221786,9.999999747378752e-05
988,1.0,0.00118821335490793,9.999999747378752e-05
989,1.0,0.00353253073990345,9.999999747378752e-05
990,1.0,0.0008855974883772433,9.999999747378752e-05
991,1.0,0.0018738118233159184,9.999999747378752e-05
992,1.0,0.004081528168171644,9.999999747378752e-05
993,1.0,0.0012467177584767342,9.999999747378752e-05
994,1.0,0.0014282469637691975,9.999999747378752e-05
995,1.0,0.002189990133047104,9.999999747378752e-05
996,1.0,0.001172069925814867,9.999999747378752e-05
997,1.0,0.008353672921657562,9.999999747378752e-05
998,1.0,0.002182822907343507,9.999999747378752e-05
999,1.0,0.0017189898062497377,9.999999747378752e-05
1000,1.0,0.0038533613551408052,9.999999747378752e-05
1001,1.0,0.004564338363707066,9.999999747378752e-05
1002,0.9852941036224365,0.03959023952484131,9.999999747378752e-05
1003,1.0,0.006922178901731968,9.999999747378752e-05
1004,0.9852941036224365,0.025299206376075745,9.999999747378752e-05
1005,1.0,0.004663912579417229,9.999999747378752e-05
1006,1.0,0.006798946764320135,9.999999747378752e-05
1007,1.0,0.004272636957466602,9.999999747378752e-05
1008,1.0,0.0025537656620144844,9.999999747378752e-05
1009,1.0,0.008560685440897942,9.999999747378752e-05
1010,1.0,0.013799388892948627,9.999999747378752e-05
1011,0.9926470518112183,0.019694166257977486,9.999999747378752e-05
1012,1.0,0.008556550368666649,9.999999747378752e-05
1013,0.9926470518112183,0.012529931962490082,9.999999747378752e-05
1014,1.0,0.010970636270940304,9.999999747378752e-05
1015,0.9926470518112183,0.011866685003042221,9.999999747378752e-05
1016,0.9926470518112183,0.013535716570913792,9.999999747378752e-05
1017,1.0,0.013630307279527187,9.999999747378752e-05
1018,0.9926470518112183,0.01752946525812149,9.999999747378752e-05
1019,0.9926470518112183,0.019289899617433548,9.999999747378752e-05
1020,1.0,0.0028447117656469345,9.999999747378752e-05
1021,1.0,0.008381703868508339,9.999999747378752e-05
1022,1.0,0.003630679799243808,9.999999747378752e-05
1023,1.0,0.004522840026766062,9.999999747378752e-05
1024,1.0,0.002069519367069006,9.999999747378752e-05
1025,1.0,0.001981554552912712,9.999999747378752e-05
1026,1.0,0.0020062103867530823,9.999999747378752e-05
1027,1.0,0.003941607661545277,9.999999747378752e-05
1028,1.0,0.003720332169905305,9.999999747378752e-05
1029,1.0,0.0023247324861586094,9.999999747378752e-05
1030,1.0,0.0015125555219128728,9.999999747378752e-05
1031,1.0,0.002662496641278267,9.999999747378752e-05
1032,0.9926470518112183,0.013377409428358078,9.999999747378752e-05
1033,1.0,0.00813236553221941,9.999999747378752e-05
1034,1.0,0.009778330102562904,9.999999747378752e-05
1035,1.0,0.0046157632023096085,9.999999747378752e-05
1036,1.0,0.002525240182876587,9.999999747378752e-05
1037,1.0,0.005853157490491867,9.999999747378752e-05
1038,1.0,0.002440999960526824,9.999999747378752e-05
1039,1.0,0.002974873408675194,9.999999747378752e-05
1040,1.0,0.002753635635599494,9.999999747378752e-05
1041,1.0,0.0039593796245753765,9.999999747378752e-05
1042,1.0,0.0011526969028636813,9.999999747378752e-05
1043,1.0,0.00651115458458662,9.999999747378752e-05
1044,1.0,0.004396660253405571,9.999999747378752e-05
1045,1.0,0.0052850195206701756,9.999999747378752e-05
1046,1.0,0.002179390750825405,9.999999747378752e-05
1047,0.9926470518112183,0.014981888234615326,9.999999747378752e-05
1048,1.0,0.0035961049143224955,9.999999747378752e-05
1049,1.0,0.0016866789665073156,9.999999747378752e-05
1050,1.0,0.0015457171248272061,9.999999747378752e-05
1051,1.0,0.0026270959060639143,9.999999747378752e-05
1052,1.0,0.002264319220557809,9.999999747378752e-05
1053,1.0,0.0014853401808068156,9.999999747378752e-05
1054,1.0,0.0010779094882309437,9.999999747378752e-05
1055,1.0,0.0026354568544775248,9.999999747378752e-05
1056,1.0,0.006165917031466961,9.999999747378752e-05
1057,1.0,0.0007402002811431885,9.999999747378752e-05
1058,1.0,0.0027233685832470655,9.999999747378752e-05
1059,1.0,0.0010235132649540901,9.999999747378752e-05
1060,1.0,0.0008211562526412308,9.999999747378752e-05
1061,1.0,0.00397399440407753,9.999999747378752e-05
1062,1.0,0.0018677304033190012,9.999999747378752e-05
1063,1.0,0.0018014067318290472,9.999999747378752e-05
1064,1.0,0.0021563461050391197,9.999999747378752e-05
1065,1.0,0.00723430048674345,9.999999747378752e-05
1066,1.0,0.0030627017840743065,9.999999747378752e-05
1067,1.0,0.01083317119628191,9.999999747378752e-05
1068,1.0,0.0007222065469250083,9.999999747378752e-05
1069,1.0,0.004889913368970156,9.999999747378752e-05
1070,1.0,0.0024073675740510225,9.999999747378752e-05
1071,1.0,0.003229284891858697,9.999999747378752e-05
1072,1.0,0.0015037930570542812,9.999999747378752e-05
1073,1.0,0.00541588244959712,9.999999747378752e-05
1074,0.9926470518112183,0.0236139427870512,9.999999747378752e-05
1075,0.9852941036224365,0.03897955268621445,9.999999747378752e-05
1076,1.0,0.008021253161132336,9.999999747378752e-05
1077,1.0,0.008079779334366322,9.999999747378752e-05
1078,0.9926470518112183,0.05651209503412247,9.999999747378752e-05
1079,0.9926470518112183,0.027294397354125977,9.999999747378752e-05
1080,0.9926470518112183,0.025494644418358803,9.999999747378752e-05
1081,1.0,0.007643682882189751,9.999999747378752e-05
1082,0.9926470518112183,0.016866467893123627,9.999999747378752e-05
1083,1.0,0.00307166064158082,9.999999747378752e-05
1084,0.9852941036224365,0.018853243440389633,9.999999747378752e-05
1085,1.0,0.002671754453331232,9.999999747378752e-05
1086,1.0,0.0068028876557946205,9.999999747378752e-05
1087,1.0,0.007728495169430971,9.999999747378752e-05
1088,1.0,0.008664832450449467,9.999999747378752e-05
1089,1.0,0.0044523258693516254,9.999999747378752e-05
1090,1.0,0.002101584104821086,9.999999747378752e-05
1091,1.0,0.004775065928697586,9.999999747378752e-05
1092,1.0,0.005158379673957825,9.999999747378752e-05
1093,1.0,0.003307873383164406,9.999999747378752e-05
1094,1.0,0.002543268259614706,9.999999747378752e-05
1095,1.0,0.004044025205075741,9.999999747378752e-05
1096,1.0,0.0024882983416318893,9.999999747378752e-05
1097,1.0,0.009696181863546371,9.999999747378752e-05
1098,1.0,0.0021035855170339346,9.999999747378752e-05
1099,1.0,0.0017721416661515832,9.999999747378752e-05
1100,1.0,0.004058669786900282,9.999999747378752e-05
1101,1.0,0.004888813942670822,9.999999747378752e-05
1102,1.0,0.0036068367771804333,9.999999747378752e-05
1103,1.0,0.004317885730415583,9.999999747378752e-05
1104,1.0,0.002289349213242531,9.999999747378752e-05
1105,1.0,0.00734136113896966,9.999999747378752e-05
1106,1.0,0.013770242221653461,9.999999747378752e-05
1107,1.0,0.006205872632563114,9.999999747378752e-05
1108,1.0,0.0016177380457520485,9.999999747378752e-05
1109,1.0,0.0038144930731505156,9.999999747378752e-05
1110,0.9926470518112183,0.015120619907975197,9.999999747378752e-05
1111,1.0,0.0040275100618600845,9.999999747378752e-05
1112,1.0,0.007131761405616999,9.999999747378752e-05
1113,1.0,0.003306326223537326,9.999999747378752e-05
1114,1.0,0.0020193983800709248,9.999999747378752e-05
1115,1.0,0.011652158573269844,9.999999747378752e-05
1116,1.0,0.00763002410531044,9.999999747378752e-05
1117,1.0,0.0012147591914981604,9.999999747378752e-05
1118,1.0,0.00268895598128438,9.999999747378752e-05
1119,1.0,0.0009299063240177929,9.999999747378752e-05
1120,1.0,0.00475875660777092,9.999999747378752e-05
1121,1.0,0.00112703547347337,9.999999747378752e-05
1122,1.0,0.0033242269419133663,9.999999747378752e-05
1123,1.0,0.0036435406655073166,9.999999747378752e-05
1124,1.0,0.0017436660127714276,9.999999747378752e-05
1125,1.0,0.0022128394339233637,9.999999747378752e-05
1126,1.0,0.012187260203063488,9.999999747378752e-05
1127,1.0,0.011859303340315819,9.999999747378752e-05
1128,1.0,0.01437116228044033,9.999999747378752e-05
1129,1.0,0.008017221465706825,9.999999747378752e-05
1130,1.0,0.004683866631239653,9.999999747378752e-05
1131,1.0,0.0043855393305420876,9.999999747378752e-05
1132,1.0,0.003634351771324873,9.999999747378752e-05
1133,1.0,0.0012773460475727916,9.999999747378752e-05
1134,1.0,0.0011779608903452754,9.999999747378752e-05
1135,1.0,0.0017560257110744715,9.999999747378752e-05
1136,1.0,0.0035773259587585926,9.999999747378752e-05
1137,1.0,0.0030951101798564196,9.999999747378752e-05
1138,1.0,0.011122546158730984,9.999999747378752e-05
1139,1.0,0.001660025678575039,9.999999747378752e-05
1140,1.0,0.0031326464377343655,9.999999747378752e-05
1141,1.0,0.0040007601492106915,9.999999747378752e-05
1142,1.0,0.005221982020884752,9.999999747378752e-05
1143,1.0,0.0013977589551359415,9.999999747378752e-05
1144,1.0,0.004754611290991306,9.999999747378752e-05
1145,1.0,0.0016261026030406356,9.999999747378752e-05
1146,1.0,0.0017164320452138782,9.999999747378752e-05
1147,1.0,0.001529274508357048,9.999999747378752e-05
1148,1.0,0.002269152319058776,9.999999747378752e-05
1149,1.0,0.0017963274149224162,9.999999747378752e-05
1150,1.0,0.0026184411253780127,9.999999747378752e-05
1151,1.0,0.0009392682695761323,9.999999747378752e-05
1152,1.0,0.004690320696681738,9.999999747378752e-05
1153,1.0,0.001275087590329349,9.999999747378752e-05
1154,1.0,0.002360503887757659,9.999999747378752e-05
1155,1.0,0.002832251600921154,9.999999747378752e-05
1156,1.0,0.0021435339003801346,9.999999747378752e-05
1157,1.0,0.005376371555030346,9.999999747378752e-05
1158,1.0,0.0031706795562058687,9.999999747378752e-05
1159,1.0,0.003373087616637349,9.999999747378752e-05
1160,1.0,0.0018301174277439713,9.999999747378752e-05
1161,1.0,0.008183382451534271,9.999999747378752e-05
1162,1.0,0.0013278310652822256,9.999999747378752e-05
1163,1.0,0.005433071870356798,9.999999747378752e-05
1164,1.0,0.0012213026639074087,9.999999747378752e-05
1165,1.0,0.00377489416860044,9.999999747378752e-05
1166,1.0,0.0007789612864144146,9.999999747378752e-05
1167,1.0,0.0024628236424177885,9.999999747378752e-05
1168,1.0,0.003770793555304408,9.999999747378752e-05
1169,1.0,0.0010239696130156517,9.999999747378752e-05
1170,1.0,0.001978431362658739,9.999999747378752e-05
1171,1.0,0.002859079511836171,9.999999747378752e-05
1172,1.0,0.0012188547989353538,9.999999747378752e-05
1173,1.0,0.0023430283181369305,9.999999747378752e-05
1174,1.0,0.0019410488894209266,9.999999747378752e-05
1175,0.9926470518112183,0.025725971907377243,9.999999747378752e-05
1176,1.0,0.002975739538669586,9.999999747378752e-05
1177,1.0,0.002389708533883095,9.999999747378752e-05
1178,1.0,0.002243276219815016,9.999999747378752e-05
1179,1.0,0.00431429035961628,9.999999747378752e-05
1180,1.0,0.0042748237028717995,9.999999747378752e-05
1181,1.0,0.002820353489369154,9.999999747378752e-05
1182,1.0,0.0011497164377942681,9.999999747378752e-05
1183,1.0,0.000730379018932581,9.999999747378752e-05
1184,1.0,0.0014402111992239952,9.999999747378752e-05
1185,1.0,0.0017736535519361496,9.999999747378752e-05
1186,1.0,0.0017840415239334106,9.999999747378752e-05
1187,1.0,0.0019523345399647951,9.999999747378752e-05
1188,1.0,0.001101834699511528,9.999999747378752e-05
1189,1.0,0.001982873771339655,9.999999747378752e-05
1190,1.0,0.0008632636163383722,9.999999747378752e-05
1191,1.0,0.0021672712173312902,9.999999747378752e-05
1192,1.0,0.0019236590014770627,9.999999747378752e-05
1193,1.0,0.003906388767063618,9.999999747378752e-05
1194,1.0,0.007658329792320728,9.999999747378752e-05
1195,1.0,0.004710373468697071,9.999999747378752e-05
1196,1.0,0.010339050553739071,9.999999747378752e-05
1197,1.0,0.00965011864900589,9.999999747378752e-05
1198,0.9926470518112183,0.019007433205842972,9.999999747378752e-05
1199,1.0,0.0023493673652410507,9.999999747378752e-05
1200,1.0,0.006486573256552219,9.999999747378752e-05
1201,1.0,0.0013780584558844566,9.999999747378752e-05
1202,1.0,0.0022493309807032347,9.999999747378752e-05
1203,1.0,0.007973228581249714,9.999999747378752e-05
1204,0.9926470518112183,0.007792775984853506,9.999999747378752e-05
1205,1.0,0.0029881508089601994,9.999999747378752e-05
1206,1.0,0.0032045512925833464,9.999999747378752e-05
1207,1.0,0.00726326135918498,9.999999747378752e-05
1208,1.0,0.00639434065669775,9.999999747378752e-05
1209,1.0,0.0022580765653401613,9.999999747378752e-05
1210,1.0,0.006416989956051111,9.999999747378752e-05
1211,1.0,0.00496780825778842,9.999999747378752e-05
1212,1.0,0.0012000803835690022,9.999999747378752e-05
1213,1.0,0.001421145861968398,9.999999747378752e-05
1214,0.9779411554336548,0.03178733214735985,9.999999747378752e-05
1215,0.9926470518112183,0.025598274543881416,9.999999747378752e-05
1216,1.0,0.01209321990609169,9.999999747378752e-05
1217,1.0,0.010342190973460674,9.999999747378752e-05
1218,1.0,0.0042701964266598225,9.999999747378752e-05
1219,1.0,0.014567786827683449,9.999999747378752e-05
1220,1.0,0.004707468207925558,9.999999747378752e-05
1221,1.0,0.0020037363283336163,9.999999747378752e-05
1222,1.0,0.008598166517913342,9.999999747378752e-05
1223,1.0,0.0056060864590108395,9.999999747378752e-05
1224,1.0,0.009378312155604362,9.999999747378752e-05
1225,1.0,0.0098605677485466,9.999999747378752e-05
1226,1.0,0.004810102749615908,9.999999747378752e-05
1227,1.0,0.012633922509849072,9.999999747378752e-05
1228,1.0,0.004994631744921207,9.999999747378752e-05
1229,1.0,0.007981398142874241,9.999999747378752e-05
1230,1.0,0.005691566038876772,9.999999747378752e-05
1231,1.0,0.0025694521609693766,9.999999747378752e-05
1232,1.0,0.0015713467728346586,9.999999747378752e-05
1233,1.0,0.00457394914701581,9.999999747378752e-05
1234,1.0,0.0036807116121053696,9.999999747378752e-05
1235,1.0,0.0028955216985195875,9.999999747378752e-05
1236,1.0,0.012534941546618938,9.999999747378752e-05
1237,1.0,0.007104735821485519,9.999999747378752e-05
1238,1.0,0.004942313767969608,9.999999747378752e-05
1239,1.0,0.014790767803788185,9.999999747378752e-05
1240,1.0,0.002179411007091403,9.999999747378752e-05
1241,1.0,0.006923418492078781,9.999999747378752e-05
1242,1.0,0.002499687485396862,9.999999747378752e-05
1243,1.0,0.004843158647418022,9.999999747378752e-05
1244,1.0,0.003655577078461647,9.999999747378752e-05
1245,1.0,0.0018590993713587523,9.999999747378752e-05
1246,1.0,0.005890949163585901,9.999999747378752e-05
1247,0.9926470518112183,0.014482758939266205,9.999999747378752e-05
1248,1.0,0.0023486402351409197,9.999999747378752e-05
1249,1.0,0.007104199845343828,9.999999747378752e-05
1250,1.0,0.005707349628210068,9.999999747378752e-05
1251,1.0,0.00325217517092824,9.999999747378752e-05
1252,1.0,0.004876407328993082,9.999999747378752e-05
1253,1.0,0.000936991476919502,9.999999747378752e-05
1254,1.0,0.0013475391315296292,9.999999747378752e-05
1255,1.0,0.0029141304548829794,9.999999747378752e-05
1256,1.0,0.0015794431092217565,9.999999747378752e-05
1257,1.0,0.0008139789570122957,9.999999747378752e-05
1258,1.0,0.001714672427624464,9.999999747378752e-05
1259,1.0,0.0015145991928875446,9.999999747378752e-05
1260,1.0,0.0014510800829157233,9.999999747378752e-05
1261,1.0,0.002104099839925766,9.999999747378752e-05
1262,1.0,0.0007650584448128939,9.999999747378752e-05
1263,1.0,0.007471886463463306,9.999999747378752e-05
1264,1.0,0.013393910601735115,9.999999747378752e-05
1265,1.0,0.0011299214093014598,9.999999747378752e-05
1266,1.0,0.0070585813373327255,9.999999747378752e-05
1267,0.9926470518112183,0.012384089641273022,9.999999747378752e-05
1268,1.0,0.003999961540102959,9.999999747378752e-05
1269,1.0,0.0024487329646945,9.999999747378752e-05
1270,1.0,0.0011340636992827058,9.999999747378752e-05
1271,1.0,0.0013868603855371475,9.999999747378752e-05
1272,1.0,0.002951140282675624,9.999999747378752e-05
1273,1.0,0.000576695310883224,9.999999747378752e-05
1274,1.0,0.0025655999779701233,9.999999747378752e-05
1275,1.0,0.0018530954839661717,9.999999747378752e-05
1276,1.0,0.002995523391291499,9.999999747378752e-05
1277,1.0,0.002970712259411812,9.999999747378752e-05
1278,1.0,0.0018453797092661262,9.999999747378752e-05
1279,1.0,0.0010223095305263996,9.999999747378752e-05
1280,1.0,0.007797925733029842,9.999999747378752e-05
1281,1.0,0.0036043247673660517,9.999999747378752e-05
1282,1.0,0.00726644042879343,9.999999747378752e-05
1283,1.0,0.0011926897568628192,9.999999747378752e-05
1284,1.0,0.0017921066610142589,9.999999747378752e-05
1285,1.0,0.004190502688288689,9.999999747378752e-05
1286,1.0,0.001580019248649478,9.999999747378752e-05
1287,1.0,0.003991676494479179,9.999999747378752e-05
1288,1.0,0.0038073519244790077,9.999999747378752e-05
1289,0.9926470518112183,0.018804028630256653,9.999999747378752e-05
1290,1.0,0.0074821822345256805,9.999999747378752e-05
1291,1.0,0.005763814318925142,9.999999747378752e-05
1292,1.0,0.00146778323687613,9.999999747378752e-05
1293,0.9926470518112183,0.009785376489162445,9.999999747378752e-05
1294,1.0,0.0029922372195869684,9.999999747378752e-05
1295,1.0,0.005361098796129227,9.999999747378752e-05
1296,1.0,0.0058280606754124165,9.999999747378752e-05
1297,1.0,0.0014468841254711151,9.999999747378752e-05
1298,1.0,0.002012339187785983,9.999999747378752e-05
1299,1.0,0.0010934717720374465,9.999999747378752e-05
1300,0.9852941036224365,0.019706133753061295,9.999999747378752e-05
1301,1.0,0.004392910283058882,9.999999747378752e-05
1302,1.0,0.0020520456600934267,9.999999747378752e-05
1303,1.0,0.0023412478622049093,9.999999747378752e-05
1304,1.0,0.0033639806788414717,9.999999747378752e-05
1305,1.0,0.0013076870236545801,9.999999747378752e-05
1306,1.0,0.0023597872350364923,9.999999747378752e-05
1307,1.0,0.0024018040858209133,9.999999747378752e-05
1308,1.0,0.001417846418917179,9.999999747378752e-05
1309,1.0,0.0022842290345579386,9.999999747378752e-05
1310,1.0,0.0033234143629670143,9.999999747378752e-05
1311,1.0,0.007582228165119886,9.999999747378752e-05
1312,1.0,0.0015178630128502846,9.999999747378752e-05
1313,1.0,0.003255491843447089,9.999999747378752e-05
1314,1.0,0.001440933789126575,9.999999747378752e-05
1315,1.0,0.0035646925680339336,9.999999747378752e-05
1316,1.0,0.006792400032281876,9.999999747378752e-05
1317,1.0,0.0023802206851541996,9.999999747378752e-05
1318,1.0,0.0018665808020159602,9.999999747378752e-05
1319,1.0,0.0010052388533949852,9.999999747378752e-05
1320,1.0,0.0036248790565878153,9.999999747378752e-05
1321,1.0,0.0026614810340106487,9.999999747378752e-05
1322,1.0,0.0010507067199796438,9.999999747378752e-05
1323,1.0,0.0010132475290447474,9.999999747378752e-05
1324,1.0,0.001931266742758453,9.999999747378752e-05
1325,1.0,0.0004953836323693395,9.999999747378752e-05
1326,1.0,0.003350327257066965,9.999999747378752e-05
1327,1.0,0.007855483330786228,9.999999747378752e-05
1328,1.0,0.000915115000680089,9.999999747378752e-05
1329,1.0,0.0017961642006412148,9.999999747378752e-05
1330,1.0,0.0012340430403128266,9.999999747378752e-05
1331,1.0,0.0019067019456997514,9.999999747378752e-05
1332,1.0,0.0012552818516269326,9.999999747378752e-05
1333,1.0,0.0011958954855799675,9.999999747378752e-05
1334,1.0,0.002046751556918025,9.999999747378752e-05
1335,1.0,0.00044203054858371615,9.999999747378752e-05
1336,1.0,0.0005066861631348729,9.999999747378752e-05
1337,1.0,0.0031138621270656586,9.999999747378752e-05
1338,1.0,0.004186972044408321,9.999999747378752e-05
1339,1.0,0.0049070753157138824,9.999999747378752e-05
1340,1.0,0.0015120446914806962,9.999999747378752e-05
1341,1.0,0.0009878240525722504,9.999999747378752e-05
1342,1.0,0.001120648579671979,9.999999747378752e-05
1343,1.0,0.001702427864074707,9.999999747378752e-05
1344,1.0,0.001554504269734025,9.999999747378752e-05
1345,1.0,0.0009140138863585889,9.999999747378752e-05
1346,1.0,0.0023311269469559193,9.999999747378752e-05
1347,1.0,0.0033215892035514116,9.999999747378752e-05
1348,1.0,0.0008202263852581382,9.999999747378752e-05
1349,0.9926470518112183,0.010911890305578709,9.999999747378752e-05
1350,1.0,0.0023528356105089188,9.999999747378752e-05
1351,1.0,0.0006807550671510398,9.999999747378752e-05
1352,1.0,0.005877811927348375,9.999999747378752e-05
1353,0.9852941036224365,0.015924081206321716,9.999999747378752e-05
1354,1.0,0.0032418081536889076,9.999999747378752e-05
1355,1.0,0.0027804153505712748,9.999999747378752e-05
1356,1.0,0.004064116161316633,9.999999747378752e-05
1357,1.0,0.0009413083316758275,9.999999747378752e-05
1358,1.0,0.008594542741775513,9.999999747378752e-05
1359,1.0,0.00314879696816206,9.999999747378752e-05
1360,1.0,0.0011996424291282892,9.999999747378752e-05
1361,1.0,0.0011571777286008,9.999999747378752e-05
1362,1.0,0.0007848492823541164,9.999999747378752e-05
1363,1.0,0.0009993028361350298,9.999999747378752e-05
1364,1.0,0.001097389031201601,9.999999747378752e-05
1365,1.0,0.004296840634196997,9.999999747378752e-05
1366,1.0,0.0012061090674251318,9.999999747378752e-05
1367,1.0,0.0014640090521425009,9.999999747378752e-05
1368,1.0,0.0008784076198935509,9.999999747378752e-05
1369,1.0,0.0015336887445300817,9.999999747378752e-05
1370,1.0,0.0024669538252055645,9.999999747378752e-05
1371,1.0,0.0008512272033840418,9.999999747378752e-05
1372,1.0,0.001859150594100356,9.999999747378752e-05
1373,1.0,0.0014603184536099434,9.999999747378752e-05
1374,1.0,0.0011150690261274576,9.999999747378752e-05
1375,1.0,0.0027960934676229954,9.999999747378752e-05
1376,1.0,0.002466399921104312,9.999999747378752e-05
1377,1.0,0.0007344605401158333,9.999999747378752e-05
1378,1.0,0.0019770371727645397,9.999999747378752e-05
1379,1.0,0.0008401621016673744,9.999999747378752e-05
1380,1.0,0.005900335963815451,9.999999747378752e-05
1381,1.0,0.0026916339993476868,9.999999747378752e-05
1382,1.0,0.0009937664726749063,9.999999747378752e-05
1383,1.0,0.0016869939863681793,9.999999747378752e-05
1384,1.0,0.0011149646015837789,9.999999747378752e-05
1385,1.0,0.0015656091272830963,9.999999747378752e-05
1386,1.0,0.0008872110047377646,9.999999747378752e-05
1387,1.0,0.01658955216407776,9.999999747378752e-05
1388,1.0,0.007283167447894812,9.999999747378752e-05
1389,1.0,0.0008916692459024489,9.999999747378752e-05
1390,1.0,0.003025272162631154,9.999999747378752e-05
1391,1.0,0.001404021866619587,9.999999747378752e-05
1392,1.0,0.001214032294228673,9.999999747378752e-05
1393,1.0,0.0006883679307065904,9.999999747378752e-05
1394,1.0,0.0018975397106260061,9.999999747378752e-05
1395,1.0,0.002876101527363062,9.999999747378752e-05
1396,1.0,0.00047461813664995134,9.999999747378752e-05
1397,1.0,0.0007290826179087162,9.999999747378752e-05
1398,1.0,0.0009039888391271234,9.999999747378752e-05
1399,1.0,0.0012373512145131826,9.999999747378752e-05
1400,1.0,0.005480778403580189,9.999999747378752e-05
1401,1.0,0.003258676966652274,9.999999747378752e-05
1402,1.0,0.008844469673931599,9.999999747378752e-05
1403,0.9926470518112183,0.01685929484665394,9.999999747378752e-05
1404,1.0,0.002987946616485715,9.999999747378752e-05
1405,1.0,0.002701777033507824,9.999999747378752e-05
1406,1.0,0.004168260842561722,9.999999747378752e-05
1407,1.0,0.0014559047995135188,9.999999747378752e-05
1408,1.0,0.0021457269322127104,9.999999747378752e-05
1409,1.0,0.0031709519680589437,9.999999747378752e-05
1410,1.0,0.0007905177772045135,9.999999747378752e-05
1411,1.0,0.0006672021117992699,9.999999747378752e-05
1412,1.0,0.002695952309295535,9.999999747378752e-05
1413,1.0,0.0024805767461657524,9.999999747378752e-05
1414,1.0,0.0011437594657763839,9.999999747378752e-05
1415,1.0,0.000587871705647558,9.999999747378752e-05
1416,1.0,0.001390454825013876,9.999999747378752e-05
1417,1.0,0.0008161537116393447,9.999999747378752e-05
1418,1.0,0.0008222800679504871,9.999999747378752e-05
1419,1.0,0.0010192492045462132,9.999999747378752e-05
1420,1.0,0.0010437723249197006,9.999999747378752e-05
1421,1.0,0.0010957936756312847,9.999999747378752e-05
1422,1.0,0.002864599460735917,9.999999747378752e-05
1423,1.0,0.0017535899532958865,9.999999747378752e-05
1424,1.0,0.0012041974114254117,9.999999747378752e-05
1425,1.0,0.0004862300993409008,9.999999747378752e-05
1426,1.0,0.0015346357831731439,9.999999747378752e-05
1427,1.0,0.0012539287563413382,9.999999747378752e-05
1428,1.0,0.0015001846477389336,9.999999747378752e-05
1429,1.0,0.0016787484055384994,9.999999747378752e-05
1430,1.0,0.0006310464814305305,9.999999747378752e-05
1431,1.0,0.0014286941150203347,9.999999747378752e-05
1432,1.0,0.0011623702012002468,9.999999747378752e-05
1433,1.0,0.0007601086981594563,9.999999747378752e-05
1434,1.0,0.0028334870003163815,9.999999747378752e-05
1435,1.0,0.0003889658837579191,9.999999747378752e-05
1436,1.0,0.0015482732560485601,9.999999747378752e-05
1437,1.0,0.0008525086450390518,9.999999747378752e-05
1438,1.0,0.0007009708206169307,9.999999747378752e-05
1439,1.0,0.0043461499735713005,9.999999747378752e-05
1440,1.0,0.0009084839257411659,9.999999747378752e-05
1441,1.0,0.002481807256117463,9.999999747378752e-05
1442,1.0,0.0006999431643635035,9.999999747378752e-05
1443,1.0,0.0030706000979989767,9.999999747378752e-05
1444,1.0,0.000561754044611007,9.999999747378752e-05
1445,1.0,0.002730337670072913,9.999999747378752e-05
1446,1.0,0.0012048163916915655,9.999999747378752e-05
1447,1.0,0.000597252685111016,9.999999747378752e-05
1448,1.0,0.0025613298639655113,9.999999747378752e-05
1449,1.0,0.0010095108300447464,9.999999747378752e-05
1450,0.9926470518112183,0.024584351107478142,9.999999747378752e-05
1451,0.9852941036224365,0.024840515106916428,9.999999747378752e-05
1452,0.9852941036224365,0.0254653487354517,9.999999747378752e-05
1453,0.9852941036224365,0.030983630567789078,9.999999747378752e-05
1454,1.0,0.010576613247394562,9.999999747378752e-05
1455,1.0,0.012051365338265896,9.999999747378752e-05
1456,0.9926470518112183,0.010005254298448563,9.999999747378752e-05
1457,1.0,0.004416225478053093,9.999999747378752e-05
1458,1.0,0.008108259178698063,9.999999747378752e-05
1459,1.0,0.004634016193449497,9.999999747378752e-05
1460,1.0,0.0024113364052027464,9.999999747378752e-05
1461,1.0,0.006494460161775351,9.999999747378752e-05
1462,1.0,0.0016356374835595489,9.999999747378752e-05
1463,1.0,0.00591201800853014,9.999999747378752e-05
1464,0.9926470518112183,0.015175845474004745,9.999999747378752e-05
1465,1.0,0.0016101266955956817,9.999999747378752e-05
1466,0.9926470518112183,0.01477013435214758,9.999999747378752e-05
1467,1.0,0.008226065896451473,9.999999747378752e-05
1468,1.0,0.006803992670029402,9.999999747378752e-05
1469,1.0,0.0012825746089220047,9.999999747378752e-05
1470,1.0,0.0050238752737641335,9.999999747378752e-05
1471,1.0,0.0019952948205173016,9.999999747378752e-05
1472,1.0,0.0014969080220907927,9.999999747378752e-05
1473,1.0,0.0017203791067004204,9.999999747378752e-05
1474,0.9926470518112183,0.025037173181772232,9.999999747378752e-05
1475,0.9926470518112183,0.015320799313485622,9.999999747378752e-05
1476,1.0,0.003646381665021181,9.999999747378752e-05
1477,1.0,0.012346245348453522,9.999999747378752e-05
1478,1.0,0.006846418138593435,9.999999747378752e-05
1479,1.0,0.014095145277678967,9.999999747378752e-05
1480,0.9852941036224365,0.02545052580535412,9.999999747378752e-05
1481,1.0,0.013887831941246986,9.999999747378752e-05
1482,1.0,0.004366877023130655,9.999999747378752e-05
1483,1.0,0.005696545355021954,9.999999747378752e-05
1484,1.0,0.011180998757481575,9.999999747378752e-05
1485,1.0,0.0027431976050138474,9.999999747378752e-05
1486,1.0,0.0062377057038247585,9.999999747378752e-05
1487,0.9926470518112183,0.012831363826990128,9.999999747378752e-05
1488,1.0,0.0021645603701472282,9.999999747378752e-05
1489,1.0,0.006017997395247221,9.999999747378752e-05
1490,1.0,0.00805078074336052,9.999999747378752e-05
1491,1.0,0.001239608391188085,9.999999747378752e-05
1492,1.0,0.002078484511002898,9.999999747378752e-05
1493,1.0,0.0035950173623859882,9.999999747378752e-05
1494,1.0,0.006008857395499945,9.999999747378752e-05
1495,1.0,0.0019889443647116423,9.999999747378752e-05
1496,1.0,0.001437242142856121,9.999999747378752e-05
1497,1.0,0.0010684509761631489,9.999999747378752e-05
1498,0.9852941036224365,0.04029233008623123,9.999999747378752e-05
1499,1.0,0.003856508992612362,9.999999747378752e-05
1500,1.0,0.002723694546148181,9.999999747378752e-05
1501,1.0,0.002092363778501749,9.999999747378752e-05
1502,1.0,0.012021012604236603,9.999999747378752e-05
1503,1.0,0.002270986558869481,9.999999747378752e-05
1504,0.9926470518112183,0.009479069150984287,9.999999747378752e-05
1505,1.0,0.003041334915906191,9.999999747378752e-05
1506,1.0,0.0038011656142771244,9.999999747378752e-05
1507,1.0,0.003463990055024624,9.999999747378752e-05
1508,1.0,0.001940482878126204,9.999999747378752e-05
1509,1.0,0.0029947778675705194,9.999999747378752e-05
1510,1.0,0.0013761757872998714,9.999999747378752e-05
1511,1.0,0.0021182894706726074,9.999999747378752e-05
1512,1.0,0.000812388607300818,9.999999747378752e-05
1513,1.0,0.01007223129272461,9.999999747378752e-05
1514,1.0,0.0013418555026873946,9.999999747378752e-05
1515,1.0,0.0013238884275779128,9.999999747378752e-05
1516,1.0,0.003050397150218487,9.999999747378752e-05
1517,1.0,0.0010021113557741046,9.999999747378752e-05
1518,1.0,0.002080148784443736,9.999999747378752e-05
1519,1.0,0.006751764100044966,9.999999747378752e-05
1520,1.0,0.004402697551995516,9.999999747378752e-05
1521,1.0,0.000833222467917949,9.999999747378752e-05
1522,1.0,0.0008040186949074268,9.999999747378752e-05
1523,1.0,0.0027501708827912807,9.999999747378752e-05
1524,1.0,0.0020799769554287195,9.999999747378752e-05
1525,1.0,0.00215194933116436,9.999999747378752e-05
1526,1.0,0.0031953139696270227,9.999999747378752e-05
1527,1.0,0.0011180528672412038,9.999999747378752e-05
1528,1.0,0.0009608315885998309,9.999999747378752e-05
1529,1.0,0.0012209453852847219,9.999999747378752e-05
1530,1.0,0.0032507148571312428,9.999999747378752e-05
1531,1.0,0.0009183543152175844,9.999999747378752e-05
1532,1.0,0.0022991306614130735,9.999999747378752e-05
1533,1.0,0.005563069134950638,9.999999747378752e-05
1534,1.0,0.0033582907635718584,9.999999747378752e-05
1535,1.0,0.0014443115796893835,9.999999747378752e-05
1536,1.0,0.0018345991848036647,9.999999747378752e-05
1537,1.0,0.0014575606910511851,9.999999747378752e-05
1538,1.0,0.001278702518902719,9.999999747378752e-05
1539,1.0,0.003370850346982479,9.999999747378752e-05
1540,1.0,0.0006578194443136454,9.999999747378752e-05
1541,1.0,0.0013968107523396611,9.999999747378752e-05
1542,0.9926470518112183,0.013322596438229084,9.999999747378752e-05
1543,1.0,0.002146846614778042,9.999999747378752e-05
1544,0.9852941036224365,0.02259000763297081,9.999999747378752e-05
1545,0.9852941036224365,0.02134319208562374,9.999999747378752e-05
1546,1.0,0.004306845832616091,9.999999747378752e-05
1547,0.9926470518112183,0.014875839464366436,9.999999747378752e-05
1548,0.9852941036224365,0.05070212110877037,9.999999747378752e-05
1549,1.0,0.003232731018215418,9.999999747378752e-05
1550,1.0,0.007092679385095835,9.999999747378752e-05
1551,0.9926470518112183,0.01350068487226963,9.999999747378752e-05
1552,1.0,0.011494266800582409,9.999999747378752e-05
1553,1.0,0.00954697746783495,9.999999747378752e-05
1554,1.0,0.001796363852918148,9.999999747378752e-05
1555,1.0,0.0016396807041019201,9.999999747378752e-05
1556,1.0,0.01368984580039978,9.999999747378752e-05
1557,1.0,0.0017933768685907125,9.999999747378752e-05
1558,1.0,0.003207594621926546,9.999999747378752e-05
1559,1.0,0.0014847952406853437,9.999999747378752e-05
1560,1.0,0.004261936992406845,9.999999747378752e-05
1561,1.0,0.0017080673715099692,9.999999747378752e-05
1562,1.0,0.0010231537744402885,9.999999747378752e-05
1563,1.0,0.005233251955360174,9.999999747378752e-05
1564,1.0,0.008255593478679657,9.999999747378752e-05
1565,1.0,0.0017296576406806707,9.999999747378752e-05
1566,1.0,0.002051979536190629,9.999999747378752e-05
1567,1.0,0.0010863190982490778,9.999999747378752e-05
1568,1.0,0.005150141194462776,9.999999747378752e-05
1569,1.0,0.0016078193439170718,9.999999747378752e-05
1570,1.0,0.001564338686875999,9.999999747378752e-05
1571,1.0,0.0022428836673498154,9.999999747378752e-05
1572,1.0,0.0019947728142142296,9.999999747378752e-05
1573,1.0,0.0018742387183010578,9.999999747378752e-05
1574,1.0,0.002279249718412757,9.999999747378752e-05
1575,1.0,0.016442976891994476,9.999999747378752e-05
1576,1.0,0.0023493689950555563,9.999999747378752e-05
1577,1.0,0.0025209386367350817,9.999999747378752e-05
1578,1.0,0.005662664771080017,9.999999747378752e-05
1579,1.0,0.00432187132537365,9.999999747378752e-05
1580,1.0,0.0007788370712660253,9.999999747378752e-05
1581,1.0,0.002571588847786188,9.999999747378752e-05
1582,1.0,0.001492240116931498,9.999999747378752e-05
1583,1.0,0.0037608423735946417,9.999999747378752e-05
1584,1.0,0.0011921966215595603,9.999999747378752e-05
1585,1.0,0.011505505070090294,9.999999747378752e-05
1586,1.0,0.000794112856965512,9.999999747378752e-05
1587,1.0,0.0012082421453669667,9.999999747378752e-05
1588,1.0,0.0005105335148982704,9.999999747378752e-05
1589,1.0,0.0014867353020235896,9.999999747378752e-05
1590,1.0,0.0005888762534596026,9.999999747378752e-05
1591,1.0,0.003210345981642604,9.999999747378752e-05
1592,1.0,0.002153559820726514,9.999999747378752e-05
1593,1.0,0.0020515103824436665,9.999999747378752e-05
1594,1.0,0.0023719221353530884,9.999999747378752e-05
1595,1.0,0.0037639245856553316,9.999999747378752e-05
1596,1.0,0.001332074636593461,9.999999747378752e-05
1597,1.0,0.0018032488878816366,9.999999747378752e-05
1598,1.0,0.0012163209030404687,9.999999747378752e-05
1599,1.0,0.0008480703108943999,9.999999747378752e-05
1600,1.0,0.00149723410140723,9.999999747378752e-05
1601,1.0,0.004526270553469658,9.999999747378752e-05
1602,1.0,0.001446306356228888,9.999999747378752e-05
1603,1.0,0.0010176179930567741,9.999999747378752e-05
1604,1.0,0.0013199838576838374,9.999999747378752e-05
1605,0.970588207244873,0.05399299040436745,9.999999747378752e-05
1606,0.9926470518112183,0.031100885942578316,9.999999747378752e-05
1607,0.9852941036224365,0.06081398203969002,9.999999747378752e-05
1608,0.9926470518112183,0.025152817368507385,9.999999747378752e-05
1609,1.0,0.005888248328119516,9.999999747378752e-05
1610,1.0,0.0038078168872743845,9.999999747378752e-05
1611,1.0,0.007800515275448561,9.999999747378752e-05
1612,1.0,0.008943396620452404,9.999999747378752e-05
1613,1.0,0.00489052664488554,9.999999747378752e-05
1614,1.0,0.0075770178809762,9.999999747378752e-05
1615,1.0,0.0062144664116203785,9.999999747378752e-05
1616,1.0,0.0032178538385778666,9.999999747378752e-05
1617,1.0,0.003556519513949752,9.999999747378752e-05
1618,1.0,0.0023998674005270004,9.999999747378752e-05
1619,1.0,0.0013583814725279808,9.999999747378752e-05
1620,1.0,0.0008862806134857237,9.999999747378752e-05
1621,1.0,0.001184682478196919,9.999999747378752e-05
1622,1.0,0.0015700276708230376,9.999999747378752e-05
1623,1.0,0.0013198109809309244,9.999999747378752e-05
1624,1.0,0.0034291089978069067,9.999999747378752e-05
1625,1.0,0.001247233129106462,9.999999747378752e-05
1626,1.0,0.0016432148404419422,9.999999747378752e-05
1627,0.9852941036224365,0.027864890173077583,9.999999747378752e-05
1628,1.0,0.007394472602754831,9.999999747378752e-05
1629,1.0,0.01031915657222271,9.999999747378752e-05
1630,1.0,0.004338208585977554,9.999999747378752e-05
1631,1.0,0.004088304471224546,9.999999747378752e-05
1632,1.0,0.005992705933749676,9.999999747378752e-05
1633,0.9926470518112183,0.01074653584510088,9.999999747378752e-05
1634,1.0,0.002297337632626295,9.999999747378752e-05
1635,1.0,0.0011760885827243328,9.999999747378752e-05
1636,1.0,0.002256192034110427,9.999999747378752e-05
1637,1.0,0.005205697845667601,9.999999747378752e-05
1638,1.0,0.0031946103554219007,9.999999747378752e-05
1639,1.0,0.002663864754140377,9.999999747378752e-05
1640,1.0,0.0014637090498581529,9.999999747378752e-05
1641,1.0,0.0007545570260845125,9.999999747378752e-05
1642,1.0,0.0006883583846502006,9.999999747378752e-05
1643,1.0,0.0010658176615834236,9.999999747378752e-05
1644,1.0,0.0017691742395982146,9.999999747378752e-05
1645,1.0,0.001734473742544651,9.999999747378752e-05
1646,1.0,0.00048384745605289936,9.999999747378752e-05
1647,1.0,0.008077818900346756,9.999999747378752e-05
1648,1.0,0.0008753773872740567,9.999999747378752e-05
1649,1.0,0.0011172294616699219,9.999999747378752e-05
1650,1.0,0.002369668334722519,9.999999747378752e-05
1651,1.0,0.0018336483044549823,9.999999747378752e-05
1652,1.0,0.002869036979973316,9.999999747378752e-05
1653,1.0,0.0010360910091549158,9.999999747378752e-05
1654,1.0,0.0044083320535719395,9.999999747378752e-05
1655,1.0,0.0015856851823627949,9.999999747378752e-05
1656,1.0,0.002633920405060053,9.999999747378752e-05
1657,1.0,0.010214627720415592,9.999999747378752e-05
1658,1.0,0.006902269087731838,9.999999747378752e-05
1659,1.0,0.0039799450896680355,9.999999747378752e-05
1660,1.0,0.004009072203189135,9.999999747378752e-05
1661,1.0,0.0018478204729035497,9.999999747378752e-05
1662,1.0,0.002968875225633383,9.999999747378752e-05
1663,1.0,0.0015034829266369343,9.999999747378752e-05
1664,1.0,0.0006584464572370052,9.999999747378752e-05
1665,1.0,0.002502362011000514,9.999999747378752e-05
1666,1.0,0.0013696516398340464,9.999999747378752e-05
1667,1.0,0.002424420788884163,9.999999747378752e-05
1668,1.0,0.003253199625760317,9.999999747378752e-05
1669,1.0,0.00422311807051301,9.999999747378752e-05
1670,0.9926470518112183,0.00869002752006054,9.999999747378752e-05
1671,1.0,0.0018890885403379798,9.999999747378752e-05
1672,1.0,0.011587653309106827,9.999999747378752e-05
1673,1.0,0.004961058963090181,9.999999747378752e-05
1674,1.0,0.004963738843798637,9.999999747378752e-05
1675,1.0,0.009845909662544727,9.999999747378752e-05
1676,1.0,0.0014246657956391573,9.999999747378752e-05
1677,1.0,0.0011629306245595217,9.999999747378752e-05
1678,1.0,0.004584693815559149,9.999999747378752e-05
1679,1.0,0.003915122244507074,9.999999747378752e-05
1680,1.0,0.0017875457415357232,9.999999747378752e-05
1681,1.0,0.005797926336526871,9.999999747378752e-05
1682,1.0,0.003062209812924266,9.999999747378752e-05
1683,1.0,0.0025644025299698114,9.999999747378752e-05
1684,1.0,0.001829917193390429,9.999999747378752e-05
1685,1.0,0.0007260889979079366,9.999999747378752e-05
1686,1.0,0.002427212428301573,9.999999747378752e-05
1687,1.0,0.0013235850492492318,9.999999747378752e-05
1688,1.0,0.0006166897364892066,9.999999747378752e-05
1689,1.0,0.003374540014192462,9.999999747378752e-05
1690,1.0,0.011400194838643074,9.999999747378752e-05
1691,1.0,0.0012473317328840494,9.999999747378752e-05
1692,1.0,0.0005271344562061131,9.999999747378752e-05
1693,1.0,0.0025579091161489487,9.999999747378752e-05
1694,1.0,0.0025209500454366207,9.999999747378752e-05
1695,1.0,0.0015621442580595613,9.999999747378752e-05
1696,1.0,0.0026910232845693827,9.999999747378752e-05
1697,1.0,0.0019490626873448491,9.999999747378752e-05
1698,1.0,0.0007603465928696096,9.999999747378752e-05
1699,1.0,0.0013222693232819438,9.999999747378752e-05
1700,1.0,0.0015510822413489223,9.999999747378752e-05
1701,1.0,0.0006598408799618483,9.999999747378752e-05
1702,1.0,0.0014196988195180893,9.999999747378752e-05
1703,1.0,0.0008472357294522226,9.999999747378752e-05
1704,1.0,0.0005408111028373241,9.999999747378752e-05
1705,1.0,0.002346303313970566,9.999999747378752e-05
1706,1.0,0.0019912102725356817,9.999999747378752e-05
1707,1.0,0.0018340219976380467,9.999999747378752e-05
1708,1.0,0.0009250722941942513,9.999999747378752e-05
1709,1.0,0.002518193330615759,9.999999747378752e-05
1710,1.0,0.002446896629408002,9.999999747378752e-05
1711,1.0,0.005212520249187946,9.999999747378752e-05
1712,1.0,0.002422107383608818,9.999999747378752e-05
1713,1.0,0.005334410350769758,9.999999747378752e-05
1714,1.0,0.0019516614265739918,9.999999747378752e-05
1715,1.0,0.0008878536173142493,9.999999747378752e-05
1716,1.0,0.0067029972560703754,9.999999747378752e-05
1717,1.0,0.006334955338388681,9.999999747378752e-05
1718,1.0,0.0009690714068710804,9.999999747378752e-05
1719,1.0,0.0024334110785275698,9.999999747378752e-05
1720,1.0,0.0038329714443534613,9.999999747378752e-05
1721,1.0,0.0013149596052244306,9.999999747378752e-05
1722,0.9926470518112183,0.014484979212284088,9.999999747378752e-05
1723,1.0,0.0038568719755858183,9.999999747378752e-05
1724,1.0,0.004620547406375408,9.999999747378752e-05
1725,1.0,0.005237020086497068,9.999999747378752e-05
1726,1.0,0.00201790570281446,9.999999747378752e-05
1727,1.0,0.001369454083032906,9.999999747378752e-05
1728,1.0,0.003077668836340308,9.999999747378752e-05
1729,1.0,0.001995790982618928,9.999999747378752e-05
1730,1.0,0.0026549671310931444,9.999999747378752e-05
1731,1.0,0.0011529468465596437,9.999999747378752e-05
1732,1.0,0.0014460887759923935,9.999999747378752e-05
1733,1.0,0.001060690265148878,9.999999747378752e-05
1734,1.0,0.0019903734792023897,9.999999747378752e-05
1735,1.0,0.0006198572809807956,9.999999747378752e-05
1736,1.0,0.001989432144910097,9.999999747378752e-05
1737,1.0,0.00044753868132829666,9.999999747378752e-05
1738,1.0,0.0026329660322517157,9.999999747378752e-05
1739,1.0,0.0022230353206396103,9.999999747378752e-05
1740,1.0,0.0017043267143890262,9.999999747378752e-05
1741,1.0,0.0023398902267217636,9.999999747378752e-05
1742,1.0,0.0019196013454347849,9.999999747378752e-05
1743,1.0,0.0008481809054501355,9.999999747378752e-05
1744,1.0,0.0009932396933436394,9.999999747378752e-05
1745,1.0,0.0015699691139161587,9.999999747378752e-05
1746,1.0,0.0037708694580942392,9.999999747378752e-05
1747,1.0,0.00047047040425240993,9.999999747378752e-05
1748,1.0,0.0013417355949059129,9.999999747378752e-05
1749,1.0,0.0014623153256252408,9.999999747378752e-05
1750,1.0,0.0009179131593555212,9.999999747378752e-05
1751,1.0,0.0021981915924698114,9.999999747378752e-05
1752,0.9852941036224365,0.022589154541492462,9.999999747378752e-05
1753,1.0,0.0071991002187132835,9.999999747378752e-05
1754,1.0,0.020644323900341988,9.999999747378752e-05
1755,0.9926470518112183,0.019215626642107964,9.999999747378752e-05
1756,1.0,0.0028345719911158085,9.999999747378752e-05
1757,1.0,0.0015513176331296563,9.999999747378752e-05
1758,1.0,0.0017144304001703858,9.999999747378752e-05
1759,1.0,0.006043901201337576,9.999999747378752e-05
1760,1.0,0.0015932832611724734,9.999999747378752e-05
1761,1.0,0.001580473966896534,9.999999747378752e-05
1762,1.0,0.0016949083656072617,9.999999747378752e-05
1763,1.0,0.0011172426166012883,9.999999747378752e-05
1764,1.0,0.003171500051394105,9.999999747378752e-05
1765,1.0,0.0012322247494012117,9.999999747378752e-05
1766,1.0,0.010051441378891468,9.999999747378752e-05
1767,1.0,0.0025939818006008863,9.999999747378752e-05
1768,1.0,0.003073477651923895,9.999999747378752e-05
1769,1.0,0.008192826993763447,9.999999747378752e-05
1770,1.0,0.0016696437960490584,9.999999747378752e-05
1771,1.0,0.0018392878118902445,9.999999747378752e-05
1772,1.0,0.003853072179481387,9.999999747378752e-05
1773,1.0,0.0012222034856677055,9.999999747378752e-05
1774,1.0,0.0012667429400607944,9.999999747378752e-05
1775,1.0,0.0008977472898550332,9.999999747378752e-05
1776,1.0,0.001101957750506699,9.999999747378752e-05
1777,1.0,0.008991260081529617,9.999999747378752e-05
1778,1.0,0.0016978877829387784,9.999999747378752e-05
1779,1.0,0.004134024027734995,9.999999747378752e-05
1780,1.0,0.0011337933829054236,9.999999747378752e-05
1781,1.0,0.0012760518584400415,9.999999747378752e-05
1782,1.0,0.0018565014470368624,9.999999747378752e-05
1783,1.0,0.0017719210591167212,9.999999747378752e-05
1784,1.0,0.001196147408336401,9.999999747378752e-05
1785,1.0,0.0008984057349152863,9.999999747378752e-05
1786,1.0,0.00315049453638494,9.999999747378752e-05
1787,1.0,0.001414087018929422,9.999999747378752e-05
1788,1.0,0.0018129905220121145,9.999999747378752e-05
1789,1.0,0.0013974281027913094,9.999999747378752e-05
1790,1.0,0.0004946717526763678,9.999999747378752e-05
1791,0.9926470518112183,0.014878533780574799,9.999999747378752e-05
1792,0.9852941036224365,0.020851043984293938,9.999999747378752e-05
1793,1.0,0.010034561157226562,9.999999747378752e-05
1794,1.0,0.0060727824456989765,9.999999747378752e-05
1795,0.9926470518112183,0.012371315620839596,9.999999747378752e-05
1796,1.0,0.011834592558443546,9.999999747378752e-05
1797,1.0,0.004111211746931076,9.999999747378752e-05
1798,1.0,0.0020966161973774433,9.999999747378752e-05
1799,1.0,0.0012331927428022027,9.999999747378752e-05
1800,1.0,0.00393170490860939,9.999999747378752e-05
1801,1.0,0.001002302742563188,9.999999747378752e-05
1802,1.0,0.0013592493487522006,9.999999747378752e-05
1803,1.0,0.0008607835043221712,9.999999747378752e-05
1804,1.0,0.008696265518665314,9.999999747378752e-05
1805,1.0,0.0015890627400949597,9.999999747378752e-05
1806,1.0,0.0017094715731218457,9.999999747378752e-05
1807,1.0,0.0021561651956290007,9.999999747378752e-05
1808,1.0,0.0014494076604023576,9.999999747378752e-05
1809,1.0,0.0018114845734089613,9.999999747378752e-05
1810,1.0,0.007162141613662243,9.999999747378752e-05
1811,1.0,0.0015975916758179665,9.999999747378752e-05
1812,1.0,0.0029565670993179083,9.999999747378752e-05
1813,1.0,0.0014613285893574357,9.999999747378752e-05
1814,1.0,0.0033879654947668314,9.999999747378752e-05
1815,1.0,0.0025017752777785063,9.999999747378752e-05
1816,1.0,0.0032413590233772993,9.999999747378752e-05
1817,1.0,0.0016078518237918615,9.999999747378752e-05
1818,1.0,0.0006530003738589585,9.999999747378752e-05
1819,1.0,0.009396377019584179,9.999999747378752e-05
1820,1.0,0.0019109827699139714,9.999999747378752e-05
1821,1.0,0.003261071629822254,9.999999747378752e-05
1822,1.0,0.002889215014874935,9.999999747378752e-05
1823,1.0,0.007937348447740078,9.999999747378752e-05
1824,1.0,0.0017459522932767868,9.999999747378752e-05
1825,1.0,0.004490694031119347,9.999999747378752e-05
1826,1.0,0.001013388973660767,9.999999747378752e-05
1827,1.0,0.002602895488962531,9.999999747378752e-05
1828,1.0,0.0027209932450205088,9.999999747378752e-05
1829,1.0,0.004098387900739908,9.999999747378752e-05
1830,1.0,0.0009064334444701672,9.999999747378752e-05
1831,1.0,0.000922654930036515,9.999999747378752e-05
1832,1.0,0.0005912086926400661,9.999999747378752e-05
1833,1.0,0.00514471298083663,9.999999747378752e-05
1834,1.0,0.005036193877458572,9.999999747378752e-05
1835,1.0,0.0009604229126125574,9.999999747378752e-05
1836,1.0,0.0017071925103664398,9.999999747378752e-05
1837,1.0,0.0015749717131257057,9.999999747378752e-05
1838,1.0,0.0010009530233219266,9.999999747378752e-05
1839,1.0,0.0007749145152047276,9.999999747378752e-05
1840,1.0,0.0008966204477474093,9.999999747378752e-05
1841,1.0,0.0019976890180259943,9.999999747378752e-05
1842,1.0,0.0008255090215243399,9.999999747378752e-05
1843,1.0,0.0012360017281025648,9.999999747378752e-05
1844,1.0,0.0013138910289853811,9.999999747378752e-05
1845,1.0,0.001906943041831255,9.999999747378752e-05
1846,1.0,0.0025053098797798157,9.999999747378752e-05
1847,1.0,0.0018069606740027666,9.999999747378752e-05
1848,1.0,0.0017869414296001196,9.999999747378752e-05
1849,1.0,0.0010749291395768523,9.999999747378752e-05
1850,1.0,0.0008912525372579694,9.999999747378752e-05
1851,1.0,0.0019293306395411491,9.999999747378752e-05
1852,1.0,0.000889963936060667,9.999999747378752e-05
1853,1.0,0.0011896854266524315,9.999999747378752e-05
1854,1.0,0.007327244617044926,9.999999747378752e-05
1855,1.0,0.004220941103994846,9.999999747378752e-05
1856,1.0,0.0038850167766213417,9.999999747378752e-05
1857,1.0,0.0022120836656540632,9.999999747378752e-05
1858,1.0,0.0036152354441583157,9.999999747378752e-05
1859,1.0,0.004143643192946911,9.999999747378752e-05
1860,1.0,0.002041603671386838,9.999999747378752e-05
1861,1.0,0.0029175099916756153,9.999999747378752e-05
1862,1.0,0.0018219302874058485,9.999999747378752e-05
1863,0.9926470518112183,0.009474286809563637,9.999999747378752e-05
1864,1.0,0.005805395543575287,9.999999747378752e-05
1865,1.0,0.007271878886967897,9.999999747378752e-05
1866,0.9852941036224365,0.05408848822116852,9.999999747378752e-05
1867,0.9926470518112183,0.022411292418837547,9.999999747378752e-05
1868,1.0,0.004496776964515448,9.999999747378752e-05
1869,1.0,0.0026081791147589684,9.999999747378752e-05
1870,1.0,0.00516330823302269,9.999999747378752e-05
1871,1.0,0.005013813264667988,9.999999747378752e-05
1872,1.0,0.0016133916797116399,9.999999747378752e-05
1873,1.0,0.0026405847165733576,9.999999747378752e-05
1874,1.0,0.002755521796643734,9.999999747378752e-05
1875,1.0,0.0014119313564151525,9.999999747378752e-05
1876,1.0,0.001455784891732037,9.999999747378752e-05
1877,1.0,0.008398002944886684,9.999999747378752e-05
1878,1.0,0.0011891216272488236,9.999999747378752e-05
1879,1.0,0.005355112720280886,9.999999747378752e-05
1880,1.0,0.0015440668212249875,9.999999747378752e-05
1881,1.0,0.0014674825360998511,9.999999747378752e-05
1882,1.0,0.0038489485159516335,9.999999747378752e-05
1883,1.0,0.001020168885588646,9.999999747378752e-05
1884,1.0,0.0016171577153727412,9.999999747378752e-05
1885,1.0,0.0026769398245960474,9.999999747378752e-05
1886,1.0,0.0008083198918029666,9.999999747378752e-05
1887,1.0,0.00407084496691823,9.999999747378752e-05
1888,1.0,0.0005722726928070188,9.999999747378752e-05
1889,1.0,0.0031739170663058758,9.999999747378752e-05
1890,1.0,0.0005066570010967553,9.999999747378752e-05
1891,1.0,0.001500236801803112,9.999999747378752e-05
1892,1.0,0.003941928036510944,9.999999747378752e-05
1893,1.0,0.0007777595310471952,9.999999747378752e-05
1894,1.0,0.0010638280073180795,9.999999747378752e-05
1895,1.0,0.0009452321683056653,9.999999747378752e-05
1896,1.0,0.0010998984798789024,9.999999747378752e-05
1897,1.0,0.0011523669818416238,9.999999747378752e-05
1898,1.0,0.002452797256410122,9.999999747378752e-05
1899,1.0,0.0010419059544801712,9.999999747378752e-05
1900,1.0,0.0007988396100699902,9.999999747378752e-05
1901,0.9852941036224365,0.03078823909163475,9.999999747378752e-05
1902,1.0,0.0056098089553415775,9.999999747378752e-05
1903,1.0,0.009882919490337372,9.999999747378752e-05
1904,1.0,0.00663372315466404,9.999999747378752e-05
1905,1.0,0.013813192024827003,9.999999747378752e-05
1906,1.0,0.0019174078479409218,9.999999747378752e-05
1907,0.9852941036224365,0.03179648518562317,9.999999747378752e-05
1908,1.0,0.007910247892141342,9.999999747378752e-05
1909,0.9926470518112183,0.01801157370209694,9.999999747378752e-05
1910,1.0,0.009548009373247623,9.999999747378752e-05
1911,1.0,0.006380780600011349,9.999999747378752e-05
1912,1.0,0.0006975543801672757,9.999999747378752e-05
1913,1.0,0.0013445144286379218,9.999999747378752e-05
1914,1.0,0.007111550774425268,9.999999747378752e-05
1915,1.0,0.0053908019326627254,9.999999747378752e-05
1916,1.0,0.011344344355165958,9.999999747378752e-05
1917,1.0,0.001901218551211059,9.999999747378752e-05
1918,1.0,0.0007031864952296019,9.999999747378752e-05
1919,1.0,0.0020799918565899134,9.999999747378752e-05
1920,1.0,0.001241292105987668,9.999999747378752e-05
1921,1.0,0.0023530591279268265,9.999999747378752e-05
1922,1.0,0.0022902891505509615,9.999999747378752e-05
1923,0.9852941036224365,0.03331424295902252,9.999999747378752e-05
1924,1.0,0.0028927267994731665,9.999999747378752e-05
1925,1.0,0.005148274824023247,9.999999747378752e-05
1926,1.0,0.0021116165444254875,9.999999747378752e-05
1927,1.0,0.0014714156277477741,9.999999747378752e-05
1928,1.0,0.0035294550471007824,9.999999747378752e-05
1929,1.0,0.0030562556348741055,9.999999747378752e-05
1930,1.0,0.0012131412513554096,9.999999747378752e-05
1931,1.0,0.0012981772888451815,9.999999747378752e-05
1932,1.0,0.005825563333928585,9.999999747378752e-05
1933,1.0,0.0006315950304269791,9.999999747378752e-05
1934,1.0,0.0019956042524427176,9.999999747378752e-05
1935,1.0,0.0019765906035900116,9.999999747378752e-05
1936,1.0,0.0025850548408925533,9.999999747378752e-05
1937,1.0,0.001453193835914135,9.999999747378752e-05
1938,1.0,0.00038110994501039386,9.999999747378752e-05
1939,1.0,0.002114091068506241,9.999999747378752e-05
1940,0.9926470518112183,0.009894685819745064,9.999999747378752e-05
1941,1.0,0.005050946027040482,9.999999747378752e-05
1942,0.9926470518112183,0.014538906514644623,9.999999747378752e-05
1943,0.9926470518112183,0.01232557650655508,9.999999747378752e-05
1944,1.0,0.0028949531260877848,9.999999747378752e-05
1945,1.0,0.0021465823519974947,9.999999747378752e-05
1946,1.0,0.003922120667994022,9.999999747378752e-05
1947,1.0,0.006221379619091749,9.999999747378752e-05
1948,1.0,0.0025540045462548733,9.999999747378752e-05
1949,1.0,0.005204941611737013,9.999999747378752e-05
1950,1.0,0.0008510698680765927,9.999999747378752e-05
1951,1.0,0.0030816812068223953,9.999999747378752e-05
1952,1.0,0.0023476951755583286,9.999999747378752e-05
1953,1.0,0.0010703811421990395,9.999999747378752e-05
1954,1.0,0.0024474812671542168,9.999999747378752e-05
1955,1.0,0.005874211899936199,9.999999747378752e-05
1956,0.9926470518112183,0.018964961171150208,9.999999747378752e-05
1957,1.0,0.006277141161262989,9.999999747378752e-05
1958,1.0,0.0022455735597759485,9.999999747378752e-05
1959,1.0,0.0028964404482394457,9.999999747378752e-05
1960,1.0,0.0013716919347643852,9.999999747378752e-05
1961,1.0,0.0038000955246388912,9.999999747378752e-05
1962,1.0,0.0005109381163492799,9.999999747378752e-05
1963,1.0,0.0007987487479113042,9.999999747378752e-05
1964,1.0,0.0008505707955919206,9.999999747378752e-05
1965,1.0,0.0028861393220722675,9.999999747378752e-05
1966,1.0,0.0006218274356797338,9.999999747378752e-05
1967,1.0,0.0008396424818783998,9.999999747378752e-05
1968,1.0,0.000799747125711292,9.999999747378752e-05
1969,1.0,0.001034279353916645,9.999999747378752e-05
1970,1.0,0.0017848237184807658,9.999999747378752e-05
1971,1.0,0.002315310062840581,9.999999747378752e-05
1972,1.0,0.000409913482144475,9.999999747378752e-05
1973,1.0,0.0012122171465307474,9.999999747378752e-05
1974,1.0,0.00045098582631908357,9.999999747378752e-05
1975,1.0,0.0007830233662389219,9.999999747378752e-05
1976,1.0,0.001485518179833889,9.999999747378752e-05
1977,1.0,0.0005752764991484582,9.999999747378752e-05
1978,1.0,0.0013434276916086674,9.999999747378752e-05
1979,1.0,0.007394864223897457,9.999999747378752e-05
1980,1.0,0.0021272655576467514,9.999999747378752e-05
1981,1.0,0.0059904735535383224,9.999999747378752e-05
1982,1.0,0.0028714286163449287,9.999999747378752e-05
1983,1.0,0.0007289783097803593,9.999999747378752e-05
1984,1.0,0.0022975655738264322,9.999999747378752e-05
1985,1.0,0.021553529426455498,9.999999747378752e-05
1986,1.0,0.0005617974675260484,9.999999747378752e-05
1987,1.0,0.00502711022272706,9.999999747378752e-05
1988,1.0,0.0026648310013115406,9.999999747378752e-05
1989,1.0,0.0012036514235660434,9.999999747378752e-05
1990,1.0,0.0015777712687849998,9.999999747378752e-05
1991,1.0,0.011163545772433281,9.999999747378752e-05
1992,1.0,0.0007799583254382014,9.999999747378752e-05
1993,1.0,0.003217007964849472,9.999999747378752e-05
1994,1.0,0.001636123051866889,9.999999747378752e-05
1995,1.0,0.004497547633945942,9.999999747378752e-05
1996,1.0,0.0011580034624785185,9.999999747378752e-05
1997,1.0,0.0006954534910619259,9.999999747378752e-05
1998,1.0,0.0015394644578918815,9.999999747378752e-05
1999,1.0,0.0006426568143069744,9.999999747378752e-05
